directory,filename,best_deployment,best_throughput,best_drop_rate,better_combination,better_throughput,better_drop_rate,diff
results,performance_20260126_171630_model_schedules_g_m_resnet50_resnext50_shufflenet-v2-12_squeezenet1.0-12_t_v_x3.json,combination_67,25.69,165.0,combination_256,34.28,311.0,8.59
results,performance_20260127_094657_model_schedules_m_resnet50_resnext50_shufflenet-v2-12_squeezenet1.0-12_v_y_x3.json,combination_73,21.4,342.0,combination_127,28.05,387.0,6.650000000000002
results,performance_20260126_171630_model_schedules_g_m_resnet50_resnext50_shufflenet-v2-12_squeezenet1.0-12_t_v_x3.json,combination_67,25.69,165.0,combination_238,31.83,209.0,6.139999999999997
results,performance_20260127_020757_model_schedules_g_m_resnet50_resnext50_shufflenet-v2-12_squeezenet1.0-12_t_v_y.json,combination_394,21.77,281.0,combination_512,27.5,491.0,5.73
results,performance_20260127_091800_model_schedules_m_resnet50_resnext50_shufflenet-v2-12_squeezenet1.0-12_v_y_x2.json,combination_82,23.18,347.0,combination_128,28.76,520.0,5.580000000000002
results,performance_20260127_075412_model_schedules_g_m.json,combination_1,119.23,146.0,combination_4,124.79,177.0,5.560000000000002
results,performance_20260127_114230_model_schedules_r_t_v_y_x3.json,combination_13,19.24,536.0,combination_11,24.58,572.0,5.34
results,performance_20260127_064106_model_schedules_g_m_resnet50_resnext50_s_t.json,combination_2,22.91,386.0,combination_32,27.66,512.0,4.75
results,performance_20260127_082052_model_schedules_mnasnet_x3.json,combination_1,147.0,18.0,combination_2,151.75,59.0,4.75
results,performance_20260127_104457_model_schedules_m_resnet50_resnext50_shufflenet-v2-12_squeezenet1.0-12_v_y.json,combination_86,21.67,343.0,combination_127,26.34,404.0,4.669999999999998
results,performance_20260127_020757_model_schedules_g_m_resnet50_resnext50_shufflenet-v2-12_squeezenet1.0-12_t_v_y.json,combination_394,21.77,281.0,combination_432,26.41,483.0,4.640000000000001
results,performance_20260126_181331_model_schedules_g_m_resnet50_resnext50_shufflenet-v2-12_squeezenet1.0-12_t_v_x4.json,combination_243,29.78,186.0,combination_256,34.34,215.0,4.560000000000002
results,performance_20260127_094657_model_schedules_m_resnet50_resnext50_shufflenet-v2-12_squeezenet1.0-12_v_y_x3.json,combination_73,21.4,342.0,combination_128,25.96,564.0,4.560000000000002
results,performance_20260127_082024_model_schedules_mnasnet_x2.json,combination_1,142.59,18.0,combination_2,147.14,72.0,4.549999999999983
results,performance_20260127_064106_model_schedules_g_m_resnet50_resnext50_s_t.json,combination_2,22.91,386.0,combination_64,27.44,535.0,4.530000000000001
results,performance_20260127_094657_model_schedules_m_resnet50_resnext50_shufflenet-v2-12_squeezenet1.0-12_v_y_x3.json,combination_73,21.4,342.0,combination_119,25.76,572.0,4.360000000000003
results,performance_20260127_104457_model_schedules_m_resnet50_resnext50_shufflenet-v2-12_squeezenet1.0-12_v_y.json,combination_86,21.67,343.0,combination_128,25.97,524.0,4.299999999999997
results,performance_20260127_094657_model_schedules_m_resnet50_resnext50_shufflenet-v2-12_squeezenet1.0-12_v_y_x3.json,combination_73,21.4,342.0,combination_112,25.65,412.0,4.25
results,performance_20260126_171630_model_schedules_g_m_resnet50_resnext50_shufflenet-v2-12_squeezenet1.0-12_t_v_x3.json,combination_67,25.69,165.0,combination_168,29.9,240.0,4.209999999999997
results,performance_20260127_104457_model_schedules_m_resnet50_resnext50_shufflenet-v2-12_squeezenet1.0-12_v_y.json,combination_86,21.67,343.0,combination_63,25.87,494.0,4.199999999999999
results,performance_20260127_020757_model_schedules_g_m_resnet50_resnext50_shufflenet-v2-12_squeezenet1.0-12_t_v_y.json,combination_394,21.77,281.0,combination_495,25.93,373.0,4.16
results,performance_20260127_000756_model_schedules_g_m_resnet50_resnext50_shufflenet-v2-12_squeezenet1.0-12_t_v_y_x4.json,combination_106,23.8,278.0,combination_512,27.93,360.0,4.129999999999999
results,performance_20260127_104457_model_schedules_m_resnet50_resnext50_shufflenet-v2-12_squeezenet1.0-12_v_y.json,combination_86,21.67,343.0,combination_94,25.75,488.0,4.079999999999998
results,performance_20260126_161938_model_schedules_g_m_resnet50_resnext50_shufflenet-v2-12_squeezenet1.0-12_t_v_x2.json,combination_128,29.71,179.0,combination_247,33.78,306.0,4.07
results,performance_20260127_055918_model_schedules_g_m_resnet50_resnext50_s_t_x2.json,combination_2,24.58,385.0,combination_32,28.57,572.0,3.990000000000002
results,performance_20260127_080934_model_schedules_g_r_y.json,combination_3,19.98,315.0,combination_2,23.89,396.0,3.91
results,performance_20260127_082216_model_schedules_m_resnet50_resnext50_shufflenet-v2-12_squeezenet1.0-12_v_x2.json,combination_43,26.43,287.0,combination_64,30.23,444.0,3.8000000000000007
results,performance_20260127_072634_model_schedules_g_m_r_t_x3.json,combination_4,26.47,699.0,combination_16,30.27,1089.0,3.8000000000000007
results,performance_20260127_000756_model_schedules_g_m_resnet50_resnext50_shufflenet-v2-12_squeezenet1.0-12_t_v_y_x4.json,combination_106,23.8,278.0,combination_511,27.52,456.0,3.719999999999999
results,performance_20260127_074234_model_schedules_g_m_r.json,combination_7,29.63,684.0,combination_8,33.27,760.0,3.640000000000004
results,performance_20260127_020757_model_schedules_g_m_resnet50_resnext50_shufflenet-v2-12_squeezenet1.0-12_t_v_y.json,combination_394,21.77,281.0,combination_383,25.33,419.0,3.5599999999999987
results,performance_20260127_091800_model_schedules_m_resnet50_resnext50_shufflenet-v2-12_squeezenet1.0-12_v_y_x2.json,combination_82,23.18,347.0,combination_127,26.73,568.0,3.5500000000000007
results,performance_20260127_020757_model_schedules_g_m_resnet50_resnext50_shufflenet-v2-12_squeezenet1.0-12_t_v_y.json,combination_394,21.77,281.0,combination_364,25.31,313.0,3.539999999999999
results,performance_20260127_094657_model_schedules_m_resnet50_resnext50_shufflenet-v2-12_squeezenet1.0-12_v_y_x3.json,combination_73,21.4,342.0,combination_56,24.88,459.0,3.4800000000000004
results,performance_20260127_055918_model_schedules_g_m_resnet50_resnext50_s_t_x2.json,combination_2,24.58,385.0,combination_64,27.95,677.0,3.370000000000001
results,performance_20260127_040803_model_schedules_g_m_resnet50_resnext50_shufflenet-v2-12_squeezenet1.0-12_t_x2.json,combination_105,25.07,264.0,combination_128,28.38,575.0,3.3099999999999987
results,performance_20260127_114230_model_schedules_r_t_v_y_x3.json,combination_13,19.24,536.0,combination_15,22.52,601.0,3.280000000000001
results,performance_20260127_020757_model_schedules_g_m_resnet50_resnext50_shufflenet-v2-12_squeezenet1.0-12_t_v_y.json,combination_394,21.77,281.0,combination_328,25.01,311.0,3.240000000000002
results,performance_20260127_020757_model_schedules_g_m_resnet50_resnext50_shufflenet-v2-12_squeezenet1.0-12_t_v_y.json,combination_394,21.77,281.0,combination_468,25.0,357.0,3.2300000000000004
results,performance_20260127_072634_model_schedules_g_m_r_t_x3.json,combination_4,26.47,699.0,combination_15,29.69,830.0,3.2200000000000024
results,performance_20260127_114230_model_schedules_r_t_v_y_x3.json,combination_13,19.24,536.0,combination_16,22.44,675.0,3.200000000000003
results,performance_20260126_171630_model_schedules_g_m_resnet50_resnext50_shufflenet-v2-12_squeezenet1.0-12_t_v_x3.json,combination_67,25.69,165.0,combination_223,28.87,241.0,3.1799999999999997
results,performance_20260127_020757_model_schedules_g_m_resnet50_resnext50_shufflenet-v2-12_squeezenet1.0-12_t_v_y.json,combination_394,21.77,281.0,combination_239,24.94,359.0,3.1700000000000017
results,performance_20260127_073858_model_schedules_g_m_r_x3.json,combination_6,30.93,808.0,combination_8,34.06,879.0,3.1300000000000026
results,performance_20260127_154526_model_schedules_g_m_resnet50_resnext50_shufflenet-v2-12_squeezenet1.0-12_t_v_y_x2.json,combination_105,24.79,286.0,combination_512,27.91,731.0,3.120000000000001
results,performance_20260127_020757_model_schedules_g_m_resnet50_resnext50_shufflenet-v2-12_squeezenet1.0-12_t_v_y.json,combination_394,21.77,281.0,combination_382,24.88,336.0,3.1099999999999994
results,performance_20260127_020757_model_schedules_g_m_resnet50_resnext50_shufflenet-v2-12_squeezenet1.0-12_t_v_y.json,combination_394,21.77,281.0,combination_256,24.83,354.0,3.0599999999999987
results,performance_20260126_171630_model_schedules_g_m_resnet50_resnext50_shufflenet-v2-12_squeezenet1.0-12_t_v_x3.json,combination_67,25.69,165.0,combination_30,28.75,186.0,3.0599999999999987
results,performance_20260127_083612_model_schedules_m_resnet50_resnext50_shufflenet-v2-12_squeezenet1.0-12_v_x3.json,combination_17,26.75,270.0,combination_64,29.79,547.0,3.039999999999999
results,performance_20260127_061314_model_schedules_g_m_resnet50_resnext50_s_t_x3.json,combination_50,24.85,394.0,combination_64,27.89,684.0,3.039999999999999
results,performance_20260127_073338_model_schedules_g_m_r_t.json,combination_11,26.71,609.0,combination_16,29.73,750.0,3.0199999999999996
results,performance_20260127_114230_model_schedules_r_t_v_y_x3.json,combination_13,19.24,536.0,combination_1,22.25,573.0,3.0100000000000016
results,performance_20260127_104457_model_schedules_m_resnet50_resnext50_shufflenet-v2-12_squeezenet1.0-12_v_y.json,combination_86,21.67,343.0,combination_15,24.68,419.0,3.009999999999998
results,performance_20260127_020757_model_schedules_g_m_resnet50_resnext50_shufflenet-v2-12_squeezenet1.0-12_t_v_y.json,combination_394,21.77,281.0,combination_511,24.74,524.0,2.969999999999999
results,performance_20260127_073338_model_schedules_g_m_r_t.json,combination_11,26.71,609.0,combination_8,29.65,768.0,2.9399999999999977
results,performance_20260127_020757_model_schedules_g_m_resnet50_resnext50_shufflenet-v2-12_squeezenet1.0-12_t_v_y.json,combination_394,21.77,281.0,combination_496,24.7,373.0,2.9299999999999997
results,performance_20260127_101556_model_schedules_m_resnet50_resnext50_shufflenet-v2-12_squeezenet1.0-12_v_y_x4.json,combination_46,23.65,343.0,combination_127,26.52,525.0,2.870000000000001
results,performance_20260126_171630_model_schedules_g_m_resnet50_resnext50_shufflenet-v2-12_squeezenet1.0-12_t_v_x3.json,combination_67,25.69,165.0,combination_104,28.56,225.0,2.8699999999999974
results,performance_20260127_094657_model_schedules_m_resnet50_resnext50_shufflenet-v2-12_squeezenet1.0-12_v_y_x3.json,combination_73,21.4,342.0,combination_29,24.25,403.0,2.8500000000000014
results,performance_20260127_020757_model_schedules_g_m_resnet50_resnext50_shufflenet-v2-12_squeezenet1.0-12_t_v_y.json,combination_394,21.77,281.0,combination_128,24.61,325.0,2.84
results,performance_20260127_020757_model_schedules_g_m_resnet50_resnext50_shufflenet-v2-12_squeezenet1.0-12_t_v_y.json,combination_394,21.77,281.0,combination_214,24.6,320.0,2.830000000000002
results,performance_20260126_171630_model_schedules_g_m_resnet50_resnext50_shufflenet-v2-12_squeezenet1.0-12_t_v_x3.json,combination_67,25.69,165.0,combination_150,28.52,192.0,2.8299999999999983
results,performance_20260127_085008_model_schedules_m_resnet50_resnext50_shufflenet-v2-12_squeezenet1.0-12_v_x4.json,combination_24,28.89,265.0,combination_64,31.69,347.0,2.8000000000000007
results,performance_20260127_064106_model_schedules_g_m_resnet50_resnext50_s_t.json,combination_2,22.91,386.0,combination_46,25.7,601.0,2.789999999999999
results,performance_20260127_020757_model_schedules_g_m_resnet50_resnext50_shufflenet-v2-12_squeezenet1.0-12_t_v_y.json,combination_394,21.77,281.0,combination_431,24.54,471.0,2.7699999999999996
results,performance_20260127_050340_model_schedules_g_m_resnet50_resnext50_shufflenet-v2-12_squeezenet1.0-12_t_x4.json,combination_13,25.93,266.0,combination_126,28.7,577.0,2.7699999999999996
results,performance_20260127_070902_model_schedules_g_m_resnet50_resnext50_t_x4.json,combination_12,24.59,633.0,combination_32,27.36,880.0,2.7699999999999996
results,performance_20260126_171630_model_schedules_g_m_resnet50_resnext50_shufflenet-v2-12_squeezenet1.0-12_t_v_x3.json,combination_67,25.69,165.0,combination_100,28.4,219.0,2.7099999999999973
results,performance_20260127_104457_model_schedules_m_resnet50_resnext50_shufflenet-v2-12_squeezenet1.0-12_v_y.json,combination_86,21.67,343.0,combination_96,24.37,546.0,2.6999999999999993
results,performance_20260127_112810_model_schedules_m_r_t_y_x4.json,combination_11,18.03,825.0,combination_9,20.73,907.0,2.6999999999999993
results,performance_20260126_171630_model_schedules_g_m_resnet50_resnext50_shufflenet-v2-12_squeezenet1.0-12_t_v_x3.json,combination_67,25.69,165.0,combination_208,28.37,391.0,2.6799999999999997
results,performance_20260127_020757_model_schedules_g_m_resnet50_resnext50_shufflenet-v2-12_squeezenet1.0-12_t_v_y.json,combination_394,21.77,281.0,combination_67,24.42,460.0,2.650000000000002
results,performance_20260127_064106_model_schedules_g_m_resnet50_resnext50_s_t.json,combination_2,22.91,386.0,combination_56,25.54,551.0,2.629999999999999
results,performance_20260126_161938_model_schedules_g_m_resnet50_resnext50_shufflenet-v2-12_squeezenet1.0-12_t_v_x2.json,combination_128,29.71,179.0,combination_256,32.3,254.0,2.5899999999999963
results,performance_20260127_020757_model_schedules_g_m_resnet50_resnext50_shufflenet-v2-12_squeezenet1.0-12_t_v_y.json,combination_394,21.77,281.0,combination_66,24.33,335.0,2.5599999999999987
results,performance_20260127_112810_model_schedules_m_r_t_y_x4.json,combination_11,18.03,825.0,combination_14,20.59,883.0,2.5599999999999987
results,performance_20260127_020757_model_schedules_g_m_resnet50_resnext50_shufflenet-v2-12_squeezenet1.0-12_t_v_y.json,combination_394,21.77,281.0,combination_70,24.29,328.0,2.5199999999999996
results,performance_20260127_082216_model_schedules_m_resnet50_resnext50_shufflenet-v2-12_squeezenet1.0-12_v_x2.json,combination_43,26.43,287.0,combination_33,28.93,570.0,2.5
results,performance_20260127_064106_model_schedules_g_m_resnet50_resnext50_s_t.json,combination_2,22.91,386.0,combination_14,25.35,425.0,2.4400000000000013
results,performance_20260127_091800_model_schedules_m_resnet50_resnext50_shufflenet-v2-12_squeezenet1.0-12_v_y_x2.json,combination_82,23.18,347.0,combination_126,25.61,449.0,2.4299999999999997
results,performance_20260127_073338_model_schedules_g_m_r_t.json,combination_11,26.71,609.0,combination_7,29.1,698.0,2.3900000000000006
results,performance_20260126_171630_model_schedules_g_m_resnet50_resnext50_shufflenet-v2-12_squeezenet1.0-12_t_v_x3.json,combination_67,25.69,165.0,combination_240,28.08,300.0,2.389999999999997
results,performance_20260127_020757_model_schedules_g_m_resnet50_resnext50_shufflenet-v2-12_squeezenet1.0-12_t_v_y.json,combination_394,21.77,281.0,combination_165,24.15,330.0,2.379999999999999
results,performance_20260127_020757_model_schedules_g_m_resnet50_resnext50_shufflenet-v2-12_squeezenet1.0-12_t_v_y.json,combination_394,21.77,281.0,combination_479,24.14,558.0,2.370000000000001
results,performance_20260127_020757_model_schedules_g_m_resnet50_resnext50_shufflenet-v2-12_squeezenet1.0-12_t_v_y.json,combination_394,21.77,281.0,combination_445,24.12,337.0,2.3500000000000014
results,performance_20260126_171630_model_schedules_g_m_resnet50_resnext50_shufflenet-v2-12_squeezenet1.0-12_t_v_x3.json,combination_67,25.69,165.0,combination_191,28.03,354.0,2.34
results,performance_20260127_074234_model_schedules_g_m_r.json,combination_7,29.63,684.0,combination_4,31.96,743.0,2.330000000000002
results,performance_20260127_064106_model_schedules_g_m_resnet50_resnext50_s_t.json,combination_2,22.91,386.0,combination_39,25.24,597.0,2.3299999999999983
results,performance_20260127_020757_model_schedules_g_m_resnet50_resnext50_shufflenet-v2-12_squeezenet1.0-12_t_v_y.json,combination_394,21.77,281.0,combination_127,24.07,435.0,2.3000000000000007
results,performance_20260127_020757_model_schedules_g_m_resnet50_resnext50_shufflenet-v2-12_squeezenet1.0-12_t_v_y.json,combination_394,21.77,281.0,combination_484,24.02,333.0,2.25
results,performance_20260127_020757_model_schedules_g_m_resnet50_resnext50_shufflenet-v2-12_squeezenet1.0-12_t_v_y.json,combination_394,21.77,281.0,combination_86,24.02,435.0,2.25
results,performance_20260127_020757_model_schedules_g_m_resnet50_resnext50_shufflenet-v2-12_squeezenet1.0-12_t_v_y.json,combination_394,21.77,281.0,combination_184,24.01,674.0,2.240000000000002
results,performance_20260127_083612_model_schedules_m_resnet50_resnext50_shufflenet-v2-12_squeezenet1.0-12_v_x3.json,combination_17,26.75,270.0,combination_62,28.98,378.0,2.2300000000000004
results,performance_20260127_073338_model_schedules_g_m_r_t.json,combination_11,26.71,609.0,combination_15,28.93,723.0,2.219999999999999
results,performance_20260127_020757_model_schedules_g_m_resnet50_resnext50_shufflenet-v2-12_squeezenet1.0-12_t_v_y.json,combination_394,21.77,281.0,combination_143,23.99,398.0,2.219999999999999
results,performance_20260127_104457_model_schedules_m_resnet50_resnext50_shufflenet-v2-12_squeezenet1.0-12_v_y.json,combination_86,21.67,343.0,combination_32,23.89,517.0,2.219999999999999
results,performance_20260127_020757_model_schedules_g_m_resnet50_resnext50_shufflenet-v2-12_squeezenet1.0-12_t_v_y.json,combination_394,21.77,281.0,combination_288,23.97,408.0,2.1999999999999993
results,performance_20260127_062710_model_schedules_g_m_resnet50_resnext50_s_t_x4.json,combination_48,25.29,383.0,combination_64,27.47,578.0,2.1799999999999997
results,performance_20260127_040803_model_schedules_g_m_resnet50_resnext50_shufflenet-v2-12_squeezenet1.0-12_t_x2.json,combination_105,25.07,264.0,combination_10,27.24,302.0,2.169999999999998
results,performance_20260127_040803_model_schedules_g_m_resnet50_resnext50_shufflenet-v2-12_squeezenet1.0-12_t_x2.json,combination_105,25.07,264.0,combination_44,27.23,295.0,2.16
results,performance_20260127_083612_model_schedules_m_resnet50_resnext50_shufflenet-v2-12_squeezenet1.0-12_v_x3.json,combination_17,26.75,270.0,combination_3,28.89,313.0,2.1400000000000006
results,performance_20260127_070202_model_schedules_g_m_resnet50_resnext50_t_x3.json,combination_14,24.77,636.0,combination_32,26.9,1045.0,2.129999999999999
results,performance_20260127_064106_model_schedules_g_m_resnet50_resnext50_s_t.json,combination_2,22.91,386.0,combination_50,25.04,430.0,2.129999999999999
results,performance_20260127_082216_model_schedules_m_resnet50_resnext50_shufflenet-v2-12_squeezenet1.0-12_v_x2.json,combination_43,26.43,287.0,combination_48,28.54,299.0,2.1099999999999994
results,performance_20260127_020757_model_schedules_g_m_resnet50_resnext50_shufflenet-v2-12_squeezenet1.0-12_t_v_y.json,combination_394,21.77,281.0,combination_376,23.86,414.0,2.09
results,performance_20260127_191853_model_schedules_g_m_resnet50_resnext50_shufflenet-v2-12_squeezenet1.0-12_t_v.json,combination_95,28.2,173.0,combination_120,30.28,267.0,2.080000000000002
results,performance_20260127_020757_model_schedules_g_m_resnet50_resnext50_shufflenet-v2-12_squeezenet1.0-12_t_v_y.json,combination_394,21.77,281.0,combination_75,23.85,358.0,2.080000000000002
results,performance_20260127_072634_model_schedules_g_m_r_t_x3.json,combination_4,26.47,699.0,combination_7,28.55,845.0,2.080000000000002
results,performance_20260127_094657_model_schedules_m_resnet50_resnext50_shufflenet-v2-12_squeezenet1.0-12_v_y_x3.json,combination_73,21.4,342.0,combination_123,23.48,408.0,2.080000000000002
results,performance_20260127_043551_model_schedules_g_m_resnet50_resnext50_shufflenet-v2-12_squeezenet1.0-12_t_x3.json,combination_94,26.85,291.0,combination_52,28.92,382.0,2.0700000000000003
results,performance_20260127_020757_model_schedules_g_m_resnet50_resnext50_shufflenet-v2-12_squeezenet1.0-12_t_v_y.json,combination_394,21.77,281.0,combination_423,23.84,339.0,2.0700000000000003
results,performance_20260127_094657_model_schedules_m_resnet50_resnext50_shufflenet-v2-12_squeezenet1.0-12_v_y_x3.json,combination_73,21.4,342.0,combination_126,23.47,404.0,2.0700000000000003
results,performance_20260127_070902_model_schedules_g_m_resnet50_resnext50_t_x4.json,combination_12,24.59,633.0,combination_16,26.65,693.0,2.0599999999999987
results,performance_20260126_171630_model_schedules_g_m_resnet50_resnext50_shufflenet-v2-12_squeezenet1.0-12_t_v_x3.json,combination_67,25.69,165.0,combination_255,27.74,252.0,2.049999999999997
results,performance_20260127_094657_model_schedules_m_resnet50_resnext50_shufflenet-v2-12_squeezenet1.0-12_v_y_x3.json,combination_73,21.4,342.0,combination_44,23.44,422.0,2.0400000000000027
results,performance_20260127_020757_model_schedules_g_m_resnet50_resnext50_shufflenet-v2-12_squeezenet1.0-12_t_v_y.json,combination_394,21.77,281.0,combination_185,23.8,481.0,2.030000000000001
results,performance_20260127_104457_model_schedules_m_resnet50_resnext50_shufflenet-v2-12_squeezenet1.0-12_v_y.json,combination_86,21.67,343.0,combination_54,23.7,543.0,2.0299999999999976
results,performance_20260127_055918_model_schedules_g_m_resnet50_resnext50_s_t_x2.json,combination_2,24.58,385.0,combination_8,26.6,434.0,2.020000000000003
results,performance_20260127_020757_model_schedules_g_m_resnet50_resnext50_shufflenet-v2-12_squeezenet1.0-12_t_v_y.json,combination_394,21.77,281.0,combination_379,23.79,358.0,2.0199999999999996
results,performance_20260127_072634_model_schedules_g_m_r_t_x3.json,combination_4,26.47,699.0,combination_8,28.46,911.0,1.990000000000002
results,performance_20260126_161938_model_schedules_g_m_resnet50_resnext50_shufflenet-v2-12_squeezenet1.0-12_t_v_x2.json,combination_128,29.71,179.0,combination_112,31.7,263.0,1.9899999999999984
results,performance_20260127_082216_model_schedules_m_resnet50_resnext50_shufflenet-v2-12_squeezenet1.0-12_v_x2.json,combination_43,26.43,287.0,combination_63,28.41,301.0,1.9800000000000004
results,performance_20260127_020757_model_schedules_g_m_resnet50_resnext50_shufflenet-v2-12_squeezenet1.0-12_t_v_y.json,combination_394,21.77,281.0,combination_464,23.75,493.0,1.9800000000000004
results,performance_20260127_072302_model_schedules_g_m_r_t_x2.json,combination_12,28.43,655.0,combination_16,30.41,837.0,1.9800000000000004
results,performance_20260126_171630_model_schedules_g_m_resnet50_resnext50_shufflenet-v2-12_squeezenet1.0-12_t_v_x3.json,combination_67,25.69,165.0,combination_220,27.67,191.0,1.9800000000000004
results,performance_20260127_191853_model_schedules_g_m_resnet50_resnext50_shufflenet-v2-12_squeezenet1.0-12_t_v.json,combination_95,28.2,173.0,combination_254,30.16,376.0,1.9600000000000009
results,performance_20260127_094657_model_schedules_m_resnet50_resnext50_shufflenet-v2-12_squeezenet1.0-12_v_y_x3.json,combination_73,21.4,342.0,combination_90,23.36,586.0,1.9600000000000009
results,performance_20260127_083612_model_schedules_m_resnet50_resnext50_shufflenet-v2-12_squeezenet1.0-12_v_x3.json,combination_17,26.75,270.0,combination_61,28.7,328.0,1.9499999999999993
results,performance_20260126_171630_model_schedules_g_m_resnet50_resnext50_shufflenet-v2-12_squeezenet1.0-12_t_v_x3.json,combination_67,25.69,165.0,combination_127,27.64,370.0,1.9499999999999993
results,performance_20260127_020757_model_schedules_g_m_resnet50_resnext50_shufflenet-v2-12_squeezenet1.0-12_t_v_y.json,combination_394,21.77,281.0,combination_488,23.71,394.0,1.9400000000000013
results,performance_20260127_050340_model_schedules_g_m_resnet50_resnext50_shufflenet-v2-12_squeezenet1.0-12_t_x4.json,combination_13,25.93,266.0,combination_122,27.87,393.0,1.9400000000000013
results,performance_20260127_064106_model_schedules_g_m_resnet50_resnext50_s_t.json,combination_2,22.91,386.0,combination_62,24.84,422.0,1.9299999999999997
results,performance_20260127_091800_model_schedules_m_resnet50_resnext50_shufflenet-v2-12_squeezenet1.0-12_v_y_x2.json,combination_82,23.18,347.0,combination_1,25.11,376.0,1.9299999999999997
results,performance_20260127_094657_model_schedules_m_resnet50_resnext50_shufflenet-v2-12_squeezenet1.0-12_v_y_x3.json,combination_73,21.4,342.0,combination_63,23.31,392.0,1.9100000000000001
results,performance_20260127_020757_model_schedules_g_m_resnet50_resnext50_shufflenet-v2-12_squeezenet1.0-12_t_v_y.json,combination_394,21.77,281.0,combination_168,23.66,523.0,1.8900000000000006
results,performance_20260127_094657_model_schedules_m_resnet50_resnext50_shufflenet-v2-12_squeezenet1.0-12_v_y_x3.json,combination_73,21.4,342.0,combination_79,23.28,441.0,1.8800000000000026
results,performance_20260126_220749_model_schedules_g_m_resnet50_resnext50_shufflenet-v2-12_squeezenet1.0-12_t_v_y_x3.json,combination_102,24.55,272.0,combination_255,26.43,333.0,1.879999999999999
results,performance_20260127_020757_model_schedules_g_m_resnet50_resnext50_shufflenet-v2-12_squeezenet1.0-12_t_v_y.json,combination_394,21.77,281.0,combination_284,23.63,314.0,1.8599999999999994
results,performance_20260127_020757_model_schedules_g_m_resnet50_resnext50_shufflenet-v2-12_squeezenet1.0-12_t_v_y.json,combination_394,21.77,281.0,combination_447,23.63,373.0,1.8599999999999994
results,performance_20260127_065502_model_schedules_g_m_resnet50_resnext50_t_x2.json,combination_19,24.41,640.0,combination_32,26.27,1006.0,1.8599999999999994
results,performance_20260127_072302_model_schedules_g_m_r_t_x2.json,combination_12,28.43,655.0,combination_7,30.29,849.0,1.8599999999999994
results,performance_20260127_020757_model_schedules_g_m_resnet50_resnext50_shufflenet-v2-12_squeezenet1.0-12_t_v_y.json,combination_394,21.77,281.0,combination_251,23.6,355.0,1.8300000000000018
results,performance_20260127_020757_model_schedules_g_m_resnet50_resnext50_shufflenet-v2-12_squeezenet1.0-12_t_v_y.json,combination_394,21.77,281.0,combination_191,23.59,445.0,1.8200000000000003
results,performance_20260127_050340_model_schedules_g_m_resnet50_resnext50_shufflenet-v2-12_squeezenet1.0-12_t_x4.json,combination_13,25.93,266.0,combination_128,27.75,453.0,1.8200000000000003
results,performance_20260126_171630_model_schedules_g_m_resnet50_resnext50_shufflenet-v2-12_squeezenet1.0-12_t_v_x3.json,combination_67,25.69,165.0,combination_234,27.51,212.0,1.8200000000000003
results,performance_20260127_154526_model_schedules_g_m_resnet50_resnext50_shufflenet-v2-12_squeezenet1.0-12_t_v_y_x2.json,combination_105,24.79,286.0,combination_511,26.6,549.0,1.8100000000000023
results,performance_20260127_020757_model_schedules_g_m_resnet50_resnext50_shufflenet-v2-12_squeezenet1.0-12_t_v_y.json,combination_394,21.77,281.0,combination_235,23.58,462.0,1.8099999999999987
results,performance_20260127_070202_model_schedules_g_m_resnet50_resnext50_t_x3.json,combination_14,24.77,636.0,combination_16,26.57,1142.0,1.8000000000000007
results,performance_20260127_020757_model_schedules_g_m_resnet50_resnext50_shufflenet-v2-12_squeezenet1.0-12_t_v_y.json,combination_394,21.77,281.0,combination_16,23.56,394.0,1.7899999999999991
results,performance_20260127_050340_model_schedules_g_m_resnet50_resnext50_shufflenet-v2-12_squeezenet1.0-12_t_x4.json,combination_13,25.93,266.0,combination_80,27.7,432.0,1.7699999999999996
results,performance_20260127_104457_model_schedules_m_resnet50_resnext50_shufflenet-v2-12_squeezenet1.0-12_v_y.json,combination_86,21.67,343.0,combination_16,23.44,441.0,1.7699999999999996
results,performance_20260127_000756_model_schedules_g_m_resnet50_resnext50_shufflenet-v2-12_squeezenet1.0-12_t_v_y_x4.json,combination_106,23.8,278.0,combination_383,25.57,419.0,1.7699999999999996
results,performance_20260127_094657_model_schedules_m_resnet50_resnext50_shufflenet-v2-12_squeezenet1.0-12_v_y_x3.json,combination_73,21.4,342.0,combination_64,23.15,444.0,1.75
results,performance_20260127_082216_model_schedules_m_resnet50_resnext50_shufflenet-v2-12_squeezenet1.0-12_v_x2.json,combination_43,26.43,287.0,combination_56,28.17,380.0,1.740000000000002
results,performance_20260127_094657_model_schedules_m_resnet50_resnext50_shufflenet-v2-12_squeezenet1.0-12_v_y_x3.json,combination_73,21.4,342.0,combination_95,23.14,473.0,1.740000000000002
results,performance_20260127_113858_model_schedules_r_t_v_y_x2.json,combination_12,24.57,511.0,combination_16,26.28,559.0,1.7100000000000009
results,performance_20260127_094657_model_schedules_m_resnet50_resnext50_shufflenet-v2-12_squeezenet1.0-12_v_y_x3.json,combination_73,21.4,342.0,combination_60,23.11,485.0,1.7100000000000009
results,performance_20260127_094657_model_schedules_m_resnet50_resnext50_shufflenet-v2-12_squeezenet1.0-12_v_y_x3.json,combination_73,21.4,342.0,combination_48,23.09,418.0,1.6900000000000013
results,performance_20260127_091800_model_schedules_m_resnet50_resnext50_shufflenet-v2-12_squeezenet1.0-12_v_y_x2.json,combination_82,23.18,347.0,combination_124,24.87,425.0,1.6900000000000013
results,performance_20260127_074422_model_schedules_g_m_t_x2.json,combination_6,101.29,216.0,combination_4,102.98,249.0,1.6899999999999977
results,performance_20260127_113858_model_schedules_r_t_v_y_x2.json,combination_12,24.57,511.0,combination_15,26.25,525.0,1.6799999999999997
results,performance_20260127_020757_model_schedules_g_m_resnet50_resnext50_shufflenet-v2-12_squeezenet1.0-12_t_v_y.json,combination_394,21.77,281.0,combination_216,23.45,498.0,1.6799999999999997
results,performance_20260126_171630_model_schedules_g_m_resnet50_resnext50_shufflenet-v2-12_squeezenet1.0-12_t_v_x3.json,combination_67,25.69,165.0,combination_247,27.36,205.0,1.6699999999999982
results,performance_20260127_064106_model_schedules_g_m_resnet50_resnext50_s_t.json,combination_2,22.91,386.0,combination_5,24.57,586.0,1.6600000000000001
results,performance_20260126_171630_model_schedules_g_m_resnet50_resnext50_shufflenet-v2-12_squeezenet1.0-12_t_v_x3.json,combination_67,25.69,165.0,combination_153,27.35,306.0,1.6600000000000001
results,performance_20260126_171630_model_schedules_g_m_resnet50_resnext50_shufflenet-v2-12_squeezenet1.0-12_t_v_x3.json,combination_67,25.69,165.0,combination_36,27.33,197.0,1.639999999999997
results,performance_20260127_154526_model_schedules_g_m_resnet50_resnext50_shufflenet-v2-12_squeezenet1.0-12_t_v_y_x2.json,combination_105,24.79,286.0,combination_256,26.42,328.0,1.6300000000000026
results,performance_20260126_171630_model_schedules_g_m_resnet50_resnext50_shufflenet-v2-12_squeezenet1.0-12_t_v_x3.json,combination_67,25.69,165.0,combination_228,27.31,231.0,1.6199999999999974
results,performance_20260127_020757_model_schedules_g_m_resnet50_resnext50_shufflenet-v2-12_squeezenet1.0-12_t_v_y.json,combination_394,21.77,281.0,combination_152,23.38,358.0,1.6099999999999994
results,performance_20260126_171630_model_schedules_g_m_resnet50_resnext50_shufflenet-v2-12_squeezenet1.0-12_t_v_x3.json,combination_67,25.69,165.0,combination_254,27.3,229.0,1.6099999999999994
results,performance_20260127_020757_model_schedules_g_m_resnet50_resnext50_shufflenet-v2-12_squeezenet1.0-12_t_v_y.json,combination_394,21.77,281.0,combination_436,23.36,477.0,1.5899999999999999
results,performance_20260127_094657_model_schedules_m_resnet50_resnext50_shufflenet-v2-12_squeezenet1.0-12_v_y_x3.json,combination_73,21.4,342.0,combination_76,22.98,415.0,1.5800000000000018
results,performance_20260127_000756_model_schedules_g_m_resnet50_resnext50_shufflenet-v2-12_squeezenet1.0-12_t_v_y_x4.json,combination_106,23.8,278.0,combination_239,25.38,314.0,1.5799999999999983
results,performance_20260127_114230_model_schedules_r_t_v_y_x3.json,combination_13,19.24,536.0,combination_5,20.81,631.0,1.5700000000000003
results,performance_20260127_082216_model_schedules_m_resnet50_resnext50_shufflenet-v2-12_squeezenet1.0-12_v_x2.json,combination_43,26.43,287.0,combination_62,27.99,344.0,1.5599999999999987
results,performance_20260127_104457_model_schedules_m_resnet50_resnext50_shufflenet-v2-12_squeezenet1.0-12_v_y.json,combination_86,21.67,343.0,combination_111,23.23,425.0,1.5599999999999987
results,performance_20260126_161938_model_schedules_g_m_resnet50_resnext50_shufflenet-v2-12_squeezenet1.0-12_t_v_x2.json,combination_128,29.71,179.0,combination_240,31.27,335.0,1.5599999999999987
results,performance_20260127_094657_model_schedules_m_resnet50_resnext50_shufflenet-v2-12_squeezenet1.0-12_v_y_x3.json,combination_73,21.4,342.0,combination_87,22.94,468.0,1.5400000000000027
results,performance_20260127_020757_model_schedules_g_m_resnet50_resnext50_shufflenet-v2-12_squeezenet1.0-12_t_v_y.json,combination_394,21.77,281.0,combination_509,23.3,512.0,1.5300000000000011
results,performance_20260127_104457_model_schedules_m_resnet50_resnext50_shufflenet-v2-12_squeezenet1.0-12_v_y.json,combination_86,21.67,343.0,combination_65,23.19,451.0,1.5199999999999996
results,performance_20260127_000756_model_schedules_g_m_resnet50_resnext50_shufflenet-v2-12_squeezenet1.0-12_t_v_y_x4.json,combination_106,23.8,278.0,combination_462,25.32,335.0,1.5199999999999996
results,performance_20260127_020757_model_schedules_g_m_resnet50_resnext50_shufflenet-v2-12_squeezenet1.0-12_t_v_y.json,combination_394,21.77,281.0,combination_255,23.27,459.0,1.5
results,performance_20260127_020757_model_schedules_g_m_resnet50_resnext50_shufflenet-v2-12_squeezenet1.0-12_t_v_y.json,combination_394,21.77,281.0,combination_43,23.27,496.0,1.5
results,performance_20260127_112810_model_schedules_m_r_t_y_x4.json,combination_11,18.03,825.0,combination_13,19.53,866.0,1.5
results,performance_20260127_112810_model_schedules_m_r_t_y_x4.json,combination_11,18.03,825.0,combination_16,19.53,872.0,1.5
results,performance_20260127_020757_model_schedules_g_m_resnet50_resnext50_shufflenet-v2-12_squeezenet1.0-12_t_v_y.json,combination_394,21.77,281.0,combination_192,23.26,361.0,1.490000000000002
results,performance_20260127_094657_model_schedules_m_resnet50_resnext50_shufflenet-v2-12_squeezenet1.0-12_v_y_x3.json,combination_73,21.4,342.0,combination_121,22.88,470.0,1.4800000000000004
results,performance_20260127_020757_model_schedules_g_m_resnet50_resnext50_shufflenet-v2-12_squeezenet1.0-12_t_v_y.json,combination_394,21.77,281.0,combination_182,23.24,344.0,1.4699999999999989
results,performance_20260127_020757_model_schedules_g_m_resnet50_resnext50_shufflenet-v2-12_squeezenet1.0-12_t_v_y.json,combination_394,21.77,281.0,combination_380,23.24,377.0,1.4699999999999989
results,performance_20260126_171630_model_schedules_g_m_resnet50_resnext50_shufflenet-v2-12_squeezenet1.0-12_t_v_x3.json,combination_67,25.69,165.0,combination_122,27.15,289.0,1.4599999999999973
results,performance_20260127_020757_model_schedules_g_m_resnet50_resnext50_shufflenet-v2-12_squeezenet1.0-12_t_v_y.json,combination_394,21.77,281.0,combination_244,23.22,456.0,1.4499999999999993
results,performance_20260127_020757_model_schedules_g_m_resnet50_resnext50_shufflenet-v2-12_squeezenet1.0-12_t_v_y.json,combination_394,21.77,281.0,combination_347,23.2,371.0,1.4299999999999997
results,performance_20260127_064106_model_schedules_g_m_resnet50_resnext50_s_t.json,combination_2,22.91,386.0,combination_49,24.34,653.0,1.4299999999999997
results,performance_20260127_094657_model_schedules_m_resnet50_resnext50_shufflenet-v2-12_squeezenet1.0-12_v_y_x3.json,combination_73,21.4,342.0,combination_5,22.83,408.0,1.4299999999999997
results,performance_20260127_020757_model_schedules_g_m_resnet50_resnext50_shufflenet-v2-12_squeezenet1.0-12_t_v_y.json,combination_394,21.77,281.0,combination_358,23.19,441.0,1.4200000000000017
results,performance_20260127_094657_model_schedules_m_resnet50_resnext50_shufflenet-v2-12_squeezenet1.0-12_v_y_x3.json,combination_73,21.4,342.0,combination_16,22.82,509.0,1.4200000000000017
results,performance_20260127_094657_model_schedules_m_resnet50_resnext50_shufflenet-v2-12_squeezenet1.0-12_v_y_x3.json,combination_73,21.4,342.0,combination_99,22.82,399.0,1.4200000000000017
results,performance_20260126_220749_model_schedules_g_m_resnet50_resnext50_shufflenet-v2-12_squeezenet1.0-12_t_v_y_x3.json,combination_102,24.55,272.0,combination_512,25.97,341.0,1.4199999999999982
results,performance_20260127_020757_model_schedules_g_m_resnet50_resnext50_shufflenet-v2-12_squeezenet1.0-12_t_v_y.json,combination_394,21.77,281.0,combination_124,23.18,389.0,1.4100000000000001
results,performance_20260127_020757_model_schedules_g_m_resnet50_resnext50_shufflenet-v2-12_squeezenet1.0-12_t_v_y.json,combination_394,21.77,281.0,combination_360,23.17,416.0,1.4000000000000021
results,performance_20260127_020757_model_schedules_g_m_resnet50_resnext50_shufflenet-v2-12_squeezenet1.0-12_t_v_y.json,combination_394,21.77,281.0,combination_438,23.17,339.0,1.4000000000000021
results,performance_20260127_020757_model_schedules_g_m_resnet50_resnext50_shufflenet-v2-12_squeezenet1.0-12_t_v_y.json,combination_394,21.77,281.0,combination_508,23.17,474.0,1.4000000000000021
results,performance_20260127_112438_model_schedules_m_r_t_y_x3.json,combination_14,19.24,807.0,combination_16,20.62,1032.0,1.3800000000000026
results,performance_20260127_113610_model_schedules_resnet50_x4.json,combination_2,156.26,14.0,combination_1,157.64,22.0,1.3799999999999955
results,performance_20260127_094657_model_schedules_m_resnet50_resnext50_shufflenet-v2-12_squeezenet1.0-12_v_y_x3.json,combination_73,21.4,342.0,combination_23,22.77,557.0,1.370000000000001
results,performance_20260127_094657_model_schedules_m_resnet50_resnext50_shufflenet-v2-12_squeezenet1.0-12_v_y_x3.json,combination_73,21.4,342.0,combination_47,22.77,463.0,1.370000000000001
results,performance_20260127_000756_model_schedules_g_m_resnet50_resnext50_shufflenet-v2-12_squeezenet1.0-12_t_v_y_x4.json,combination_106,23.8,278.0,combination_423,25.17,327.0,1.370000000000001
results,performance_20260127_101556_model_schedules_m_resnet50_resnext50_shufflenet-v2-12_squeezenet1.0-12_v_y_x4.json,combination_46,23.65,343.0,combination_79,25.0,408.0,1.3500000000000014
results,performance_20260126_171630_model_schedules_g_m_resnet50_resnext50_shufflenet-v2-12_squeezenet1.0-12_t_v_x3.json,combination_67,25.69,165.0,combination_120,27.04,223.0,1.3499999999999979
results,performance_20260127_082216_model_schedules_m_resnet50_resnext50_shufflenet-v2-12_squeezenet1.0-12_v_x2.json,combination_43,26.43,287.0,combination_40,27.77,322.0,1.3399999999999999
results,performance_20260127_020757_model_schedules_g_m_resnet50_resnext50_shufflenet-v2-12_squeezenet1.0-12_t_v_y.json,combination_394,21.77,281.0,combination_181,23.1,319.0,1.3300000000000018
results,performance_20260127_094657_model_schedules_m_resnet50_resnext50_shufflenet-v2-12_squeezenet1.0-12_v_y_x3.json,combination_73,21.4,342.0,combination_61,22.73,383.0,1.3300000000000018
results,performance_20260126_171630_model_schedules_g_m_resnet50_resnext50_shufflenet-v2-12_squeezenet1.0-12_t_v_x3.json,combination_67,25.69,165.0,combination_108,27.02,213.0,1.3299999999999983
results,performance_20260127_020757_model_schedules_g_m_resnet50_resnext50_shufflenet-v2-12_squeezenet1.0-12_t_v_y.json,combination_394,21.77,281.0,combination_247,23.09,359.0,1.3200000000000003
results,performance_20260127_064106_model_schedules_g_m_resnet50_resnext50_s_t.json,combination_2,22.91,386.0,combination_60,24.23,504.0,1.3200000000000003
results,performance_20260127_094657_model_schedules_m_resnet50_resnext50_shufflenet-v2-12_squeezenet1.0-12_v_y_x3.json,combination_73,21.4,342.0,combination_69,22.72,440.0,1.3200000000000003
results,performance_20260127_104457_model_schedules_m_resnet50_resnext50_shufflenet-v2-12_squeezenet1.0-12_v_y.json,combination_86,21.67,343.0,combination_95,22.98,460.0,1.3099999999999987
results,performance_20260127_104457_model_schedules_m_resnet50_resnext50_shufflenet-v2-12_squeezenet1.0-12_v_y.json,combination_86,21.67,343.0,combination_18,22.96,447.0,1.2899999999999991
results,performance_20260127_064106_model_schedules_g_m_resnet50_resnext50_s_t.json,combination_2,22.91,386.0,combination_41,24.19,450.0,1.2800000000000011
results,performance_20260127_104457_model_schedules_m_resnet50_resnext50_shufflenet-v2-12_squeezenet1.0-12_v_y.json,combination_86,21.67,343.0,combination_48,22.95,446.0,1.2799999999999976
results,performance_20260127_101556_model_schedules_m_resnet50_resnext50_shufflenet-v2-12_squeezenet1.0-12_v_y_x4.json,combination_46,23.65,343.0,combination_8,24.92,359.0,1.2700000000000031
results,performance_20260127_020757_model_schedules_g_m_resnet50_resnext50_shufflenet-v2-12_squeezenet1.0-12_t_v_y.json,combination_394,21.77,281.0,combination_119,23.04,310.0,1.2699999999999996
results,performance_20260127_020757_model_schedules_g_m_resnet50_resnext50_shufflenet-v2-12_squeezenet1.0-12_t_v_y.json,combination_394,21.77,281.0,combination_167,23.04,404.0,1.2699999999999996
results,performance_20260126_171630_model_schedules_g_m_resnet50_resnext50_shufflenet-v2-12_squeezenet1.0-12_t_v_x3.json,combination_67,25.69,165.0,combination_80,26.96,326.0,1.2699999999999996
results,performance_20260127_020757_model_schedules_g_m_resnet50_resnext50_shufflenet-v2-12_squeezenet1.0-12_t_v_y.json,combination_394,21.77,281.0,combination_384,23.03,393.0,1.2600000000000016
results,performance_20260127_114602_model_schedules_r_t_v_y_x4.json,combination_13,22.77,530.0,combination_11,24.03,626.0,1.2600000000000016
results,performance_20260127_020757_model_schedules_g_m_resnet50_resnext50_shufflenet-v2-12_squeezenet1.0-12_t_v_y.json,combination_394,21.77,281.0,combination_11,23.02,398.0,1.25
results,performance_20260127_094657_model_schedules_m_resnet50_resnext50_shufflenet-v2-12_squeezenet1.0-12_v_y_x3.json,combination_73,21.4,342.0,combination_32,22.65,456.0,1.25
results,performance_20260127_020757_model_schedules_g_m_resnet50_resnext50_shufflenet-v2-12_squeezenet1.0-12_t_v_y.json,combination_394,21.77,281.0,combination_446,23.0,360.0,1.2300000000000004
results,performance_20260127_114230_model_schedules_r_t_v_y_x3.json,combination_13,19.24,536.0,combination_12,20.46,561.0,1.2200000000000024
results,performance_20260127_020757_model_schedules_g_m_resnet50_resnext50_shufflenet-v2-12_squeezenet1.0-12_t_v_y.json,combination_394,21.77,281.0,combination_108,22.99,460.0,1.2199999999999989
results,performance_20260127_094657_model_schedules_m_resnet50_resnext50_shufflenet-v2-12_squeezenet1.0-12_v_y_x3.json,combination_73,21.4,342.0,combination_59,22.6,400.0,1.2000000000000028
results,performance_20260127_020757_model_schedules_g_m_resnet50_resnext50_shufflenet-v2-12_squeezenet1.0-12_t_v_y.json,combination_394,21.77,281.0,combination_12,22.97,337.0,1.1999999999999993
results,performance_20260127_104457_model_schedules_m_resnet50_resnext50_shufflenet-v2-12_squeezenet1.0-12_v_y.json,combination_86,21.67,343.0,combination_12,22.87,423.0,1.1999999999999993
results,performance_20260126_171630_model_schedules_g_m_resnet50_resnext50_shufflenet-v2-12_squeezenet1.0-12_t_v_x3.json,combination_67,25.69,165.0,combination_43,26.89,216.0,1.1999999999999993
results,performance_20260127_104457_model_schedules_m_resnet50_resnext50_shufflenet-v2-12_squeezenet1.0-12_v_y.json,combination_86,21.67,343.0,combination_98,22.86,446.0,1.1899999999999977
results,performance_20260126_171630_model_schedules_g_m_resnet50_resnext50_shufflenet-v2-12_squeezenet1.0-12_t_v_x3.json,combination_67,25.69,165.0,combination_218,26.88,200.0,1.1899999999999977
results,performance_20260127_020757_model_schedules_g_m_resnet50_resnext50_shufflenet-v2-12_squeezenet1.0-12_t_v_y.json,combination_394,21.77,281.0,combination_95,22.95,352.0,1.1799999999999997
results,performance_20260127_094657_model_schedules_m_resnet50_resnext50_shufflenet-v2-12_squeezenet1.0-12_v_y_x3.json,combination_73,21.4,342.0,combination_82,22.58,455.0,1.1799999999999997
results,performance_20260127_083612_model_schedules_m_resnet50_resnext50_shufflenet-v2-12_squeezenet1.0-12_v_x3.json,combination_17,26.75,270.0,combination_59,27.92,445.0,1.1700000000000017
results,performance_20260127_020757_model_schedules_g_m_resnet50_resnext50_shufflenet-v2-12_squeezenet1.0-12_t_v_y.json,combination_394,21.77,281.0,combination_249,22.94,429.0,1.1700000000000017
results,performance_20260127_154526_model_schedules_g_m_resnet50_resnext50_shufflenet-v2-12_squeezenet1.0-12_t_v_y_x2.json,combination_105,24.79,286.0,combination_504,25.95,377.0,1.1600000000000001
results,performance_20260127_020757_model_schedules_g_m_resnet50_resnext50_shufflenet-v2-12_squeezenet1.0-12_t_v_y.json,combination_394,21.77,281.0,combination_175,22.93,350.0,1.1600000000000001
results,performance_20260127_064106_model_schedules_g_m_resnet50_resnext50_s_t.json,combination_2,22.91,386.0,combination_51,24.07,443.0,1.1600000000000001
results,performance_20260127_020757_model_schedules_g_m_resnet50_resnext50_shufflenet-v2-12_squeezenet1.0-12_t_v_y.json,combination_394,21.77,281.0,combination_160,22.92,355.0,1.1500000000000021
results,performance_20260127_020757_model_schedules_g_m_resnet50_resnext50_shufflenet-v2-12_squeezenet1.0-12_t_v_y.json,combination_394,21.77,281.0,combination_33,22.92,336.0,1.1500000000000021
results,performance_20260127_020757_model_schedules_g_m_resnet50_resnext50_shufflenet-v2-12_squeezenet1.0-12_t_v_y.json,combination_394,21.77,281.0,combination_227,22.91,451.0,1.1400000000000006
results,performance_20260127_020757_model_schedules_g_m_resnet50_resnext50_shufflenet-v2-12_squeezenet1.0-12_t_v_y.json,combination_394,21.77,281.0,combination_245,22.9,355.0,1.129999999999999
results,performance_20260126_171630_model_schedules_g_m_resnet50_resnext50_shufflenet-v2-12_squeezenet1.0-12_t_v_x3.json,combination_67,25.69,165.0,combination_131,26.81,205.0,1.1199999999999974
results,performance_20260127_020757_model_schedules_g_m_resnet50_resnext50_shufflenet-v2-12_squeezenet1.0-12_t_v_y.json,combination_394,21.77,281.0,combination_186,22.87,454.0,1.1000000000000014
results,performance_20260127_094657_model_schedules_m_resnet50_resnext50_shufflenet-v2-12_squeezenet1.0-12_v_y_x3.json,combination_73,21.4,342.0,combination_111,22.5,471.0,1.1000000000000014
results,performance_20260127_055918_model_schedules_g_m_resnet50_resnext50_s_t_x2.json,combination_2,24.58,385.0,combination_55,25.68,483.0,1.1000000000000014
results,performance_20260126_220749_model_schedules_g_m_resnet50_resnext50_shufflenet-v2-12_squeezenet1.0-12_t_v_y_x3.json,combination_102,24.55,272.0,combination_428,25.65,350.0,1.0999999999999979
results,performance_20260126_171630_model_schedules_g_m_resnet50_resnext50_shufflenet-v2-12_squeezenet1.0-12_t_v_x3.json,combination_67,25.69,165.0,combination_252,26.78,313.0,1.0899999999999999
results,performance_20260127_094657_model_schedules_m_resnet50_resnext50_shufflenet-v2-12_squeezenet1.0-12_v_y_x3.json,combination_73,21.4,342.0,combination_25,22.48,488.0,1.0800000000000018
results,performance_20260127_064106_model_schedules_g_m_resnet50_resnext50_s_t.json,combination_2,22.91,386.0,combination_24,23.99,474.0,1.0799999999999983
results,performance_20260127_104457_model_schedules_m_resnet50_resnext50_shufflenet-v2-12_squeezenet1.0-12_v_y.json,combination_86,21.67,343.0,combination_66,22.75,414.0,1.0799999999999983
results,performance_20260127_020757_model_schedules_g_m_resnet50_resnext50_shufflenet-v2-12_squeezenet1.0-12_t_v_y.json,combination_394,21.77,281.0,combination_409,22.84,322.0,1.0700000000000003
results,performance_20260126_171630_model_schedules_g_m_resnet50_resnext50_shufflenet-v2-12_squeezenet1.0-12_t_v_x3.json,combination_67,25.69,165.0,combination_139,26.76,364.0,1.0700000000000003
results,performance_20260127_020757_model_schedules_g_m_resnet50_resnext50_shufflenet-v2-12_squeezenet1.0-12_t_v_y.json,combination_394,21.77,281.0,combination_242,22.83,413.0,1.0599999999999987
results,performance_20260127_020757_model_schedules_g_m_resnet50_resnext50_shufflenet-v2-12_squeezenet1.0-12_t_v_y.json,combination_394,21.77,281.0,combination_343,22.82,360.0,1.0500000000000007
results,performance_20260126_171630_model_schedules_g_m_resnet50_resnext50_shufflenet-v2-12_squeezenet1.0-12_t_v_x3.json,combination_67,25.69,165.0,combination_138,26.73,227.0,1.0399999999999991
results,performance_20260126_220749_model_schedules_g_m_resnet50_resnext50_shufflenet-v2-12_squeezenet1.0-12_t_v_y_x3.json,combination_102,24.55,272.0,combination_511,25.58,345.0,1.0299999999999976
results,performance_20260127_104457_model_schedules_m_resnet50_resnext50_shufflenet-v2-12_squeezenet1.0-12_v_y.json,combination_86,21.67,343.0,combination_24,22.7,434.0,1.0299999999999976
results,performance_20260127_104457_model_schedules_m_resnet50_resnext50_shufflenet-v2-12_squeezenet1.0-12_v_y.json,combination_86,21.67,343.0,combination_64,22.7,590.0,1.0299999999999976
results,performance_20260126_171630_model_schedules_g_m_resnet50_resnext50_shufflenet-v2-12_squeezenet1.0-12_t_v_x3.json,combination_67,25.69,165.0,combination_154,26.72,214.0,1.0299999999999976
results,performance_20260127_101556_model_schedules_m_resnet50_resnext50_shufflenet-v2-12_squeezenet1.0-12_v_y_x4.json,combination_46,23.65,343.0,combination_117,24.67,427.0,1.0200000000000031
results,performance_20260127_020757_model_schedules_g_m_resnet50_resnext50_shufflenet-v2-12_squeezenet1.0-12_t_v_y.json,combination_394,21.77,281.0,combination_254,22.79,332.0,1.0199999999999996
results,performance_20260127_020757_model_schedules_g_m_resnet50_resnext50_shufflenet-v2-12_squeezenet1.0-12_t_v_y.json,combination_394,21.77,281.0,combination_307,22.79,446.0,1.0199999999999996
results,performance_20260127_020757_model_schedules_g_m_resnet50_resnext50_shufflenet-v2-12_squeezenet1.0-12_t_v_y.json,combination_394,21.77,281.0,combination_183,22.78,379.0,1.0100000000000016
results,performance_20260127_020757_model_schedules_g_m_resnet50_resnext50_shufflenet-v2-12_squeezenet1.0-12_t_v_y.json,combination_394,21.77,281.0,combination_351,22.78,341.0,1.0100000000000016
results,performance_20260127_020757_model_schedules_g_m_resnet50_resnext50_shufflenet-v2-12_squeezenet1.0-12_t_v_y.json,combination_394,21.77,281.0,combination_87,22.78,492.0,1.0100000000000016
results,performance_20260126_220749_model_schedules_g_m_resnet50_resnext50_shufflenet-v2-12_squeezenet1.0-12_t_v_y_x3.json,combination_102,24.55,272.0,combination_1,25.56,330.0,1.009999999999998
results,performance_20260127_075412_model_schedules_g_m.json,combination_1,119.23,146.0,combination_2,120.24,173.0,1.009999999999991
results,performance_20260127_020757_model_schedules_g_m_resnet50_resnext50_shufflenet-v2-12_squeezenet1.0-12_t_v_y.json,combination_394,21.77,281.0,combination_320,22.77,468.0,1.0
results,performance_20260127_104457_model_schedules_m_resnet50_resnext50_shufflenet-v2-12_squeezenet1.0-12_v_y.json,combination_86,21.67,343.0,combination_93,22.67,413.0,1.0
results,performance_20260126_171630_model_schedules_g_m_resnet50_resnext50_shufflenet-v2-12_squeezenet1.0-12_t_v_x3.json,combination_67,25.69,165.0,combination_7,26.69,181.0,1.0
results,performance_20260127_020757_model_schedules_g_m_resnet50_resnext50_shufflenet-v2-12_squeezenet1.0-12_t_v_y.json,combination_394,21.77,281.0,combination_85,22.76,447.0,0.990000000000002
results,performance_20260127_072302_model_schedules_g_m_r_t_x2.json,combination_12,28.43,655.0,combination_15,29.42,823.0,0.990000000000002
results,performance_20260127_064106_model_schedules_g_m_resnet50_resnext50_s_t.json,combination_2,22.91,386.0,combination_54,23.9,540.0,0.9899999999999984
results,performance_20260127_073338_model_schedules_g_m_r_t.json,combination_11,26.71,609.0,combination_13,27.69,719.0,0.9800000000000004
results,performance_20260127_020757_model_schedules_g_m_resnet50_resnext50_shufflenet-v2-12_squeezenet1.0-12_t_v_y.json,combination_394,21.77,281.0,combination_487,22.75,362.0,0.9800000000000004
results,performance_20260127_020757_model_schedules_g_m_resnet50_resnext50_shufflenet-v2-12_squeezenet1.0-12_t_v_y.json,combination_394,21.77,281.0,combination_76,22.75,339.0,0.9800000000000004
results,performance_20260127_094657_model_schedules_m_resnet50_resnext50_shufflenet-v2-12_squeezenet1.0-12_v_y_x3.json,combination_73,21.4,342.0,combination_106,22.38,430.0,0.9800000000000004
results,performance_20260126_171630_model_schedules_g_m_resnet50_resnext50_shufflenet-v2-12_squeezenet1.0-12_t_v_x3.json,combination_67,25.69,165.0,combination_188,26.67,304.0,0.9800000000000004
results,performance_20260126_171630_model_schedules_g_m_resnet50_resnext50_shufflenet-v2-12_squeezenet1.0-12_t_v_x3.json,combination_67,25.69,165.0,combination_239,26.67,177.0,0.9800000000000004
results,performance_20260127_020757_model_schedules_g_m_resnet50_resnext50_shufflenet-v2-12_squeezenet1.0-12_t_v_y.json,combination_394,21.77,281.0,combination_365,22.74,494.0,0.9699999999999989
results,performance_20260127_020757_model_schedules_g_m_resnet50_resnext50_shufflenet-v2-12_squeezenet1.0-12_t_v_y.json,combination_394,21.77,281.0,combination_463,22.74,354.0,0.9699999999999989
results,performance_20260127_154526_model_schedules_g_m_resnet50_resnext50_shufflenet-v2-12_squeezenet1.0-12_t_v_y_x2.json,combination_105,24.79,286.0,combination_509,25.75,352.0,0.9600000000000009
results,performance_20260127_020757_model_schedules_g_m_resnet50_resnext50_shufflenet-v2-12_squeezenet1.0-12_t_v_y.json,combination_394,21.77,281.0,combination_90,22.73,364.0,0.9600000000000009
results,performance_20260127_043551_model_schedules_g_m_resnet50_resnext50_shufflenet-v2-12_squeezenet1.0-12_t_x3.json,combination_94,26.85,291.0,combination_60,27.81,300.0,0.9599999999999973
results,performance_20260127_075133_model_schedules_g_m_x2.json,combination_1,124.06,115.0,combination_3,125.01,139.0,0.9500000000000028
results,performance_20260127_040803_model_schedules_g_m_resnet50_resnext50_shufflenet-v2-12_squeezenet1.0-12_t_x2.json,combination_105,25.07,264.0,combination_75,26.02,324.0,0.9499999999999993
results,performance_20260126_171630_model_schedules_g_m_resnet50_resnext50_shufflenet-v2-12_squeezenet1.0-12_t_v_x3.json,combination_67,25.69,165.0,combination_182,26.64,234.0,0.9499999999999993
results,performance_20260126_220749_model_schedules_g_m_resnet50_resnext50_shufflenet-v2-12_squeezenet1.0-12_t_v_y_x3.json,combination_102,24.55,272.0,combination_144,25.49,345.0,0.9399999999999977
results,performance_20260127_020757_model_schedules_g_m_resnet50_resnext50_shufflenet-v2-12_squeezenet1.0-12_t_v_y.json,combination_394,21.77,281.0,combination_491,22.7,329.0,0.9299999999999997
results,performance_20260127_020757_model_schedules_g_m_resnet50_resnext50_shufflenet-v2-12_squeezenet1.0-12_t_v_y.json,combination_394,21.77,281.0,combination_72,22.7,379.0,0.9299999999999997
results,performance_20260127_072634_model_schedules_g_m_r_t_x3.json,combination_4,26.47,699.0,combination_2,27.4,760.0,0.9299999999999997
results,performance_20260127_104457_model_schedules_m_resnet50_resnext50_shufflenet-v2-12_squeezenet1.0-12_v_y.json,combination_86,21.67,343.0,combination_99,22.6,440.0,0.9299999999999997
results,performance_20260127_020757_model_schedules_g_m_resnet50_resnext50_shufflenet-v2-12_squeezenet1.0-12_t_v_y.json,combination_394,21.77,281.0,combination_348,22.69,465.0,0.9200000000000017
results,performance_20260127_104457_model_schedules_m_resnet50_resnext50_shufflenet-v2-12_squeezenet1.0-12_v_y.json,combination_86,21.67,343.0,combination_123,22.59,477.0,0.9199999999999982
results,performance_20260126_171630_model_schedules_g_m_resnet50_resnext50_shufflenet-v2-12_squeezenet1.0-12_t_v_x3.json,combination_67,25.69,165.0,combination_87,26.61,239.0,0.9199999999999982
results,performance_20260127_114230_model_schedules_r_t_v_y_x3.json,combination_13,19.24,536.0,combination_7,20.15,626.0,0.9100000000000001
results,performance_20260127_094657_model_schedules_m_resnet50_resnext50_shufflenet-v2-12_squeezenet1.0-12_v_y_x3.json,combination_73,21.4,342.0,combination_104,22.3,529.0,0.9000000000000021
results,performance_20260127_020757_model_schedules_g_m_resnet50_resnext50_shufflenet-v2-12_squeezenet1.0-12_t_v_y.json,combination_394,21.77,281.0,combination_490,22.66,503.0,0.8900000000000006
results,performance_20260127_062710_model_schedules_g_m_resnet50_resnext50_s_t_x4.json,combination_48,25.29,383.0,combination_56,26.17,489.0,0.8800000000000026
results,performance_20260127_191853_model_schedules_g_m_resnet50_resnext50_shufflenet-v2-12_squeezenet1.0-12_t_v.json,combination_95,28.2,173.0,combination_137,29.08,229.0,0.879999999999999
results,performance_20260127_073338_model_schedules_g_m_r_t.json,combination_11,26.71,609.0,combination_3,27.58,631.0,0.8699999999999974
results,performance_20260126_171630_model_schedules_g_m_resnet50_resnext50_shufflenet-v2-12_squeezenet1.0-12_t_v_x3.json,combination_67,25.69,165.0,combination_123,26.56,217.0,0.8699999999999974
results,performance_20260127_020757_model_schedules_g_m_resnet50_resnext50_shufflenet-v2-12_squeezenet1.0-12_t_v_y.json,combination_394,21.77,281.0,combination_126,22.63,354.0,0.8599999999999994
results,performance_20260127_020757_model_schedules_g_m_resnet50_resnext50_shufflenet-v2-12_squeezenet1.0-12_t_v_y.json,combination_394,21.77,281.0,combination_504,22.62,512.0,0.8500000000000014
results,performance_20260127_112810_model_schedules_m_r_t_y_x4.json,combination_11,18.03,825.0,combination_8,18.88,889.0,0.8499999999999979
results,performance_20260127_050340_model_schedules_g_m_resnet50_resnext50_shufflenet-v2-12_squeezenet1.0-12_t_x4.json,combination_13,25.93,266.0,combination_112,26.77,334.0,0.8399999999999999
results,performance_20260127_020757_model_schedules_g_m_resnet50_resnext50_shufflenet-v2-12_squeezenet1.0-12_t_v_y.json,combination_394,21.77,281.0,combination_2,22.6,315.0,0.8300000000000018
results,performance_20260127_020757_model_schedules_g_m_resnet50_resnext50_shufflenet-v2-12_squeezenet1.0-12_t_v_y.json,combination_394,21.77,281.0,combination_414,22.6,325.0,0.8300000000000018
results,performance_20260127_070202_model_schedules_g_m_resnet50_resnext50_t_x3.json,combination_14,24.77,636.0,combination_31,25.59,719.0,0.8200000000000003
results,performance_20260127_020757_model_schedules_g_m_resnet50_resnext50_shufflenet-v2-12_squeezenet1.0-12_t_v_y.json,combination_394,21.77,281.0,combination_359,22.59,476.0,0.8200000000000003
results,performance_20260127_020757_model_schedules_g_m_resnet50_resnext50_shufflenet-v2-12_squeezenet1.0-12_t_v_y.json,combination_394,21.77,281.0,combination_493,22.59,427.0,0.8200000000000003
results,performance_20260127_020757_model_schedules_g_m_resnet50_resnext50_shufflenet-v2-12_squeezenet1.0-12_t_v_y.json,combination_394,21.77,281.0,combination_405,22.57,430.0,0.8000000000000007
results,performance_20260127_020757_model_schedules_g_m_resnet50_resnext50_shufflenet-v2-12_squeezenet1.0-12_t_v_y.json,combination_394,21.77,281.0,combination_99,22.57,406.0,0.8000000000000007
results,performance_20260127_055918_model_schedules_g_m_resnet50_resnext50_s_t_x2.json,combination_2,24.58,385.0,combination_21,25.38,456.0,0.8000000000000007
results,performance_20260127_000756_model_schedules_g_m_resnet50_resnext50_shufflenet-v2-12_squeezenet1.0-12_t_v_y_x4.json,combination_106,23.8,278.0,combination_496,24.6,406.0,0.8000000000000007
results,performance_20260127_020757_model_schedules_g_m_resnet50_resnext50_shufflenet-v2-12_squeezenet1.0-12_t_v_y.json,combination_394,21.77,281.0,combination_173,22.56,335.0,0.7899999999999991
results,performance_20260126_171630_model_schedules_g_m_resnet50_resnext50_shufflenet-v2-12_squeezenet1.0-12_t_v_x3.json,combination_67,25.69,165.0,combination_215,26.48,215.0,0.7899999999999991
results,performance_20260127_020757_model_schedules_g_m_resnet50_resnext50_shufflenet-v2-12_squeezenet1.0-12_t_v_y.json,combination_394,21.77,281.0,combination_180,22.55,466.0,0.7800000000000011
results,performance_20260127_020757_model_schedules_g_m_resnet50_resnext50_shufflenet-v2-12_squeezenet1.0-12_t_v_y.json,combination_394,21.77,281.0,combination_352,22.55,394.0,0.7800000000000011
results,performance_20260126_171630_model_schedules_g_m_resnet50_resnext50_shufflenet-v2-12_squeezenet1.0-12_t_v_x3.json,combination_67,25.69,165.0,combination_186,26.47,212.0,0.7799999999999976
results,performance_20260127_094657_model_schedules_m_resnet50_resnext50_shufflenet-v2-12_squeezenet1.0-12_v_y_x3.json,combination_73,21.4,342.0,combination_39,22.17,414.0,0.7700000000000031
results,performance_20260127_154526_model_schedules_g_m_resnet50_resnext50_shufflenet-v2-12_squeezenet1.0-12_t_v_y_x2.json,combination_105,24.79,286.0,combination_448,25.56,335.0,0.7699999999999996
results,performance_20260127_020757_model_schedules_g_m_resnet50_resnext50_shufflenet-v2-12_squeezenet1.0-12_t_v_y.json,combination_394,21.77,281.0,combination_155,22.54,352.0,0.7699999999999996
results,performance_20260127_062710_model_schedules_g_m_resnet50_resnext50_s_t_x4.json,combination_48,25.29,383.0,combination_60,26.06,601.0,0.7699999999999996
results,performance_20260127_104457_model_schedules_m_resnet50_resnext50_shufflenet-v2-12_squeezenet1.0-12_v_y.json,combination_86,21.67,343.0,combination_97,22.44,371.0,0.7699999999999996
results,performance_20260127_082216_model_schedules_m_resnet50_resnext50_shufflenet-v2-12_squeezenet1.0-12_v_x2.json,combination_43,26.43,287.0,combination_24,27.19,331.0,0.7600000000000016
results,performance_20260127_040803_model_schedules_g_m_resnet50_resnext50_shufflenet-v2-12_squeezenet1.0-12_t_x2.json,combination_105,25.07,264.0,combination_65,25.82,308.0,0.75
results,performance_20260127_061314_model_schedules_g_m_resnet50_resnext50_s_t_x3.json,combination_50,24.85,394.0,combination_5,25.6,501.0,0.75
results,performance_20260126_171630_model_schedules_g_m_resnet50_resnext50_shufflenet-v2-12_squeezenet1.0-12_t_v_x3.json,combination_67,25.69,165.0,combination_184,26.43,402.0,0.7399999999999984
results,performance_20260127_082216_model_schedules_m_resnet50_resnext50_shufflenet-v2-12_squeezenet1.0-12_v_x2.json,combination_43,26.43,287.0,combination_26,27.16,302.0,0.7300000000000004
results,performance_20260127_020757_model_schedules_g_m_resnet50_resnext50_shufflenet-v2-12_squeezenet1.0-12_t_v_y.json,combination_394,21.77,281.0,combination_299,22.5,374.0,0.7300000000000004
results,performance_20260127_040803_model_schedules_g_m_resnet50_resnext50_shufflenet-v2-12_squeezenet1.0-12_t_x2.json,combination_105,25.07,264.0,combination_18,25.8,313.0,0.7300000000000004
results,performance_20260127_094657_model_schedules_m_resnet50_resnext50_shufflenet-v2-12_squeezenet1.0-12_v_y_x3.json,combination_73,21.4,342.0,combination_6,22.13,418.0,0.7300000000000004
results,performance_20260126_171630_model_schedules_g_m_resnet50_resnext50_shufflenet-v2-12_squeezenet1.0-12_t_v_x3.json,combination_67,25.69,165.0,combination_192,26.42,216.0,0.7300000000000004
results,performance_20260127_043551_model_schedules_g_m_resnet50_resnext50_shufflenet-v2-12_squeezenet1.0-12_t_x3.json,combination_94,26.85,291.0,combination_128,27.58,554.0,0.7299999999999969
results,performance_20260127_104457_model_schedules_m_resnet50_resnext50_shufflenet-v2-12_squeezenet1.0-12_v_y.json,combination_86,21.67,343.0,combination_104,22.39,432.0,0.7199999999999989
results,performance_20260127_020757_model_schedules_g_m_resnet50_resnext50_shufflenet-v2-12_squeezenet1.0-12_t_v_y.json,combination_394,21.77,281.0,combination_505,22.48,354.0,0.7100000000000009
results,performance_20260127_073858_model_schedules_g_m_r_x3.json,combination_6,30.93,808.0,combination_4,31.64,853.0,0.7100000000000009
results,performance_20260127_094657_model_schedules_m_resnet50_resnext50_shufflenet-v2-12_squeezenet1.0-12_v_y_x3.json,combination_73,21.4,342.0,combination_114,22.11,393.0,0.7100000000000009
results,performance_20260127_020757_model_schedules_g_m_resnet50_resnext50_shufflenet-v2-12_squeezenet1.0-12_t_v_y.json,combination_394,21.77,281.0,combination_480,22.47,373.0,0.6999999999999993
results,performance_20260127_104457_model_schedules_m_resnet50_resnext50_shufflenet-v2-12_squeezenet1.0-12_v_y.json,combination_86,21.67,343.0,combination_77,22.37,385.0,0.6999999999999993
results,performance_20260127_000756_model_schedules_g_m_resnet50_resnext50_shufflenet-v2-12_squeezenet1.0-12_t_v_y_x4.json,combination_106,23.8,278.0,combination_127,24.5,352.0,0.6999999999999993
results,performance_20260126_171630_model_schedules_g_m_resnet50_resnext50_shufflenet-v2-12_squeezenet1.0-12_t_v_x3.json,combination_67,25.69,165.0,combination_147,26.39,246.0,0.6999999999999993
results,performance_20260127_055918_model_schedules_g_m_resnet50_resnext50_s_t_x2.json,combination_2,24.58,385.0,combination_7,25.26,580.0,0.6800000000000033
results,performance_20260127_020757_model_schedules_g_m_resnet50_resnext50_shufflenet-v2-12_squeezenet1.0-12_t_v_y.json,combination_394,21.77,281.0,combination_101,22.45,392.0,0.6799999999999997
results,performance_20260127_020757_model_schedules_g_m_resnet50_resnext50_shufflenet-v2-12_squeezenet1.0-12_t_v_y.json,combination_394,21.77,281.0,combination_203,22.45,340.0,0.6799999999999997
results,performance_20260127_020757_model_schedules_g_m_resnet50_resnext50_shufflenet-v2-12_squeezenet1.0-12_t_v_y.json,combination_394,21.77,281.0,combination_435,22.45,351.0,0.6799999999999997
results,performance_20260127_020757_model_schedules_g_m_resnet50_resnext50_shufflenet-v2-12_squeezenet1.0-12_t_v_y.json,combination_394,21.77,281.0,combination_472,22.45,389.0,0.6799999999999997
results,performance_20260126_220749_model_schedules_g_m_resnet50_resnext50_shufflenet-v2-12_squeezenet1.0-12_t_v_y_x3.json,combination_102,24.55,272.0,combination_261,25.23,471.0,0.6799999999999997
results,performance_20260127_000756_model_schedules_g_m_resnet50_resnext50_shufflenet-v2-12_squeezenet1.0-12_t_v_y_x4.json,combination_106,23.8,278.0,combination_504,24.48,344.0,0.6799999999999997
results,performance_20260127_085008_model_schedules_m_resnet50_resnext50_shufflenet-v2-12_squeezenet1.0-12_v_x4.json,combination_24,28.89,265.0,combination_48,29.57,284.0,0.6799999999999997
results,performance_20260126_171630_model_schedules_g_m_resnet50_resnext50_shufflenet-v2-12_squeezenet1.0-12_t_v_x3.json,combination_67,25.69,165.0,combination_179,26.37,413.0,0.6799999999999997
results,performance_20260127_073006_model_schedules_g_m_r_t_x4.json,combination_7,29.59,692.0,combination_16,30.26,938.0,0.6700000000000017
results,performance_20260127_094657_model_schedules_m_resnet50_resnext50_shufflenet-v2-12_squeezenet1.0-12_v_y_x3.json,combination_73,21.4,342.0,combination_12,22.07,488.0,0.6700000000000017
results,performance_20260127_094657_model_schedules_m_resnet50_resnext50_shufflenet-v2-12_squeezenet1.0-12_v_y_x3.json,combination_73,21.4,342.0,combination_27,22.07,415.0,0.6700000000000017
results,performance_20260127_072634_model_schedules_g_m_r_t_x3.json,combination_4,26.47,699.0,combination_6,27.13,805.0,0.6600000000000001
results,performance_20260127_055918_model_schedules_g_m_resnet50_resnext50_s_t_x2.json,combination_2,24.58,385.0,combination_33,25.24,596.0,0.6600000000000001
results,performance_20260127_111918_model_schedules_m_resnet50_resnext50.json,combination_3,26.36,676.0,combination_6,27.02,887.0,0.6600000000000001
results,performance_20260127_020757_model_schedules_g_m_resnet50_resnext50_shufflenet-v2-12_squeezenet1.0-12_t_v_y.json,combination_394,21.77,281.0,combination_503,22.42,364.0,0.6500000000000021
results,performance_20260127_064106_model_schedules_g_m_resnet50_resnext50_s_t.json,combination_2,22.91,386.0,combination_29,23.56,595.0,0.6499999999999986
results,performance_20260127_020757_model_schedules_g_m_resnet50_resnext50_shufflenet-v2-12_squeezenet1.0-12_t_v_y.json,combination_394,21.77,281.0,combination_377,22.41,420.0,0.6400000000000006
results,performance_20260127_094657_model_schedules_m_resnet50_resnext50_shufflenet-v2-12_squeezenet1.0-12_v_y_x3.json,combination_73,21.4,342.0,combination_117,22.04,443.0,0.6400000000000006
results,performance_20260127_055918_model_schedules_g_m_resnet50_resnext50_s_t_x2.json,combination_2,24.58,385.0,combination_58,25.22,458.0,0.6400000000000006
results,performance_20260127_094657_model_schedules_m_resnet50_resnext50_shufflenet-v2-12_squeezenet1.0-12_v_y_x3.json,combination_73,21.4,342.0,combination_109,22.03,432.0,0.6300000000000026
results,performance_20260127_094657_model_schedules_m_resnet50_resnext50_shufflenet-v2-12_squeezenet1.0-12_v_y_x3.json,combination_73,21.4,342.0,combination_120,22.03,461.0,0.6300000000000026
results,performance_20260127_055918_model_schedules_g_m_resnet50_resnext50_s_t_x2.json,combination_2,24.58,385.0,combination_50,25.21,453.0,0.6300000000000026
results,performance_20260127_020757_model_schedules_g_m_resnet50_resnext50_shufflenet-v2-12_squeezenet1.0-12_t_v_y.json,combination_394,21.77,281.0,combination_439,22.4,357.0,0.629999999999999
results,performance_20260127_104457_model_schedules_m_resnet50_resnext50_shufflenet-v2-12_squeezenet1.0-12_v_y.json,combination_86,21.67,343.0,combination_52,22.3,372.0,0.629999999999999
results,performance_20260127_020757_model_schedules_g_m_resnet50_resnext50_shufflenet-v2-12_squeezenet1.0-12_t_v_y.json,combination_394,21.77,281.0,combination_507,22.39,384.0,0.620000000000001
results,performance_20260127_072634_model_schedules_g_m_r_t_x3.json,combination_4,26.47,699.0,combination_5,27.09,719.0,0.620000000000001
results,performance_20260127_111354_model_schedules_m_resnet50_resnext50_x2.json,combination_4,26.13,864.0,combination_6,26.75,927.0,0.620000000000001
results,performance_20260126_171630_model_schedules_g_m_resnet50_resnext50_shufflenet-v2-12_squeezenet1.0-12_t_v_x3.json,combination_67,25.69,165.0,combination_126,26.31,244.0,0.6199999999999974
results,performance_20260126_171630_model_schedules_g_m_resnet50_resnext50_shufflenet-v2-12_squeezenet1.0-12_t_v_x3.json,combination_67,25.69,165.0,combination_170,26.31,257.0,0.6199999999999974
results,performance_20260126_171630_model_schedules_g_m_resnet50_resnext50_shufflenet-v2-12_squeezenet1.0-12_t_v_x3.json,combination_67,25.69,165.0,combination_64,26.31,325.0,0.6199999999999974
results,performance_20260127_082216_model_schedules_m_resnet50_resnext50_shufflenet-v2-12_squeezenet1.0-12_v_x2.json,combination_43,26.43,287.0,combination_38,27.04,302.0,0.6099999999999994
results,performance_20260126_171630_model_schedules_g_m_resnet50_resnext50_shufflenet-v2-12_squeezenet1.0-12_t_v_x3.json,combination_67,25.69,165.0,combination_249,26.3,215.0,0.6099999999999994
results,performance_20260127_101556_model_schedules_m_resnet50_resnext50_shufflenet-v2-12_squeezenet1.0-12_v_y_x4.json,combination_46,23.65,343.0,combination_128,24.25,375.0,0.6000000000000014
results,performance_20260127_020757_model_schedules_g_m_resnet50_resnext50_shufflenet-v2-12_squeezenet1.0-12_t_v_y.json,combination_394,21.77,281.0,combination_302,22.37,345.0,0.6000000000000014
results,performance_20260127_000756_model_schedules_g_m_resnet50_resnext50_shufflenet-v2-12_squeezenet1.0-12_t_v_y_x4.json,combination_106,23.8,278.0,combination_334,24.4,516.0,0.5999999999999979
results,performance_20260126_171630_model_schedules_g_m_resnet50_resnext50_shufflenet-v2-12_squeezenet1.0-12_t_v_x3.json,combination_67,25.69,165.0,combination_9,26.29,376.0,0.5999999999999979
results,performance_20260127_082216_model_schedules_m_resnet50_resnext50_shufflenet-v2-12_squeezenet1.0-12_v_x2.json,combination_43,26.43,287.0,combination_9,27.02,408.0,0.5899999999999999
results,performance_20260127_020757_model_schedules_g_m_resnet50_resnext50_shufflenet-v2-12_squeezenet1.0-12_t_v_y.json,combination_394,21.77,281.0,combination_312,22.36,348.0,0.5899999999999999
results,performance_20260126_171630_model_schedules_g_m_resnet50_resnext50_shufflenet-v2-12_squeezenet1.0-12_t_v_x3.json,combination_67,25.69,165.0,combination_140,26.28,212.0,0.5899999999999999
results,performance_20260127_020757_model_schedules_g_m_resnet50_resnext50_shufflenet-v2-12_squeezenet1.0-12_t_v_y.json,combination_394,21.77,281.0,combination_388,22.35,389.0,0.5800000000000018
results,performance_20260127_020757_model_schedules_g_m_resnet50_resnext50_shufflenet-v2-12_squeezenet1.0-12_t_v_y.json,combination_394,21.77,281.0,combination_92,22.35,348.0,0.5800000000000018
results,performance_20260127_000756_model_schedules_g_m_resnet50_resnext50_shufflenet-v2-12_squeezenet1.0-12_t_v_y_x4.json,combination_106,23.8,278.0,combination_126,24.38,287.0,0.5799999999999983
results,performance_20260127_114230_model_schedules_r_t_v_y_x3.json,combination_13,19.24,536.0,combination_14,19.81,645.0,0.5700000000000003
results,performance_20260127_094657_model_schedules_m_resnet50_resnext50_shufflenet-v2-12_squeezenet1.0-12_v_y_x3.json,combination_73,21.4,342.0,combination_77,21.96,434.0,0.5600000000000023
results,performance_20260127_020757_model_schedules_g_m_resnet50_resnext50_shufflenet-v2-12_squeezenet1.0-12_t_v_y.json,combination_394,21.77,281.0,combination_401,22.33,315.0,0.5599999999999987
results,performance_20260127_020757_model_schedules_g_m_resnet50_resnext50_shufflenet-v2-12_squeezenet1.0-12_t_v_y.json,combination_394,21.77,281.0,combination_59,22.32,348.0,0.5500000000000007
results,performance_20260127_043551_model_schedules_g_m_resnet50_resnext50_shufflenet-v2-12_squeezenet1.0-12_t_x3.json,combination_94,26.85,291.0,combination_77,27.39,355.0,0.5399999999999991
results,performance_20260127_020757_model_schedules_g_m_resnet50_resnext50_shufflenet-v2-12_squeezenet1.0-12_t_v_y.json,combination_394,21.77,281.0,combination_248,22.31,383.0,0.5399999999999991
results,performance_20260127_020757_model_schedules_g_m_resnet50_resnext50_shufflenet-v2-12_squeezenet1.0-12_t_v_y.json,combination_394,21.77,281.0,combination_28,22.31,354.0,0.5399999999999991
results,performance_20260126_220749_model_schedules_g_m_resnet50_resnext50_shufflenet-v2-12_squeezenet1.0-12_t_v_y_x3.json,combination_102,24.55,272.0,combination_159,25.09,409.0,0.5399999999999991
results,performance_20260127_114230_model_schedules_r_t_v_y_x3.json,combination_13,19.24,536.0,combination_10,19.77,617.0,0.5300000000000011
results,performance_20260127_114230_model_schedules_r_t_v_y_x3.json,combination_13,19.24,536.0,combination_6,19.77,585.0,0.5300000000000011
results,performance_20260127_082216_model_schedules_m_resnet50_resnext50_shufflenet-v2-12_squeezenet1.0-12_v_x2.json,combination_43,26.43,287.0,combination_32,26.96,294.0,0.5300000000000011
results,performance_20260127_020757_model_schedules_g_m_resnet50_resnext50_shufflenet-v2-12_squeezenet1.0-12_t_v_y.json,combination_394,21.77,281.0,combination_138,22.29,368.0,0.5199999999999996
results,performance_20260127_040803_model_schedules_g_m_resnet50_resnext50_shufflenet-v2-12_squeezenet1.0-12_t_x2.json,combination_105,25.07,264.0,combination_45,25.59,321.0,0.5199999999999996
results,performance_20260127_064106_model_schedules_g_m_resnet50_resnext50_s_t.json,combination_2,22.91,386.0,combination_55,23.43,471.0,0.5199999999999996
results,performance_20260127_000756_model_schedules_g_m_resnet50_resnext50_shufflenet-v2-12_squeezenet1.0-12_t_v_y_x4.json,combination_106,23.8,278.0,combination_100,24.32,332.0,0.5199999999999996
results,performance_20260127_111730_model_schedules_m_resnet50_resnext50_x4.json,combination_5,26.52,857.0,combination_2,27.03,1112.0,0.5100000000000016
results,performance_20260127_020757_model_schedules_g_m_resnet50_resnext50_shufflenet-v2-12_squeezenet1.0-12_t_v_y.json,combination_394,21.77,281.0,combination_211,22.28,371.0,0.5100000000000016
results,performance_20260126_171630_model_schedules_g_m_resnet50_resnext50_shufflenet-v2-12_squeezenet1.0-12_t_v_x3.json,combination_67,25.69,165.0,combination_229,26.2,285.0,0.509999999999998
results,performance_20260127_083612_model_schedules_m_resnet50_resnext50_shufflenet-v2-12_squeezenet1.0-12_v_x3.json,combination_17,26.75,270.0,combination_20,27.25,288.0,0.5
results,performance_20260127_104457_model_schedules_m_resnet50_resnext50_shufflenet-v2-12_squeezenet1.0-12_v_y.json,combination_86,21.67,343.0,combination_115,22.17,556.0,0.5
results,performance_20260127_094657_model_schedules_m_resnet50_resnext50_shufflenet-v2-12_squeezenet1.0-12_v_y_x3.json,combination_73,21.4,342.0,combination_105,21.9,410.0,0.5
results,performance_20260127_094657_model_schedules_m_resnet50_resnext50_shufflenet-v2-12_squeezenet1.0-12_v_y_x3.json,combination_73,21.4,342.0,combination_80,21.89,434.0,0.490000000000002
results,performance_20260127_040803_model_schedules_g_m_resnet50_resnext50_shufflenet-v2-12_squeezenet1.0-12_t_x2.json,combination_105,25.07,264.0,combination_120,25.56,307.0,0.48999999999999844
results,performance_20260127_104457_model_schedules_m_resnet50_resnext50_shufflenet-v2-12_squeezenet1.0-12_v_y.json,combination_86,21.67,343.0,combination_1,22.16,403.0,0.48999999999999844
results,performance_20260127_020757_model_schedules_g_m_resnet50_resnext50_shufflenet-v2-12_squeezenet1.0-12_t_v_y.json,combination_394,21.77,281.0,combination_223,22.25,414.0,0.4800000000000004
results,performance_20260127_000756_model_schedules_g_m_resnet50_resnext50_shufflenet-v2-12_squeezenet1.0-12_t_v_y_x4.json,combination_106,23.8,278.0,combination_381,24.28,473.0,0.4800000000000004
results,performance_20260127_020757_model_schedules_g_m_resnet50_resnext50_shufflenet-v2-12_squeezenet1.0-12_t_v_y.json,combination_394,21.77,281.0,combination_363,22.24,348.0,0.46999999999999886
results,performance_20260127_094657_model_schedules_m_resnet50_resnext50_shufflenet-v2-12_squeezenet1.0-12_v_y_x3.json,combination_73,21.4,342.0,combination_52,21.86,495.0,0.46000000000000085
results,performance_20260127_055918_model_schedules_g_m_resnet50_resnext50_s_t_x2.json,combination_2,24.58,385.0,combination_60,25.04,546.0,0.46000000000000085
results,performance_20260127_082216_model_schedules_m_resnet50_resnext50_shufflenet-v2-12_squeezenet1.0-12_v_x2.json,combination_43,26.43,287.0,combination_31,26.88,297.0,0.4499999999999993
results,performance_20260127_020757_model_schedules_g_m_resnet50_resnext50_shufflenet-v2-12_squeezenet1.0-12_t_v_y.json,combination_394,21.77,281.0,combination_462,22.22,449.0,0.4499999999999993
results,performance_20260127_065502_model_schedules_g_m_resnet50_resnext50_t_x2.json,combination_19,24.41,640.0,combination_30,24.86,677.0,0.4499999999999993
results,performance_20260127_104457_model_schedules_m_resnet50_resnext50_shufflenet-v2-12_squeezenet1.0-12_v_y.json,combination_86,21.67,343.0,combination_92,22.12,412.0,0.4499999999999993
results,performance_20260127_061314_model_schedules_g_m_resnet50_resnext50_s_t_x3.json,combination_50,24.85,394.0,combination_59,25.3,406.0,0.4499999999999993
results,performance_20260127_020757_model_schedules_g_m_resnet50_resnext50_shufflenet-v2-12_squeezenet1.0-12_t_v_y.json,combination_394,21.77,281.0,combination_134,22.21,426.0,0.4400000000000013
results,performance_20260127_020757_model_schedules_g_m_resnet50_resnext50_shufflenet-v2-12_squeezenet1.0-12_t_v_y.json,combination_394,21.77,281.0,combination_498,22.21,334.0,0.4400000000000013
results,performance_20260127_020757_model_schedules_g_m_resnet50_resnext50_shufflenet-v2-12_squeezenet1.0-12_t_v_y.json,combination_394,21.77,281.0,combination_78,22.21,354.0,0.4400000000000013
results,performance_20260127_040803_model_schedules_g_m_resnet50_resnext50_shufflenet-v2-12_squeezenet1.0-12_t_x2.json,combination_105,25.07,264.0,combination_90,25.51,336.0,0.4400000000000013
results,performance_20260127_020757_model_schedules_g_m_resnet50_resnext50_shufflenet-v2-12_squeezenet1.0-12_t_v_y.json,combination_394,21.77,281.0,combination_321,22.2,324.0,0.4299999999999997
results,performance_20260127_085008_model_schedules_m_resnet50_resnext50_shufflenet-v2-12_squeezenet1.0-12_v_x4.json,combination_24,28.89,265.0,combination_31,29.32,285.0,0.4299999999999997
results,performance_20260127_020757_model_schedules_g_m_resnet50_resnext50_shufflenet-v2-12_squeezenet1.0-12_t_v_y.json,combination_394,21.77,281.0,combination_220,22.19,351.0,0.4200000000000017
results,performance_20260127_020757_model_schedules_g_m_resnet50_resnext50_shufflenet-v2-12_squeezenet1.0-12_t_v_y.json,combination_394,21.77,281.0,combination_497,22.19,333.0,0.4200000000000017
results,performance_20260127_114602_model_schedules_r_t_v_y_x4.json,combination_13,22.77,530.0,combination_15,23.19,646.0,0.4200000000000017
results,performance_20260127_064106_model_schedules_g_m_resnet50_resnext50_s_t.json,combination_2,22.91,386.0,combination_48,23.33,442.0,0.41999999999999815
results,performance_20260127_020757_model_schedules_g_m_resnet50_resnext50_shufflenet-v2-12_squeezenet1.0-12_t_v_y.json,combination_394,21.77,281.0,combination_159,22.18,473.0,0.41000000000000014
results,performance_20260127_020757_model_schedules_g_m_resnet50_resnext50_shufflenet-v2-12_squeezenet1.0-12_t_v_y.json,combination_394,21.77,281.0,combination_308,22.18,365.0,0.41000000000000014
results,performance_20260127_064106_model_schedules_g_m_resnet50_resnext50_s_t.json,combination_2,22.91,386.0,combination_9,23.32,577.0,0.41000000000000014
results,performance_20260127_094657_model_schedules_m_resnet50_resnext50_shufflenet-v2-12_squeezenet1.0-12_v_y_x3.json,combination_73,21.4,342.0,combination_42,21.81,426.0,0.41000000000000014
results,performance_20260127_094657_model_schedules_m_resnet50_resnext50_shufflenet-v2-12_squeezenet1.0-12_v_y_x3.json,combination_73,21.4,342.0,combination_88,21.81,392.0,0.41000000000000014
results,performance_20260127_020757_model_schedules_g_m_resnet50_resnext50_shufflenet-v2-12_squeezenet1.0-12_t_v_y.json,combination_394,21.77,281.0,combination_198,22.17,454.0,0.40000000000000213
results,performance_20260127_020757_model_schedules_g_m_resnet50_resnext50_shufflenet-v2-12_squeezenet1.0-12_t_v_y.json,combination_394,21.77,281.0,combination_261,22.17,338.0,0.40000000000000213
results,performance_20260127_020757_model_schedules_g_m_resnet50_resnext50_shufflenet-v2-12_squeezenet1.0-12_t_v_y.json,combination_394,21.77,281.0,combination_402,22.17,344.0,0.40000000000000213
results,performance_20260127_104457_model_schedules_m_resnet50_resnext50_shufflenet-v2-12_squeezenet1.0-12_v_y.json,combination_86,21.67,343.0,combination_11,22.07,450.0,0.3999999999999986
results,performance_20260126_220749_model_schedules_g_m_resnet50_resnext50_shufflenet-v2-12_squeezenet1.0-12_t_v_y_x3.json,combination_102,24.55,272.0,combination_460,24.94,321.0,0.39000000000000057
results,performance_20260127_091800_model_schedules_m_resnet50_resnext50_shufflenet-v2-12_squeezenet1.0-12_v_y_x2.json,combination_82,23.18,347.0,combination_64,23.57,504.0,0.39000000000000057
results,performance_20260127_112106_model_schedules_m_r_t_y_x2.json,combination_16,19.38,794.0,combination_15,19.77,850.0,0.39000000000000057
results,performance_20260127_082216_model_schedules_m_resnet50_resnext50_shufflenet-v2-12_squeezenet1.0-12_v_x2.json,combination_43,26.43,287.0,combination_34,26.81,459.0,0.379999999999999
results,performance_20260127_020757_model_schedules_g_m_resnet50_resnext50_shufflenet-v2-12_squeezenet1.0-12_t_v_y.json,combination_394,21.77,281.0,combination_499,22.14,342.0,0.370000000000001
results,performance_20260127_020757_model_schedules_g_m_resnet50_resnext50_shufflenet-v2-12_squeezenet1.0-12_t_v_y.json,combination_394,21.77,281.0,combination_56,22.14,453.0,0.370000000000001
results,performance_20260127_064106_model_schedules_g_m_resnet50_resnext50_s_t.json,combination_2,22.91,386.0,combination_16,23.28,408.0,0.370000000000001
results,performance_20260126_220749_model_schedules_g_m_resnet50_resnext50_shufflenet-v2-12_squeezenet1.0-12_t_v_y_x3.json,combination_102,24.55,272.0,combination_503,24.92,675.0,0.370000000000001
results,performance_20260127_055918_model_schedules_g_m_resnet50_resnext50_s_t_x2.json,combination_2,24.58,385.0,combination_9,24.95,481.0,0.370000000000001
results,performance_20260127_000756_model_schedules_g_m_resnet50_resnext50_shufflenet-v2-12_squeezenet1.0-12_t_v_y_x4.json,combination_106,23.8,278.0,combination_505,24.17,334.0,0.370000000000001
results,performance_20260127_000756_model_schedules_g_m_resnet50_resnext50_shufflenet-v2-12_squeezenet1.0-12_t_v_y_x4.json,combination_106,23.8,278.0,combination_510,24.17,362.0,0.370000000000001
results,performance_20260127_094657_model_schedules_m_resnet50_resnext50_shufflenet-v2-12_squeezenet1.0-12_v_y_x3.json,combination_73,21.4,342.0,combination_37,21.76,401.0,0.360000000000003
results,performance_20260127_104457_model_schedules_m_resnet50_resnext50_shufflenet-v2-12_squeezenet1.0-12_v_y.json,combination_86,21.67,343.0,combination_44,22.03,487.0,0.35999999999999943
results,performance_20260127_074422_model_schedules_g_m_t_x2.json,combination_6,101.29,216.0,combination_8,101.65,279.0,0.35999999999999943
results,performance_20260127_040803_model_schedules_g_m_resnet50_resnext50_shufflenet-v2-12_squeezenet1.0-12_t_x2.json,combination_105,25.07,264.0,combination_112,25.42,315.0,0.3500000000000014
results,performance_20260127_072634_model_schedules_g_m_r_t_x3.json,combination_4,26.47,699.0,combination_12,26.82,942.0,0.3500000000000014
results,performance_20260127_000756_model_schedules_g_m_resnet50_resnext50_shufflenet-v2-12_squeezenet1.0-12_t_v_y_x4.json,combination_106,23.8,278.0,combination_122,24.15,286.0,0.34999999999999787
results,performance_20260127_114230_model_schedules_r_t_v_y_x3.json,combination_13,19.24,536.0,combination_2,19.58,721.0,0.33999999999999986
results,performance_20260127_114230_model_schedules_r_t_v_y_x3.json,combination_13,19.24,536.0,combination_3,19.58,748.0,0.33999999999999986
results,performance_20260127_020757_model_schedules_g_m_resnet50_resnext50_shufflenet-v2-12_squeezenet1.0-12_t_v_y.json,combination_394,21.77,281.0,combination_332,22.11,364.0,0.33999999999999986
results,performance_20260127_020757_model_schedules_g_m_resnet50_resnext50_shufflenet-v2-12_squeezenet1.0-12_t_v_y.json,combination_394,21.77,281.0,combination_481,22.11,322.0,0.33999999999999986
results,performance_20260127_081836_model_schedules_g_t_y.json,combination_5,21.11,130.0,combination_7,21.44,133.0,0.33000000000000185
results,performance_20260127_020757_model_schedules_g_m_resnet50_resnext50_shufflenet-v2-12_squeezenet1.0-12_t_v_y.json,combination_394,21.77,281.0,combination_130,22.1,336.0,0.33000000000000185
results,performance_20260127_020757_model_schedules_g_m_resnet50_resnext50_shufflenet-v2-12_squeezenet1.0-12_t_v_y.json,combination_394,21.77,281.0,combination_252,22.1,465.0,0.33000000000000185
results,performance_20260127_020757_model_schedules_g_m_resnet50_resnext50_shufflenet-v2-12_squeezenet1.0-12_t_v_y.json,combination_394,21.77,281.0,combination_265,22.1,425.0,0.33000000000000185
results,performance_20260127_094657_model_schedules_m_resnet50_resnext50_shufflenet-v2-12_squeezenet1.0-12_v_y_x3.json,combination_73,21.4,342.0,combination_116,21.73,391.0,0.33000000000000185
results,performance_20260127_094657_model_schedules_m_resnet50_resnext50_shufflenet-v2-12_squeezenet1.0-12_v_y_x3.json,combination_73,21.4,342.0,combination_14,21.73,427.0,0.33000000000000185
results,performance_20260127_000756_model_schedules_g_m_resnet50_resnext50_shufflenet-v2-12_squeezenet1.0-12_t_v_y_x4.json,combination_106,23.8,278.0,combination_243,24.13,318.0,0.3299999999999983
results,performance_20260127_000756_model_schedules_g_m_resnet50_resnext50_shufflenet-v2-12_squeezenet1.0-12_t_v_y_x4.json,combination_106,23.8,278.0,combination_508,24.13,342.0,0.3299999999999983
results,performance_20260127_020757_model_schedules_g_m_resnet50_resnext50_shufflenet-v2-12_squeezenet1.0-12_t_v_y.json,combination_394,21.77,281.0,combination_109,22.09,288.0,0.3200000000000003
results,performance_20260127_050340_model_schedules_g_m_resnet50_resnext50_shufflenet-v2-12_squeezenet1.0-12_t_x4.json,combination_13,25.93,266.0,combination_1,26.25,297.0,0.3200000000000003
results,performance_20260127_064106_model_schedules_g_m_resnet50_resnext50_s_t.json,combination_2,22.91,386.0,combination_20,23.23,398.0,0.3200000000000003
results,performance_20260127_000756_model_schedules_g_m_resnet50_resnext50_shufflenet-v2-12_squeezenet1.0-12_t_v_y_x4.json,combination_106,23.8,278.0,combination_255,24.12,339.0,0.3200000000000003
results,performance_20260127_061314_model_schedules_g_m_resnet50_resnext50_s_t_x3.json,combination_50,24.85,394.0,combination_60,25.17,643.0,0.3200000000000003
results,performance_20260127_104457_model_schedules_m_resnet50_resnext50_shufflenet-v2-12_squeezenet1.0-12_v_y.json,combination_86,21.67,343.0,combination_37,21.99,411.0,0.31999999999999673
results,performance_20260127_101556_model_schedules_m_resnet50_resnext50_shufflenet-v2-12_squeezenet1.0-12_v_y_x4.json,combination_46,23.65,343.0,combination_124,23.95,415.0,0.3000000000000007
results,performance_20260127_064106_model_schedules_g_m_resnet50_resnext50_s_t.json,combination_2,22.91,386.0,combination_34,23.21,424.0,0.3000000000000007
results,performance_20260127_064106_model_schedules_g_m_resnet50_resnext50_s_t.json,combination_2,22.91,386.0,combination_37,23.21,497.0,0.3000000000000007
results,performance_20260127_094657_model_schedules_m_resnet50_resnext50_shufflenet-v2-12_squeezenet1.0-12_v_y_x3.json,combination_73,21.4,342.0,combination_118,21.7,414.0,0.3000000000000007
results,performance_20260127_020757_model_schedules_g_m_resnet50_resnext50_shufflenet-v2-12_squeezenet1.0-12_t_v_y.json,combination_394,21.77,281.0,combination_125,22.06,455.0,0.28999999999999915
results,performance_20260127_062710_model_schedules_g_m_resnet50_resnext50_s_t_x4.json,combination_48,25.29,383.0,combination_5,25.58,445.0,0.28999999999999915
results,performance_20260127_104457_model_schedules_m_resnet50_resnext50_shufflenet-v2-12_squeezenet1.0-12_v_y.json,combination_86,21.67,343.0,combination_29,21.96,586.0,0.28999999999999915
results,performance_20260127_091800_model_schedules_m_resnet50_resnext50_shufflenet-v2-12_squeezenet1.0-12_v_y_x2.json,combination_82,23.18,347.0,combination_123,23.47,472.0,0.28999999999999915
results,performance_20260127_101556_model_schedules_m_resnet50_resnext50_shufflenet-v2-12_squeezenet1.0-12_v_y_x4.json,combination_46,23.65,343.0,combination_80,23.93,535.0,0.28000000000000114
results,performance_20260127_020757_model_schedules_g_m_resnet50_resnext50_shufflenet-v2-12_squeezenet1.0-12_t_v_y.json,combination_394,21.77,281.0,combination_48,22.05,382.0,0.28000000000000114
results,performance_20260127_085008_model_schedules_m_resnet50_resnext50_shufflenet-v2-12_squeezenet1.0-12_v_x4.json,combination_24,28.89,265.0,combination_32,29.17,318.0,0.28000000000000114
results,performance_20260127_000756_model_schedules_g_m_resnet50_resnext50_shufflenet-v2-12_squeezenet1.0-12_t_v_y_x4.json,combination_106,23.8,278.0,combination_128,24.08,442.0,0.2799999999999976
results,performance_20260127_020757_model_schedules_g_m_resnet50_resnext50_shufflenet-v2-12_squeezenet1.0-12_t_v_y.json,combination_394,21.77,281.0,combination_63,22.04,369.0,0.2699999999999996
results,performance_20260126_171630_model_schedules_g_m_resnet50_resnext50_shufflenet-v2-12_squeezenet1.0-12_t_v_x3.json,combination_67,25.69,165.0,combination_155,25.96,357.0,0.2699999999999996
results,performance_20260127_101556_model_schedules_m_resnet50_resnext50_shufflenet-v2-12_squeezenet1.0-12_v_y_x4.json,combination_46,23.65,343.0,combination_48,23.91,451.0,0.26000000000000156
results,performance_20260127_020757_model_schedules_g_m_resnet50_resnext50_shufflenet-v2-12_squeezenet1.0-12_t_v_y.json,combination_394,21.77,281.0,combination_277,22.03,478.0,0.26000000000000156
results,performance_20260127_154526_model_schedules_g_m_resnet50_resnext50_shufflenet-v2-12_squeezenet1.0-12_t_v_y_x2.json,combination_105,24.79,286.0,combination_384,25.04,339.0,0.25
results,performance_20260126_220749_model_schedules_g_m_resnet50_resnext50_shufflenet-v2-12_squeezenet1.0-12_t_v_y_x3.json,combination_102,24.55,272.0,combination_302,24.8,297.0,0.25
results,performance_20260127_082216_model_schedules_m_resnet50_resnext50_shufflenet-v2-12_squeezenet1.0-12_v_x2.json,combination_43,26.43,287.0,combination_54,26.67,341.0,0.240000000000002
results,performance_20260127_020757_model_schedules_g_m_resnet50_resnext50_shufflenet-v2-12_squeezenet1.0-12_t_v_y.json,combination_394,21.77,281.0,combination_60,22.01,372.0,0.240000000000002
results,performance_20260127_020757_model_schedules_g_m_resnet50_resnext50_shufflenet-v2-12_squeezenet1.0-12_t_v_y.json,combination_394,21.77,281.0,combination_151,22.0,464.0,0.23000000000000043
results,performance_20260127_055918_model_schedules_g_m_resnet50_resnext50_s_t_x2.json,combination_2,24.58,385.0,combination_19,24.81,589.0,0.23000000000000043
results,performance_20260127_091800_model_schedules_m_resnet50_resnext50_shufflenet-v2-12_squeezenet1.0-12_v_y_x2.json,combination_82,23.18,347.0,combination_49,23.41,488.0,0.23000000000000043
results,performance_20260127_104457_model_schedules_m_resnet50_resnext50_shufflenet-v2-12_squeezenet1.0-12_v_y.json,combination_86,21.67,343.0,combination_26,21.9,434.0,0.22999999999999687
results,performance_20260127_020757_model_schedules_g_m_resnet50_resnext50_shufflenet-v2-12_squeezenet1.0-12_t_v_y.json,combination_394,21.77,281.0,combination_477,21.99,410.0,0.21999999999999886
results,performance_20260126_220749_model_schedules_g_m_resnet50_resnext50_shufflenet-v2-12_squeezenet1.0-12_t_v_y_x3.json,combination_102,24.55,272.0,combination_172,24.77,461.0,0.21999999999999886
results,performance_20260127_104457_model_schedules_m_resnet50_resnext50_shufflenet-v2-12_squeezenet1.0-12_v_y.json,combination_86,21.67,343.0,combination_117,21.89,448.0,0.21999999999999886
results,performance_20260127_000756_model_schedules_g_m_resnet50_resnext50_shufflenet-v2-12_squeezenet1.0-12_t_v_y_x4.json,combination_106,23.8,278.0,combination_314,24.02,342.0,0.21999999999999886
results,performance_20260127_120034_model_schedules_yolov4_x2.json,combination_2,13.23,21.0,combination_1,13.45,23.0,0.21999999999999886
results,performance_20260127_083612_model_schedules_m_resnet50_resnext50_shufflenet-v2-12_squeezenet1.0-12_v_x3.json,combination_17,26.75,270.0,combination_27,26.96,289.0,0.21000000000000085
results,performance_20260127_020757_model_schedules_g_m_resnet50_resnext50_shufflenet-v2-12_squeezenet1.0-12_t_v_y.json,combination_394,21.77,281.0,combination_123,21.98,316.0,0.21000000000000085
results,performance_20260127_020757_model_schedules_g_m_resnet50_resnext50_shufflenet-v2-12_squeezenet1.0-12_t_v_y.json,combination_394,21.77,281.0,combination_357,21.98,406.0,0.21000000000000085
results,performance_20260127_020757_model_schedules_g_m_resnet50_resnext50_shufflenet-v2-12_squeezenet1.0-12_t_v_y.json,combination_394,21.77,281.0,combination_440,21.98,368.0,0.21000000000000085
results,performance_20260127_050340_model_schedules_g_m_resnet50_resnext50_shufflenet-v2-12_squeezenet1.0-12_t_x4.json,combination_13,25.93,266.0,combination_27,26.14,430.0,0.21000000000000085
results,performance_20260127_104457_model_schedules_m_resnet50_resnext50_shufflenet-v2-12_squeezenet1.0-12_v_y.json,combination_86,21.67,343.0,combination_73,21.88,359.0,0.2099999999999973
results,performance_20260127_112810_model_schedules_m_r_t_y_x4.json,combination_11,18.03,825.0,combination_5,18.24,1073.0,0.2099999999999973
results,performance_20260126_171630_model_schedules_g_m_resnet50_resnext50_shufflenet-v2-12_squeezenet1.0-12_t_v_x3.json,combination_67,25.69,165.0,combination_124,25.9,211.0,0.2099999999999973
results,performance_20260127_020757_model_schedules_g_m_resnet50_resnext50_shufflenet-v2-12_squeezenet1.0-12_t_v_y.json,combination_394,21.77,281.0,combination_356,21.97,447.0,0.1999999999999993
results,performance_20260127_020757_model_schedules_g_m_resnet50_resnext50_shufflenet-v2-12_squeezenet1.0-12_t_v_y.json,combination_394,21.77,281.0,combination_367,21.97,422.0,0.1999999999999993
results,performance_20260127_020757_model_schedules_g_m_resnet50_resnext50_shufflenet-v2-12_squeezenet1.0-12_t_v_y.json,combination_394,21.77,281.0,combination_370,21.97,341.0,0.1999999999999993
results,performance_20260127_020757_model_schedules_g_m_resnet50_resnext50_shufflenet-v2-12_squeezenet1.0-12_t_v_y.json,combination_394,21.77,281.0,combination_374,21.97,349.0,0.1999999999999993
results,performance_20260127_104457_model_schedules_m_resnet50_resnext50_shufflenet-v2-12_squeezenet1.0-12_v_y.json,combination_86,21.67,343.0,combination_27,21.86,632.0,0.18999999999999773
results,performance_20260127_112810_model_schedules_m_r_t_y_x4.json,combination_11,18.03,825.0,combination_15,18.22,1019.0,0.18999999999999773
results,performance_20260127_020757_model_schedules_g_m_resnet50_resnext50_shufflenet-v2-12_squeezenet1.0-12_t_v_y.json,combination_394,21.77,281.0,combination_337,21.95,433.0,0.17999999999999972
results,performance_20260127_020757_model_schedules_g_m_resnet50_resnext50_shufflenet-v2-12_squeezenet1.0-12_t_v_y.json,combination_394,21.77,281.0,combination_444,21.95,510.0,0.17999999999999972
results,performance_20260127_020757_model_schedules_g_m_resnet50_resnext50_shufflenet-v2-12_squeezenet1.0-12_t_v_y.json,combination_394,21.77,281.0,combination_501,21.95,337.0,0.17999999999999972
results,performance_20260127_094657_model_schedules_m_resnet50_resnext50_shufflenet-v2-12_squeezenet1.0-12_v_y_x3.json,combination_73,21.4,342.0,combination_31,21.58,480.0,0.17999999999999972
results,performance_20260127_020757_model_schedules_g_m_resnet50_resnext50_shufflenet-v2-12_squeezenet1.0-12_t_v_y.json,combination_394,21.77,281.0,combination_397,21.94,335.0,0.1700000000000017
results,performance_20260127_064106_model_schedules_g_m_resnet50_resnext50_s_t.json,combination_2,22.91,386.0,combination_18,23.08,425.0,0.16999999999999815
results,performance_20260127_000756_model_schedules_g_m_resnet50_resnext50_shufflenet-v2-12_squeezenet1.0-12_t_v_y_x4.json,combination_106,23.8,278.0,combination_311,23.97,335.0,0.16999999999999815
results,performance_20260127_020757_model_schedules_g_m_resnet50_resnext50_shufflenet-v2-12_squeezenet1.0-12_t_v_y.json,combination_394,21.77,281.0,combination_298,21.93,523.0,0.16000000000000014
results,performance_20260127_104457_model_schedules_m_resnet50_resnext50_shufflenet-v2-12_squeezenet1.0-12_v_y.json,combination_86,21.67,343.0,combination_40,21.83,447.0,0.1599999999999966
results,performance_20260127_020757_model_schedules_g_m_resnet50_resnext50_shufflenet-v2-12_squeezenet1.0-12_t_v_y.json,combination_394,21.77,281.0,combination_330,21.92,346.0,0.15000000000000213
results,performance_20260127_020757_model_schedules_g_m_resnet50_resnext50_shufflenet-v2-12_squeezenet1.0-12_t_v_y.json,combination_394,21.77,281.0,combination_450,21.92,364.0,0.15000000000000213
results,performance_20260127_094657_model_schedules_m_resnet50_resnext50_shufflenet-v2-12_squeezenet1.0-12_v_y_x3.json,combination_73,21.4,342.0,combination_84,21.55,449.0,0.15000000000000213
results,performance_20260127_040803_model_schedules_g_m_resnet50_resnext50_shufflenet-v2-12_squeezenet1.0-12_t_x2.json,combination_105,25.07,264.0,combination_11,25.22,267.0,0.14999999999999858
results,performance_20260127_000756_model_schedules_g_m_resnet50_resnext50_shufflenet-v2-12_squeezenet1.0-12_t_v_y_x4.json,combination_106,23.8,278.0,combination_495,23.95,460.0,0.14999999999999858
results,performance_20260127_020757_model_schedules_g_m_resnet50_resnext50_shufflenet-v2-12_squeezenet1.0-12_t_v_y.json,combination_394,21.77,281.0,combination_304,21.91,355.0,0.14000000000000057
results,performance_20260127_050340_model_schedules_g_m_resnet50_resnext50_shufflenet-v2-12_squeezenet1.0-12_t_x4.json,combination_13,25.93,266.0,combination_41,26.07,392.0,0.14000000000000057
results,performance_20260127_112810_model_schedules_m_r_t_y_x4.json,combination_11,18.03,825.0,combination_7,18.17,829.0,0.14000000000000057
results,performance_20260127_104457_model_schedules_m_resnet50_resnext50_shufflenet-v2-12_squeezenet1.0-12_v_y.json,combination_86,21.67,343.0,combination_51,21.81,399.0,0.13999999999999702
results,performance_20260127_101556_model_schedules_m_resnet50_resnext50_shufflenet-v2-12_squeezenet1.0-12_v_y_x4.json,combination_46,23.65,343.0,combination_93,23.78,482.0,0.13000000000000256
results,performance_20260127_080410_model_schedules_g_r_y_x2.json,combination_8,20.04,518.0,combination_7,20.17,531.0,0.13000000000000256
results,performance_20260127_094657_model_schedules_m_resnet50_resnext50_shufflenet-v2-12_squeezenet1.0-12_v_y_x3.json,combination_73,21.4,342.0,combination_43,21.53,562.0,0.13000000000000256
results,performance_20260127_112106_model_schedules_m_r_t_y_x2.json,combination_16,19.38,794.0,combination_14,19.51,806.0,0.13000000000000256
results,performance_20260127_070202_model_schedules_g_m_resnet50_resnext50_t_x3.json,combination_14,24.77,636.0,combination_30,24.9,1061.0,0.129999999999999
results,performance_20260127_020757_model_schedules_g_m_resnet50_resnext50_shufflenet-v2-12_squeezenet1.0-12_t_v_y.json,combination_394,21.77,281.0,combination_369,21.9,482.0,0.129999999999999
results,performance_20260127_020757_model_schedules_g_m_resnet50_resnext50_shufflenet-v2-12_squeezenet1.0-12_t_v_y.json,combination_394,21.77,281.0,combination_41,21.9,442.0,0.129999999999999
results,performance_20260127_065502_model_schedules_g_m_resnet50_resnext50_t_x2.json,combination_19,24.41,640.0,combination_20,24.54,688.0,0.129999999999999
results,performance_20260127_104457_model_schedules_m_resnet50_resnext50_shufflenet-v2-12_squeezenet1.0-12_v_y.json,combination_86,21.67,343.0,combination_31,21.8,471.0,0.129999999999999
results,performance_20260127_000756_model_schedules_g_m_resnet50_resnext50_shufflenet-v2-12_squeezenet1.0-12_t_v_y_x4.json,combination_106,23.8,278.0,combination_219,23.93,381.0,0.129999999999999
results,performance_20260127_191853_model_schedules_g_m_resnet50_resnext50_shufflenet-v2-12_squeezenet1.0-12_t_v.json,combination_95,28.2,173.0,combination_204,28.32,252.0,0.120000000000001
results,performance_20260127_020757_model_schedules_g_m_resnet50_resnext50_shufflenet-v2-12_squeezenet1.0-12_t_v_y.json,combination_394,21.77,281.0,combination_273,21.89,331.0,0.120000000000001
results,performance_20260127_020757_model_schedules_g_m_resnet50_resnext50_shufflenet-v2-12_squeezenet1.0-12_t_v_y.json,combination_394,21.77,281.0,combination_469,21.89,513.0,0.120000000000001
results,performance_20260127_000756_model_schedules_g_m_resnet50_resnext50_shufflenet-v2-12_squeezenet1.0-12_t_v_y_x4.json,combination_106,23.8,278.0,combination_447,23.92,336.0,0.120000000000001
results,performance_20260127_120103_model_schedules_yolov4_x3.json,combination_2,13.3,94.0,combination_1,13.42,96.0,0.11999999999999922
results,performance_20260127_094657_model_schedules_m_resnet50_resnext50_shufflenet-v2-12_squeezenet1.0-12_v_y_x3.json,combination_73,21.4,342.0,combination_78,21.51,605.0,0.11000000000000298
results,performance_20260127_154526_model_schedules_g_m_resnet50_resnext50_shufflenet-v2-12_squeezenet1.0-12_t_v_y_x2.json,combination_105,24.79,286.0,combination_258,24.9,360.0,0.10999999999999943
results,performance_20260127_043551_model_schedules_g_m_resnet50_resnext50_shufflenet-v2-12_squeezenet1.0-12_t_x3.json,combination_94,26.85,291.0,combination_76,26.96,313.0,0.10999999999999943
results,performance_20260127_020757_model_schedules_g_m_resnet50_resnext50_shufflenet-v2-12_squeezenet1.0-12_t_v_y.json,combination_394,21.77,281.0,combination_362,21.88,324.0,0.10999999999999943
results,performance_20260127_104457_model_schedules_m_resnet50_resnext50_shufflenet-v2-12_squeezenet1.0-12_v_y.json,combination_86,21.67,343.0,combination_112,21.78,573.0,0.10999999999999943
results,performance_20260127_000756_model_schedules_g_m_resnet50_resnext50_shufflenet-v2-12_squeezenet1.0-12_t_v_y_x4.json,combination_106,23.8,278.0,combination_446,23.91,433.0,0.10999999999999943
results,performance_20260127_020757_model_schedules_g_m_resnet50_resnext50_shufflenet-v2-12_squeezenet1.0-12_t_v_y.json,combination_394,21.77,281.0,combination_303,21.87,363.0,0.10000000000000142
results,performance_20260127_050340_model_schedules_g_m_resnet50_resnext50_shufflenet-v2-12_squeezenet1.0-12_t_x4.json,combination_13,25.93,266.0,combination_62,26.03,312.0,0.10000000000000142
results,performance_20260127_091800_model_schedules_m_resnet50_resnext50_shufflenet-v2-12_squeezenet1.0-12_v_y_x2.json,combination_82,23.18,347.0,combination_103,23.28,435.0,0.10000000000000142
results,performance_20260127_191853_model_schedules_g_m_resnet50_resnext50_shufflenet-v2-12_squeezenet1.0-12_t_v.json,combination_95,28.2,173.0,combination_248,28.29,384.0,0.08999999999999986
results,performance_20260127_104457_model_schedules_m_resnet50_resnext50_shufflenet-v2-12_squeezenet1.0-12_v_y.json,combination_86,21.67,343.0,combination_108,21.76,539.0,0.08999999999999986
results,performance_20260126_171630_model_schedules_g_m_resnet50_resnext50_shufflenet-v2-12_squeezenet1.0-12_t_v_x3.json,combination_67,25.69,165.0,combination_114,25.78,321.0,0.08999999999999986
results,performance_20260127_082216_model_schedules_m_resnet50_resnext50_shufflenet-v2-12_squeezenet1.0-12_v_x2.json,combination_43,26.43,287.0,combination_52,26.51,370.0,0.08000000000000185
results,performance_20260127_020757_model_schedules_g_m_resnet50_resnext50_shufflenet-v2-12_squeezenet1.0-12_t_v_y.json,combination_394,21.77,281.0,combination_452,21.85,428.0,0.08000000000000185
results,performance_20260127_020757_model_schedules_g_m_resnet50_resnext50_shufflenet-v2-12_squeezenet1.0-12_t_v_y.json,combination_394,21.77,281.0,combination_80,21.85,419.0,0.08000000000000185
results,performance_20260127_055918_model_schedules_g_m_resnet50_resnext50_s_t_x2.json,combination_2,24.58,385.0,combination_5,24.66,518.0,0.08000000000000185
results,performance_20260127_000756_model_schedules_g_m_resnet50_resnext50_shufflenet-v2-12_squeezenet1.0-12_t_v_y_x4.json,combination_106,23.8,278.0,combination_493,23.88,340.0,0.0799999999999983
results,performance_20260127_114230_model_schedules_r_t_v_y_x3.json,combination_13,19.24,536.0,combination_4,19.31,667.0,0.07000000000000028
results,performance_20260127_191853_model_schedules_g_m_resnet50_resnext50_shufflenet-v2-12_squeezenet1.0-12_t_v.json,combination_95,28.2,173.0,combination_31,28.27,203.0,0.07000000000000028
results,performance_20260127_043551_model_schedules_g_m_resnet50_resnext50_shufflenet-v2-12_squeezenet1.0-12_t_x3.json,combination_94,26.85,291.0,combination_21,26.92,304.0,0.07000000000000028
results,performance_20260127_020757_model_schedules_g_m_resnet50_resnext50_shufflenet-v2-12_squeezenet1.0-12_t_v_y.json,combination_394,21.77,281.0,combination_293,21.84,492.0,0.07000000000000028
results,performance_20260127_072634_model_schedules_g_m_r_t_x3.json,combination_4,26.47,699.0,combination_10,26.54,876.0,0.07000000000000028
results,performance_20260126_171630_model_schedules_g_m_resnet50_resnext50_shufflenet-v2-12_squeezenet1.0-12_t_v_x3.json,combination_67,25.69,165.0,combination_178,25.76,222.0,0.07000000000000028
results,performance_20260127_055918_model_schedules_g_m_resnet50_resnext50_s_t_x2.json,combination_2,24.58,385.0,combination_54,24.64,488.0,0.060000000000002274
results,performance_20260127_020757_model_schedules_g_m_resnet50_resnext50_shufflenet-v2-12_squeezenet1.0-12_t_v_y.json,combination_394,21.77,281.0,combination_474,21.83,440.0,0.05999999999999872
results,performance_20260127_020757_model_schedules_g_m_resnet50_resnext50_shufflenet-v2-12_squeezenet1.0-12_t_v_y.json,combination_394,21.77,281.0,combination_510,21.83,466.0,0.05999999999999872
results,performance_20260127_104457_model_schedules_m_resnet50_resnext50_shufflenet-v2-12_squeezenet1.0-12_v_y.json,combination_86,21.67,343.0,combination_121,21.73,422.0,0.05999999999999872
results,performance_20260127_000756_model_schedules_g_m_resnet50_resnext50_shufflenet-v2-12_squeezenet1.0-12_t_v_y_x4.json,combination_106,23.8,278.0,combination_416,23.86,341.0,0.05999999999999872
results,performance_20260127_000756_model_schedules_g_m_resnet50_resnext50_shufflenet-v2-12_squeezenet1.0-12_t_v_y_x4.json,combination_106,23.8,278.0,combination_460,23.86,386.0,0.05999999999999872
results,performance_20260127_061314_model_schedules_g_m_resnet50_resnext50_s_t_x3.json,combination_50,24.85,394.0,combination_24,24.91,558.0,0.05999999999999872
results,performance_20260127_020757_model_schedules_g_m_resnet50_resnext50_shufflenet-v2-12_squeezenet1.0-12_t_v_y.json,combination_394,21.77,281.0,combination_267,21.82,354.0,0.05000000000000071
results,performance_20260127_064106_model_schedules_g_m_resnet50_resnext50_s_t.json,combination_2,22.91,386.0,combination_30,22.96,527.0,0.05000000000000071
results,performance_20260127_000756_model_schedules_g_m_resnet50_resnext50_shufflenet-v2-12_squeezenet1.0-12_t_v_y_x4.json,combination_106,23.8,278.0,combination_101,23.85,298.0,0.05000000000000071
results,performance_20260127_000756_model_schedules_g_m_resnet50_resnext50_shufflenet-v2-12_squeezenet1.0-12_t_v_y_x4.json,combination_106,23.8,278.0,combination_123,23.85,309.0,0.05000000000000071
results,performance_20260126_171630_model_schedules_g_m_resnet50_resnext50_shufflenet-v2-12_squeezenet1.0-12_t_v_x3.json,combination_67,25.69,165.0,combination_94,25.74,196.0,0.04999999999999716
results,performance_20260127_020757_model_schedules_g_m_resnet50_resnext50_shufflenet-v2-12_squeezenet1.0-12_t_v_y.json,combination_394,21.77,281.0,combination_355,21.81,349.0,0.03999999999999915
results,performance_20260127_020757_model_schedules_g_m_resnet50_resnext50_shufflenet-v2-12_squeezenet1.0-12_t_v_y.json,combination_394,21.77,281.0,combination_427,21.81,355.0,0.03999999999999915
results,performance_20260127_062710_model_schedules_g_m_resnet50_resnext50_s_t_x4.json,combination_48,25.29,383.0,combination_40,25.33,421.0,0.03999999999999915
results,performance_20260127_154526_model_schedules_g_m_resnet50_resnext50_shufflenet-v2-12_squeezenet1.0-12_t_v_y_x2.json,combination_105,24.79,286.0,combination_252,24.82,317.0,0.030000000000001137
results,performance_20260127_020757_model_schedules_g_m_resnet50_resnext50_shufflenet-v2-12_squeezenet1.0-12_t_v_y.json,combination_394,21.77,281.0,combination_240,21.8,350.0,0.030000000000001137
results,performance_20260127_040803_model_schedules_g_m_resnet50_resnext50_shufflenet-v2-12_squeezenet1.0-12_t_x2.json,combination_105,25.07,264.0,combination_116,25.1,323.0,0.030000000000001137
results,performance_20260127_020757_model_schedules_g_m_resnet50_resnext50_shufflenet-v2-12_squeezenet1.0-12_t_v_y.json,combination_394,21.77,281.0,combination_285,21.79,339.0,0.019999999999999574
results,performance_20260127_050340_model_schedules_g_m_resnet50_resnext50_shufflenet-v2-12_squeezenet1.0-12_t_x4.json,combination_13,25.93,266.0,combination_32,25.95,346.0,0.019999999999999574
results,performance_20260127_191853_model_schedules_g_m_resnet50_resnext50_shufflenet-v2-12_squeezenet1.0-12_t_v.json,combination_95,28.2,173.0,combination_74,28.21,232.0,0.010000000000001563
results,performance_20260127_020757_model_schedules_g_m_resnet50_resnext50_shufflenet-v2-12_squeezenet1.0-12_t_v_y.json,combination_394,21.77,281.0,combination_31,21.78,496.0,0.010000000000001563
results,performance_20260127_020757_model_schedules_g_m_resnet50_resnext50_shufflenet-v2-12_squeezenet1.0-12_t_v_y.json,combination_394,21.77,281.0,combination_89,21.78,313.0,0.010000000000001563
results,performance_20260127_091800_model_schedules_m_resnet50_resnext50_shufflenet-v2-12_squeezenet1.0-12_v_y_x2.json,combination_82,23.18,347.0,combination_31,23.19,502.0,0.010000000000001563
results,performance_20260127_104457_model_schedules_m_resnet50_resnext50_shufflenet-v2-12_squeezenet1.0-12_v_y.json,combination_86,21.67,343.0,combination_116,21.68,576.0,0.00999999999999801
