# provenance: {"generated_at": "2026-07-29T18:41:17+09:00", "git_commit": "c37c5bd761fbbe8ea50202b2aca82eb9b17fca1b (pre-commit HEAD)", "alpha": 0.3, "beta": 1.0, "seed": 42, "input_data": ["/home/msyu/PycharmProjects/multimodel-scheduling-mobilint/xgboost_model/full_collection_540/cpu_gpu/performance_gpu_full540.json", "/home/msyu/PycharmProjects/multimodel-scheduling-mobilint/xgboost_model/full_collection_540/cpu_npu/performance_npu_full540.json"], "experiment": "P6 view-level oof"}
platform,combination,model,dev,eff_fps,ratio_raw,target,pred
gpu,combination_401,mobilenet_v2,cpu,814.332,0.0360,0.0360,0.0407
gpu,combination_401,resnet50,gpu,314.664,0.1490,0.1490,0.1608
gpu,combination_401,yolo11s,gpu,89.856,0.3196,0.3196,0.3494
gpu,combination_401,yolo11m,cpu,18.106,0.0514,0.0514,0.0537
gpu,combination_401,yolo11l,cpu,13.968,0.0501,0.0501,0.0528
gpu,combination_401,yolo11x,cpu,7.065,0.0580,0.0580,0.0608
gpu,combination_416,mobilenet_v2,gpu,1285.347,0.0735,0.0735,0.0717
gpu,combination_416,resnet50,cpu,157.332,0.2233,0.2233,0.2545
gpu,combination_416,yolo11s,gpu,89.856,0.3847,0.3847,0.5129
gpu,combination_416,yolo11m,gpu,36.212,0.8746,0.8746,0.8657
gpu,combination_416,yolo11l,gpu,27.936,0.8992,0.8992,0.8968
gpu,combination_416,yolo11x,gpu,14.130,0.9271,0.9271,0.9436
gpu,combination_391,mobilenet_v2,gpu,1221.498,0.0632,0.0632,0.0682
gpu,combination_391,resnet50,gpu,235.998,0.3267,0.3267,0.3541
gpu,combination_391,yolo11s,gpu,67.392,0.6419,0.6419,0.6618
gpu,combination_391,yolo11m,gpu,27.159,0.8535,0.8535,0.8652
gpu,combination_391,yolo11l,cpu,13.968,0.1181,0.1181,0.1203
gpu,combination_391,yolo11x,gpu,10.598,0.9124,0.9124,0.9115
gpu,combination_361,mobilenet_v2,gpu,814.332,0.0994,0.0994,0.0941
gpu,combination_361,resnet50,gpu,157.332,0.4880,0.4880,0.4942
gpu,combination_361,yolo11s,gpu,44.928,0.8342,0.8342,0.8432
gpu,combination_361,yolo11m,cpu,18.106,0.1337,0.1337,0.1471
gpu,combination_361,yolo11l,gpu,13.968,0.9049,0.9049,0.9209
gpu,combination_361,yolo11x,gpu,7.065,0.9455,0.9455,0.9353
gpu,combination_368,mobilenet_v2,gpu,814.332,0.1189,0.1189,0.1260
gpu,combination_368,resnet50,cpu,157.332,0.3474,0.3474,0.3108
gpu,combination_368,yolo11s,gpu,44.928,0.8963,0.8963,0.8806
gpu,combination_368,yolo11m,gpu,18.106,0.9411,0.9411,0.9387
gpu,combination_368,yolo11l,gpu,13.968,0.9515,0.9515,0.9403
gpu,combination_368,yolo11x,gpu,7.065,0.9894,0.9894,0.9610
gpu,combination_394,mobilenet_v2,gpu,1221.498,0.0408,0.0408,0.0337
gpu,combination_394,resnet50,cpu,157.332,0.0249,0.0249,0.0261
gpu,combination_394,yolo11s,cpu,44.928,0.0336,0.0336,0.0338
gpu,combination_394,yolo11m,cpu,18.106,0.0414,0.0414,0.0421
gpu,combination_394,yolo11l,cpu,13.968,0.0401,0.0401,0.0403
gpu,combination_394,yolo11x,cpu,7.065,0.0453,0.0453,0.0519
gpu,combination_384,mobilenet_v2,cpu,814.332,0.0434,0.0434,0.0478
gpu,combination_384,resnet50,gpu,235.998,0.2520,0.2520,0.2737
gpu,combination_384,yolo11s,gpu,67.392,0.6378,0.6378,0.5862
gpu,combination_384,yolo11m,cpu,18.106,0.0724,0.0724,0.0735
gpu,combination_384,yolo11l,gpu,20.952,0.8209,0.8209,0.8353
gpu,combination_384,yolo11x,cpu,7.065,0.0835,0.0835,0.0946
gpu,combination_408,mobilenet_v2,cpu,814.332,0.0515,0.0515,0.0497
gpu,combination_408,resnet50,gpu,314.664,0.1866,0.1866,0.2024
gpu,combination_408,yolo11s,gpu,89.856,0.3870,0.3870,0.4457
gpu,combination_408,yolo11m,cpu,18.106,0.0635,0.0635,0.0727
gpu,combination_408,yolo11l,gpu,27.936,0.7700,0.7700,0.7809
gpu,combination_408,yolo11x,cpu,7.065,0.0878,0.0878,0.0833
gpu,combination_419,mobilenet_v2,gpu,1285.347,0.0415,0.0415,0.0414
gpu,combination_419,resnet50,gpu,314.664,0.1639,0.1639,0.1758
gpu,combination_419,yolo11s,cpu,44.928,0.0385,0.0385,0.0459
gpu,combination_419,yolo11m,gpu,36.212,0.6791,0.6791,0.7192
gpu,combination_419,yolo11l,cpu,13.968,0.0444,0.0444,0.0525
gpu,combination_419,yolo11x,cpu,7.065,0.0580,0.0580,0.0604
gpu,combination_349,mobilenet_v2,cpu,814.332,0.0209,0.0209,0.0191
gpu,combination_349,resnet50,cpu,157.332,0.0163,0.0163,0.0136
gpu,combination_349,yolo11s,cpu,44.928,0.0187,0.0187,0.0219
gpu,combination_349,yolo11m,cpu,18.106,0.0304,0.0304,0.0249
gpu,combination_349,yolo11l,cpu,13.968,0.0251,0.0251,0.0220
gpu,combination_349,yolo11x,cpu,7.065,0.0340,0.0340,0.0435
gpu,combination_409,mobilenet_v2,gpu,1285.347,0.0597,0.0597,0.0574
gpu,combination_409,resnet50,gpu,314.664,0.2425,0.2425,0.2899
gpu,combination_409,yolo11s,gpu,89.856,0.4328,0.4328,0.4932
gpu,combination_409,yolo11m,cpu,18.106,0.1176,0.1176,0.1158
gpu,combination_409,yolo11l,gpu,27.936,0.8469,0.8469,0.8858
gpu,combination_409,yolo11x,gpu,14.130,0.8882,0.8882,0.9040
gpu,combination_365,mobilenet_v2,cpu,814.332,0.0406,0.0406,0.0398
gpu,combination_365,resnet50,gpu,157.332,0.3388,0.3388,0.3378
gpu,combination_365,yolo11s,cpu,44.928,0.0441,0.0441,0.0417
gpu,combination_365,yolo11m,gpu,18.106,0.8489,0.8489,0.8439
gpu,combination_365,yolo11l,cpu,13.968,0.0508,0.0508,0.0504
gpu,combination_365,yolo11x,cpu,7.065,0.0594,0.0594,0.0746
gpu,combination_417,mobilenet_v2,cpu,814.332,0.0262,0.0262,0.0267
gpu,combination_417,resnet50,cpu,157.332,0.0236,0.0236,0.0229
gpu,combination_417,yolo11s,cpu,44.928,0.0249,0.0249,0.0302
gpu,combination_417,yolo11m,cpu,18.106,0.0342,0.0342,0.0352
gpu,combination_417,yolo11l,cpu,13.968,0.0315,0.0315,0.0348
gpu,combination_417,yolo11x,gpu,14.130,0.8252,0.8252,0.8055
gpu,combination_413,mobilenet_v2,cpu,814.332,0.0396,0.0396,0.0407
gpu,combination_413,resnet50,gpu,314.664,0.1650,0.1650,0.1771
gpu,combination_413,yolo11s,cpu,44.928,0.0405,0.0405,0.0473
gpu,combination_413,yolo11m,gpu,36.212,0.5976,0.5976,0.6732
gpu,combination_413,yolo11l,cpu,13.968,0.0487,0.0487,0.0528
gpu,combination_413,yolo11x,cpu,7.065,0.0594,0.0594,0.0608
gpu,combination_354,mobilenet_v2,gpu,814.332,0.0791,0.0791,0.0815
gpu,combination_354,resnet50,gpu,157.332,0.3941,0.3941,0.3969
gpu,combination_354,yolo11s,cpu,44.928,0.0543,0.0543,0.0585
gpu,combination_354,yolo11m,gpu,18.106,0.8577,0.8577,0.8460
gpu,combination_354,yolo11l,cpu,13.968,0.0680,0.0680,0.0728
gpu,combination_354,yolo11x,gpu,7.065,0.9257,0.9257,0.8591
gpu,combination_380,mobilenet_v2,gpu,1221.498,0.0763,0.0763,0.0889
gpu,combination_380,resnet50,gpu,235.998,0.3950,0.3950,0.4057
gpu,combination_380,yolo11s,cpu,44.928,0.3717,0.3717,0.3683
gpu,combination_380,yolo11m,gpu,27.159,0.9028,0.9028,0.8985
gpu,combination_380,yolo11l,gpu,20.952,0.9145,0.9145,0.9176
gpu,combination_380,yolo11x,gpu,10.598,0.9473,0.9473,0.9357
gpu,combination_353,mobilenet_v2,cpu,814.332,0.0432,0.0432,0.0398
gpu,combination_353,resnet50,gpu,157.332,0.3387,0.3387,0.3395
gpu,combination_353,yolo11s,gpu,44.928,0.6991,0.6991,0.6803
gpu,combination_353,yolo11m,cpu,18.106,0.0447,0.0447,0.0517
gpu,combination_353,yolo11l,cpu,13.968,0.0458,0.0458,0.0503
gpu,combination_353,yolo11x,cpu,7.065,0.0594,0.0594,0.0744
gpu,combination_363,mobilenet_v2,cpu,814.332,0.0279,0.0279,0.0262
gpu,combination_363,resnet50,cpu,157.332,0.0233,0.0233,0.0184
gpu,combination_363,yolo11s,cpu,44.928,0.0287,0.0287,0.0270
gpu,combination_363,yolo11m,cpu,18.106,0.0348,0.0348,0.0340
gpu,combination_363,yolo11l,cpu,13.968,0.0329,0.0329,0.0325
gpu,combination_363,yolo11x,cpu,7.065,0.0354,0.0354,0.0517
gpu,combination_371,mobilenet_v2,gpu,814.332,0.0661,0.0661,0.0771
gpu,combination_371,resnet50,gpu,157.332,0.3271,0.3271,0.3411
gpu,combination_371,yolo11s,cpu,44.928,0.0383,0.0383,0.0454
gpu,combination_371,yolo11m,gpu,18.106,0.8185,0.8185,0.8458
gpu,combination_371,yolo11l,cpu,13.968,0.0458,0.0458,0.0550
gpu,combination_371,yolo11x,cpu,7.065,0.0594,0.0594,0.0774
gpu,combination_377,mobilenet_v2,cpu,814.332,0.0402,0.0402,0.0383
gpu,combination_377,resnet50,gpu,235.998,0.2002,0.2002,0.2330
gpu,combination_377,yolo11s,gpu,67.392,0.4750,0.4750,0.4911
gpu,combination_377,yolo11m,cpu,18.106,0.0492,0.0492,0.0504
gpu,combination_377,yolo11l,cpu,13.968,0.0444,0.0444,0.0482
gpu,combination_377,yolo11x,cpu,7.065,0.0609,0.0609,0.0603
gpu,combination_360,mobilenet_v2,cpu,814.332,0.0529,0.0529,0.0522
gpu,combination_360,resnet50,gpu,157.332,0.3946,0.3946,0.3852
gpu,combination_360,yolo11s,gpu,44.928,0.7461,0.7461,0.7608
gpu,combination_360,yolo11m,cpu,18.106,0.0735,0.0735,0.0750
gpu,combination_360,yolo11l,gpu,13.968,0.8641,0.8641,0.8587
gpu,combination_360,yolo11x,cpu,7.065,0.0835,0.0835,0.0985
gpu,combination_385,mobilenet_v2,gpu,1221.498,0.0631,0.0631,0.0679
gpu,combination_385,resnet50,gpu,235.998,0.3264,0.3264,0.3541
gpu,combination_385,yolo11s,gpu,67.392,0.6311,0.6311,0.6618
gpu,combination_385,yolo11m,cpu,18.106,0.1204,0.1204,0.1193
gpu,combination_385,yolo11l,gpu,20.952,0.8615,0.8615,0.8826
gpu,combination_385,yolo11x,gpu,10.598,0.9030,0.9030,0.9115
gpu,combination_411,mobilenet_v2,cpu,814.332,0.0299,0.0299,0.0291
gpu,combination_411,resnet50,cpu,157.332,0.0235,0.0235,0.0238
gpu,combination_411,yolo11s,cpu,44.928,0.0267,0.0267,0.0307
gpu,combination_411,yolo11m,cpu,18.106,0.0348,0.0348,0.0361
gpu,combination_411,yolo11l,cpu,13.968,0.0272,0.0272,0.0355
gpu,combination_411,yolo11x,cpu,7.065,0.0410,0.0410,0.0440
gpu,combination_398,mobilenet_v2,gpu,1285.347,0.0986,0.0986,0.0822
gpu,combination_398,resnet50,gpu,314.664,0.4002,0.4002,0.4375
gpu,combination_398,yolo11s,gpu,89.856,0.2408,0.2408,0.4380
gpu,combination_398,yolo11m,gpu,36.212,0.7075,0.7075,0.8456
gpu,combination_398,yolo11l,gpu,27.936,0.7603,0.7603,0.8754
gpu,combination_398,yolo11x,gpu,14.130,0.9717,0.9717,0.9648
gpu,combination_373,mobilenet_v2,cpu,814.332,0.0207,0.0207,0.0193
gpu,combination_373,resnet50,cpu,157.332,0.0173,0.0173,0.0160
gpu,combination_373,yolo11s,cpu,44.928,0.0243,0.0243,0.0192
gpu,combination_373,yolo11m,cpu,18.106,0.0260,0.0260,0.0260
gpu,combination_373,yolo11l,cpu,13.968,0.0265,0.0265,0.0241
gpu,combination_373,yolo11x,cpu,7.065,0.0311,0.0311,0.0404
gpu,combination_414,mobilenet_v2,cpu,814.332,0.0537,0.0537,0.0498
gpu,combination_414,resnet50,gpu,314.664,0.1938,0.1938,0.2027
gpu,combination_414,yolo11s,cpu,44.928,0.0581,0.0581,0.0616
gpu,combination_414,yolo11m,cpu,18.106,0.0735,0.0735,0.0729
gpu,combination_414,yolo11l,gpu,27.936,0.7925,0.7925,0.7937
gpu,combination_414,yolo11x,gpu,14.130,0.8443,0.8443,0.8546
gpu,combination_399,mobilenet_v2,cpu,814.332,0.0269,0.0269,0.0269
gpu,combination_399,resnet50,cpu,157.332,0.0178,0.0178,0.0230
gpu,combination_399,yolo11s,cpu,44.928,0.0283,0.0283,0.0302
gpu,combination_399,yolo11m,cpu,18.106,0.0326,0.0326,0.0353
gpu,combination_399,yolo11l,gpu,27.936,0.5631,0.5631,0.6221
gpu,combination_399,yolo11x,cpu,7.065,0.0382,0.0382,0.0423
gpu,combination_395,mobilenet_v2,gpu,1221.498,0.0441,0.0441,0.0479
gpu,combination_395,resnet50,gpu,235.998,0.2203,0.2203,0.2566
gpu,combination_395,yolo11s,cpu,44.928,0.0421,0.0421,0.0402
gpu,combination_395,yolo11m,gpu,27.159,0.7883,0.7883,0.8049
gpu,combination_395,yolo11l,cpu,13.968,0.0465,0.0465,0.0475
gpu,combination_395,yolo11x,cpu,7.065,0.0538,0.0538,0.0571
gpu,combination_412,mobilenet_v2,cpu,814.332,0.0344,0.0344,0.0331
gpu,combination_412,resnet50,cpu,157.332,0.0271,0.0271,0.0302
gpu,combination_412,yolo11s,cpu,44.928,0.0280,0.0280,0.0376
gpu,combination_412,yolo11m,gpu,36.212,0.6735,0.6735,0.5871
gpu,combination_412,yolo11l,cpu,13.968,0.0358,0.0358,0.0424
gpu,combination_412,yolo11x,cpu,7.065,0.0481,0.0481,0.0503
gpu,combination_381,mobilenet_v2,cpu,814.332,0.0259,0.0259,0.0271
gpu,combination_381,resnet50,cpu,157.332,0.0212,0.0212,0.0213
gpu,combination_381,yolo11s,gpu,67.392,0.2923,0.2923,0.3365
gpu,combination_381,yolo11m,cpu,18.106,0.0298,0.0298,0.0331
gpu,combination_381,yolo11l,cpu,13.968,0.0308,0.0308,0.0318
gpu,combination_381,yolo11x,cpu,7.065,0.0340,0.0340,0.0388
gpu,combination_406,mobilenet_v2,gpu,1285.347,0.0369,0.0369,0.0324
gpu,combination_406,resnet50,gpu,314.664,0.1387,0.1387,0.1601
gpu,combination_406,yolo11s,cpu,44.928,0.0327,0.0327,0.0363
gpu,combination_406,yolo11m,cpu,18.106,0.0392,0.0392,0.0429
gpu,combination_406,yolo11l,cpu,13.968,0.0387,0.0387,0.0422
gpu,combination_406,yolo11x,cpu,7.065,0.0453,0.0453,0.0503
gpu,combination_386,mobilenet_v2,gpu,1221.498,0.0768,0.0768,0.0666
gpu,combination_386,resnet50,gpu,235.998,0.3972,0.3972,0.3937
gpu,combination_386,yolo11s,gpu,67.392,0.5726,0.5726,0.5905
gpu,combination_386,yolo11m,gpu,27.159,0.8918,0.8918,0.8981
gpu,combination_386,yolo11l,gpu,20.952,0.9021,0.9021,0.9104
gpu,combination_386,yolo11x,cpu,7.065,0.3991,0.3991,0.3835
gpu,combination_415,mobilenet_v2,gpu,1285.347,0.0585,0.0585,0.0574
gpu,combination_415,resnet50,gpu,314.664,0.2369,0.2369,0.2899
gpu,combination_415,yolo11s,gpu,89.856,0.4399,0.4399,0.4932
gpu,combination_415,yolo11m,gpu,36.212,0.8334,0.8334,0.8536
gpu,combination_415,yolo11l,cpu,13.968,0.1153,0.1153,0.1185
gpu,combination_415,yolo11x,gpu,14.130,0.8917,0.8917,0.9040
gpu,combination_404,mobilenet_v2,gpu,1285.347,0.0752,0.0752,0.0691
gpu,combination_404,resnet50,gpu,314.664,0.3069,0.3069,0.3319
gpu,combination_404,yolo11s,cpu,44.928,0.2858,0.2858,0.3758
gpu,combination_404,yolo11m,gpu,36.212,0.8486,0.8486,0.8602
gpu,combination_404,yolo11l,gpu,27.936,0.8938,0.8938,0.8993
gpu,combination_404,yolo11x,gpu,14.130,0.9257,0.9257,0.9402
gpu,combination_350,mobilenet_v2,gpu,814.332,0.1672,0.1672,0.1500
gpu,combination_350,resnet50,gpu,157.332,0.7471,0.7471,0.6630
gpu,combination_350,yolo11s,gpu,44.928,0.9132,0.9132,0.8366
gpu,combination_350,yolo11m,gpu,18.106,0.9649,0.9649,0.9045
gpu,combination_350,yolo11l,gpu,13.968,0.9744,0.9744,0.9141
gpu,combination_350,yolo11x,gpu,7.065,0.9908,0.9908,0.9455
gpu,combination_356,mobilenet_v2,gpu,814.332,0.1187,0.1187,0.1237
gpu,combination_356,resnet50,gpu,157.332,0.5717,0.5717,0.5200
gpu,combination_356,yolo11s,cpu,44.928,0.4122,0.4122,0.4039
gpu,combination_356,yolo11m,gpu,18.106,0.9223,0.9223,0.9273
gpu,combination_356,yolo11l,gpu,13.968,0.9336,0.9336,0.9356
gpu,combination_356,yolo11x,gpu,7.065,0.9851,0.9851,0.9643
gpu,combination_400,mobilenet_v2,cpu,814.332,0.0323,0.0323,0.0326
gpu,combination_400,resnet50,cpu,157.332,0.0263,0.0263,0.0297
gpu,combination_400,yolo11s,gpu,89.856,0.2555,0.2555,0.3211
gpu,combination_400,yolo11m,cpu,18.106,0.0392,0.0392,0.0429
gpu,combination_400,yolo11l,cpu,13.968,0.0351,0.0351,0.0423
gpu,combination_400,yolo11x,gpu,14.130,0.7905,0.7905,0.7926
gpu,combination_359,mobilenet_v2,gpu,814.332,0.0673,0.0673,0.0729
gpu,combination_359,resnet50,gpu,157.332,0.3347,0.3347,0.3397
gpu,combination_359,yolo11s,cpu,44.928,0.0398,0.0398,0.0437
gpu,combination_359,yolo11m,cpu,18.106,0.0530,0.0530,0.0518
gpu,combination_359,yolo11l,cpu,13.968,0.0487,0.0487,0.0506
gpu,combination_359,yolo11x,gpu,7.065,0.9186,0.9186,0.8558
gpu,combination_352,mobilenet_v2,cpu,814.332,0.0289,0.0289,0.0343
gpu,combination_352,resnet50,cpu,157.332,0.0283,0.0283,0.0261
gpu,combination_352,yolo11s,gpu,44.928,0.4859,0.4859,0.5822
gpu,combination_352,yolo11m,cpu,18.106,0.0409,0.0409,0.0434
gpu,combination_352,yolo11l,cpu,13.968,0.0336,0.0336,0.0407
gpu,combination_352,yolo11x,gpu,7.065,0.8846,0.8846,0.8692
gpu,combination_383,mobilenet_v2,gpu,1221.498,0.0455,0.0455,0.0503
gpu,combination_383,resnet50,gpu,235.998,0.2289,0.2289,0.2566
gpu,combination_383,yolo11s,cpu,44.928,0.0383,0.0383,0.0439
gpu,combination_383,yolo11m,cpu,18.106,0.0508,0.0508,0.0524
gpu,combination_383,yolo11l,cpu,13.968,0.0458,0.0458,0.0508
gpu,combination_383,yolo11x,gpu,10.598,0.8756,0.8756,0.8491
gpu,combination_402,mobilenet_v2,gpu,1285.347,0.0482,0.0482,0.0426
gpu,combination_402,resnet50,gpu,314.664,0.1940,0.1940,0.2122
gpu,combination_402,yolo11s,cpu,44.928,0.0552,0.0552,0.0593
gpu,combination_402,yolo11m,gpu,36.212,0.7613,0.7613,0.7653
gpu,combination_402,yolo11l,cpu,13.968,0.0659,0.0659,0.0757
gpu,combination_402,yolo11x,gpu,14.130,0.8436,0.8436,0.8576
gpu,combination_367,mobilenet_v2,gpu,814.332,0.0981,0.0981,0.0933
gpu,combination_367,resnet50,gpu,157.332,0.4858,0.4858,0.4901
gpu,combination_367,yolo11s,gpu,44.928,0.8422,0.8422,0.8390
gpu,combination_367,yolo11m,gpu,18.106,0.8991,0.8991,0.9088
gpu,combination_367,yolo11l,cpu,13.968,0.1267,0.1267,0.1451
gpu,combination_367,yolo11x,gpu,7.065,0.9498,0.9498,0.9353
gpu,combination_397,mobilenet_v2,cpu,814.332,0.0205,0.0205,0.0256
gpu,combination_397,resnet50,cpu,157.332,0.0186,0.0186,0.0198
gpu,combination_397,yolo11s,cpu,44.928,0.0231,0.0231,0.0254
gpu,combination_397,yolo11m,cpu,18.106,0.0293,0.0293,0.0316
gpu,combination_397,yolo11l,cpu,13.968,0.0272,0.0272,0.0315
gpu,combination_397,yolo11x,cpu,7.065,0.0311,0.0311,0.0397
gpu,combination_370,mobilenet_v2,gpu,814.332,0.0588,0.0588,0.0637
gpu,combination_370,resnet50,cpu,157.332,0.0237,0.0237,0.0260
gpu,combination_370,yolo11s,cpu,44.928,0.0341,0.0341,0.0336
gpu,combination_370,yolo11m,cpu,18.106,0.0409,0.0409,0.0440
gpu,combination_370,yolo11l,cpu,13.968,0.0394,0.0394,0.0422
gpu,combination_370,yolo11x,cpu,7.065,0.0481,0.0481,0.0606
gpu,combination_375,mobilenet_v2,cpu,814.332,0.0231,0.0231,0.0255
gpu,combination_375,resnet50,cpu,157.332,0.0182,0.0182,0.0208
gpu,combination_375,yolo11s,cpu,44.928,0.0231,0.0231,0.0262
gpu,combination_375,yolo11m,cpu,18.106,0.0315,0.0315,0.0319
gpu,combination_375,yolo11l,gpu,20.952,0.7532,0.7532,0.7765
gpu,combination_375,yolo11x,cpu,7.065,0.0396,0.0396,0.0367
gpu,combination_366,mobilenet_v2,cpu,814.332,0.0568,0.0568,0.0531
gpu,combination_366,resnet50,gpu,157.332,0.4164,0.4164,0.3880
gpu,combination_366,yolo11s,cpu,44.928,0.0632,0.0632,0.0635
gpu,combination_366,yolo11m,cpu,18.106,0.0685,0.0685,0.0749
gpu,combination_366,yolo11l,gpu,13.968,0.8627,0.8627,0.8600
gpu,combination_366,yolo11x,gpu,7.065,0.9130,0.9130,0.8660
gpu,combination_420,mobilenet_v2,cpu,814.332,0.0470,0.0470,0.0498
gpu,combination_420,resnet50,cpu,157.332,0.0496,0.0496,0.0471
gpu,combination_420,yolo11s,gpu,89.856,0.4034,0.4034,0.4537
gpu,combination_420,yolo11m,cpu,18.106,0.0707,0.0707,0.0729
gpu,combination_420,yolo11l,gpu,27.936,0.8022,0.8022,0.7984
gpu,combination_420,yolo11x,gpu,14.130,0.8507,0.8507,0.8642
gpu,combination_355,mobilenet_v2,gpu,814.332,0.1005,0.1005,0.1028
gpu,combination_355,resnet50,gpu,157.332,0.4974,0.4974,0.5038
gpu,combination_355,yolo11s,cpu,44.928,0.1082,0.1082,0.1090
gpu,combination_355,yolo11m,gpu,18.106,0.8986,0.8986,0.8980
gpu,combination_355,yolo11l,gpu,13.968,0.9099,0.9099,0.9092
gpu,combination_355,yolo11x,gpu,7.065,0.9540,0.9540,0.9206
gpu,combination_393,mobilenet_v2,cpu,814.332,0.0230,0.0230,0.0252
gpu,combination_393,resnet50,cpu,157.332,0.0219,0.0219,0.0206
gpu,combination_393,yolo11s,cpu,44.928,0.0285,0.0285,0.0260
gpu,combination_393,yolo11m,cpu,18.106,0.0353,0.0353,0.0317
gpu,combination_393,yolo11l,cpu,13.968,0.0272,0.0272,0.0302
gpu,combination_393,yolo11x,gpu,10.598,0.8822,0.8822,0.8539
gpu,combination_396,mobilenet_v2,cpu,814.332,0.0533,0.0533,0.0503
gpu,combination_396,resnet50,cpu,157.332,0.0486,0.0486,0.0469
gpu,combination_396,yolo11s,gpu,67.392,0.5343,0.5343,0.5964
gpu,combination_396,yolo11m,cpu,18.106,0.0762,0.0762,0.0794
gpu,combination_396,yolo11l,gpu,20.952,0.8438,0.8438,0.8383
gpu,combination_396,yolo11x,gpu,10.598,0.8926,0.8926,0.8621
gpu,combination_388,mobilenet_v2,cpu,814.332,0.0269,0.0269,0.0309
gpu,combination_388,resnet50,cpu,157.332,0.0277,0.0277,0.0248
gpu,combination_388,yolo11s,cpu,44.928,0.0343,0.0343,0.0327
gpu,combination_388,yolo11m,gpu,27.159,0.8163,0.8163,0.7818
gpu,combination_388,yolo11l,cpu,13.968,0.0408,0.0408,0.0381
gpu,combination_388,yolo11x,cpu,7.065,0.0439,0.0439,0.0479
gpu,combination_410,mobilenet_v2,gpu,1285.347,0.0685,0.0685,0.0713
gpu,combination_410,resnet50,gpu,314.664,0.2797,0.2797,0.3395
gpu,combination_410,yolo11s,gpu,89.856,0.3654,0.3654,0.4405
gpu,combination_410,yolo11m,gpu,36.212,0.8552,0.8552,0.8623
gpu,combination_410,yolo11l,gpu,27.936,0.8784,0.8784,0.8919
gpu,combination_410,yolo11x,cpu,7.065,0.3439,0.3439,0.4168
gpu,combination_387,mobilenet_v2,cpu,814.332,0.0271,0.0271,0.0253
gpu,combination_387,resnet50,cpu,157.332,0.0243,0.0243,0.0205
gpu,combination_387,yolo11s,cpu,44.928,0.0249,0.0249,0.0258
gpu,combination_387,yolo11m,cpu,18.106,0.0276,0.0276,0.0320
gpu,combination_387,yolo11l,cpu,13.968,0.0344,0.0344,0.0309
gpu,combination_387,yolo11x,cpu,7.065,0.0425,0.0425,0.0468
gpu,combination_362,mobilenet_v2,gpu,814.332,0.1133,0.1133,0.1202
gpu,combination_362,resnet50,gpu,157.332,0.5530,0.5530,0.5668
gpu,combination_362,yolo11s,gpu,44.928,0.8685,0.8685,0.8877
gpu,combination_362,yolo11m,gpu,18.106,0.9168,0.9168,0.9383
gpu,combination_362,yolo11l,gpu,13.968,0.9307,0.9307,0.9456
gpu,combination_362,yolo11x,cpu,7.065,0.4614,0.4614,0.4063
gpu,combination_405,mobilenet_v2,cpu,814.332,0.0247,0.0247,0.0268
gpu,combination_405,resnet50,cpu,157.332,0.0181,0.0181,0.0228
gpu,combination_405,yolo11s,gpu,89.856,0.1989,0.1989,0.2868
gpu,combination_405,yolo11m,cpu,18.106,0.0287,0.0287,0.0355
gpu,combination_405,yolo11l,cpu,13.968,0.0329,0.0329,0.0350
gpu,combination_405,yolo11x,cpu,7.065,0.0368,0.0368,0.0424
gpu,combination_418,mobilenet_v2,gpu,1285.347,0.0392,0.0392,0.0354
gpu,combination_418,resnet50,cpu,157.332,0.0281,0.0281,0.0296
gpu,combination_418,yolo11s,cpu,44.928,0.0278,0.0278,0.0374
gpu,combination_418,yolo11m,cpu,18.106,0.0392,0.0392,0.0428
gpu,combination_418,yolo11l,cpu,13.968,0.0408,0.0408,0.0420
gpu,combination_418,yolo11x,cpu,7.065,0.0481,0.0481,0.0503
gpu,combination_403,mobilenet_v2,gpu,1285.347,0.0573,0.0573,0.0559
gpu,combination_403,resnet50,gpu,314.664,0.2338,0.2338,0.2942
gpu,combination_403,yolo11s,cpu,44.928,0.0993,0.0993,0.1000
gpu,combination_403,yolo11m,gpu,36.212,0.8293,0.8293,0.8359
gpu,combination_403,yolo11l,gpu,27.936,0.8509,0.8509,0.8706
gpu,combination_403,yolo11x,gpu,14.130,0.8924,0.8924,0.8939
gpu,combination_382,mobilenet_v2,gpu,1221.498,0.0366,0.0366,0.0422
gpu,combination_382,resnet50,gpu,235.998,0.1811,0.1811,0.2431
gpu,combination_382,yolo11s,cpu,44.928,0.0354,0.0354,0.0324
gpu,combination_382,yolo11m,cpu,18.106,0.0365,0.0365,0.0400
gpu,combination_382,yolo11l,cpu,13.968,0.0372,0.0372,0.0352
gpu,combination_382,yolo11x,cpu,7.065,0.0439,0.0439,0.0495
gpu,combination_389,mobilenet_v2,cpu,814.332,0.0382,0.0382,0.0387
gpu,combination_389,resnet50,gpu,235.998,0.2174,0.2174,0.2377
gpu,combination_389,yolo11s,cpu,44.928,0.0430,0.0430,0.0407
gpu,combination_389,yolo11m,gpu,27.159,0.7725,0.7725,0.8090
gpu,combination_389,yolo11l,cpu,13.968,0.0501,0.0501,0.0483
gpu,combination_389,yolo11x,cpu,7.065,0.0580,0.0580,0.0605
gpu,combination_369,mobilenet_v2,cpu,814.332,0.0272,0.0272,0.0274
gpu,combination_369,resnet50,cpu,157.332,0.0190,0.0190,0.0226
gpu,combination_369,yolo11s,cpu,44.928,0.0280,0.0280,0.0292
gpu,combination_369,yolo11m,cpu,18.106,0.0342,0.0342,0.0360
gpu,combination_369,yolo11l,cpu,13.968,0.0279,0.0279,0.0343
gpu,combination_369,yolo11x,gpu,7.065,0.9229,0.9229,0.8646
gpu,combination_357,mobilenet_v2,cpu,814.332,0.0227,0.0227,0.0276
gpu,combination_357,resnet50,cpu,157.332,0.0207,0.0207,0.0221
gpu,combination_357,yolo11s,gpu,44.928,0.4543,0.4543,0.4985
gpu,combination_357,yolo11m,cpu,18.106,0.0304,0.0304,0.0360
gpu,combination_357,yolo11l,cpu,13.968,0.0308,0.0308,0.0342
gpu,combination_357,yolo11x,cpu,7.065,0.0396,0.0396,0.0477
gpu,combination_390,mobilenet_v2,cpu,814.332,0.0535,0.0535,0.0537
gpu,combination_390,resnet50,gpu,235.998,0.2623,0.2623,0.2734
gpu,combination_390,yolo11s,cpu,44.928,0.0590,0.0590,0.0568
gpu,combination_390,yolo11m,cpu,18.106,0.0712,0.0712,0.0780
gpu,combination_390,yolo11l,gpu,20.952,0.8386,0.8386,0.8414
gpu,combination_390,yolo11x,gpu,10.598,0.8870,0.8870,0.8642
gpu,combination_351,mobilenet_v2,cpu,814.332,0.0235,0.0235,0.0269
gpu,combination_351,resnet50,cpu,157.332,0.0221,0.0221,0.0218
gpu,combination_351,yolo11s,cpu,44.928,0.0243,0.0243,0.0281
gpu,combination_351,yolo11m,cpu,18.106,0.0309,0.0309,0.0355
gpu,combination_351,yolo11l,gpu,13.968,0.8512,0.8512,0.8400
gpu,combination_351,yolo11x,cpu,7.065,0.0396,0.0396,0.0464
gpu,combination_407,mobilenet_v2,gpu,1285.347,0.0406,0.0406,0.0411
gpu,combination_407,resnet50,gpu,314.664,0.1615,0.1615,0.1769
gpu,combination_407,yolo11s,cpu,44.928,0.0401,0.0401,0.0473
gpu,combination_407,yolo11m,cpu,18.106,0.0508,0.0508,0.0537
gpu,combination_407,yolo11l,cpu,13.968,0.0480,0.0480,0.0524
gpu,combination_407,yolo11x,gpu,14.130,0.8422,0.8422,0.8456
gpu,combination_379,mobilenet_v2,gpu,1221.498,0.0654,0.0654,0.0662
gpu,combination_379,resnet50,gpu,235.998,0.3372,0.3372,0.3421
gpu,combination_379,yolo11s,cpu,44.928,0.1033,0.1033,0.0970
gpu,combination_379,yolo11m,gpu,27.159,0.8704,0.8704,0.8669
gpu,combination_379,yolo11l,gpu,20.952,0.8863,0.8863,0.8841
gpu,combination_379,yolo11x,gpu,10.598,0.9275,0.9275,0.9050
gpu,combination_392,mobilenet_v2,gpu,1221.498,0.0789,0.0789,0.0863
gpu,combination_392,resnet50,cpu,157.332,0.2535,0.2535,0.2664
gpu,combination_392,yolo11s,gpu,67.392,0.6836,0.6836,0.6563
gpu,combination_392,yolo11m,gpu,27.159,0.9076,0.9076,0.9120
gpu,combination_392,yolo11l,gpu,20.952,0.9197,0.9197,0.9332
gpu,combination_392,yolo11x,gpu,10.598,0.9502,0.9502,0.9438
gpu,combination_376,mobilenet_v2,cpu,814.332,0.0286,0.0286,0.0320
gpu,combination_376,resnet50,cpu,157.332,0.0240,0.0240,0.0249
gpu,combination_376,yolo11s,gpu,67.392,0.4109,0.4109,0.3792
gpu,combination_376,yolo11m,cpu,18.106,0.0398,0.0398,0.0404
gpu,combination_376,yolo11l,cpu,13.968,0.0401,0.0401,0.0383
gpu,combination_376,yolo11x,gpu,10.598,0.8370,0.8370,0.8673
gpu,combination_372,mobilenet_v2,cpu,814.332,0.0581,0.0581,0.0522
gpu,combination_372,resnet50,cpu,157.332,0.0507,0.0507,0.0502
gpu,combination_372,yolo11s,gpu,44.928,0.7372,0.7372,0.7567
gpu,combination_372,yolo11m,cpu,18.106,0.0729,0.0729,0.0772
gpu,combination_372,yolo11l,gpu,13.968,0.8555,0.8555,0.8643
gpu,combination_372,yolo11x,gpu,7.065,0.9144,0.9144,0.8608
gpu,combination_374,mobilenet_v2,gpu,1221.498,0.1074,0.1074,0.0943
gpu,combination_374,resnet50,gpu,235.998,0.5544,0.5544,0.5051
gpu,combination_374,yolo11s,gpu,67.392,0.4198,0.4198,0.5817
gpu,combination_374,yolo11m,gpu,27.159,0.9518,0.9518,0.8650
gpu,combination_374,yolo11l,gpu,20.952,0.9612,0.9612,0.8824
gpu,combination_374,yolo11x,gpu,10.598,0.9794,0.9794,0.9406
gpu,combination_358,mobilenet_v2,gpu,814.332,0.0551,0.0551,0.0684
gpu,combination_358,resnet50,gpu,157.332,0.2687,0.2687,0.3187
gpu,combination_358,yolo11s,cpu,44.928,0.0334,0.0334,0.0375
gpu,combination_358,yolo11m,cpu,18.106,0.0348,0.0348,0.0495
gpu,combination_358,yolo11l,cpu,13.968,0.0365,0.0365,0.0467
gpu,combination_358,yolo11x,cpu,7.065,0.0495,0.0495,0.0584
gpu,combination_378,mobilenet_v2,gpu,1221.498,0.0510,0.0510,0.0540
gpu,combination_378,resnet50,gpu,235.998,0.2621,0.2621,0.2933
gpu,combination_378,yolo11s,cpu,44.928,0.0592,0.0592,0.0578
gpu,combination_378,yolo11m,gpu,27.159,0.8233,0.8233,0.8233
gpu,combination_378,yolo11l,cpu,13.968,0.0702,0.0702,0.0673
gpu,combination_378,yolo11x,gpu,10.598,0.8964,0.8964,0.8515
gpu,combination_364,mobilenet_v2,cpu,814.332,0.0335,0.0335,0.0380
gpu,combination_364,resnet50,cpu,157.332,0.0270,0.0270,0.0313
gpu,combination_364,yolo11s,cpu,44.928,0.0336,0.0336,0.0384
gpu,combination_364,yolo11m,gpu,18.106,0.8301,0.8301,0.8599
gpu,combination_364,yolo11l,cpu,13.968,0.0394,0.0394,0.0465
gpu,combination_364,yolo11x,cpu,7.065,0.0453,0.0453,0.0634
gpu,combination_521,mobilenet_v2,gpu,1285.347,0.0381,0.0381,0.0331
gpu,combination_521,resnet50,gpu,314.664,0.1520,0.1520,0.1432
gpu,combination_521,yolo11n,cpu,85.222,0.0520,0.0520,0.0412
gpu,combination_521,yolo11s,cpu,44.928,0.0430,0.0430,0.0383
gpu,combination_521,yolo11m,cpu,18.106,0.0530,0.0530,0.0472
gpu,combination_521,yolo11l,cpu,13.968,0.0465,0.0465,0.0447
gpu,combination_521,yolo11x,gpu,14.130,0.8252,0.8252,0.7823
gpu,combination_536,mobilenet_v2,gpu,1285.347,0.0726,0.0726,0.0717
gpu,combination_536,resnet50,gpu,314.664,0.2968,0.2968,0.2752
gpu,combination_536,yolo11n,cpu,85.222,0.2860,0.2860,0.2792
gpu,combination_536,yolo11s,gpu,89.856,0.3352,0.3352,0.4584
gpu,combination_536,yolo11m,gpu,36.212,0.8519,0.8519,0.8258
gpu,combination_536,yolo11l,gpu,27.936,0.8877,0.8877,0.8413
gpu,combination_536,yolo11x,gpu,14.130,0.9172,0.9172,0.9144
gpu,combination_511,mobilenet_v2,gpu,1221.498,0.0579,0.0579,0.0568
gpu,combination_511,resnet50,gpu,235.998,0.2971,0.2971,0.3165
gpu,combination_511,yolo11n,gpu,127.833,0.3262,0.3262,0.4697
gpu,combination_511,yolo11s,cpu,44.928,0.0866,0.0866,0.1058
gpu,combination_511,yolo11m,gpu,27.159,0.8483,0.8483,0.8655
gpu,combination_511,yolo11l,gpu,20.952,0.8634,0.8634,0.8756
gpu,combination_511,yolo11x,cpu,7.065,0.1288,0.1288,0.1566
gpu,combination_481,mobilenet_v2,cpu,814.332,0.0733,0.0733,0.0736
gpu,combination_481,resnet50,cpu,157.332,0.0903,0.0903,0.0899
gpu,combination_481,yolo11n,gpu,85.222,0.4990,0.4990,0.5357
gpu,combination_481,yolo11s,gpu,44.928,0.8095,0.8095,0.8376
gpu,combination_481,yolo11m,gpu,18.106,0.8704,0.8704,0.9042
gpu,combination_481,yolo11l,gpu,13.968,0.8863,0.8863,0.9143
gpu,combination_481,yolo11x,gpu,7.065,0.9299,0.9299,0.9229
gpu,combination_488,mobilenet_v2,gpu,814.332,0.1207,0.1207,0.1104
gpu,combination_488,resnet50,gpu,157.332,0.5761,0.5761,0.5468
gpu,combination_488,yolo11n,cpu,85.222,0.3514,0.3514,0.3602
gpu,combination_488,yolo11s,gpu,44.928,0.8839,0.8839,0.8686
gpu,combination_488,yolo11m,gpu,18.106,0.9301,0.9301,0.9288
gpu,combination_488,yolo11l,gpu,13.968,0.9443,0.9443,0.9315
gpu,combination_488,yolo11x,gpu,7.065,0.9880,0.9880,0.9476
gpu,combination_514,mobilenet_v2,cpu,814.332,0.0344,0.0344,0.0315
gpu,combination_514,resnet50,gpu,235.998,0.1665,0.1665,0.2138
gpu,combination_514,yolo11n,gpu,127.833,0.1840,0.1840,0.2749
gpu,combination_514,yolo11s,cpu,44.928,0.0327,0.0327,0.0342
gpu,combination_514,yolo11m,cpu,18.106,0.0381,0.0381,0.0404
gpu,combination_514,yolo11l,cpu,13.968,0.0401,0.0401,0.0387
gpu,combination_514,yolo11x,cpu,7.065,0.0481,0.0481,0.0469
gpu,combination_504,mobilenet_v2,gpu,1221.498,0.0518,0.0518,0.0539
gpu,combination_504,resnet50,gpu,235.998,0.2585,0.2585,0.2862
gpu,combination_504,yolo11n,cpu,85.222,0.0631,0.0631,0.0674
gpu,combination_504,yolo11s,cpu,44.928,0.0637,0.0637,0.0550
gpu,combination_504,yolo11m,cpu,18.106,0.0712,0.0712,0.0728
gpu,combination_504,yolo11l,gpu,20.952,0.8434,0.8434,0.8284
gpu,combination_504,yolo11x,gpu,10.598,0.8917,0.8917,0.8547
gpu,combination_528,mobilenet_v2,gpu,1285.347,0.0489,0.0489,0.0495
gpu,combination_528,resnet50,gpu,314.664,0.1870,0.1870,0.1649
gpu,combination_528,yolo11n,cpu,85.222,0.0759,0.0759,0.0589
gpu,combination_528,yolo11s,cpu,44.928,0.0556,0.0556,0.0565
gpu,combination_528,yolo11m,cpu,18.106,0.0690,0.0690,0.0670
gpu,combination_528,yolo11l,gpu,27.936,0.8197,0.8197,0.7704
gpu,combination_528,yolo11x,gpu,14.130,0.8648,0.8648,0.8319
gpu,combination_539,mobilenet_v2,cpu,814.332,0.0366,0.0366,0.0383
gpu,combination_539,resnet50,gpu,314.664,0.1518,0.1518,0.1303
gpu,combination_539,yolo11n,gpu,170.444,0.1410,0.1410,0.2295
gpu,combination_539,yolo11s,cpu,44.928,0.0376,0.0376,0.0386
gpu,combination_539,yolo11m,gpu,36.212,0.6280,0.6280,0.6341
gpu,combination_539,yolo11l,cpu,13.968,0.0487,0.0487,0.0467
gpu,combination_539,yolo11x,cpu,7.065,0.0609,0.0609,0.0550
gpu,combination_469,mobilenet_v2,cpu,814.332,0.0273,0.0273,0.0252
gpu,combination_469,resnet50,cpu,157.332,0.0174,0.0174,0.0311
gpu,combination_469,yolo11n,cpu,85.222,0.0293,0.0293,0.0200
gpu,combination_469,yolo11s,cpu,44.928,0.0247,0.0247,0.0289
gpu,combination_469,yolo11m,cpu,18.106,0.0276,0.0276,0.0377
gpu,combination_469,yolo11l,cpu,13.968,0.0258,0.0258,0.0426
gpu,combination_469,yolo11x,cpu,7.065,0.0340,0.0340,0.0754
gpu,combination_529,mobilenet_v2,cpu,814.332,0.0673,0.0673,0.0695
gpu,combination_529,resnet50,cpu,157.332,0.0852,0.0852,0.0836
gpu,combination_529,yolo11n,gpu,170.444,0.1977,0.1977,0.2831
gpu,combination_529,yolo11s,gpu,89.856,0.3787,0.3787,0.4768
gpu,combination_529,yolo11m,gpu,36.212,0.7992,0.7992,0.8545
gpu,combination_529,yolo11l,gpu,27.936,0.8204,0.8204,0.8487
gpu,combination_529,yolo11x,gpu,14.130,0.8570,0.8570,0.8965
gpu,combination_485,mobilenet_v2,cpu,814.332,0.0434,0.0434,0.0374
gpu,combination_485,resnet50,cpu,157.332,0.0341,0.0341,0.0298
gpu,combination_485,yolo11n,cpu,85.222,0.0499,0.0499,0.0456
gpu,combination_485,yolo11s,gpu,44.928,0.6996,0.6996,0.6706
gpu,combination_485,yolo11m,gpu,18.106,0.8019,0.8019,0.8458
gpu,combination_485,yolo11l,cpu,13.968,0.0494,0.0494,0.0491
gpu,combination_485,yolo11x,gpu,7.065,0.8762,0.8762,0.8623
gpu,combination_537,mobilenet_v2,cpu,814.332,0.0290,0.0290,0.0287
gpu,combination_537,resnet50,gpu,314.664,0.1243,0.1243,0.1798
gpu,combination_537,yolo11n,cpu,85.222,0.0265,0.0265,0.0310
gpu,combination_537,yolo11s,cpu,44.928,0.0245,0.0245,0.0265
gpu,combination_537,yolo11m,cpu,18.106,0.0359,0.0359,0.0338
gpu,combination_537,yolo11l,cpu,13.968,0.0329,0.0329,0.0309
gpu,combination_537,yolo11x,cpu,7.065,0.0410,0.0410,0.0484
gpu,combination_533,mobilenet_v2,cpu,814.332,0.0434,0.0434,0.0383
gpu,combination_533,resnet50,cpu,157.332,0.0327,0.0327,0.0325
gpu,combination_533,yolo11n,cpu,85.222,0.0512,0.0512,0.0417
gpu,combination_533,yolo11s,gpu,89.856,0.3022,0.3022,0.2998
gpu,combination_533,yolo11m,gpu,36.212,0.6702,0.6702,0.6273
gpu,combination_533,yolo11l,cpu,13.968,0.0465,0.0465,0.0469
gpu,combination_533,yolo11x,gpu,14.130,0.7707,0.7707,0.7723
gpu,combination_474,mobilenet_v2,cpu,814.332,0.0526,0.0526,0.0508
gpu,combination_474,resnet50,gpu,157.332,0.3756,0.3756,0.3765
gpu,combination_474,yolo11n,cpu,85.222,0.0715,0.0715,0.0675
gpu,combination_474,yolo11s,gpu,44.928,0.6880,0.6880,0.7571
gpu,combination_474,yolo11m,gpu,18.106,0.8135,0.8135,0.8476
gpu,combination_474,yolo11l,cpu,13.968,0.0716,0.0716,0.0708
gpu,combination_474,yolo11x,gpu,7.065,0.8946,0.8946,0.8621
gpu,combination_500,mobilenet_v2,gpu,1221.498,0.0784,0.0784,0.0623
gpu,combination_500,resnet50,cpu,157.332,0.2345,0.2345,0.2745
gpu,combination_500,yolo11n,gpu,127.833,0.3119,0.3119,0.5745
gpu,combination_500,yolo11s,gpu,67.392,0.6394,0.6394,0.7213
gpu,combination_500,yolo11m,gpu,27.159,0.9010,0.9010,0.9078
gpu,combination_500,yolo11l,gpu,20.952,0.9135,0.9135,0.9200
gpu,combination_500,yolo11x,gpu,10.598,0.9445,0.9445,0.9397
gpu,combination_473,mobilenet_v2,gpu,814.332,0.0656,0.0656,0.0731
gpu,combination_473,resnet50,gpu,157.332,0.3202,0.3202,0.3319
gpu,combination_473,yolo11n,cpu,85.222,0.0494,0.0494,0.0459
gpu,combination_473,yolo11s,cpu,44.928,0.0425,0.0425,0.0348
gpu,combination_473,yolo11m,cpu,18.106,0.0514,0.0514,0.0490
gpu,combination_473,yolo11l,cpu,13.968,0.0494,0.0494,0.0496
gpu,combination_473,yolo11x,gpu,7.065,0.8875,0.8875,0.8556
gpu,combination_483,mobilenet_v2,cpu,814.332,0.0305,0.0305,0.0258
gpu,combination_483,resnet50,cpu,157.332,0.0186,0.0186,0.0219
gpu,combination_483,yolo11n,cpu,85.222,0.0331,0.0331,0.0306
gpu,combination_483,yolo11s,cpu,44.928,0.0272,0.0272,0.0270
gpu,combination_483,yolo11m,gpu,18.106,0.8450,0.8450,0.8239
gpu,combination_483,yolo11l,cpu,13.968,0.0315,0.0315,0.0307
gpu,combination_483,yolo11x,cpu,7.065,0.0425,0.0425,0.0536
gpu,combination_491,mobilenet_v2,cpu,814.332,0.0427,0.0427,0.0382
gpu,combination_491,resnet50,gpu,157.332,0.2924,0.2924,0.3291
gpu,combination_491,yolo11n,gpu,85.222,0.3419,0.3419,0.3545
gpu,combination_491,yolo11s,cpu,44.928,0.0410,0.0410,0.0379
gpu,combination_491,yolo11m,gpu,18.106,0.7633,0.7633,0.8387
gpu,combination_491,yolo11l,cpu,13.968,0.0508,0.0508,0.0461
gpu,combination_491,yolo11x,cpu,7.065,0.0538,0.0538,0.0700
gpu,combination_497,mobilenet_v2,gpu,1221.498,0.0423,0.0423,0.0430
gpu,combination_497,resnet50,gpu,235.998,0.2124,0.2124,0.2476
gpu,combination_497,yolo11n,cpu,85.222,0.0508,0.0508,0.0412
gpu,combination_497,yolo11s,cpu,44.928,0.0452,0.0452,0.0378
gpu,combination_497,yolo11m,cpu,18.106,0.0530,0.0530,0.0462
gpu,combination_497,yolo11l,cpu,13.968,0.0451,0.0451,0.0447
gpu,combination_497,yolo11x,gpu,10.598,0.8785,0.8785,0.8566
gpu,combination_480,mobilenet_v2,gpu,814.332,0.0804,0.0804,0.0795
gpu,combination_480,resnet50,gpu,157.332,0.3821,0.3821,0.3779
gpu,combination_480,yolo11n,cpu,85.222,0.0701,0.0701,0.0697
gpu,combination_480,yolo11s,cpu,44.928,0.0605,0.0605,0.0564
gpu,combination_480,yolo11m,cpu,18.106,0.0724,0.0724,0.0725
gpu,combination_480,yolo11l,gpu,13.968,0.8691,0.8691,0.8545
gpu,combination_480,yolo11x,gpu,7.065,0.9186,0.9186,0.8501
gpu,combination_505,mobilenet_v2,cpu,814.332,0.0682,0.0682,0.0695
gpu,combination_505,resnet50,cpu,157.332,0.0852,0.0852,0.0829
gpu,combination_505,yolo11n,gpu,127.833,0.2894,0.2894,0.5057
gpu,combination_505,yolo11s,gpu,67.392,0.6149,0.6149,0.6454
gpu,combination_505,yolo11m,gpu,27.159,0.8358,0.8358,0.8776
gpu,combination_505,yolo11l,gpu,20.952,0.8500,0.8500,0.8818
gpu,combination_505,yolo11x,gpu,10.598,0.8964,0.8964,0.9073
gpu,combination_531,mobilenet_v2,cpu,814.332,0.0267,0.0267,0.0284
gpu,combination_531,resnet50,cpu,157.332,0.0219,0.0219,0.0243
gpu,combination_531,yolo11n,cpu,85.222,0.0331,0.0331,0.0307
gpu,combination_531,yolo11s,cpu,44.928,0.0260,0.0260,0.0284
gpu,combination_531,yolo11m,gpu,36.212,0.5114,0.5114,0.5488
gpu,combination_531,yolo11l,cpu,13.968,0.0286,0.0286,0.0310
gpu,combination_531,yolo11x,cpu,7.065,0.0396,0.0396,0.0480
gpu,combination_518,mobilenet_v2,gpu,1285.347,0.1020,0.1020,0.1010
gpu,combination_518,resnet50,gpu,314.664,0.4142,0.4142,0.3930
gpu,combination_518,yolo11n,gpu,170.444,0.1258,0.1258,0.4271
gpu,combination_518,yolo11s,gpu,89.856,0.2434,0.2434,0.3973
gpu,combination_518,yolo11m,gpu,36.212,0.7166,0.7166,0.8536
gpu,combination_518,yolo11l,gpu,27.936,0.7682,0.7682,0.8833
gpu,combination_518,yolo11x,gpu,14.130,0.9724,0.9724,1.0000
gpu,combination_493,mobilenet_v2,cpu,814.332,0.0206,0.0206,0.0275
gpu,combination_493,resnet50,cpu,157.332,0.0188,0.0188,0.0300
gpu,combination_493,yolo11n,cpu,85.222,0.0299,0.0299,0.0198
gpu,combination_493,yolo11s,cpu,44.928,0.0243,0.0243,0.0277
gpu,combination_493,yolo11m,cpu,18.106,0.0287,0.0287,0.0369
gpu,combination_493,yolo11l,cpu,13.968,0.0286,0.0286,0.0410
gpu,combination_493,yolo11x,cpu,7.065,0.0340,0.0340,0.0703
gpu,combination_534,mobilenet_v2,gpu,1285.347,0.0438,0.0438,0.0566
gpu,combination_534,resnet50,gpu,314.664,0.1779,0.1779,0.1694
gpu,combination_534,yolo11n,gpu,170.444,0.1953,0.1953,0.2738
gpu,combination_534,yolo11s,cpu,44.928,0.0565,0.0565,0.0550
gpu,combination_534,yolo11m,cpu,18.106,0.0663,0.0663,0.0652
gpu,combination_534,yolo11l,gpu,27.936,0.7872,0.7872,0.7663
gpu,combination_534,yolo11x,cpu,7.065,0.0849,0.0849,0.0722
gpu,combination_519,mobilenet_v2,cpu,814.332,0.0276,0.0276,0.0284
gpu,combination_519,resnet50,cpu,157.332,0.0223,0.0223,0.0211
gpu,combination_519,yolo11n,cpu,85.222,0.0276,0.0276,0.0309
gpu,combination_519,yolo11s,cpu,44.928,0.0280,0.0280,0.0286
gpu,combination_519,yolo11m,cpu,18.106,0.0337,0.0337,0.0331
gpu,combination_519,yolo11l,gpu,27.936,0.5967,0.5967,0.5495
gpu,combination_519,yolo11x,cpu,7.065,0.0382,0.0382,0.0451
gpu,combination_515,mobilenet_v2,cpu,814.332,0.0382,0.0382,0.0383
gpu,combination_515,resnet50,gpu,235.998,0.2007,0.2007,0.2391
gpu,combination_515,yolo11n,gpu,127.833,0.2028,0.2028,0.3841
gpu,combination_515,yolo11s,cpu,44.928,0.0387,0.0387,0.0380
gpu,combination_515,yolo11m,gpu,27.159,0.7441,0.7441,0.8192
gpu,combination_515,yolo11l,cpu,13.968,0.0480,0.0480,0.0466
gpu,combination_515,yolo11x,cpu,7.065,0.0609,0.0609,0.0570
gpu,combination_532,mobilenet_v2,cpu,814.332,0.0285,0.0285,0.0304
gpu,combination_532,resnet50,gpu,314.664,0.1435,0.1435,0.1341
gpu,combination_532,yolo11n,cpu,85.222,0.0400,0.0400,0.0337
gpu,combination_532,yolo11s,cpu,44.928,0.0332,0.0332,0.0322
gpu,combination_532,yolo11m,cpu,18.106,0.0376,0.0376,0.0393
gpu,combination_532,yolo11l,cpu,13.968,0.0387,0.0387,0.0376
gpu,combination_532,yolo11x,gpu,14.130,0.8125,0.8125,0.7926
gpu,combination_501,mobilenet_v2,gpu,1221.498,0.0377,0.0377,0.0413
gpu,combination_501,resnet50,cpu,157.332,0.0221,0.0221,0.0235
gpu,combination_501,yolo11n,cpu,85.222,0.0298,0.0298,0.0289
gpu,combination_501,yolo11s,cpu,44.928,0.0280,0.0280,0.0227
gpu,combination_501,yolo11m,cpu,18.106,0.0348,0.0348,0.0324
gpu,combination_501,yolo11l,cpu,13.968,0.0336,0.0336,0.0313
gpu,combination_501,yolo11x,cpu,7.065,0.0410,0.0410,0.0487
gpu,combination_526,mobilenet_v2,cpu,814.332,0.0342,0.0342,0.0295
gpu,combination_526,resnet50,cpu,157.332,0.0266,0.0266,0.0248
gpu,combination_526,yolo11n,gpu,170.444,0.1285,0.1285,0.2043
gpu,combination_526,yolo11s,cpu,44.928,0.0345,0.0345,0.0316
gpu,combination_526,yolo11m,cpu,18.106,0.0376,0.0376,0.0388
gpu,combination_526,yolo11l,cpu,13.968,0.0387,0.0387,0.0370
gpu,combination_526,yolo11x,gpu,14.130,0.7856,0.7856,0.7890
gpu,combination_506,mobilenet_v2,cpu,814.332,0.1187,0.1187,0.1105
gpu,combination_506,resnet50,gpu,235.998,0.4141,0.4141,0.3838
gpu,combination_506,yolo11n,gpu,127.833,0.2819,0.2819,0.5610
gpu,combination_506,yolo11s,gpu,67.392,0.5944,0.5944,0.7332
gpu,combination_506,yolo11m,gpu,27.159,0.9172,0.9172,0.9162
gpu,combination_506,yolo11l,gpu,20.952,0.9283,0.9283,0.9255
gpu,combination_506,yolo11x,gpu,10.598,0.9540,0.9540,0.9365
gpu,combination_535,mobilenet_v2,gpu,1285.347,0.0541,0.0541,0.0673
gpu,combination_535,resnet50,gpu,314.664,0.2208,0.2208,0.1982
gpu,combination_535,yolo11n,gpu,170.444,0.2073,0.2073,0.2933
gpu,combination_535,yolo11s,cpu,44.928,0.0790,0.0790,0.1054
gpu,combination_535,yolo11m,gpu,36.212,0.8196,0.8196,0.7792
gpu,combination_535,yolo11l,gpu,27.936,0.8394,0.8394,0.8399
gpu,combination_535,yolo11x,cpu,7.065,0.1486,0.1486,0.1566
gpu,combination_524,mobilenet_v2,gpu,1285.347,0.0732,0.0732,0.0676
gpu,combination_524,resnet50,cpu,157.332,0.2192,0.2192,0.2345
gpu,combination_524,yolo11n,gpu,170.444,0.1926,0.1926,0.3172
gpu,combination_524,yolo11s,gpu,89.856,0.3873,0.3873,0.4575
gpu,combination_524,yolo11m,gpu,36.212,0.8760,0.8760,0.8729
gpu,combination_524,yolo11l,gpu,27.936,0.8913,0.8913,0.8912
gpu,combination_524,yolo11x,gpu,14.130,0.9214,0.9214,0.9134
gpu,combination_470,mobilenet_v2,gpu,814.332,0.1642,0.1642,0.1765
gpu,combination_470,resnet50,gpu,157.332,0.7396,0.7396,0.7093
gpu,combination_470,yolo11n,gpu,85.222,0.5204,0.5204,0.7270
gpu,combination_470,yolo11s,gpu,44.928,0.9192,0.9192,0.9008
gpu,combination_470,yolo11m,gpu,18.106,0.9621,0.9621,0.9651
gpu,combination_470,yolo11l,gpu,13.968,0.9722,0.9722,0.9754
gpu,combination_470,yolo11x,gpu,7.065,0.9908,0.9908,1.0000
gpu,combination_476,mobilenet_v2,gpu,814.332,0.1212,0.1212,0.1091
gpu,combination_476,resnet50,cpu,157.332,0.2638,0.2638,0.2932
gpu,combination_476,yolo11n,gpu,85.222,0.5760,0.5760,0.5628
gpu,combination_476,yolo11s,gpu,44.928,0.8792,0.8792,0.8645
gpu,combination_476,yolo11m,gpu,18.106,0.9235,0.9235,0.9287
gpu,combination_476,yolo11l,gpu,13.968,0.9379,0.9379,0.9352
gpu,combination_476,yolo11x,gpu,7.065,0.9851,0.9851,0.9476
gpu,combination_520,mobilenet_v2,gpu,1285.347,0.0346,0.0346,0.0431
gpu,combination_520,resnet50,cpu,157.332,0.0265,0.0265,0.0246
gpu,combination_520,yolo11n,gpu,170.444,0.1280,0.1280,0.2361
gpu,combination_520,yolo11s,cpu,44.928,0.0352,0.0352,0.0320
gpu,combination_520,yolo11m,cpu,18.106,0.0425,0.0425,0.0388
gpu,combination_520,yolo11l,cpu,13.968,0.0387,0.0387,0.0360
gpu,combination_520,yolo11x,cpu,7.065,0.0453,0.0453,0.0415
gpu,combination_479,mobilenet_v2,cpu,814.332,0.0391,0.0391,0.0369
gpu,combination_479,resnet50,gpu,157.332,0.2703,0.2703,0.3289
gpu,combination_479,yolo11n,gpu,85.222,0.2910,0.2910,0.3596
gpu,combination_479,yolo11s,gpu,44.928,0.5996,0.5996,0.6722
gpu,combination_479,yolo11m,cpu,18.106,0.0530,0.0530,0.0479
gpu,combination_479,yolo11l,cpu,13.968,0.0444,0.0444,0.0456
gpu,combination_479,yolo11x,cpu,7.065,0.0609,0.0609,0.0684
gpu,combination_472,mobilenet_v2,gpu,814.332,0.0578,0.0578,0.0586
gpu,combination_472,resnet50,cpu,157.332,0.0240,0.0240,0.0278
gpu,combination_472,yolo11n,gpu,85.222,0.2894,0.2894,0.3578
gpu,combination_472,yolo11s,cpu,44.928,0.0318,0.0318,0.0302
gpu,combination_472,yolo11m,cpu,18.106,0.0414,0.0414,0.0440
gpu,combination_472,yolo11l,cpu,13.968,0.0394,0.0394,0.0425
gpu,combination_472,yolo11x,cpu,7.065,0.0453,0.0453,0.0541
gpu,combination_503,mobilenet_v2,cpu,814.332,0.0393,0.0393,0.0385
gpu,combination_503,resnet50,gpu,235.998,0.1882,0.1882,0.2371
gpu,combination_503,yolo11n,gpu,127.833,0.2195,0.2195,0.3551
gpu,combination_503,yolo11s,gpu,67.392,0.5219,0.5219,0.4399
gpu,combination_503,yolo11m,cpu,18.106,0.0497,0.0497,0.0487
gpu,combination_503,yolo11l,cpu,13.968,0.0494,0.0494,0.0468
gpu,combination_503,yolo11x,cpu,7.065,0.0495,0.0495,0.0573
gpu,combination_522,mobilenet_v2,cpu,814.332,0.0518,0.0518,0.0500
gpu,combination_522,resnet50,gpu,314.664,0.1775,0.1775,0.1679
gpu,combination_522,yolo11n,cpu,85.222,0.0674,0.0674,0.0620
gpu,combination_522,yolo11s,gpu,89.856,0.3380,0.3380,0.3840
gpu,combination_522,yolo11m,gpu,36.212,0.6984,0.6984,0.7658
gpu,combination_522,yolo11l,cpu,13.968,0.0709,0.0709,0.0681
gpu,combination_522,yolo11x,gpu,14.130,0.7820,0.7820,0.8413
gpu,combination_487,mobilenet_v2,gpu,814.332,0.0848,0.0848,0.0948
gpu,combination_487,resnet50,gpu,157.332,0.4255,0.4255,0.4411
gpu,combination_487,yolo11n,gpu,85.222,0.5259,0.5259,0.4716
gpu,combination_487,yolo11s,cpu,44.928,0.0984,0.0984,0.1046
gpu,combination_487,yolo11m,gpu,18.106,0.8572,0.8572,0.8912
gpu,combination_487,yolo11l,gpu,13.968,0.8734,0.8734,0.8993
gpu,combination_487,yolo11x,cpu,7.065,0.1274,0.1274,0.1580
gpu,combination_517,mobilenet_v2,cpu,814.332,0.0207,0.0207,0.0254
gpu,combination_517,resnet50,cpu,157.332,0.0194,0.0194,0.0278
gpu,combination_517,yolo11n,cpu,85.222,0.0287,0.0287,0.0249
gpu,combination_517,yolo11s,cpu,44.928,0.0236,0.0236,0.0287
gpu,combination_517,yolo11m,cpu,18.106,0.0293,0.0293,0.0332
gpu,combination_517,yolo11l,cpu,13.968,0.0279,0.0279,0.0377
gpu,combination_517,yolo11x,cpu,7.065,0.0326,0.0326,0.0687
gpu,combination_490,mobilenet_v2,cpu,814.332,0.0333,0.0333,0.0310
gpu,combination_490,resnet50,gpu,157.332,0.2378,0.2378,0.2753
gpu,combination_490,yolo11n,gpu,85.222,0.2175,0.2175,0.3339
gpu,combination_490,yolo11s,cpu,44.928,0.0338,0.0338,0.0319
gpu,combination_490,yolo11m,cpu,18.106,0.0403,0.0403,0.0424
gpu,combination_490,yolo11l,cpu,13.968,0.0387,0.0387,0.0408
gpu,combination_490,yolo11x,cpu,7.065,0.0481,0.0481,0.0536
gpu,combination_495,mobilenet_v2,cpu,814.332,0.0252,0.0252,0.0256
gpu,combination_495,resnet50,cpu,157.332,0.0222,0.0222,0.0224
gpu,combination_495,yolo11n,cpu,85.222,0.0319,0.0319,0.0290
gpu,combination_495,yolo11s,cpu,44.928,0.0278,0.0278,0.0257
gpu,combination_495,yolo11m,cpu,18.106,0.0337,0.0337,0.0310
gpu,combination_495,yolo11l,gpu,20.952,0.7250,0.7250,0.7364
gpu,combination_495,yolo11x,cpu,7.065,0.0396,0.0396,0.0476
gpu,combination_486,mobilenet_v2,gpu,814.332,0.0751,0.0751,0.0796
gpu,combination_486,resnet50,gpu,157.332,0.3675,0.3675,0.3814
gpu,combination_486,yolo11n,gpu,85.222,0.3905,0.3905,0.3825
gpu,combination_486,yolo11s,cpu,44.928,0.0585,0.0585,0.0541
gpu,combination_486,yolo11m,cpu,18.106,0.0707,0.0707,0.0669
gpu,combination_486,yolo11l,gpu,13.968,0.8348,0.8348,0.8413
gpu,combination_486,yolo11x,cpu,7.065,0.0778,0.0778,0.0920
gpu,combination_540,mobilenet_v2,gpu,1285.347,0.0463,0.0463,0.0442
gpu,combination_540,resnet50,cpu,157.332,0.0470,0.0470,0.0420
gpu,combination_540,yolo11n,gpu,170.444,0.1860,0.1860,0.2637
gpu,combination_540,yolo11s,cpu,44.928,0.0583,0.0583,0.0559
gpu,combination_540,yolo11m,gpu,36.212,0.7398,0.7398,0.7498
gpu,combination_540,yolo11l,gpu,27.936,0.7829,0.7829,0.7679
gpu,combination_540,yolo11x,cpu,7.065,0.0778,0.0778,0.0729
gpu,combination_475,mobilenet_v2,gpu,814.332,0.0931,0.0931,0.0825
gpu,combination_475,resnet50,cpu,157.332,0.0850,0.0850,0.0870
gpu,combination_475,yolo11n,cpu,85.222,0.1155,0.1155,0.1237
gpu,combination_475,yolo11s,gpu,44.928,0.8324,0.8324,0.8266
gpu,combination_475,yolo11m,gpu,18.106,0.8903,0.8903,0.8954
gpu,combination_475,yolo11l,gpu,13.968,0.9056,0.9056,0.9020
gpu,combination_475,yolo11x,gpu,7.065,0.9483,0.9483,0.9029
gpu,combination_513,mobilenet_v2,cpu,814.332,0.0257,0.0257,0.0270
gpu,combination_513,resnet50,gpu,235.998,0.1595,0.1595,0.2049
gpu,combination_513,yolo11n,cpu,85.222,0.0276,0.0276,0.0279
gpu,combination_513,yolo11s,cpu,44.928,0.0267,0.0267,0.0240
gpu,combination_513,yolo11m,cpu,18.106,0.0342,0.0342,0.0304
gpu,combination_513,yolo11l,cpu,13.968,0.0336,0.0336,0.0294
gpu,combination_513,yolo11x,cpu,7.065,0.0410,0.0410,0.0476
gpu,combination_516,mobilenet_v2,gpu,1221.498,0.0466,0.0466,0.0539
gpu,combination_516,resnet50,cpu,157.332,0.0477,0.0477,0.0430
gpu,combination_516,yolo11n,gpu,127.833,0.2774,0.2774,0.4102
gpu,combination_516,yolo11s,cpu,44.928,0.0594,0.0594,0.0550
gpu,combination_516,yolo11m,gpu,27.159,0.8089,0.8089,0.8243
gpu,combination_516,yolo11l,gpu,20.952,0.8290,0.8290,0.8280
gpu,combination_516,yolo11x,cpu,7.065,0.0778,0.0778,0.0904
gpu,combination_508,mobilenet_v2,cpu,814.332,0.0348,0.0348,0.0310
gpu,combination_508,resnet50,gpu,235.998,0.1847,0.1847,0.2154
gpu,combination_508,yolo11n,cpu,85.222,0.0419,0.0419,0.0346
gpu,combination_508,yolo11s,cpu,44.928,0.0361,0.0361,0.0338
gpu,combination_508,yolo11m,cpu,18.106,0.0392,0.0392,0.0400
gpu,combination_508,yolo11l,cpu,13.968,0.0379,0.0379,0.0380
gpu,combination_508,yolo11x,gpu,10.598,0.8228,0.8228,0.8196
gpu,combination_530,mobilenet_v2,cpu,814.332,0.1170,0.1170,0.1091
gpu,combination_530,resnet50,gpu,314.664,0.3056,0.3056,0.2678
gpu,combination_530,yolo11n,gpu,170.444,0.1757,0.1757,0.3144
gpu,combination_530,yolo11s,gpu,89.856,0.3488,0.3488,0.5217
gpu,combination_530,yolo11m,gpu,36.212,0.8856,0.8856,0.8825
gpu,combination_530,yolo11l,gpu,27.936,0.9103,0.9103,0.8942
gpu,combination_530,yolo11x,gpu,14.130,0.9413,0.9413,0.9210
gpu,combination_507,mobilenet_v2,cpu,814.332,0.0250,0.0250,0.0256
gpu,combination_507,resnet50,cpu,157.332,0.0230,0.0230,0.0224
gpu,combination_507,yolo11n,cpu,85.222,0.0232,0.0232,0.0290
gpu,combination_507,yolo11s,cpu,44.928,0.0280,0.0280,0.0257
gpu,combination_507,yolo11m,gpu,27.159,0.6580,0.6580,0.6919
gpu,combination_507,yolo11l,cpu,13.968,0.0329,0.0329,0.0299
gpu,combination_507,yolo11x,cpu,7.065,0.0396,0.0396,0.0476
gpu,combination_482,mobilenet_v2,cpu,814.332,0.1204,0.1204,0.1174
gpu,combination_482,resnet50,gpu,157.332,0.5818,0.5818,0.5796
gpu,combination_482,yolo11n,gpu,85.222,0.5429,0.5429,0.6254
gpu,combination_482,yolo11s,gpu,44.928,0.8954,0.8954,0.8960
gpu,combination_482,yolo11m,gpu,18.106,0.9439,0.9439,0.9518
gpu,combination_482,yolo11l,gpu,13.968,0.9522,0.9522,0.9568
gpu,combination_482,yolo11x,gpu,7.065,0.9866,0.9866,0.9677
gpu,combination_525,mobilenet_v2,gpu,1285.347,0.0310,0.0310,0.0327
gpu,combination_525,resnet50,cpu,157.332,0.0243,0.0243,0.0251
gpu,combination_525,yolo11n,cpu,85.222,0.0314,0.0314,0.0297
gpu,combination_525,yolo11s,cpu,44.928,0.0263,0.0263,0.0264
gpu,combination_525,yolo11m,cpu,18.106,0.0348,0.0348,0.0320
gpu,combination_525,yolo11l,cpu,13.968,0.0329,0.0329,0.0293
gpu,combination_525,yolo11x,cpu,7.065,0.0368,0.0368,0.0462
gpu,combination_538,mobilenet_v2,cpu,814.332,0.0318,0.0318,0.0310
gpu,combination_538,resnet50,gpu,314.664,0.1252,0.1252,0.1322
gpu,combination_538,yolo11n,gpu,170.444,0.1090,0.1090,0.2252
gpu,combination_538,yolo11s,cpu,44.928,0.0341,0.0341,0.0306
gpu,combination_538,yolo11m,cpu,18.106,0.0409,0.0409,0.0400
gpu,combination_538,yolo11l,cpu,13.968,0.0387,0.0387,0.0379
gpu,combination_538,yolo11x,cpu,7.065,0.0481,0.0481,0.0441
gpu,combination_523,mobilenet_v2,gpu,1285.347,0.0565,0.0565,0.0561
gpu,combination_523,resnet50,cpu,157.332,0.0777,0.0777,0.0761
gpu,combination_523,yolo11n,cpu,85.222,0.1061,0.1061,0.1074
gpu,combination_523,yolo11s,gpu,89.856,0.4172,0.4172,0.4696
gpu,combination_523,yolo11m,gpu,36.212,0.8122,0.8122,0.8270
gpu,combination_523,yolo11l,gpu,27.936,0.8405,0.8405,0.8422
gpu,combination_523,yolo11x,gpu,14.130,0.8776,0.8776,0.8803
gpu,combination_502,mobilenet_v2,cpu,814.332,0.0289,0.0289,0.0310
gpu,combination_502,resnet50,cpu,157.332,0.0282,0.0282,0.0256
gpu,combination_502,yolo11n,gpu,127.833,0.1847,0.1847,0.2643
gpu,combination_502,yolo11s,cpu,44.928,0.0347,0.0347,0.0339
gpu,combination_502,yolo11m,cpu,18.106,0.0392,0.0392,0.0401
gpu,combination_502,yolo11l,cpu,13.968,0.0401,0.0401,0.0382
gpu,combination_502,yolo11x,gpu,10.598,0.8370,0.8370,0.8201
gpu,combination_509,mobilenet_v2,cpu,814.332,0.0408,0.0408,0.0377
gpu,combination_509,resnet50,cpu,157.332,0.0324,0.0324,0.0318
gpu,combination_509,yolo11n,cpu,85.222,0.0501,0.0501,0.0418
gpu,combination_509,yolo11s,gpu,67.392,0.4803,0.4803,0.4740
gpu,combination_509,yolo11m,gpu,27.159,0.7294,0.7294,0.8079
gpu,combination_509,yolo11l,cpu,13.968,0.0501,0.0501,0.0461
gpu,combination_509,yolo11x,gpu,10.598,0.8086,0.8086,0.8468
gpu,combination_489,mobilenet_v2,cpu,814.332,0.0227,0.0227,0.0264
gpu,combination_489,resnet50,gpu,157.332,0.2248,0.2248,0.2770
gpu,combination_489,yolo11n,cpu,85.222,0.0333,0.0333,0.0301
gpu,combination_489,yolo11s,cpu,44.928,0.0265,0.0265,0.0262
gpu,combination_489,yolo11m,cpu,18.106,0.0342,0.0342,0.0326
gpu,combination_489,yolo11l,cpu,13.968,0.0336,0.0336,0.0307
gpu,combination_489,yolo11x,cpu,7.065,0.0396,0.0396,0.0538
gpu,combination_477,mobilenet_v2,gpu,814.332,0.0501,0.0501,0.0464
gpu,combination_477,resnet50,cpu,157.332,0.0221,0.0221,0.0220
gpu,combination_477,yolo11n,cpu,85.222,0.0340,0.0340,0.0300
gpu,combination_477,yolo11s,cpu,44.928,0.0265,0.0265,0.0272
gpu,combination_477,yolo11m,cpu,18.106,0.0348,0.0348,0.0345
gpu,combination_477,yolo11l,cpu,13.968,0.0336,0.0336,0.0326
gpu,combination_477,yolo11x,cpu,7.065,0.0396,0.0396,0.0548
gpu,combination_510,mobilenet_v2,gpu,1221.498,0.0484,0.0484,0.0547
gpu,combination_510,resnet50,gpu,235.998,0.2458,0.2458,0.2962
gpu,combination_510,yolo11n,gpu,127.833,0.2785,0.2785,0.4165
gpu,combination_510,yolo11s,cpu,44.928,0.0641,0.0641,0.0556
gpu,combination_510,yolo11m,cpu,18.106,0.0574,0.0574,0.0670
gpu,combination_510,yolo11l,gpu,20.952,0.8166,0.8166,0.8235
gpu,combination_510,yolo11x,cpu,7.065,0.0863,0.0863,0.0907
gpu,combination_471,mobilenet_v2,cpu,814.332,0.0286,0.0286,0.0258
gpu,combination_471,resnet50,cpu,157.332,0.0227,0.0227,0.0219
gpu,combination_471,yolo11n,cpu,85.222,0.0357,0.0357,0.0306
gpu,combination_471,yolo11s,cpu,44.928,0.0296,0.0296,0.0270
gpu,combination_471,yolo11m,cpu,18.106,0.0309,0.0309,0.0327
gpu,combination_471,yolo11l,gpu,13.968,0.8505,0.8505,0.8410
gpu,combination_471,yolo11x,cpu,7.065,0.0425,0.0425,0.0536
gpu,combination_527,mobilenet_v2,cpu,814.332,0.0351,0.0351,0.0380
gpu,combination_527,resnet50,gpu,314.664,0.1554,0.1554,0.1375
gpu,combination_527,yolo11n,gpu,170.444,0.1706,0.1706,0.2388
gpu,combination_527,yolo11s,gpu,89.856,0.3400,0.3400,0.3055
gpu,combination_527,yolo11m,cpu,18.106,0.0525,0.0525,0.0483
gpu,combination_527,yolo11l,cpu,13.968,0.0430,0.0430,0.0467
gpu,combination_527,yolo11x,cpu,7.065,0.0580,0.0580,0.0550
gpu,combination_499,mobilenet_v2,gpu,1221.498,0.0611,0.0611,0.0578
gpu,combination_499,resnet50,cpu,157.332,0.0859,0.0859,0.0779
gpu,combination_499,yolo11n,cpu,85.222,0.1158,0.1158,0.1138
gpu,combination_499,yolo11s,gpu,67.392,0.5846,0.5846,0.6197
gpu,combination_499,yolo11m,gpu,27.159,0.8413,0.8413,0.8639
gpu,combination_499,yolo11l,gpu,20.952,0.8586,0.8586,0.8725
gpu,combination_499,yolo11x,gpu,10.598,0.9068,0.9068,0.9021
gpu,combination_512,mobilenet_v2,gpu,1221.498,0.0773,0.0773,0.0628
gpu,combination_512,resnet50,gpu,235.998,0.4003,0.4003,0.3812
gpu,combination_512,yolo11n,cpu,85.222,0.2706,0.2706,0.3553
gpu,combination_512,yolo11s,gpu,67.392,0.5691,0.5691,0.6924
gpu,combination_512,yolo11m,gpu,27.159,0.9032,0.9032,0.8936
gpu,combination_512,yolo11l,gpu,20.952,0.9140,0.9140,0.9086
gpu,combination_512,yolo11x,gpu,10.598,0.9473,0.9473,0.9190
gpu,combination_496,mobilenet_v2,gpu,1221.498,0.0398,0.0398,0.0453
gpu,combination_496,resnet50,cpu,157.332,0.0242,0.0242,0.0263
gpu,combination_496,yolo11n,gpu,127.833,0.1726,0.1726,0.2713
gpu,combination_496,yolo11s,cpu,44.928,0.0316,0.0316,0.0341
gpu,combination_496,yolo11m,cpu,18.106,0.0409,0.0409,0.0402
gpu,combination_496,yolo11l,cpu,13.968,0.0379,0.0379,0.0386
gpu,combination_496,yolo11x,cpu,7.065,0.0481,0.0481,0.0472
gpu,combination_492,mobilenet_v2,gpu,814.332,0.0711,0.0711,0.0785
gpu,combination_492,resnet50,cpu,157.332,0.0458,0.0458,0.0426
gpu,combination_492,yolo11n,gpu,85.222,0.4465,0.4465,0.4089
gpu,combination_492,yolo11s,cpu,44.928,0.0563,0.0563,0.0558
gpu,combination_492,yolo11m,gpu,18.106,0.8323,0.8323,0.8495
gpu,combination_492,yolo11l,gpu,13.968,0.8505,0.8505,0.8535
gpu,combination_492,yolo11x,cpu,7.065,0.0892,0.0892,0.0915
gpu,combination_494,mobilenet_v2,gpu,1221.498,0.1080,0.1080,0.1101
gpu,combination_494,resnet50,gpu,235.998,0.5591,0.5591,0.5381
gpu,combination_494,yolo11n,gpu,127.833,0.2068,0.2068,0.5385
gpu,combination_494,yolo11s,gpu,67.392,0.4081,0.4081,0.4632
gpu,combination_494,yolo11m,gpu,27.159,0.9481,0.9481,0.9377
gpu,combination_494,yolo11l,gpu,20.952,0.9574,0.9574,0.9563
gpu,combination_494,yolo11x,gpu,10.598,0.9747,0.9747,1.0000
gpu,combination_478,mobilenet_v2,cpu,814.332,0.0319,0.0319,0.0309
gpu,combination_478,resnet50,cpu,157.332,0.0263,0.0263,0.0258
gpu,combination_478,yolo11n,gpu,85.222,0.2915,0.2915,0.3130
gpu,combination_478,yolo11s,cpu,44.928,0.0354,0.0354,0.0321
gpu,combination_478,yolo11m,cpu,18.106,0.0342,0.0342,0.0427
gpu,combination_478,yolo11l,cpu,13.968,0.0408,0.0408,0.0408
gpu,combination_478,yolo11x,gpu,7.065,0.8931,0.8931,0.8613
gpu,combination_498,mobilenet_v2,cpu,814.332,0.0482,0.0482,0.0472
gpu,combination_498,resnet50,gpu,235.998,0.2360,0.2360,0.2685
gpu,combination_498,yolo11n,cpu,85.222,0.0664,0.0664,0.0604
gpu,combination_498,yolo11s,gpu,67.392,0.5360,0.5360,0.5675
gpu,combination_498,yolo11m,gpu,27.159,0.7880,0.7880,0.8316
gpu,combination_498,yolo11l,cpu,13.968,0.0759,0.0759,0.0695
gpu,combination_498,yolo11x,gpu,10.598,0.8577,0.8577,0.8591
gpu,combination_484,mobilenet_v2,cpu,814.332,0.0336,0.0336,0.0306
gpu,combination_484,resnet50,gpu,157.332,0.2564,0.2564,0.2808
gpu,combination_484,yolo11n,cpu,85.222,0.0374,0.0374,0.0391
gpu,combination_484,yolo11s,cpu,44.928,0.0354,0.0354,0.0314
gpu,combination_484,yolo11m,cpu,18.106,0.0409,0.0409,0.0425
gpu,combination_484,yolo11l,cpu,13.968,0.0394,0.0394,0.0409
gpu,combination_484,yolo11x,gpu,7.065,0.8733,0.8733,0.8620
gpu,combination_81,resnet50,cpu,157.332,0.0491,0.0491,0.0509
gpu,combination_81,yolo11l,cpu,13.968,0.0766,0.0766,0.0741
gpu,combination_116,resnet50,gpu,471.996,0.2903,0.2903,0.2825
gpu,combination_116,yolo11x,gpu,21.195,0.9592,0.9592,0.9545
gpu,combination_111,resnet50,gpu,314.664,0.3809,0.3809,0.3848
gpu,combination_111,yolo11x,cpu,7.065,0.6256,0.6256,0.6023
gpu,combination_9,resnet50,cpu,157.332,0.0493,0.0493,0.0512
gpu,combination_9,yolo11n,cpu,85.222,0.0740,0.0740,0.0725
gpu,combination_101,resnet50,cpu,157.332,0.0970,0.0970,0.0983
gpu,combination_101,yolo11x,cpu,7.065,0.1769,0.1769,0.1567
gpu,combination_66,resnet50,cpu,157.332,0.0925,0.0925,0.0999
gpu,combination_66,yolo11m,gpu,54.318,0.8876,0.8876,0.8510
gpu,combination_97,resnet50,cpu,157.332,0.0472,0.0472,0.0562
gpu,combination_97,yolo11x,cpu,7.065,0.0934,0.0934,0.0831
gpu,combination_120,resnet50,gpu,471.996,0.3370,0.3370,0.3251
gpu,combination_120,yolo11x,gpu,21.195,0.9663,0.9663,0.9533
gpu,combination_41,resnet50,cpu,157.332,0.0480,0.0480,0.0494
gpu,combination_41,yolo11s,cpu,44.928,0.0612,0.0612,0.0642
gpu,combination_90,resnet50,cpu,157.332,0.0974,0.0974,0.0900
gpu,combination_90,yolo11l,gpu,41.904,0.8911,0.8911,0.8759
gpu,combination_87,resnet50,gpu,314.664,0.3895,0.3895,0.3891
gpu,combination_87,yolo11l,cpu,13.968,0.5713,0.5713,0.5816
gpu,combination_92,resnet50,gpu,471.996,0.2881,0.2881,0.2882
gpu,combination_92,yolo11l,gpu,41.904,0.9216,0.9216,0.9209
gpu,combination_60,resnet50,gpu,314.664,0.4359,0.4359,0.4345
gpu,combination_60,yolo11m,gpu,36.212,0.9295,0.9295,0.9400
gpu,combination_73,resnet50,cpu,157.332,0.0507,0.0507,0.0502
gpu,combination_73,yolo11l,cpu,13.968,0.0759,0.0759,0.0729
gpu,combination_71,resnet50,gpu,471.996,0.2561,0.2561,0.2526
gpu,combination_71,yolo11m,cpu,18.106,0.5440,0.5440,0.5290
gpu,combination_57,resnet50,cpu,157.332,0.0495,0.0495,0.0512
gpu,combination_57,yolo11m,cpu,18.106,0.0784,0.0784,0.0761
gpu,combination_14,resnet50,cpu,157.332,0.3918,0.3918,0.4324
gpu,combination_14,yolo11n,gpu,170.444,0.4034,0.4034,0.3236
gpu,combination_46,resnet50,cpu,157.332,0.3839,0.3839,0.4229
gpu,combination_46,yolo11s,gpu,134.784,0.5253,0.5253,0.5308
gpu,combination_94,resnet50,cpu,157.332,0.4335,0.4335,0.3940
gpu,combination_94,yolo11l,gpu,41.904,0.9071,0.9071,0.9061
gpu,combination_61,resnet50,cpu,157.332,0.0980,0.0980,0.0945
gpu,combination_61,yolo11m,cpu,18.106,0.1453,0.1453,0.1418
gpu,combination_1,resnet50,cpu,157.332,0.0528,0.0528,0.0561
gpu,combination_1,yolo11n,cpu,85.222,0.0769,0.0769,0.0791
gpu,combination_80,resnet50,gpu,157.332,0.6041,0.6041,0.6035
gpu,combination_80,yolo11l,gpu,13.968,0.9794,0.9794,0.9737
gpu,combination_65,resnet50,cpu,157.332,0.0487,0.0487,0.0484
gpu,combination_65,yolo11m,cpu,18.106,0.0757,0.0757,0.0727
gpu,combination_25,resnet50,cpu,157.332,0.0497,0.0497,0.0506
gpu,combination_25,yolo11s,cpu,44.928,0.0732,0.0732,0.0679
gpu,combination_56,resnet50,gpu,157.332,0.6042,0.6042,0.6181
gpu,combination_56,yolo11m,gpu,18.106,0.9748,0.9748,0.9742
gpu,combination_109,resnet50,cpu,157.332,0.0887,0.0887,0.0944
gpu,combination_109,yolo11x,cpu,7.065,0.1797,0.1797,0.1673
gpu,combination_107,resnet50,gpu,314.664,0.3493,0.3493,0.3409
gpu,combination_107,yolo11x,cpu,7.065,0.1656,0.1656,0.1657
gpu,combination_117,resnet50,cpu,157.332,0.0889,0.0889,0.0913
gpu,combination_117,yolo11x,cpu,7.065,0.1698,0.1698,0.1554
gpu,combination_100,resnet50,gpu,157.332,0.6314,0.6314,0.6326
gpu,combination_100,yolo11x,gpu,7.065,0.9908,0.9908,0.9866
gpu,combination_52,resnet50,gpu,157.332,0.6325,0.6325,0.6262
gpu,combination_52,yolo11m,gpu,18.106,0.9665,0.9665,0.9610
gpu,combination_112,resnet50,gpu,314.664,0.5081,0.5081,0.4931
gpu,combination_112,yolo11x,gpu,14.130,0.9809,0.9809,0.9908
gpu,combination_72,resnet50,gpu,471.996,0.3361,0.3361,0.3225
gpu,combination_72,yolo11m,gpu,54.318,0.9284,0.9284,0.9505
gpu,combination_22,resnet50,cpu,157.332,0.3902,0.3902,0.4228
gpu,combination_22,yolo11n,gpu,255.666,0.2501,0.2501,0.3062
gpu,combination_108,resnet50,gpu,314.664,0.4404,0.4404,0.4262
gpu,combination_108,yolo11x,gpu,14.130,0.9710,0.9710,0.9736
gpu,combination_2,resnet50,cpu,157.332,0.1047,0.1047,0.1118
gpu,combination_2,yolo11n,gpu,85.222,0.6409,0.6409,0.5959
gpu,combination_70,resnet50,cpu,157.332,0.4192,0.4192,0.4207
gpu,combination_70,yolo11m,gpu,54.318,0.9100,0.9100,0.9049
gpu,combination_40,resnet50,gpu,314.664,0.5004,0.5004,0.4752
gpu,combination_40,yolo11s,gpu,89.856,0.8577,0.8577,0.8707
gpu,combination_6,resnet50,cpu,157.332,0.4284,0.4284,0.5510
gpu,combination_6,yolo11n,gpu,85.222,0.7112,0.7112,0.6587
gpu,combination_64,resnet50,gpu,314.664,0.5049,0.5049,0.5041
gpu,combination_64,yolo11m,gpu,36.212,0.9505,0.9505,0.9716
gpu,combination_29,resnet50,cpu,157.332,0.1028,0.1028,0.0955
gpu,combination_29,yolo11s,cpu,44.928,0.1220,0.1220,0.1268
gpu,combination_93,resnet50,cpu,157.332,0.0884,0.0884,0.0921
gpu,combination_93,yolo11l,cpu,13.968,0.1418,0.1418,0.1364
gpu,combination_119,resnet50,gpu,471.996,0.2483,0.2483,0.2508
gpu,combination_119,yolo11x,cpu,7.065,0.6058,0.6058,0.5687
gpu,combination_39,resnet50,gpu,314.664,0.3941,0.3941,0.3737
gpu,combination_39,yolo11s,cpu,44.928,0.5084,0.5084,0.5254
gpu,combination_51,resnet50,gpu,157.332,0.5860,0.5860,0.5702
gpu,combination_51,yolo11m,cpu,18.106,0.1585,0.1585,0.1474
gpu,combination_47,resnet50,gpu,471.996,0.2679,0.2679,0.2526
gpu,combination_47,yolo11s,cpu,44.928,0.4964,0.4964,0.5077
gpu,combination_50,resnet50,cpu,157.332,0.1169,0.1169,0.1163
gpu,combination_50,yolo11m,gpu,18.106,0.9428,0.9428,0.9458
gpu,combination_74,resnet50,cpu,157.332,0.1095,0.1095,0.1060
gpu,combination_74,yolo11l,gpu,13.968,0.9550,0.9550,0.9489
gpu,combination_67,resnet50,gpu,471.996,0.2292,0.2292,0.2236
gpu,combination_67,yolo11m,cpu,18.106,0.1364,0.1364,0.1274
gpu,combination_23,resnet50,gpu,471.996,0.2682,0.2682,0.2519
gpu,combination_23,yolo11n,cpu,85.222,0.4292,0.4292,0.4335
gpu,combination_49,resnet50,cpu,157.332,0.0507,0.0507,0.0561
gpu,combination_49,yolo11m,cpu,18.106,0.0790,0.0790,0.0766
gpu,combination_63,resnet50,gpu,314.664,0.3914,0.3914,0.3729
gpu,combination_63,yolo11m,cpu,18.106,0.5628,0.5628,0.5502
gpu,combination_84,resnet50,gpu,314.664,0.4386,0.4386,0.4380
gpu,combination_84,yolo11l,gpu,27.936,0.9450,0.9450,0.9429
gpu,combination_45,resnet50,cpu,157.332,0.0924,0.0924,0.0892
gpu,combination_45,yolo11s,cpu,44.928,0.1251,0.1251,0.1208
gpu,combination_34,resnet50,cpu,157.332,0.0924,0.0924,0.1001
gpu,combination_34,yolo11s,gpu,89.856,0.6754,0.6754,0.6749
gpu,combination_105,resnet50,cpu,157.332,0.0486,0.0486,0.0512
gpu,combination_105,yolo11x,cpu,7.065,0.0920,0.0920,0.0906
gpu,combination_35,resnet50,gpu,314.664,0.3577,0.3577,0.3195
gpu,combination_35,yolo11s,cpu,44.928,0.1166,0.1166,0.1240
gpu,combination_103,resnet50,gpu,157.332,0.6228,0.6228,0.6183
gpu,combination_103,yolo11x,cpu,7.065,0.6921,0.6921,0.6470
gpu,combination_4,resnet50,gpu,157.332,0.6356,0.6356,0.6527
gpu,combination_4,yolo11n,gpu,85.222,0.8769,0.8769,0.6872
gpu,combination_33,resnet50,cpu,157.332,0.0502,0.0502,0.0530
gpu,combination_33,yolo11s,cpu,44.928,0.0621,0.0621,0.0674
gpu,combination_18,resnet50,cpu,157.332,0.0894,0.0894,0.0929
gpu,combination_18,yolo11n,gpu,255.666,0.2088,0.2088,0.3039
gpu,combination_118,resnet50,cpu,157.332,0.5007,0.5007,0.4471
gpu,combination_118,yolo11x,gpu,21.195,0.9493,0.9493,0.9222
gpu,combination_75,resnet50,gpu,157.332,0.5947,0.5947,0.5839
gpu,combination_75,yolo11l,cpu,13.968,0.1511,0.1511,0.1571
gpu,combination_114,resnet50,cpu,157.332,0.0873,0.0873,0.0999
gpu,combination_114,yolo11x,gpu,21.195,0.9370,0.9370,0.9092
gpu,combination_104,resnet50,gpu,157.332,0.6034,0.6034,0.6241
gpu,combination_104,yolo11x,gpu,7.065,0.9908,0.9908,0.9914
gpu,combination_99,resnet50,gpu,157.332,0.5837,0.5837,0.5810
gpu,combination_99,yolo11x,cpu,7.065,0.1826,0.1826,0.1801
gpu,combination_58,resnet50,cpu,157.332,0.1004,0.1004,0.0996
gpu,combination_58,yolo11m,gpu,36.212,0.8936,0.8936,0.8961
gpu,combination_12,resnet50,gpu,314.664,0.4284,0.4284,0.3953
gpu,combination_12,yolo11n,gpu,170.444,0.5489,0.5489,0.3514
gpu,combination_91,resnet50,gpu,471.996,0.2334,0.2334,0.2344
gpu,combination_91,yolo11l,cpu,13.968,0.1360,0.1360,0.1272
gpu,combination_48,resnet50,gpu,471.996,0.3229,0.3229,0.3104
gpu,combination_48,yolo11s,gpu,134.784,0.6953,0.6953,0.7110
gpu,combination_11,resnet50,gpu,314.664,0.3543,0.3543,0.3204
gpu,combination_11,yolo11n,cpu,85.222,0.1266,0.1266,0.1310
gpu,combination_86,resnet50,cpu,157.332,0.5093,0.5093,0.5086
gpu,combination_86,yolo11l,gpu,27.936,0.9325,0.9325,0.9350
gpu,combination_8,resnet50,gpu,157.332,0.6097,0.6097,0.6819
gpu,combination_8,yolo11n,gpu,85.222,0.8878,0.8878,0.7192
gpu,combination_62,resnet50,cpu,157.332,0.5040,0.5040,0.5019
gpu,combination_62,yolo11m,gpu,36.212,0.9154,0.9154,0.9336
gpu,combination_95,resnet50,gpu,471.996,0.2582,0.2582,0.2555
gpu,combination_95,yolo11l,cpu,13.968,0.5520,0.5520,0.5690
gpu,combination_37,resnet50,cpu,157.332,0.0966,0.0966,0.0950
gpu,combination_37,yolo11s,cpu,44.928,0.1200,0.1200,0.1250
gpu,combination_98,resnet50,cpu,157.332,0.1176,0.1176,0.1163
gpu,combination_98,yolo11x,gpu,7.065,0.9795,0.9795,0.9859
gpu,combination_55,resnet50,gpu,157.332,0.6175,0.6175,0.6139
gpu,combination_55,yolo11m,cpu,18.106,0.6401,0.6401,0.6079
gpu,combination_20,resnet50,gpu,471.996,0.2829,0.2829,0.2607
gpu,combination_20,yolo11n,gpu,255.666,0.3621,0.3621,0.3654
gpu,combination_76,resnet50,gpu,157.332,0.6296,0.6296,0.6308
gpu,combination_76,yolo11l,gpu,13.968,0.9737,0.9737,0.9694
gpu,combination_3,resnet50,gpu,157.332,0.5948,0.5948,0.5702
gpu,combination_3,yolo11n,cpu,85.222,0.1383,0.1383,0.1326
gpu,combination_15,resnet50,gpu,314.664,0.4085,0.4085,0.3716
gpu,combination_15,yolo11n,cpu,85.222,0.4358,0.4358,0.4758
gpu,combination_88,resnet50,gpu,314.664,0.5073,0.5073,0.5035
gpu,combination_88,yolo11l,gpu,27.936,0.9636,0.9636,0.9554
gpu,combination_21,resnet50,cpu,157.332,0.0917,0.0917,0.0919
gpu,combination_21,yolo11n,cpu,85.222,0.1337,0.1337,0.1306
gpu,combination_7,resnet50,gpu,157.332,0.6238,0.6238,0.6172
gpu,combination_7,yolo11n,cpu,85.222,0.4940,0.4940,0.5400
gpu,combination_69,resnet50,cpu,157.332,0.0929,0.0929,0.0916
gpu,combination_69,yolo11m,cpu,18.106,0.1414,0.1414,0.1353
gpu,combination_113,resnet50,cpu,157.332,0.0479,0.0479,0.0484
gpu,combination_113,yolo11x,cpu,7.065,0.0948,0.0948,0.0814
gpu,combination_85,resnet50,cpu,157.332,0.0927,0.0927,0.0960
gpu,combination_85,yolo11l,cpu,13.968,0.1432,0.1432,0.1387
gpu,combination_38,resnet50,cpu,157.332,0.3904,0.3904,0.4328
gpu,combination_38,yolo11s,gpu,89.856,0.7436,0.7436,0.7434
gpu,combination_54,resnet50,cpu,157.332,0.5865,0.5865,0.5584
gpu,combination_54,yolo11m,gpu,18.106,0.9577,0.9577,0.9641
gpu,combination_43,resnet50,gpu,471.996,0.2360,0.2360,0.2157
gpu,combination_43,yolo11s,cpu,44.928,0.1160,0.1160,0.1144
gpu,combination_53,resnet50,cpu,157.332,0.0922,0.0922,0.0983
gpu,combination_53,yolo11m,cpu,18.106,0.1475,0.1475,0.1399
gpu,combination_36,resnet50,gpu,314.664,0.4301,0.4301,0.4159
gpu,combination_36,yolo11s,gpu,89.856,0.8466,0.8466,0.8504
gpu,combination_32,resnet50,gpu,157.332,0.6072,0.6072,0.6100
gpu,combination_32,yolo11s,gpu,44.928,0.9342,0.9342,0.9444
gpu,combination_13,resnet50,cpu,157.332,0.1013,0.1013,0.0950
gpu,combination_13,yolo11n,cpu,85.222,0.1261,0.1261,0.1361
gpu,combination_89,resnet50,cpu,157.332,0.0479,0.0479,0.0484
gpu,combination_89,yolo11l,cpu,13.968,0.0730,0.0730,0.0705
gpu,combination_96,resnet50,gpu,471.996,0.3365,0.3365,0.3361
gpu,combination_96,yolo11l,gpu,41.904,0.9340,0.9340,0.9277
gpu,combination_79,resnet50,gpu,157.332,0.6217,0.6217,0.6173
gpu,combination_79,yolo11l,cpu,13.968,0.6601,0.6601,0.6577
gpu,combination_106,resnet50,cpu,157.332,0.1012,0.1012,0.0858
gpu,combination_106,yolo11x,gpu,14.130,0.9561,0.9561,0.9490
gpu,combination_78,resnet50,cpu,157.332,0.5872,0.5872,0.5553
gpu,combination_78,yolo11l,gpu,13.968,0.9672,0.9672,0.9588
gpu,combination_27,resnet50,gpu,157.332,0.5931,0.5931,0.5458
gpu,combination_27,yolo11s,cpu,44.928,0.1329,0.1329,0.1306
gpu,combination_19,resnet50,gpu,471.996,0.2340,0.2340,0.2316
gpu,combination_19,yolo11n,cpu,85.222,0.1229,0.1229,0.1250
gpu,combination_68,resnet50,gpu,471.996,0.2881,0.2881,0.2802
gpu,combination_68,yolo11m,gpu,54.318,0.9185,0.9185,0.9290
gpu,combination_82,resnet50,cpu,157.332,0.1011,0.1011,0.1020
gpu,combination_82,yolo11l,gpu,27.936,0.9132,0.9132,0.9033
gpu,combination_42,resnet50,cpu,157.332,0.0941,0.0941,0.0929
gpu,combination_42,yolo11s,gpu,134.784,0.4386,0.4386,0.4500
gpu,combination_17,resnet50,cpu,157.332,0.0478,0.0478,0.0494
gpu,combination_17,yolo11n,cpu,85.222,0.0704,0.0704,0.0674
gpu,combination_83,resnet50,gpu,314.664,0.3491,0.3491,0.3526
gpu,combination_83,yolo11l,cpu,13.968,0.1324,0.1324,0.1305
gpu,combination_5,resnet50,cpu,157.332,0.1004,0.1004,0.0986
gpu,combination_5,yolo11n,cpu,85.222,0.1353,0.1353,0.1325
gpu,combination_59,resnet50,gpu,314.664,0.3501,0.3501,0.3204
gpu,combination_59,yolo11m,cpu,18.106,0.1392,0.1392,0.1379
gpu,combination_31,resnet50,gpu,157.332,0.6221,0.6221,0.5999
gpu,combination_31,yolo11s,cpu,44.928,0.5711,0.5711,0.5562
gpu,combination_44,resnet50,gpu,471.996,0.2841,0.2841,0.2563
gpu,combination_44,yolo11s,gpu,134.784,0.6944,0.6944,0.6716
gpu,combination_102,resnet50,cpu,157.332,0.6022,0.6022,0.5584
gpu,combination_102,yolo11x,gpu,7.065,0.9908,0.9908,0.9947
gpu,combination_110,resnet50,cpu,157.332,0.5572,0.5572,0.4592
gpu,combination_110,yolo11x,gpu,14.130,0.9689,0.9689,0.9664
gpu,combination_28,resnet50,gpu,157.332,0.6317,0.6317,0.6268
gpu,combination_28,yolo11s,gpu,44.928,0.9264,0.9264,0.9341
gpu,combination_24,resnet50,gpu,471.996,0.3236,0.3236,0.3129
gpu,combination_24,yolo11n,gpu,255.666,0.3640,0.3640,0.4457
gpu,combination_26,resnet50,cpu,157.332,0.1113,0.1113,0.1075
gpu,combination_26,yolo11s,gpu,44.928,0.8999,0.8999,0.9001
gpu,combination_77,resnet50,cpu,157.332,0.0981,0.0981,0.0975
gpu,combination_77,yolo11l,cpu,13.968,0.1446,0.1446,0.1436
gpu,combination_115,resnet50,gpu,471.996,0.2369,0.2369,0.2236
gpu,combination_115,yolo11x,cpu,7.065,0.1585,0.1585,0.1603
gpu,combination_10,resnet50,cpu,157.332,0.0934,0.0934,0.1001
gpu,combination_10,yolo11n,gpu,170.444,0.3164,0.3164,0.3106
gpu,combination_30,resnet50,cpu,157.332,0.5330,0.5330,0.5539
gpu,combination_30,yolo11s,gpu,44.928,0.9197,0.9197,0.9146
gpu,combination_16,resnet50,gpu,314.664,0.4828,0.4828,0.4703
gpu,combination_16,yolo11n,gpu,170.444,0.5838,0.5838,0.4330
gpu,combination_312,mobilenet_v2,cpu,814.332,0.0391,0.0391,0.0386
gpu,combination_312,resnet50,cpu,157.332,0.0327,0.0327,0.0347
gpu,combination_312,yolo11s,cpu,44.928,0.0410,0.0410,0.0437
gpu,combination_312,yolo11m,gpu,27.159,0.8259,0.8259,0.7906
gpu,combination_312,yolo11l,gpu,20.952,0.8414,0.8414,0.8178
gpu,combination_337,mobilenet_v2,cpu,814.332,0.0395,0.0395,0.0406
gpu,combination_337,resnet50,gpu,314.664,0.1688,0.1688,0.1786
gpu,combination_337,yolo11s,cpu,44.928,0.0421,0.0421,0.0474
gpu,combination_337,yolo11m,gpu,36.212,0.7194,0.7194,0.7069
gpu,combination_337,yolo11l,cpu,13.968,0.0487,0.0487,0.0529
gpu,combination_347,mobilenet_v2,gpu,1285.347,0.0454,0.0454,0.0421
gpu,combination_347,resnet50,cpu,157.332,0.0310,0.0310,0.0367
gpu,combination_347,yolo11s,cpu,44.928,0.0405,0.0405,0.0476
gpu,combination_347,yolo11m,gpu,36.212,0.7680,0.7680,0.7097
gpu,combination_347,yolo11l,cpu,13.968,0.0501,0.0501,0.0529
gpu,combination_348,mobilenet_v2,cpu,814.332,0.0512,0.0512,0.0540
gpu,combination_348,resnet50,cpu,157.332,0.0454,0.0454,0.0511
gpu,combination_348,yolo11s,gpu,89.856,0.4085,0.4085,0.4680
gpu,combination_348,yolo11m,gpu,36.212,0.7848,0.7848,0.7587
gpu,combination_348,yolo11l,gpu,27.936,0.8058,0.8058,0.7956
gpu,combination_338,mobilenet_v2,cpu,814.332,0.0479,0.0479,0.0517
gpu,combination_338,resnet50,gpu,314.664,0.1884,0.1884,0.1922
gpu,combination_338,yolo11s,gpu,89.856,0.4361,0.4361,0.4750
gpu,combination_338,yolo11m,cpu,18.106,0.0746,0.0746,0.0735
gpu,combination_338,yolo11l,cpu,13.968,0.0673,0.0673,0.0728
gpu,combination_323,mobilenet_v2,cpu,814.332,0.0517,0.0517,0.0531
gpu,combination_323,resnet50,gpu,235.998,0.2659,0.2659,0.2982
gpu,combination_323,yolo11s,gpu,67.392,0.5547,0.5547,0.5981
gpu,combination_323,yolo11m,cpu,18.106,0.0707,0.0707,0.0790
gpu,combination_323,yolo11l,gpu,20.952,0.8209,0.8209,0.8462
gpu,combination_335,mobilenet_v2,gpu,1285.347,0.0742,0.0742,0.0686
gpu,combination_335,resnet50,gpu,314.664,0.3029,0.3029,0.3409
gpu,combination_335,yolo11s,gpu,89.856,0.4787,0.4787,0.4806
gpu,combination_335,yolo11m,cpu,18.106,0.3750,0.3750,0.3811
gpu,combination_335,yolo11l,gpu,27.936,0.8963,0.8963,0.9078
gpu,combination_343,mobilenet_v2,cpu,814.332,0.0498,0.0498,0.0537
gpu,combination_343,resnet50,gpu,314.664,0.1948,0.1948,0.2124
gpu,combination_343,yolo11s,gpu,89.856,0.3987,0.3987,0.4658
gpu,combination_343,yolo11m,cpu,18.106,0.0707,0.0707,0.0769
gpu,combination_343,yolo11l,gpu,27.936,0.8076,0.8076,0.7876
gpu,combination_333,mobilenet_v2,cpu,814.332,0.0557,0.0557,0.0517
gpu,combination_333,resnet50,gpu,314.664,0.1869,0.1869,0.2098
gpu,combination_333,yolo11s,cpu,44.928,0.0568,0.0568,0.0641
gpu,combination_333,yolo11m,gpu,36.212,0.8006,0.8006,0.7392
gpu,combination_333,yolo11l,cpu,13.968,0.0730,0.0730,0.0728
gpu,combination_308,mobilenet_v2,cpu,814.332,0.0533,0.0533,0.0506
gpu,combination_308,resnet50,cpu,157.332,0.0474,0.0474,0.0553
gpu,combination_308,yolo11s,gpu,44.928,0.7855,0.7855,0.7995
gpu,combination_308,yolo11m,gpu,18.106,0.8539,0.8539,0.8628
gpu,combination_308,yolo11l,gpu,13.968,0.8706,0.8706,0.8841
gpu,combination_311,mobilenet_v2,cpu,814.332,0.0331,0.0331,0.0310
gpu,combination_311,resnet50,cpu,157.332,0.0232,0.0232,0.0267
gpu,combination_311,yolo11s,gpu,67.392,0.3732,0.3732,0.3936
gpu,combination_311,yolo11m,cpu,18.106,0.0403,0.0403,0.0381
gpu,combination_311,yolo11l,cpu,13.968,0.0372,0.0372,0.0376
gpu,combination_305,mobilenet_v2,gpu,814.332,0.1357,0.1357,0.1527
gpu,combination_305,resnet50,gpu,157.332,0.6461,0.6461,0.6479
gpu,combination_305,yolo11s,gpu,44.928,0.9079,0.9079,0.9063
gpu,combination_305,yolo11m,gpu,18.106,0.9533,0.9533,0.9508
gpu,combination_305,yolo11l,gpu,13.968,0.9629,0.9629,0.9619
gpu,combination_313,mobilenet_v2,cpu,814.332,0.0518,0.0518,0.0506
gpu,combination_313,resnet50,gpu,235.998,0.2703,0.2703,0.2519
gpu,combination_313,yolo11s,cpu,44.928,0.0599,0.0599,0.0616
gpu,combination_313,yolo11m,gpu,27.159,0.8303,0.8303,0.8042
gpu,combination_313,yolo11l,cpu,13.968,0.0737,0.0737,0.0713
gpu,combination_344,mobilenet_v2,gpu,1285.347,0.0608,0.0608,0.0609
gpu,combination_344,resnet50,cpu,157.332,0.0832,0.0832,0.0905
gpu,combination_344,yolo11s,gpu,89.856,0.4957,0.4957,0.5779
gpu,combination_344,yolo11m,gpu,36.212,0.8431,0.8431,0.8611
gpu,combination_344,yolo11l,gpu,27.936,0.8641,0.8641,0.8873
gpu,combination_299,mobilenet_v2,gpu,814.332,0.0975,0.0975,0.1001
gpu,combination_299,resnet50,cpu,157.332,0.0870,0.0870,0.0862
gpu,combination_299,yolo11s,cpu,44.928,0.1120,0.1120,0.1057
gpu,combination_299,yolo11m,gpu,18.106,0.9130,0.9130,0.8888
gpu,combination_299,yolo11l,gpu,13.968,0.9286,0.9286,0.9019
gpu,combination_317,mobilenet_v2,cpu,814.332,0.0389,0.0389,0.0384
gpu,combination_317,resnet50,gpu,235.998,0.2357,0.2357,0.2304
gpu,combination_317,yolo11s,cpu,44.928,0.0418,0.0418,0.0435
gpu,combination_317,yolo11m,gpu,27.159,0.8038,0.8038,0.7741
gpu,combination_317,yolo11l,cpu,13.968,0.0508,0.0508,0.0488
gpu,combination_326,mobilenet_v2,cpu,814.332,0.0282,0.0282,0.0311
gpu,combination_326,resnet50,cpu,157.332,0.0231,0.0231,0.0268
gpu,combination_326,yolo11s,cpu,44.928,0.0323,0.0323,0.0336
gpu,combination_326,yolo11m,cpu,18.106,0.0403,0.0403,0.0379
gpu,combination_326,yolo11l,gpu,20.952,0.8372,0.8372,0.7962
gpu,combination_334,mobilenet_v2,cpu,814.332,0.0665,0.0665,0.0794
gpu,combination_334,resnet50,gpu,314.664,0.2316,0.2316,0.2502
gpu,combination_334,yolo11s,gpu,89.856,0.5382,0.5382,0.5496
gpu,combination_334,yolo11m,cpu,18.106,0.1259,0.1259,0.1247
gpu,combination_334,yolo11l,gpu,27.936,0.8530,0.8530,0.8501
gpu,combination_319,mobilenet_v2,gpu,1221.498,0.0636,0.0636,0.0612
gpu,combination_319,resnet50,cpu,157.332,0.0876,0.0876,0.0847
gpu,combination_319,yolo11s,cpu,44.928,0.1066,0.1066,0.1020
gpu,combination_319,yolo11m,gpu,27.159,0.8767,0.8767,0.8456
gpu,combination_319,yolo11l,gpu,20.952,0.8930,0.8930,0.8573
gpu,combination_316,mobilenet_v2,cpu,814.332,0.0327,0.0327,0.0314
gpu,combination_316,resnet50,cpu,157.332,0.0271,0.0271,0.0258
gpu,combination_316,yolo11s,cpu,44.928,0.0354,0.0354,0.0334
gpu,combination_316,yolo11m,cpu,18.106,0.0398,0.0398,0.0377
gpu,combination_316,yolo11l,cpu,13.968,0.0408,0.0408,0.0373
gpu,combination_320,mobilenet_v2,cpu,814.332,0.1224,0.1224,0.1292
gpu,combination_320,resnet50,gpu,235.998,0.4256,0.4256,0.4533
gpu,combination_320,yolo11s,gpu,67.392,0.7517,0.7517,0.6390
gpu,combination_320,yolo11m,gpu,27.159,0.9316,0.9316,0.9108
gpu,combination_320,yolo11l,gpu,20.952,0.9464,0.9464,0.9166
gpu,combination_346,mobilenet_v2,cpu,814.332,0.0322,0.0322,0.0319
gpu,combination_346,resnet50,cpu,157.332,0.0232,0.0232,0.0279
gpu,combination_346,yolo11s,cpu,44.928,0.0312,0.0312,0.0352
gpu,combination_346,yolo11m,cpu,18.106,0.0403,0.0403,0.0408
gpu,combination_346,yolo11l,gpu,27.936,0.6647,0.6647,0.6789
gpu,combination_321,mobilenet_v2,cpu,814.332,0.0289,0.0289,0.0311
gpu,combination_321,resnet50,cpu,157.332,0.0264,0.0264,0.0268
gpu,combination_321,yolo11s,cpu,44.928,0.0338,0.0338,0.0336
gpu,combination_321,yolo11m,gpu,27.159,0.8012,0.8012,0.7835
gpu,combination_321,yolo11l,cpu,13.968,0.0387,0.0387,0.0374
gpu,combination_289,mobilenet_v2,cpu,814.332,0.0247,0.0247,0.0248
gpu,combination_289,resnet50,cpu,157.332,0.0210,0.0210,0.0184
gpu,combination_289,yolo11s,cpu,44.928,0.0260,0.0260,0.0257
gpu,combination_289,yolo11m,cpu,18.106,0.0304,0.0304,0.0308
gpu,combination_289,yolo11l,cpu,13.968,0.0301,0.0301,0.0304
gpu,combination_292,mobilenet_v2,cpu,814.332,0.0425,0.0425,0.0410
gpu,combination_292,resnet50,cpu,157.332,0.0315,0.0315,0.0363
gpu,combination_292,yolo11s,cpu,44.928,0.0432,0.0432,0.0443
gpu,combination_292,yolo11m,gpu,18.106,0.8550,0.8550,0.8449
gpu,combination_292,yolo11l,gpu,13.968,0.8720,0.8720,0.8668
gpu,combination_331,mobilenet_v2,cpu,814.332,0.0309,0.0309,0.0317
gpu,combination_331,resnet50,cpu,157.332,0.0247,0.0247,0.0278
gpu,combination_331,yolo11s,gpu,89.856,0.2855,0.2855,0.3211
gpu,combination_331,yolo11m,cpu,18.106,0.0414,0.0414,0.0409
gpu,combination_331,yolo11l,cpu,13.968,0.0379,0.0379,0.0402
gpu,combination_294,mobilenet_v2,cpu,814.332,0.0715,0.0715,0.0745
gpu,combination_294,resnet50,gpu,157.332,0.4630,0.4630,0.4780
gpu,combination_294,yolo11s,gpu,44.928,0.8449,0.8449,0.8394
gpu,combination_294,yolo11m,cpu,18.106,0.1381,0.1381,0.1271
gpu,combination_294,yolo11l,gpu,13.968,0.9142,0.9142,0.8966
gpu,combination_332,mobilenet_v2,cpu,814.332,0.0389,0.0389,0.0406
gpu,combination_332,resnet50,cpu,157.332,0.0317,0.0317,0.0365
gpu,combination_332,yolo11s,cpu,44.928,0.0403,0.0403,0.0474
gpu,combination_332,yolo11m,gpu,36.212,0.7208,0.7208,0.7152
gpu,combination_332,yolo11l,gpu,27.936,0.7807,0.7807,0.7500
gpu,combination_290,mobilenet_v2,gpu,814.332,0.1690,0.1690,0.1769
gpu,combination_290,resnet50,gpu,157.332,0.7498,0.7498,0.7061
gpu,combination_290,yolo11s,gpu,44.928,0.9268,0.9268,0.9122
gpu,combination_290,yolo11m,gpu,18.106,0.9676,0.9676,0.9609
gpu,combination_290,yolo11l,gpu,13.968,0.9751,0.9751,0.9729
gpu,combination_325,mobilenet_v2,gpu,1221.498,0.0856,0.0856,0.0763
gpu,combination_325,resnet50,gpu,235.998,0.4431,0.4431,0.4667
gpu,combination_325,yolo11s,gpu,67.392,0.8099,0.8099,0.6687
gpu,combination_325,yolo11m,gpu,27.159,0.9271,0.9271,0.9201
gpu,combination_325,yolo11l,gpu,20.952,0.9393,0.9393,0.9263
gpu,combination_314,mobilenet_v2,cpu,814.332,0.0676,0.0676,0.0717
gpu,combination_314,resnet50,gpu,235.998,0.3130,0.3130,0.3241
gpu,combination_314,yolo11s,gpu,67.392,0.6738,0.6738,0.6351
gpu,combination_314,yolo11m,cpu,18.106,0.1331,0.1331,0.1174
gpu,combination_314,yolo11l,gpu,20.952,0.8763,0.8763,0.8626
gpu,combination_336,mobilenet_v2,cpu,814.332,0.0247,0.0247,0.0347
gpu,combination_336,resnet50,cpu,157.332,0.0283,0.0283,0.0292
gpu,combination_336,yolo11s,cpu,44.928,0.0345,0.0345,0.0360
gpu,combination_336,yolo11m,cpu,18.106,0.0425,0.0425,0.0419
gpu,combination_336,yolo11l,cpu,13.968,0.0408,0.0408,0.0410
gpu,combination_307,mobilenet_v2,gpu,814.332,0.0702,0.0702,0.0825
gpu,combination_307,resnet50,cpu,157.332,0.0301,0.0301,0.0359
gpu,combination_307,yolo11s,cpu,44.928,0.0434,0.0434,0.0436
gpu,combination_307,yolo11m,gpu,18.106,0.8682,0.8682,0.8364
gpu,combination_307,yolo11l,cpu,13.968,0.0480,0.0480,0.0515
gpu,combination_324,mobilenet_v2,gpu,1221.498,0.0661,0.0661,0.0640
gpu,combination_324,resnet50,cpu,157.332,0.0835,0.0835,0.0977
gpu,combination_324,yolo11s,gpu,67.392,0.7106,0.7106,0.6423
gpu,combination_324,yolo11m,gpu,27.159,0.8671,0.8671,0.8773
gpu,combination_324,yolo11l,gpu,20.952,0.8830,0.8830,0.8833
gpu,combination_340,mobilenet_v2,cpu,814.332,0.1191,0.1191,0.1338
gpu,combination_340,resnet50,gpu,314.664,0.3126,0.3126,0.3644
gpu,combination_340,yolo11s,gpu,89.856,0.4629,0.4629,0.5347
gpu,combination_340,yolo11m,gpu,36.212,0.9025,0.9025,0.8785
gpu,combination_340,yolo11l,gpu,27.936,0.9192,0.9192,0.8981
gpu,combination_315,mobilenet_v2,gpu,1221.498,0.0781,0.0781,0.0775
gpu,combination_315,resnet50,gpu,235.998,0.4042,0.4042,0.4253
gpu,combination_315,yolo11s,gpu,67.392,0.7014,0.7014,0.6155
gpu,combination_315,yolo11m,cpu,18.106,0.4070,0.4070,0.3959
gpu,combination_315,yolo11l,gpu,20.952,0.9169,0.9169,0.9125
gpu,combination_306,mobilenet_v2,cpu,814.332,0.0314,0.0314,0.0320
gpu,combination_306,resnet50,cpu,157.332,0.0222,0.0222,0.0268
gpu,combination_306,yolo11s,cpu,44.928,0.0323,0.0323,0.0330
gpu,combination_306,yolo11m,cpu,18.106,0.0420,0.0420,0.0388
gpu,combination_306,yolo11l,gpu,13.968,0.8727,0.8727,0.8547
gpu,combination_341,mobilenet_v2,cpu,814.332,0.0287,0.0287,0.0319
gpu,combination_341,resnet50,cpu,157.332,0.0230,0.0230,0.0279
gpu,combination_341,yolo11s,cpu,44.928,0.0314,0.0314,0.0352
gpu,combination_341,yolo11m,gpu,36.212,0.6230,0.6230,0.6143
gpu,combination_341,yolo11l,cpu,13.968,0.0394,0.0394,0.0400
gpu,combination_295,mobilenet_v2,gpu,814.332,0.1179,0.1179,0.1153
gpu,combination_295,resnet50,gpu,157.332,0.5691,0.5691,0.5793
gpu,combination_295,yolo11s,gpu,44.928,0.8752,0.8752,0.8755
gpu,combination_295,yolo11m,cpu,18.106,0.4452,0.4452,0.4272
gpu,combination_295,yolo11l,gpu,13.968,0.9350,0.9350,0.9376
gpu,combination_328,mobilenet_v2,cpu,814.332,0.0519,0.0519,0.0531
gpu,combination_328,resnet50,cpu,157.332,0.0450,0.0450,0.0603
gpu,combination_328,yolo11s,gpu,67.392,0.5685,0.5685,0.5663
gpu,combination_328,yolo11m,gpu,27.159,0.8148,0.8148,0.8134
gpu,combination_328,yolo11l,gpu,20.952,0.8333,0.8333,0.8393
gpu,combination_345,mobilenet_v2,gpu,1285.347,0.0792,0.0792,0.0755
gpu,combination_345,resnet50,gpu,314.664,0.3236,0.3236,0.3903
gpu,combination_345,yolo11s,gpu,89.856,0.4848,0.4848,0.5479
gpu,combination_345,yolo11m,gpu,36.212,0.9033,0.9033,0.9132
gpu,combination_345,yolo11l,gpu,27.936,0.9221,0.9221,0.9154
gpu,combination_342,mobilenet_v2,gpu,1285.347,0.0425,0.0425,0.0346
gpu,combination_342,resnet50,cpu,157.332,0.0313,0.0313,0.0369
gpu,combination_342,yolo11s,gpu,89.856,0.3540,0.3540,0.3790
gpu,combination_342,yolo11m,cpu,18.106,0.0508,0.0508,0.0538
gpu,combination_342,yolo11l,cpu,13.968,0.0473,0.0473,0.0528
gpu,combination_298,mobilenet_v2,cpu,814.332,0.0540,0.0540,0.0514
gpu,combination_298,resnet50,gpu,157.332,0.3835,0.3835,0.3859
gpu,combination_298,yolo11s,gpu,44.928,0.7603,0.7603,0.7426
gpu,combination_298,yolo11m,cpu,18.106,0.0696,0.0696,0.0711
gpu,combination_298,yolo11l,cpu,13.968,0.0730,0.0730,0.0718
gpu,combination_322,mobilenet_v2,gpu,1221.498,0.0483,0.0483,0.0431
gpu,combination_322,resnet50,cpu,157.332,0.0327,0.0327,0.0345
gpu,combination_322,yolo11s,gpu,67.392,0.4271,0.4271,0.4972
gpu,combination_322,yolo11m,cpu,18.106,0.0497,0.0497,0.0493
gpu,combination_322,yolo11l,cpu,13.968,0.0465,0.0465,0.0487
gpu,combination_329,mobilenet_v2,cpu,814.332,0.0242,0.0242,0.0282
gpu,combination_329,resnet50,cpu,157.332,0.0207,0.0207,0.0223
gpu,combination_329,yolo11s,cpu,44.928,0.0225,0.0225,0.0301
gpu,combination_329,yolo11m,cpu,18.106,0.0359,0.0359,0.0357
gpu,combination_329,yolo11l,cpu,13.968,0.0301,0.0301,0.0351
gpu,combination_309,mobilenet_v2,cpu,814.332,0.0222,0.0222,0.0248
gpu,combination_309,resnet50,cpu,157.332,0.0226,0.0226,0.0193
gpu,combination_309,yolo11s,cpu,44.928,0.0283,0.0283,0.0272
gpu,combination_309,yolo11m,cpu,18.106,0.0287,0.0287,0.0314
gpu,combination_309,yolo11l,cpu,13.968,0.0329,0.0329,0.0310
gpu,combination_297,mobilenet_v2,cpu,814.332,0.0377,0.0377,0.0404
gpu,combination_297,resnet50,gpu,157.332,0.3385,0.3385,0.3335
gpu,combination_297,yolo11s,cpu,44.928,0.0376,0.0376,0.0438
gpu,combination_297,yolo11m,gpu,18.106,0.8528,0.8528,0.8323
gpu,combination_297,yolo11l,cpu,13.968,0.0494,0.0494,0.0516
gpu,combination_330,mobilenet_v2,gpu,1285.347,0.1042,0.1042,0.1016
gpu,combination_330,resnet50,gpu,314.664,0.4257,0.4257,0.4436
gpu,combination_330,yolo11s,gpu,89.856,0.3245,0.3245,0.4639
gpu,combination_330,yolo11m,gpu,36.212,0.9091,0.9091,0.8781
gpu,combination_330,yolo11l,gpu,27.936,0.9439,0.9439,0.8904
gpu,combination_291,mobilenet_v2,cpu,814.332,0.0312,0.0312,0.0320
gpu,combination_291,resnet50,cpu,157.332,0.0254,0.0254,0.0267
gpu,combination_291,yolo11s,gpu,44.928,0.4874,0.4874,0.5197
gpu,combination_291,yolo11m,cpu,18.106,0.0475,0.0475,0.0388
gpu,combination_291,yolo11l,cpu,13.968,0.0444,0.0444,0.0382
gpu,combination_318,mobilenet_v2,cpu,814.332,0.0445,0.0445,0.0506
gpu,combination_318,resnet50,gpu,235.998,0.2602,0.2602,0.2418
gpu,combination_318,yolo11s,gpu,67.392,0.6173,0.6173,0.5467
gpu,combination_318,yolo11m,cpu,18.106,0.0724,0.0724,0.0700
gpu,combination_318,yolo11l,cpu,13.968,0.0702,0.0702,0.0700
gpu,combination_304,mobilenet_v2,gpu,814.332,0.1027,0.1027,0.0950
gpu,combination_304,resnet50,cpu,157.332,0.1000,0.1000,0.1013
gpu,combination_304,yolo11s,gpu,44.928,0.8618,0.8618,0.8618
gpu,combination_304,yolo11m,gpu,18.106,0.9102,0.9102,0.9040
gpu,combination_304,yolo11l,gpu,13.968,0.9264,0.9264,0.9124
gpu,combination_310,mobilenet_v2,gpu,1221.498,0.1098,0.1098,0.1036
gpu,combination_310,resnet50,gpu,235.998,0.5681,0.5681,0.5382
gpu,combination_310,yolo11s,gpu,67.392,0.6550,0.6550,0.5635
gpu,combination_310,yolo11m,gpu,27.159,0.9503,0.9503,0.9302
gpu,combination_310,yolo11l,gpu,20.952,0.9589,0.9589,0.9407
gpu,combination_339,mobilenet_v2,gpu,1285.347,0.0609,0.0609,0.0460
gpu,combination_339,resnet50,cpu,157.332,0.0762,0.0762,0.0816
gpu,combination_339,yolo11s,cpu,44.928,0.1062,0.1062,0.1072
gpu,combination_339,yolo11m,gpu,36.212,0.8591,0.8591,0.8042
gpu,combination_339,yolo11l,gpu,27.936,0.8817,0.8817,0.8393
gpu,combination_302,mobilenet_v2,gpu,814.332,0.0666,0.0666,0.0799
gpu,combination_302,resnet50,cpu,157.332,0.0341,0.0341,0.0359
gpu,combination_302,yolo11s,gpu,44.928,0.7378,0.7378,0.6890
gpu,combination_302,yolo11m,cpu,18.106,0.0541,0.0541,0.0514
gpu,combination_302,yolo11l,cpu,13.968,0.0494,0.0494,0.0515
gpu,combination_300,mobilenet_v2,cpu,814.332,0.1224,0.1224,0.1380
gpu,combination_300,resnet50,gpu,157.332,0.5879,0.5879,0.5821
gpu,combination_300,yolo11s,gpu,44.928,0.9188,0.9188,0.8869
gpu,combination_300,yolo11m,gpu,18.106,0.9594,0.9594,0.9430
gpu,combination_300,yolo11l,gpu,13.968,0.9679,0.9679,0.9535
gpu,combination_301,mobilenet_v2,cpu,814.332,0.0298,0.0298,0.0320
gpu,combination_301,resnet50,cpu,157.332,0.0284,0.0284,0.0268
gpu,combination_301,yolo11s,cpu,44.928,0.0347,0.0347,0.0330
gpu,combination_301,yolo11m,gpu,18.106,0.8412,0.8412,0.8413
gpu,combination_301,yolo11l,cpu,13.968,0.0379,0.0379,0.0382
gpu,combination_327,mobilenet_v2,gpu,1221.498,0.0461,0.0461,0.0451
gpu,combination_327,resnet50,cpu,157.332,0.0317,0.0317,0.0345
gpu,combination_327,yolo11s,cpu,44.928,0.0396,0.0396,0.0438
gpu,combination_327,yolo11m,gpu,27.159,0.8413,0.8413,0.7742
gpu,combination_327,yolo11l,cpu,13.968,0.0515,0.0515,0.0487
gpu,combination_293,mobilenet_v2,cpu,814.332,0.0557,0.0557,0.0519
gpu,combination_293,resnet50,gpu,157.332,0.3953,0.3953,0.3927
gpu,combination_293,yolo11s,cpu,44.928,0.0648,0.0648,0.0612
gpu,combination_293,yolo11m,gpu,18.106,0.8710,0.8710,0.8512
gpu,combination_293,yolo11l,cpu,13.968,0.0687,0.0687,0.0724
gpu,combination_303,mobilenet_v2,cpu,814.332,0.0511,0.0511,0.0506
gpu,combination_303,resnet50,gpu,157.332,0.3953,0.3953,0.4108
gpu,combination_303,yolo11s,gpu,44.928,0.7643,0.7643,0.7872
gpu,combination_303,yolo11m,cpu,18.106,0.0712,0.0712,0.0750
gpu,combination_303,yolo11l,gpu,13.968,0.8562,0.8562,0.8756
gpu,combination_296,mobilenet_v2,cpu,814.332,0.0367,0.0367,0.0323
gpu,combination_296,resnet50,cpu,157.332,0.0264,0.0264,0.0261
gpu,combination_296,yolo11s,cpu,44.928,0.0341,0.0341,0.0329
gpu,combination_296,yolo11m,cpu,18.106,0.0425,0.0425,0.0383
gpu,combination_296,yolo11l,cpu,13.968,0.0408,0.0408,0.0377
gpu,combination_460,mobilenet_v2,cpu,814.332,0.0542,0.0542,0.0565
gpu,combination_460,resnet50,cpu,157.332,0.0439,0.0439,0.0516
gpu,combination_460,yolo11n,gpu,255.666,0.1327,0.1327,0.1389
gpu,combination_460,yolo11s,gpu,134.784,0.2630,0.2630,0.2981
gpu,combination_460,yolo11m,cpu,18.106,0.0762,0.0762,0.0767
gpu,combination_446,mobilenet_v2,gpu,1285.347,0.0707,0.0707,0.0753
gpu,combination_446,resnet50,gpu,314.664,0.2890,0.2890,0.2919
gpu,combination_446,yolo11n,gpu,170.444,0.2790,0.2790,0.3761
gpu,combination_446,yolo11s,gpu,89.856,0.5873,0.5873,0.5274
gpu,combination_446,yolo11m,cpu,18.106,0.3783,0.3783,0.3697
gpu,combination_447,mobilenet_v2,gpu,1285.347,0.0482,0.0482,0.0554
gpu,combination_447,resnet50,cpu,157.332,0.0362,0.0362,0.0358
gpu,combination_447,yolo11n,cpu,85.222,0.0476,0.0476,0.0446
gpu,combination_447,yolo11s,cpu,44.928,0.0421,0.0421,0.0414
gpu,combination_447,yolo11m,cpu,18.106,0.0552,0.0552,0.0495
gpu,combination_465,mobilenet_v2,gpu,1285.347,0.0571,0.0571,0.0616
gpu,combination_465,resnet50,gpu,471.996,0.1552,0.1552,0.1705
gpu,combination_465,yolo11n,cpu,85.222,0.1123,0.1123,0.1173
gpu,combination_465,yolo11s,cpu,44.928,0.1011,0.1011,0.1186
gpu,combination_465,yolo11m,gpu,54.318,0.7590,0.7590,0.7676
gpu,combination_439,mobilenet_v2,cpu,814.332,0.0459,0.0459,0.0402
gpu,combination_439,resnet50,cpu,157.332,0.0358,0.0358,0.0357
gpu,combination_439,yolo11n,cpu,85.222,0.0506,0.0506,0.0447
gpu,combination_439,yolo11s,cpu,44.928,0.0436,0.0436,0.0425
gpu,combination_439,yolo11m,gpu,36.212,0.7288,0.7288,0.6316
gpu,combination_440,mobilenet_v2,gpu,1285.347,0.0528,0.0528,0.0567
gpu,combination_440,resnet50,gpu,314.664,0.2104,0.2104,0.1677
gpu,combination_440,yolo11n,cpu,85.222,0.0637,0.0637,0.0628
gpu,combination_440,yolo11s,cpu,44.928,0.0632,0.0632,0.0597
gpu,combination_440,yolo11m,cpu,18.106,0.0762,0.0762,0.0697
gpu,combination_467,mobilenet_v2,cpu,814.332,0.0444,0.0444,0.0432
gpu,combination_467,resnet50,cpu,157.332,0.0283,0.0283,0.0394
gpu,combination_467,yolo11n,gpu,255.666,0.1197,0.1197,0.1566
gpu,combination_467,yolo11s,cpu,44.928,0.0445,0.0445,0.0537
gpu,combination_467,yolo11m,cpu,18.106,0.0541,0.0541,0.0549
gpu,combination_451,mobilenet_v2,cpu,814.332,0.0406,0.0406,0.0403
gpu,combination_451,resnet50,cpu,157.332,0.0367,0.0367,0.0351
gpu,combination_451,yolo11n,gpu,170.444,0.1869,0.1869,0.2453
gpu,combination_451,yolo11s,cpu,44.928,0.0416,0.0416,0.0420
gpu,combination_451,yolo11m,cpu,18.106,0.0519,0.0519,0.0502
gpu,combination_463,mobilenet_v2,gpu,1285.347,0.0472,0.0472,0.0464
gpu,combination_463,resnet50,cpu,157.332,0.0361,0.0361,0.0396
gpu,combination_463,yolo11n,cpu,85.222,0.0515,0.0515,0.0512
gpu,combination_463,yolo11s,cpu,44.928,0.0436,0.0436,0.0542
gpu,combination_463,yolo11m,cpu,18.106,0.0563,0.0563,0.0546
gpu,combination_466,mobilenet_v2,cpu,814.332,0.1213,0.1213,0.1041
gpu,combination_466,resnet50,gpu,471.996,0.2087,0.2087,0.2063
gpu,combination_466,yolo11n,gpu,255.666,0.1796,0.1796,0.2641
gpu,combination_466,yolo11s,gpu,134.784,0.3742,0.3742,0.5408
gpu,combination_466,yolo11m,gpu,54.318,0.8640,0.8640,0.8383
gpu,combination_464,mobilenet_v2,gpu,1285.347,0.0539,0.0539,0.0442
gpu,combination_464,resnet50,cpu,157.332,0.0473,0.0473,0.0519
gpu,combination_464,yolo11n,cpu,85.222,0.0601,0.0601,0.0704
gpu,combination_464,yolo11s,gpu,134.784,0.3328,0.3328,0.2913
gpu,combination_464,yolo11m,cpu,18.106,0.0751,0.0751,0.0757
gpu,combination_456,mobilenet_v2,gpu,1285.347,0.0549,0.0549,0.0496
gpu,combination_456,resnet50,gpu,471.996,0.1458,0.1458,0.1329
gpu,combination_456,yolo11n,cpu,85.222,0.0652,0.0652,0.0699
gpu,combination_456,yolo11s,cpu,44.928,0.0601,0.0601,0.0686
gpu,combination_456,yolo11m,cpu,18.106,0.0762,0.0762,0.0727
gpu,combination_458,mobilenet_v2,gpu,1285.347,0.0730,0.0730,0.0710
gpu,combination_458,resnet50,cpu,157.332,0.2554,0.2554,0.2898
gpu,combination_458,yolo11n,gpu,255.666,0.1831,0.1831,0.2571
gpu,combination_458,yolo11s,gpu,134.784,0.3863,0.3863,0.5026
gpu,combination_458,yolo11m,gpu,54.318,0.8465,0.8465,0.7851
gpu,combination_437,mobilenet_v2,cpu,814.332,0.0295,0.0295,0.0373
gpu,combination_437,resnet50,cpu,157.332,0.0284,0.0284,0.0283
gpu,combination_437,yolo11n,cpu,85.222,0.0386,0.0386,0.0344
gpu,combination_437,yolo11s,cpu,44.928,0.0361,0.0361,0.0364
gpu,combination_437,yolo11m,cpu,18.106,0.0442,0.0442,0.0433
gpu,combination_421,mobilenet_v2,cpu,814.332,0.0381,0.0381,0.0315
gpu,combination_421,resnet50,cpu,157.332,0.0275,0.0275,0.0229
gpu,combination_421,yolo11n,cpu,85.222,0.0407,0.0407,0.0379
gpu,combination_421,yolo11s,cpu,44.928,0.0352,0.0352,0.0333
gpu,combination_421,yolo11m,cpu,18.106,0.0442,0.0442,0.0388
gpu,combination_424,mobilenet_v2,gpu,814.332,0.0803,0.0803,0.0774
gpu,combination_424,resnet50,gpu,157.332,0.3937,0.3937,0.4008
gpu,combination_424,yolo11n,cpu,85.222,0.0713,0.0713,0.0692
gpu,combination_424,yolo11s,cpu,44.928,0.0599,0.0599,0.0610
gpu,combination_424,yolo11m,cpu,18.106,0.0784,0.0784,0.0730
gpu,combination_445,mobilenet_v2,cpu,814.332,0.0715,0.0715,0.0714
gpu,combination_445,resnet50,gpu,314.664,0.2341,0.2341,0.2090
gpu,combination_445,yolo11n,cpu,85.222,0.1261,0.1261,0.1182
gpu,combination_445,yolo11s,gpu,89.856,0.5597,0.5597,0.5737
gpu,combination_445,yolo11m,gpu,36.212,0.8359,0.8359,0.8473
gpu,combination_426,mobilenet_v2,gpu,814.332,0.1159,0.1159,0.1143
gpu,combination_426,resnet50,cpu,157.332,0.3080,0.3080,0.3539
gpu,combination_426,yolo11n,gpu,85.222,0.6354,0.6354,0.6563
gpu,combination_426,yolo11s,gpu,44.928,0.8868,0.8868,0.8906
gpu,combination_426,yolo11m,gpu,18.106,0.9301,0.9301,0.9332
gpu,combination_422,mobilenet_v2,gpu,814.332,0.1650,0.1650,0.1783
gpu,combination_422,resnet50,gpu,157.332,0.7440,0.7440,0.7575
gpu,combination_422,yolo11n,gpu,85.222,0.8353,0.8353,0.7767
gpu,combination_422,yolo11s,gpu,44.928,0.9226,0.9226,0.9386
gpu,combination_422,yolo11m,gpu,18.106,0.9638,0.9638,0.9752
gpu,combination_438,mobilenet_v2,gpu,1285.347,0.1043,0.1043,0.1101
gpu,combination_438,resnet50,gpu,314.664,0.4262,0.4262,0.3812
gpu,combination_438,yolo11n,gpu,170.444,0.2826,0.2826,0.3819
gpu,combination_438,yolo11s,gpu,89.856,0.5809,0.5809,0.5253
gpu,combination_438,yolo11m,gpu,36.212,0.9295,0.9295,0.8382
gpu,combination_452,mobilenet_v2,gpu,1285.347,0.0486,0.0486,0.0596
gpu,combination_452,resnet50,cpu,157.332,0.0474,0.0474,0.0484
gpu,combination_452,yolo11n,gpu,170.444,0.2309,0.2309,0.2908
gpu,combination_452,yolo11s,cpu,44.928,0.0610,0.0610,0.0597
gpu,combination_452,yolo11m,cpu,18.106,0.0718,0.0718,0.0703
gpu,combination_461,mobilenet_v2,cpu,814.332,0.0703,0.0703,0.0778
gpu,combination_461,resnet50,gpu,471.996,0.1527,0.1527,0.1726
gpu,combination_461,yolo11n,cpu,85.222,0.1180,0.1180,0.1198
gpu,combination_461,yolo11s,gpu,134.784,0.3478,0.3478,0.3699
gpu,combination_461,yolo11m,gpu,54.318,0.7524,0.7524,0.7850
gpu,combination_444,mobilenet_v2,cpu,814.332,0.0504,0.0504,0.0524
gpu,combination_444,resnet50,cpu,157.332,0.0507,0.0507,0.0507
gpu,combination_444,yolo11n,gpu,170.444,0.1950,0.1950,0.2826
gpu,combination_444,yolo11s,gpu,89.856,0.4891,0.4891,0.4151
gpu,combination_444,yolo11m,cpu,18.106,0.0712,0.0712,0.0719
gpu,combination_448,mobilenet_v2,gpu,1285.347,0.0495,0.0495,0.0613
gpu,combination_448,resnet50,cpu,157.332,0.0534,0.0534,0.0481
gpu,combination_448,yolo11n,cpu,85.222,0.0686,0.0686,0.0625
gpu,combination_448,yolo11s,gpu,89.856,0.4570,0.4570,0.4174
gpu,combination_448,yolo11m,cpu,18.106,0.0724,0.0724,0.0697
gpu,combination_455,mobilenet_v2,cpu,814.332,0.0431,0.0431,0.0422
gpu,combination_455,resnet50,cpu,157.332,0.0310,0.0310,0.0381
gpu,combination_455,yolo11n,cpu,85.222,0.0519,0.0519,0.0496
gpu,combination_455,yolo11s,cpu,44.928,0.0456,0.0456,0.0531
gpu,combination_455,yolo11m,gpu,54.318,0.5825,0.5825,0.6404
gpu,combination_449,mobilenet_v2,gpu,1285.347,0.0592,0.0592,0.0534
gpu,combination_449,resnet50,gpu,314.664,0.2411,0.2411,0.2075
gpu,combination_449,yolo11n,cpu,85.222,0.1165,0.1165,0.1115
gpu,combination_449,yolo11s,cpu,44.928,0.1039,0.1039,0.1091
gpu,combination_449,yolo11m,gpu,36.212,0.8580,0.8580,0.8448
gpu,combination_431,mobilenet_v2,gpu,814.332,0.0888,0.0888,0.0724
gpu,combination_431,resnet50,cpu,157.332,0.0386,0.0386,0.0370
gpu,combination_431,yolo11n,cpu,85.222,0.0510,0.0510,0.0543
gpu,combination_431,yolo11s,cpu,44.928,0.0390,0.0390,0.0466
gpu,combination_431,yolo11m,cpu,18.106,0.0569,0.0569,0.0540
gpu,combination_443,mobilenet_v2,cpu,814.332,0.0434,0.0434,0.0405
gpu,combination_443,resnet50,gpu,314.664,0.1922,0.1922,0.2148
gpu,combination_443,yolo11n,cpu,85.222,0.0444,0.0444,0.0440
gpu,combination_443,yolo11s,cpu,44.928,0.0459,0.0459,0.0420
gpu,combination_443,yolo11m,cpu,18.106,0.0558,0.0558,0.0503
gpu,combination_453,mobilenet_v2,cpu,814.332,0.0314,0.0314,0.0384
gpu,combination_453,resnet50,cpu,157.332,0.0261,0.0261,0.0310
gpu,combination_453,yolo11n,cpu,85.222,0.0414,0.0414,0.0448
gpu,combination_453,yolo11s,cpu,44.928,0.0356,0.0356,0.0421
gpu,combination_453,yolo11m,cpu,18.106,0.0442,0.0442,0.0474
gpu,combination_457,mobilenet_v2,cpu,814.332,0.0674,0.0674,0.0764
gpu,combination_457,resnet50,gpu,471.996,0.1503,0.1503,0.1667
gpu,combination_457,yolo11n,gpu,255.666,0.1602,0.1602,0.2236
gpu,combination_457,yolo11s,gpu,134.784,0.3669,0.3669,0.3843
gpu,combination_457,yolo11m,cpu,18.106,0.1287,0.1287,0.1305
gpu,combination_468,mobilenet_v2,gpu,1285.347,0.0491,0.0491,0.0469
gpu,combination_468,resnet50,cpu,157.332,0.0463,0.0463,0.0538
gpu,combination_468,yolo11n,gpu,255.666,0.1617,0.1617,0.1458
gpu,combination_468,yolo11s,cpu,44.928,0.0574,0.0574,0.0696
gpu,combination_468,yolo11m,cpu,18.106,0.0735,0.0735,0.0750
gpu,combination_427,mobilenet_v2,cpu,814.332,0.0462,0.0462,0.0445
gpu,combination_427,resnet50,gpu,157.332,0.3627,0.3627,0.3185
gpu,combination_427,yolo11n,cpu,85.222,0.0482,0.0482,0.0543
gpu,combination_427,yolo11s,cpu,44.928,0.0456,0.0456,0.0452
gpu,combination_427,yolo11m,cpu,18.106,0.0508,0.0508,0.0545
gpu,combination_462,mobilenet_v2,gpu,1285.347,0.0725,0.0725,0.0675
gpu,combination_462,resnet50,gpu,471.996,0.1975,0.1975,0.1750
gpu,combination_462,yolo11n,gpu,255.666,0.1861,0.1861,0.2352
gpu,combination_462,yolo11s,gpu,134.784,0.3910,0.3910,0.4946
gpu,combination_462,yolo11m,cpu,18.106,0.3844,0.3844,0.4134
gpu,combination_430,mobilenet_v2,gpu,814.332,0.1159,0.1159,0.1173
gpu,combination_430,resnet50,gpu,157.332,0.5629,0.5629,0.5653
gpu,combination_430,yolo11n,gpu,85.222,0.5699,0.5699,0.6780
gpu,combination_430,yolo11s,gpu,44.928,0.8623,0.8623,0.8802
gpu,combination_430,yolo11m,cpu,18.106,0.4082,0.4082,0.4626
gpu,combination_454,mobilenet_v2,gpu,1285.347,0.1041,0.1041,0.1129
gpu,combination_454,resnet50,gpu,471.996,0.2836,0.2836,0.2656
gpu,combination_454,yolo11n,gpu,255.666,0.1700,0.1700,0.3129
gpu,combination_454,yolo11s,gpu,134.784,0.3280,0.3280,0.5939
gpu,combination_454,yolo11m,gpu,54.318,0.8194,0.8194,0.8355
gpu,combination_441,mobilenet_v2,cpu,814.332,0.0685,0.0685,0.0705
gpu,combination_441,resnet50,gpu,314.664,0.2251,0.2251,0.2155
gpu,combination_441,yolo11n,gpu,170.444,0.2458,0.2458,0.3025
gpu,combination_441,yolo11s,gpu,89.856,0.5795,0.5795,0.5186
gpu,combination_441,yolo11m,cpu,18.106,0.1254,0.1254,0.1277
gpu,combination_429,mobilenet_v2,cpu,814.332,0.0773,0.0773,0.0760
gpu,combination_429,resnet50,gpu,157.332,0.4709,0.4709,0.4695
gpu,combination_429,yolo11n,cpu,85.222,0.1337,0.1337,0.1245
gpu,combination_429,yolo11s,gpu,44.928,0.8447,0.8447,0.8330
gpu,combination_429,yolo11m,gpu,18.106,0.8991,0.8991,0.8639
gpu,combination_423,mobilenet_v2,cpu,814.332,0.0445,0.0445,0.0451
gpu,combination_423,resnet50,cpu,157.332,0.0362,0.0362,0.0395
gpu,combination_423,yolo11n,cpu,85.222,0.0529,0.0529,0.0549
gpu,combination_423,yolo11s,cpu,44.928,0.0452,0.0452,0.0463
gpu,combination_423,yolo11m,gpu,18.106,0.8671,0.8671,0.8682
gpu,combination_450,mobilenet_v2,cpu,814.332,0.1198,0.1198,0.1179
gpu,combination_450,resnet50,gpu,314.664,0.3161,0.3161,0.2876
gpu,combination_450,yolo11n,gpu,170.444,0.2852,0.2852,0.3299
gpu,combination_450,yolo11s,gpu,89.856,0.6153,0.6153,0.6201
gpu,combination_450,yolo11m,gpu,36.212,0.9005,0.9005,0.8931
gpu,combination_436,mobilenet_v2,gpu,814.332,0.0780,0.0780,0.0767
gpu,combination_436,resnet50,cpu,157.332,0.0526,0.0526,0.0480
gpu,combination_436,yolo11n,gpu,85.222,0.4802,0.4802,0.4189
gpu,combination_436,yolo11s,cpu,44.928,0.0532,0.0532,0.0621
gpu,combination_436,yolo11m,cpu,18.106,0.0751,0.0751,0.0728
gpu,combination_442,mobilenet_v2,gpu,1285.347,0.0722,0.0722,0.0692
gpu,combination_442,resnet50,cpu,157.332,0.2638,0.2638,0.2783
gpu,combination_442,yolo11n,gpu,170.444,0.2932,0.2932,0.3701
gpu,combination_442,yolo11s,gpu,89.856,0.5874,0.5874,0.5804
gpu,combination_442,yolo11m,gpu,36.212,0.8826,0.8826,0.8833
gpu,combination_434,mobilenet_v2,cpu,814.332,0.1248,0.1248,0.1200
gpu,combination_434,resnet50,gpu,157.332,0.5963,0.5963,0.5891
gpu,combination_434,yolo11n,gpu,85.222,0.6632,0.6632,0.6750
gpu,combination_434,yolo11s,gpu,44.928,0.9068,0.9068,0.8995
gpu,combination_434,yolo11m,gpu,18.106,0.9505,0.9505,0.9347
gpu,combination_432,mobilenet_v2,gpu,814.332,0.0770,0.0770,0.0809
gpu,combination_432,resnet50,cpu,157.332,0.0528,0.0528,0.0482
gpu,combination_432,yolo11n,cpu,85.222,0.0669,0.0669,0.0703
gpu,combination_432,yolo11s,gpu,44.928,0.7995,0.7995,0.7654
gpu,combination_432,yolo11m,cpu,18.106,0.0746,0.0746,0.0741
gpu,combination_433,mobilenet_v2,gpu,814.332,0.0963,0.0963,0.0914
gpu,combination_433,resnet50,gpu,157.332,0.4728,0.4728,0.4799
gpu,combination_433,yolo11n,cpu,85.222,0.1164,0.1164,0.1147
gpu,combination_433,yolo11s,cpu,44.928,0.1086,0.1086,0.1088
gpu,combination_433,yolo11m,gpu,18.106,0.9019,0.9019,0.8799
gpu,combination_459,mobilenet_v2,cpu,814.332,0.0438,0.0438,0.0431
gpu,combination_459,resnet50,gpu,471.996,0.1134,0.1134,0.1751
gpu,combination_459,yolo11n,cpu,85.222,0.0520,0.0520,0.0523
gpu,combination_459,yolo11s,cpu,44.928,0.0405,0.0405,0.0555
gpu,combination_459,yolo11m,cpu,18.106,0.0536,0.0536,0.0549
gpu,combination_425,mobilenet_v2,cpu,814.332,0.0685,0.0685,0.0746
gpu,combination_425,resnet50,gpu,157.332,0.4541,0.4541,0.4633
gpu,combination_425,yolo11n,gpu,85.222,0.5563,0.5563,0.5791
gpu,combination_425,yolo11s,gpu,44.928,0.8226,0.8226,0.8298
gpu,combination_425,yolo11m,cpu,18.106,0.1303,0.1303,0.1294
gpu,combination_435,mobilenet_v2,cpu,814.332,0.0456,0.0456,0.0447
gpu,combination_435,resnet50,cpu,157.332,0.0323,0.0323,0.0381
gpu,combination_435,yolo11n,gpu,85.222,0.3309,0.3309,0.3500
gpu,combination_435,yolo11s,cpu,44.928,0.0425,0.0425,0.0464
gpu,combination_435,yolo11m,cpu,18.106,0.0558,0.0558,0.0542
gpu,combination_428,mobilenet_v2,cpu,814.332,0.0504,0.0504,0.0599
gpu,combination_428,resnet50,cpu,157.332,0.0521,0.0521,0.0502
gpu,combination_428,yolo11n,gpu,85.222,0.4078,0.4078,0.4483
gpu,combination_428,yolo11s,gpu,44.928,0.7621,0.7621,0.7682
gpu,combination_428,yolo11m,cpu,18.106,0.0740,0.0740,0.0741
gpu,combination_280,mobilenet_v2,gpu,1285.347,0.0531,0.0531,0.0497
gpu,combination_280,resnet50,cpu,157.332,0.0512,0.0512,0.0486
gpu,combination_280,yolo11s,cpu,44.928,0.0623,0.0623,0.0638
gpu,combination_280,yolo11m,cpu,18.106,0.0768,0.0768,0.0734
gpu,combination_266,mobilenet_v2,gpu,1221.498,0.0797,0.0797,0.0791
gpu,combination_266,resnet50,gpu,235.998,0.4126,0.4126,0.3951
gpu,combination_266,yolo11s,cpu,44.928,0.4091,0.4091,0.3999
gpu,combination_266,yolo11m,gpu,27.159,0.9102,0.9102,0.9123
gpu,combination_267,mobilenet_v2,gpu,1221.498,0.0489,0.0489,0.0566
gpu,combination_267,resnet50,cpu,157.332,0.0339,0.0339,0.0345
gpu,combination_267,yolo11s,cpu,44.928,0.0432,0.0432,0.0432
gpu,combination_267,yolo11m,cpu,18.106,0.0541,0.0541,0.0491
gpu,combination_285,mobilenet_v2,gpu,1285.347,0.0607,0.0607,0.0559
gpu,combination_285,resnet50,cpu,157.332,0.0838,0.0838,0.0859
gpu,combination_285,yolo11s,cpu,44.928,0.1102,0.1102,0.1138
gpu,combination_285,yolo11m,gpu,36.212,0.8624,0.8624,0.8069
gpu,combination_259,mobilenet_v2,cpu,814.332,0.0393,0.0393,0.0400
gpu,combination_259,resnet50,cpu,157.332,0.0327,0.0327,0.0357
gpu,combination_259,yolo11s,cpu,44.928,0.0430,0.0430,0.0443
gpu,combination_259,yolo11m,gpu,27.159,0.8362,0.8362,0.8064
gpu,combination_260,mobilenet_v2,cpu,814.332,0.0602,0.0602,0.0522
gpu,combination_260,resnet50,gpu,235.998,0.2749,0.2749,0.2592
gpu,combination_260,yolo11s,cpu,44.928,0.0576,0.0576,0.0620
gpu,combination_260,yolo11m,cpu,18.106,0.0773,0.0773,0.0715
gpu,combination_287,mobilenet_v2,cpu,814.332,0.0394,0.0394,0.0399
gpu,combination_287,resnet50,cpu,157.332,0.0315,0.0315,0.0346
gpu,combination_287,yolo11s,gpu,89.856,0.3178,0.3178,0.3826
gpu,combination_287,yolo11m,cpu,18.106,0.0519,0.0519,0.0518
gpu,combination_271,mobilenet_v2,cpu,814.332,0.0381,0.0381,0.0396
gpu,combination_271,resnet50,cpu,157.332,0.0321,0.0321,0.0348
gpu,combination_271,yolo11s,gpu,67.392,0.4845,0.4845,0.4932
gpu,combination_271,yolo11m,cpu,18.106,0.0536,0.0536,0.0493
gpu,combination_283,mobilenet_v2,gpu,1285.347,0.0464,0.0464,0.0524
gpu,combination_283,resnet50,cpu,157.332,0.0318,0.0318,0.0345
gpu,combination_283,yolo11s,cpu,44.928,0.0401,0.0401,0.0455
gpu,combination_283,yolo11m,cpu,18.106,0.0514,0.0514,0.0519
gpu,combination_286,mobilenet_v2,gpu,1285.347,0.0749,0.0749,0.0759
gpu,combination_286,resnet50,cpu,157.332,0.2903,0.2903,0.2910
gpu,combination_286,yolo11s,gpu,89.856,0.6412,0.6412,0.6463
gpu,combination_286,yolo11m,gpu,36.212,0.8903,0.8903,0.8888
gpu,combination_284,mobilenet_v2,cpu,814.332,0.0515,0.0515,0.0536
gpu,combination_284,resnet50,gpu,314.664,0.2100,0.2100,0.2066
gpu,combination_284,yolo11s,gpu,89.856,0.4213,0.4213,0.4821
gpu,combination_284,yolo11m,cpu,18.106,0.0724,0.0724,0.0775
gpu,combination_276,mobilenet_v2,cpu,814.332,0.0567,0.0567,0.0516
gpu,combination_276,resnet50,gpu,314.664,0.2179,0.2179,0.2222
gpu,combination_276,yolo11s,cpu,44.928,0.0581,0.0581,0.0638
gpu,combination_276,yolo11m,cpu,18.106,0.0762,0.0762,0.0736
gpu,combination_278,mobilenet_v2,gpu,1285.347,0.0819,0.0819,0.0794
gpu,combination_278,resnet50,gpu,314.664,0.3347,0.3347,0.4135
gpu,combination_278,yolo11s,gpu,89.856,0.7452,0.7452,0.6743
gpu,combination_278,yolo11m,gpu,36.212,0.9077,0.9077,0.9360
gpu,combination_257,mobilenet_v2,cpu,814.332,0.0342,0.0342,0.0321
gpu,combination_257,resnet50,cpu,157.332,0.0267,0.0267,0.0254
gpu,combination_257,yolo11s,cpu,44.928,0.0318,0.0318,0.0331
gpu,combination_257,yolo11m,cpu,18.106,0.0403,0.0403,0.0373
gpu,combination_241,mobilenet_v2,cpu,814.332,0.0301,0.0301,0.0293
gpu,combination_241,resnet50,cpu,157.332,0.0236,0.0236,0.0239
gpu,combination_241,yolo11s,cpu,44.928,0.0341,0.0341,0.0317
gpu,combination_241,yolo11m,cpu,18.106,0.0409,0.0409,0.0389
gpu,combination_244,mobilenet_v2,cpu,814.332,0.0582,0.0582,0.0566
gpu,combination_244,resnet50,gpu,157.332,0.4142,0.4142,0.4141
gpu,combination_244,yolo11s,cpu,44.928,0.0661,0.0661,0.0621
gpu,combination_244,yolo11m,cpu,18.106,0.0712,0.0712,0.0719
gpu,combination_265,mobilenet_v2,cpu,814.332,0.0820,0.0820,0.0780
gpu,combination_265,resnet50,gpu,235.998,0.3428,0.3428,0.3356
gpu,combination_265,yolo11s,gpu,67.392,0.7569,0.7569,0.6739
gpu,combination_265,yolo11m,gpu,27.159,0.8708,0.8708,0.8815
gpu,combination_246,mobilenet_v2,gpu,814.332,0.1385,0.1385,0.1378
gpu,combination_246,resnet50,gpu,157.332,0.6594,0.6594,0.6935
gpu,combination_246,yolo11s,gpu,44.928,0.9150,0.9150,0.9115
gpu,combination_246,yolo11m,gpu,18.106,0.9599,0.9599,0.9628
gpu,combination_242,mobilenet_v2,gpu,814.332,0.1711,0.1711,0.1649
gpu,combination_242,resnet50,gpu,157.332,0.7524,0.7524,0.7156
gpu,combination_242,yolo11s,gpu,44.928,0.9302,0.9302,0.9321
gpu,combination_242,yolo11m,gpu,18.106,0.9698,0.9698,0.9711
gpu,combination_258,mobilenet_v2,gpu,1221.498,0.1105,0.1105,0.1048
gpu,combination_258,resnet50,gpu,235.998,0.5721,0.5721,0.5572
gpu,combination_258,yolo11s,gpu,67.392,0.8701,0.8701,0.6627
gpu,combination_258,yolo11m,gpu,27.159,0.9533,0.9533,0.9417
gpu,combination_272,mobilenet_v2,gpu,1221.498,0.0567,0.0567,0.0452
gpu,combination_272,resnet50,gpu,235.998,0.2910,0.2910,0.2856
gpu,combination_272,yolo11s,cpu,44.928,0.0583,0.0583,0.0688
gpu,combination_272,yolo11m,cpu,18.106,0.0696,0.0696,0.0783
gpu,combination_281,mobilenet_v2,cpu,814.332,0.0790,0.0790,0.0809
gpu,combination_281,resnet50,gpu,314.664,0.2578,0.2578,0.3103
gpu,combination_281,yolo11s,gpu,89.856,0.5610,0.5610,0.6411
gpu,combination_281,yolo11m,gpu,36.212,0.8434,0.8434,0.8592
gpu,combination_264,mobilenet_v2,gpu,1221.498,0.0561,0.0561,0.0495
gpu,combination_264,resnet50,cpu,157.332,0.0512,0.0512,0.0508
gpu,combination_264,yolo11s,cpu,44.928,0.0568,0.0568,0.0629
gpu,combination_264,yolo11m,cpu,18.106,0.0762,0.0762,0.0715
gpu,combination_268,mobilenet_v2,cpu,814.332,0.0524,0.0524,0.0530
gpu,combination_268,resnet50,gpu,235.998,0.2858,0.2858,0.3074
gpu,combination_268,yolo11s,gpu,67.392,0.5520,0.5520,0.5641
gpu,combination_268,yolo11m,cpu,18.106,0.0718,0.0718,0.0792
gpu,combination_275,mobilenet_v2,cpu,814.332,0.0420,0.0420,0.0404
gpu,combination_275,resnet50,cpu,157.332,0.0310,0.0310,0.0351
gpu,combination_275,yolo11s,cpu,44.928,0.0423,0.0423,0.0457
gpu,combination_275,yolo11m,gpu,36.212,0.7307,0.7307,0.7299
gpu,combination_269,mobilenet_v2,gpu,1221.498,0.0663,0.0663,0.0683
gpu,combination_269,resnet50,cpu,157.332,0.0768,0.0768,0.0886
gpu,combination_269,yolo11s,cpu,44.928,0.1186,0.1186,0.1079
gpu,combination_269,yolo11m,gpu,27.159,0.8944,0.8944,0.8533
gpu,combination_251,mobilenet_v2,gpu,814.332,0.0772,0.0772,0.0742
gpu,combination_251,resnet50,cpu,157.332,0.0324,0.0324,0.0345
gpu,combination_251,yolo11s,cpu,44.928,0.0436,0.0436,0.0443
gpu,combination_251,yolo11m,cpu,18.106,0.0525,0.0525,0.0537
gpu,combination_263,mobilenet_v2,cpu,814.332,0.0432,0.0432,0.0396
gpu,combination_263,resnet50,gpu,235.998,0.2385,0.2385,0.2405
gpu,combination_263,yolo11s,cpu,44.928,0.0412,0.0412,0.0436
gpu,combination_263,yolo11m,cpu,18.106,0.0530,0.0530,0.0494
gpu,combination_273,mobilenet_v2,cpu,814.332,0.0280,0.0280,0.0343
gpu,combination_273,resnet50,cpu,157.332,0.0280,0.0280,0.0278
gpu,combination_273,yolo11s,cpu,44.928,0.0336,0.0336,0.0356
gpu,combination_273,yolo11m,cpu,18.106,0.0403,0.0403,0.0413
gpu,combination_277,mobilenet_v2,gpu,1285.347,0.0609,0.0609,0.0544
gpu,combination_277,resnet50,gpu,314.664,0.2480,0.2480,0.2368
gpu,combination_277,yolo11s,cpu,44.928,0.0962,0.0962,0.1113
gpu,combination_277,yolo11m,cpu,18.106,0.1298,0.1298,0.1271
gpu,combination_288,mobilenet_v2,gpu,1285.347,0.0522,0.0522,0.0401
gpu,combination_288,resnet50,gpu,314.664,0.2120,0.2120,0.2133
gpu,combination_288,yolo11s,cpu,44.928,0.0597,0.0597,0.0657
gpu,combination_288,yolo11m,cpu,18.106,0.0707,0.0707,0.0772
gpu,combination_247,mobilenet_v2,cpu,814.332,0.0374,0.0374,0.0444
gpu,combination_247,resnet50,gpu,157.332,0.3547,0.3547,0.3518
gpu,combination_247,yolo11s,cpu,44.928,0.0387,0.0387,0.0440
gpu,combination_247,yolo11m,cpu,18.106,0.0530,0.0530,0.0533
gpu,combination_282,mobilenet_v2,gpu,1285.347,0.0758,0.0758,0.0747
gpu,combination_282,resnet50,gpu,314.664,0.3094,0.3094,0.3205
gpu,combination_282,yolo11s,cpu,44.928,0.3957,0.3957,0.3890
gpu,combination_282,yolo11m,gpu,36.212,0.8881,0.8881,0.8904
gpu,combination_250,mobilenet_v2,gpu,814.332,0.1193,0.1193,0.1258
gpu,combination_250,resnet50,gpu,157.332,0.5732,0.5732,0.6034
gpu,combination_250,yolo11s,cpu,44.928,0.4632,0.4632,0.4616
gpu,combination_250,yolo11m,gpu,18.106,0.9268,0.9268,0.9403
gpu,combination_274,mobilenet_v2,gpu,1285.347,0.1047,0.1047,0.1114
gpu,combination_274,resnet50,gpu,314.664,0.4278,0.4278,0.4796
gpu,combination_274,yolo11s,gpu,89.856,0.6455,0.6455,0.5587
gpu,combination_274,yolo11m,gpu,36.212,0.9373,0.9373,0.9303
gpu,combination_261,mobilenet_v2,gpu,1221.498,0.0625,0.0625,0.0580
gpu,combination_261,resnet50,gpu,235.998,0.3220,0.3220,0.3146
gpu,combination_261,yolo11s,cpu,44.928,0.1059,0.1059,0.1079
gpu,combination_261,yolo11m,cpu,18.106,0.1232,0.1232,0.1214
gpu,combination_249,mobilenet_v2,cpu,814.332,0.0858,0.0858,0.0840
gpu,combination_249,resnet50,gpu,157.332,0.5141,0.5141,0.5104
gpu,combination_249,yolo11s,gpu,44.928,0.8607,0.8607,0.8575
gpu,combination_249,yolo11m,gpu,18.106,0.9135,0.9135,0.9098
gpu,combination_243,mobilenet_v2,cpu,814.332,0.0406,0.0406,0.0454
gpu,combination_243,resnet50,cpu,157.332,0.0357,0.0357,0.0367
gpu,combination_243,yolo11s,cpu,44.928,0.0425,0.0425,0.0462
gpu,combination_243,yolo11m,gpu,18.106,0.8732,0.8732,0.8767
gpu,combination_270,mobilenet_v2,gpu,1221.498,0.0776,0.0776,0.0769
gpu,combination_270,resnet50,cpu,157.332,0.3144,0.3144,0.2864
gpu,combination_270,yolo11s,gpu,67.392,0.8287,0.8287,0.6791
gpu,combination_270,yolo11m,gpu,27.159,0.9146,0.9146,0.9086
gpu,combination_256,mobilenet_v2,gpu,814.332,0.0857,0.0857,0.0834
gpu,combination_256,resnet50,gpu,157.332,0.4217,0.4217,0.4138
gpu,combination_256,yolo11s,cpu,44.928,0.0585,0.0585,0.0598
gpu,combination_256,yolo11m,cpu,18.106,0.0724,0.0724,0.0714
gpu,combination_262,mobilenet_v2,gpu,1221.498,0.0881,0.0881,0.0805
gpu,combination_262,resnet50,gpu,235.998,0.4560,0.4560,0.4845
gpu,combination_262,yolo11s,gpu,67.392,0.8643,0.8643,0.7025
gpu,combination_262,yolo11m,gpu,27.159,0.9378,0.9378,0.9245
gpu,combination_254,mobilenet_v2,gpu,814.332,0.1192,0.1192,0.1249
gpu,combination_254,resnet50,cpu,157.332,0.3821,0.3821,0.3976
gpu,combination_254,yolo11s,gpu,44.928,0.9054,0.9054,0.9179
gpu,combination_254,yolo11m,gpu,18.106,0.9478,0.9478,0.9513
gpu,combination_252,mobilenet_v2,cpu,814.332,0.0531,0.0531,0.0543
gpu,combination_252,resnet50,gpu,157.332,0.4128,0.4128,0.4103
gpu,combination_252,yolo11s,gpu,44.928,0.7935,0.7935,0.7862
gpu,combination_252,yolo11m,cpu,18.106,0.0735,0.0735,0.0727
gpu,combination_253,mobilenet_v2,gpu,814.332,0.0976,0.0976,0.0983
gpu,combination_253,resnet50,cpu,157.332,0.0906,0.0906,0.0863
gpu,combination_253,yolo11s,cpu,44.928,0.1126,0.1126,0.1159
gpu,combination_253,yolo11m,gpu,18.106,0.9207,0.9207,0.8951
gpu,combination_279,mobilenet_v2,cpu,814.332,0.0391,0.0391,0.0399
gpu,combination_279,resnet50,gpu,314.664,0.1777,0.1777,0.1839
gpu,combination_279,yolo11s,cpu,44.928,0.0414,0.0414,0.0452
gpu,combination_279,yolo11m,cpu,18.106,0.0536,0.0536,0.0518
gpu,combination_245,mobilenet_v2,gpu,814.332,0.1000,0.1000,0.0988
gpu,combination_245,resnet50,gpu,157.332,0.4892,0.4892,0.4837
gpu,combination_245,yolo11s,cpu,44.928,0.1026,0.1026,0.1117
gpu,combination_245,yolo11m,cpu,18.106,0.1276,0.1276,0.1230
gpu,combination_255,mobilenet_v2,cpu,814.332,0.0415,0.0415,0.0439
gpu,combination_255,resnet50,cpu,157.332,0.0333,0.0333,0.0344
gpu,combination_255,yolo11s,gpu,44.928,0.6615,0.6615,0.7374
gpu,combination_255,yolo11m,cpu,18.106,0.0514,0.0514,0.0541
gpu,combination_248,mobilenet_v2,gpu,814.332,0.0886,0.0886,0.0753
gpu,combination_248,resnet50,cpu,157.332,0.0530,0.0530,0.0460
gpu,combination_248,yolo11s,cpu,44.928,0.0614,0.0614,0.0615
gpu,combination_248,yolo11m,cpu,18.106,0.0746,0.0746,0.0704
gpu,combination_232,mobilenet_v2,gpu,1285.347,0.0834,0.0834,0.0821
gpu,combination_232,resnet50,gpu,471.996,0.2270,0.2270,0.2528
gpu,combination_232,yolo11s,gpu,134.784,0.6431,0.6431,0.4980
gpu,combination_218,mobilenet_v2,cpu,814.332,0.0767,0.0767,0.0767
gpu,combination_218,resnet50,cpu,157.332,0.0908,0.0908,0.0852
gpu,combination_218,yolo11s,gpu,89.856,0.6571,0.6571,0.6047
gpu,combination_219,mobilenet_v2,cpu,814.332,0.0743,0.0743,0.0748
gpu,combination_219,resnet50,gpu,314.664,0.2583,0.2583,0.2736
gpu,combination_219,yolo11s,cpu,44.928,0.1320,0.1320,0.1122
gpu,combination_237,mobilenet_v2,gpu,1285.347,0.0637,0.0637,0.0600
gpu,combination_237,resnet50,cpu,157.332,0.0892,0.0892,0.0836
gpu,combination_237,yolo11s,cpu,44.928,0.1108,0.1108,0.1055
gpu,combination_211,mobilenet_v2,cpu,814.332,0.0548,0.0548,0.0547
gpu,combination_211,resnet50,gpu,314.664,0.2247,0.2247,0.2415
gpu,combination_211,yolo11s,cpu,44.928,0.0605,0.0605,0.0599
gpu,combination_212,mobilenet_v2,cpu,814.332,0.0831,0.0831,0.0840
gpu,combination_212,resnet50,gpu,314.664,0.2640,0.2640,0.2942
gpu,combination_212,yolo11s,gpu,89.856,0.6254,0.6254,0.6101
gpu,combination_239,mobilenet_v2,gpu,1285.347,0.0751,0.0751,0.0710
gpu,combination_239,resnet50,gpu,471.996,0.2045,0.2045,0.2185
gpu,combination_239,yolo11s,cpu,44.928,0.4095,0.4095,0.3514
gpu,combination_223,mobilenet_v2,gpu,1285.347,0.0751,0.0751,0.0741
gpu,combination_223,resnet50,gpu,314.664,0.3069,0.3069,0.3208
gpu,combination_223,yolo11s,cpu,44.928,0.4623,0.4623,0.3767
gpu,combination_235,mobilenet_v2,cpu,814.332,0.0796,0.0796,0.0755
gpu,combination_235,resnet50,gpu,471.996,0.1734,0.1734,0.2111
gpu,combination_235,yolo11s,cpu,44.928,0.1191,0.1191,0.1120
gpu,combination_238,mobilenet_v2,gpu,1285.347,0.0745,0.0745,0.0672
gpu,combination_238,resnet50,cpu,157.332,0.3087,0.3087,0.2559
gpu,combination_238,yolo11s,gpu,134.784,0.5030,0.5030,0.4008
gpu,combination_236,mobilenet_v2,cpu,814.332,0.1241,0.1241,0.1284
gpu,combination_236,resnet50,gpu,471.996,0.2151,0.2151,0.2340
gpu,combination_236,yolo11s,gpu,134.784,0.5441,0.5441,0.4469
gpu,combination_228,mobilenet_v2,cpu,814.332,0.0810,0.0810,0.0757
gpu,combination_228,resnet50,gpu,471.996,0.1720,0.1720,0.2046
gpu,combination_228,yolo11s,gpu,134.784,0.4147,0.4147,0.3824
gpu,combination_230,mobilenet_v2,gpu,1285.347,0.0652,0.0652,0.0587
gpu,combination_230,resnet50,cpu,157.332,0.0871,0.0871,0.0839
gpu,combination_230,yolo11s,gpu,134.784,0.4256,0.4256,0.3876
gpu,combination_209,mobilenet_v2,cpu,814.332,0.0403,0.0403,0.0401
gpu,combination_209,resnet50,cpu,157.332,0.0334,0.0334,0.0334
gpu,combination_209,yolo11s,cpu,44.928,0.0436,0.0436,0.0415
gpu,combination_193,mobilenet_v2,cpu,814.332,0.0398,0.0398,0.0462
gpu,combination_193,resnet50,cpu,157.332,0.0349,0.0349,0.0359
gpu,combination_193,yolo11s,cpu,44.928,0.0430,0.0430,0.0463
gpu,combination_196,mobilenet_v2,cpu,814.332,0.0867,0.0867,0.0831
gpu,combination_196,resnet50,gpu,157.332,0.5121,0.5121,0.5422
gpu,combination_196,yolo11s,gpu,44.928,0.8681,0.8681,0.8824
gpu,combination_217,mobilenet_v2,cpu,814.332,0.0632,0.0632,0.0560
gpu,combination_217,resnet50,cpu,157.332,0.0515,0.0515,0.0485
gpu,combination_217,yolo11s,cpu,44.928,0.0643,0.0643,0.0598
gpu,combination_198,mobilenet_v2,gpu,814.332,0.1057,0.1057,0.1030
gpu,combination_198,resnet50,cpu,157.332,0.1067,0.1067,0.0935
gpu,combination_198,yolo11s,gpu,44.928,0.8756,0.8756,0.8807
gpu,combination_194,mobilenet_v2,cpu,814.332,0.0557,0.0557,0.0600
gpu,combination_194,resnet50,cpu,157.332,0.0477,0.0477,0.0533
gpu,combination_194,yolo11s,gpu,44.928,0.8371,0.8371,0.7719
gpu,combination_210,mobilenet_v2,cpu,814.332,0.0555,0.0555,0.0548
gpu,combination_210,resnet50,cpu,157.332,0.0471,0.0471,0.0487
gpu,combination_210,yolo11s,gpu,89.856,0.4611,0.4611,0.4433
gpu,combination_224,mobilenet_v2,gpu,1285.347,0.1052,0.1052,0.1059
gpu,combination_224,resnet50,gpu,314.664,0.4296,0.4296,0.4068
gpu,combination_224,yolo11s,gpu,89.856,0.8333,0.8333,0.7565
gpu,combination_233,mobilenet_v2,cpu,814.332,0.0575,0.0575,0.0550
gpu,combination_233,resnet50,cpu,157.332,0.0517,0.0517,0.0474
gpu,combination_233,yolo11s,cpu,44.928,0.0681,0.0681,0.0592
gpu,combination_216,mobilenet_v2,gpu,1285.347,0.0850,0.0850,0.0789
gpu,combination_216,resnet50,gpu,314.664,0.3471,0.3471,0.3572
gpu,combination_216,yolo11s,gpu,89.856,0.8350,0.8350,0.7594
gpu,combination_220,mobilenet_v2,cpu,814.332,0.1238,0.1238,0.1291
gpu,combination_220,resnet50,gpu,314.664,0.3232,0.3232,0.3349
gpu,combination_220,yolo11s,gpu,89.856,0.7681,0.7681,0.6744
gpu,combination_227,mobilenet_v2,cpu,814.332,0.0539,0.0539,0.0537
gpu,combination_227,resnet50,gpu,471.996,0.1463,0.1463,0.1890
gpu,combination_227,yolo11s,cpu,44.928,0.0592,0.0592,0.0543
gpu,combination_221,mobilenet_v2,gpu,1285.347,0.0634,0.0634,0.0546
gpu,combination_221,resnet50,cpu,157.332,0.0849,0.0849,0.0829
gpu,combination_221,yolo11s,cpu,44.928,0.1211,0.1211,0.1083
gpu,combination_203,mobilenet_v2,cpu,814.332,0.0808,0.0808,0.0768
gpu,combination_203,resnet50,gpu,157.332,0.5036,0.5036,0.5068
gpu,combination_203,yolo11s,cpu,44.928,0.1222,0.1222,0.1134
gpu,combination_215,mobilenet_v2,gpu,1285.347,0.0660,0.0660,0.0571
gpu,combination_215,resnet50,gpu,314.664,0.2696,0.2696,0.2742
gpu,combination_215,yolo11s,cpu,44.928,0.1155,0.1155,0.1117
gpu,combination_225,mobilenet_v2,cpu,814.332,0.0392,0.0392,0.0415
gpu,combination_225,resnet50,cpu,157.332,0.0312,0.0312,0.0340
gpu,combination_225,yolo11s,cpu,44.928,0.0443,0.0443,0.0418
gpu,combination_229,mobilenet_v2,gpu,1285.347,0.0546,0.0546,0.0562
gpu,combination_229,resnet50,cpu,157.332,0.0483,0.0483,0.0494
gpu,combination_229,yolo11s,cpu,44.928,0.0610,0.0610,0.0547
gpu,combination_240,mobilenet_v2,gpu,1285.347,0.1046,0.1046,0.1155
gpu,combination_240,resnet50,gpu,471.996,0.2849,0.2849,0.2841
gpu,combination_240,yolo11s,gpu,134.784,0.5921,0.5921,0.4557
gpu,combination_199,mobilenet_v2,gpu,814.332,0.1058,0.1058,0.1059
gpu,combination_199,resnet50,gpu,157.332,0.5199,0.5199,0.5516
gpu,combination_199,yolo11s,cpu,44.928,0.1213,0.1213,0.1162
gpu,combination_234,mobilenet_v2,cpu,814.332,0.0760,0.0760,0.0748
gpu,combination_234,resnet50,cpu,157.332,0.0904,0.0904,0.0852
gpu,combination_234,yolo11s,gpu,134.784,0.4281,0.4281,0.3881
gpu,combination_202,mobilenet_v2,cpu,814.332,0.0853,0.0853,0.0839
gpu,combination_202,resnet50,cpu,157.332,0.0964,0.0964,0.0937
gpu,combination_202,yolo11s,gpu,44.928,0.8816,0.8816,0.8734
gpu,combination_226,mobilenet_v2,cpu,814.332,0.0539,0.0539,0.0545
gpu,combination_226,resnet50,cpu,157.332,0.0475,0.0475,0.0492
gpu,combination_226,yolo11s,gpu,134.784,0.2940,0.2940,0.2907
gpu,combination_213,mobilenet_v2,gpu,1285.347,0.0570,0.0570,0.0642
gpu,combination_213,resnet50,cpu,157.332,0.0481,0.0481,0.0493
gpu,combination_213,yolo11s,cpu,44.928,0.0637,0.0637,0.0591
gpu,combination_201,mobilenet_v2,cpu,814.332,0.0594,0.0594,0.0638
gpu,combination_201,resnet50,cpu,157.332,0.0529,0.0529,0.0546
gpu,combination_201,yolo11s,cpu,44.928,0.0630,0.0630,0.0688
gpu,combination_195,mobilenet_v2,cpu,814.332,0.0551,0.0551,0.0575
gpu,combination_195,resnet50,gpu,157.332,0.4351,0.4351,0.4423
gpu,combination_195,yolo11s,cpu,44.928,0.0617,0.0617,0.0635
gpu,combination_222,mobilenet_v2,gpu,1285.347,0.0744,0.0744,0.0714
gpu,combination_222,resnet50,cpu,157.332,0.3282,0.3282,0.2764
gpu,combination_222,yolo11s,gpu,89.856,0.7109,0.7109,0.6288
gpu,combination_208,mobilenet_v2,gpu,814.332,0.1738,0.1738,0.1600
gpu,combination_208,resnet50,gpu,157.332,0.7547,0.7547,0.7373
gpu,combination_208,yolo11s,gpu,44.928,0.9328,0.9328,0.9295
gpu,combination_214,mobilenet_v2,gpu,1285.347,0.0657,0.0657,0.0578
gpu,combination_214,resnet50,cpu,157.332,0.0885,0.0885,0.0857
gpu,combination_214,yolo11s,gpu,89.856,0.6327,0.6327,0.5830
gpu,combination_206,mobilenet_v2,gpu,814.332,0.1209,0.1209,0.1234
gpu,combination_206,resnet50,cpu,157.332,0.4225,0.4225,0.3504
gpu,combination_206,yolo11s,gpu,44.928,0.9092,0.9092,0.9045
gpu,combination_204,mobilenet_v2,cpu,814.332,0.1201,0.1201,0.1265
gpu,combination_204,resnet50,gpu,157.332,0.5881,0.5881,0.5903
gpu,combination_204,yolo11s,gpu,44.928,0.9297,0.9297,0.9183
gpu,combination_205,mobilenet_v2,gpu,814.332,0.1009,0.1009,0.1079
gpu,combination_205,resnet50,cpu,157.332,0.0874,0.0874,0.0848
gpu,combination_205,yolo11s,cpu,44.928,0.1213,0.1213,0.1114
gpu,combination_231,mobilenet_v2,gpu,1285.347,0.0660,0.0660,0.0603
gpu,combination_231,resnet50,gpu,471.996,0.1796,0.1796,0.1921
gpu,combination_231,yolo11s,cpu,44.928,0.1086,0.1086,0.1073
gpu,combination_197,mobilenet_v2,gpu,814.332,0.0880,0.0880,0.0947
gpu,combination_197,resnet50,cpu,157.332,0.0490,0.0490,0.0476
gpu,combination_197,yolo11s,cpu,44.928,0.0621,0.0621,0.0613
gpu,combination_207,mobilenet_v2,gpu,814.332,0.1187,0.1187,0.1223
gpu,combination_207,resnet50,gpu,157.332,0.5751,0.5751,0.5822
gpu,combination_207,yolo11s,cpu,44.928,0.4823,0.4823,0.4361
gpu,combination_200,mobilenet_v2,gpu,814.332,0.1400,0.1400,0.1627
gpu,combination_200,resnet50,gpu,157.332,0.6629,0.6629,0.6574
gpu,combination_200,yolo11s,gpu,44.928,0.9197,0.9197,0.9158
gpu,combination_173,resnet50,cpu,157.332,0.0500,0.0500,0.0502
gpu,combination_173,yolo11s,cpu,44.928,0.0661,0.0661,0.0654
gpu,combination_188,resnet50,gpu,314.664,0.5034,0.5034,0.5010
gpu,combination_188,yolo11s,gpu,89.856,0.8665,0.8665,0.8665
gpu,combination_163,resnet50,gpu,157.332,0.6224,0.6224,0.6213
gpu,combination_163,yolo11s,cpu,44.928,0.6128,0.6128,0.5417
gpu,combination_133,mobilenet_v2,cpu,814.332,0.0609,0.0609,0.0801
gpu,combination_133,resnet50,cpu,157.332,0.0521,0.0521,0.0642
gpu,combination_133,yolo11s,cpu,44.928,0.0683,0.0683,0.0754
gpu,combination_140,mobilenet_v2,gpu,814.332,0.1743,0.1743,0.1995
gpu,combination_140,resnet50,gpu,157.332,0.7564,0.7564,0.6979
gpu,combination_140,yolo11s,gpu,44.928,0.9326,0.9326,0.9447
gpu,combination_166,resnet50,cpu,157.332,0.0962,0.0962,0.1174
gpu,combination_166,yolo11s,gpu,89.856,0.6867,0.6867,0.6743
gpu,combination_156,mobilenet_v2,gpu,1285.347,0.1041,0.1041,0.1334
gpu,combination_156,resnet50,gpu,471.996,0.2836,0.2836,0.2912
gpu,combination_156,yolo11s,gpu,134.784,0.7245,0.7245,0.5850
gpu,combination_180,resnet50,gpu,471.996,0.3227,0.3227,0.3007
gpu,combination_180,yolo11s,gpu,134.784,0.7203,0.7203,0.7537
gpu,combination_191,resnet50,gpu,471.996,0.2622,0.2622,0.2470
gpu,combination_191,yolo11s,cpu,44.928,0.4917,0.4917,0.5224
gpu,combination_121,resnet50,cpu,157.332,0.0975,0.0975,0.1222
gpu,combination_121,yolo11s,cpu,44.928,0.1353,0.1353,0.1487
gpu,combination_181,resnet50,cpu,157.332,0.0978,0.0978,0.0966
gpu,combination_181,yolo11s,cpu,44.928,0.1266,0.1266,0.1238
gpu,combination_137,mobilenet_v2,gpu,814.332,0.1005,0.1005,0.1624
gpu,combination_137,resnet50,cpu,157.332,0.0946,0.0946,0.0949
gpu,combination_137,yolo11s,cpu,44.928,0.1211,0.1211,0.1167
gpu,combination_189,resnet50,cpu,157.332,0.0979,0.0979,0.0923
gpu,combination_189,yolo11s,cpu,44.928,0.1202,0.1202,0.1193
gpu,combination_185,resnet50,cpu,157.332,0.0964,0.0964,0.0965
gpu,combination_185,yolo11s,cpu,44.928,0.1231,0.1231,0.1213
gpu,combination_126,resnet50,cpu,157.332,0.4370,0.4370,0.4263
gpu,combination_126,yolo11s,gpu,134.784,0.5558,0.5558,0.5486
gpu,combination_152,mobilenet_v2,cpu,814.332,0.1251,0.1251,0.1876
gpu,combination_152,resnet50,gpu,471.996,0.2186,0.2186,0.2192
gpu,combination_152,yolo11s,gpu,134.784,0.5810,0.5810,0.5497
gpu,combination_125,resnet50,cpu,157.332,0.0928,0.0928,0.1063
gpu,combination_125,yolo11s,cpu,44.928,0.1376,0.1376,0.1455
gpu,combination_135,mobilenet_v2,cpu,814.332,0.0843,0.0843,0.0979
gpu,combination_135,resnet50,gpu,157.332,0.5043,0.5043,0.5408
gpu,combination_135,yolo11s,cpu,44.928,0.1246,0.1246,0.1181
gpu,combination_143,mobilenet_v2,cpu,814.332,0.0806,0.0806,0.0939
gpu,combination_143,resnet50,gpu,314.664,0.2634,0.2634,0.2625
gpu,combination_143,yolo11s,cpu,44.928,0.1320,0.1320,0.1141
gpu,combination_149,mobilenet_v2,cpu,814.332,0.0664,0.0664,0.0683
gpu,combination_149,resnet50,cpu,157.332,0.0489,0.0489,0.0466
gpu,combination_149,yolo11s,cpu,44.928,0.0721,0.0721,0.0613
gpu,combination_132,resnet50,gpu,584.454,0.2568,0.2568,0.1796
gpu,combination_132,yolo11s,gpu,179.712,0.6116,0.6116,0.2775
gpu,combination_157,resnet50,cpu,157.332,0.0516,0.0516,0.1106
gpu,combination_157,yolo11s,cpu,44.928,0.0634,0.0634,0.1241
gpu,combination_183,resnet50,gpu,157.332,0.6209,0.6209,0.6238
gpu,combination_183,yolo11s,cpu,44.928,0.5427,0.5427,0.5921
gpu,combination_170,resnet50,cpu,157.332,0.4306,0.4306,0.4202
gpu,combination_170,yolo11s,gpu,89.856,0.7373,0.7373,0.7601
gpu,combination_145,mobilenet_v2,gpu,1285.347,0.0650,0.0650,0.1293
gpu,combination_145,resnet50,cpu,157.332,0.0981,0.0981,0.0872
gpu,combination_145,yolo11s,cpu,44.928,0.1144,0.1144,0.1129
gpu,combination_186,resnet50,cpu,157.332,0.4145,0.4145,0.4071
gpu,combination_186,yolo11s,gpu,89.856,0.7545,0.7545,0.7671
gpu,combination_171,resnet50,gpu,314.664,0.4004,0.4004,0.3811
gpu,combination_171,yolo11s,cpu,44.928,0.5289,0.5289,0.5105
gpu,combination_167,resnet50,gpu,314.664,0.3560,0.3560,0.3136
gpu,combination_167,yolo11s,cpu,44.928,0.1186,0.1186,0.1406
gpu,combination_184,resnet50,gpu,157.332,0.6080,0.6080,0.6154
gpu,combination_184,yolo11s,gpu,44.928,0.9322,0.9322,0.9393
gpu,combination_153,mobilenet_v2,gpu,1285.347,0.0668,0.0668,0.1239
gpu,combination_153,resnet50,cpu,157.332,0.0951,0.0951,0.0861
gpu,combination_153,yolo11s,cpu,44.928,0.1189,0.1189,0.1136
gpu,combination_178,resnet50,cpu,157.332,0.4145,0.4145,0.4062
gpu,combination_178,yolo11s,gpu,134.784,0.5353,0.5353,0.5515
gpu,combination_158,resnet50,cpu,157.332,0.1147,0.1147,0.1272
gpu,combination_158,yolo11s,gpu,44.928,0.8974,0.8974,0.8973
gpu,combination_187,resnet50,gpu,314.664,0.3987,0.3987,0.4027
gpu,combination_187,yolo11s,cpu,44.928,0.5061,0.5061,0.5263
gpu,combination_176,resnet50,gpu,471.996,0.2858,0.2858,0.2640
gpu,combination_176,yolo11s,gpu,134.784,0.7396,0.7396,0.6906
gpu,combination_122,resnet50,cpu,157.332,0.4592,0.4592,0.4431
gpu,combination_122,yolo11s,gpu,89.856,0.7531,0.7531,0.7380
gpu,combination_128,resnet50,gpu,471.996,0.3184,0.3184,0.3161
gpu,combination_128,yolo11s,gpu,134.784,0.8212,0.8212,0.7728
gpu,combination_172,resnet50,gpu,314.664,0.5051,0.5051,0.5032
gpu,combination_172,yolo11s,gpu,89.856,0.8687,0.8687,0.8737
gpu,combination_131,resnet50,gpu,584.454,0.2096,0.2096,0.1703
gpu,combination_131,yolo11s,cpu,44.928,0.5602,0.5602,0.4741
gpu,combination_124,resnet50,gpu,314.664,0.5074,0.5074,0.5196
gpu,combination_124,yolo11s,gpu,89.856,0.8689,0.8689,0.8910
gpu,combination_155,mobilenet_v2,gpu,1285.347,0.0762,0.0762,0.1072
gpu,combination_155,resnet50,gpu,471.996,0.2075,0.2075,0.2135
gpu,combination_155,yolo11s,cpu,44.928,0.4892,0.4892,0.4442
gpu,combination_174,resnet50,cpu,157.332,0.0953,0.0953,0.1078
gpu,combination_174,yolo11s,gpu,134.784,0.4472,0.4472,0.4736
gpu,combination_139,mobilenet_v2,gpu,814.332,0.1206,0.1206,0.1271
gpu,combination_139,resnet50,gpu,157.332,0.5790,0.5790,0.6047
gpu,combination_139,yolo11s,cpu,44.928,0.4966,0.4966,0.5206
gpu,combination_169,resnet50,cpu,157.332,0.1060,0.1060,0.1205
gpu,combination_169,yolo11s,cpu,44.928,0.1195,0.1195,0.1485
gpu,combination_142,mobilenet_v2,cpu,814.332,0.0789,0.0789,0.0941
gpu,combination_142,resnet50,cpu,157.332,0.1024,0.1024,0.0882
gpu,combination_142,yolo11s,gpu,89.856,0.6637,0.6637,0.5625
gpu,combination_147,mobilenet_v2,gpu,1285.347,0.0746,0.0746,0.1006
gpu,combination_147,resnet50,gpu,314.664,0.3049,0.3049,0.3377
gpu,combination_147,yolo11s,cpu,44.928,0.4870,0.4870,0.4585
gpu,combination_138,mobilenet_v2,gpu,814.332,0.1208,0.1208,0.1270
gpu,combination_138,resnet50,cpu,157.332,0.4495,0.4495,0.4516
gpu,combination_138,yolo11s,gpu,44.928,0.9130,0.9130,0.9440
gpu,combination_192,resnet50,gpu,471.996,0.3189,0.3189,0.3280
gpu,combination_192,yolo11s,gpu,134.784,0.7597,0.7597,0.7452
gpu,combination_127,resnet50,gpu,471.996,0.2630,0.2630,0.2460
gpu,combination_127,yolo11s,cpu,44.928,0.5451,0.5451,0.5387
gpu,combination_165,resnet50,cpu,157.332,0.0533,0.0533,0.0661
gpu,combination_165,yolo11s,cpu,44.928,0.0630,0.0630,0.0799
gpu,combination_168,resnet50,gpu,314.664,0.4347,0.4347,0.4327
gpu,combination_168,yolo11s,gpu,89.856,0.8497,0.8497,0.8788
gpu,combination_160,resnet50,gpu,157.332,0.6291,0.6291,0.6464
gpu,combination_160,yolo11s,gpu,44.928,0.9253,0.9253,0.9530
gpu,combination_182,resnet50,cpu,157.332,0.5467,0.5467,0.5389
gpu,combination_182,yolo11s,gpu,44.928,0.9210,0.9210,0.9211
gpu,combination_159,resnet50,gpu,157.332,0.5946,0.5946,0.5416
gpu,combination_159,yolo11s,cpu,44.928,0.1384,0.1384,0.1453
gpu,combination_134,mobilenet_v2,cpu,814.332,0.0855,0.0855,0.1007
gpu,combination_134,resnet50,cpu,157.332,0.1061,0.1061,0.1007
gpu,combination_134,yolo11s,gpu,44.928,0.8845,0.8845,0.8815
gpu,combination_177,resnet50,cpu,157.332,0.0969,0.0969,0.0958
gpu,combination_177,yolo11s,cpu,44.928,0.1273,0.1273,0.1363
gpu,combination_190,resnet50,cpu,157.332,0.4020,0.4020,0.4023
gpu,combination_190,yolo11s,gpu,134.784,0.5369,0.5369,0.5271
gpu,combination_175,resnet50,gpu,471.996,0.2381,0.2381,0.2299
gpu,combination_175,yolo11s,cpu,44.928,0.1157,0.1157,0.1373
gpu,combination_154,mobilenet_v2,gpu,1285.347,0.0747,0.0747,0.0988
gpu,combination_154,resnet50,cpu,157.332,0.3547,0.3547,0.3370
gpu,combination_154,yolo11s,gpu,134.784,0.5158,0.5158,0.4783
gpu,combination_161,resnet50,cpu,157.332,0.1026,0.1026,0.1578
gpu,combination_161,yolo11s,cpu,44.928,0.1229,0.1229,0.1830
gpu,combination_141,mobilenet_v2,cpu,814.332,0.0607,0.0607,0.0708
gpu,combination_141,resnet50,cpu,157.332,0.0547,0.0547,0.0492
gpu,combination_141,yolo11s,cpu,44.928,0.0692,0.0692,0.0624
gpu,combination_129,resnet50,cpu,157.332,0.1021,0.1021,0.0943
gpu,combination_129,yolo11s,cpu,44.928,0.1287,0.1287,0.1276
gpu,combination_162,resnet50,cpu,157.332,0.5497,0.5497,0.5432
gpu,combination_162,yolo11s,gpu,44.928,0.9208,0.9208,0.9274
gpu,combination_123,resnet50,gpu,314.664,0.4013,0.4013,0.3603
gpu,combination_123,yolo11s,cpu,44.928,0.5360,0.5360,0.5337
gpu,combination_179,resnet50,gpu,471.996,0.2663,0.2663,0.2640
gpu,combination_179,yolo11s,cpu,44.928,0.5329,0.5329,0.4975
gpu,combination_151,mobilenet_v2,cpu,814.332,0.0767,0.0767,0.0934
gpu,combination_151,resnet50,gpu,471.996,0.1696,0.1696,0.1958
gpu,combination_151,yolo11s,cpu,44.928,0.1451,0.1451,0.1132
gpu,combination_164,resnet50,gpu,157.332,0.6057,0.6057,0.6182
gpu,combination_164,yolo11s,gpu,44.928,0.9326,0.9326,0.9335
gpu,combination_148,mobilenet_v2,gpu,1285.347,0.1067,0.1067,0.1362
gpu,combination_148,resnet50,gpu,314.664,0.4359,0.4359,0.4328
gpu,combination_148,yolo11s,gpu,89.856,0.8699,0.8699,0.7525
gpu,combination_144,mobilenet_v2,cpu,814.332,0.1243,0.1243,0.1880
gpu,combination_144,resnet50,gpu,314.664,0.3238,0.3238,0.3337
gpu,combination_144,yolo11s,gpu,89.856,0.7928,0.7928,0.6724
gpu,combination_146,mobilenet_v2,gpu,1285.347,0.0759,0.0759,0.1011
gpu,combination_146,resnet50,cpu,157.332,0.3711,0.3711,0.3490
gpu,combination_146,yolo11s,gpu,89.856,0.7192,0.7192,0.6695
gpu,combination_130,resnet50,cpu,157.332,0.4311,0.4311,0.4224
gpu,combination_130,yolo11s,gpu,179.712,0.4166,0.4166,0.3616
gpu,combination_150,mobilenet_v2,cpu,814.332,0.0775,0.0775,0.0937
gpu,combination_150,resnet50,cpu,157.332,0.0976,0.0976,0.0858
gpu,combination_150,yolo11s,gpu,134.784,0.4690,0.4690,0.4183
gpu,combination_136,mobilenet_v2,cpu,814.332,0.1237,0.1237,0.1857
gpu,combination_136,resnet50,gpu,157.332,0.5986,0.5986,0.5965
gpu,combination_136,yolo11s,gpu,44.928,0.9288,0.9288,0.9187
npu,combination_401,mobilenet_v2,cpu,814.332,0.0379,0.0379,0.0364
npu,combination_401,resnet50,npu,314.664,0.1024,0.1024,0.1083
npu,combination_401,yolo11s,npu,89.856,0.1457,0.1457,0.1482
npu,combination_401,yolo11m,cpu,18.106,0.0481,0.0481,0.0492
npu,combination_401,yolo11l,cpu,13.968,0.0480,0.0480,0.0482
npu,combination_401,yolo11x,cpu,7.065,0.0538,0.0538,0.0644
npu,combination_416,mobilenet_v2,npu,907.441,0.0427,0.0427,0.0556
npu,combination_416,resnet50,cpu,157.332,0.3671,0.3671,0.3636
npu,combination_416,yolo11s,npu,89.856,0.1892,0.1892,0.2368
npu,combination_416,yolo11m,npu,36.212,0.4532,0.4532,0.5586
npu,combination_416,yolo11l,npu,27.936,0.5545,0.5545,0.6680
npu,combination_416,yolo11x,npu,14.130,0.8974,0.8974,0.9067
npu,combination_391,mobilenet_v2,npu,907.441,0.0668,0.0668,0.0604
npu,combination_391,resnet50,npu,235.998,0.2551,0.2551,0.2421
npu,combination_391,yolo11s,npu,67.392,0.3631,0.3631,0.3509
npu,combination_391,yolo11m,npu,27.159,0.7607,0.7607,0.7273
npu,combination_391,yolo11l,cpu,13.968,0.1317,0.1317,0.1525
npu,combination_391,yolo11x,npu,10.598,0.9190,0.9190,0.9264
npu,combination_361,mobilenet_v2,npu,814.332,0.0762,0.0762,0.0812
npu,combination_361,resnet50,npu,157.332,0.3783,0.3783,0.3988
npu,combination_361,yolo11s,npu,44.928,0.6241,0.6241,0.5962
npu,combination_361,yolo11m,cpu,18.106,0.1425,0.1425,0.1485
npu,combination_361,yolo11l,npu,13.968,0.8978,0.8978,0.9272
npu,combination_361,yolo11x,npu,7.065,0.9299,0.9299,0.9319
npu,combination_368,mobilenet_v2,npu,814.332,0.0724,0.0724,0.0760
npu,combination_368,resnet50,cpu,157.332,0.3804,0.3804,0.3805
npu,combination_368,yolo11s,npu,44.928,0.5380,0.5380,0.5604
npu,combination_368,yolo11m,npu,18.106,0.8682,0.8682,0.8889
npu,combination_368,yolo11l,npu,13.968,0.9228,0.9228,0.9258
npu,combination_368,yolo11x,npu,7.065,0.9823,0.9823,0.9338
npu,combination_394,mobilenet_v2,npu,907.441,0.0375,0.0375,0.0358
npu,combination_394,resnet50,cpu,157.332,0.0266,0.0266,0.0269
npu,combination_394,yolo11s,cpu,44.928,0.0338,0.0338,0.0344
npu,combination_394,yolo11m,cpu,18.106,0.0359,0.0359,0.0400
npu,combination_394,yolo11l,cpu,13.968,0.0344,0.0344,0.0389
npu,combination_394,yolo11x,cpu,7.065,0.0467,0.0467,0.0468
npu,combination_384,mobilenet_v2,cpu,814.332,0.0519,0.0519,0.0510
npu,combination_384,resnet50,npu,235.998,0.1690,0.1690,0.1813
npu,combination_384,yolo11s,npu,67.392,0.2380,0.2380,0.2394
npu,combination_384,yolo11m,cpu,18.106,0.0707,0.0707,0.0709
npu,combination_384,yolo11l,npu,20.952,0.7111,0.7111,0.7367
npu,combination_384,yolo11x,cpu,7.065,0.0793,0.0793,0.0872
npu,combination_408,mobilenet_v2,cpu,814.332,0.0526,0.0526,0.0451
npu,combination_408,resnet50,npu,314.664,0.1183,0.1183,0.1300
npu,combination_408,yolo11s,npu,89.856,0.1682,0.1682,0.1838
npu,combination_408,yolo11m,cpu,18.106,0.0668,0.0668,0.0706
npu,combination_408,yolo11l,npu,27.936,0.5019,0.5019,0.6206
npu,combination_408,yolo11x,cpu,7.065,0.0793,0.0793,0.0864
npu,combination_419,mobilenet_v2,npu,907.441,0.0448,0.0448,0.0417
npu,combination_419,resnet50,npu,314.664,0.1245,0.1245,0.1252
npu,combination_419,yolo11s,cpu,44.928,0.0381,0.0381,0.0413
npu,combination_419,yolo11m,npu,36.212,0.3932,0.3932,0.4580
npu,combination_419,yolo11l,cpu,13.968,0.0480,0.0480,0.0468
npu,combination_419,yolo11x,cpu,7.065,0.0623,0.0623,0.0598
npu,combination_349,mobilenet_v2,cpu,814.332,0.0226,0.0226,0.0220
npu,combination_349,resnet50,cpu,157.332,0.0184,0.0184,0.0160
npu,combination_349,yolo11s,cpu,44.928,0.0231,0.0231,0.0255
npu,combination_349,yolo11m,cpu,18.106,0.0287,0.0287,0.0320
npu,combination_349,yolo11l,cpu,13.968,0.0279,0.0279,0.0330
npu,combination_349,yolo11x,cpu,7.065,0.0326,0.0326,0.0552
npu,combination_409,mobilenet_v2,npu,907.441,0.0581,0.0581,0.0669
npu,combination_409,resnet50,npu,314.664,0.1667,0.1667,0.1939
npu,combination_409,yolo11s,npu,89.856,0.2514,0.2514,0.2885
npu,combination_409,yolo11m,cpu,18.106,0.1370,0.1370,0.1289
npu,combination_409,yolo11l,npu,27.936,0.6851,0.6851,0.7521
npu,combination_409,yolo11x,npu,14.130,0.8875,0.8875,0.9052
npu,combination_365,mobilenet_v2,cpu,814.332,0.0391,0.0391,0.0380
npu,combination_365,resnet50,npu,157.332,0.2397,0.2397,0.2879
npu,combination_365,yolo11s,cpu,44.928,0.0410,0.0410,0.0410
npu,combination_365,yolo11m,npu,18.106,0.7428,0.7428,0.8206
npu,combination_365,yolo11l,cpu,13.968,0.0465,0.0465,0.0511
npu,combination_365,yolo11x,cpu,7.065,0.0594,0.0594,0.0865
npu,combination_417,mobilenet_v2,cpu,814.332,0.0273,0.0273,0.0284
npu,combination_417,resnet50,cpu,157.332,0.0212,0.0212,0.0212
npu,combination_417,yolo11s,cpu,44.928,0.0289,0.0289,0.0265
npu,combination_417,yolo11m,cpu,18.106,0.0326,0.0326,0.0317
npu,combination_417,yolo11l,cpu,13.968,0.0294,0.0294,0.0314
npu,combination_417,yolo11x,npu,14.130,0.7530,0.7530,0.7803
npu,combination_413,mobilenet_v2,cpu,814.332,0.0421,0.0421,0.0378
npu,combination_413,resnet50,npu,314.664,0.1047,0.1047,0.1151
npu,combination_413,yolo11s,cpu,44.928,0.0398,0.0398,0.0425
npu,combination_413,yolo11m,npu,36.212,0.3521,0.3521,0.4463
npu,combination_413,yolo11l,cpu,13.968,0.0480,0.0480,0.0471
npu,combination_413,yolo11x,cpu,7.065,0.0538,0.0538,0.0626
npu,combination_354,mobilenet_v2,npu,814.332,0.0656,0.0656,0.0755
npu,combination_354,resnet50,npu,157.332,0.3297,0.3297,0.3142
npu,combination_354,yolo11s,cpu,44.928,0.0552,0.0552,0.0607
npu,combination_354,yolo11m,npu,18.106,0.8478,0.8478,0.8567
npu,combination_354,yolo11l,cpu,13.968,0.0694,0.0694,0.0754
npu,combination_354,yolo11x,npu,7.065,0.9130,0.9130,0.8839
npu,combination_380,mobilenet_v2,npu,907.441,0.0521,0.0521,0.0554
npu,combination_380,resnet50,npu,235.998,0.1973,0.1973,0.2234
npu,combination_380,yolo11s,cpu,44.928,0.4590,0.4590,0.4631
npu,combination_380,yolo11m,npu,27.159,0.6377,0.6377,0.6817
npu,combination_380,yolo11l,npu,20.952,0.7532,0.7532,0.8034
npu,combination_380,yolo11x,npu,10.598,0.9398,0.9398,0.9194
npu,combination_353,mobilenet_v2,cpu,814.332,0.0440,0.0440,0.0373
npu,combination_353,resnet50,npu,157.332,0.2465,0.2465,0.2873
npu,combination_353,yolo11s,npu,44.928,0.3588,0.3588,0.3603
npu,combination_353,yolo11m,cpu,18.106,0.0475,0.0475,0.0507
npu,combination_353,yolo11l,cpu,13.968,0.0430,0.0430,0.0504
npu,combination_353,yolo11x,cpu,7.065,0.0594,0.0594,0.0858
npu,combination_363,mobilenet_v2,cpu,814.332,0.0280,0.0280,0.0271
npu,combination_363,resnet50,cpu,157.332,0.0201,0.0201,0.0222
npu,combination_363,yolo11s,cpu,44.928,0.0247,0.0247,0.0286
npu,combination_363,yolo11m,cpu,18.106,0.0320,0.0320,0.0340
npu,combination_363,yolo11l,cpu,13.968,0.0315,0.0315,0.0333
npu,combination_363,yolo11x,cpu,7.065,0.0368,0.0368,0.0611
npu,combination_371,mobilenet_v2,npu,814.332,0.0556,0.0556,0.0710
npu,combination_371,resnet50,npu,157.332,0.2786,0.2786,0.3014
npu,combination_371,yolo11s,cpu,44.928,0.0414,0.0414,0.0434
npu,combination_371,yolo11m,npu,18.106,0.7959,0.7959,0.8364
npu,combination_371,yolo11l,cpu,13.968,0.0473,0.0473,0.0541
npu,combination_371,yolo11x,cpu,7.065,0.0609,0.0609,0.0824
npu,combination_377,mobilenet_v2,cpu,814.332,0.0367,0.0367,0.0367
npu,combination_377,resnet50,npu,235.998,0.1477,0.1477,0.1704
npu,combination_377,yolo11s,npu,67.392,0.2123,0.2123,0.2493
npu,combination_377,yolo11m,cpu,18.106,0.0486,0.0486,0.0499
npu,combination_377,yolo11l,cpu,13.968,0.0473,0.0473,0.0487
npu,combination_377,yolo11x,cpu,7.065,0.0580,0.0580,0.0561
npu,combination_360,mobilenet_v2,cpu,814.332,0.0514,0.0514,0.0504
npu,combination_360,resnet50,npu,157.332,0.2835,0.2835,0.2688
npu,combination_360,yolo11s,npu,44.928,0.3701,0.3701,0.4087
npu,combination_360,yolo11m,cpu,18.106,0.0674,0.0674,0.0728
npu,combination_360,yolo11l,npu,13.968,0.8512,0.8512,0.8425
npu,combination_360,yolo11x,cpu,7.065,0.0807,0.0807,0.1119
npu,combination_385,mobilenet_v2,npu,907.441,0.0650,0.0650,0.0604
npu,combination_385,resnet50,npu,235.998,0.2477,0.2477,0.2421
npu,combination_385,yolo11s,npu,67.392,0.3585,0.3585,0.3509
npu,combination_385,yolo11m,cpu,18.106,0.1353,0.1353,0.1520
npu,combination_385,yolo11l,npu,20.952,0.8171,0.8171,0.8339
npu,combination_385,yolo11x,npu,10.598,0.9162,0.9162,0.9282
npu,combination_411,mobilenet_v2,cpu,814.332,0.0264,0.0264,0.0276
npu,combination_411,resnet50,cpu,157.332,0.0201,0.0201,0.0198
npu,combination_411,yolo11s,cpu,44.928,0.0276,0.0276,0.0267
npu,combination_411,yolo11m,cpu,18.106,0.0293,0.0293,0.0313
npu,combination_411,yolo11l,cpu,13.968,0.0301,0.0301,0.0305
npu,combination_411,yolo11x,cpu,7.065,0.0382,0.0382,0.0383
npu,combination_398,mobilenet_v2,npu,907.441,0.0411,0.0411,0.0598
npu,combination_398,resnet50,npu,314.664,0.1136,0.1136,0.1683
npu,combination_398,yolo11s,npu,89.856,0.2278,0.2278,0.2490
npu,combination_398,yolo11m,npu,36.212,0.4852,0.4852,0.5998
npu,combination_398,yolo11l,npu,27.936,0.5742,0.5742,0.6670
npu,combination_398,yolo11x,npu,14.130,0.9292,0.9292,0.9373
npu,combination_373,mobilenet_v2,cpu,814.332,0.0253,0.0253,0.0217
npu,combination_373,resnet50,cpu,157.332,0.0163,0.0163,0.0162
npu,combination_373,yolo11s,cpu,44.928,0.0247,0.0247,0.0248
npu,combination_373,yolo11m,cpu,18.106,0.0260,0.0260,0.0289
npu,combination_373,yolo11l,cpu,13.968,0.0258,0.0258,0.0291
npu,combination_373,yolo11x,cpu,7.065,0.0340,0.0340,0.0350
npu,combination_414,mobilenet_v2,cpu,814.332,0.0500,0.0500,0.0472
npu,combination_414,resnet50,npu,314.664,0.1054,0.1054,0.1259
npu,combination_414,yolo11s,cpu,44.928,0.0534,0.0534,0.0578
npu,combination_414,yolo11m,cpu,18.106,0.0768,0.0768,0.0711
npu,combination_414,yolo11l,npu,27.936,0.4879,0.4879,0.5714
npu,combination_414,yolo11x,npu,14.130,0.8047,0.8047,0.7857
npu,combination_399,mobilenet_v2,cpu,814.332,0.0256,0.0256,0.0288
npu,combination_399,resnet50,cpu,157.332,0.0208,0.0208,0.0216
npu,combination_399,yolo11s,cpu,44.928,0.0263,0.0263,0.0262
npu,combination_399,yolo11m,cpu,18.106,0.0298,0.0298,0.0323
npu,combination_399,yolo11l,npu,27.936,0.4031,0.4031,0.4453
npu,combination_399,yolo11x,cpu,7.065,0.0368,0.0368,0.0391
npu,combination_395,mobilenet_v2,npu,907.441,0.0460,0.0460,0.0534
npu,combination_395,resnet50,npu,235.998,0.1761,0.1761,0.1872
npu,combination_395,yolo11s,cpu,44.928,0.0401,0.0401,0.0417
npu,combination_395,yolo11m,npu,27.159,0.5950,0.5950,0.6110
npu,combination_395,yolo11l,cpu,13.968,0.0465,0.0465,0.0511
npu,combination_395,yolo11x,cpu,7.065,0.0609,0.0609,0.0547
npu,combination_412,mobilenet_v2,cpu,814.332,0.0296,0.0296,0.0290
npu,combination_412,resnet50,cpu,157.332,0.0264,0.0264,0.0231
npu,combination_412,yolo11s,cpu,44.928,0.0307,0.0307,0.0293
npu,combination_412,yolo11m,npu,36.212,0.3535,0.3535,0.3826
npu,combination_412,yolo11l,cpu,13.968,0.0365,0.0365,0.0357
npu,combination_412,yolo11x,cpu,7.065,0.0453,0.0453,0.0424
npu,combination_381,mobilenet_v2,cpu,814.332,0.0267,0.0267,0.0268
npu,combination_381,resnet50,cpu,157.332,0.0178,0.0178,0.0213
npu,combination_381,yolo11s,npu,67.392,0.1815,0.1815,0.2065
npu,combination_381,yolo11m,cpu,18.106,0.0304,0.0304,0.0325
npu,combination_381,yolo11l,cpu,13.968,0.0336,0.0336,0.0319
npu,combination_381,yolo11x,cpu,7.065,0.0396,0.0396,0.0388
npu,combination_406,mobilenet_v2,npu,907.441,0.0389,0.0389,0.0436
npu,combination_406,resnet50,npu,314.664,0.1135,0.1135,0.1367
npu,combination_406,yolo11s,cpu,44.928,0.0329,0.0329,0.0295
npu,combination_406,yolo11m,cpu,18.106,0.0436,0.0436,0.0363
npu,combination_406,yolo11l,cpu,13.968,0.0351,0.0351,0.0366
npu,combination_406,yolo11x,cpu,7.065,0.0481,0.0481,0.0441
npu,combination_386,mobilenet_v2,npu,907.441,0.0592,0.0592,0.0504
npu,combination_386,resnet50,npu,235.998,0.2237,0.2237,0.2214
npu,combination_386,yolo11s,npu,67.392,0.3076,0.3076,0.3264
npu,combination_386,yolo11m,npu,27.159,0.6679,0.6679,0.6709
npu,combination_386,yolo11l,npu,20.952,0.7842,0.7842,0.7914
npu,combination_386,yolo11x,cpu,7.065,0.5124,0.5124,0.5301
npu,combination_415,mobilenet_v2,npu,907.441,0.0585,0.0585,0.0669
npu,combination_415,resnet50,npu,314.664,0.1659,0.1659,0.1939
npu,combination_415,yolo11s,npu,89.856,0.2474,0.2474,0.2885
npu,combination_415,yolo11m,npu,36.212,0.5874,0.5874,0.6323
npu,combination_415,yolo11l,cpu,13.968,0.1339,0.1339,0.1268
npu,combination_415,yolo11x,npu,14.130,0.8946,0.8946,0.9052
npu,combination_404,mobilenet_v2,npu,907.441,0.0412,0.0412,0.0602
npu,combination_404,resnet50,npu,314.664,0.1164,0.1164,0.1793
npu,combination_404,yolo11s,cpu,44.928,0.4334,0.4334,0.4637
npu,combination_404,yolo11m,npu,36.212,0.4501,0.4501,0.5825
npu,combination_404,yolo11l,npu,27.936,0.5609,0.5609,0.6889
npu,combination_404,yolo11x,npu,14.130,0.8917,0.8917,0.9101
npu,combination_350,mobilenet_v2,npu,814.332,0.0876,0.0876,0.0571
npu,combination_350,resnet50,npu,157.332,0.3960,0.3960,0.3964
npu,combination_350,yolo11s,npu,44.928,0.6050,0.6050,0.6032
npu,combination_350,yolo11m,npu,18.106,0.9163,0.9163,0.8988
npu,combination_350,yolo11l,npu,13.968,0.9708,0.9708,0.9328
npu,combination_350,yolo11x,npu,7.065,0.9922,0.9922,0.9372
npu,combination_356,mobilenet_v2,npu,814.332,0.0719,0.0719,0.0769
npu,combination_356,resnet50,npu,157.332,0.3550,0.3550,0.3873
npu,combination_356,yolo11s,cpu,44.928,0.4596,0.4596,0.4708
npu,combination_356,yolo11m,npu,18.106,0.8644,0.8644,0.8849
npu,combination_356,yolo11l,npu,13.968,0.9164,0.9164,0.9231
npu,combination_356,yolo11x,npu,7.065,0.9752,0.9752,0.9311
npu,combination_400,mobilenet_v2,cpu,814.332,0.0308,0.0308,0.0292
npu,combination_400,resnet50,cpu,157.332,0.0259,0.0259,0.0247
npu,combination_400,yolo11s,npu,89.856,0.1520,0.1520,0.1702
npu,combination_400,yolo11m,cpu,18.106,0.0392,0.0392,0.0378
npu,combination_400,yolo11l,cpu,13.968,0.0379,0.0379,0.0368
npu,combination_400,yolo11x,npu,14.130,0.7834,0.7834,0.7811
npu,combination_359,mobilenet_v2,npu,814.332,0.0555,0.0555,0.0706
npu,combination_359,resnet50,npu,157.332,0.2741,0.2741,0.3076
npu,combination_359,yolo11s,cpu,44.928,0.0416,0.0416,0.0402
npu,combination_359,yolo11m,cpu,18.106,0.0481,0.0481,0.0512
npu,combination_359,yolo11l,cpu,13.968,0.0508,0.0508,0.0512
npu,combination_359,yolo11x,npu,7.065,0.9073,0.9073,0.8749
npu,combination_352,mobilenet_v2,cpu,814.332,0.0348,0.0348,0.0316
npu,combination_352,resnet50,cpu,157.332,0.0224,0.0224,0.0265
npu,combination_352,yolo11s,npu,44.928,0.3434,0.3434,0.3412
npu,combination_352,yolo11m,cpu,18.106,0.0431,0.0431,0.0413
npu,combination_352,yolo11l,cpu,13.968,0.0408,0.0408,0.0403
npu,combination_352,yolo11x,npu,7.065,0.8790,0.8790,0.8387
npu,combination_383,mobilenet_v2,npu,907.441,0.0459,0.0459,0.0497
npu,combination_383,resnet50,npu,235.998,0.1703,0.1703,0.1844
npu,combination_383,yolo11s,cpu,44.928,0.0407,0.0407,0.0417
npu,combination_383,yolo11m,cpu,18.106,0.0503,0.0503,0.0506
npu,combination_383,yolo11l,cpu,13.968,0.0458,0.0458,0.0511
npu,combination_383,yolo11x,npu,10.598,0.8870,0.8870,0.8355
npu,combination_402,mobilenet_v2,npu,907.441,0.0502,0.0502,0.0452
npu,combination_402,resnet50,npu,314.664,0.1440,0.1440,0.1454
npu,combination_402,yolo11s,cpu,44.928,0.0565,0.0565,0.0546
npu,combination_402,yolo11m,npu,36.212,0.4833,0.4833,0.4872
npu,combination_402,yolo11l,cpu,13.968,0.0673,0.0673,0.0675
npu,combination_402,yolo11x,npu,14.130,0.8563,0.8563,0.8194
npu,combination_367,mobilenet_v2,npu,814.332,0.0800,0.0800,0.0812
npu,combination_367,resnet50,npu,157.332,0.3948,0.3948,0.3990
npu,combination_367,yolo11s,npu,44.928,0.6128,0.6128,0.5962
npu,combination_367,yolo11m,npu,18.106,0.8953,0.8953,0.8997
npu,combination_367,yolo11l,cpu,13.968,0.1360,0.1360,0.1526
npu,combination_367,yolo11x,npu,7.065,0.9512,0.9512,0.9329
npu,combination_397,mobilenet_v2,cpu,814.332,0.0190,0.0190,0.0239
npu,combination_397,resnet50,cpu,157.332,0.0147,0.0147,0.0165
npu,combination_397,yolo11s,cpu,44.928,0.0225,0.0225,0.0216
npu,combination_397,yolo11m,cpu,18.106,0.0293,0.0293,0.0272
npu,combination_397,yolo11l,cpu,13.968,0.0272,0.0272,0.0253
npu,combination_397,yolo11x,cpu,7.065,0.0340,0.0340,0.0352
npu,combination_370,mobilenet_v2,npu,814.332,0.0476,0.0476,0.0635
npu,combination_370,resnet50,cpu,157.332,0.0260,0.0260,0.0262
npu,combination_370,yolo11s,cpu,44.928,0.0289,0.0289,0.0332
npu,combination_370,yolo11m,cpu,18.106,0.0365,0.0365,0.0408
npu,combination_370,yolo11l,cpu,13.968,0.0372,0.0372,0.0394
npu,combination_370,yolo11x,cpu,7.065,0.0467,0.0467,0.0696
npu,combination_375,mobilenet_v2,cpu,814.332,0.0269,0.0269,0.0266
npu,combination_375,resnet50,cpu,157.332,0.0204,0.0204,0.0214
npu,combination_375,yolo11s,cpu,44.928,0.0260,0.0260,0.0285
npu,combination_375,yolo11m,cpu,18.106,0.0370,0.0370,0.0322
npu,combination_375,yolo11l,npu,20.952,0.5599,0.5599,0.6161
npu,combination_375,yolo11x,cpu,7.065,0.0368,0.0368,0.0378
npu,combination_366,mobilenet_v2,cpu,814.332,0.0529,0.0529,0.0510
npu,combination_366,resnet50,npu,157.332,0.2741,0.2741,0.2771
npu,combination_366,yolo11s,cpu,44.928,0.0588,0.0588,0.0611
npu,combination_366,yolo11m,cpu,18.106,0.0701,0.0701,0.0734
npu,combination_366,yolo11l,npu,13.968,0.8591,0.8591,0.8364
npu,combination_366,yolo11x,npu,7.065,0.9059,0.9059,0.8452
npu,combination_420,mobilenet_v2,cpu,814.332,0.0541,0.0541,0.0476
npu,combination_420,resnet50,cpu,157.332,0.0413,0.0413,0.0486
npu,combination_420,yolo11s,npu,89.856,0.1685,0.1685,0.1793
npu,combination_420,yolo11m,cpu,18.106,0.0729,0.0729,0.0713
npu,combination_420,yolo11l,npu,27.936,0.4671,0.4671,0.5718
npu,combination_420,yolo11x,npu,14.130,0.8266,0.8266,0.7817
npu,combination_355,mobilenet_v2,npu,814.332,0.0786,0.0786,0.0815
npu,combination_355,resnet50,npu,157.332,0.3917,0.3917,0.3903
npu,combination_355,yolo11s,cpu,44.928,0.1171,0.1171,0.1242
npu,combination_355,yolo11m,npu,18.106,0.8903,0.8903,0.8768
npu,combination_355,yolo11l,npu,13.968,0.9157,0.9157,0.9055
npu,combination_355,yolo11x,npu,7.065,0.9526,0.9526,0.9103
npu,combination_393,mobilenet_v2,cpu,814.332,0.0255,0.0255,0.0266
npu,combination_393,resnet50,cpu,157.332,0.0203,0.0203,0.0214
npu,combination_393,yolo11s,cpu,44.928,0.0294,0.0294,0.0285
npu,combination_393,yolo11m,cpu,18.106,0.0348,0.0348,0.0322
npu,combination_393,yolo11l,cpu,13.968,0.0308,0.0308,0.0317
npu,combination_393,yolo11x,npu,10.598,0.8671,0.8671,0.7864
npu,combination_396,mobilenet_v2,cpu,814.332,0.0487,0.0487,0.0508
npu,combination_396,resnet50,cpu,157.332,0.0447,0.0447,0.0485
npu,combination_396,yolo11s,npu,67.392,0.2288,0.2288,0.2365
npu,combination_396,yolo11m,cpu,18.106,0.0762,0.0762,0.0712
npu,combination_396,yolo11l,npu,20.952,0.7231,0.7231,0.7141
npu,combination_396,yolo11x,npu,10.598,0.8719,0.8719,0.8322
npu,combination_388,mobilenet_v2,cpu,814.332,0.0321,0.0321,0.0320
npu,combination_388,resnet50,cpu,157.332,0.0241,0.0241,0.0267
npu,combination_388,yolo11s,cpu,44.928,0.0283,0.0283,0.0346
npu,combination_388,yolo11m,npu,27.159,0.4676,0.4676,0.5316
npu,combination_388,yolo11l,cpu,13.968,0.0358,0.0358,0.0391
npu,combination_388,yolo11x,cpu,7.065,0.0467,0.0467,0.0493
npu,combination_410,mobilenet_v2,npu,907.441,0.0502,0.0502,0.0589
npu,combination_410,resnet50,npu,314.664,0.1437,0.1437,0.1821
npu,combination_410,yolo11s,npu,89.856,0.2082,0.2082,0.2400
npu,combination_410,yolo11m,npu,36.212,0.4819,0.4819,0.5637
npu,combination_410,yolo11l,npu,27.936,0.5949,0.5949,0.6652
npu,combination_410,yolo11x,cpu,7.065,0.5152,0.5152,0.5031
npu,combination_387,mobilenet_v2,cpu,814.332,0.0263,0.0263,0.0268
npu,combination_387,resnet50,cpu,157.332,0.0220,0.0220,0.0217
npu,combination_387,yolo11s,cpu,44.928,0.0276,0.0276,0.0289
npu,combination_387,yolo11m,cpu,18.106,0.0326,0.0326,0.0326
npu,combination_387,yolo11l,cpu,13.968,0.0301,0.0301,0.0320
npu,combination_387,yolo11x,cpu,7.065,0.0326,0.0326,0.0380
npu,combination_362,mobilenet_v2,npu,814.332,0.0748,0.0748,0.0770
npu,combination_362,resnet50,npu,157.332,0.3674,0.3674,0.3919
npu,combination_362,yolo11s,npu,44.928,0.5357,0.5357,0.5707
npu,combination_362,yolo11m,npu,18.106,0.8793,0.8793,0.8931
npu,combination_362,yolo11l,npu,13.968,0.9221,0.9221,0.9288
npu,combination_362,yolo11x,cpu,7.065,0.5265,0.5265,0.5306
npu,combination_405,mobilenet_v2,cpu,814.332,0.0226,0.0226,0.0310
npu,combination_405,resnet50,cpu,157.332,0.0212,0.0212,0.0244
npu,combination_405,yolo11s,npu,89.856,0.1197,0.1197,0.1774
npu,combination_405,yolo11m,cpu,18.106,0.0326,0.0326,0.0346
npu,combination_405,yolo11l,cpu,13.968,0.0279,0.0279,0.0341
npu,combination_405,yolo11x,cpu,7.065,0.0410,0.0410,0.0407
npu,combination_418,mobilenet_v2,npu,907.441,0.0342,0.0342,0.0410
npu,combination_418,resnet50,cpu,157.332,0.0266,0.0266,0.0228
npu,combination_418,yolo11s,cpu,44.928,0.0318,0.0318,0.0290
npu,combination_418,yolo11m,cpu,18.106,0.0342,0.0342,0.0358
npu,combination_418,yolo11l,cpu,13.968,0.0372,0.0372,0.0361
npu,combination_418,yolo11x,cpu,7.065,0.0425,0.0425,0.0431
npu,combination_403,mobilenet_v2,npu,907.441,0.0587,0.0587,0.0656
npu,combination_403,resnet50,npu,314.664,0.1659,0.1659,0.1892
npu,combination_403,yolo11s,cpu,44.928,0.1120,0.1120,0.1105
npu,combination_403,yolo11m,npu,36.212,0.5686,0.5686,0.5940
npu,combination_403,yolo11l,npu,27.936,0.6859,0.6859,0.7312
npu,combination_403,yolo11x,npu,14.130,0.8889,0.8889,0.8911
npu,combination_382,mobilenet_v2,npu,907.441,0.0402,0.0402,0.0503
npu,combination_382,resnet50,npu,235.998,0.1492,0.1492,0.1695
npu,combination_382,yolo11s,cpu,44.928,0.0334,0.0334,0.0349
npu,combination_382,yolo11m,cpu,18.106,0.0403,0.0403,0.0403
npu,combination_382,yolo11l,cpu,13.968,0.0430,0.0430,0.0390
npu,combination_382,yolo11x,cpu,7.065,0.0467,0.0467,0.0465
npu,combination_389,mobilenet_v2,cpu,814.332,0.0328,0.0328,0.0366
npu,combination_389,resnet50,npu,235.998,0.1401,0.1401,0.1675
npu,combination_389,yolo11s,cpu,44.928,0.0392,0.0392,0.0408
npu,combination_389,yolo11m,npu,27.159,0.4636,0.4636,0.5801
npu,combination_389,yolo11l,cpu,13.968,0.0437,0.0437,0.0485
npu,combination_389,yolo11x,cpu,7.065,0.0722,0.0722,0.0595
npu,combination_369,mobilenet_v2,cpu,814.332,0.0270,0.0270,0.0264
npu,combination_369,resnet50,cpu,157.332,0.0190,0.0190,0.0218
npu,combination_369,yolo11s,cpu,44.928,0.0258,0.0258,0.0278
npu,combination_369,yolo11m,cpu,18.106,0.0320,0.0320,0.0332
npu,combination_369,yolo11l,cpu,13.968,0.0344,0.0344,0.0325
npu,combination_369,yolo11x,npu,7.065,0.9115,0.9115,0.7918
npu,combination_357,mobilenet_v2,cpu,814.332,0.0254,0.0254,0.0263
npu,combination_357,resnet50,cpu,157.332,0.0218,0.0218,0.0213
npu,combination_357,yolo11s,npu,44.928,0.3080,0.3080,0.3219
npu,combination_357,yolo11m,cpu,18.106,0.0309,0.0309,0.0331
npu,combination_357,yolo11l,cpu,13.968,0.0329,0.0329,0.0325
npu,combination_357,yolo11x,cpu,7.065,0.0396,0.0396,0.0625
npu,combination_390,mobilenet_v2,cpu,814.332,0.0520,0.0520,0.0516
npu,combination_390,resnet50,npu,235.998,0.1613,0.1613,0.1748
npu,combination_390,yolo11s,cpu,44.928,0.0590,0.0590,0.0599
npu,combination_390,yolo11m,cpu,18.106,0.0668,0.0668,0.0715
npu,combination_390,yolo11l,npu,20.952,0.7035,0.7035,0.7105
npu,combination_390,yolo11x,npu,10.598,0.8643,0.8643,0.8286
npu,combination_351,mobilenet_v2,cpu,814.332,0.0223,0.0223,0.0264
npu,combination_351,resnet50,cpu,157.332,0.0215,0.0215,0.0218
npu,combination_351,yolo11s,cpu,44.928,0.0289,0.0289,0.0278
npu,combination_351,yolo11m,cpu,18.106,0.0304,0.0304,0.0332
npu,combination_351,yolo11l,npu,13.968,0.7968,0.7968,0.7697
npu,combination_351,yolo11x,cpu,7.065,0.0410,0.0410,0.0627
npu,combination_407,mobilenet_v2,npu,907.441,0.0449,0.0449,0.0421
npu,combination_407,resnet50,npu,314.664,0.1239,0.1239,0.1258
npu,combination_407,yolo11s,cpu,44.928,0.0394,0.0394,0.0413
npu,combination_407,yolo11m,cpu,18.106,0.0525,0.0525,0.0471
npu,combination_407,yolo11l,cpu,13.968,0.0494,0.0494,0.0468
npu,combination_407,yolo11x,npu,14.130,0.8309,0.8309,0.7780
npu,combination_379,mobilenet_v2,npu,907.441,0.0642,0.0642,0.0614
npu,combination_379,resnet50,npu,235.998,0.2442,0.2442,0.2258
npu,combination_379,yolo11s,cpu,44.928,0.1162,0.1162,0.1281
npu,combination_379,yolo11m,npu,27.159,0.7357,0.7357,0.7235
npu,combination_379,yolo11l,npu,20.952,0.8119,0.8119,0.8340
npu,combination_379,yolo11x,npu,10.598,0.9162,0.9162,0.9302
npu,combination_392,mobilenet_v2,npu,907.441,0.0501,0.0501,0.0520
npu,combination_392,resnet50,cpu,157.332,0.3742,0.3742,0.3767
npu,combination_392,yolo11s,npu,67.392,0.2891,0.2891,0.3280
npu,combination_392,yolo11m,npu,27.159,0.6326,0.6326,0.6701
npu,combination_392,yolo11l,npu,20.952,0.7522,0.7522,0.7921
npu,combination_392,yolo11x,npu,10.598,0.9568,0.9568,0.9077
npu,combination_376,mobilenet_v2,cpu,814.332,0.0335,0.0335,0.0322
npu,combination_376,resnet50,cpu,157.332,0.0257,0.0257,0.0277
npu,combination_376,yolo11s,npu,67.392,0.2181,0.2181,0.2299
npu,combination_376,yolo11m,cpu,18.106,0.0403,0.0403,0.0406
npu,combination_376,yolo11l,cpu,13.968,0.0351,0.0351,0.0398
npu,combination_376,yolo11x,npu,10.598,0.8511,0.8511,0.7956
npu,combination_372,mobilenet_v2,cpu,814.332,0.0508,0.0508,0.0510
npu,combination_372,resnet50,cpu,157.332,0.0472,0.0472,0.0487
npu,combination_372,yolo11s,npu,44.928,0.4011,0.4011,0.4273
npu,combination_372,yolo11m,cpu,18.106,0.0701,0.0701,0.0732
npu,combination_372,yolo11l,npu,13.968,0.8562,0.8562,0.8374
npu,combination_372,yolo11x,npu,7.065,0.9045,0.9045,0.8431
npu,combination_374,mobilenet_v2,npu,907.441,0.0560,0.0560,0.0281
npu,combination_374,resnet50,npu,235.998,0.2114,0.2114,0.1933
npu,combination_374,yolo11s,npu,67.392,0.3969,0.3969,0.4024
npu,combination_374,yolo11m,npu,27.159,0.6495,0.6495,0.6798
npu,combination_374,yolo11l,npu,20.952,0.7627,0.7627,0.8028
npu,combination_374,yolo11x,npu,10.598,0.9794,0.9794,0.9297
npu,combination_358,mobilenet_v2,npu,814.332,0.0501,0.0501,0.0664
npu,combination_358,resnet50,npu,157.332,0.2404,0.2404,0.2913
npu,combination_358,yolo11s,cpu,44.928,0.0296,0.0296,0.0361
npu,combination_358,yolo11m,cpu,18.106,0.0409,0.0409,0.0442
npu,combination_358,yolo11l,cpu,13.968,0.0358,0.0358,0.0428
npu,combination_358,yolo11x,cpu,7.065,0.0453,0.0453,0.0694
npu,combination_378,mobilenet_v2,npu,907.441,0.0535,0.0535,0.0529
npu,combination_378,resnet50,npu,235.998,0.2039,0.2039,0.2083
npu,combination_378,yolo11s,cpu,44.928,0.0568,0.0568,0.0623
npu,combination_378,yolo11m,npu,27.159,0.6572,0.6572,0.6504
npu,combination_378,yolo11l,cpu,13.968,0.0680,0.0680,0.0710
npu,combination_378,yolo11x,npu,10.598,0.8785,0.8785,0.8706
npu,combination_364,mobilenet_v2,cpu,814.332,0.0337,0.0337,0.0387
npu,combination_364,resnet50,cpu,157.332,0.0266,0.0266,0.0352
npu,combination_364,yolo11s,cpu,44.928,0.0309,0.0309,0.0386
npu,combination_364,yolo11m,npu,18.106,0.7445,0.7445,0.7061
npu,combination_364,yolo11l,cpu,13.968,0.0379,0.0379,0.0447
npu,combination_364,yolo11x,cpu,7.065,0.0410,0.0410,0.0788
npu,combination_521,mobilenet_v2,npu,907.441,0.0610,0.0610,0.0538
npu,combination_521,resnet50,npu,314.664,0.1709,0.1709,0.1962
npu,combination_521,yolo11n,cpu,85.222,0.0495,0.0495,0.0472
npu,combination_521,yolo11s,cpu,44.928,0.0450,0.0450,0.0475
npu,combination_521,yolo11m,cpu,18.106,0.0508,0.0508,0.0549
npu,combination_521,yolo11l,cpu,13.968,0.0523,0.0523,0.0546
npu,combination_521,yolo11x,npu,14.130,0.8309,0.8309,0.8237
npu,combination_536,mobilenet_v2,npu,907.441,0.1024,0.1024,0.0809
npu,combination_536,resnet50,npu,314.664,0.2945,0.2945,0.2913
npu,combination_536,yolo11n,cpu,85.222,0.3508,0.3508,0.3853
npu,combination_536,yolo11s,npu,89.856,0.3887,0.3887,0.4243
npu,combination_536,yolo11m,npu,36.212,0.8668,0.8668,0.6248
npu,combination_536,yolo11l,npu,27.936,0.8906,0.8906,0.7019
npu,combination_536,yolo11x,npu,14.130,0.9236,0.9236,0.8996
npu,combination_511,mobilenet_v2,npu,907.441,0.0766,0.0766,0.0773
npu,combination_511,resnet50,npu,235.998,0.2946,0.2946,0.2935
npu,combination_511,yolo11n,npu,127.833,0.2431,0.2431,0.3211
npu,combination_511,yolo11s,cpu,44.928,0.0897,0.0897,0.1114
npu,combination_511,yolo11m,npu,27.159,0.8388,0.8388,0.7167
npu,combination_511,yolo11l,npu,20.952,0.8567,0.8567,0.8252
npu,combination_511,yolo11x,cpu,7.065,0.1373,0.1373,0.1409
npu,combination_481,mobilenet_v2,cpu,814.332,0.0748,0.0748,0.0746
npu,combination_481,resnet50,cpu,157.332,0.0947,0.0947,0.0774
npu,combination_481,yolo11n,npu,85.222,0.3649,0.3649,0.3791
npu,combination_481,yolo11s,npu,44.928,0.6744,0.6744,0.6409
npu,combination_481,yolo11m,npu,18.106,0.8666,0.8666,0.8940
npu,combination_481,yolo11l,npu,13.968,0.8842,0.8842,0.9142
npu,combination_481,yolo11x,npu,7.065,0.9271,0.9271,0.9182
npu,combination_488,mobilenet_v2,npu,814.332,0.1190,0.1190,0.1118
npu,combination_488,resnet50,npu,157.332,0.5744,0.5744,0.5297
npu,combination_488,yolo11n,cpu,85.222,0.3905,0.3905,0.4098
npu,combination_488,yolo11s,npu,44.928,0.8449,0.8449,0.7518
npu,combination_488,yolo11m,npu,18.106,0.9262,0.9262,0.9141
npu,combination_488,yolo11l,npu,13.968,0.9386,0.9386,0.9357
npu,combination_488,yolo11x,npu,7.065,0.9866,0.9866,0.9410
npu,combination_514,mobilenet_v2,cpu,814.332,0.0312,0.0312,0.0365
npu,combination_514,resnet50,npu,235.998,0.1888,0.1888,0.2134
npu,combination_514,yolo11n,npu,127.833,0.1426,0.1426,0.2430
npu,combination_514,yolo11s,cpu,44.928,0.0338,0.0338,0.0414
npu,combination_514,yolo11m,cpu,18.106,0.0409,0.0409,0.0449
npu,combination_514,yolo11l,cpu,13.968,0.0336,0.0336,0.0438
npu,combination_514,yolo11x,cpu,7.065,0.0481,0.0481,0.0496
npu,combination_504,mobilenet_v2,npu,907.441,0.0681,0.0681,0.0733
npu,combination_504,resnet50,npu,235.998,0.2574,0.2574,0.2693
npu,combination_504,yolo11n,cpu,85.222,0.0662,0.0662,0.0627
npu,combination_504,yolo11s,cpu,44.928,0.0612,0.0612,0.0626
npu,combination_504,yolo11m,cpu,18.106,0.0773,0.0773,0.0680
npu,combination_504,yolo11l,npu,20.952,0.8076,0.8076,0.7577
npu,combination_504,yolo11x,npu,10.598,0.8568,0.8568,0.8451
npu,combination_528,mobilenet_v2,npu,907.441,0.0695,0.0695,0.0679
npu,combination_528,resnet50,npu,314.664,0.1971,0.1971,0.2086
npu,combination_528,yolo11n,cpu,85.222,0.0703,0.0703,0.0633
npu,combination_528,yolo11s,cpu,44.928,0.0623,0.0623,0.0646
npu,combination_528,yolo11m,cpu,18.106,0.0685,0.0685,0.0725
npu,combination_528,yolo11l,npu,27.936,0.7127,0.7127,0.5701
npu,combination_528,yolo11x,npu,14.130,0.8323,0.8323,0.8333
npu,combination_539,mobilenet_v2,cpu,814.332,0.0371,0.0371,0.0400
npu,combination_539,resnet50,npu,314.664,0.1409,0.1409,0.1929
npu,combination_539,yolo11n,npu,170.444,0.1205,0.1205,0.1809
npu,combination_539,yolo11s,cpu,44.928,0.0421,0.0421,0.0469
npu,combination_539,yolo11m,npu,36.212,0.5379,0.5379,0.4427
npu,combination_539,yolo11l,cpu,13.968,0.0508,0.0508,0.0521
npu,combination_539,yolo11x,cpu,7.065,0.0637,0.0637,0.0581
npu,combination_469,mobilenet_v2,cpu,814.332,0.0237,0.0237,0.0321
npu,combination_469,resnet50,cpu,157.332,0.0199,0.0199,0.0213
npu,combination_469,yolo11n,cpu,85.222,0.0277,0.0277,0.0346
npu,combination_469,yolo11s,cpu,44.928,0.0238,0.0238,0.0314
npu,combination_469,yolo11m,cpu,18.106,0.0293,0.0293,0.0425
npu,combination_469,yolo11l,cpu,13.968,0.0286,0.0286,0.0497
npu,combination_469,yolo11x,cpu,7.065,0.0354,0.0354,0.0732
npu,combination_529,mobilenet_v2,cpu,814.332,0.0685,0.0685,0.0770
npu,combination_529,resnet50,cpu,157.332,0.0960,0.0960,0.0814
npu,combination_529,yolo11n,npu,170.444,0.1670,0.1670,0.2064
npu,combination_529,yolo11s,npu,89.856,0.3207,0.3207,0.3491
npu,combination_529,yolo11m,npu,36.212,0.6965,0.6965,0.5516
npu,combination_529,yolo11l,npu,27.936,0.8147,0.8147,0.6242
npu,combination_529,yolo11x,npu,14.130,0.8577,0.8577,0.8631
npu,combination_485,mobilenet_v2,cpu,814.332,0.0385,0.0385,0.0407
npu,combination_485,resnet50,cpu,157.332,0.0365,0.0365,0.0362
npu,combination_485,yolo11n,cpu,85.222,0.0520,0.0520,0.0508
npu,combination_485,yolo11s,npu,44.928,0.4503,0.4503,0.4914
npu,combination_485,yolo11m,npu,18.106,0.7981,0.7981,0.8459
npu,combination_485,yolo11l,cpu,13.968,0.0515,0.0515,0.0537
npu,combination_485,yolo11x,npu,7.065,0.8747,0.8747,0.8979
npu,combination_537,mobilenet_v2,cpu,814.332,0.0336,0.0336,0.0331
npu,combination_537,resnet50,npu,314.664,0.1317,0.1317,0.2223
npu,combination_537,yolo11n,cpu,85.222,0.0360,0.0360,0.0380
npu,combination_537,yolo11s,cpu,44.928,0.0272,0.0272,0.0351
npu,combination_537,yolo11m,cpu,18.106,0.0265,0.0265,0.0376
npu,combination_537,yolo11l,cpu,13.968,0.0351,0.0351,0.0369
npu,combination_537,yolo11x,cpu,7.065,0.0368,0.0368,0.0417
npu,combination_533,mobilenet_v2,cpu,814.332,0.0372,0.0372,0.0403
npu,combination_533,resnet50,cpu,157.332,0.0372,0.0372,0.0359
npu,combination_533,yolo11n,cpu,85.222,0.0507,0.0507,0.0474
npu,combination_533,yolo11s,npu,89.856,0.2301,0.2301,0.3045
npu,combination_533,yolo11m,npu,36.212,0.5763,0.5763,0.4464
npu,combination_533,yolo11l,cpu,13.968,0.0473,0.0473,0.0530
npu,combination_533,yolo11x,npu,14.130,0.7983,0.7983,0.8248
npu,combination_474,mobilenet_v2,cpu,814.332,0.0540,0.0540,0.0521
npu,combination_474,resnet50,npu,157.332,0.3894,0.3894,0.3697
npu,combination_474,yolo11n,cpu,85.222,0.0685,0.0685,0.0690
npu,combination_474,yolo11s,npu,44.928,0.5019,0.5019,0.5509
npu,combination_474,yolo11m,npu,18.106,0.8213,0.8213,0.8451
npu,combination_474,yolo11l,cpu,13.968,0.0730,0.0730,0.0740
npu,combination_474,yolo11x,npu,7.065,0.8917,0.8917,0.8688
npu,combination_500,mobilenet_v2,npu,907.441,0.1041,0.1041,0.0828
npu,combination_500,resnet50,cpu,157.332,0.2977,0.2977,0.3635
npu,combination_500,yolo11n,npu,127.833,0.2893,0.2893,0.3970
npu,combination_500,yolo11s,npu,67.392,0.5192,0.5192,0.4788
npu,combination_500,yolo11m,npu,27.159,0.8980,0.8980,0.7703
npu,combination_500,yolo11l,npu,20.952,0.9121,0.9121,0.8375
npu,combination_500,yolo11x,npu,10.598,0.9455,0.9455,0.9121
npu,combination_473,mobilenet_v2,npu,814.332,0.0673,0.0673,0.0826
npu,combination_473,resnet50,npu,157.332,0.3357,0.3357,0.3710
npu,combination_473,yolo11n,cpu,85.222,0.0508,0.0508,0.0496
npu,combination_473,yolo11s,cpu,44.928,0.0461,0.0461,0.0469
npu,combination_473,yolo11m,cpu,18.106,0.0536,0.0536,0.0530
npu,combination_473,yolo11l,cpu,13.968,0.0422,0.0422,0.0521
npu,combination_473,yolo11x,npu,7.065,0.8818,0.8818,0.8820
npu,combination_483,mobilenet_v2,cpu,814.332,0.0316,0.0316,0.0327
npu,combination_483,resnet50,cpu,157.332,0.0224,0.0224,0.0293
npu,combination_483,yolo11n,cpu,85.222,0.0346,0.0346,0.0377
npu,combination_483,yolo11s,cpu,44.928,0.0263,0.0263,0.0366
npu,combination_483,yolo11m,npu,18.106,0.8053,0.8053,0.7248
npu,combination_483,yolo11l,cpu,13.968,0.0272,0.0272,0.0381
npu,combination_483,yolo11x,cpu,7.065,0.0410,0.0410,0.0699
npu,combination_491,mobilenet_v2,cpu,814.332,0.0437,0.0437,0.0410
npu,combination_491,resnet50,npu,157.332,0.2812,0.2812,0.3572
npu,combination_491,yolo11n,npu,85.222,0.2821,0.2821,0.2739
npu,combination_491,yolo11s,cpu,44.928,0.0321,0.0321,0.0482
npu,combination_491,yolo11m,npu,18.106,0.7428,0.7428,0.8313
npu,combination_491,yolo11l,cpu,13.968,0.0515,0.0515,0.0530
npu,combination_491,yolo11x,cpu,7.065,0.0637,0.0637,0.0908
npu,combination_497,mobilenet_v2,npu,907.441,0.0581,0.0581,0.0675
npu,combination_497,resnet50,npu,235.998,0.2080,0.2080,0.2476
npu,combination_497,yolo11n,cpu,85.222,0.0510,0.0510,0.0477
npu,combination_497,yolo11s,cpu,44.928,0.0432,0.0432,0.0475
npu,combination_497,yolo11m,cpu,18.106,0.0536,0.0536,0.0515
npu,combination_497,yolo11l,cpu,13.968,0.0480,0.0480,0.0500
npu,combination_497,yolo11x,npu,10.598,0.8152,0.8152,0.8379
npu,combination_480,mobilenet_v2,npu,814.332,0.0764,0.0764,0.0805
npu,combination_480,resnet50,npu,157.332,0.3812,0.3812,0.3958
npu,combination_480,yolo11n,cpu,85.222,0.0710,0.0710,0.0691
npu,combination_480,yolo11s,cpu,44.928,0.0603,0.0603,0.0650
npu,combination_480,yolo11m,cpu,18.106,0.0746,0.0746,0.0723
npu,combination_480,yolo11l,npu,13.968,0.8570,0.8570,0.8696
npu,combination_480,yolo11x,npu,7.065,0.9030,0.9030,0.8739
npu,combination_505,mobilenet_v2,cpu,814.332,0.0700,0.0700,0.0755
npu,combination_505,resnet50,cpu,157.332,0.0993,0.0993,0.0789
npu,combination_505,yolo11n,npu,127.833,0.2219,0.2219,0.2983
npu,combination_505,yolo11s,npu,67.392,0.4125,0.4125,0.4229
npu,combination_505,yolo11m,npu,27.159,0.8428,0.8428,0.6947
npu,combination_505,yolo11l,npu,20.952,0.8591,0.8591,0.8052
npu,combination_505,yolo11x,npu,10.598,0.9011,0.9011,0.8787
npu,combination_531,mobilenet_v2,cpu,814.332,0.0285,0.0285,0.0328
npu,combination_531,resnet50,cpu,157.332,0.0219,0.0219,0.0282
npu,combination_531,yolo11n,cpu,85.222,0.0325,0.0325,0.0375
npu,combination_531,yolo11s,cpu,44.928,0.0274,0.0274,0.0349
npu,combination_531,yolo11m,npu,36.212,0.3159,0.3159,0.3909
npu,combination_531,yolo11l,cpu,13.968,0.0322,0.0322,0.0365
npu,combination_531,yolo11x,cpu,7.065,0.0382,0.0382,0.0400
npu,combination_518,mobilenet_v2,npu,907.441,0.1444,0.1444,0.1207
npu,combination_518,resnet50,npu,314.664,0.3892,0.3892,0.3908
npu,combination_518,yolo11n,npu,170.444,0.3280,0.3280,0.4223
npu,combination_518,yolo11s,npu,89.856,0.6023,0.6023,0.7150
npu,combination_518,yolo11m,npu,36.212,0.9306,0.9306,0.7838
npu,combination_518,yolo11l,npu,27.936,0.9418,0.9418,0.8168
npu,combination_518,yolo11x,npu,14.130,0.9710,0.9710,0.9633
npu,combination_493,mobilenet_v2,cpu,814.332,0.0204,0.0204,0.0321
npu,combination_493,resnet50,cpu,157.332,0.0200,0.0200,0.0221
npu,combination_493,yolo11n,cpu,85.222,0.0292,0.0292,0.0338
npu,combination_493,yolo11s,cpu,44.928,0.0247,0.0247,0.0332
npu,combination_493,yolo11m,cpu,18.106,0.0287,0.0287,0.0331
npu,combination_493,yolo11l,cpu,13.968,0.0286,0.0286,0.0344
npu,combination_493,yolo11x,cpu,7.065,0.0354,0.0354,0.0453
npu,combination_534,mobilenet_v2,npu,907.441,0.0643,0.0643,0.0708
npu,combination_534,resnet50,npu,314.664,0.1843,0.1843,0.2130
npu,combination_534,yolo11n,npu,170.444,0.1374,0.1374,0.2036
npu,combination_534,yolo11s,cpu,44.928,0.0612,0.0612,0.0653
npu,combination_534,yolo11m,cpu,18.106,0.0729,0.0729,0.0728
npu,combination_534,yolo11l,npu,27.936,0.7249,0.7249,0.5821
npu,combination_534,yolo11x,cpu,7.065,0.0778,0.0778,0.0835
npu,combination_519,mobilenet_v2,cpu,814.332,0.0291,0.0291,0.0325
npu,combination_519,resnet50,cpu,157.332,0.0207,0.0207,0.0279
npu,combination_519,yolo11n,cpu,85.222,0.0314,0.0314,0.0375
npu,combination_519,yolo11s,cpu,44.928,0.0289,0.0289,0.0349
npu,combination_519,yolo11m,cpu,18.106,0.0315,0.0315,0.0375
npu,combination_519,yolo11l,npu,27.936,0.4188,0.4188,0.4511
npu,combination_519,yolo11x,cpu,7.065,0.0410,0.0410,0.0400
npu,combination_515,mobilenet_v2,cpu,814.332,0.0425,0.0425,0.0402
npu,combination_515,resnet50,npu,235.998,0.2150,0.2150,0.2383
npu,combination_515,yolo11n,npu,127.833,0.1655,0.1655,0.2639
npu,combination_515,yolo11s,cpu,44.928,0.0425,0.0425,0.0485
npu,combination_515,yolo11m,npu,27.159,0.6760,0.6760,0.6227
npu,combination_515,yolo11l,cpu,13.968,0.0444,0.0444,0.0522
npu,combination_515,yolo11x,cpu,7.065,0.0552,0.0552,0.0605
npu,combination_532,mobilenet_v2,cpu,814.332,0.0327,0.0327,0.0365
npu,combination_532,resnet50,npu,314.664,0.1454,0.1454,0.1949
npu,combination_532,yolo11n,cpu,85.222,0.0395,0.0395,0.0422
npu,combination_532,yolo11s,cpu,44.928,0.0334,0.0334,0.0402
npu,combination_532,yolo11m,cpu,18.106,0.0403,0.0403,0.0450
npu,combination_532,yolo11l,cpu,13.968,0.0394,0.0394,0.0432
npu,combination_532,yolo11x,npu,14.130,0.7742,0.7742,0.7683
npu,combination_501,mobilenet_v2,npu,907.441,0.0464,0.0464,0.0542
npu,combination_501,resnet50,cpu,157.332,0.0233,0.0233,0.0282
npu,combination_501,yolo11n,cpu,85.222,0.0337,0.0337,0.0348
npu,combination_501,yolo11s,cpu,44.928,0.0256,0.0256,0.0341
npu,combination_501,yolo11m,cpu,18.106,0.0342,0.0342,0.0349
npu,combination_501,yolo11l,cpu,13.968,0.0301,0.0301,0.0347
npu,combination_501,yolo11x,cpu,7.065,0.0396,0.0396,0.0427
npu,combination_526,mobilenet_v2,cpu,814.332,0.0355,0.0355,0.0365
npu,combination_526,resnet50,cpu,157.332,0.0238,0.0238,0.0308
npu,combination_526,yolo11n,npu,170.444,0.1132,0.1132,0.1708
npu,combination_526,yolo11s,cpu,44.928,0.0345,0.0345,0.0402
npu,combination_526,yolo11m,cpu,18.106,0.0398,0.0398,0.0450
npu,combination_526,yolo11l,cpu,13.968,0.0430,0.0430,0.0432
npu,combination_526,yolo11x,npu,14.130,0.8160,0.8160,0.7712
npu,combination_506,mobilenet_v2,cpu,814.332,0.1134,0.1134,0.1093
npu,combination_506,resnet50,npu,235.998,0.3839,0.3839,0.3454
npu,combination_506,yolo11n,npu,127.833,0.2608,0.2608,0.3757
npu,combination_506,yolo11s,npu,67.392,0.4831,0.4831,0.4455
npu,combination_506,yolo11m,npu,27.159,0.9179,0.9179,0.7547
npu,combination_506,yolo11l,npu,20.952,0.9364,0.9364,0.8261
npu,combination_506,yolo11x,npu,10.598,0.9521,0.9521,0.9053
npu,combination_535,mobilenet_v2,npu,907.441,0.0755,0.0755,0.0720
npu,combination_535,resnet50,npu,314.664,0.2173,0.2173,0.2237
npu,combination_535,yolo11n,npu,170.444,0.1710,0.1710,0.2107
npu,combination_535,yolo11s,cpu,44.928,0.0926,0.0926,0.1118
npu,combination_535,yolo11m,npu,36.212,0.6995,0.6995,0.5899
npu,combination_535,yolo11l,npu,27.936,0.8265,0.8265,0.6603
npu,combination_535,yolo11x,cpu,7.065,0.1345,0.1345,0.1460
npu,combination_524,mobilenet_v2,npu,907.441,0.1010,0.1010,0.0759
npu,combination_524,resnet50,cpu,157.332,0.2799,0.2799,0.3562
npu,combination_524,yolo11n,npu,170.444,0.2112,0.2112,0.2800
npu,combination_524,yolo11s,npu,89.856,0.3659,0.3659,0.4180
npu,combination_524,yolo11m,npu,36.212,0.8655,0.8655,0.6196
npu,combination_524,yolo11l,npu,27.936,0.8928,0.8928,0.6918
npu,combination_524,yolo11x,npu,14.130,0.9236,0.9236,0.9003
npu,combination_470,mobilenet_v2,npu,814.332,0.1668,0.1668,0.1531
npu,combination_470,resnet50,npu,157.332,0.7501,0.7501,0.7425
npu,combination_470,yolo11n,npu,85.222,0.8035,0.8035,0.7840
npu,combination_470,yolo11s,npu,44.928,0.9255,0.9255,0.8288
npu,combination_470,yolo11m,npu,18.106,0.9665,0.9665,0.9445
npu,combination_470,yolo11l,npu,13.968,0.9744,0.9744,0.9740
npu,combination_470,yolo11x,npu,7.065,0.9922,0.9922,0.9769
npu,combination_476,mobilenet_v2,npu,814.332,0.1150,0.1150,0.1118
npu,combination_476,resnet50,cpu,157.332,0.3125,0.3125,0.3521
npu,combination_476,yolo11n,npu,85.222,0.4467,0.4467,0.4699
npu,combination_476,yolo11s,npu,44.928,0.8024,0.8024,0.7529
npu,combination_476,yolo11m,npu,18.106,0.9212,0.9212,0.9128
npu,combination_476,yolo11l,npu,13.968,0.9357,0.9357,0.9352
npu,combination_476,yolo11x,npu,7.065,0.9809,0.9809,0.9406
npu,combination_520,mobilenet_v2,npu,907.441,0.0531,0.0531,0.0649
npu,combination_520,resnet50,cpu,157.332,0.0275,0.0275,0.0330
npu,combination_520,yolo11n,npu,170.444,0.1102,0.1102,0.1809
npu,combination_520,yolo11s,cpu,44.928,0.0325,0.0325,0.0434
npu,combination_520,yolo11m,cpu,18.106,0.0381,0.0381,0.0467
npu,combination_520,yolo11l,cpu,13.968,0.0401,0.0401,0.0456
npu,combination_520,yolo11x,cpu,7.065,0.0410,0.0410,0.0475
npu,combination_479,mobilenet_v2,cpu,814.332,0.0424,0.0424,0.0410
npu,combination_479,resnet50,npu,157.332,0.2820,0.2820,0.3482
npu,combination_479,yolo11n,npu,85.222,0.2319,0.2319,0.2752
npu,combination_479,yolo11s,npu,44.928,0.3722,0.3722,0.4817
npu,combination_479,yolo11m,cpu,18.106,0.0519,0.0519,0.0546
npu,combination_479,yolo11l,cpu,13.968,0.0501,0.0501,0.0530
npu,combination_479,yolo11x,cpu,7.065,0.0609,0.0609,0.0908
npu,combination_472,mobilenet_v2,npu,814.332,0.0566,0.0566,0.0761
npu,combination_472,resnet50,cpu,157.332,0.0270,0.0270,0.0261
npu,combination_472,yolo11n,npu,85.222,0.2099,0.2099,0.2672
npu,combination_472,yolo11s,cpu,44.928,0.0334,0.0334,0.0388
npu,combination_472,yolo11m,cpu,18.106,0.0348,0.0348,0.0433
npu,combination_472,yolo11l,cpu,13.968,0.0394,0.0394,0.0425
npu,combination_472,yolo11x,cpu,7.065,0.0467,0.0467,0.0722
npu,combination_503,mobilenet_v2,cpu,814.332,0.0390,0.0390,0.0402
npu,combination_503,resnet50,npu,235.998,0.2198,0.2198,0.2382
npu,combination_503,yolo11n,npu,127.833,0.1545,0.1545,0.2669
npu,combination_503,yolo11s,npu,67.392,0.3339,0.3339,0.3198
npu,combination_503,yolo11m,cpu,18.106,0.0492,0.0492,0.0537
npu,combination_503,yolo11l,cpu,13.968,0.0494,0.0494,0.0522
npu,combination_503,yolo11x,cpu,7.065,0.0623,0.0623,0.0605
npu,combination_522,mobilenet_v2,cpu,814.332,0.0473,0.0473,0.0512
npu,combination_522,resnet50,npu,314.664,0.1815,0.1815,0.2082
npu,combination_522,yolo11n,cpu,85.222,0.0624,0.0624,0.0635
npu,combination_522,yolo11s,npu,89.856,0.2530,0.2530,0.3477
npu,combination_522,yolo11m,npu,36.212,0.6550,0.6550,0.4871
npu,combination_522,yolo11l,cpu,13.968,0.0780,0.0780,0.0698
npu,combination_522,yolo11x,npu,14.130,0.8033,0.8033,0.8334
npu,combination_487,mobilenet_v2,npu,814.332,0.0895,0.0895,0.1030
npu,combination_487,resnet50,npu,157.332,0.4448,0.4448,0.4898
npu,combination_487,yolo11n,npu,85.222,0.3415,0.3415,0.4387
npu,combination_487,yolo11s,cpu,44.928,0.0935,0.0935,0.1063
npu,combination_487,yolo11m,npu,18.106,0.8644,0.8644,0.8999
npu,combination_487,yolo11l,npu,13.968,0.8842,0.8842,0.9160
npu,combination_487,yolo11x,cpu,7.065,0.1458,0.1458,0.1471
npu,combination_517,mobilenet_v2,cpu,814.332,0.0267,0.0267,0.0311
npu,combination_517,resnet50,cpu,157.332,0.0179,0.0179,0.0181
npu,combination_517,yolo11n,cpu,85.222,0.0293,0.0293,0.0336
npu,combination_517,yolo11s,cpu,44.928,0.0240,0.0240,0.0325
npu,combination_517,yolo11m,cpu,18.106,0.0298,0.0298,0.0303
npu,combination_517,yolo11l,cpu,13.968,0.0279,0.0279,0.0330
npu,combination_517,yolo11x,cpu,7.065,0.0354,0.0354,0.0448
npu,combination_490,mobilenet_v2,cpu,814.332,0.0343,0.0343,0.0351
npu,combination_490,resnet50,npu,157.332,0.3189,0.3189,0.3470
npu,combination_490,yolo11n,npu,85.222,0.2227,0.2227,0.2590
npu,combination_490,yolo11s,cpu,44.928,0.0352,0.0352,0.0395
npu,combination_490,yolo11m,cpu,18.106,0.0409,0.0409,0.0440
npu,combination_490,yolo11l,cpu,13.968,0.0379,0.0379,0.0430
npu,combination_490,yolo11x,cpu,7.065,0.0410,0.0410,0.0727
npu,combination_495,mobilenet_v2,cpu,814.332,0.0252,0.0252,0.0324
npu,combination_495,resnet50,cpu,157.332,0.0233,0.0233,0.0284
npu,combination_495,yolo11n,cpu,85.222,0.0348,0.0348,0.0362
npu,combination_495,yolo11s,cpu,44.928,0.0285,0.0285,0.0356
npu,combination_495,yolo11m,cpu,18.106,0.0342,0.0342,0.0377
npu,combination_495,yolo11l,npu,20.952,0.6061,0.6061,0.6354
npu,combination_495,yolo11x,cpu,7.065,0.0326,0.0326,0.0422
npu,combination_486,mobilenet_v2,npu,814.332,0.0678,0.0678,0.0984
npu,combination_486,resnet50,npu,157.332,0.3456,0.3456,0.3951
npu,combination_486,yolo11n,npu,85.222,0.3203,0.3203,0.3266
npu,combination_486,yolo11s,cpu,44.928,0.0588,0.0588,0.0645
npu,combination_486,yolo11m,cpu,18.106,0.0712,0.0712,0.0715
npu,combination_486,yolo11l,npu,13.968,0.8383,0.8383,0.8672
npu,combination_486,yolo11x,cpu,7.065,0.0793,0.0793,0.1081
npu,combination_540,mobilenet_v2,npu,907.441,0.0654,0.0654,0.0710
npu,combination_540,resnet50,cpu,157.332,0.0452,0.0452,0.0505
npu,combination_540,yolo11n,npu,170.444,0.1418,0.1418,0.2042
npu,combination_540,yolo11s,cpu,44.928,0.0539,0.0539,0.0646
npu,combination_540,yolo11m,npu,36.212,0.6249,0.6249,0.4988
npu,combination_540,yolo11l,npu,27.936,0.7202,0.7202,0.5811
npu,combination_540,yolo11x,cpu,7.065,0.0878,0.0878,0.0831
npu,combination_475,mobilenet_v2,npu,814.332,0.0911,0.0911,0.0930
npu,combination_475,resnet50,cpu,157.332,0.0789,0.0789,0.0741
npu,combination_475,yolo11n,cpu,85.222,0.1324,0.1324,0.1121
npu,combination_475,yolo11s,npu,44.928,0.6412,0.6412,0.6532
npu,combination_475,yolo11m,npu,18.106,0.8715,0.8715,0.8950
npu,combination_475,yolo11l,npu,13.968,0.8863,0.8863,0.9149
npu,combination_475,yolo11x,npu,7.065,0.9257,0.9257,0.9189
npu,combination_513,mobilenet_v2,cpu,814.332,0.0281,0.0281,0.0326
npu,combination_513,resnet50,npu,235.998,0.1717,0.1717,0.2346
npu,combination_513,yolo11n,cpu,85.222,0.0305,0.0305,0.0363
npu,combination_513,yolo11s,cpu,44.928,0.0278,0.0278,0.0356
npu,combination_513,yolo11m,cpu,18.106,0.0342,0.0342,0.0376
npu,combination_513,yolo11l,cpu,13.968,0.0329,0.0329,0.0369
npu,combination_513,yolo11x,cpu,7.065,0.0396,0.0396,0.0425
npu,combination_516,mobilenet_v2,npu,907.441,0.0718,0.0718,0.0733
npu,combination_516,resnet50,cpu,157.332,0.0482,0.0482,0.0536
npu,combination_516,yolo11n,npu,127.833,0.2039,0.2039,0.2925
npu,combination_516,yolo11s,cpu,44.928,0.0503,0.0503,0.0680
npu,combination_516,yolo11m,npu,27.159,0.7526,0.7526,0.6800
npu,combination_516,yolo11l,npu,20.952,0.7971,0.7971,0.7577
npu,combination_516,yolo11x,cpu,7.065,0.0906,0.0906,0.0860
npu,combination_508,mobilenet_v2,cpu,814.332,0.0336,0.0336,0.0366
npu,combination_508,resnet50,npu,235.998,0.1964,0.1964,0.2187
npu,combination_508,yolo11n,cpu,85.222,0.0390,0.0390,0.0416
npu,combination_508,yolo11s,cpu,44.928,0.0336,0.0336,0.0415
npu,combination_508,yolo11m,cpu,18.106,0.0409,0.0409,0.0450
npu,combination_508,yolo11l,cpu,13.968,0.0394,0.0394,0.0439
npu,combination_508,yolo11x,npu,10.598,0.8228,0.8228,0.8057
npu,combination_530,mobilenet_v2,cpu,814.332,0.1120,0.1120,0.1097
npu,combination_530,resnet50,npu,314.664,0.2864,0.2864,0.2855
npu,combination_530,yolo11n,npu,170.444,0.1892,0.1892,0.2800
npu,combination_530,yolo11s,npu,89.856,0.3562,0.3562,0.4137
npu,combination_530,yolo11m,npu,36.212,0.7981,0.7981,0.5929
npu,combination_530,yolo11l,npu,27.936,0.9103,0.9103,0.6693
npu,combination_530,yolo11x,npu,14.130,0.9427,0.9427,0.8882
npu,combination_507,mobilenet_v2,cpu,814.332,0.0285,0.0285,0.0324
npu,combination_507,resnet50,cpu,157.332,0.0168,0.0168,0.0284
npu,combination_507,yolo11n,cpu,85.222,0.0340,0.0340,0.0362
npu,combination_507,yolo11s,cpu,44.928,0.0280,0.0280,0.0356
npu,combination_507,yolo11m,npu,27.159,0.4536,0.4536,0.5457
npu,combination_507,yolo11l,cpu,13.968,0.0336,0.0336,0.0367
npu,combination_507,yolo11x,cpu,7.065,0.0410,0.0410,0.0422
npu,combination_482,mobilenet_v2,cpu,814.332,0.1184,0.1184,0.1151
npu,combination_482,resnet50,npu,157.332,0.5696,0.5696,0.4986
npu,combination_482,yolo11n,npu,85.222,0.4121,0.4121,0.4324
npu,combination_482,yolo11s,npu,44.928,0.7590,0.7590,0.7339
npu,combination_482,yolo11m,npu,18.106,0.9433,0.9433,0.9163
npu,combination_482,yolo11l,npu,13.968,0.9572,0.9572,0.9403
npu,combination_482,yolo11x,npu,7.065,0.9880,0.9880,0.9457
npu,combination_525,mobilenet_v2,npu,907.441,0.0442,0.0442,0.0518
npu,combination_525,resnet50,cpu,157.332,0.0211,0.0211,0.0284
npu,combination_525,yolo11n,cpu,85.222,0.0323,0.0323,0.0343
npu,combination_525,yolo11s,cpu,44.928,0.0267,0.0267,0.0333
npu,combination_525,yolo11m,cpu,18.106,0.0337,0.0337,0.0347
npu,combination_525,yolo11l,cpu,13.968,0.0315,0.0315,0.0350
npu,combination_525,yolo11x,cpu,7.065,0.0382,0.0382,0.0407
npu,combination_538,mobilenet_v2,cpu,814.332,0.0338,0.0338,0.0369
npu,combination_538,resnet50,npu,314.664,0.1514,0.1514,0.1953
npu,combination_538,yolo11n,npu,170.444,0.1159,0.1159,0.1777
npu,combination_538,yolo11s,cpu,44.928,0.0347,0.0347,0.0408
npu,combination_538,yolo11m,cpu,18.106,0.0414,0.0414,0.0453
npu,combination_538,yolo11l,cpu,13.968,0.0358,0.0358,0.0435
npu,combination_538,yolo11x,cpu,7.065,0.0382,0.0382,0.0474
npu,combination_523,mobilenet_v2,npu,907.441,0.0761,0.0761,0.0729
npu,combination_523,resnet50,cpu,157.332,0.0784,0.0784,0.0820
npu,combination_523,yolo11n,cpu,85.222,0.1141,0.1141,0.1113
npu,combination_523,yolo11s,npu,89.856,0.3478,0.3478,0.3691
npu,combination_523,yolo11m,npu,36.212,0.7003,0.7003,0.5855
npu,combination_523,yolo11l,npu,27.936,0.8255,0.8255,0.6575
npu,combination_523,yolo11x,npu,14.130,0.8648,0.8648,0.8790
npu,combination_502,mobilenet_v2,cpu,814.332,0.0348,0.0348,0.0366
npu,combination_502,resnet50,cpu,157.332,0.0280,0.0280,0.0314
npu,combination_502,yolo11n,npu,127.833,0.1417,0.1417,0.2423
npu,combination_502,yolo11s,cpu,44.928,0.0296,0.0296,0.0415
npu,combination_502,yolo11m,cpu,18.106,0.0409,0.0409,0.0450
npu,combination_502,yolo11l,cpu,13.968,0.0401,0.0401,0.0439
npu,combination_502,yolo11x,npu,10.598,0.8313,0.8313,0.8033
npu,combination_509,mobilenet_v2,cpu,814.332,0.0412,0.0412,0.0401
npu,combination_509,resnet50,cpu,157.332,0.0364,0.0364,0.0362
npu,combination_509,yolo11n,cpu,85.222,0.0503,0.0503,0.0485
npu,combination_509,yolo11s,npu,67.392,0.2825,0.2825,0.3164
npu,combination_509,yolo11m,npu,27.159,0.6278,0.6278,0.6092
npu,combination_509,yolo11l,cpu,13.968,0.0508,0.0508,0.0520
npu,combination_509,yolo11x,npu,10.598,0.8237,0.8237,0.8268
npu,combination_489,mobilenet_v2,cpu,814.332,0.0275,0.0275,0.0328
npu,combination_489,resnet50,npu,157.332,0.2557,0.2557,0.3424
npu,combination_489,yolo11n,cpu,85.222,0.0340,0.0340,0.0378
npu,combination_489,yolo11s,cpu,44.928,0.0292,0.0292,0.0367
npu,combination_489,yolo11m,cpu,18.106,0.0342,0.0342,0.0385
npu,combination_489,yolo11l,cpu,13.968,0.0301,0.0301,0.0379
npu,combination_489,yolo11x,cpu,7.065,0.0396,0.0396,0.0698
npu,combination_477,mobilenet_v2,npu,814.332,0.0474,0.0474,0.0612
npu,combination_477,resnet50,cpu,157.332,0.0224,0.0224,0.0288
npu,combination_477,yolo11n,cpu,85.222,0.0326,0.0326,0.0364
npu,combination_477,yolo11s,cpu,44.928,0.0263,0.0263,0.0351
npu,combination_477,yolo11m,cpu,18.106,0.0331,0.0331,0.0372
npu,combination_477,yolo11l,cpu,13.968,0.0322,0.0322,0.0386
npu,combination_477,yolo11x,cpu,7.065,0.0396,0.0396,0.0683
npu,combination_510,mobilenet_v2,npu,907.441,0.0635,0.0635,0.0746
npu,combination_510,resnet50,npu,235.998,0.2447,0.2447,0.2760
npu,combination_510,yolo11n,npu,127.833,0.1857,0.1857,0.3011
npu,combination_510,yolo11s,cpu,44.928,0.0574,0.0574,0.0688
npu,combination_510,yolo11m,cpu,18.106,0.0718,0.0718,0.0728
npu,combination_510,yolo11l,npu,20.952,0.8076,0.8076,0.7903
npu,combination_510,yolo11x,cpu,7.065,0.0821,0.0821,0.0882
npu,combination_471,mobilenet_v2,cpu,814.332,0.0244,0.0244,0.0390
npu,combination_471,resnet50,cpu,157.332,0.0236,0.0236,0.0416
npu,combination_471,yolo11n,cpu,85.222,0.0339,0.0339,0.0416
npu,combination_471,yolo11s,cpu,44.928,0.0267,0.0267,0.0417
npu,combination_471,yolo11m,cpu,18.106,0.0342,0.0342,0.0483
npu,combination_471,yolo11l,npu,13.968,0.7904,0.7904,0.7842
npu,combination_471,yolo11x,cpu,7.065,0.0410,0.0410,0.0819
npu,combination_527,mobilenet_v2,cpu,814.332,0.0324,0.0324,0.0400
npu,combination_527,resnet50,npu,314.664,0.1444,0.1444,0.1968
npu,combination_527,yolo11n,npu,170.444,0.1314,0.1314,0.1825
npu,combination_527,yolo11s,npu,89.856,0.2152,0.2152,0.3220
npu,combination_527,yolo11m,cpu,18.106,0.0519,0.0519,0.0536
npu,combination_527,yolo11l,cpu,13.968,0.0494,0.0494,0.0520
npu,combination_527,yolo11x,cpu,7.065,0.0623,0.0623,0.0580
npu,combination_499,mobilenet_v2,npu,907.441,0.0815,0.0815,0.0725
npu,combination_499,resnet50,cpu,157.332,0.0851,0.0851,0.0800
npu,combination_499,yolo11n,cpu,85.222,0.1098,0.1098,0.1145
npu,combination_499,yolo11s,npu,67.392,0.4225,0.4225,0.4648
npu,combination_499,yolo11m,npu,27.159,0.8483,0.8483,0.7048
npu,combination_499,yolo11l,npu,20.952,0.8644,0.8644,0.8149
npu,combination_499,yolo11x,npu,10.598,0.9077,0.9077,0.8931
npu,combination_512,mobilenet_v2,npu,907.441,0.1055,0.1055,0.0835
npu,combination_512,resnet50,npu,235.998,0.4055,0.4055,0.3687
npu,combination_512,yolo11n,cpu,85.222,0.3805,0.3805,0.4175
npu,combination_512,yolo11s,npu,67.392,0.5343,0.5343,0.4807
npu,combination_512,yolo11m,npu,27.159,0.8980,0.8980,0.7723
npu,combination_512,yolo11l,npu,20.952,0.9102,0.9102,0.8395
npu,combination_512,yolo11x,npu,10.598,0.9473,0.9473,0.9136
npu,combination_496,mobilenet_v2,npu,907.441,0.0483,0.0483,0.0657
npu,combination_496,resnet50,cpu,157.332,0.0262,0.0262,0.0314
npu,combination_496,yolo11n,npu,127.833,0.1385,0.1385,0.2522
npu,combination_496,yolo11s,cpu,44.928,0.0345,0.0345,0.0411
npu,combination_496,yolo11m,cpu,18.106,0.0409,0.0409,0.0439
npu,combination_496,yolo11l,cpu,13.968,0.0351,0.0351,0.0428
npu,combination_496,yolo11x,cpu,7.065,0.0481,0.0481,0.0481
npu,combination_492,mobilenet_v2,npu,814.332,0.0746,0.0746,0.0942
npu,combination_492,resnet50,cpu,157.332,0.0463,0.0463,0.0476
npu,combination_492,yolo11n,npu,85.222,0.3046,0.3046,0.3243
npu,combination_492,yolo11s,cpu,44.928,0.0554,0.0554,0.0645
npu,combination_492,yolo11m,npu,18.106,0.8494,0.8494,0.8542
npu,combination_492,yolo11l,npu,13.968,0.8670,0.8670,0.8707
npu,combination_492,yolo11x,cpu,7.065,0.0906,0.0906,0.1081
npu,combination_494,mobilenet_v2,npu,907.441,0.1465,0.1465,0.1212
npu,combination_494,resnet50,npu,235.998,0.5632,0.5632,0.4802
npu,combination_494,yolo11n,npu,127.833,0.4841,0.4841,0.5718
npu,combination_494,yolo11s,npu,67.392,0.8905,0.8905,0.7633
npu,combination_494,yolo11m,npu,27.159,0.9514,0.9514,0.8178
npu,combination_494,yolo11l,npu,20.952,0.9574,0.9574,0.8750
npu,combination_494,yolo11x,npu,10.598,0.9775,0.9775,0.9691
npu,combination_478,mobilenet_v2,cpu,814.332,0.0355,0.0355,0.0349
npu,combination_478,resnet50,cpu,157.332,0.0275,0.0275,0.0292
npu,combination_478,yolo11n,npu,85.222,0.2042,0.2042,0.2449
npu,combination_478,yolo11s,cpu,44.928,0.0354,0.0354,0.0395
npu,combination_478,yolo11m,cpu,18.106,0.0409,0.0409,0.0437
npu,combination_478,yolo11l,cpu,13.968,0.0358,0.0358,0.0428
npu,combination_478,yolo11x,npu,7.065,0.8846,0.8846,0.8061
npu,combination_498,mobilenet_v2,cpu,814.332,0.0555,0.0555,0.0534
npu,combination_498,resnet50,npu,235.998,0.2413,0.2413,0.2629
npu,combination_498,yolo11n,cpu,85.222,0.0632,0.0632,0.0682
npu,combination_498,yolo11s,npu,67.392,0.3538,0.3538,0.3486
npu,combination_498,yolo11m,npu,27.159,0.7368,0.7368,0.7075
npu,combination_498,yolo11l,cpu,13.968,0.0745,0.0745,0.0721
npu,combination_498,yolo11x,npu,10.598,0.8162,0.8162,0.8711
npu,combination_484,mobilenet_v2,cpu,814.332,0.0373,0.0373,0.0350
npu,combination_484,resnet50,npu,157.332,0.2820,0.2820,0.3415
npu,combination_484,yolo11n,cpu,85.222,0.0352,0.0352,0.0414
npu,combination_484,yolo11s,cpu,44.928,0.0345,0.0345,0.0396
npu,combination_484,yolo11m,cpu,18.106,0.0420,0.0420,0.0438
npu,combination_484,yolo11l,cpu,13.968,0.0401,0.0401,0.0428
npu,combination_484,yolo11x,npu,7.065,0.8832,0.8832,0.8067
npu,combination_81,resnet50,cpu,157.332,0.0503,0.0503,0.0514
npu,combination_81,yolo11l,cpu,13.968,0.0766,0.0766,0.0739
npu,combination_116,resnet50,npu,471.996,0.1614,0.1614,0.1873
npu,combination_116,yolo11x,npu,21.195,0.8733,0.8733,0.6751
npu,combination_111,resnet50,npu,314.664,0.1977,0.1977,0.2149
npu,combination_111,yolo11x,cpu,7.065,0.6539,0.6539,0.6692
npu,combination_9,resnet50,cpu,157.332,0.0533,0.0533,0.0528
npu,combination_9,yolo11n,cpu,85.222,0.0726,0.0726,0.0720
npu,combination_101,resnet50,cpu,157.332,0.0852,0.0852,0.0819
npu,combination_101,yolo11x,cpu,7.065,0.1614,0.1614,0.1523
npu,combination_66,resnet50,cpu,157.332,0.0972,0.0972,0.0985
npu,combination_66,yolo11m,npu,54.318,0.4383,0.4383,0.5079
npu,combination_97,resnet50,cpu,157.332,0.0501,0.0501,0.0527
npu,combination_97,yolo11x,cpu,7.065,0.0962,0.0962,0.0903
npu,combination_120,resnet50,npu,471.996,0.0828,0.0828,0.1122
npu,combination_120,yolo11x,npu,21.195,0.7280,0.7280,0.5018
npu,combination_41,resnet50,cpu,157.332,0.0554,0.0554,0.0518
npu,combination_41,yolo11s,cpu,44.928,0.0683,0.0683,0.0690
npu,combination_90,resnet50,cpu,157.332,0.1000,0.1000,0.0994
npu,combination_90,yolo11l,npu,41.904,0.5391,0.5391,0.5925
npu,combination_87,resnet50,npu,314.664,0.1969,0.1969,0.2018
npu,combination_87,yolo11l,cpu,13.968,0.6214,0.6214,0.6209
npu,combination_92,resnet50,npu,471.996,0.1750,0.1750,0.1723
npu,combination_92,yolo11l,npu,41.904,0.6670,0.6670,0.6784
npu,combination_60,resnet50,npu,314.664,0.2950,0.2950,0.3069
npu,combination_60,yolo11m,npu,36.212,0.7575,0.7575,0.7603
npu,combination_73,resnet50,cpu,157.332,0.0494,0.0494,0.0515
npu,combination_73,yolo11l,cpu,13.968,0.0752,0.0752,0.0788
npu,combination_71,resnet50,npu,471.996,0.1076,0.1076,0.1114
npu,combination_71,yolo11m,cpu,18.106,0.5932,0.5932,0.5422
npu,combination_57,resnet50,cpu,157.332,0.0500,0.0500,0.0528
npu,combination_57,yolo11m,cpu,18.106,0.0801,0.0801,0.0792
npu,combination_14,resnet50,cpu,157.332,0.4565,0.4565,0.4862
npu,combination_14,yolo11n,npu,170.444,0.1442,0.1442,0.2097
npu,combination_46,resnet50,cpu,157.332,0.4527,0.4527,0.4820
npu,combination_46,yolo11s,npu,134.784,0.1588,0.1588,0.1861
npu,combination_94,resnet50,cpu,157.332,0.4612,0.4612,0.4570
npu,combination_94,yolo11l,npu,41.904,0.4591,0.4591,0.5326
npu,combination_61,resnet50,cpu,157.332,0.0764,0.0764,0.0819
npu,combination_61,yolo11m,cpu,18.106,0.1326,0.1326,0.1331
npu,combination_1,resnet50,cpu,157.332,0.0480,0.0480,0.0527
npu,combination_1,yolo11n,cpu,85.222,0.0722,0.0722,0.0735
npu,combination_80,resnet50,npu,157.332,0.3892,0.3892,0.3879
npu,combination_80,yolo11l,npu,13.968,0.9794,0.9794,0.9719
npu,combination_65,resnet50,cpu,157.332,0.0486,0.0486,0.0510
npu,combination_65,yolo11m,cpu,18.106,0.0784,0.0784,0.0778
npu,combination_25,resnet50,cpu,157.332,0.0489,0.0489,0.0517
npu,combination_25,yolo11s,cpu,44.928,0.0657,0.0657,0.0702
npu,combination_56,resnet50,npu,157.332,0.3924,0.3924,0.3914
npu,combination_56,yolo11m,npu,18.106,0.9505,0.9505,0.9345
npu,combination_109,resnet50,cpu,157.332,0.0819,0.0819,0.0829
npu,combination_109,yolo11x,cpu,7.065,0.1500,0.1500,0.1483
npu,combination_107,resnet50,npu,314.664,0.2545,0.2545,0.2539
npu,combination_107,yolo11x,cpu,7.065,0.1797,0.1797,0.1743
npu,combination_117,resnet50,cpu,157.332,0.0785,0.0785,0.0796
npu,combination_117,yolo11x,cpu,7.065,0.1514,0.1514,0.1414
npu,combination_100,resnet50,npu,157.332,0.5098,0.5098,0.5116
npu,combination_100,yolo11x,npu,7.065,0.9908,0.9908,0.9916
npu,combination_52,resnet50,npu,157.332,0.5179,0.5179,0.5116
npu,combination_52,yolo11m,npu,18.106,0.9654,0.9654,0.9581
npu,combination_112,resnet50,npu,314.664,0.1856,0.1856,0.1971
npu,combination_112,yolo11x,npu,14.130,0.9703,0.9703,0.9424
npu,combination_72,resnet50,npu,471.996,0.1026,0.1026,0.1031
npu,combination_72,yolo11m,npu,54.318,0.3997,0.3997,0.4734
npu,combination_22,resnet50,cpu,157.332,0.4531,0.4531,0.4718
npu,combination_22,yolo11n,npu,255.666,0.0860,0.0860,0.1086
npu,combination_108,resnet50,npu,314.664,0.2866,0.2866,0.3028
npu,combination_108,yolo11x,npu,14.130,0.9717,0.9717,0.9912
npu,combination_2,resnet50,cpu,157.332,0.1118,0.1118,0.1126
npu,combination_2,yolo11n,npu,85.222,0.3853,0.3853,0.4779
npu,combination_70,resnet50,cpu,157.332,0.4564,0.4564,0.4539
npu,combination_70,yolo11m,npu,54.318,0.3665,0.3665,0.4593
npu,combination_40,resnet50,npu,314.664,0.2012,0.2012,0.1965
npu,combination_40,yolo11s,npu,89.856,0.3803,0.3803,0.3880
npu,combination_6,resnet50,cpu,157.332,0.4711,0.4711,0.5132
npu,combination_6,yolo11n,npu,85.222,0.3582,0.3582,0.4298
npu,combination_64,resnet50,npu,314.664,0.2001,0.2001,0.1961
npu,combination_64,yolo11m,npu,36.212,0.6128,0.6128,0.6146
npu,combination_29,resnet50,cpu,157.332,0.0849,0.0849,0.0914
npu,combination_29,yolo11s,cpu,44.928,0.1169,0.1169,0.1210
npu,combination_93,resnet50,cpu,157.332,0.0732,0.0732,0.0803
npu,combination_93,yolo11l,cpu,13.968,0.1274,0.1274,0.1340
npu,combination_119,resnet50,npu,471.996,0.1039,0.1039,0.1108
npu,combination_119,yolo11x,cpu,7.065,0.6482,0.6482,0.6078
npu,combination_39,resnet50,npu,314.664,0.2015,0.2015,0.2080
npu,combination_39,yolo11s,cpu,44.928,0.5124,0.5124,0.6142
npu,combination_51,resnet50,npu,157.332,0.4946,0.4946,0.4901
npu,combination_51,yolo11m,cpu,18.106,0.1629,0.1629,0.1615
npu,combination_47,resnet50,npu,471.996,0.1134,0.1134,0.1112
npu,combination_47,yolo11s,cpu,44.928,0.5028,0.5028,0.6145
npu,combination_50,resnet50,cpu,157.332,0.1172,0.1172,0.1190
npu,combination_50,yolo11m,npu,18.106,0.9439,0.9439,0.9413
npu,combination_74,resnet50,cpu,157.332,0.1147,0.1147,0.1227
npu,combination_74,yolo11l,npu,13.968,0.9586,0.9586,0.9576
npu,combination_67,resnet50,npu,471.996,0.1546,0.1546,0.1551
npu,combination_67,yolo11m,cpu,18.106,0.1458,0.1458,0.1466
npu,combination_23,resnet50,npu,471.996,0.1138,0.1138,0.1077
npu,combination_23,yolo11n,cpu,85.222,0.4606,0.4606,0.4793
npu,combination_49,resnet50,cpu,157.332,0.0489,0.0489,0.0527
npu,combination_49,yolo11m,cpu,18.106,0.0812,0.0812,0.0777
npu,combination_63,resnet50,npu,314.664,0.1971,0.1971,0.2085
npu,combination_63,yolo11m,cpu,18.106,0.6004,0.6004,0.6206
npu,combination_84,resnet50,npu,314.664,0.3023,0.3023,0.2910
npu,combination_84,yolo11l,npu,27.936,0.8355,0.8355,0.7929
npu,combination_45,resnet50,cpu,157.332,0.0788,0.0788,0.0799
npu,combination_45,yolo11s,cpu,44.928,0.1059,0.1059,0.1174
npu,combination_34,resnet50,cpu,157.332,0.1018,0.1018,0.1154
npu,combination_34,yolo11s,npu,89.856,0.3136,0.3136,0.3424
npu,combination_105,resnet50,cpu,157.332,0.0512,0.0512,0.0528
npu,combination_105,yolo11x,cpu,7.065,0.0962,0.0962,0.0908
npu,combination_35,resnet50,npu,314.664,0.2597,0.2597,0.2472
npu,combination_35,yolo11s,cpu,44.928,0.1238,0.1238,0.1350
npu,combination_103,resnet50,npu,157.332,0.4522,0.4522,0.4570
npu,combination_103,yolo11x,cpu,7.065,0.7091,0.7091,0.6692
npu,combination_4,resnet50,npu,157.332,0.5190,0.5190,0.5395
npu,combination_4,yolo11n,npu,85.222,0.6409,0.6409,0.5870
npu,combination_33,resnet50,cpu,157.332,0.0494,0.0494,0.0532
npu,combination_33,yolo11s,cpu,44.928,0.0628,0.0628,0.0702
npu,combination_18,resnet50,cpu,157.332,0.1005,0.1005,0.1102
npu,combination_18,yolo11n,npu,255.666,0.1034,0.1034,0.1528
npu,combination_118,resnet50,cpu,157.332,0.4827,0.4827,0.4759
npu,combination_118,yolo11x,npu,21.195,0.7412,0.7412,0.5516
npu,combination_75,resnet50,npu,157.332,0.5024,0.5024,0.4945
npu,combination_75,yolo11l,cpu,13.968,0.1618,0.1618,0.1672
npu,combination_114,resnet50,cpu,157.332,0.1028,0.1028,0.0974
npu,combination_114,yolo11x,npu,21.195,0.8596,0.8596,0.6022
npu,combination_104,resnet50,npu,157.332,0.3817,0.3817,0.3937
npu,combination_104,yolo11x,npu,7.065,0.9908,0.9908,0.9946
npu,combination_99,resnet50,npu,157.332,0.4932,0.4932,0.5122
npu,combination_99,yolo11x,cpu,7.065,0.1911,0.1911,0.1762
npu,combination_58,resnet50,cpu,157.332,0.1060,0.1060,0.1058
npu,combination_58,yolo11m,npu,36.212,0.7094,0.7094,0.6760
npu,combination_12,resnet50,npu,314.664,0.2987,0.2987,0.3057
npu,combination_12,yolo11n,npu,170.444,0.2704,0.2704,0.3303
npu,combination_91,resnet50,npu,471.996,0.1554,0.1554,0.1527
npu,combination_91,yolo11l,cpu,13.968,0.1496,0.1496,0.1601
npu,combination_48,resnet50,npu,471.996,0.0987,0.0987,0.1035
npu,combination_48,yolo11s,npu,134.784,0.1924,0.1924,0.2219
npu,combination_11,resnet50,npu,314.664,0.2557,0.2557,0.2497
npu,combination_11,yolo11n,cpu,85.222,0.1381,0.1381,0.1384
npu,combination_86,resnet50,cpu,157.332,0.4730,0.4730,0.4617
npu,combination_86,yolo11l,npu,27.936,0.7327,0.7327,0.6654
npu,combination_8,resnet50,npu,157.332,0.3947,0.3947,0.4232
npu,combination_8,yolo11n,npu,85.222,0.5591,0.5591,0.4780
npu,combination_62,resnet50,cpu,157.332,0.4730,0.4730,0.4838
npu,combination_62,yolo11m,npu,36.212,0.5821,0.5821,0.6084
npu,combination_95,resnet50,npu,471.996,0.1118,0.1118,0.1150
npu,combination_95,yolo11l,cpu,13.968,0.5978,0.5978,0.6277
npu,combination_37,resnet50,cpu,157.332,0.0768,0.0768,0.0854
npu,combination_37,yolo11s,cpu,44.928,0.1160,0.1160,0.1156
npu,combination_98,resnet50,cpu,157.332,0.1208,0.1208,0.1091
npu,combination_98,yolo11x,npu,7.065,0.9795,0.9795,0.9806
npu,combination_55,resnet50,npu,157.332,0.4562,0.4562,0.4540
npu,combination_55,yolo11m,cpu,18.106,0.6506,0.6506,0.6143
npu,combination_20,resnet50,npu,471.996,0.1747,0.1747,0.1721
npu,combination_20,yolo11n,npu,255.666,0.1554,0.1554,0.1800
npu,combination_76,resnet50,npu,157.332,0.5126,0.5126,0.5141
npu,combination_76,yolo11l,npu,13.968,0.9708,0.9708,0.9829
npu,combination_3,resnet50,npu,157.332,0.4927,0.4927,0.4901
npu,combination_3,yolo11n,cpu,85.222,0.1459,0.1459,0.1472
npu,combination_15,resnet50,npu,314.664,0.2069,0.2069,0.2085
npu,combination_15,yolo11n,cpu,85.222,0.4559,0.4559,0.5147
npu,combination_88,resnet50,npu,314.664,0.1974,0.1974,0.2011
npu,combination_88,yolo11l,npu,27.936,0.7066,0.7066,0.7040
npu,combination_21,resnet50,cpu,157.332,0.0842,0.0842,0.0808
npu,combination_21,yolo11n,cpu,85.222,0.1092,0.1092,0.1137
npu,combination_7,resnet50,npu,157.332,0.4634,0.4634,0.4661
npu,combination_7,yolo11n,cpu,85.222,0.5032,0.5032,0.4911
npu,combination_69,resnet50,cpu,157.332,0.0738,0.0738,0.0807
npu,combination_69,yolo11m,cpu,18.106,0.1326,0.1326,0.1312
npu,combination_113,resnet50,cpu,157.332,0.0522,0.0522,0.0510
npu,combination_113,yolo11x,cpu,7.065,0.0948,0.0948,0.0903
npu,combination_85,resnet50,cpu,157.332,0.0770,0.0770,0.0835
npu,combination_85,yolo11l,cpu,13.968,0.1281,0.1281,0.1326
npu,combination_38,resnet50,cpu,157.332,0.4586,0.4586,0.4926
npu,combination_38,yolo11s,npu,89.856,0.2713,0.2713,0.2954
npu,combination_54,resnet50,cpu,157.332,0.5322,0.5322,0.5177
npu,combination_54,yolo11m,npu,18.106,0.9588,0.9588,0.9207
npu,combination_43,resnet50,npu,471.996,0.1545,0.1545,0.1500
npu,combination_43,yolo11s,cpu,44.928,0.1235,0.1235,0.1403
npu,combination_53,resnet50,cpu,157.332,0.0821,0.0821,0.0822
npu,combination_53,yolo11m,cpu,18.106,0.1397,0.1397,0.1381
npu,combination_36,resnet50,npu,314.664,0.2998,0.2998,0.3097
npu,combination_36,yolo11s,npu,89.856,0.4832,0.4832,0.5808
npu,combination_32,resnet50,npu,157.332,0.3969,0.3969,0.4057
npu,combination_32,yolo11s,npu,44.928,0.6913,0.6913,0.7237
npu,combination_13,resnet50,cpu,157.332,0.0814,0.0814,0.0819
npu,combination_13,yolo11n,cpu,85.222,0.1248,0.1248,0.1184
npu,combination_89,resnet50,cpu,157.332,0.0474,0.0474,0.0504
npu,combination_89,yolo11l,cpu,13.968,0.0759,0.0759,0.0762
npu,combination_96,resnet50,npu,471.996,0.0955,0.0955,0.1091
npu,combination_96,yolo11l,npu,41.904,0.4577,0.4577,0.5659
npu,combination_79,resnet50,npu,157.332,0.4536,0.4536,0.4543
npu,combination_79,yolo11l,cpu,13.968,0.6608,0.6608,0.6577
npu,combination_106,resnet50,cpu,157.332,0.1059,0.1059,0.1058
npu,combination_106,yolo11x,npu,14.130,0.9526,0.9526,0.9773
npu,combination_78,resnet50,cpu,157.332,0.5406,0.5406,0.5321
npu,combination_78,yolo11l,npu,13.968,0.9658,0.9658,0.9677
npu,combination_27,resnet50,npu,157.332,0.4959,0.4959,0.4691
npu,combination_27,yolo11s,cpu,44.928,0.1362,0.1362,0.1524
npu,combination_19,resnet50,npu,471.996,0.1556,0.1556,0.1547
npu,combination_19,yolo11n,cpu,85.222,0.1314,0.1314,0.1339
npu,combination_68,resnet50,npu,471.996,0.1758,0.1758,0.1750
npu,combination_68,yolo11m,npu,54.318,0.5843,0.5843,0.6477
npu,combination_82,resnet50,cpu,157.332,0.1047,0.1047,0.1006
npu,combination_82,yolo11l,npu,27.936,0.8011,0.8011,0.7495
npu,combination_42,resnet50,cpu,157.332,0.1019,0.1019,0.1161
npu,combination_42,yolo11s,npu,134.784,0.1889,0.1889,0.2058
npu,combination_17,resnet50,cpu,157.332,0.0514,0.0514,0.0506
npu,combination_17,yolo11n,cpu,85.222,0.0713,0.0713,0.0682
npu,combination_83,resnet50,npu,314.664,0.2552,0.2552,0.2453
npu,combination_83,yolo11l,cpu,13.968,0.1503,0.1503,0.1556
npu,combination_5,resnet50,cpu,157.332,0.0912,0.0912,0.0822
npu,combination_5,yolo11n,cpu,85.222,0.1232,0.1232,0.1249
npu,combination_59,resnet50,npu,314.664,0.2530,0.2530,0.2497
npu,combination_59,yolo11m,cpu,18.106,0.1480,0.1480,0.1522
npu,combination_31,resnet50,npu,157.332,0.4511,0.4511,0.4402
npu,combination_31,yolo11s,cpu,44.928,0.5627,0.5627,0.6253
npu,combination_44,resnet50,npu,471.996,0.1755,0.1755,0.1756
npu,combination_44,yolo11s,npu,134.784,0.2905,0.2905,0.3486
npu,combination_102,resnet50,cpu,157.332,0.5450,0.5450,0.5195
npu,combination_102,yolo11x,npu,7.065,0.9908,0.9908,1.0000
npu,combination_110,resnet50,cpu,157.332,0.4985,0.4985,0.4764
npu,combination_110,yolo11x,npu,14.130,0.9632,0.9632,0.9336
npu,combination_28,resnet50,npu,157.332,0.5209,0.5209,0.5281
npu,combination_28,yolo11s,npu,44.928,0.8033,0.8033,0.8164
npu,combination_24,resnet50,npu,471.996,0.0969,0.0969,0.1103
npu,combination_24,yolo11n,npu,255.666,0.1044,0.1044,0.1245
npu,combination_26,resnet50,cpu,157.332,0.1110,0.1110,0.1096
npu,combination_26,yolo11s,npu,44.928,0.6864,0.6864,0.7054
npu,combination_77,resnet50,cpu,157.332,0.0831,0.0831,0.0869
npu,combination_77,yolo11l,cpu,13.968,0.1360,0.1360,0.1426
npu,combination_115,resnet50,npu,471.996,0.1540,0.1540,0.1551
npu,combination_115,yolo11x,cpu,7.065,0.1783,0.1783,0.1615
npu,combination_10,resnet50,cpu,157.332,0.1007,0.1007,0.1134
npu,combination_10,yolo11n,npu,170.444,0.1724,0.1724,0.2244
npu,combination_30,resnet50,cpu,157.332,0.4911,0.4911,0.5134
npu,combination_30,yolo11s,npu,44.928,0.6377,0.6377,0.6704
npu,combination_16,resnet50,npu,314.664,0.2015,0.2015,0.1878
npu,combination_16,yolo11n,npu,170.444,0.2141,0.2141,0.2247
npu,combination_312,mobilenet_v2,cpu,814.332,0.0398,0.0398,0.0400
npu,combination_312,resnet50,cpu,157.332,0.0341,0.0341,0.0345
npu,combination_312,yolo11s,cpu,44.928,0.0443,0.0443,0.0432
npu,combination_312,yolo11m,npu,27.159,0.5681,0.5681,0.5516
npu,combination_312,yolo11l,npu,20.952,0.7011,0.7011,0.6663
npu,combination_337,mobilenet_v2,cpu,814.332,0.0408,0.0408,0.0387
npu,combination_337,resnet50,npu,314.664,0.1319,0.1319,0.1300
npu,combination_337,yolo11s,cpu,44.928,0.0385,0.0385,0.0413
npu,combination_337,yolo11m,npu,36.212,0.4275,0.4275,0.4855
npu,combination_337,yolo11l,cpu,13.968,0.0523,0.0523,0.0475
npu,combination_347,mobilenet_v2,npu,907.441,0.0493,0.0493,0.0501
npu,combination_347,resnet50,cpu,157.332,0.0310,0.0310,0.0321
npu,combination_347,yolo11s,cpu,44.928,0.0450,0.0450,0.0399
npu,combination_347,yolo11m,npu,36.212,0.4363,0.4363,0.4754
npu,combination_347,yolo11l,cpu,13.968,0.0473,0.0473,0.0468
npu,combination_348,mobilenet_v2,cpu,814.332,0.0547,0.0547,0.0505
npu,combination_348,resnet50,cpu,157.332,0.0481,0.0481,0.0495
npu,combination_348,yolo11s,npu,89.856,0.2135,0.2135,0.2012
npu,combination_348,yolo11m,npu,36.212,0.5117,0.5117,0.4955
npu,combination_348,yolo11l,npu,27.936,0.6293,0.6293,0.6224
npu,combination_338,mobilenet_v2,cpu,814.332,0.0517,0.0517,0.0476
npu,combination_338,resnet50,npu,314.664,0.1246,0.1246,0.1346
npu,combination_338,yolo11s,npu,89.856,0.1849,0.1849,0.1792
npu,combination_338,yolo11m,cpu,18.106,0.0663,0.0663,0.0720
npu,combination_338,yolo11l,cpu,13.968,0.0687,0.0687,0.0721
npu,combination_323,mobilenet_v2,cpu,814.332,0.0516,0.0516,0.0525
npu,combination_323,resnet50,npu,235.998,0.2132,0.2132,0.1848
npu,combination_323,yolo11s,npu,67.392,0.3085,0.3085,0.2858
npu,combination_323,yolo11m,cpu,18.106,0.0751,0.0751,0.0761
npu,combination_323,yolo11l,npu,20.952,0.7990,0.7990,0.7285
npu,combination_335,mobilenet_v2,npu,907.441,0.0563,0.0563,0.0665
npu,combination_335,resnet50,npu,314.664,0.1611,0.1611,0.1946
npu,combination_335,yolo11s,npu,89.856,0.2218,0.2218,0.2869
npu,combination_335,yolo11m,cpu,18.106,0.4866,0.4866,0.4743
npu,combination_335,yolo11l,npu,27.936,0.6218,0.6218,0.7264
npu,combination_343,mobilenet_v2,cpu,814.332,0.0517,0.0517,0.0484
npu,combination_343,resnet50,npu,314.664,0.1512,0.1512,0.1510
npu,combination_343,yolo11s,npu,89.856,0.2012,0.2012,0.1897
npu,combination_343,yolo11m,cpu,18.106,0.0740,0.0740,0.0730
npu,combination_343,yolo11l,npu,27.936,0.6472,0.6472,0.6371
npu,combination_333,mobilenet_v2,cpu,814.332,0.0517,0.0517,0.0491
npu,combination_333,resnet50,npu,314.664,0.1295,0.1295,0.1371
npu,combination_333,yolo11s,cpu,44.928,0.0554,0.0554,0.0597
npu,combination_333,yolo11m,npu,36.212,0.4175,0.4175,0.4833
npu,combination_333,yolo11l,cpu,13.968,0.0666,0.0666,0.0709
npu,combination_308,mobilenet_v2,cpu,814.332,0.0524,0.0524,0.0504
npu,combination_308,resnet50,cpu,157.332,0.0479,0.0479,0.0479
npu,combination_308,yolo11s,npu,44.928,0.5041,0.5041,0.4779
npu,combination_308,yolo11m,npu,18.106,0.8533,0.8533,0.8539
npu,combination_308,yolo11l,npu,13.968,0.8727,0.8727,0.8860
npu,combination_311,mobilenet_v2,cpu,814.332,0.0338,0.0338,0.0310
npu,combination_311,resnet50,cpu,157.332,0.0256,0.0256,0.0250
npu,combination_311,yolo11s,npu,67.392,0.2275,0.2275,0.2113
npu,combination_311,yolo11m,cpu,18.106,0.0392,0.0392,0.0388
npu,combination_311,yolo11l,cpu,13.968,0.0351,0.0351,0.0362
npu,combination_305,mobilenet_v2,npu,814.332,0.1082,0.1082,0.1019
npu,combination_305,resnet50,npu,157.332,0.5188,0.5188,0.4856
npu,combination_305,yolo11s,npu,44.928,0.7639,0.7639,0.7523
npu,combination_305,yolo11m,npu,18.106,0.9494,0.9494,0.9548
npu,combination_305,yolo11l,npu,13.968,0.9629,0.9629,0.9785
npu,combination_313,mobilenet_v2,cpu,814.332,0.0476,0.0476,0.0499
npu,combination_313,resnet50,npu,235.998,0.1802,0.1802,0.1647
npu,combination_313,yolo11s,cpu,44.928,0.0614,0.0614,0.0591
npu,combination_313,yolo11m,npu,27.159,0.6421,0.6421,0.5596
npu,combination_313,yolo11l,cpu,13.968,0.0666,0.0666,0.0699
npu,combination_344,mobilenet_v2,npu,907.441,0.0654,0.0654,0.0618
npu,combination_344,resnet50,cpu,157.332,0.0921,0.0921,0.0966
npu,combination_344,yolo11s,npu,89.856,0.2803,0.2803,0.3108
npu,combination_344,yolo11m,npu,36.212,0.6293,0.6293,0.6104
npu,combination_344,yolo11l,npu,27.936,0.7370,0.7370,0.7498
npu,combination_299,mobilenet_v2,npu,814.332,0.0715,0.0715,0.0786
npu,combination_299,resnet50,cpu,157.332,0.0744,0.0744,0.0825
npu,combination_299,yolo11s,cpu,44.928,0.1073,0.1073,0.1056
npu,combination_299,yolo11m,npu,18.106,0.8881,0.8881,0.8845
npu,combination_299,yolo11l,npu,13.968,0.9207,0.9207,0.8962
npu,combination_317,mobilenet_v2,cpu,814.332,0.0402,0.0402,0.0395
npu,combination_317,resnet50,npu,235.998,0.1751,0.1751,0.1592
npu,combination_317,yolo11s,cpu,44.928,0.0436,0.0436,0.0438
npu,combination_317,yolo11m,npu,27.159,0.5873,0.5873,0.5430
npu,combination_317,yolo11l,cpu,13.968,0.0515,0.0515,0.0482
npu,combination_326,mobilenet_v2,cpu,814.332,0.0300,0.0300,0.0300
npu,combination_326,resnet50,cpu,157.332,0.0263,0.0263,0.0230
npu,combination_326,yolo11s,cpu,44.928,0.0334,0.0334,0.0310
npu,combination_326,yolo11m,cpu,18.106,0.0409,0.0409,0.0388
npu,combination_326,yolo11l,npu,20.952,0.6061,0.6061,0.5864
npu,combination_334,mobilenet_v2,cpu,814.332,0.0659,0.0659,0.0680
npu,combination_334,resnet50,npu,314.664,0.1373,0.1373,0.1580
npu,combination_334,yolo11s,npu,89.856,0.2061,0.2061,0.2447
npu,combination_334,yolo11m,cpu,18.106,0.1298,0.1298,0.1327
npu,combination_334,yolo11l,npu,27.936,0.5702,0.5702,0.7119
npu,combination_319,mobilenet_v2,npu,907.441,0.0545,0.0545,0.0569
npu,combination_319,resnet50,cpu,157.332,0.0782,0.0782,0.0858
npu,combination_319,yolo11s,cpu,44.928,0.0962,0.0962,0.1026
npu,combination_319,yolo11m,npu,27.159,0.6296,0.6296,0.7251
npu,combination_319,yolo11l,npu,20.952,0.7899,0.7899,0.7939
npu,combination_316,mobilenet_v2,cpu,814.332,0.0322,0.0322,0.0299
npu,combination_316,resnet50,cpu,157.332,0.0257,0.0257,0.0233
npu,combination_316,yolo11s,cpu,44.928,0.0318,0.0318,0.0313
npu,combination_316,yolo11m,cpu,18.106,0.0387,0.0387,0.0387
npu,combination_316,yolo11l,cpu,13.968,0.0365,0.0365,0.0359
npu,combination_320,mobilenet_v2,cpu,814.332,0.1194,0.1194,0.1227
npu,combination_320,resnet50,npu,235.998,0.2176,0.2176,0.2224
npu,combination_320,yolo11s,npu,67.392,0.3073,0.3073,0.3427
npu,combination_320,yolo11m,npu,27.159,0.6745,0.6745,0.7136
npu,combination_320,yolo11l,npu,20.952,0.7866,0.7866,0.8040
npu,combination_346,mobilenet_v2,cpu,814.332,0.0335,0.0335,0.0321
npu,combination_346,resnet50,cpu,157.332,0.0268,0.0268,0.0247
npu,combination_346,yolo11s,cpu,44.928,0.0289,0.0289,0.0306
npu,combination_346,yolo11m,cpu,18.106,0.0436,0.0436,0.0384
npu,combination_346,yolo11l,npu,27.936,0.4503,0.4503,0.5072
npu,combination_321,mobilenet_v2,cpu,814.332,0.0334,0.0334,0.0309
npu,combination_321,resnet50,cpu,157.332,0.0228,0.0228,0.0238
npu,combination_321,yolo11s,cpu,44.928,0.0338,0.0338,0.0313
npu,combination_321,yolo11m,npu,27.159,0.5184,0.5184,0.4682
npu,combination_321,yolo11l,cpu,13.968,0.0430,0.0430,0.0358
npu,combination_289,mobilenet_v2,cpu,814.332,0.0240,0.0240,0.0262
npu,combination_289,resnet50,cpu,157.332,0.0191,0.0191,0.0208
npu,combination_289,yolo11s,cpu,44.928,0.0292,0.0292,0.0262
npu,combination_289,yolo11m,cpu,18.106,0.0287,0.0287,0.0321
npu,combination_289,yolo11l,cpu,13.968,0.0329,0.0329,0.0305
npu,combination_292,mobilenet_v2,cpu,814.332,0.0377,0.0377,0.0394
npu,combination_292,resnet50,cpu,157.332,0.0318,0.0318,0.0323
npu,combination_292,yolo11s,cpu,44.928,0.0427,0.0427,0.0417
npu,combination_292,yolo11m,npu,18.106,0.8461,0.8461,0.8158
npu,combination_292,yolo11l,npu,13.968,0.8777,0.8777,0.8486
npu,combination_331,mobilenet_v2,cpu,814.332,0.0340,0.0340,0.0343
npu,combination_331,resnet50,cpu,157.332,0.0240,0.0240,0.0274
npu,combination_331,yolo11s,npu,89.856,0.1499,0.1499,0.1954
npu,combination_331,yolo11m,cpu,18.106,0.0398,0.0398,0.0407
npu,combination_331,yolo11l,cpu,13.968,0.0401,0.0401,0.0397
npu,combination_294,mobilenet_v2,cpu,814.332,0.0691,0.0691,0.0696
npu,combination_294,resnet50,npu,157.332,0.3490,0.3490,0.3597
npu,combination_294,yolo11s,npu,44.928,0.4790,0.4790,0.5668
npu,combination_294,yolo11m,cpu,18.106,0.1403,0.1403,0.1334
npu,combination_294,yolo11l,npu,13.968,0.9064,0.9064,0.8877
npu,combination_332,mobilenet_v2,cpu,814.332,0.0421,0.0421,0.0392
npu,combination_332,resnet50,cpu,157.332,0.0356,0.0356,0.0342
npu,combination_332,yolo11s,cpu,44.928,0.0454,0.0454,0.0444
npu,combination_332,yolo11m,npu,36.212,0.4021,0.4021,0.4184
npu,combination_332,yolo11l,npu,27.936,0.5480,0.5480,0.4862
npu,combination_290,mobilenet_v2,npu,814.332,0.0965,0.0965,0.0851
npu,combination_290,resnet50,npu,157.332,0.4351,0.4351,0.3943
npu,combination_290,yolo11s,npu,44.928,0.6408,0.6408,0.6350
npu,combination_290,yolo11m,npu,18.106,0.9339,0.9339,0.9274
npu,combination_290,yolo11l,npu,13.968,0.9715,0.9715,0.9690
npu,combination_325,mobilenet_v2,npu,907.441,0.0853,0.0853,0.0795
npu,combination_325,resnet50,npu,235.998,0.3261,0.3261,0.2805
npu,combination_325,yolo11s,npu,67.392,0.5548,0.5548,0.4571
npu,combination_325,yolo11m,npu,27.159,0.8226,0.8226,0.7947
npu,combination_325,yolo11l,npu,20.952,0.8959,0.8959,0.8689
npu,combination_314,mobilenet_v2,cpu,814.332,0.0689,0.0689,0.0720
npu,combination_314,resnet50,npu,235.998,0.2061,0.2061,0.2067
npu,combination_314,yolo11s,npu,67.392,0.2892,0.2892,0.3206
npu,combination_314,yolo11m,cpu,18.106,0.1287,0.1287,0.1283
npu,combination_314,yolo11l,npu,20.952,0.7866,0.7866,0.7881
npu,combination_336,mobilenet_v2,cpu,814.332,0.0353,0.0353,0.0311
npu,combination_336,resnet50,cpu,157.332,0.0258,0.0258,0.0234
npu,combination_336,yolo11s,cpu,44.928,0.0300,0.0300,0.0312
npu,combination_336,yolo11m,cpu,18.106,0.0414,0.0414,0.0377
npu,combination_336,yolo11l,cpu,13.968,0.0344,0.0344,0.0362
npu,combination_307,mobilenet_v2,npu,814.332,0.0590,0.0590,0.0610
npu,combination_307,resnet50,cpu,157.332,0.0323,0.0323,0.0324
npu,combination_307,yolo11s,cpu,44.928,0.0438,0.0438,0.0411
npu,combination_307,yolo11m,npu,18.106,0.8528,0.8528,0.8225
npu,combination_307,yolo11l,cpu,13.968,0.0515,0.0515,0.0498
npu,combination_324,mobilenet_v2,npu,907.441,0.0687,0.0687,0.0606
npu,combination_324,resnet50,cpu,157.332,0.0910,0.0910,0.1085
npu,combination_324,yolo11s,npu,67.392,0.3910,0.3910,0.3466
npu,combination_324,yolo11m,npu,27.159,0.7758,0.7758,0.7434
npu,combination_324,yolo11l,npu,20.952,0.8553,0.8553,0.8160
npu,combination_340,mobilenet_v2,cpu,814.332,0.1176,0.1176,0.1198
npu,combination_340,resnet50,npu,314.664,0.1447,0.1447,0.1971
npu,combination_340,yolo11s,npu,89.856,0.2020,0.2020,0.2439
npu,combination_340,yolo11m,npu,36.212,0.4711,0.4711,0.5900
npu,combination_340,yolo11l,npu,27.936,0.5960,0.5960,0.7343
npu,combination_315,mobilenet_v2,npu,907.441,0.0629,0.0629,0.0633
npu,combination_315,resnet50,npu,235.998,0.2372,0.2372,0.2321
npu,combination_315,yolo11s,npu,67.392,0.3352,0.3352,0.3459
npu,combination_315,yolo11m,cpu,18.106,0.4833,0.4833,0.4750
npu,combination_315,yolo11l,npu,20.952,0.8123,0.8123,0.8061
npu,combination_306,mobilenet_v2,cpu,814.332,0.0352,0.0352,0.0333
npu,combination_306,resnet50,cpu,157.332,0.0261,0.0261,0.0267
npu,combination_306,yolo11s,cpu,44.928,0.0363,0.0363,0.0330
npu,combination_306,yolo11m,cpu,18.106,0.0414,0.0414,0.0405
npu,combination_306,yolo11l,npu,13.968,0.8627,0.8627,0.8149
npu,combination_341,mobilenet_v2,cpu,814.332,0.0339,0.0339,0.0321
npu,combination_341,resnet50,cpu,157.332,0.0250,0.0250,0.0247
npu,combination_341,yolo11s,cpu,44.928,0.0347,0.0347,0.0306
npu,combination_341,yolo11m,npu,36.212,0.3352,0.3352,0.4465
npu,combination_341,yolo11l,cpu,13.968,0.0415,0.0415,0.0376
npu,combination_295,mobilenet_v2,npu,814.332,0.0798,0.0798,0.0792
npu,combination_295,resnet50,npu,157.332,0.3900,0.3900,0.4232
npu,combination_295,yolo11s,npu,44.928,0.5658,0.5658,0.5962
npu,combination_295,yolo11m,cpu,18.106,0.5059,0.5059,0.4781
npu,combination_295,yolo11l,npu,13.968,0.9228,0.9228,0.9296
npu,combination_328,mobilenet_v2,cpu,814.332,0.0514,0.0514,0.0523
npu,combination_328,resnet50,cpu,157.332,0.0458,0.0458,0.0539
npu,combination_328,yolo11s,npu,67.392,0.3034,0.3034,0.2641
npu,combination_328,yolo11m,npu,27.159,0.6985,0.6985,0.6426
npu,combination_328,yolo11l,npu,20.952,0.8052,0.8052,0.7295
npu,combination_345,mobilenet_v2,npu,907.441,0.0787,0.0787,0.0878
npu,combination_345,resnet50,npu,314.664,0.2251,0.2251,0.2358
npu,combination_345,yolo11s,npu,89.856,0.3848,0.3848,0.3933
npu,combination_345,yolo11m,npu,36.212,0.7199,0.7199,0.7542
npu,combination_345,yolo11l,npu,27.936,0.7907,0.7907,0.8046
npu,combination_342,mobilenet_v2,npu,907.441,0.0457,0.0457,0.0465
npu,combination_342,resnet50,cpu,157.332,0.0326,0.0326,0.0323
npu,combination_342,yolo11s,npu,89.856,0.1831,0.1831,0.2037
npu,combination_342,yolo11m,cpu,18.106,0.0481,0.0481,0.0479
npu,combination_342,yolo11l,cpu,13.968,0.0494,0.0494,0.0469
npu,combination_298,mobilenet_v2,cpu,814.332,0.0501,0.0501,0.0502
npu,combination_298,resnet50,npu,157.332,0.3011,0.3011,0.3035
npu,combination_298,yolo11s,npu,44.928,0.4156,0.4156,0.4008
npu,combination_298,yolo11m,cpu,18.106,0.0635,0.0635,0.0703
npu,combination_298,yolo11l,cpu,13.968,0.0788,0.0788,0.0696
npu,combination_322,mobilenet_v2,npu,907.441,0.0517,0.0517,0.0464
npu,combination_322,resnet50,cpu,157.332,0.0310,0.0310,0.0352
npu,combination_322,yolo11s,npu,67.392,0.2543,0.2543,0.2335
npu,combination_322,yolo11m,cpu,18.106,0.0481,0.0481,0.0520
npu,combination_322,yolo11l,cpu,13.968,0.0508,0.0508,0.0487
npu,combination_329,mobilenet_v2,cpu,814.332,0.0269,0.0269,0.0278
npu,combination_329,resnet50,cpu,157.332,0.0233,0.0233,0.0208
npu,combination_329,yolo11s,cpu,44.928,0.0298,0.0298,0.0276
npu,combination_329,yolo11m,cpu,18.106,0.0304,0.0304,0.0315
npu,combination_329,yolo11l,cpu,13.968,0.0315,0.0315,0.0308
npu,combination_309,mobilenet_v2,cpu,814.332,0.0280,0.0280,0.0256
npu,combination_309,resnet50,cpu,157.332,0.0224,0.0224,0.0199
npu,combination_309,yolo11s,cpu,44.928,0.0289,0.0289,0.0272
npu,combination_309,yolo11m,cpu,18.106,0.0304,0.0304,0.0323
npu,combination_309,yolo11l,cpu,13.968,0.0336,0.0336,0.0307
npu,combination_297,mobilenet_v2,cpu,814.332,0.0412,0.0412,0.0402
npu,combination_297,resnet50,npu,157.332,0.2952,0.2952,0.2980
npu,combination_297,yolo11s,cpu,44.928,0.0378,0.0378,0.0415
npu,combination_297,yolo11m,npu,18.106,0.8097,0.8097,0.8033
npu,combination_297,yolo11l,cpu,13.968,0.0523,0.0523,0.0495
npu,combination_330,mobilenet_v2,npu,907.441,0.0539,0.0539,0.0673
npu,combination_330,resnet50,npu,314.664,0.1523,0.1523,0.1813
npu,combination_330,yolo11s,npu,89.856,0.2927,0.2927,0.2930
npu,combination_330,yolo11m,npu,36.212,0.5446,0.5446,0.6281
npu,combination_330,yolo11l,npu,27.936,0.6429,0.6429,0.6918
npu,combination_291,mobilenet_v2,cpu,814.332,0.0349,0.0349,0.0334
npu,combination_291,resnet50,cpu,157.332,0.0243,0.0243,0.0260
npu,combination_291,yolo11s,npu,44.928,0.3239,0.3239,0.3325
npu,combination_291,yolo11m,cpu,18.106,0.0431,0.0431,0.0405
npu,combination_291,yolo11l,cpu,13.968,0.0394,0.0394,0.0382
npu,combination_318,mobilenet_v2,cpu,814.332,0.0487,0.0487,0.0509
npu,combination_318,resnet50,npu,235.998,0.1913,0.1913,0.1622
npu,combination_318,yolo11s,npu,67.392,0.2680,0.2680,0.2389
npu,combination_318,yolo11m,cpu,18.106,0.0685,0.0685,0.0728
npu,combination_318,yolo11l,cpu,13.968,0.0673,0.0673,0.0695
npu,combination_304,mobilenet_v2,npu,814.332,0.0845,0.0845,0.0799
npu,combination_304,resnet50,cpu,157.332,0.0947,0.0947,0.1049
npu,combination_304,yolo11s,npu,44.928,0.6524,0.6524,0.6126
npu,combination_304,yolo11m,npu,18.106,0.9041,0.9041,0.9011
npu,combination_304,yolo11l,npu,13.968,0.9200,0.9200,0.9193
npu,combination_310,mobilenet_v2,npu,907.441,0.0662,0.0662,0.0582
npu,combination_310,resnet50,npu,235.998,0.2506,0.2506,0.2156
npu,combination_310,yolo11s,npu,67.392,0.4542,0.4542,0.4112
npu,combination_310,yolo11m,npu,27.159,0.7033,0.7033,0.6767
npu,combination_310,yolo11l,npu,20.952,0.8166,0.8166,0.7853
npu,combination_339,mobilenet_v2,npu,907.441,0.0504,0.0504,0.0552
npu,combination_339,resnet50,cpu,157.332,0.0782,0.0782,0.0799
npu,combination_339,yolo11s,cpu,44.928,0.0901,0.0901,0.1025
npu,combination_339,yolo11m,npu,36.212,0.4598,0.4598,0.5649
npu,combination_339,yolo11l,npu,27.936,0.5781,0.5781,0.7150
npu,combination_302,mobilenet_v2,npu,814.332,0.0639,0.0639,0.0621
npu,combination_302,resnet50,cpu,157.332,0.0311,0.0311,0.0324
npu,combination_302,yolo11s,npu,44.928,0.3951,0.3951,0.4189
npu,combination_302,yolo11m,cpu,18.106,0.0475,0.0475,0.0500
npu,combination_302,yolo11l,cpu,13.968,0.0515,0.0515,0.0493
npu,combination_300,mobilenet_v2,cpu,814.332,0.1197,0.1197,0.1214
npu,combination_300,resnet50,npu,157.332,0.3744,0.3744,0.4265
npu,combination_300,yolo11s,npu,44.928,0.5462,0.5462,0.5956
npu,combination_300,yolo11m,npu,18.106,0.9080,0.9080,0.9031
npu,combination_300,yolo11l,npu,13.968,0.9593,0.9593,0.9367
npu,combination_301,mobilenet_v2,cpu,814.332,0.0330,0.0330,0.0333
npu,combination_301,resnet50,cpu,157.332,0.0224,0.0224,0.0273
npu,combination_301,yolo11s,cpu,44.928,0.0354,0.0354,0.0330
npu,combination_301,yolo11m,npu,18.106,0.7224,0.7224,0.7831
npu,combination_301,yolo11l,cpu,13.968,0.0408,0.0408,0.0390
npu,combination_327,mobilenet_v2,npu,907.441,0.0547,0.0547,0.0497
npu,combination_327,resnet50,cpu,157.332,0.0338,0.0338,0.0352
npu,combination_327,yolo11s,cpu,44.928,0.0436,0.0436,0.0443
npu,combination_327,yolo11m,npu,27.159,0.5748,0.5748,0.5966
npu,combination_327,yolo11l,cpu,13.968,0.0458,0.0458,0.0487
npu,combination_293,mobilenet_v2,cpu,814.332,0.0568,0.0568,0.0501
npu,combination_293,resnet50,npu,157.332,0.2975,0.2975,0.3077
npu,combination_293,yolo11s,cpu,44.928,0.0610,0.0610,0.0574
npu,combination_293,yolo11m,npu,18.106,0.8406,0.8406,0.8266
npu,combination_293,yolo11l,cpu,13.968,0.0630,0.0630,0.0703
npu,combination_303,mobilenet_v2,cpu,814.332,0.0524,0.0524,0.0497
npu,combination_303,resnet50,npu,157.332,0.3362,0.3362,0.3328
npu,combination_303,yolo11s,npu,44.928,0.4797,0.4797,0.4730
npu,combination_303,yolo11m,cpu,18.106,0.0746,0.0746,0.0721
npu,combination_303,yolo11l,npu,13.968,0.8684,0.8684,0.8831
npu,combination_296,mobilenet_v2,cpu,814.332,0.0350,0.0350,0.0319
npu,combination_296,resnet50,cpu,157.332,0.0271,0.0271,0.0248
npu,combination_296,yolo11s,cpu,44.928,0.0283,0.0283,0.0317
npu,combination_296,yolo11m,cpu,18.106,0.0398,0.0398,0.0392
npu,combination_296,yolo11l,cpu,13.968,0.0358,0.0358,0.0374
npu,combination_460,mobilenet_v2,cpu,814.332,0.0533,0.0533,0.0546
npu,combination_460,resnet50,cpu,157.332,0.0467,0.0467,0.0513
npu,combination_460,yolo11n,npu,255.666,0.1106,0.1106,0.1428
npu,combination_460,yolo11s,npu,134.784,0.2136,0.2136,0.1756
npu,combination_460,yolo11m,cpu,18.106,0.0806,0.0806,0.0712
npu,combination_446,mobilenet_v2,npu,907.441,0.0998,0.0998,0.0859
npu,combination_446,resnet50,npu,314.664,0.2876,0.2876,0.3148
npu,combination_446,yolo11n,npu,170.444,0.2249,0.2249,0.2966
npu,combination_446,yolo11s,npu,89.856,0.4287,0.4287,0.4585
npu,combination_446,yolo11m,cpu,18.106,0.4529,0.4529,0.4947
npu,combination_447,mobilenet_v2,npu,907.441,0.0714,0.0714,0.0599
npu,combination_447,resnet50,cpu,157.332,0.0393,0.0393,0.0387
npu,combination_447,yolo11n,cpu,85.222,0.0563,0.0563,0.0462
npu,combination_447,yolo11s,cpu,44.928,0.0438,0.0438,0.0462
npu,combination_447,yolo11m,cpu,18.106,0.0514,0.0514,0.0543
npu,combination_465,mobilenet_v2,npu,907.441,0.0863,0.0863,0.0706
npu,combination_465,resnet50,npu,471.996,0.1658,0.1658,0.1464
npu,combination_465,yolo11n,cpu,85.222,0.1126,0.1126,0.1041
npu,combination_465,yolo11s,cpu,44.928,0.1080,0.1080,0.1051
npu,combination_465,yolo11m,npu,54.318,0.5206,0.5206,0.4432
npu,combination_439,mobilenet_v2,cpu,814.332,0.0474,0.0474,0.0433
npu,combination_439,resnet50,cpu,157.332,0.0318,0.0318,0.0376
npu,combination_439,yolo11n,cpu,85.222,0.0551,0.0551,0.0490
npu,combination_439,yolo11s,cpu,44.928,0.0472,0.0472,0.0470
npu,combination_439,yolo11m,npu,36.212,0.5366,0.5366,0.4510
npu,combination_440,mobilenet_v2,npu,907.441,0.0749,0.0749,0.0827
npu,combination_440,resnet50,npu,314.664,0.2165,0.2165,0.2274
npu,combination_440,yolo11n,cpu,85.222,0.0679,0.0679,0.0657
npu,combination_440,yolo11s,cpu,44.928,0.0625,0.0625,0.0696
npu,combination_440,yolo11m,cpu,18.106,0.0768,0.0768,0.0762
npu,combination_467,mobilenet_v2,cpu,814.332,0.0458,0.0458,0.0432
npu,combination_467,resnet50,cpu,157.332,0.0347,0.0347,0.0373
npu,combination_467,yolo11n,npu,255.666,0.0764,0.0764,0.1278
npu,combination_467,yolo11s,cpu,44.928,0.0463,0.0463,0.0511
npu,combination_467,yolo11m,cpu,18.106,0.0541,0.0541,0.0500
npu,combination_451,mobilenet_v2,cpu,814.332,0.0470,0.0470,0.0438
npu,combination_451,resnet50,cpu,157.332,0.0338,0.0338,0.0387
npu,combination_451,yolo11n,npu,170.444,0.1052,0.1052,0.0803
npu,combination_451,yolo11s,cpu,44.928,0.0465,0.0465,0.0473
npu,combination_451,yolo11m,cpu,18.106,0.0541,0.0541,0.0559
npu,combination_463,mobilenet_v2,npu,907.441,0.0681,0.0681,0.0594
npu,combination_463,resnet50,cpu,157.332,0.0382,0.0382,0.0369
npu,combination_463,yolo11n,cpu,85.222,0.0541,0.0541,0.0519
npu,combination_463,yolo11s,cpu,44.928,0.0421,0.0421,0.0496
npu,combination_463,yolo11m,cpu,18.106,0.0547,0.0547,0.0482
npu,combination_466,mobilenet_v2,cpu,814.332,0.1173,0.1173,0.1061
npu,combination_466,resnet50,npu,471.996,0.2042,0.2042,0.1380
npu,combination_466,yolo11n,npu,255.666,0.1470,0.1470,0.1277
npu,combination_466,yolo11s,npu,134.784,0.2675,0.2675,0.2539
npu,combination_466,yolo11m,npu,54.318,0.6270,0.6270,0.5163
npu,combination_464,mobilenet_v2,npu,907.441,0.0700,0.0700,0.0743
npu,combination_464,resnet50,cpu,157.332,0.0529,0.0529,0.0510
npu,combination_464,yolo11n,cpu,85.222,0.0637,0.0637,0.0624
npu,combination_464,yolo11s,npu,134.784,0.2080,0.2080,0.1858
npu,combination_464,yolo11m,cpu,18.106,0.0790,0.0790,0.0668
npu,combination_456,mobilenet_v2,npu,907.441,0.0760,0.0760,0.0673
npu,combination_456,resnet50,npu,471.996,0.1467,0.1467,0.1577
npu,combination_456,yolo11n,cpu,85.222,0.0698,0.0698,0.0611
npu,combination_456,yolo11s,cpu,44.928,0.0621,0.0621,0.0587
npu,combination_456,yolo11m,cpu,18.106,0.0773,0.0773,0.0652
npu,combination_458,mobilenet_v2,npu,907.441,0.1014,0.1014,0.0876
npu,combination_458,resnet50,cpu,157.332,0.2952,0.2952,0.3426
npu,combination_458,yolo11n,npu,255.666,0.1539,0.1539,0.1306
npu,combination_458,yolo11s,npu,134.784,0.2825,0.2825,0.2548
npu,combination_458,yolo11m,npu,54.318,0.6486,0.6486,0.5107
npu,combination_437,mobilenet_v2,cpu,814.332,0.0285,0.0285,0.0415
npu,combination_437,resnet50,cpu,157.332,0.0292,0.0292,0.0282
npu,combination_437,yolo11n,cpu,85.222,0.0428,0.0428,0.0430
npu,combination_437,yolo11s,cpu,44.928,0.0358,0.0358,0.0417
npu,combination_437,yolo11m,cpu,18.106,0.0436,0.0436,0.0414
npu,combination_421,mobilenet_v2,cpu,814.332,0.0303,0.0303,0.0347
npu,combination_421,resnet50,cpu,157.332,0.0293,0.0293,0.0337
npu,combination_421,yolo11n,cpu,85.222,0.0435,0.0435,0.0457
npu,combination_421,yolo11s,cpu,44.928,0.0372,0.0372,0.0382
npu,combination_421,yolo11m,cpu,18.106,0.0436,0.0436,0.0460
npu,combination_424,mobilenet_v2,npu,814.332,0.0806,0.0806,0.0793
npu,combination_424,resnet50,npu,157.332,0.4024,0.4024,0.3976
npu,combination_424,yolo11n,cpu,85.222,0.0712,0.0712,0.0719
npu,combination_424,yolo11s,cpu,44.928,0.0590,0.0590,0.0615
npu,combination_424,yolo11m,cpu,18.106,0.0795,0.0795,0.0775
npu,combination_445,mobilenet_v2,cpu,814.332,0.0733,0.0733,0.0792
npu,combination_445,resnet50,npu,314.664,0.2393,0.2393,0.2354
npu,combination_445,yolo11n,cpu,85.222,0.1287,0.1287,0.1169
npu,combination_445,yolo11s,npu,89.856,0.3693,0.3693,0.3710
npu,combination_445,yolo11m,npu,36.212,0.7843,0.7843,0.6075
npu,combination_426,mobilenet_v2,npu,814.332,0.1165,0.1165,0.1086
npu,combination_426,resnet50,cpu,157.332,0.3309,0.3309,0.3291
npu,combination_426,yolo11n,npu,85.222,0.4664,0.4664,0.4595
npu,combination_426,yolo11s,npu,44.928,0.8485,0.8485,0.8449
npu,combination_426,yolo11m,npu,18.106,0.9273,0.9273,0.9503
npu,combination_422,mobilenet_v2,npu,814.332,0.1677,0.1677,0.1564
npu,combination_422,resnet50,npu,157.332,0.7559,0.7559,0.7573
npu,combination_422,yolo11n,npu,85.222,0.8786,0.8786,0.8132
npu,combination_422,yolo11s,npu,44.928,0.9286,0.9286,0.9211
npu,combination_422,yolo11m,npu,18.106,0.9698,0.9698,0.9543
npu,combination_438,mobilenet_v2,npu,907.441,0.1473,0.1473,0.1315
npu,combination_438,resnet50,npu,314.664,0.4247,0.4247,0.4322
npu,combination_438,yolo11n,npu,170.444,0.4293,0.4293,0.4452
npu,combination_438,yolo11s,npu,89.856,0.7792,0.7792,0.7821
npu,combination_438,yolo11m,npu,36.212,0.9395,0.9395,0.8935
npu,combination_452,mobilenet_v2,npu,907.441,0.0717,0.0717,0.0853
npu,combination_452,resnet50,cpu,157.332,0.0507,0.0507,0.0541
npu,combination_452,yolo11n,npu,170.444,0.1586,0.1586,0.2082
npu,combination_452,yolo11s,cpu,44.928,0.0594,0.0594,0.0691
npu,combination_452,yolo11m,cpu,18.106,0.0779,0.0779,0.0763
npu,combination_461,mobilenet_v2,cpu,814.332,0.0691,0.0691,0.0781
npu,combination_461,resnet50,npu,471.996,0.1546,0.1546,0.1417
npu,combination_461,yolo11n,cpu,85.222,0.1375,0.1375,0.1155
npu,combination_461,yolo11s,npu,134.784,0.2457,0.2457,0.2094
npu,combination_461,yolo11m,npu,54.318,0.5238,0.5238,0.4365
npu,combination_444,mobilenet_v2,cpu,814.332,0.0558,0.0558,0.0540
npu,combination_444,resnet50,cpu,157.332,0.0486,0.0486,0.0525
npu,combination_444,yolo11n,npu,170.444,0.1637,0.1637,0.1960
npu,combination_444,yolo11s,npu,89.856,0.2624,0.2624,0.3591
npu,combination_444,yolo11m,cpu,18.106,0.0784,0.0784,0.0751
npu,combination_448,mobilenet_v2,npu,907.441,0.0722,0.0722,0.0839
npu,combination_448,resnet50,cpu,157.332,0.0512,0.0512,0.0543
npu,combination_448,yolo11n,cpu,85.222,0.0698,0.0698,0.0657
npu,combination_448,yolo11s,npu,89.856,0.3194,0.3194,0.3642
npu,combination_448,yolo11m,cpu,18.106,0.0718,0.0718,0.0762
npu,combination_455,mobilenet_v2,cpu,814.332,0.0480,0.0480,0.0459
npu,combination_455,resnet50,cpu,157.332,0.0344,0.0344,0.0401
npu,combination_455,yolo11n,cpu,85.222,0.0560,0.0560,0.0547
npu,combination_455,yolo11s,cpu,44.928,0.0438,0.0438,0.0521
npu,combination_455,yolo11m,npu,54.318,0.3413,0.3413,0.2918
npu,combination_449,mobilenet_v2,npu,907.441,0.0859,0.0859,0.0773
npu,combination_449,resnet50,npu,314.664,0.2477,0.2477,0.2335
npu,combination_449,yolo11n,cpu,85.222,0.1149,0.1149,0.1152
npu,combination_449,yolo11s,cpu,44.928,0.1011,0.1011,0.1188
npu,combination_449,yolo11m,npu,36.212,0.7821,0.7821,0.5875
npu,combination_431,mobilenet_v2,npu,814.332,0.0771,0.0771,0.0719
npu,combination_431,resnet50,cpu,157.332,0.0353,0.0353,0.0379
npu,combination_431,yolo11n,cpu,85.222,0.0493,0.0493,0.0553
npu,combination_431,yolo11s,cpu,44.928,0.0441,0.0441,0.0483
npu,combination_431,yolo11m,cpu,18.106,0.0541,0.0541,0.0564
npu,combination_443,mobilenet_v2,cpu,814.332,0.0461,0.0461,0.0439
npu,combination_443,resnet50,npu,314.664,0.2091,0.2091,0.2317
npu,combination_443,yolo11n,cpu,85.222,0.0482,0.0482,0.0496
npu,combination_443,yolo11s,cpu,44.928,0.0432,0.0432,0.0475
npu,combination_443,yolo11m,cpu,18.106,0.0563,0.0563,0.0561
npu,combination_453,mobilenet_v2,cpu,814.332,0.0309,0.0309,0.0345
npu,combination_453,resnet50,cpu,157.332,0.0288,0.0288,0.0290
npu,combination_453,yolo11n,cpu,85.222,0.0400,0.0400,0.0403
npu,combination_453,yolo11s,cpu,44.928,0.0356,0.0356,0.0402
npu,combination_453,yolo11m,cpu,18.106,0.0431,0.0431,0.0395
npu,combination_457,mobilenet_v2,cpu,814.332,0.0691,0.0691,0.0739
npu,combination_457,resnet50,npu,471.996,0.1578,0.1578,0.1485
npu,combination_457,yolo11n,npu,255.666,0.1293,0.1293,0.1397
npu,combination_457,yolo11s,npu,134.784,0.2385,0.2385,0.2117
npu,combination_457,yolo11m,cpu,18.106,0.1403,0.1403,0.1257
npu,combination_468,mobilenet_v2,npu,907.441,0.0771,0.0771,0.0656
npu,combination_468,resnet50,cpu,157.332,0.0540,0.0540,0.0487
npu,combination_468,yolo11n,npu,255.666,0.1040,0.1040,0.1418
npu,combination_468,yolo11s,cpu,44.928,0.0597,0.0597,0.0587
npu,combination_468,yolo11m,cpu,18.106,0.0724,0.0724,0.0656
npu,combination_427,mobilenet_v2,cpu,814.332,0.0476,0.0476,0.0456
npu,combination_427,resnet50,npu,157.332,0.3888,0.3888,0.3254
npu,combination_427,yolo11n,cpu,85.222,0.0447,0.0447,0.0571
npu,combination_427,yolo11s,cpu,44.928,0.0481,0.0481,0.0494
npu,combination_427,yolo11m,cpu,18.106,0.0563,0.0563,0.0583
npu,combination_462,mobilenet_v2,npu,907.441,0.1022,0.1022,0.0861
npu,combination_462,resnet50,npu,471.996,0.1965,0.1965,0.1373
npu,combination_462,yolo11n,npu,255.666,0.1510,0.1510,0.1284
npu,combination_462,yolo11s,npu,134.784,0.2846,0.2846,0.2552
npu,combination_462,yolo11m,cpu,18.106,0.4474,0.4474,0.4506
npu,combination_430,mobilenet_v2,npu,814.332,0.1122,0.1122,0.1195
npu,combination_430,resnet50,npu,157.332,0.5526,0.5526,0.5791
npu,combination_430,yolo11n,npu,85.222,0.4667,0.4667,0.5053
npu,combination_430,yolo11s,npu,44.928,0.8204,0.8204,0.8476
npu,combination_430,yolo11m,cpu,18.106,0.4601,0.4601,0.4843
npu,combination_454,mobilenet_v2,npu,907.441,0.1474,0.1474,0.1240
npu,combination_454,resnet50,npu,471.996,0.2834,0.2834,0.2171
npu,combination_454,yolo11n,npu,255.666,0.2758,0.2758,0.2176
npu,combination_454,yolo11s,npu,134.784,0.4995,0.4995,0.4829
npu,combination_454,yolo11m,npu,54.318,0.9096,0.9096,0.7685
npu,combination_441,mobilenet_v2,cpu,814.332,0.0670,0.0670,0.0786
npu,combination_441,resnet50,npu,314.664,0.2380,0.2380,0.2342
npu,combination_441,yolo11n,npu,170.444,0.2062,0.2062,0.2119
npu,combination_441,yolo11s,npu,89.856,0.3599,0.3599,0.3679
npu,combination_441,yolo11m,cpu,18.106,0.1381,0.1381,0.1323
npu,combination_429,mobilenet_v2,cpu,814.332,0.0741,0.0741,0.0738
npu,combination_429,resnet50,npu,157.332,0.4686,0.4686,0.4725
npu,combination_429,yolo11n,cpu,85.222,0.1308,0.1308,0.1288
npu,combination_429,yolo11s,npu,44.928,0.7416,0.7416,0.7063
npu,combination_429,yolo11m,npu,18.106,0.8898,0.8898,0.8946
npu,combination_423,mobilenet_v2,cpu,814.332,0.0436,0.0436,0.0465
npu,combination_423,resnet50,cpu,157.332,0.0384,0.0384,0.0396
npu,combination_423,yolo11n,cpu,85.222,0.0515,0.0515,0.0563
npu,combination_423,yolo11s,cpu,44.928,0.0474,0.0474,0.0485
npu,combination_423,yolo11m,npu,18.106,0.8693,0.8693,0.8042
npu,combination_450,mobilenet_v2,cpu,814.332,0.1166,0.1166,0.1143
npu,combination_450,resnet50,npu,314.664,0.3048,0.3048,0.3020
npu,combination_450,yolo11n,npu,170.444,0.2206,0.2206,0.2850
npu,combination_450,yolo11s,npu,89.856,0.3813,0.3813,0.4322
npu,combination_450,yolo11m,npu,36.212,0.9005,0.9005,0.6375
npu,combination_436,mobilenet_v2,npu,814.332,0.0801,0.0801,0.0807
npu,combination_436,resnet50,cpu,157.332,0.0524,0.0524,0.0531
npu,combination_436,yolo11n,npu,85.222,0.3277,0.3277,0.3251
npu,combination_436,yolo11s,cpu,44.928,0.0552,0.0552,0.0641
npu,combination_436,yolo11m,cpu,18.106,0.0790,0.0790,0.0753
npu,combination_442,mobilenet_v2,npu,907.441,0.1053,0.1053,0.0824
npu,combination_442,resnet50,cpu,157.332,0.3077,0.3077,0.3613
npu,combination_442,yolo11n,npu,170.444,0.2310,0.2310,0.2911
npu,combination_442,yolo11s,npu,89.856,0.4228,0.4228,0.4545
npu,combination_442,yolo11m,npu,36.212,0.8892,0.8892,0.6613
npu,combination_434,mobilenet_v2,cpu,814.332,0.1200,0.1200,0.1105
npu,combination_434,resnet50,npu,157.332,0.5755,0.5755,0.5519
npu,combination_434,yolo11n,npu,85.222,0.4465,0.4465,0.4669
npu,combination_434,yolo11s,npu,44.928,0.8202,0.8202,0.8413
npu,combination_434,yolo11m,npu,18.106,0.9461,0.9461,0.9639
npu,combination_432,mobilenet_v2,npu,814.332,0.0784,0.0784,0.0766
npu,combination_432,resnet50,cpu,157.332,0.0528,0.0528,0.0505
npu,combination_432,yolo11n,cpu,85.222,0.0669,0.0669,0.0721
npu,combination_432,yolo11s,npu,44.928,0.5903,0.5903,0.5479
npu,combination_432,yolo11m,cpu,18.106,0.0757,0.0757,0.0769
npu,combination_433,mobilenet_v2,npu,814.332,0.0995,0.0995,0.0921
npu,combination_433,resnet50,npu,157.332,0.4856,0.4856,0.4879
npu,combination_433,yolo11n,cpu,85.222,0.1157,0.1157,0.1225
npu,combination_433,yolo11s,cpu,44.928,0.1102,0.1102,0.1056
npu,combination_433,yolo11m,npu,18.106,0.9036,0.9036,0.9081
npu,combination_459,mobilenet_v2,cpu,814.332,0.0473,0.0473,0.0435
npu,combination_459,resnet50,npu,471.996,0.1314,0.1314,0.1620
npu,combination_459,yolo11n,cpu,85.222,0.0519,0.0519,0.0529
npu,combination_459,yolo11s,cpu,44.928,0.0465,0.0465,0.0514
npu,combination_459,yolo11m,cpu,18.106,0.0519,0.0519,0.0503
npu,combination_425,mobilenet_v2,cpu,814.332,0.0717,0.0717,0.0748
npu,combination_425,resnet50,npu,157.332,0.4475,0.4475,0.4704
npu,combination_425,yolo11n,npu,85.222,0.4297,0.4297,0.3785
npu,combination_425,yolo11s,npu,44.928,0.6702,0.6702,0.6644
npu,combination_425,yolo11m,cpu,18.106,0.1359,0.1359,0.1475
npu,combination_435,mobilenet_v2,cpu,814.332,0.0474,0.0474,0.0471
npu,combination_435,resnet50,cpu,157.332,0.0378,0.0378,0.0401
npu,combination_435,yolo11n,npu,85.222,0.2429,0.2429,0.2569
npu,combination_435,yolo11s,cpu,44.928,0.0465,0.0465,0.0495
npu,combination_435,yolo11m,cpu,18.106,0.0442,0.0442,0.0579
npu,combination_428,mobilenet_v2,cpu,814.332,0.0460,0.0460,0.0582
npu,combination_428,resnet50,cpu,157.332,0.0474,0.0474,0.0541
npu,combination_428,yolo11n,npu,85.222,0.3310,0.3310,0.3037
npu,combination_428,yolo11s,npu,44.928,0.6522,0.6522,0.5300
npu,combination_428,yolo11m,cpu,18.106,0.0790,0.0790,0.0793
npu,combination_280,mobilenet_v2,npu,907.441,0.0505,0.0505,0.0514
npu,combination_280,resnet50,cpu,157.332,0.0442,0.0442,0.0464
npu,combination_280,yolo11s,cpu,44.928,0.0565,0.0565,0.0573
npu,combination_280,yolo11m,cpu,18.106,0.0729,0.0729,0.0716
npu,combination_266,mobilenet_v2,npu,907.441,0.0670,0.0670,0.0622
npu,combination_266,resnet50,npu,235.998,0.2501,0.2501,0.2187
npu,combination_266,yolo11s,cpu,44.928,0.4788,0.4788,0.4741
npu,combination_266,yolo11m,npu,27.159,0.7106,0.7106,0.7224
npu,combination_267,mobilenet_v2,npu,907.441,0.0558,0.0558,0.0594
npu,combination_267,resnet50,cpu,157.332,0.0325,0.0325,0.0369
npu,combination_267,yolo11s,cpu,44.928,0.0410,0.0410,0.0462
npu,combination_267,yolo11m,cpu,18.106,0.0519,0.0519,0.0531
npu,combination_285,mobilenet_v2,npu,907.441,0.0527,0.0527,0.0570
npu,combination_285,resnet50,cpu,157.332,0.0795,0.0795,0.0833
npu,combination_285,yolo11s,cpu,44.928,0.0970,0.0970,0.1060
npu,combination_285,yolo11m,npu,36.212,0.5145,0.5145,0.5835
npu,combination_259,mobilenet_v2,cpu,814.332,0.0414,0.0414,0.0395
npu,combination_259,resnet50,cpu,157.332,0.0324,0.0324,0.0324
npu,combination_259,yolo11s,cpu,44.928,0.0421,0.0421,0.0426
npu,combination_259,yolo11m,npu,27.159,0.6149,0.6149,0.5425
npu,combination_260,mobilenet_v2,cpu,814.332,0.0499,0.0499,0.0514
npu,combination_260,resnet50,npu,235.998,0.1942,0.1942,0.1778
npu,combination_260,yolo11s,cpu,44.928,0.0599,0.0599,0.0604
npu,combination_260,yolo11m,cpu,18.106,0.0718,0.0718,0.0737
npu,combination_287,mobilenet_v2,cpu,814.332,0.0374,0.0374,0.0431
npu,combination_287,resnet50,cpu,157.332,0.0314,0.0314,0.0371
npu,combination_287,yolo11s,npu,89.856,0.1907,0.1907,0.2024
npu,combination_287,yolo11m,cpu,18.106,0.0585,0.0585,0.0518
npu,combination_271,mobilenet_v2,cpu,814.332,0.0400,0.0400,0.0403
npu,combination_271,resnet50,cpu,157.332,0.0308,0.0308,0.0343
npu,combination_271,yolo11s,npu,67.392,0.2521,0.2521,0.2309
npu,combination_271,yolo11m,cpu,18.106,0.0536,0.0536,0.0508
npu,combination_283,mobilenet_v2,npu,907.441,0.0535,0.0535,0.0585
npu,combination_283,resnet50,cpu,157.332,0.0317,0.0317,0.0325
npu,combination_283,yolo11s,cpu,44.928,0.0425,0.0425,0.0401
npu,combination_283,yolo11m,cpu,18.106,0.0514,0.0514,0.0485
npu,combination_286,mobilenet_v2,npu,907.441,0.0596,0.0596,0.0641
npu,combination_286,resnet50,cpu,157.332,0.3936,0.3936,0.3869
npu,combination_286,yolo11s,npu,89.856,0.2340,0.2340,0.2785
npu,combination_286,yolo11m,npu,36.212,0.5468,0.5468,0.5927
npu,combination_284,mobilenet_v2,cpu,814.332,0.0530,0.0530,0.0516
npu,combination_284,resnet50,npu,314.664,0.1588,0.1588,0.1560
npu,combination_284,yolo11s,npu,89.856,0.2209,0.2209,0.2235
npu,combination_284,yolo11m,cpu,18.106,0.0740,0.0740,0.0753
npu,combination_276,mobilenet_v2,cpu,814.332,0.0511,0.0511,0.0492
npu,combination_276,resnet50,npu,314.664,0.1341,0.1341,0.1407
npu,combination_276,yolo11s,cpu,44.928,0.0568,0.0568,0.0573
npu,combination_276,yolo11m,cpu,18.106,0.0707,0.0707,0.0729
npu,combination_278,mobilenet_v2,npu,907.441,0.0832,0.0832,0.0845
npu,combination_278,resnet50,npu,314.664,0.2389,0.2389,0.2249
npu,combination_278,yolo11s,npu,89.856,0.4232,0.4232,0.4266
npu,combination_278,yolo11m,npu,36.212,0.7448,0.7448,0.7427
npu,combination_257,mobilenet_v2,cpu,814.332,0.0300,0.0300,0.0291
npu,combination_257,resnet50,cpu,157.332,0.0245,0.0245,0.0228
npu,combination_257,yolo11s,cpu,44.928,0.0354,0.0354,0.0318
npu,combination_257,yolo11m,cpu,18.106,0.0409,0.0409,0.0381
npu,combination_241,mobilenet_v2,cpu,814.332,0.0316,0.0316,0.0355
npu,combination_241,resnet50,cpu,157.332,0.0270,0.0270,0.0260
npu,combination_241,yolo11s,cpu,44.928,0.0343,0.0343,0.0346
npu,combination_241,yolo11m,cpu,18.106,0.0442,0.0442,0.0420
npu,combination_244,mobilenet_v2,cpu,814.332,0.0549,0.0549,0.0558
npu,combination_244,resnet50,npu,157.332,0.3247,0.3247,0.3070
npu,combination_244,yolo11s,cpu,44.928,0.0623,0.0623,0.0636
npu,combination_244,yolo11m,cpu,18.106,0.0712,0.0712,0.0723
npu,combination_265,mobilenet_v2,cpu,814.332,0.0842,0.0842,0.0913
npu,combination_265,resnet50,npu,235.998,0.2727,0.2727,0.2283
npu,combination_265,yolo11s,npu,67.392,0.4110,0.4110,0.3525
npu,combination_265,yolo11m,npu,27.159,0.7994,0.7994,0.7302
npu,combination_246,mobilenet_v2,npu,814.332,0.1126,0.1126,0.1132
npu,combination_246,resnet50,npu,157.332,0.5370,0.5370,0.5306
npu,combination_246,yolo11s,npu,44.928,0.7841,0.7841,0.7600
npu,combination_246,yolo11m,npu,18.106,0.9605,0.9605,0.9562
npu,combination_242,mobilenet_v2,npu,814.332,0.1014,0.1014,0.0994
npu,combination_242,resnet50,npu,157.332,0.4534,0.4534,0.4373
npu,combination_242,yolo11s,npu,44.928,0.6584,0.6584,0.6759
npu,combination_242,yolo11m,npu,18.106,0.9461,0.9461,0.9356
npu,combination_258,mobilenet_v2,npu,907.441,0.0722,0.0722,0.0620
npu,combination_258,resnet50,npu,235.998,0.2759,0.2759,0.2251
npu,combination_258,yolo11s,npu,67.392,0.4877,0.4877,0.4300
npu,combination_258,yolo11m,npu,27.159,0.7441,0.7441,0.7133
npu,combination_272,mobilenet_v2,npu,907.441,0.0597,0.0597,0.0627
npu,combination_272,resnet50,npu,235.998,0.2250,0.2250,0.2001
npu,combination_272,yolo11s,cpu,44.928,0.0583,0.0583,0.0614
npu,combination_272,yolo11m,cpu,18.106,0.0724,0.0724,0.0754
npu,combination_281,mobilenet_v2,cpu,814.332,0.0841,0.0841,0.0836
npu,combination_281,resnet50,npu,314.664,0.1926,0.1926,0.1897
npu,combination_281,yolo11s,npu,89.856,0.2953,0.2953,0.2756
npu,combination_281,yolo11m,npu,36.212,0.6630,0.6630,0.6342
npu,combination_264,mobilenet_v2,npu,907.441,0.0536,0.0536,0.0505
npu,combination_264,resnet50,cpu,157.332,0.0474,0.0474,0.0507
npu,combination_264,yolo11s,cpu,44.928,0.0583,0.0583,0.0621
npu,combination_264,yolo11m,cpu,18.106,0.0679,0.0679,0.0749
npu,combination_268,mobilenet_v2,cpu,814.332,0.0530,0.0530,0.0540
npu,combination_268,resnet50,npu,235.998,0.2261,0.2261,0.1864
npu,combination_268,yolo11s,npu,67.392,0.3158,0.3158,0.2846
npu,combination_268,yolo11m,cpu,18.106,0.0768,0.0768,0.0780
npu,combination_275,mobilenet_v2,cpu,814.332,0.0427,0.0427,0.0407
npu,combination_275,resnet50,cpu,157.332,0.0341,0.0341,0.0346
npu,combination_275,yolo11s,cpu,44.928,0.0461,0.0461,0.0404
npu,combination_275,yolo11m,npu,36.212,0.4446,0.4446,0.4638
npu,combination_269,mobilenet_v2,npu,907.441,0.0612,0.0612,0.0630
npu,combination_269,resnet50,cpu,157.332,0.0815,0.0815,0.0880
npu,combination_269,yolo11s,cpu,44.928,0.0937,0.0937,0.1063
npu,combination_269,yolo11m,npu,27.159,0.7287,0.7287,0.7215
npu,combination_251,mobilenet_v2,npu,814.332,0.0616,0.0616,0.0821
npu,combination_251,resnet50,cpu,157.332,0.0303,0.0303,0.0324
npu,combination_251,yolo11s,cpu,44.928,0.0452,0.0452,0.0452
npu,combination_251,yolo11m,cpu,18.106,0.0552,0.0552,0.0521
npu,combination_263,mobilenet_v2,cpu,814.332,0.0397,0.0397,0.0403
npu,combination_263,resnet50,npu,235.998,0.1987,0.1987,0.1797
npu,combination_263,yolo11s,cpu,44.928,0.0432,0.0432,0.0434
npu,combination_263,yolo11m,cpu,18.106,0.0541,0.0541,0.0510
npu,combination_273,mobilenet_v2,cpu,814.332,0.0321,0.0321,0.0313
npu,combination_273,resnet50,cpu,157.332,0.0277,0.0277,0.0240
npu,combination_273,yolo11s,cpu,44.928,0.0338,0.0338,0.0329
npu,combination_273,yolo11m,cpu,18.106,0.0431,0.0431,0.0385
npu,combination_277,mobilenet_v2,npu,907.441,0.0536,0.0536,0.0571
npu,combination_277,resnet50,npu,314.664,0.1523,0.1523,0.1607
npu,combination_277,yolo11s,cpu,44.928,0.0890,0.0890,0.1039
npu,combination_277,yolo11m,cpu,18.106,0.1215,0.1215,0.1269
npu,combination_288,mobilenet_v2,npu,907.441,0.0566,0.0566,0.0574
npu,combination_288,resnet50,npu,314.664,0.1614,0.1614,0.1674
npu,combination_288,yolo11s,cpu,44.928,0.0594,0.0594,0.0568
npu,combination_288,yolo11m,cpu,18.106,0.0735,0.0735,0.0714
npu,combination_247,mobilenet_v2,cpu,814.332,0.0402,0.0402,0.0419
npu,combination_247,resnet50,npu,157.332,0.3155,0.3155,0.3104
npu,combination_247,yolo11s,cpu,44.928,0.0396,0.0396,0.0451
npu,combination_247,yolo11m,cpu,18.106,0.0558,0.0558,0.0526
npu,combination_282,mobilenet_v2,npu,907.441,0.0584,0.0584,0.0645
npu,combination_282,resnet50,npu,314.664,0.1606,0.1606,0.1788
npu,combination_282,yolo11s,cpu,44.928,0.4732,0.4732,0.4813
npu,combination_282,yolo11m,npu,36.212,0.5421,0.5421,0.6038
npu,combination_250,mobilenet_v2,npu,814.332,0.0832,0.0832,0.0801
npu,combination_250,resnet50,npu,157.332,0.4050,0.4050,0.4064
npu,combination_250,yolo11s,cpu,44.928,0.4941,0.4941,0.4816
npu,combination_250,yolo11m,npu,18.106,0.9102,0.9102,0.9004
npu,combination_274,mobilenet_v2,npu,907.441,0.0610,0.0610,0.0729
npu,combination_274,resnet50,npu,314.664,0.1739,0.1739,0.1879
npu,combination_274,yolo11s,npu,89.856,0.3375,0.3375,0.3416
npu,combination_274,yolo11m,npu,36.212,0.5852,0.5852,0.6634
npu,combination_261,mobilenet_v2,npu,907.441,0.0578,0.0578,0.0579
npu,combination_261,resnet50,npu,235.998,0.2197,0.2197,0.2039
npu,combination_261,yolo11s,cpu,44.928,0.1039,0.1039,0.1069
npu,combination_261,yolo11m,cpu,18.106,0.1127,0.1127,0.1303
npu,combination_249,mobilenet_v2,cpu,814.332,0.0851,0.0851,0.0900
npu,combination_249,resnet50,npu,157.332,0.4232,0.4232,0.4203
npu,combination_249,yolo11s,npu,44.928,0.6755,0.6755,0.6308
npu,combination_249,yolo11m,npu,18.106,0.9030,0.9030,0.9359
npu,combination_243,mobilenet_v2,cpu,814.332,0.0407,0.0407,0.0420
npu,combination_243,resnet50,cpu,157.332,0.0351,0.0351,0.0328
npu,combination_243,yolo11s,cpu,44.928,0.0430,0.0430,0.0454
npu,combination_243,yolo11m,npu,18.106,0.8610,0.8610,0.8104
npu,combination_270,mobilenet_v2,npu,907.441,0.0653,0.0653,0.0631
npu,combination_270,resnet50,cpu,157.332,0.3905,0.3905,0.3893
npu,combination_270,yolo11s,npu,67.392,0.3457,0.3457,0.3330
npu,combination_270,yolo11m,npu,27.159,0.7092,0.7092,0.7260
npu,combination_256,mobilenet_v2,npu,814.332,0.0730,0.0730,0.0735
npu,combination_256,resnet50,npu,157.332,0.3586,0.3586,0.3595
npu,combination_256,yolo11s,cpu,44.928,0.0603,0.0603,0.0610
npu,combination_256,yolo11m,cpu,18.106,0.0735,0.0735,0.0729
npu,combination_262,mobilenet_v2,npu,907.441,0.0906,0.0906,0.0752
npu,combination_262,resnet50,npu,235.998,0.3459,0.3459,0.2725
npu,combination_262,yolo11s,npu,67.392,0.6097,0.6097,0.4704
npu,combination_262,yolo11m,npu,27.159,0.8461,0.8461,0.7921
npu,combination_254,mobilenet_v2,npu,814.332,0.0853,0.0853,0.0809
npu,combination_254,resnet50,cpu,157.332,0.3941,0.3941,0.3876
npu,combination_254,yolo11s,npu,44.928,0.5860,0.5860,0.6060
npu,combination_254,yolo11m,npu,18.106,0.9212,0.9212,0.9174
npu,combination_252,mobilenet_v2,cpu,814.332,0.0516,0.0516,0.0542
npu,combination_252,resnet50,npu,157.332,0.3568,0.3568,0.3476
npu,combination_252,yolo11s,npu,44.928,0.5204,0.5204,0.5176
npu,combination_252,yolo11m,cpu,18.106,0.0746,0.0746,0.0736
npu,combination_253,mobilenet_v2,npu,814.332,0.0746,0.0746,0.0749
npu,combination_253,resnet50,cpu,157.332,0.0825,0.0825,0.0795
npu,combination_253,yolo11s,cpu,44.928,0.1046,0.1046,0.1073
npu,combination_253,yolo11m,npu,18.106,0.9074,0.9074,0.9057
npu,combination_279,mobilenet_v2,cpu,814.332,0.0381,0.0381,0.0410
npu,combination_279,resnet50,npu,314.664,0.1457,0.1457,0.1502
npu,combination_279,yolo11s,cpu,44.928,0.0430,0.0430,0.0437
npu,combination_279,yolo11m,cpu,18.106,0.0530,0.0530,0.0506
npu,combination_245,mobilenet_v2,npu,814.332,0.0765,0.0765,0.0749
npu,combination_245,resnet50,npu,157.332,0.3707,0.3707,0.3802
npu,combination_245,yolo11s,cpu,44.928,0.0868,0.0868,0.1041
npu,combination_245,yolo11m,cpu,18.106,0.1287,0.1287,0.1298
npu,combination_255,mobilenet_v2,cpu,814.332,0.0383,0.0383,0.0419
npu,combination_255,resnet50,cpu,157.332,0.0344,0.0344,0.0321
npu,combination_255,yolo11s,npu,44.928,0.3895,0.3895,0.4027
npu,combination_255,yolo11m,cpu,18.106,0.0530,0.0530,0.0526
npu,combination_248,mobilenet_v2,npu,814.332,0.0655,0.0655,0.0638
npu,combination_248,resnet50,cpu,157.332,0.0462,0.0462,0.0483
npu,combination_248,yolo11s,cpu,44.928,0.0585,0.0585,0.0617
npu,combination_248,yolo11m,cpu,18.106,0.0746,0.0746,0.0702
npu,combination_232,mobilenet_v2,npu,907.441,0.0773,0.0773,0.0759
npu,combination_232,resnet50,npu,471.996,0.1466,0.1466,0.1451
npu,combination_232,yolo11s,npu,134.784,0.2709,0.2709,0.2632
npu,combination_218,mobilenet_v2,cpu,814.332,0.0814,0.0814,0.0787
npu,combination_218,resnet50,cpu,157.332,0.0863,0.0863,0.0821
npu,combination_218,yolo11s,npu,89.856,0.2360,0.2360,0.2252
npu,combination_219,mobilenet_v2,cpu,814.332,0.0750,0.0750,0.0787
npu,combination_219,resnet50,npu,314.664,0.1606,0.1606,0.1627
npu,combination_219,yolo11s,cpu,44.928,0.1133,0.1133,0.1078
npu,combination_237,mobilenet_v2,npu,907.441,0.0504,0.0504,0.0489
npu,combination_237,resnet50,cpu,157.332,0.0772,0.0772,0.0810
npu,combination_237,yolo11s,cpu,44.928,0.1004,0.1004,0.1046
npu,combination_211,mobilenet_v2,cpu,814.332,0.0550,0.0550,0.0548
npu,combination_211,resnet50,npu,314.664,0.1747,0.1747,0.1842
npu,combination_211,yolo11s,cpu,44.928,0.0625,0.0625,0.0614
npu,combination_212,mobilenet_v2,cpu,814.332,0.0880,0.0880,0.0913
npu,combination_212,resnet50,npu,314.664,0.1974,0.1974,0.2177
npu,combination_212,yolo11s,npu,89.856,0.3151,0.3151,0.2912
npu,combination_239,mobilenet_v2,npu,907.441,0.0550,0.0550,0.0600
npu,combination_239,resnet50,npu,471.996,0.0991,0.0991,0.1228
npu,combination_239,yolo11s,cpu,44.928,0.5004,0.5004,0.4075
npu,combination_223,mobilenet_v2,npu,907.441,0.0624,0.0624,0.0582
npu,combination_223,resnet50,npu,314.664,0.1746,0.1746,0.1760
npu,combination_223,yolo11s,cpu,44.928,0.4941,0.4941,0.4553
npu,combination_235,mobilenet_v2,cpu,814.332,0.0719,0.0719,0.0722
npu,combination_235,resnet50,npu,471.996,0.0933,0.0933,0.1094
npu,combination_235,yolo11s,cpu,44.928,0.1133,0.1133,0.1035
npu,combination_238,mobilenet_v2,npu,907.441,0.0537,0.0537,0.0658
npu,combination_238,resnet50,cpu,157.332,0.4196,0.4196,0.3441
npu,combination_238,yolo11s,npu,134.784,0.1476,0.1476,0.1898
npu,combination_236,mobilenet_v2,cpu,814.332,0.1215,0.1215,0.1127
npu,combination_236,resnet50,npu,471.996,0.0943,0.0943,0.1205
npu,combination_236,yolo11s,npu,134.784,0.1410,0.1410,0.1766
npu,combination_228,mobilenet_v2,cpu,814.332,0.0873,0.0873,0.0814
npu,combination_228,resnet50,npu,471.996,0.1251,0.1251,0.1317
npu,combination_228,yolo11s,npu,134.784,0.1909,0.1909,0.1808
npu,combination_230,mobilenet_v2,npu,907.441,0.0667,0.0667,0.0672
npu,combination_230,resnet50,cpu,157.332,0.0932,0.0932,0.0934
npu,combination_230,yolo11s,npu,134.784,0.1885,0.1885,0.1820
npu,combination_209,mobilenet_v2,cpu,814.332,0.0416,0.0416,0.0381
npu,combination_209,resnet50,cpu,157.332,0.0353,0.0353,0.0325
npu,combination_209,yolo11s,cpu,44.928,0.0436,0.0436,0.0413
npu,combination_193,mobilenet_v2,cpu,814.332,0.0433,0.0433,0.0392
npu,combination_193,resnet50,cpu,157.332,0.0336,0.0336,0.0325
npu,combination_193,yolo11s,cpu,44.928,0.0443,0.0443,0.0419
npu,combination_196,mobilenet_v2,cpu,814.332,0.0889,0.0889,0.0972
npu,combination_196,resnet50,npu,157.332,0.4390,0.4390,0.4518
npu,combination_196,yolo11s,npu,44.928,0.6862,0.6862,0.6775
npu,combination_217,mobilenet_v2,cpu,814.332,0.0494,0.0494,0.0513
npu,combination_217,resnet50,cpu,157.332,0.0503,0.0503,0.0467
npu,combination_217,yolo11s,cpu,44.928,0.0632,0.0632,0.0587
npu,combination_198,mobilenet_v2,npu,814.332,0.0881,0.0881,0.0822
npu,combination_198,resnet50,cpu,157.332,0.1061,0.1061,0.1157
npu,combination_198,yolo11s,npu,44.928,0.6829,0.6829,0.6828
npu,combination_194,mobilenet_v2,cpu,814.332,0.0563,0.0563,0.0543
npu,combination_194,resnet50,cpu,157.332,0.0489,0.0489,0.0504
npu,combination_194,yolo11s,npu,44.928,0.5086,0.5086,0.5229
npu,combination_210,mobilenet_v2,cpu,814.332,0.0556,0.0556,0.0547
npu,combination_210,resnet50,cpu,157.332,0.0482,0.0482,0.0505
npu,combination_210,yolo11s,npu,89.856,0.2289,0.2289,0.2266
npu,combination_224,mobilenet_v2,npu,907.441,0.0625,0.0625,0.0751
npu,combination_224,resnet50,npu,314.664,0.1768,0.1768,0.2009
npu,combination_224,yolo11s,npu,89.856,0.3645,0.3645,0.3909
npu,combination_233,mobilenet_v2,cpu,814.332,0.0513,0.0513,0.0510
npu,combination_233,resnet50,cpu,157.332,0.0468,0.0468,0.0457
npu,combination_233,yolo11s,cpu,44.928,0.0576,0.0576,0.0581
npu,combination_216,mobilenet_v2,npu,907.441,0.0871,0.0871,0.0737
npu,combination_216,resnet50,npu,314.664,0.2483,0.2483,0.2159
npu,combination_216,yolo11s,npu,89.856,0.4686,0.4686,0.4267
npu,combination_220,mobilenet_v2,cpu,814.332,0.1232,0.1232,0.1259
npu,combination_220,resnet50,npu,314.664,0.1689,0.1689,0.1741
npu,combination_220,yolo11s,npu,89.856,0.2401,0.2401,0.2506
npu,combination_227,mobilenet_v2,cpu,814.332,0.0546,0.0546,0.0567
npu,combination_227,resnet50,npu,471.996,0.1072,0.1072,0.1261
npu,combination_227,yolo11s,cpu,44.928,0.0625,0.0625,0.0659
npu,combination_221,mobilenet_v2,npu,907.441,0.0613,0.0613,0.0535
npu,combination_221,resnet50,cpu,157.332,0.0803,0.0803,0.0818
npu,combination_221,yolo11s,cpu,44.928,0.0999,0.0999,0.1082
npu,combination_203,mobilenet_v2,cpu,814.332,0.0740,0.0740,0.0775
npu,combination_203,resnet50,npu,157.332,0.3800,0.3800,0.4038
npu,combination_203,yolo11s,cpu,44.928,0.1253,0.1253,0.1087
npu,combination_215,mobilenet_v2,npu,907.441,0.0707,0.0707,0.0664
npu,combination_215,resnet50,npu,314.664,0.2028,0.2028,0.2129
npu,combination_215,yolo11s,cpu,44.928,0.1193,0.1193,0.1214
npu,combination_225,mobilenet_v2,cpu,814.332,0.0390,0.0390,0.0427
npu,combination_225,resnet50,cpu,157.332,0.0340,0.0340,0.0336
npu,combination_225,yolo11s,cpu,44.928,0.0467,0.0467,0.0452
npu,combination_229,mobilenet_v2,npu,907.441,0.0589,0.0589,0.0690
npu,combination_229,resnet50,cpu,157.332,0.0491,0.0491,0.0502
npu,combination_229,yolo11s,cpu,44.928,0.0588,0.0588,0.0595
npu,combination_240,mobilenet_v2,npu,907.441,0.0472,0.0472,0.0844
npu,combination_240,resnet50,npu,471.996,0.0882,0.0882,0.1385
npu,combination_240,yolo11s,npu,134.784,0.1842,0.1842,0.2815
npu,combination_199,mobilenet_v2,npu,814.332,0.0879,0.0879,0.0850
npu,combination_199,resnet50,npu,157.332,0.4334,0.4334,0.4547
npu,combination_199,yolo11s,cpu,44.928,0.1302,0.1302,0.1356
npu,combination_234,mobilenet_v2,cpu,814.332,0.0727,0.0727,0.0739
npu,combination_234,resnet50,cpu,157.332,0.0918,0.0918,0.0826
npu,combination_234,yolo11s,npu,134.784,0.1351,0.1351,0.1406
npu,combination_202,mobilenet_v2,cpu,814.332,0.0786,0.0786,0.0785
npu,combination_202,resnet50,cpu,157.332,0.0930,0.0930,0.0841
npu,combination_202,yolo11s,npu,44.928,0.5527,0.5527,0.5933
npu,combination_226,mobilenet_v2,cpu,814.332,0.0544,0.0544,0.0521
npu,combination_226,resnet50,cpu,157.332,0.0496,0.0496,0.0509
npu,combination_226,yolo11s,npu,134.784,0.1423,0.1423,0.1525
npu,combination_213,mobilenet_v2,npu,907.441,0.0644,0.0644,0.0741
npu,combination_213,resnet50,cpu,157.332,0.0467,0.0467,0.0535
npu,combination_213,yolo11s,cpu,44.928,0.0601,0.0601,0.0633
npu,combination_201,mobilenet_v2,cpu,814.332,0.0584,0.0584,0.0543
npu,combination_201,resnet50,cpu,157.332,0.0476,0.0476,0.0500
npu,combination_201,yolo11s,cpu,44.928,0.0608,0.0608,0.0634
npu,combination_195,mobilenet_v2,cpu,814.332,0.0567,0.0567,0.0543
npu,combination_195,resnet50,npu,157.332,0.3753,0.3753,0.3877
npu,combination_195,yolo11s,cpu,44.928,0.0648,0.0648,0.0634
npu,combination_222,mobilenet_v2,npu,907.441,0.0642,0.0642,0.0570
npu,combination_222,resnet50,cpu,157.332,0.4176,0.4176,0.3812
npu,combination_222,yolo11s,npu,89.856,0.2470,0.2470,0.2562
npu,combination_208,mobilenet_v2,npu,814.332,0.1049,0.1049,0.1111
npu,combination_208,resnet50,npu,157.332,0.4634,0.4634,0.4461
npu,combination_208,yolo11s,npu,44.928,0.6802,0.6802,0.7232
npu,combination_214,mobilenet_v2,npu,907.441,0.0723,0.0723,0.0698
npu,combination_214,resnet50,cpu,157.332,0.0973,0.0973,0.1007
npu,combination_214,yolo11s,npu,89.856,0.3141,0.3141,0.2909
npu,combination_206,mobilenet_v2,npu,814.332,0.0893,0.0893,0.0810
npu,combination_206,resnet50,cpu,157.332,0.4288,0.4288,0.3763
npu,combination_206,yolo11s,npu,44.928,0.6297,0.6297,0.6725
npu,combination_204,mobilenet_v2,cpu,814.332,0.1212,0.1212,0.1123
npu,combination_204,resnet50,npu,157.332,0.4215,0.4215,0.4301
npu,combination_204,yolo11s,npu,44.928,0.6286,0.6286,0.6583
npu,combination_205,mobilenet_v2,npu,814.332,0.0807,0.0807,0.0770
npu,combination_205,resnet50,cpu,157.332,0.0774,0.0774,0.0811
npu,combination_205,yolo11s,cpu,44.928,0.1142,0.1142,0.1077
npu,combination_231,mobilenet_v2,npu,907.441,0.0646,0.0646,0.0687
npu,combination_231,resnet50,npu,471.996,0.1239,0.1239,0.1333
npu,combination_231,yolo11s,cpu,44.928,0.1193,0.1193,0.1111
npu,combination_197,mobilenet_v2,npu,814.332,0.0766,0.0766,0.0802
npu,combination_197,resnet50,cpu,157.332,0.0493,0.0493,0.0508
npu,combination_197,yolo11s,cpu,44.928,0.0623,0.0623,0.0628
npu,combination_207,mobilenet_v2,npu,814.332,0.0864,0.0864,0.0831
npu,combination_207,resnet50,npu,157.332,0.4135,0.4135,0.4351
npu,combination_207,yolo11s,cpu,44.928,0.5220,0.5220,0.4758
npu,combination_200,mobilenet_v2,npu,814.332,0.1158,0.1158,0.1070
npu,combination_200,resnet50,npu,157.332,0.5463,0.5463,0.4883
npu,combination_200,yolo11s,npu,44.928,0.7977,0.7977,0.7699
npu,combination_173,resnet50,cpu,157.332,0.0516,0.0516,0.0526
npu,combination_173,yolo11s,cpu,44.928,0.0666,0.0666,0.0685
npu,combination_188,resnet50,npu,314.664,0.3413,0.3413,0.3005
npu,combination_188,yolo11s,npu,89.856,0.6142,0.6142,0.5066
npu,combination_163,resnet50,npu,157.332,0.5715,0.5715,0.5138
npu,combination_163,yolo11s,cpu,44.928,0.5881,0.5881,0.6628
npu,combination_133,mobilenet_v2,cpu,814.332,0.0612,0.0612,0.0704
npu,combination_133,resnet50,cpu,157.332,0.0556,0.0556,0.0627
npu,combination_133,yolo11s,cpu,44.928,0.0706,0.0706,0.0842
npu,combination_140,mobilenet_v2,npu,814.332,0.1756,0.1756,0.1886
npu,combination_140,resnet50,npu,157.332,0.7579,0.7579,0.7685
npu,combination_140,yolo11s,npu,44.928,0.9317,0.9317,0.9454
npu,combination_166,resnet50,cpu,157.332,0.0999,0.0999,0.1142
npu,combination_166,yolo11s,npu,89.856,0.4365,0.4365,0.3990
npu,combination_156,mobilenet_v2,npu,907.441,0.1518,0.1518,0.1424
npu,combination_156,resnet50,npu,471.996,0.2919,0.2919,0.2432
npu,combination_156,yolo11s,npu,134.784,0.6130,0.6130,0.5158
npu,combination_180,resnet50,npu,471.996,0.1915,0.1915,0.1973
npu,combination_180,yolo11s,npu,134.784,0.3566,0.3566,0.4002
npu,combination_191,resnet50,npu,471.996,0.1683,0.1683,0.1724
npu,combination_191,yolo11s,cpu,44.928,0.6355,0.6355,0.5014
npu,combination_121,resnet50,cpu,157.332,0.0927,0.0927,0.1025
npu,combination_121,yolo11s,cpu,44.928,0.1407,0.1407,0.1291
npu,combination_181,resnet50,cpu,157.332,0.1021,0.1021,0.0865
npu,combination_181,yolo11s,cpu,44.928,0.1264,0.1264,0.1156
npu,combination_137,mobilenet_v2,npu,814.332,0.1061,0.1061,0.1903
npu,combination_137,resnet50,cpu,157.332,0.0957,0.0957,0.0946
npu,combination_137,yolo11s,cpu,44.928,0.1191,0.1191,0.1250
npu,combination_189,resnet50,cpu,157.332,0.0919,0.0919,0.0832
npu,combination_189,yolo11s,cpu,44.928,0.1340,0.1340,0.1127
npu,combination_185,resnet50,cpu,157.332,0.0956,0.0956,0.0871
npu,combination_185,yolo11s,cpu,44.928,0.1273,0.1273,0.1158
npu,combination_126,resnet50,cpu,157.332,0.4927,0.4927,0.4704
npu,combination_126,yolo11s,npu,134.784,0.3080,0.3080,0.3471
npu,combination_152,mobilenet_v2,cpu,814.332,0.1194,0.1194,0.2014
npu,combination_152,resnet50,npu,471.996,0.2069,0.2069,0.2085
npu,combination_152,yolo11s,npu,134.784,0.3319,0.3319,0.2946
npu,combination_125,resnet50,cpu,157.332,0.1007,0.1007,0.0881
npu,combination_125,yolo11s,cpu,44.928,0.1333,0.1333,0.1237
npu,combination_135,mobilenet_v2,cpu,814.332,0.0844,0.0844,0.0899
npu,combination_135,resnet50,npu,157.332,0.5099,0.5099,0.5257
npu,combination_135,yolo11s,cpu,44.928,0.1373,0.1373,0.1290
npu,combination_143,mobilenet_v2,cpu,814.332,0.0866,0.0866,0.0873
npu,combination_143,resnet50,npu,314.664,0.2750,0.2750,0.2652
npu,combination_143,yolo11s,cpu,44.928,0.1273,0.1273,0.1235
npu,combination_149,mobilenet_v2,cpu,814.332,0.0653,0.0653,0.0578
npu,combination_149,resnet50,cpu,157.332,0.0544,0.0544,0.0551
npu,combination_149,yolo11s,cpu,44.928,0.0663,0.0663,0.0657
npu,combination_132,resnet50,npu,629.328,0.2543,0.2543,0.1562
npu,combination_132,yolo11s,npu,179.712,0.4702,0.4702,0.5182
npu,combination_157,resnet50,cpu,157.332,0.0532,0.0532,0.0636
npu,combination_157,yolo11s,cpu,44.928,0.0668,0.0668,0.0733
npu,combination_183,resnet50,npu,157.332,0.5148,0.5148,0.4959
npu,combination_183,yolo11s,cpu,44.928,0.6577,0.6577,0.5723
npu,combination_170,resnet50,cpu,157.332,0.4328,0.4328,0.5410
npu,combination_170,yolo11s,npu,89.856,0.3582,0.3582,0.3540
npu,combination_145,mobilenet_v2,npu,907.441,0.0917,0.0917,0.1512
npu,combination_145,resnet50,cpu,157.332,0.0956,0.0956,0.0948
npu,combination_145,yolo11s,cpu,44.928,0.1229,0.1229,0.1233
npu,combination_186,resnet50,cpu,157.332,0.5468,0.5468,0.4479
npu,combination_186,yolo11s,npu,89.856,0.3439,0.3439,0.2963
npu,combination_171,resnet50,npu,314.664,0.3152,0.3152,0.2613
npu,combination_171,yolo11s,cpu,44.928,0.4984,0.4984,0.6333
npu,combination_167,resnet50,npu,314.664,0.3646,0.3646,0.2972
npu,combination_167,yolo11s,cpu,44.928,0.1235,0.1235,0.1387
npu,combination_184,resnet50,npu,157.332,0.5010,0.5010,0.4919
npu,combination_184,yolo11s,npu,44.928,0.8206,0.8206,0.7982
npu,combination_153,mobilenet_v2,npu,907.441,0.0953,0.0953,0.1496
npu,combination_153,resnet50,cpu,157.332,0.0904,0.0904,0.0866
npu,combination_153,yolo11s,cpu,44.928,0.1242,0.1242,0.1110
npu,combination_178,resnet50,cpu,157.332,0.4182,0.4182,0.5322
npu,combination_178,yolo11s,npu,134.784,0.2247,0.2247,0.2288
npu,combination_158,resnet50,cpu,157.332,0.1149,0.1149,0.1237
npu,combination_158,yolo11s,npu,44.928,0.8672,0.8672,0.7284
npu,combination_187,resnet50,npu,314.664,0.2804,0.2804,0.2423
npu,combination_187,yolo11s,cpu,44.928,0.6346,0.6346,0.5252
npu,combination_176,resnet50,npu,471.996,0.2890,0.2890,0.2402
npu,combination_176,yolo11s,npu,134.784,0.4659,0.4659,0.3968
npu,combination_122,resnet50,cpu,157.332,0.5150,0.5150,0.4990
npu,combination_122,yolo11s,npu,89.856,0.4610,0.4610,0.4399
npu,combination_128,resnet50,npu,471.996,0.3388,0.3388,0.3185
npu,combination_128,yolo11s,npu,134.784,0.6475,0.6475,0.5779
npu,combination_172,resnet50,npu,314.664,0.3326,0.3326,0.3202
npu,combination_172,yolo11s,npu,89.856,0.5931,0.5931,0.6019
npu,combination_131,resnet50,npu,629.328,0.2004,0.2004,0.2026
npu,combination_131,yolo11s,cpu,44.928,0.6295,0.6295,0.5619
npu,combination_124,resnet50,npu,314.664,0.5083,0.5083,0.4919
npu,combination_124,yolo11s,npu,89.856,0.8642,0.8642,0.8480
npu,combination_155,mobilenet_v2,npu,907.441,0.1060,0.1060,0.0943
npu,combination_155,resnet50,npu,471.996,0.2038,0.2038,0.2123
npu,combination_155,yolo11s,cpu,44.928,0.5529,0.5529,0.4449
npu,combination_174,resnet50,cpu,157.332,0.0982,0.0982,0.1093
npu,combination_174,yolo11s,npu,134.784,0.2967,0.2967,0.3036
npu,combination_139,mobilenet_v2,npu,814.332,0.1201,0.1201,0.1120
npu,combination_139,resnet50,npu,157.332,0.5806,0.5806,0.5585
npu,combination_139,yolo11s,cpu,44.928,0.5542,0.5542,0.5776
npu,combination_169,resnet50,cpu,157.332,0.0818,0.0818,0.1027
npu,combination_169,yolo11s,cpu,44.928,0.1100,0.1100,0.1246
npu,combination_142,mobilenet_v2,cpu,814.332,0.0837,0.0837,0.0889
npu,combination_142,resnet50,cpu,157.332,0.1020,0.1020,0.0932
npu,combination_142,yolo11s,npu,89.856,0.3950,0.3950,0.3472
npu,combination_147,mobilenet_v2,npu,907.441,0.1055,0.1055,0.1016
npu,combination_147,resnet50,npu,314.664,0.3041,0.3041,0.3372
npu,combination_147,yolo11s,cpu,44.928,0.5778,0.5778,0.4894
npu,combination_138,mobilenet_v2,npu,814.332,0.1199,0.1199,0.1117
npu,combination_138,resnet50,cpu,157.332,0.4075,0.4075,0.4401
npu,combination_138,yolo11s,npu,44.928,0.8903,0.8903,0.8535
npu,combination_192,resnet50,npu,471.996,0.2011,0.2011,0.1644
npu,combination_192,yolo11s,npu,134.784,0.3717,0.3717,0.3145
npu,combination_127,resnet50,npu,471.996,0.2637,0.2637,0.2538
npu,combination_127,yolo11s,cpu,44.928,0.6103,0.6103,0.5474
npu,combination_165,resnet50,cpu,157.332,0.0529,0.0529,0.0496
npu,combination_165,yolo11s,cpu,44.928,0.0639,0.0639,0.0679
npu,combination_168,resnet50,npu,314.664,0.4371,0.4371,0.3361
npu,combination_168,yolo11s,npu,89.856,0.7159,0.7159,0.5745
npu,combination_160,resnet50,npu,157.332,0.6371,0.6371,0.5353
npu,combination_160,yolo11s,npu,44.928,0.9282,0.9282,0.8658
npu,combination_182,resnet50,cpu,157.332,0.5234,0.5234,0.4846
npu,combination_182,yolo11s,npu,44.928,0.7585,0.7585,0.7108
npu,combination_159,resnet50,npu,157.332,0.5958,0.5958,0.4842
npu,combination_159,yolo11s,cpu,44.928,0.1393,0.1393,0.1636
npu,combination_134,mobilenet_v2,cpu,814.332,0.0854,0.0854,0.0917
npu,combination_134,resnet50,cpu,157.332,0.0986,0.0986,0.0995
npu,combination_134,yolo11s,npu,44.928,0.7621,0.7621,0.7741
npu,combination_177,resnet50,cpu,157.332,0.0825,0.0825,0.0982
npu,combination_177,yolo11s,cpu,44.928,0.1053,0.1053,0.1291
npu,combination_190,resnet50,cpu,157.332,0.5589,0.5589,0.4505
npu,combination_190,yolo11s,npu,134.784,0.2105,0.2105,0.1885
npu,combination_175,resnet50,npu,471.996,0.2414,0.2414,0.2575
npu,combination_175,yolo11s,cpu,44.928,0.1204,0.1204,0.1401
npu,combination_154,mobilenet_v2,npu,907.441,0.1073,0.1073,0.0906
npu,combination_154,resnet50,cpu,157.332,0.4416,0.4416,0.3268
npu,combination_154,yolo11s,npu,134.784,0.3061,0.3061,0.2847
npu,combination_161,resnet50,cpu,157.332,0.0865,0.0865,0.1090
npu,combination_161,yolo11s,cpu,44.928,0.1184,0.1184,0.1313
npu,combination_141,mobilenet_v2,cpu,814.332,0.0605,0.0605,0.0574
npu,combination_141,resnet50,cpu,157.332,0.0558,0.0558,0.0531
npu,combination_141,yolo11s,cpu,44.928,0.0703,0.0703,0.0654
npu,combination_129,resnet50,cpu,157.332,0.1096,0.1096,0.0837
npu,combination_129,yolo11s,cpu,44.928,0.1206,0.1206,0.1119
npu,combination_162,resnet50,cpu,157.332,0.4640,0.4640,0.5416
npu,combination_162,yolo11s,npu,44.928,0.7748,0.7748,0.7619
npu,combination_123,resnet50,npu,314.664,0.3991,0.3991,0.3035
npu,combination_123,yolo11s,cpu,44.928,0.6275,0.6275,0.6067
npu,combination_179,resnet50,npu,471.996,0.2047,0.2047,0.1885
npu,combination_179,yolo11s,cpu,44.928,0.4627,0.4627,0.6372
npu,combination_151,mobilenet_v2,cpu,814.332,0.0851,0.0851,0.0865
npu,combination_151,resnet50,npu,471.996,0.1864,0.1864,0.2112
npu,combination_151,yolo11s,cpu,44.928,0.1320,0.1320,0.1197
npu,combination_164,resnet50,npu,157.332,0.5006,0.5006,0.4851
npu,combination_164,yolo11s,npu,44.928,0.8169,0.8169,0.7996
npu,combination_148,mobilenet_v2,npu,907.441,0.1524,0.1524,0.1540
npu,combination_148,resnet50,npu,314.664,0.4396,0.4396,0.4914
npu,combination_148,yolo11s,npu,89.856,0.8651,0.8651,0.8438
npu,combination_144,mobilenet_v2,cpu,814.332,0.1224,0.1224,0.2013
npu,combination_144,resnet50,npu,314.664,0.3175,0.3175,0.3363
npu,combination_144,yolo11s,npu,89.856,0.4774,0.4774,0.4122
npu,combination_146,mobilenet_v2,npu,907.441,0.1045,0.1045,0.1009
npu,combination_146,resnet50,cpu,157.332,0.4299,0.4299,0.3552
npu,combination_146,yolo11s,npu,89.856,0.4528,0.4528,0.4271
npu,combination_130,resnet50,cpu,157.332,0.5132,0.5132,0.4605
npu,combination_130,yolo11s,npu,179.712,0.2325,0.2325,0.2677
npu,combination_150,mobilenet_v2,cpu,814.332,0.0850,0.0850,0.0864
npu,combination_150,resnet50,cpu,157.332,0.0969,0.0969,0.0908
npu,combination_150,yolo11s,npu,134.784,0.2471,0.2471,0.2140
npu,combination_136,mobilenet_v2,cpu,814.332,0.1198,0.1198,0.2184
npu,combination_136,resnet50,npu,157.332,0.5903,0.5903,0.5635
npu,combination_136,yolo11s,npu,44.928,0.9213,0.9213,0.8778
