# provenance: {"generated_at": "2026-07-29T18:29:48+09:00", "git_commit": "a8728e67ddf0c96db6e5cd5d57684cedc57136fb (pre-commit HEAD)", "alpha": 0.3, "beta": 1.0, "seed": 42, "input_data": ["/home/msyu/PycharmProjects/multimodel-scheduling-mobilint/xgboost_model/full_collection_540/cpu_gpu/performance_gpu_full540.json", "/home/msyu/PycharmProjects/multimodel-scheduling-mobilint/xgboost_model/full_collection_540/cpu_npu/performance_npu_full540.json"], "experiment": "P1 groupkfold oof", "platform": "gpu"}
combination,models,workload,rate_factor,y3_valid,has_gen,fold,y1_meas,y2_meas,y3_meas,y1_pred,y2_pred,y3_pred,group
combination_401,"llama1b,mobilenet_v2,qwen2_vl,resnet50,yolo11l,yolo11m,yolo11s,yolo11x",yolo11s,2.0,True,True,2,0.3194361486082905,0.7949415284199075,0.6532174632733292,0.33443382382392883,0.8093967437744141,0.6756795048713684,"('llama1b,mobilenet_v2,qwen2_vl,resnet50,yolo11l,yolo11m,yolo11s,yolo11x', 2.0)"
combination_416,"llama1b,mobilenet_v2,qwen2_vl,resnet50,yolo11l,yolo11m,yolo11s,yolo11x",yolo11s,2.0,True,True,2,0.6991100226974076,0.0,0.9902751913925099,0.6600925326347351,0.04719574376940727,1.0,"('llama1b,mobilenet_v2,qwen2_vl,resnet50,yolo11l,yolo11m,yolo11s,yolo11x', 2.0)"
combination_391,"llama1b,mobilenet_v2,qwen2_vl,resnet50,yolo11l,yolo11m,yolo11s,yolo11x",yolo11s,1.5,True,True,0,0.6694064717079078,0.49022556390977456,0.34594691535150646,0.6427760124206543,0.4742327034473419,0.3528048098087311,"('llama1b,mobilenet_v2,qwen2_vl,resnet50,yolo11l,yolo11m,yolo11s,yolo11x', 1.5)"
combination_361,"llama1b,mobilenet_v2,qwen2_vl,resnet50,yolo11l,yolo11m,yolo11s,yolo11x",yolo11s,1.0,True,True,0,0.6518825685867963,0.45872365339578447,0.3018529587567244,0.6338759064674377,0.43822479248046875,0.2786327600479126,"('llama1b,mobilenet_v2,qwen2_vl,resnet50,yolo11l,yolo11m,yolo11s,yolo11x', 1.0)"
combination_368,"llama1b,mobilenet_v2,qwen2_vl,resnet50,yolo11l,yolo11m,yolo11s,yolo11x",yolo11s,1.0,True,True,0,0.6883620301090777,0.1381733021077283,0.9468021518230723,0.7299065589904785,0.1028350368142128,0.8716593980789185,"('llama1b,mobilenet_v2,qwen2_vl,resnet50,yolo11l,yolo11m,yolo11s,yolo11x', 1.0)"
combination_394,"llama1b,mobilenet_v2,qwen2_vl,resnet50,yolo11l,yolo11m,yolo11s,yolo11x",yolo11s,1.5,True,True,0,0.16398454173155674,0.8257787325456499,0.5270803443328551,0.17138779163360596,0.8000616431236267,0.5765575766563416,"('llama1b,mobilenet_v2,qwen2_vl,resnet50,yolo11l,yolo11m,yolo11s,yolo11x', 1.5)"
combination_384,"llama1b,mobilenet_v2,qwen2_vl,resnet50,yolo11l,yolo11m,yolo11s,yolo11x",yolo11s,1.5,True,True,0,0.4525292726538616,0.5600429645542429,0.7410329985652798,0.4748738408088684,0.6336576342582703,0.8173302412033081,"('llama1b,mobilenet_v2,qwen2_vl,resnet50,yolo11l,yolo11m,yolo11s,yolo11x', 1.5)"
combination_408,"llama1b,mobilenet_v2,qwen2_vl,resnet50,yolo11l,yolo11m,yolo11s,yolo11x",yolo11s,2.0,True,True,2,0.4739278461354676,0.5923307043785694,0.8595075522449824,0.4515618681907654,0.5743089318275452,0.7116154432296753,"('llama1b,mobilenet_v2,qwen2_vl,resnet50,yolo11l,yolo11m,yolo11s,yolo11x', 2.0)"
combination_419,"llama1b,mobilenet_v2,qwen2_vl,resnet50,yolo11l,yolo11m,yolo11s,yolo11x",yolo11s,2.0,True,True,2,0.39493489427786405,0.9738917595866193,0.2468446099731016,0.3750714957714081,0.8828855156898499,0.2334132045507431,"('llama1b,mobilenet_v2,qwen2_vl,resnet50,yolo11l,yolo11m,yolo11s,yolo11x', 2.0)"
combination_349,"llama1b,mobilenet_v2,qwen2_vl,resnet50,yolo11l,yolo11m,yolo11s,yolo11x",yolo11s,1.0,True,True,0,0.06481564950869917,1.0,0.13224745965331738,0.08373408019542694,1.0,0.11785642057657242,"('llama1b,mobilenet_v2,qwen2_vl,resnet50,yolo11l,yolo11m,yolo11s,yolo11x', 1.0)"
combination_409,"llama1b,mobilenet_v2,qwen2_vl,resnet50,yolo11l,yolo11m,yolo11s,yolo11x",yolo11s,2.0,True,True,2,0.6878210488591565,0.39896654881697047,0.372646389406166,0.639659583568573,0.4275011122226715,0.3752842843532562,"('llama1b,mobilenet_v2,qwen2_vl,resnet50,yolo11l,yolo11m,yolo11s,yolo11x', 2.0)"
combination_365,"llama1b,mobilenet_v2,qwen2_vl,resnet50,yolo11l,yolo11m,yolo11s,yolo11x",yolo11s,1.0,True,True,0,0.3150034556326812,0.6831088992974238,0.5115062761506276,0.3342664837837219,0.7687168717384338,0.5590524077415466,"('llama1b,mobilenet_v2,qwen2_vl,resnet50,yolo11l,yolo11m,yolo11s,yolo11x', 1.0)"
combination_417,"llama1b,mobilenet_v2,qwen2_vl,resnet50,yolo11l,yolo11m,yolo11s,yolo11x",yolo11s,2.0,True,True,2,0.11602556444869193,0.7391895567038347,0.18332298779226153,0.09685400873422623,0.8375656008720398,0.19121047854423523,"('llama1b,mobilenet_v2,qwen2_vl,resnet50,yolo11l,yolo11m,yolo11s,yolo11x', 2.0)"
combination_413,"llama1b,mobilenet_v2,qwen2_vl,resnet50,yolo11l,yolo11m,yolo11s,yolo11x",yolo11s,2.0,True,True,2,0.3248118504360291,0.763666032091379,0.6759776536312849,0.31609418988227844,0.7453257441520691,0.6593182682991028,"('llama1b,mobilenet_v2,qwen2_vl,resnet50,yolo11l,yolo11m,yolo11s,yolo11x', 2.0)"
combination_354,"llama1b,mobilenet_v2,qwen2_vl,resnet50,yolo11l,yolo11m,yolo11s,yolo11x",yolo11s,1.0,True,True,0,0.4564139547462362,0.6324648711943793,0.22369994022713688,0.49324271082878113,0.586516797542572,0.22458738088607788,"('llama1b,mobilenet_v2,qwen2_vl,resnet50,yolo11l,yolo11m,yolo11s,yolo11x', 1.0)"
combination_380,"llama1b,mobilenet_v2,qwen2_vl,resnet50,yolo11l,yolo11m,yolo11s,yolo11x",yolo11s,1.5,True,True,0,0.7408432831516408,0.0,0.8511477761836442,0.7839794158935547,0.22911040484905243,0.9202530980110168,"('llama1b,mobilenet_v2,qwen2_vl,resnet50,yolo11l,yolo11m,yolo11s,yolo11x', 1.5)"
combination_353,"llama1b,mobilenet_v2,qwen2_vl,resnet50,yolo11l,yolo11m,yolo11s,yolo11x",yolo11s,1.0,True,True,0,0.3657261335977643,0.8448477751756439,0.527495517035266,0.3850693106651306,0.7635714411735535,0.5514392256736755,"('llama1b,mobilenet_v2,qwen2_vl,resnet50,yolo11l,yolo11m,yolo11s,yolo11x', 1.0)"
combination_363,"llama1b,mobilenet_v2,qwen2_vl,resnet50,yolo11l,yolo11m,yolo11s,yolo11x",yolo11s,1.0,True,True,0,0.08726223744703865,0.8682669789227165,0.401673640167364,0.10373729467391968,0.8279536962509155,0.41694000363349915,"('llama1b,mobilenet_v2,qwen2_vl,resnet50,yolo11l,yolo11m,yolo11s,yolo11x', 1.0)"
combination_371,"llama1b,mobilenet_v2,qwen2_vl,resnet50,yolo11l,yolo11m,yolo11s,yolo11x",yolo11s,1.0,True,True,0,0.3691517172991976,0.8461651053864169,0.19635385534967126,0.3983607590198517,0.9284699559211731,0.19478821754455566,"('llama1b,mobilenet_v2,qwen2_vl,resnet50,yolo11l,yolo11m,yolo11s,yolo11x', 1.0)"
combination_377,"llama1b,mobilenet_v2,qwen2_vl,resnet50,yolo11l,yolo11m,yolo11s,yolo11x",yolo11s,1.5,True,True,0,0.32854588452442746,0.8169709989258861,0.6140602582496414,0.34651055932044983,0.7779361009597778,0.6466817855834961,"('llama1b,mobilenet_v2,qwen2_vl,resnet50,yolo11l,yolo11m,yolo11s,yolo11x', 1.5)"
combination_360,"llama1b,mobilenet_v2,qwen2_vl,resnet50,yolo11l,yolo11m,yolo11s,yolo11x",yolo11s,1.0,True,True,0,0.4586676282340214,0.6302693208430912,0.6208906156604901,0.4767817556858063,0.6159640550613403,0.6831337213516235,"('llama1b,mobilenet_v2,qwen2_vl,resnet50,yolo11l,yolo11m,yolo11s,yolo11x', 1.0)"
combination_385,"llama1b,mobilenet_v2,qwen2_vl,resnet50,yolo11l,yolo11m,yolo11s,yolo11x",yolo11s,1.5,True,True,0,0.6529099613543288,0.4887218045112782,0.3434361549497848,0.6328790187835693,0.457388699054718,0.34479910135269165,"('llama1b,mobilenet_v2,qwen2_vl,resnet50,yolo11l,yolo11m,yolo11s,yolo11x', 1.5)"
combination_411,"llama1b,mobilenet_v2,qwen2_vl,resnet50,yolo11l,yolo11m,yolo11s,yolo11x",yolo11s,2.0,True,True,2,0.09111814598016962,0.8164264345934186,0.5470722118766812,0.08703168481588364,0.8207669258117676,0.6378648281097412,"('llama1b,mobilenet_v2,qwen2_vl,resnet50,yolo11l,yolo11m,yolo11s,yolo11x', 2.0)"
combination_398,"llama1b,mobilenet_v2,qwen2_vl,resnet50,yolo11l,yolo11m,yolo11s,yolo11x",yolo11s,2.0,True,True,2,1.0,0.4528147946695675,0.7432236705979723,0.9822007417678833,0.11720003932714462,0.8364617228507996,"('llama1b,mobilenet_v2,qwen2_vl,resnet50,yolo11l,yolo11m,yolo11s,yolo11x', 2.0)"
combination_373,"llama1b,mobilenet_v2,qwen2_vl,resnet50,yolo11l,yolo11m,yolo11s,yolo11x",yolo11s,1.5,True,True,0,0.06261175520562956,1.0,0.16840028694404593,0.06863000243902206,0.9970653057098389,0.16683770716190338,"('llama1b,mobilenet_v2,qwen2_vl,resnet50,yolo11l,yolo11m,yolo11s,yolo11x', 1.5)"
combination_414,"llama1b,mobilenet_v2,qwen2_vl,resnet50,yolo11l,yolo11m,yolo11s,yolo11x",yolo11s,2.0,True,True,2,0.4262931549396727,0.28610280119662784,0.8336436995654873,0.40205660462379456,0.37120839953422546,0.6857001185417175,"('llama1b,mobilenet_v2,qwen2_vl,resnet50,yolo11l,yolo11m,yolo11s,yolo11x', 2.0)"
combination_399,"llama1b,mobilenet_v2,qwen2_vl,resnet50,yolo11l,yolo11m,yolo11s,yolo11x",yolo11s,2.0,True,True,2,0.1271054832158643,0.993472939896655,0.1882888475067246,0.11256631463766098,0.9284905791282654,0.1844749003648758,"('llama1b,mobilenet_v2,qwen2_vl,resnet50,yolo11l,yolo11m,yolo11s,yolo11x', 2.0)"
combination_395,"llama1b,mobilenet_v2,qwen2_vl,resnet50,yolo11l,yolo11m,yolo11s,yolo11x",yolo11s,1.5,True,True,0,0.3753821307031205,0.8135338345864662,0.21484935437589672,0.3873736560344696,0.9638233780860901,0.24051128327846527,"('llama1b,mobilenet_v2,qwen2_vl,resnet50,yolo11l,yolo11m,yolo11s,yolo11x', 1.5)"
combination_412,"llama1b,mobilenet_v2,qwen2_vl,resnet50,yolo11l,yolo11m,yolo11s,yolo11x",yolo11s,2.0,True,True,2,0.1756062597061283,0.8017405493608921,0.5903165735567971,0.1487947255373001,0.712681770324707,0.5532675385475159,"('llama1b,mobilenet_v2,qwen2_vl,resnet50,yolo11l,yolo11m,yolo11s,yolo11x', 2.0)"
combination_381,"llama1b,mobilenet_v2,qwen2_vl,resnet50,yolo11l,yolo11m,yolo11s,yolo11x",yolo11s,1.5,True,True,0,0.1307031204937417,1.0,0.1517216642754663,0.14017991721630096,1.0,0.1779041886329651,"('llama1b,mobilenet_v2,qwen2_vl,resnet50,yolo11l,yolo11m,yolo11s,yolo11x', 1.5)"
combination_406,"llama1b,mobilenet_v2,qwen2_vl,resnet50,yolo11l,yolo11m,yolo11s,yolo11x",yolo11s,2.0,True,True,2,0.2808505554891888,0.9997280391623606,0.19884129939995862,0.27185681462287903,1.0,0.21253302693367004,"('llama1b,mobilenet_v2,qwen2_vl,resnet50,yolo11l,yolo11m,yolo11s,yolo11x', 2.0)"
combination_386,"llama1b,mobilenet_v2,qwen2_vl,resnet50,yolo11l,yolo11m,yolo11s,yolo11x",yolo11s,1.5,True,True,0,0.7845648035992384,0.27690655209452203,0.9072812051649929,0.8129317760467529,0.3468494117259979,0.9431694746017456,"('llama1b,mobilenet_v2,qwen2_vl,resnet50,yolo11l,yolo11m,yolo11s,yolo11x', 1.5)"
combination_415,"llama1b,mobilenet_v2,qwen2_vl,resnet50,yolo11l,yolo11m,yolo11s,yolo11x",yolo11s,2.0,True,True,2,0.6976167721897025,0.4457438128909438,0.3811297330850404,0.6459469795227051,0.43331336975097656,0.37520474195480347,"('llama1b,mobilenet_v2,qwen2_vl,resnet50,yolo11l,yolo11m,yolo11s,yolo11x', 2.0)"
combination_404,"llama1b,mobilenet_v2,qwen2_vl,resnet50,yolo11l,yolo11m,yolo11s,yolo11x",yolo11s,2.0,True,True,2,0.8210488591566121,0.20097905901550195,0.9186840471756673,0.698576033115387,0.05549349635839462,0.9055336713790894,"('llama1b,mobilenet_v2,qwen2_vl,resnet50,yolo11l,yolo11m,yolo11s,yolo11x', 2.0)"
combination_350,"llama1b,mobilenet_v2,qwen2_vl,resnet50,yolo11l,yolo11m,yolo11s,yolo11x",yolo11s,1.0,True,True,0,1.0,0.0,1.0,0.9952340722084045,0.12742893397808075,0.9014788866043091,"('llama1b,mobilenet_v2,qwen2_vl,resnet50,yolo11l,yolo11m,yolo11s,yolo11x', 1.0)"
combination_356,"llama1b,mobilenet_v2,qwen2_vl,resnet50,yolo11l,yolo11m,yolo11s,yolo11x",yolo11s,1.0,True,True,0,0.7265542834820756,0.2057962529274004,0.9024208009563658,0.7787222266197205,0.2514254152774811,0.7902083992958069,"('llama1b,mobilenet_v2,qwen2_vl,resnet50,yolo11l,yolo11m,yolo11s,yolo11x', 1.0)"
combination_400,"llama1b,mobilenet_v2,qwen2_vl,resnet50,yolo11l,yolo11m,yolo11s,yolo11x",yolo11s,2.0,True,True,2,0.1963923067733843,0.7310307315746533,0.22139457893647838,0.18414810299873352,0.8385565876960754,0.250198096036911,"('llama1b,mobilenet_v2,qwen2_vl,resnet50,yolo11l,yolo11m,yolo11s,yolo11x', 2.0)"
combination_359,"llama1b,mobilenet_v2,qwen2_vl,resnet50,yolo11l,yolo11m,yolo11s,yolo11x",yolo11s,1.0,True,True,0,0.35268487634844786,0.809718969555035,0.17139868499701136,0.3774252235889435,0.778704047203064,0.1990620642900467,"('llama1b,mobilenet_v2,qwen2_vl,resnet50,yolo11l,yolo11m,yolo11s,yolo11x', 1.0)"
combination_352,"llama1b,mobilenet_v2,qwen2_vl,resnet50,yolo11l,yolo11m,yolo11s,yolo11x",yolo11s,1.0,True,True,0,0.17212055650710653,0.8378220140515222,0.1564554692169755,0.21068836748600006,0.7444321513175964,0.18318064510822296,"('llama1b,mobilenet_v2,qwen2_vl,resnet50,yolo11l,yolo11m,yolo11s,yolo11x', 1.0)"
combination_383,"llama1b,mobilenet_v2,qwen2_vl,resnet50,yolo11l,yolo11m,yolo11s,yolo11x",yolo11s,1.5,True,True,0,0.3524254484628251,0.762406015037594,0.20086083213773315,0.36176982522010803,0.7844054102897644,0.22960799932479858,"('llama1b,mobilenet_v2,qwen2_vl,resnet50,yolo11l,yolo11m,yolo11s,yolo11x', 1.5)"
combination_402,"llama1b,mobilenet_v2,qwen2_vl,resnet50,yolo11l,yolo11m,yolo11s,yolo11x",yolo11s,2.0,True,True,2,0.4955501134870385,0.5558879521348926,0.29277881233188496,0.45622488856315613,0.5634515285491943,0.3072271943092346,"('llama1b,mobilenet_v2,qwen2_vl,resnet50,yolo11l,yolo11m,yolo11s,yolo11x', 2.0)"
combination_367,"llama1b,mobilenet_v2,qwen2_vl,resnet50,yolo11l,yolo11m,yolo11s,yolo11x",yolo11s,1.0,True,True,0,0.6579224135340606,0.43969555035128793,0.3076808129109384,0.6439989805221558,0.4541597068309784,0.2898726165294647,"('llama1b,mobilenet_v2,qwen2_vl,resnet50,yolo11l,yolo11m,yolo11s,yolo11x', 1.0)"
combination_397,"llama1b,mobilenet_v2,qwen2_vl,resnet50,yolo11l,yolo11m,yolo11s,yolo11x",yolo11s,2.0,True,True,2,0.06513558714609961,1.0,0.17111524932753983,0.06653141975402832,1.0,0.17519298195838928,"('llama1b,mobilenet_v2,qwen2_vl,resnet50,yolo11l,yolo11m,yolo11s,yolo11x', 2.0)"
combination_370,"llama1b,mobilenet_v2,qwen2_vl,resnet50,yolo11l,yolo11m,yolo11s,yolo11x",yolo11s,1.0,True,True,0,0.16454821358814864,0.8682669789227165,0.4243873281530185,0.18403546512126923,0.8099954128265381,0.47350743412971497,"('llama1b,mobilenet_v2,qwen2_vl,resnet50,yolo11l,yolo11m,yolo11s,yolo11x', 1.0)"
combination_375,"llama1b,mobilenet_v2,qwen2_vl,resnet50,yolo11l,yolo11m,yolo11s,yolo11x",yolo11s,1.5,True,True,0,0.11357212897271729,0.9664876476906553,0.1592539454806313,0.1374610811471939,0.9778900146484375,0.19172120094299316,"('llama1b,mobilenet_v2,qwen2_vl,resnet50,yolo11l,yolo11m,yolo11s,yolo11x', 1.5)"
combination_366,"llama1b,mobilenet_v2,qwen2_vl,resnet50,yolo11l,yolo11m,yolo11s,yolo11x",yolo11s,1.0,True,True,0,0.4037681420715765,0.5040983606557377,0.6174536760310819,0.40899986028671265,0.4747002124786377,0.6387956738471985,"('llama1b,mobilenet_v2,qwen2_vl,resnet50,yolo11l,yolo11m,yolo11s,yolo11x', 1.0)"
combination_420,"llama1b,mobilenet_v2,qwen2_vl,resnet50,yolo11l,yolo11m,yolo11s,yolo11x",yolo11s,2.0,True,True,2,0.3525863098793453,0.30296437313026936,0.7806745292778812,0.3429292142391205,0.3781532943248749,0.7517486214637756,"('llama1b,mobilenet_v2,qwen2_vl,resnet50,yolo11l,yolo11m,yolo11s,yolo11x', 2.0)"
combination_355,"llama1b,mobilenet_v2,qwen2_vl,resnet50,yolo11l,yolo11m,yolo11s,yolo11x",yolo11s,1.0,True,True,0,0.6031431232909642,0.4017857142857143,0.32127913927077106,0.5980421304702759,0.38162901997566223,0.280848890542984,"('llama1b,mobilenet_v2,qwen2_vl,resnet50,yolo11l,yolo11m,yolo11s,yolo11x', 1.0)"
combination_393,"llama1b,mobilenet_v2,qwen2_vl,resnet50,yolo11l,yolo11m,yolo11s,yolo11x",yolo11s,1.5,True,True,0,0.09742169925592661,0.7630504833512354,0.16947632711621233,0.12301630526781082,0.7631995677947998,0.17803986370563507,"('llama1b,mobilenet_v2,qwen2_vl,resnet50,yolo11l,yolo11m,yolo11s,yolo11x', 1.5)"
combination_396,"llama1b,mobilenet_v2,qwen2_vl,resnet50,yolo11l,yolo11m,yolo11s,yolo11x",yolo11s,1.5,True,True,0,0.3334486935455961,0.33061224489795926,0.8079268292682926,0.3599676191806793,0.34875398874282837,0.7949379086494446,"('llama1b,mobilenet_v2,qwen2_vl,resnet50,yolo11l,yolo11m,yolo11s,yolo11x', 1.5)"
combination_388,"llama1b,mobilenet_v2,qwen2_vl,resnet50,yolo11l,yolo11m,yolo11s,yolo11x",yolo11s,1.5,True,True,0,0.14656514967987538,0.675187969924812,0.5229555236728838,0.19349388778209686,0.791114330291748,0.5645456314086914,"('llama1b,mobilenet_v2,qwen2_vl,resnet50,yolo11l,yolo11m,yolo11s,yolo11x', 1.5)"
combination_410,"llama1b,mobilenet_v2,qwen2_vl,resnet50,yolo11l,yolo11m,yolo11s,yolo11x",yolo11s,2.0,True,True,2,0.79679847091148,0.34892575469132464,1.0,0.7844777703285217,0.17175035178661346,0.8853487968444824,"('llama1b,mobilenet_v2,qwen2_vl,resnet50,yolo11l,yolo11m,yolo11s,yolo11x', 2.0)"
combination_387,"llama1b,mobilenet_v2,qwen2_vl,resnet50,yolo11l,yolo11m,yolo11s,yolo11x",yolo11s,1.5,True,True,0,0.08167503028205571,0.8257787325456499,0.7186154949784792,0.08996473997831345,0.8114804625511169,0.5156883597373962,"('llama1b,mobilenet_v2,qwen2_vl,resnet50,yolo11l,yolo11m,yolo11s,yolo11x', 1.5)"
combination_362,"llama1b,mobilenet_v2,qwen2_vl,resnet50,yolo11l,yolo11m,yolo11s,yolo11x",yolo11s,1.0,True,True,0,0.7547402265693078,0.2560011709601873,0.8242677824267781,0.8404800891876221,0.2901664078235626,0.8642269372940063,"('llama1b,mobilenet_v2,qwen2_vl,resnet50,yolo11l,yolo11m,yolo11s,yolo11x', 1.0)"
combination_405,"llama1b,mobilenet_v2,qwen2_vl,resnet50,yolo11l,yolo11m,yolo11s,yolo11x",yolo11s,2.0,True,True,2,0.1255226376776968,1.0,0.16759776536312848,0.1313399374485016,0.9935274124145508,0.18651089072227478,"('llama1b,mobilenet_v2,qwen2_vl,resnet50,yolo11l,yolo11m,yolo11s,yolo11x', 2.0)"
combination_418,"llama1b,mobilenet_v2,qwen2_vl,resnet50,yolo11l,yolo11m,yolo11s,yolo11x",yolo11s,2.0,True,True,2,0.1722016485485605,0.8096274136524342,0.6068694392716739,0.16060814261436462,0.7983573079109192,0.5608994960784912,"('llama1b,mobilenet_v2,qwen2_vl,resnet50,yolo11l,yolo11m,yolo11s,yolo11x', 2.0)"
combination_403,"llama1b,mobilenet_v2,qwen2_vl,resnet50,yolo11l,yolo11m,yolo11s,yolo11x",yolo11s,2.0,True,True,2,0.6512662764305339,0.23225455534403053,0.35423132629836546,0.6228773593902588,0.3174583911895752,0.384573757648468,"('llama1b,mobilenet_v2,qwen2_vl,resnet50,yolo11l,yolo11m,yolo11s,yolo11x', 2.0)"
combination_382,"llama1b,mobilenet_v2,qwen2_vl,resnet50,yolo11l,yolo11m,yolo11s,yolo11x",yolo11s,1.5,True,True,0,0.2611178404568264,0.9991407089151451,0.19404591104734578,0.2949269711971283,1.0,0.21883666515350342,"('llama1b,mobilenet_v2,qwen2_vl,resnet50,yolo11l,yolo11m,yolo11s,yolo11x', 1.5)"
combination_389,"llama1b,mobilenet_v2,qwen2_vl,resnet50,yolo11l,yolo11m,yolo11s,yolo11x",yolo11s,1.5,True,True,0,0.3070023648843514,0.7157894736842106,0.5925394548063128,0.3314284086227417,0.7516962885856628,0.6728987693786621,"('llama1b,mobilenet_v2,qwen2_vl,resnet50,yolo11l,yolo11m,yolo11s,yolo11x', 1.5)"
combination_369,"llama1b,mobilenet_v2,qwen2_vl,resnet50,yolo11l,yolo11m,yolo11s,yolo11x",yolo11s,1.0,True,True,0,0.10195618858739745,0.831088992974239,0.14913329348475793,0.1258855164051056,0.8461318016052246,0.13997669517993927,"('llama1b,mobilenet_v2,qwen2_vl,resnet50,yolo11l,yolo11m,yolo11s,yolo11x', 1.0)"
combination_357,"llama1b,mobilenet_v2,qwen2_vl,resnet50,yolo11l,yolo11m,yolo11s,yolo11x",yolo11s,1.0,True,True,0,0.13041257249316382,0.9989754098360654,0.1737895995218171,0.1457299441099167,1.0,0.14885178208351135,"('llama1b,mobilenet_v2,qwen2_vl,resnet50,yolo11l,yolo11m,yolo11s,yolo11x', 1.0)"
combination_390,"llama1b,mobilenet_v2,qwen2_vl,resnet50,yolo11l,yolo11m,yolo11s,yolo11x",yolo11s,1.5,True,True,0,0.3934071638691815,0.342857142857143,0.6791606886657101,0.4164866507053375,0.3430546820163727,0.8358741402626038,"('llama1b,mobilenet_v2,qwen2_vl,resnet50,yolo11l,yolo11m,yolo11s,yolo11x', 1.5)"
combination_351,"llama1b,mobilenet_v2,qwen2_vl,resnet50,yolo11l,yolo11m,yolo11s,yolo11x",yolo11s,1.0,True,True,0,0.1094984825265182,0.8452868852459015,0.14031679617453677,0.13868021965026855,0.9707691669464111,0.1459425687789917,"('llama1b,mobilenet_v2,qwen2_vl,resnet50,yolo11l,yolo11m,yolo11s,yolo11x', 1.0)"
combination_407,"llama1b,mobilenet_v2,qwen2_vl,resnet50,yolo11l,yolo11m,yolo11s,yolo11x",yolo11s,2.0,True,True,2,0.35336280014335203,0.7119934729398967,0.25574177529484793,0.3630090653896332,0.8384740948677063,0.21987171471118927,"('llama1b,mobilenet_v2,qwen2_vl,resnet50,yolo11l,yolo11m,yolo11s,yolo11x', 2.0)"
combination_379,"llama1b,mobilenet_v2,qwen2_vl,resnet50,yolo11l,yolo11m,yolo11s,yolo11x",yolo11s,1.5,True,True,0,0.6233200669089229,0.24661654135338348,0.3242467718794835,0.6009861826896667,0.3574073314666748,0.34677040576934814,"('llama1b,mobilenet_v2,qwen2_vl,resnet50,yolo11l,yolo11m,yolo11s,yolo11x', 1.5)"
combination_392,"llama1b,mobilenet_v2,qwen2_vl,resnet50,yolo11l,yolo11m,yolo11s,yolo11x",yolo11s,1.5,True,True,0,0.6814904539424351,0.043179377013963495,1.0,0.7443709969520569,0.032842881977558136,0.9625109434127808,"('llama1b,mobilenet_v2,qwen2_vl,resnet50,yolo11l,yolo11m,yolo11s,yolo11x', 1.5)"
combination_376,"llama1b,mobilenet_v2,qwen2_vl,resnet50,yolo11l,yolo11m,yolo11s,yolo11x",yolo11s,1.5,True,True,0,0.18731614466170615,0.7740064446831365,0.23045193687230991,0.20844702422618866,0.7414491772651672,0.20198984444141388,"('llama1b,mobilenet_v2,qwen2_vl,resnet50,yolo11l,yolo11m,yolo11s,yolo11x', 1.5)"
combination_372,"llama1b,mobilenet_v2,qwen2_vl,resnet50,yolo11l,yolo11m,yolo11s,yolo11x",yolo11s,1.0,True,True,0,0.325009765918447,0.48228922716627626,0.5838314405260012,0.36311477422714233,0.46302103996276855,0.6152040362358093,"('llama1b,mobilenet_v2,qwen2_vl,resnet50,yolo11l,yolo11m,yolo11s,yolo11x', 1.0)"
combination_374,"llama1b,mobilenet_v2,qwen2_vl,resnet50,yolo11l,yolo11m,yolo11s,yolo11x",yolo11s,1.5,True,True,0,1.0,0.019334049409237396,0.71538737446198,0.9861470460891724,0.19733092188835144,0.8173002004623413,"('llama1b,mobilenet_v2,qwen2_vl,resnet50,yolo11l,yolo11m,yolo11s,yolo11x', 1.5)"
combination_358,"llama1b,mobilenet_v2,qwen2_vl,resnet50,yolo11l,yolo11m,yolo11s,yolo11x",yolo11s,1.0,True,True,0,0.27092160221160483,0.9985362997658078,0.14270771069934252,0.3029809594154358,0.9901283383369446,0.17617172002792358,"('llama1b,mobilenet_v2,qwen2_vl,resnet50,yolo11l,yolo11m,yolo11s,yolo11x', 1.0)"
combination_378,"llama1b,mobilenet_v2,qwen2_vl,resnet50,yolo11l,yolo11m,yolo11s,yolo11x",yolo11s,1.5,True,True,0,0.46060448751225697,0.5344790547798067,0.2982424677187948,0.48919162154197693,0.543060839176178,0.28661566972732544,"('llama1b,mobilenet_v2,qwen2_vl,resnet50,yolo11l,yolo11m,yolo11s,yolo11x', 1.5)"
combination_364,"llama1b,mobilenet_v2,qwen2_vl,resnet50,yolo11l,yolo11m,yolo11s,yolo11x",yolo11s,1.0,True,True,0,0.14714985426244775,0.7167740046838407,0.42782426778242677,0.20353908836841583,0.8051681518554688,0.4600412845611572,"('llama1b,mobilenet_v2,qwen2_vl,resnet50,yolo11l,yolo11m,yolo11s,yolo11x', 1.0)"
combination_521,"mobilenet_v2,resnet50,yolo11l,yolo11m,yolo11n,yolo11s,yolo11x",yolo11n,2.0,False,False,0,0.31820045371306754,0.6515463917525774,0.0,0.33531951904296875,0.8795214295387268,0.34497034549713135,"('mobilenet_v2,resnet50,yolo11l,yolo11m,yolo11n,yolo11s,yolo11x', 2.0)"
combination_536,"mobilenet_v2,resnet50,yolo11l,yolo11m,yolo11n,yolo11s,yolo11x",yolo11n,2.0,False,False,0,0.8469128378932409,0.23505154639175252,0.0,0.7846694588661194,0.42283132672309875,0.5056451559066772,"('mobilenet_v2,resnet50,yolo11l,yolo11m,yolo11n,yolo11s,yolo11x', 2.0)"
combination_511,"mobilenet_v2,resnet50,yolo11l,yolo11m,yolo11n,yolo11s,yolo11x",yolo11n,1.5,False,False,0,0.6110071134406589,0.4632241267086137,0.0,0.5425177812576294,0.5021176934242249,0.47358211874961853,"('mobilenet_v2,resnet50,yolo11l,yolo11m,yolo11n,yolo11s,yolo11x', 1.5)"
combination_481,"mobilenet_v2,resnet50,yolo11l,yolo11m,yolo11n,yolo11s,yolo11x",yolo11n,1.0,False,False,0,0.5015517979452053,0.29842531722978144,0.0,0.5228118896484375,0.400542289018631,0.40320003032684326,"('mobilenet_v2,resnet50,yolo11l,yolo11m,yolo11n,yolo11s,yolo11x', 1.0)"
combination_488,"mobilenet_v2,resnet50,yolo11l,yolo11m,yolo11n,yolo11s,yolo11x",yolo11n,1.0,False,False,0,0.7908283390410957,0.10931050298119555,0.0,0.7437954545021057,0.2246522754430771,0.41336700320243835,"('mobilenet_v2,resnet50,yolo11l,yolo11m,yolo11n,yolo11s,yolo11x', 1.0)"
combination_514,"mobilenet_v2,resnet50,yolo11l,yolo11m,yolo11n,yolo11s,yolo11x",yolo11n,1.5,False,False,0,0.25113654596994167,0.9995660663918421,0.0,0.2618545591831207,0.9295141100883484,0.18014870584011078,"('mobilenet_v2,resnet50,yolo11l,yolo11m,yolo11n,yolo11s,yolo11x', 1.5)"
combination_504,"mobilenet_v2,resnet50,yolo11l,yolo11m,yolo11n,yolo11s,yolo11x",yolo11n,1.5,False,False,0,0.43044338663956777,0.4482534172271643,0.0,0.4310782253742218,0.599878191947937,0.37208810448646545,"('mobilenet_v2,resnet50,yolo11l,yolo11m,yolo11n,yolo11s,yolo11x', 1.5)"
combination_528,"mobilenet_v2,resnet50,yolo11l,yolo11m,yolo11n,yolo11s,yolo11x",yolo11n,2.0,False,False,0,0.45644627873288335,0.33961708394698104,0.0,0.436691552400589,0.6537476778030396,0.3791915476322174,"('mobilenet_v2,resnet50,yolo11l,yolo11m,yolo11n,yolo11s,yolo11x', 2.0)"
combination_539,"mobilenet_v2,resnet50,yolo11l,yolo11m,yolo11n,yolo11s,yolo11x",yolo11n,2.0,False,False,0,0.3475551425369668,0.8889543446244479,0.0,0.34997954964637756,0.8765614032745361,0.27689388394355774,"('mobilenet_v2,resnet50,yolo11l,yolo11m,yolo11n,yolo11s,yolo11x', 2.0)"
combination_469,"mobilenet_v2,resnet50,yolo11l,yolo11m,yolo11n,yolo11s,yolo11x",yolo11n,1.0,False,False,0,0.07938249143835614,1.0,0.0,0.10482637584209442,0.9455142021179199,0.12511467933654785,"('mobilenet_v2,resnet50,yolo11l,yolo11m,yolo11n,yolo11s,yolo11x', 1.0)"
combination_529,"mobilenet_v2,resnet50,yolo11l,yolo11m,yolo11n,yolo11s,yolo11x",yolo11n,2.0,False,False,0,0.5463689288545114,0.08365243004418256,0.0,0.5453236103057861,0.3714183568954468,0.4857451319694519,"('mobilenet_v2,resnet50,yolo11l,yolo11m,yolo11n,yolo11s,yolo11x', 2.0)"
combination_485,"mobilenet_v2,resnet50,yolo11l,yolo11m,yolo11n,yolo11s,yolo11x",yolo11n,1.0,False,False,0,0.26163848458904104,0.6034245528206696,0.0,0.26068007946014404,0.7783071994781494,0.25583416223526,"('mobilenet_v2,resnet50,yolo11l,yolo11m,yolo11n,yolo11s,yolo11x', 1.0)"
combination_537,"mobilenet_v2,resnet50,yolo11l,yolo11m,yolo11n,yolo11s,yolo11x",yolo11n,2.0,False,False,0,0.18451909148058057,0.9994108983799707,0.0,0.16390490531921387,0.9382328987121582,0.17080309987068176,"('mobilenet_v2,resnet50,yolo11l,yolo11m,yolo11n,yolo11s,yolo11x', 2.0)"
combination_533,"mobilenet_v2,resnet50,yolo11l,yolo11m,yolo11n,yolo11s,yolo11x",yolo11n,2.0,False,False,0,0.29466750485145,0.6088365243004418,0.0,0.2564687430858612,0.8611623048782349,0.3335625231266022,"('mobilenet_v2,resnet50,yolo11l,yolo11m,yolo11n,yolo11s,yolo11x', 2.0)"
combination_474,"mobilenet_v2,resnet50,yolo11l,yolo11m,yolo11n,yolo11s,yolo11x",yolo11n,1.0,False,False,0,0.43059717465753417,0.5512918513988687,0.0,0.4502992033958435,0.6340839862823486,0.29745426774024963,"('mobilenet_v2,resnet50,yolo11l,yolo11m,yolo11n,yolo11s,yolo11x', 1.0)"
combination_500,"mobilenet_v2,resnet50,yolo11l,yolo11m,yolo11n,yolo11s,yolo11x",yolo11n,1.5,False,False,0,0.7200620420388297,0.1436320243002819,0.0,0.7266252636909485,0.21010828018188477,0.5262691974639893,"('mobilenet_v2,resnet50,yolo11l,yolo11m,yolo11n,yolo11s,yolo11x', 1.5)"
combination_473,"mobilenet_v2,resnet50,yolo11l,yolo11m,yolo11n,yolo11s,yolo11x",yolo11n,1.0,False,False,0,0.3152022688356164,0.805075676502064,0.0,0.33501237630844116,0.8534814119338989,0.2509707808494568,"('mobilenet_v2,resnet50,yolo11l,yolo11m,yolo11n,yolo11s,yolo11x', 1.0)"
combination_483,"mobilenet_v2,resnet50,yolo11l,yolo11m,yolo11n,yolo11s,yolo11x",yolo11n,1.0,False,False,0,0.12796982020547942,0.8309127044794373,0.0,0.13292278349399567,0.9219610691070557,0.13950115442276,"('mobilenet_v2,resnet50,yolo11l,yolo11m,yolo11n,yolo11s,yolo11x', 1.0)"
combination_491,"mobilenet_v2,resnet50,yolo11l,yolo11m,yolo11n,yolo11s,yolo11x",yolo11n,1.0,False,False,0,0.33893407534246567,0.8252560770524385,0.0,0.34911078214645386,0.8410936594009399,0.21047447621822357,"('mobilenet_v2,resnet50,yolo11l,yolo11m,yolo11n,yolo11s,yolo11x', 1.0)"
combination_497,"mobilenet_v2,resnet50,yolo11l,yolo11m,yolo11n,yolo11s,yolo11x",yolo11n,1.5,False,False,0,0.3185270364229555,0.7268387936645693,0.0,0.33297812938690186,0.8840375542640686,0.34372586011886597,"('mobilenet_v2,resnet50,yolo11l,yolo11m,yolo11n,yolo11s,yolo11x', 1.5)"
combination_480,"mobilenet_v2,resnet50,yolo11l,yolo11m,yolo11n,yolo11s,yolo11x",yolo11n,1.0,False,False,0,0.41253745719178075,0.5905824797431585,0.0,0.43519070744514465,0.6629752516746521,0.2742369472980499,"('mobilenet_v2,resnet50,yolo11l,yolo11m,yolo11n,yolo11s,yolo11x', 1.0)"
combination_505,"mobilenet_v2,resnet50,yolo11l,yolo11m,yolo11n,yolo11s,yolo11x",yolo11n,1.5,False,False,0,0.5278386906990427,0.19570405727923618,0.0,0.5300520062446594,0.3162665069103241,0.4894051253795624,"('mobilenet_v2,resnet50,yolo11l,yolo11m,yolo11n,yolo11s,yolo11x', 1.5)"
combination_531,"mobilenet_v2,resnet50,yolo11l,yolo11m,yolo11n,yolo11s,yolo11x",yolo11n,2.0,False,False,0,0.1322327602700413,0.9973490427098675,0.0,0.1253117471933365,0.9521374106407166,0.19528049230575562,"('mobilenet_v2,resnet50,yolo11l,yolo11m,yolo11n,yolo11s,yolo11x', 2.0)"
combination_518,"mobilenet_v2,resnet50,yolo11l,yolo11m,yolo11n,yolo11s,yolo11x",yolo11n,2.0,False,False,0,1.0,0.5896907216494847,0.0,0.9707168936729431,0.36147046089172363,0.5005348324775696,"('mobilenet_v2,resnet50,yolo11l,yolo11m,yolo11n,yolo11s,yolo11x', 2.0)"
combination_493,"mobilenet_v2,resnet50,yolo11l,yolo11m,yolo11n,yolo11s,yolo11x",yolo11n,1.5,False,False,0,0.06557201690110712,1.0,0.0,0.0928218886256218,0.8980444073677063,0.15379753708839417,"('mobilenet_v2,resnet50,yolo11l,yolo11m,yolo11n,yolo11s,yolo11x', 1.5)"
combination_534,"mobilenet_v2,resnet50,yolo11l,yolo11m,yolo11n,yolo11s,yolo11x",yolo11n,2.0,False,False,0,0.46989367808237903,0.7720176730486008,0.0,0.4398364722728729,0.7885295152664185,0.3102610409259796,"('mobilenet_v2,resnet50,yolo11l,yolo11m,yolo11n,yolo11s,yolo11x', 2.0)"
combination_519,"mobilenet_v2,resnet50,yolo11l,yolo11m,yolo11n,yolo11s,yolo11x",yolo11n,2.0,False,False,0,0.12889824254516635,0.996759941089838,0.0,0.12479882687330246,0.9513767957687378,0.23156879842281342,"('mobilenet_v2,resnet50,yolo11l,yolo11m,yolo11n,yolo11s,yolo11x', 2.0)"
combination_515,"mobilenet_v2,resnet50,yolo11l,yolo11m,yolo11n,yolo11s,yolo11x",yolo11n,1.5,False,False,0,0.3407765951756967,0.7880234324148405,0.0,0.350236177444458,0.8699857592582703,0.2773619592189789,"('mobilenet_v2,resnet50,yolo11l,yolo11m,yolo11n,yolo11s,yolo11x', 1.5)"
combination_532,"mobilenet_v2,resnet50,yolo11l,yolo11m,yolo11n,yolo11s,yolo11x",yolo11n,2.0,False,False,0,0.2350015032661875,0.6577319587628867,0.0,0.20219652354717255,0.9202048182487488,0.33006682991981506,"('mobilenet_v2,resnet50,yolo11l,yolo11m,yolo11n,yolo11s,yolo11x', 2.0)"
combination_501,"mobilenet_v2,resnet50,yolo11l,yolo11m,yolo11n,yolo11s,yolo11x",yolo11n,1.5,False,False,0,0.14644060544472376,1.0,0.0,0.15631677210330963,0.9214027523994446,0.15561500191688538,"('mobilenet_v2,resnet50,yolo11l,yolo11m,yolo11n,yolo11s,yolo11x', 1.5)"
combination_526,"mobilenet_v2,resnet50,yolo11l,yolo11m,yolo11n,yolo11s,yolo11x",yolo11n,2.0,False,False,0,0.18533905485554977,0.6689248895434461,0.0,0.1696377545595169,0.9187857508659363,0.3297642767429352,"('mobilenet_v2,resnet50,yolo11l,yolo11m,yolo11n,yolo11s,yolo11x', 2.0)"
combination_506,"mobilenet_v2,resnet50,yolo11l,yolo11m,yolo11n,yolo11s,yolo11x",yolo11n,1.5,False,False,0,0.8690431620045997,0.08353221957040569,0.0,0.7834393382072449,0.2383974939584732,0.523565948009491,"('mobilenet_v2,resnet50,yolo11l,yolo11m,yolo11n,yolo11s,yolo11x', 1.5)"
combination_535,"mobilenet_v2,resnet50,yolo11l,yolo11m,yolo11n,yolo11s,yolo11x",yolo11n,2.0,False,False,0,0.63440566321371,0.42886597938144344,0.0,0.5698758363723755,0.6617251634597778,0.4631175398826599,"('mobilenet_v2,resnet50,yolo11l,yolo11m,yolo11n,yolo11s,yolo11x', 2.0)"
combination_524,"mobilenet_v2,resnet50,yolo11l,yolo11m,yolo11n,yolo11s,yolo11x",yolo11n,2.0,False,False,0,0.7266788750102496,0.0,0.0,0.7692412734031677,0.2666774094104767,0.5131403207778931,"('mobilenet_v2,resnet50,yolo11l,yolo11m,yolo11n,yolo11s,yolo11x', 2.0)"
combination_470,"mobilenet_v2,resnet50,yolo11l,yolo11m,yolo11n,yolo11s,yolo11x",yolo11n,1.0,False,False,0,1.0,0.0,0.0,0.9830548167228699,0.03241484612226486,0.5481220483779907,"('mobilenet_v2,resnet50,yolo11l,yolo11m,yolo11n,yolo11s,yolo11x', 1.0)"
combination_476,"mobilenet_v2,resnet50,yolo11l,yolo11m,yolo11n,yolo11s,yolo11x",yolo11n,1.0,False,False,0,0.7105896832191779,0.20470876012842076,0.0,0.727532684803009,0.17367997765541077,0.41077449917793274,"('mobilenet_v2,resnet50,yolo11l,yolo11m,yolo11n,yolo11s,yolo11x', 1.0)"
combination_520,"mobilenet_v2,resnet50,yolo11l,yolo11m,yolo11n,yolo11s,yolo11x",yolo11n,2.0,False,False,0,0.2014376691174461,1.0,0.0,0.255979984998703,0.9473686814308167,0.19600577652454376,"('mobilenet_v2,resnet50,yolo11l,yolo11m,yolo11n,yolo11s,yolo11x', 2.0)"
combination_479,"mobilenet_v2,resnet50,yolo11l,yolo11m,yolo11n,yolo11s,yolo11x",yolo11n,1.0,False,False,0,0.3428135702054794,0.9597920807216023,0.0,0.3682487905025482,0.813881516456604,0.17941293120384216,"('mobilenet_v2,resnet50,yolo11l,yolo11m,yolo11n,yolo11s,yolo11x', 1.0)"
combination_472,"mobilenet_v2,resnet50,yolo11l,yolo11m,yolo11n,yolo11s,yolo11x",yolo11n,1.0,False,False,0,0.21010809075342463,1.0,0.0,0.2505479156970978,0.9583833813667297,0.13723114132881165,"('mobilenet_v2,resnet50,yolo11l,yolo11m,yolo11n,yolo11s,yolo11x', 1.0)"
combination_503,"mobilenet_v2,resnet50,yolo11l,yolo11m,yolo11n,yolo11s,yolo11x",yolo11n,1.5,False,False,0,0.3786168904102262,0.9937079626817097,0.0,0.35084736347198486,0.8962510824203491,0.21500183641910553,"('mobilenet_v2,resnet50,yolo11l,yolo11m,yolo11n,yolo11s,yolo11x', 1.5)"
combination_522,"mobilenet_v2,resnet50,yolo11l,yolo11m,yolo11n,yolo11s,yolo11x",yolo11n,2.0,False,False,0,0.4686637330199252,0.5310751104565538,0.0,0.450274258852005,0.6839334964752197,0.39077937602996826,"('mobilenet_v2,resnet50,yolo11l,yolo11m,yolo11n,yolo11s,yolo11x', 2.0)"
combination_487,"mobilenet_v2,resnet50,yolo11l,yolo11m,yolo11n,yolo11s,yolo11x",yolo11n,1.0,False,False,0,0.5722923801369862,0.56994343372573,0.0,0.5413970351219177,0.552073061466217,0.3952764868736267,"('mobilenet_v2,resnet50,yolo11l,yolo11m,yolo11n,yolo11s,yolo11x', 1.0)"
combination_517,"mobilenet_v2,resnet50,yolo11l,yolo11m,yolo11n,yolo11s,yolo11x",yolo11n,2.0,False,False,0,0.0671550004099817,1.0,0.0,0.0941283255815506,0.9400215744972229,0.16721221804618835,"('mobilenet_v2,resnet50,yolo11l,yolo11m,yolo11n,yolo11s,yolo11x', 2.0)"
combination_490,"mobilenet_v2,resnet50,yolo11l,yolo11m,yolo11n,yolo11s,yolo11x",yolo11n,1.0,False,False,0,0.23073630136986298,0.9995413545329461,0.0,0.2644559144973755,0.9204421639442444,0.13499711453914642,"('mobilenet_v2,resnet50,yolo11l,yolo11m,yolo11n,yolo11s,yolo11x', 1.0)"
combination_495,"mobilenet_v2,resnet50,yolo11l,yolo11m,yolo11n,yolo11s,yolo11x",yolo11n,1.5,False,False,0,0.11777290474407659,0.9752657843349968,0.0,0.12331761419773102,0.9202011823654175,0.21880243718624115,"('mobilenet_v2,resnet50,yolo11l,yolo11m,yolo11n,yolo11s,yolo11x', 1.5)"
combination_486,"mobilenet_v2,resnet50,yolo11l,yolo11m,yolo11n,yolo11s,yolo11x",yolo11n,1.0,False,False,0,0.45052975171232873,0.7983488763186057,0.0,0.438276082277298,0.738300085067749,0.24914006888866425,"('mobilenet_v2,resnet50,yolo11l,yolo11m,yolo11n,yolo11s,yolo11x', 1.0)"
combination_540,"mobilenet_v2,resnet50,yolo11l,yolo11m,yolo11n,yolo11s,yolo11x",yolo11n,2.0,False,False,0,0.41112963620958276,0.6810014727540502,0.0,0.43177321553230286,0.695084810256958,0.392044335603714,"('mobilenet_v2,resnet50,yolo11l,yolo11m,yolo11n,yolo11s,yolo11x', 2.0)"
combination_475,"mobilenet_v2,resnet50,yolo11l,yolo11m,yolo11n,yolo11s,yolo11x",yolo11n,1.0,False,False,0,0.4599743150684931,0.28053814401467664,0.0,0.4955911338329315,0.4200432598590851,0.4094294607639313,"('mobilenet_v2,resnet50,yolo11l,yolo11m,yolo11n,yolo11s,yolo11x', 1.0)"
combination_513,"mobilenet_v2,resnet50,yolo11l,yolo11m,yolo11n,yolo11s,yolo11x",yolo11n,1.5,False,False,0,0.16984008129646466,1.0,0.0,0.1612893044948578,0.9143627285957336,0.15568804740905762,"('mobilenet_v2,resnet50,yolo11l,yolo11m,yolo11n,yolo11s,yolo11x', 1.5)"
combination_516,"mobilenet_v2,resnet50,yolo11l,yolo11m,yolo11n,yolo11s,yolo11x",yolo11n,1.5,False,False,0,0.3808364978338771,0.5020611846387502,0.0,0.4256219267845154,0.6466125249862671,0.386650025844574,"('mobilenet_v2,resnet50,yolo11l,yolo11m,yolo11n,yolo11s,yolo11x', 1.5)"
combination_508,"mobilenet_v2,resnet50,yolo11l,yolo11m,yolo11n,yolo11s,yolo11x",yolo11n,1.5,False,False,0,0.23284484141840936,0.7431113039704926,0.0,0.20142869651317596,0.9072663187980652,0.3197254538536072,"('mobilenet_v2,resnet50,yolo11l,yolo11m,yolo11n,yolo11s,yolo11x', 1.5)"
combination_530,"mobilenet_v2,resnet50,yolo11l,yolo11m,yolo11n,yolo11s,yolo11x",yolo11n,2.0,False,False,0,0.8843851641293358,0.09690721649484547,0.0,0.8107669949531555,0.2895723581314087,0.5288184881210327,"('mobilenet_v2,resnet50,yolo11l,yolo11m,yolo11n,yolo11s,yolo11x', 2.0)"
combination_507,"mobilenet_v2,resnet50,yolo11l,yolo11m,yolo11n,yolo11s,yolo11x",yolo11n,1.5,False,False,0,0.12263999572123872,0.9576914732045998,0.0,0.12356151640415192,0.9201571345329285,0.18272754549980164,"('mobilenet_v2,resnet50,yolo11l,yolo11m,yolo11n,yolo11s,yolo11x', 1.5)"
combination_482,"mobilenet_v2,resnet50,yolo11l,yolo11m,yolo11n,yolo11s,yolo11x",yolo11n,1.0,False,False,0,0.838693279109589,0.09876165723895428,0.0,0.7674623727798462,0.09467406570911407,0.4248955249786377,"('mobilenet_v2,resnet50,yolo11l,yolo11m,yolo11n,yolo11s,yolo11x', 1.0)"
combination_525,"mobilenet_v2,resnet50,yolo11l,yolo11m,yolo11n,yolo11s,yolo11x",yolo11n,2.0,False,False,0,0.13354470166999208,1.0,0.0,0.16143761575222015,0.9459970593452454,0.17135456204414368,"('mobilenet_v2,resnet50,yolo11l,yolo11m,yolo11n,yolo11s,yolo11x', 2.0)"
combination_538,"mobilenet_v2,resnet50,yolo11l,yolo11m,yolo11n,yolo11s,yolo11x",yolo11n,2.0,False,False,0,0.23787137507857986,1.0,0.0,0.26414477825164795,0.9470230937004089,0.19386978447437286,"('mobilenet_v2,resnet50,yolo11l,yolo11m,yolo11n,yolo11s,yolo11x', 2.0)"
combination_523,"mobilenet_v2,resnet50,yolo11l,yolo11m,yolo11n,yolo11s,yolo11x",yolo11n,2.0,False,False,0,0.5376499849673382,0.11134020618556717,0.0,0.5156770348548889,0.31446346640586853,0.4836714267730713,"('mobilenet_v2,resnet50,yolo11l,yolo11m,yolo11n,yolo11s,yolo11x', 2.0)"
combination_502,"mobilenet_v2,resnet50,yolo11l,yolo11m,yolo11n,yolo11s,yolo11x",yolo11n,1.5,False,False,0,0.1692784938760229,0.7405077023215447,0.0,0.1702212542295456,0.9119386076927185,0.3204875886440277,"('mobilenet_v2,resnet50,yolo11l,yolo11m,yolo11n,yolo11s,yolo11x', 1.5)"
combination_509,"mobilenet_v2,resnet50,yolo11l,yolo11m,yolo11n,yolo11s,yolo11x",yolo11n,1.5,False,False,0,0.27814622666737987,0.6255152961596876,0.0,0.2610301375389099,0.8467859625816345,0.326629102230072,"('mobilenet_v2,resnet50,yolo11l,yolo11m,yolo11n,yolo11s,yolo11x', 1.5)"
combination_489,"mobilenet_v2,resnet50,yolo11l,yolo11m,yolo11n,yolo11s,yolo11x",yolo11n,1.0,False,False,0,0.15844392123287668,0.999082709065892,0.0,0.16797782480716705,0.9343715310096741,0.12053614854812622,"('mobilenet_v2,resnet50,yolo11l,yolo11m,yolo11n,yolo11s,yolo11x', 1.0)"
combination_477,"mobilenet_v2,resnet50,yolo11l,yolo11m,yolo11n,yolo11s,yolo11x",yolo11n,1.0,False,False,0,0.1331068065068493,1.0,0.0,0.16422875225543976,0.9505836963653564,0.12005434930324554,"('mobilenet_v2,resnet50,yolo11l,yolo11m,yolo11n,yolo11s,yolo11x', 1.0)"
combination_510,"mobilenet_v2,resnet50,yolo11l,yolo11m,yolo11n,yolo11s,yolo11x",yolo11n,1.5,False,False,0,0.4662780125153768,0.7422434367541766,0.0,0.43790730834007263,0.7142550945281982,0.30801552534103394,"('mobilenet_v2,resnet50,yolo11l,yolo11m,yolo11n,yolo11s,yolo11x', 1.5)"
combination_471,"mobilenet_v2,resnet50,yolo11l,yolo11m,yolo11n,yolo11s,yolo11x",yolo11n,1.0,False,False,0,0.11753531678082188,0.8151658767772512,0.0,0.13286738097667694,0.9127914905548096,0.165940523147583,"('mobilenet_v2,resnet50,yolo11l,yolo11m,yolo11n,yolo11s,yolo11x', 1.0)"
combination_527,"mobilenet_v2,resnet50,yolo11l,yolo11m,yolo11n,yolo11s,yolo11x",yolo11n,2.0,False,False,0,0.38018968486074284,0.996759941089838,0.0,0.35052818059921265,0.8914278149604797,0.2216421365737915,"('mobilenet_v2,resnet50,yolo11l,yolo11m,yolo11n,yolo11s,yolo11x', 2.0)"
combination_499,"mobilenet_v2,resnet50,yolo11l,yolo11m,yolo11n,yolo11s,yolo11x",yolo11n,1.5,False,False,0,0.5024602877466973,0.18897808635278793,0.0,0.49351930618286133,0.3773719370365143,0.4770090878009796,"('mobilenet_v2,resnet50,yolo11l,yolo11m,yolo11n,yolo11s,yolo11x', 1.5)"
combination_512,"mobilenet_v2,resnet50,yolo11l,yolo11m,yolo11n,yolo11s,yolo11x",yolo11n,1.5,False,False,0,0.8131785847997004,0.09785202863961821,0.0,0.7354568839073181,0.3203887641429901,0.5160458087921143,"('mobilenet_v2,resnet50,yolo11l,yolo11m,yolo11n,yolo11s,yolo11x', 1.5)"
combination_496,"mobilenet_v2,resnet50,yolo11l,yolo11m,yolo11n,yolo11s,yolo11x",yolo11n,1.5,False,False,0,0.20714553136866876,1.0,0.0,0.2462843656539917,0.9205745458602905,0.17900614440441132,"('mobilenet_v2,resnet50,yolo11l,yolo11m,yolo11n,yolo11s,yolo11x', 1.5)"
combination_492,"mobilenet_v2,resnet50,yolo11l,yolo11m,yolo11n,yolo11s,yolo11x",yolo11n,1.0,False,False,0,0.3565924657534245,0.6314019263109617,0.0,0.4329148530960083,0.6887747049331665,0.2830795347690582,"('mobilenet_v2,resnet50,yolo11l,yolo11m,yolo11n,yolo11s,yolo11x', 1.0)"
combination_494,"mobilenet_v2,resnet50,yolo11l,yolo11m,yolo11n,yolo11s,yolo11x",yolo11n,1.5,False,False,0,1.0,0.0,0.0,0.9727748036384583,0.14085708558559418,0.5032286643981934,"('mobilenet_v2,resnet50,yolo11l,yolo11m,yolo11n,yolo11s,yolo11x', 1.5)"
combination_478,"mobilenet_v2,resnet50,yolo11l,yolo11m,yolo11n,yolo11s,yolo11x",yolo11n,1.0,False,False,0,0.17125963184931506,0.805075676502064,0.0,0.17319610714912415,0.8613730669021606,0.2316940277814865,"('mobilenet_v2,resnet50,yolo11l,yolo11m,yolo11n,yolo11s,yolo11x', 1.0)"
combination_498,"mobilenet_v2,resnet50,yolo11l,yolo11m,yolo11n,yolo11s,yolo11x",yolo11n,1.5,False,False,0,0.45007220409691395,0.47537426773703617,0.0,0.4389600157737732,0.6087785363197327,0.38322561979293823,"('mobilenet_v2,resnet50,yolo11l,yolo11m,yolo11n,yolo11s,yolo11x', 1.5)"
combination_484,"mobilenet_v2,resnet50,yolo11l,yolo11m,yolo11n,yolo11s,yolo11x",yolo11n,1.0,False,False,0,0.21396083047945202,0.8081333129490904,0.0,0.20359599590301514,0.8832134008407593,0.2275695502758026,"('mobilenet_v2,resnet50,yolo11l,yolo11m,yolo11n,yolo11s,yolo11x', 1.0)"
combination_81,"llama1b,qwen2_vl,resnet50,yolo11l",yolo11l,2.0,True,True,0,0.047172339855266684,1.0,0.13775671406003162,0.04994451254606247,1.0,0.13120244443416595,"('llama1b,qwen2_vl,resnet50,yolo11l', 2.0)"
combination_116,"llama1b,qwen2_vl,resnet50,yolo11x",yolo11x,3.0,True,True,2,0.8763926024955436,0.46090534979423864,0.3650067750677507,0.8640764355659485,0.5223422646522522,0.34449970722198486,"('llama1b,qwen2_vl,resnet50,yolo11x', 3.0)"
combination_111,"llama1b,qwen2_vl,resnet50,yolo11x",yolo11x,2.0,True,True,1,0.7152805755395684,0.6641247246229451,0.4841110793014601,0.731450080871582,0.631014347076416,0.5397225022315979,"('llama1b,qwen2_vl,resnet50,yolo11x', 2.0)"
combination_9,"llama1b,qwen2_vl,resnet50,yolo11n",yolo11n,2.0,True,True,1,0.05592236098957919,1.0,0.1310320781032078,0.0649925246834755,0.9990490078926086,0.1360263079404831,"('llama1b,qwen2_vl,resnet50,yolo11n', 2.0)"
combination_101,"llama1b,qwen2_vl,resnet50,yolo11x",yolo11x,1.0,True,True,2,0.15525672371638138,0.7316468253968254,0.39312977099236635,0.15787890553474426,0.7365917563438416,0.39652150869369507,"('llama1b,qwen2_vl,resnet50,yolo11x', 1.0)"
combination_66,"llama1b,qwen2_vl,resnet50,yolo11m",yolo11m,3.0,True,True,2,0.30021525950729494,0.6922435362802336,0.2364597093791281,0.2639881670475006,0.6822894215583801,0.25211817026138306,"('llama1b,qwen2_vl,resnet50,yolo11m', 3.0)"
combination_97,"llama1b,qwen2_vl,resnet50,yolo11x",yolo11x,1.0,True,True,2,0.07598269700959187,1.0,0.08988826197588229,0.0874037891626358,0.9886757135391235,0.10412625968456268,"('llama1b,qwen2_vl,resnet50,yolo11x', 1.0)"
combination_120,"llama1b,qwen2_vl,resnet50,yolo11x",yolo11x,3.0,True,True,2,1.0,0.0,1.0,0.9998511075973511,0.013989907689392567,0.9824827313423157,"('llama1b,qwen2_vl,resnet50,yolo11x', 3.0)"
combination_41,"llama1b,qwen2_vl,resnet50,yolo11s",yolo11s,3.0,True,True,1,0.041851204745845354,1.0,0.15109266076603745,0.052624646574258804,0.9819777607917786,0.1716376543045044,"('llama1b,qwen2_vl,resnet50,yolo11s', 3.0)"
combination_90,"llama1b,qwen2_vl,resnet50,yolo11l",yolo11l,3.0,True,True,0,0.2660638512830875,0.5610519724483405,0.24747425208435508,0.20384442806243896,0.7026751637458801,0.23214015364646912,"('llama1b,qwen2_vl,resnet50,yolo11l', 3.0)"
combination_87,"llama1b,qwen2_vl,resnet50,yolo11l",yolo11l,2.0,True,True,0,0.6997587778075582,0.6491984140665402,0.5697472353870459,0.6864573955535889,0.6517296433448792,0.5165688991546631,"('llama1b,qwen2_vl,resnet50,yolo11l', 2.0)"
combination_92,"llama1b,qwen2_vl,resnet50,yolo11l",yolo11l,3.0,True,True,0,0.8819458476459892,0.4483406386975579,0.3802844531633154,0.8957701325416565,0.5160335898399353,0.3677516579627991,"('llama1b,qwen2_vl,resnet50,yolo11l', 3.0)"
combination_60,"llama1b,qwen2_vl,resnet50,yolo11m",yolo11m,2.0,True,True,1,0.8837498059909978,0.45099739809193407,0.34802856255821174,0.8992212414741516,0.3925517499446869,0.34374621510505676,"('llama1b,qwen2_vl,resnet50,yolo11m', 2.0)"
combination_73,"llama1b,qwen2_vl,resnet50,yolo11l",yolo11l,1.0,True,True,1,0.08024143440440264,1.0,0.0960571875349045,0.07265818119049072,0.9887310862541199,0.10723114013671875,"('llama1b,qwen2_vl,resnet50,yolo11l', 1.0)"
combination_71,"llama1b,qwen2_vl,resnet50,yolo11m",yolo11m,3.0,True,True,2,0.6254484573068644,0.6417848206839034,0.652764672579732,0.6534861922264099,0.5997788310050964,0.6498867869377136,"('llama1b,qwen2_vl,resnet50,yolo11m', 3.0)"
combination_57,"llama1b,qwen2_vl,resnet50,yolo11m",yolo11m,2.0,True,True,1,0.047648610895545555,1.0,0.14087239987581496,0.05029411241412163,1.0,0.13605859875679016,"('llama1b,qwen2_vl,resnet50,yolo11m', 2.0)"
combination_14,"llama1b,qwen2_vl,resnet50,yolo11n",yolo11n,2.0,True,True,1,0.5186938191074696,0.4437939110070259,0.542468619246862,0.5968007445335388,0.4570627510547638,0.5548616647720337,"('llama1b,qwen2_vl,resnet50,yolo11n', 2.0)"
combination_46,"llama1b,qwen2_vl,resnet50,yolo11s",yolo11s,3.0,True,True,1,0.5330949575393116,0.35938075930704033,0.5810292159473643,0.5618039965629578,0.4019099771976471,0.6309817433357239,"('llama1b,qwen2_vl,resnet50,yolo11s', 3.0)"
combination_94,"llama1b,qwen2_vl,resnet50,yolo11l",yolo11l,3.0,True,True,0,0.536573045059608,0.17678981423502402,0.6946542422756252,0.5545287132263184,0.27351441979408264,0.6465482115745544,"('llama1b,qwen2_vl,resnet50,yolo11l', 3.0)"
combination_61,"llama1b,qwen2_vl,resnet50,yolo11m",yolo11m,2.0,True,True,1,0.09338299963784985,0.679098005203816,0.49844768705371,0.09689071029424667,0.6837239265441895,0.5556931495666504,"('llama1b,qwen2_vl,resnet50,yolo11m', 2.0)"
combination_1,"llama1b,qwen2_vl,resnet50,yolo11n",yolo11n,1.0,True,True,2,0.08498826761288845,1.0,0.11622937195773476,0.07702820748090744,0.9572365283966064,0.10314754396677017,"('llama1b,qwen2_vl,resnet50,yolo11n', 1.0)"
combination_80,"llama1b,qwen2_vl,resnet50,yolo11l",yolo11l,1.0,True,True,1,0.96502751642109,0.0,1.0,0.9732165932655334,0.0,1.0,"('llama1b,qwen2_vl,resnet50,yolo11l', 1.0)"
combination_65,"llama1b,qwen2_vl,resnet50,yolo11m",yolo11m,3.0,True,True,2,0.04319540779717771,1.0,0.17399509341385166,0.046476367861032486,0.9942501783370972,0.19840259850025177,"('llama1b,qwen2_vl,resnet50,yolo11m', 3.0)"
combination_25,"llama1b,qwen2_vl,resnet50,yolo11s",yolo11s,1.0,True,True,1,0.07879432624113475,1.0,0.11053880432895423,0.09742067754268646,0.9829968214035034,0.11000609397888184,"('llama1b,qwen2_vl,resnet50,yolo11s', 1.0)"
combination_56,"llama1b,qwen2_vl,resnet50,yolo11m",yolo11m,1.0,True,True,2,0.9632510041876763,0.0,1.0,0.9766321182250977,0.0,0.9983772039413452,"('llama1b,qwen2_vl,resnet50,yolo11m', 1.0)"
combination_109,"llama1b,qwen2_vl,resnet50,yolo11x",yolo11x,2.0,True,True,1,0.08759712230215827,0.6780206744619557,0.4795304895505296,0.10423556715250015,0.7074791193008423,0.5373798608779907,"('llama1b,qwen2_vl,resnet50,yolo11x', 2.0)"
combination_107,"llama1b,qwen2_vl,resnet50,yolo11x",yolo11x,2.0,True,True,1,0.6393093525179856,0.9550923572275886,0.17034068136272545,0.6150925159454346,0.9451935887336731,0.18833360075950623,"('llama1b,qwen2_vl,resnet50,yolo11x', 2.0)"
combination_117,"llama1b,qwen2_vl,resnet50,yolo11x",yolo11x,3.0,True,True,2,0.08455882352941177,0.6733294140701549,0.5730013550135501,0.08819985389709473,0.6117777824401855,0.613560676574707,"('llama1b,qwen2_vl,resnet50,yolo11x', 3.0)"
combination_100,"llama1b,qwen2_vl,resnet50,yolo11x",yolo11x,1.0,True,True,2,1.0,0.23995535714285712,0.3238190065272707,0.9857569932937622,0.3378281891345978,0.32369542121887207,"('llama1b,qwen2_vl,resnet50,yolo11x', 1.0)"
combination_52,"llama1b,qwen2_vl,resnet50,yolo11m",yolo11m,1.0,True,True,2,1.0,0.2979640718562875,0.31604664075513605,0.9952938556671143,0.3127990663051605,0.3215833604335785,"('llama1b,qwen2_vl,resnet50,yolo11m', 1.0)"
combination_112,"llama1b,qwen2_vl,resnet50,yolo11x",yolo11x,2.0,True,True,1,1.0,0.0,1.0,0.9692422747612,0.0021804000716656446,1.0,"('llama1b,qwen2_vl,resnet50,yolo11x', 2.0)"
combination_72,"llama1b,qwen2_vl,resnet50,yolo11m",yolo11m,3.0,True,True,2,1.0,0.0,1.0,0.991938591003418,0.0001922620867844671,1.0,"('llama1b,qwen2_vl,resnet50,yolo11m', 3.0)"
combination_22,"llama1b,qwen2_vl,resnet50,yolo11n",yolo11n,3.0,True,True,1,0.5098645405361429,0.34263392857142877,0.5526872310945818,0.5824216604232788,0.43147698044776917,0.6177957653999329,"('llama1b,qwen2_vl,resnet50,yolo11n', 3.0)"
combination_108,"llama1b,qwen2_vl,resnet50,yolo11x",yolo11x,2.0,True,True,1,0.8766043165467626,0.4346720894763599,0.33996564557686804,0.9209077954292297,0.36129289865493774,0.33524617552757263,"('llama1b,qwen2_vl,resnet50,yolo11x', 2.0)"
combination_2,"llama1b,qwen2_vl,resnet50,yolo11n",yolo11n,1.0,True,True,2,0.40685629256567274,0.9742094349403836,0.15891012703312357,0.4460778832435608,0.7255371809005737,0.14002500474452972,"('llama1b,qwen2_vl,resnet50,yolo11n', 1.0)"
combination_70,"llama1b,qwen2_vl,resnet50,yolo11m",yolo11m,3.0,True,True,2,0.5519732121502032,0.2816930775646372,0.6663521419135686,0.5464654564857483,0.2149507701396942,0.6697351336479187,"('llama1b,qwen2_vl,resnet50,yolo11m', 3.0)"
combination_40,"llama1b,qwen2_vl,resnet50,yolo11s",yolo11s,2.0,True,True,1,1.0,0.0,1.0,1.0,0.005742890760302544,0.9939236640930176,"('llama1b,qwen2_vl,resnet50,yolo11s', 2.0)"
combination_6,"llama1b,qwen2_vl,resnet50,yolo11n",yolo11n,1.0,True,True,2,0.7326160361700909,0.6548729911871435,0.5052237919981004,0.870846152305603,0.36726608872413635,0.431762158870697,"('llama1b,qwen2_vl,resnet50,yolo11n', 1.0)"
combination_64,"llama1b,qwen2_vl,resnet50,yolo11m",yolo11m,2.0,True,True,1,1.0,0.0,1.0,0.9823400378227234,0.0033928221091628075,0.9966341257095337,"('llama1b,qwen2_vl,resnet50,yolo11m', 2.0)"
combination_29,"llama1b,qwen2_vl,resnet50,yolo11s",yolo11s,1.0,True,True,1,0.15354609929078017,0.7212496960855823,0.4055211528444933,0.1321214735507965,0.7094007134437561,0.3887515962123871,"('llama1b,qwen2_vl,resnet50,yolo11s', 1.0)"
combination_93,"llama1b,qwen2_vl,resnet50,yolo11l",yolo11l,3.0,True,True,0,0.08026874115983028,0.6520559382174912,0.7283962726826876,0.08471856266260147,0.6356623768806458,0.6233695149421692,"('llama1b,qwen2_vl,resnet50,yolo11l', 3.0)"
combination_119,"llama1b,qwen2_vl,resnet50,yolo11x",yolo11x,3.0,True,True,2,0.6767491087344029,0.6725455614344502,0.5687669376693767,0.6634019613265991,0.6581676602363586,0.565595805644989,"('llama1b,qwen2_vl,resnet50,yolo11x', 3.0)"
combination_39,"llama1b,qwen2_vl,resnet50,yolo11s",yolo11s,2.0,True,True,1,0.6262152481664677,0.5860704392560346,0.5549467510418273,0.6165691018104553,0.4694901704788208,0.5839210748672485,"('llama1b,qwen2_vl,resnet50,yolo11s', 2.0)"
combination_51,"llama1b,qwen2_vl,resnet50,yolo11m",yolo11m,1.0,True,True,2,0.8124091957952312,0.8073053892215569,0.1424208772903942,0.8148441910743713,0.8207426071166992,0.14150604605674744,"('llama1b,qwen2_vl,resnet50,yolo11m', 1.0)"
combination_47,"llama1b,qwen2_vl,resnet50,yolo11s",yolo11s,3.0,True,True,1,0.6044451667953353,0.3667526723184668,0.5667737134800658,0.5934870839118958,0.4435312747955322,0.6360180377960205,"('llama1b,qwen2_vl,resnet50,yolo11s', 3.0)"
combination_50,"llama1b,qwen2_vl,resnet50,yolo11m",yolo11m,1.0,True,True,2,0.3030510212802325,0.6553293413173653,0.14719600222098836,0.3301226794719696,0.6612081527709961,0.15088683366775513,"('llama1b,qwen2_vl,resnet50,yolo11m', 1.0)"
combination_74,"llama1b,qwen2_vl,resnet50,yolo11l",yolo11l,1.0,True,True,1,0.27125865435824603,0.6575731391186272,0.14967050150787445,0.2665107548236847,0.626481294631958,0.14941705763339996,"('llama1b,qwen2_vl,resnet50,yolo11l', 1.0)"
combination_67,"llama1b,qwen2_vl,resnet50,yolo11m",yolo11m,3.0,True,True,2,0.52929921071514,0.9897831526271893,0.2345725608605397,0.5418310761451721,0.9714712500572205,0.24443167448043823,"('llama1b,qwen2_vl,resnet50,yolo11m', 3.0)"
combination_23,"llama1b,qwen2_vl,resnet50,yolo11n",yolo11n,3.0,True,True,1,0.6637513728999717,0.2991071428571429,0.6316633851090206,0.6062731146812439,0.40162980556488037,0.6395645141601562,"('llama1b,qwen2_vl,resnet50,yolo11n', 3.0)"
combination_49,"llama1b,qwen2_vl,resnet50,yolo11m",yolo11m,1.0,True,True,2,0.08033501410135886,1.0,0.10188784008883954,0.0787649154663086,0.9903935790061951,0.1028011366724968,"('llama1b,qwen2_vl,resnet50,yolo11m', 1.0)"
combination_63,"llama1b,qwen2_vl,resnet50,yolo11m",yolo11m,2.0,True,True,1,0.6899477469087899,0.6634865568083262,0.5321328779882024,0.6994078159332275,0.6220142245292664,0.5555872917175293,"('llama1b,qwen2_vl,resnet50,yolo11m', 2.0)"
combination_84,"llama1b,qwen2_vl,resnet50,yolo11l",yolo11l,2.0,True,True,0,0.8812650763870276,0.44699189794862954,0.3504739336492891,0.8866419196128845,0.449430912733078,0.34328827261924744,"('llama1b,qwen2_vl,resnet50,yolo11l', 2.0)"
combination_45,"llama1b,qwen2_vl,resnet50,yolo11s",yolo11s,3.0,True,True,1,0.08187395879891105,0.38555105049760424,0.5106132999138403,0.09041799604892731,0.6260440945625305,0.6359798312187195,"('llama1b,qwen2_vl,resnet50,yolo11s', 3.0)"
combination_34,"llama1b,qwen2_vl,resnet50,yolo11s",yolo11s,2.0,True,True,1,0.32078287566092445,0.9788286505738027,0.19964500694551626,0.3824630081653595,0.8814640641212463,0.19563744962215424,"('llama1b,qwen2_vl,resnet50,yolo11s', 2.0)"
combination_105,"llama1b,qwen2_vl,resnet50,yolo11x",yolo11x,2.0,True,True,1,0.047712230215827336,1.0,0.1313340967649585,0.05261805281043053,1.0,0.12768840789794922,"('llama1b,qwen2_vl,resnet50,yolo11x', 2.0)"
combination_35,"llama1b,qwen2_vl,resnet50,yolo11s",yolo11s,2.0,True,True,1,0.5022599351867645,0.9499406410763751,0.19478314554715231,0.5280612707138062,0.8945074677467346,0.20036791265010834,"('llama1b,qwen2_vl,resnet50,yolo11s', 2.0)"
combination_103,"llama1b,qwen2_vl,resnet50,yolo11x",yolo11x,1.0,True,True,2,0.9673688170020689,0.525545634920635,0.4007080429251023,0.9694175720214844,0.5370811820030212,0.39600902795791626,"('llama1b,qwen2_vl,resnet50,yolo11x', 1.0)"
combination_4,"llama1b,qwen2_vl,resnet50,yolo11n",yolo11n,1.0,True,True,2,1.0,0.38698807672369095,0.30689777988840083,0.9951704144477844,0.43761903047561646,0.3172162175178528,"('llama1b,qwen2_vl,resnet50,yolo11n', 1.0)"
combination_33,"llama1b,qwen2_vl,resnet50,yolo11s",yolo11s,2.0,True,True,1,0.04558246631417364,1.0,0.14747646241703966,0.06091431900858879,0.9869284629821777,0.1370970457792282,"('llama1b,qwen2_vl,resnet50,yolo11s', 2.0)"
combination_18,"llama1b,qwen2_vl,resnet50,yolo11n",yolo11n,3.0,True,True,1,0.27441728023430834,1.0,0.19295558958652376,0.4001983404159546,0.9366742372512817,0.22197726368904114,"('llama1b,qwen2_vl,resnet50,yolo11n', 3.0)"
combination_118,"llama1b,qwen2_vl,resnet50,yolo11x",yolo11x,3.0,True,True,2,0.5508578431372549,0.19537526944934355,0.6550643631436314,0.5450642108917236,0.2199241667985916,0.6267232298851013,"('llama1b,qwen2_vl,resnet50,yolo11x', 3.0)"
combination_75,"llama1b,qwen2_vl,resnet50,yolo11l",yolo11l,1.0,True,True,1,0.8491922598970354,0.827305270954203,0.1317993968502178,0.8444615006446838,0.8299447298049927,0.1379874050617218,"('llama1b,qwen2_vl,resnet50,yolo11l', 1.0)"
combination_114,"llama1b,qwen2_vl,resnet50,yolo11x",yolo11x,3.0,True,True,2,0.18716577540106955,0.5408583186360965,0.21417682926829268,0.19447967410087585,0.702664852142334,0.22414173185825348,"('llama1b,qwen2_vl,resnet50,yolo11x', 3.0)"
combination_104,"llama1b,qwen2_vl,resnet50,yolo11x",yolo11x,1.0,True,True,2,0.9585292458153094,0.0,1.0,0.9958571195602417,0.0,0.9926248788833618,"('llama1b,qwen2_vl,resnet50,yolo11x', 1.0)"
combination_99,"llama1b,qwen2_vl,resnet50,yolo11x",yolo11x,1.0,True,True,2,0.8756817754372767,0.831969246031746,0.13563447283991592,0.82438725233078,0.8323554396629333,0.12801985442638397,"('llama1b,qwen2_vl,resnet50,yolo11x', 1.0)"
combination_58,"llama1b,qwen2_vl,resnet50,yolo11m",yolo11m,2.0,True,True,1,0.24915929432458994,0.6123156981786643,0.19768705371002793,0.2907963693141937,0.67824387550354,0.19143208861351013,"('llama1b,qwen2_vl,resnet50,yolo11m', 2.0)"
combination_12,"llama1b,qwen2_vl,resnet50,yolo11n",yolo11n,2.0,True,True,1,0.9082411900405696,0.7640515222482436,0.32698744769874477,0.9426289796829224,0.4053024649620056,0.31834423542022705,"('llama1b,qwen2_vl,resnet50,yolo11n', 2.0)"
combination_91,"llama1b,qwen2_vl,resnet50,yolo11l",yolo11l,3.0,True,True,0,0.5660234390786019,0.9906073888541016,0.23835213339872485,0.5764147639274597,0.9863327741622925,0.20232205092906952,"('llama1b,qwen2_vl,resnet50,yolo11l', 3.0)"
combination_48,"llama1b,qwen2_vl,resnet50,yolo11s",yolo11s,3.0,True,True,1,1.0,0.0,1.0,0.9863369464874268,0.013365872204303741,0.995358407497406,"('llama1b,qwen2_vl,resnet50,yolo11s', 3.0)"
combination_11,"llama1b,qwen2_vl,resnet50,yolo11n",yolo11n,2.0,True,True,1,0.48635748945986795,0.9089578454332552,0.17761506276150626,0.4214935898780823,0.8195298314094543,0.19750164449214935,"('llama1b,qwen2_vl,resnet50,yolo11n', 2.0)"
combination_86,"llama1b,qwen2_vl,resnet50,yolo11l",yolo11l,2.0,True,True,0,0.5691771642991155,0.27064299258748487,0.5741706161137441,0.5796771049499512,0.2936779856681824,0.5709724426269531,"('llama1b,qwen2_vl,resnet50,yolo11l', 2.0)"
combination_8,"llama1b,qwen2_vl,resnet50,yolo11n",yolo11n,1.0,True,True,2,0.9819721856578719,0.0,1.0,0.9783158302307129,0.0,1.0,"('llama1b,qwen2_vl,resnet50,yolo11n', 1.0)"
combination_62,"llama1b,qwen2_vl,resnet50,yolo11m",yolo11m,2.0,True,True,1,0.5817683273837239,0.2733738074588031,0.5951567836075753,0.5737826228141785,0.35254502296447754,0.5622018575668335,"('llama1b,qwen2_vl,resnet50,yolo11m', 2.0)"
combination_95,"llama1b,qwen2_vl,resnet50,yolo11l",yolo11l,3.0,True,True,0,0.6545766821580119,0.6397411813817575,0.6870034330554193,0.6595265865325928,0.6369006633758545,0.5865029692649841,"('llama1b,qwen2_vl,resnet50,yolo11l', 3.0)"
combination_37,"llama1b,qwen2_vl,resnet50,yolo11s",yolo11s,2.0,True,True,1,0.08779634999147194,0.6240601503759399,0.5256212378453464,0.10711737722158432,0.6774847507476807,0.5817185044288635,"('llama1b,qwen2_vl,resnet50,yolo11s', 2.0)"
combination_98,"llama1b,qwen2_vl,resnet50,yolo11x",yolo11x,1.0,True,True,2,0.2390445740078992,0.646453373015873,0.15239517645757275,0.26035499572753906,0.6678821444511414,0.1446443349123001,"('llama1b,qwen2_vl,resnet50,yolo11x', 1.0)"
combination_55,"llama1b,qwen2_vl,resnet50,yolo11m",yolo11m,1.0,True,True,2,0.9294077429279548,0.5188023952095809,0.3983897834536369,0.9283120036125183,0.5115106105804443,0.4116877615451813,"('llama1b,qwen2_vl,resnet50,yolo11m', 1.0)"
combination_20,"llama1b,qwen2_vl,resnet50,yolo11n",yolo11n,3.0,True,True,1,0.9198226416629379,0.8686755952380952,0.3463866404142055,0.9125106930732727,0.4190596342086792,0.34613853693008423,"('llama1b,qwen2_vl,resnet50,yolo11n', 3.0)"
combination_76,"llama1b,qwen2_vl,resnet50,yolo11l",yolo11l,1.0,True,True,1,1.0,0.27416368349586473,0.3201720093823299,0.989919126033783,0.3140217065811157,0.3247595727443695,"('llama1b,qwen2_vl,resnet50,yolo11l', 1.0)"
combination_3,"llama1b,qwen2_vl,resnet50,yolo11n",yolo11n,1.0,True,True,2,0.6030446975333371,0.7624416796267496,0.1574260952154814,0.6856198310852051,0.7456699013710022,0.14018641412258148,"('llama1b,qwen2_vl,resnet50,yolo11n', 1.0)"
combination_15,"llama1b,qwen2_vl,resnet50,yolo11n",yolo11n,2.0,True,True,1,0.6589372364966989,0.34104215456674486,0.5557880055788006,0.7002025246620178,0.41090086102485657,0.5793167948722839,"('llama1b,qwen2_vl,resnet50,yolo11n', 2.0)"
combination_88,"llama1b,qwen2_vl,resnet50,yolo11l",yolo11l,2.0,True,True,0,1.0,0.0,1.0,0.9934259057044983,0.0014203315367922187,0.9991852045059204,"('llama1b,qwen2_vl,resnet50,yolo11l', 2.0)"
combination_21,"llama1b,qwen2_vl,resnet50,yolo11n",yolo11n,3.0,True,True,1,0.10503193263637474,0.37983630952380976,0.5025887843652009,0.1496327966451645,0.637732207775116,0.6158114075660706,"('llama1b,qwen2_vl,resnet50,yolo11n', 3.0)"
combination_7,"llama1b,qwen2_vl,resnet50,yolo11n",yolo11n,1.0,True,True,2,0.802666971899502,0.4482892690513219,0.4963789623649531,0.8966566920280457,0.3241112232208252,0.4448520839214325,"('llama1b,qwen2_vl,resnet50,yolo11n', 1.0)"
combination_69,"llama1b,qwen2_vl,resnet50,yolo11m",yolo11m,3.0,True,True,2,0.08218129634058836,0.6524186822351961,0.6615399131911681,0.08336376398801804,0.5933632254600525,0.6287754774093628,"('llama1b,qwen2_vl,resnet50,yolo11m', 3.0)"
combination_113,"llama1b,qwen2_vl,resnet50,yolo11x",yolo11x,3.0,True,True,2,0.0457330659536542,1.0,0.15548780487804878,0.045555684715509415,0.9984577894210815,0.18939954042434692,"('llama1b,qwen2_vl,resnet50,yolo11x', 3.0)"
combination_85,"llama1b,qwen2_vl,resnet50,yolo11l",yolo11l,2.0,True,True,0,0.08893058161350843,0.6724702637476297,0.5642180094786731,0.08951053768396378,0.6673239469528198,0.5080369710922241,"('llama1b,qwen2_vl,resnet50,yolo11l', 2.0)"
combination_38,"llama1b,qwen2_vl,resnet50,yolo11s",yolo11s,2.0,True,True,1,0.5468190346239128,0.590819153146023,0.5868189535422133,0.5774678587913513,0.402767539024353,0.5502276420593262,"('llama1b,qwen2_vl,resnet50,yolo11s', 2.0)"
combination_54,"llama1b,qwen2_vl,resnet50,yolo11m",yolo11m,1.0,True,True,2,0.9367575420904196,0.4007185628742515,0.4302609661299278,0.9265359044075012,0.35758933424949646,0.4582333266735077,"('llama1b,qwen2_vl,resnet50,yolo11m', 1.0)"
combination_43,"llama1b,qwen2_vl,resnet50,yolo11s",yolo11s,3.0,True,True,1,0.4736906261427816,0.9859933652782896,0.20552988172632566,0.5150853991508484,0.9310652017593384,0.21949465572834015,"('llama1b,qwen2_vl,resnet50,yolo11s', 3.0)"
combination_53,"llama1b,qwen2_vl,resnet50,yolo11m",yolo11m,1.0,True,True,2,0.14682505768737714,0.7100598802395209,0.3620210993892282,0.15415380895137787,0.7189943790435791,0.3980512320995331,"('llama1b,qwen2_vl,resnet50,yolo11m', 1.0)"
combination_36,"llama1b,qwen2_vl,resnet50,yolo11s",yolo11s,2.0,True,True,1,0.9015009380863039,0.521962801741195,0.3473529865720018,0.9227628111839294,0.3996994197368622,0.3214908540248871,"('llama1b,qwen2_vl,resnet50,yolo11s', 2.0)"
combination_32,"llama1b,qwen2_vl,resnet50,yolo11s",yolo11s,1.0,True,True,1,0.975177304964539,0.0,1.0,0.9767106175422668,0.006061985157430172,0.9982841610908508,"('llama1b,qwen2_vl,resnet50,yolo11s', 1.0)"
combination_13,"llama1b,qwen2_vl,resnet50,yolo11n",yolo11n,2.0,True,True,1,0.10611725399729537,0.458430913348946,0.4886331938633193,0.16388605535030365,0.6897568106651306,0.5614316463470459,"('llama1b,qwen2_vl,resnet50,yolo11n', 2.0)"
combination_89,"llama1b,qwen2_vl,resnet50,yolo11l",yolo11l,3.0,True,True,0,0.04319054354415034,1.0,0.1882295242766062,0.04616868123412132,0.9917325377464294,0.15969277918338776,"('llama1b,qwen2_vl,resnet50,yolo11l', 3.0)"
combination_96,"llama1b,qwen2_vl,resnet50,yolo11l",yolo11l,3.0,True,True,0,1.0,0.0,1.0,0.9935930967330933,0.0,1.0,"('llama1b,qwen2_vl,resnet50,yolo11l', 3.0)"
combination_79,"llama1b,qwen2_vl,resnet50,yolo11l",yolo11l,1.0,True,True,1,0.9501153914432806,0.5187013948895197,0.40176477158494356,0.9398452639579773,0.5276219248771667,0.4186115264892578,"('llama1b,qwen2_vl,resnet50,yolo11l', 1.0)"
combination_106,"llama1b,qwen2_vl,resnet50,yolo11x",yolo11x,2.0,True,True,1,0.1693812949640288,0.5948144382308084,0.17456341253936444,0.18666353821754456,0.6357591152191162,0.18978531658649445,"('llama1b,qwen2_vl,resnet50,yolo11x', 2.0)"
combination_78,"llama1b,qwen2_vl,resnet50,yolo11l",yolo11l,1.0,True,True,1,0.9399076868453755,0.3920503641525737,0.4644253322908522,0.9338399171829224,0.3634703755378723,0.4378392994403839,"('llama1b,qwen2_vl,resnet50,yolo11l', 1.0)"
combination_27,"llama1b,qwen2_vl,resnet50,yolo11s",yolo11s,1.0,True,True,1,0.7041843971631205,0.7892049598832969,0.14543665721395915,0.5911687612533569,0.8469931483268738,0.14748406410217285,"('llama1b,qwen2_vl,resnet50,yolo11s', 1.0)"
combination_19,"llama1b,qwen2_vl,resnet50,yolo11n",yolo11n,3.0,True,True,1,0.49184395720619944,0.9720982142857145,0.1953620651936119,0.4173923134803772,0.8842418789863586,0.2187642902135849,"('llama1b,qwen2_vl,resnet50,yolo11n', 3.0)"
combination_68,"llama1b,qwen2_vl,resnet50,yolo11m",yolo11m,3.0,True,True,2,0.8892131069122219,0.45391993327773145,0.3729949046989998,0.8862377405166626,0.5057179927825928,0.3646587133407593,"('llama1b,qwen2_vl,resnet50,yolo11m', 3.0)"
combination_82,"llama1b,qwen2_vl,resnet50,yolo11l",yolo11l,2.0,True,True,0,0.221978021978022,0.6064471642820204,0.19060031595576618,0.1818946897983551,0.6363670825958252,0.1898239403963089,"('llama1b,qwen2_vl,resnet50,yolo11l', 2.0)"
combination_42,"llama1b,qwen2_vl,resnet50,yolo11s",yolo11s,3.0,True,True,1,0.3003535004672707,1.0,0.20537322785305864,0.37936264276504517,0.9126713275909424,0.22168956696987152,"('llama1b,qwen2_vl,resnet50,yolo11s', 3.0)"
combination_17,"llama1b,qwen2_vl,resnet50,yolo11n",yolo11n,3.0,True,True,1,0.05499735589635114,1.0,0.14628454750966235,0.05477233976125717,0.9950184226036072,0.1705121099948883,"('llama1b,qwen2_vl,resnet50,yolo11n', 3.0)"
combination_83,"llama1b,qwen2_vl,resnet50,yolo11l",yolo11l,2.0,True,True,0,0.5987670865719645,0.9544906050680918,0.18909952606635072,0.6111428141593933,0.9547959566116333,0.17759646475315094,"('llama1b,qwen2_vl,resnet50,yolo11l', 2.0)"
combination_5,"llama1b,qwen2_vl,resnet50,yolo11n",yolo11n,1.0,True,True,2,0.15641275110169975,0.7028252980819076,0.4154695476671019,0.17174369096755981,0.625311553478241,0.3967534601688385,"('llama1b,qwen2_vl,resnet50,yolo11n', 1.0)"
combination_59,"llama1b,qwen2_vl,resnet50,yolo11m",yolo11m,2.0,True,True,1,0.5829065135288943,0.9562879444926279,0.1940391182862465,0.5492286682128906,0.9439953565597534,0.19619295001029968,"('llama1b,qwen2_vl,resnet50,yolo11m', 2.0)"
combination_31,"llama1b,qwen2_vl,resnet50,yolo11s",yolo11s,1.0,True,True,1,0.8761702127659574,0.4929491855093607,0.43752531975230047,0.8956286311149597,0.5104284882545471,0.43781083822250366,"('llama1b,qwen2_vl,resnet50,yolo11s', 1.0)"
combination_44,"llama1b,qwen2_vl,resnet50,yolo11s",yolo11s,3.0,True,True,1,0.925114786071269,0.8680427570954661,0.35685752330226367,0.8901218771934509,0.4258900582790375,0.3484008312225342,"('llama1b,qwen2_vl,resnet50,yolo11s', 3.0)"
combination_102,"llama1b,qwen2_vl,resnet50,yolo11x",yolo11x,1.0,True,True,2,0.9567425239796877,0.3438740079365079,0.4543644208430136,0.9215437769889832,0.3969292938709259,0.44461795687675476,"('llama1b,qwen2_vl,resnet50,yolo11x', 1.0)"
combination_110,"llama1b,qwen2_vl,resnet50,yolo11x",yolo11x,2.0,True,True,1,0.5833669064748201,0.26758176580240634,0.5445176066418551,0.5729189515113831,0.3124929368495941,0.5765784978866577,"('llama1b,qwen2_vl,resnet50,yolo11x', 2.0)"
combination_28,"llama1b,qwen2_vl,resnet50,yolo11s",yolo11s,1.0,True,True,1,1.0,0.3525407245319718,0.30539961803345106,1.0,0.334701806306839,0.3064728081226349,"('llama1b,qwen2_vl,resnet50,yolo11s', 1.0)"
combination_24,"llama1b,qwen2_vl,resnet50,yolo11n",yolo11n,3.0,True,True,1,1.0,0.0,1.0,0.9966695308685303,0.004116750322282314,0.9853157997131348,"('llama1b,qwen2_vl,resnet50,yolo11n', 3.0)"
combination_26,"llama1b,qwen2_vl,resnet50,yolo11s",yolo11s,1.0,True,True,1,0.4109219858156028,0.6980306345733042,0.14867758550842064,0.41422802209854126,0.8719239830970764,0.15422111749649048,"('llama1b,qwen2_vl,resnet50,yolo11s', 1.0)"
combination_77,"llama1b,qwen2_vl,resnet50,yolo11l",yolo11l,1.0,True,True,1,0.15489082194212675,0.7126280706085667,0.4344353847872222,0.14365263283252716,0.7113553881645203,0.3949160873889923,"('llama1b,qwen2_vl,resnet50,yolo11l', 1.0)"
combination_115,"llama1b,qwen2_vl,resnet50,yolo11x",yolo11x,3.0,True,True,2,0.6290663992869876,0.9882422104644327,0.20630081300813008,0.5389845967292786,0.971544623374939,0.20180892944335938,"('llama1b,qwen2_vl,resnet50,yolo11x', 3.0)"
combination_10,"llama1b,qwen2_vl,resnet50,yolo11n",yolo11n,2.0,True,True,1,0.2729297589690558,1.0,0.17733612273361227,0.399190217256546,0.9125968217849731,0.1998438686132431,"('llama1b,qwen2_vl,resnet50,yolo11n', 2.0)"
combination_30,"llama1b,qwen2_vl,resnet50,yolo11s",yolo11s,1.0,True,True,1,0.8877304964539007,0.37503039144177,0.4339950228601192,0.9238531589508057,0.4633634388446808,0.44799715280532837,"('llama1b,qwen2_vl,resnet50,yolo11s', 1.0)"
combination_16,"llama1b,qwen2_vl,resnet50,yolo11n",yolo11n,2.0,True,True,1,1.0,0.0,1.0,1.0,0.0027188677340745926,0.9952646493911743,"('llama1b,qwen2_vl,resnet50,yolo11n', 2.0)"
combination_312,"llama1b,mobilenet_v2,qwen2_vl,resnet50,yolo11l,yolo11m,yolo11s",yolo11s,1.5,True,True,2,0.2201747773403691,0.5176187349529436,0.19962276013832128,0.27243277430534363,0.8443936109542847,0.2078293412923813,"('llama1b,mobilenet_v2,qwen2_vl,resnet50,yolo11l,yolo11m,yolo11s', 1.5)"
combination_337,"llama1b,mobilenet_v2,qwen2_vl,resnet50,yolo11l,yolo11m,yolo11s",yolo11s,2.0,True,True,2,0.3196307312419327,0.9206570155902005,0.21817868230424287,0.31812217831611633,0.8828353881835938,0.20832861959934235,"('llama1b,mobilenet_v2,qwen2_vl,resnet50,yolo11l,yolo11m,yolo11s', 2.0)"
combination_347,"llama1b,mobilenet_v2,qwen2_vl,resnet50,yolo11l,yolo11m,yolo11s",yolo11s,2.0,True,True,2,0.2623884617543072,0.9059020044543429,0.22869955156950675,0.29647544026374817,0.9323758482933044,0.20439231395721436,"('llama1b,mobilenet_v2,qwen2_vl,resnet50,yolo11l,yolo11m,yolo11s', 2.0)"
combination_348,"llama1b,mobilenet_v2,qwen2_vl,resnet50,yolo11l,yolo11m,yolo11s",yolo11s,2.0,True,True,2,0.3829620068466244,0.5217149220489978,0.2678509830976199,0.3732544183731079,0.8113408088684082,0.2312869280576706,"('llama1b,mobilenet_v2,qwen2_vl,resnet50,yolo11l,yolo11m,yolo11s', 2.0)"
combination_338,"llama1b,mobilenet_v2,qwen2_vl,resnet50,yolo11l,yolo11m,yolo11s",yolo11s,2.0,True,True,2,0.3921937257983051,0.7430400890868595,0.7054156605726113,0.39597785472869873,0.7150720357894897,0.5741656422615051,"('llama1b,mobilenet_v2,qwen2_vl,resnet50,yolo11l,yolo11m,yolo11s', 2.0)"
combination_323,"llama1b,mobilenet_v2,qwen2_vl,resnet50,yolo11l,yolo11m,yolo11s",yolo11s,1.5,True,True,2,0.4487533852639808,0.7297001532063908,0.2607670543854134,0.4328666627407074,0.7164711356163025,0.22243893146514893,"('llama1b,mobilenet_v2,qwen2_vl,resnet50,yolo11l,yolo11m,yolo11s', 1.5)"
combination_335,"llama1b,mobilenet_v2,qwen2_vl,resnet50,yolo11l,yolo11m,yolo11s",yolo11s,2.0,True,True,2,0.745103541163926,0.3438195991091313,0.9473956536736806,0.7640417814254761,0.08244414627552032,0.9013172388076782,"('llama1b,mobilenet_v2,qwen2_vl,resnet50,yolo11l,yolo11m,yolo11s', 2.0)"
combination_343,"llama1b,mobilenet_v2,qwen2_vl,resnet50,yolo11l,yolo11m,yolo11s",yolo11s,2.0,True,True,2,0.4533643863291992,0.7157572383073497,0.28302863056226285,0.4312913715839386,0.7813292741775513,0.23550699651241302,"('llama1b,mobilenet_v2,qwen2_vl,resnet50,yolo11l,yolo11m,yolo11s', 2.0)"
combination_333,"llama1b,mobilenet_v2,qwen2_vl,resnet50,yolo11l,yolo11m,yolo11s",yolo11s,2.0,True,True,2,0.3835512655031146,0.5105790645879733,0.7159365298378751,0.38153553009033203,0.6410946846008301,0.5920591354370117,"('llama1b,mobilenet_v2,qwen2_vl,resnet50,yolo11l,yolo11m,yolo11s', 2.0)"
combination_308,"llama1b,mobilenet_v2,qwen2_vl,resnet50,yolo11l,yolo11m,yolo11s",yolo11s,1.0,True,True,2,0.3463260147994762,0.5986305361305362,0.19715447154471544,0.4141596853733063,0.7260435819625854,0.18968862295150757,"('llama1b,mobilenet_v2,qwen2_vl,resnet50,yolo11l,yolo11m,yolo11s', 1.0)"
combination_311,"llama1b,mobilenet_v2,qwen2_vl,resnet50,yolo11l,yolo11m,yolo11s",yolo11s,1.5,True,True,2,0.15914230672585644,1.0,0.1736875196479095,0.1772434115409851,0.9417762756347656,0.15260645747184753,"('llama1b,mobilenet_v2,qwen2_vl,resnet50,yolo11l,yolo11m,yolo11s', 1.5)"
combination_305,"llama1b,mobilenet_v2,qwen2_vl,resnet50,yolo11l,yolo11m,yolo11s",yolo11s,1.0,True,True,2,0.863850908980176,0.18618881118881123,0.4183405069344811,0.8817504048347473,0.1289019137620926,0.4473334550857544,"('llama1b,mobilenet_v2,qwen2_vl,resnet50,yolo11l,yolo11m,yolo11s', 1.0)"
combination_313,"llama1b,mobilenet_v2,qwen2_vl,resnet50,yolo11l,yolo11m,yolo11s",yolo11s,1.5,True,True,2,0.36926599100985574,0.488071788137448,0.7794718641936499,0.3813695013523102,0.6190341711044312,0.6097484827041626,"('llama1b,mobilenet_v2,qwen2_vl,resnet50,yolo11l,yolo11m,yolo11s', 1.5)"
combination_344,"llama1b,mobilenet_v2,qwen2_vl,resnet50,yolo11l,yolo11m,yolo11s",yolo11s,2.0,True,True,2,0.5342331219484818,0.3329621380846324,0.3585719213521904,0.5856025218963623,0.5197393298149109,0.38026735186576843,"('llama1b,mobilenet_v2,qwen2_vl,resnet50,yolo11l,yolo11m,yolo11s', 2.0)"
combination_299,"llama1b,mobilenet_v2,qwen2_vl,resnet50,yolo11l,yolo11m,yolo11s",yolo11s,1.0,True,True,2,0.38862328329120865,0.4283216783216784,0.6600908656145386,0.46445831656455994,0.4506343603134155,0.5878692865371704,"('llama1b,mobilenet_v2,qwen2_vl,resnet50,yolo11l,yolo11m,yolo11s', 1.0)"
combination_317,"llama1b,mobilenet_v2,qwen2_vl,resnet50,yolo11l,yolo11m,yolo11s",yolo11s,1.5,True,True,2,0.31197476058854734,0.7890129131100896,0.19773656082992772,0.3155306577682495,0.851138710975647,0.22006937861442566,"('llama1b,mobilenet_v2,qwen2_vl,resnet50,yolo11l,yolo11m,yolo11s', 1.5)"
combination_326,"llama1b,mobilenet_v2,qwen2_vl,resnet50,yolo11l,yolo11m,yolo11s",yolo11s,1.5,True,True,2,0.12924030488315605,0.8176843948347559,0.16645708896573405,0.14638352394104004,0.9168505072593689,0.16279171407222748,"('llama1b,mobilenet_v2,qwen2_vl,resnet50,yolo11l,yolo11m,yolo11s', 1.5)"
combination_334,"llama1b,mobilenet_v2,qwen2_vl,resnet50,yolo11l,yolo11m,yolo11s",yolo11s,2.0,True,True,2,0.5655199506145125,0.37193763919821815,0.8597792342186962,0.554472029209137,0.37934228777885437,0.73662269115448,"('llama1b,mobilenet_v2,qwen2_vl,resnet50,yolo11l,yolo11m,yolo11s', 2.0)"
combination_319,"llama1b,mobilenet_v2,qwen2_vl,resnet50,yolo11l,yolo11m,yolo11s",yolo11s,1.5,True,True,2,0.38738587821425585,0.20989275552637338,0.8230116315624018,0.48642903566360474,0.31427693367004395,0.7215677499771118,"('llama1b,mobilenet_v2,qwen2_vl,resnet50,yolo11l,yolo11m,yolo11s', 1.5)"
combination_316,"llama1b,mobilenet_v2,qwen2_vl,resnet50,yolo11l,yolo11m,yolo11s",yolo11s,1.5,True,True,2,0.0943965156210738,0.7971109652002626,0.4599182646966363,0.11940289288759232,0.7703973054885864,0.5320609211921692,"('llama1b,mobilenet_v2,qwen2_vl,resnet50,yolo11l,yolo11m,yolo11s', 1.5)"
combination_320,"llama1b,mobilenet_v2,qwen2_vl,resnet50,yolo11l,yolo11m,yolo11s",yolo11s,1.5,True,True,2,0.8261440098277355,0.09061063690085357,1.0,0.7458640336990356,0.07131273299455643,0.9196150302886963,"('llama1b,mobilenet_v2,qwen2_vl,resnet50,yolo11l,yolo11m,yolo11s', 1.5)"
combination_346,"llama1b,mobilenet_v2,qwen2_vl,resnet50,yolo11l,yolo11m,yolo11s",yolo11s,2.0,True,True,2,0.14187103653403668,1.0,0.17661262504311834,0.14804284274578094,0.9516873359680176,0.16684088110923767,"('llama1b,mobilenet_v2,qwen2_vl,resnet50,yolo11l,yolo11m,yolo11s', 2.0)"
combination_321,"llama1b,mobilenet_v2,qwen2_vl,resnet50,yolo11l,yolo11m,yolo11s",yolo11s,1.5,True,True,2,0.1437306307060893,0.8925366601006784,0.17415906947500787,0.1652149111032486,0.9161090850830078,0.15414614975452423,"('llama1b,mobilenet_v2,qwen2_vl,resnet50,yolo11l,yolo11m,yolo11s', 1.5)"
combination_289,"llama1b,mobilenet_v2,qwen2_vl,resnet50,yolo11l,yolo11m,yolo11s",yolo11s,1.0,True,True,2,0.07792563719967112,1.0,0.12553802008608322,0.09603223949670792,0.9661829471588135,0.11411761492490768,"('llama1b,mobilenet_v2,qwen2_vl,resnet50,yolo11l,yolo11m,yolo11s', 1.0)"
combination_292,"llama1b,mobilenet_v2,qwen2_vl,resnet50,yolo11l,yolo11m,yolo11s",yolo11s,1.0,True,True,2,0.21051189134870124,0.6404428904428904,0.1675035868005739,0.2904198467731476,0.8098652362823486,0.16581816971302032,"('llama1b,mobilenet_v2,qwen2_vl,resnet50,yolo11l,yolo11m,yolo11s', 1.0)"
combination_331,"llama1b,mobilenet_v2,qwen2_vl,resnet50,yolo11l,yolo11m,yolo11s",yolo11s,2.0,True,True,2,0.15705146192266678,1.0,0.19454984477406,0.17860263586044312,0.9736090302467346,0.1531418114900589,"('llama1b,mobilenet_v2,qwen2_vl,resnet50,yolo11l,yolo11m,yolo11s', 2.0)"
combination_294,"llama1b,mobilenet_v2,qwen2_vl,resnet50,yolo11l,yolo11m,yolo11s",yolo11s,1.0,True,True,2,0.5613142909345595,0.4178321678321679,0.6881874701099953,0.5232594609260559,0.4632713198661804,0.585841953754425,"('llama1b,mobilenet_v2,qwen2_vl,resnet50,yolo11l,yolo11m,yolo11s', 1.0)"
combination_332,"llama1b,mobilenet_v2,qwen2_vl,resnet50,yolo11l,yolo11m,yolo11s",yolo11s,2.0,True,True,2,0.2422694876255682,0.84771714922049,0.2069679199724043,0.2779381275177002,0.8655592799186707,0.20128770172595978,"('llama1b,mobilenet_v2,qwen2_vl,resnet50,yolo11l,yolo11m,yolo11s', 2.0)"
combination_290,"llama1b,mobilenet_v2,qwen2_vl,resnet50,yolo11l,yolo11m,yolo11s",yolo11s,1.0,True,True,2,1.0,0.0,1.0,0.999647319316864,0.015771230682730675,1.0,"('llama1b,mobilenet_v2,qwen2_vl,resnet50,yolo11l,yolo11m,yolo11s', 1.0)"
combination_325,"llama1b,mobilenet_v2,qwen2_vl,resnet50,yolo11l,yolo11m,yolo11s",yolo11s,1.5,True,True,2,0.861546193148505,0.27292624206609745,0.4292675259352405,0.7904090285301208,0.13592974841594696,0.3644876480102539,"('llama1b,mobilenet_v2,qwen2_vl,resnet50,yolo11l,yolo11m,yolo11s', 1.5)"
combination_314,"llama1b,mobilenet_v2,qwen2_vl,resnet50,yolo11l,yolo11m,yolo11s",yolo11s,1.5,True,True,2,0.5446296451405758,0.4079667323265485,0.9372838729959133,0.5425193905830383,0.39199408888816833,0.7231932282447815,"('llama1b,mobilenet_v2,qwen2_vl,resnet50,yolo11l,yolo11m,yolo11s', 1.5)"
combination_336,"llama1b,mobilenet_v2,qwen2_vl,resnet50,yolo11l,yolo11m,yolo11s",yolo11s,2.0,True,True,2,0.07708064425613108,0.7772828507795101,0.4929285960676095,0.11808044463396072,0.765999972820282,0.5296155214309692,"('llama1b,mobilenet_v2,qwen2_vl,resnet50,yolo11l,yolo11m,yolo11s', 2.0)"
combination_307,"llama1b,mobilenet_v2,qwen2_vl,resnet50,yolo11l,yolo11m,yolo11s",yolo11s,1.0,True,True,2,0.24425226103109113,0.8192016317016317,0.1457436633189861,0.29213643074035645,0.8715420961380005,0.16165822744369507,"('llama1b,mobilenet_v2,qwen2_vl,resnet50,yolo11l,yolo11m,yolo11s', 1.0)"
combination_324,"llama1b,mobilenet_v2,qwen2_vl,resnet50,yolo11l,yolo11m,yolo11s",yolo11s,1.5,True,True,2,0.5133316581511573,0.4438608010505581,0.3270983967305879,0.5725991725921631,0.47824594378471375,0.3649485111236572,"('llama1b,mobilenet_v2,qwen2_vl,resnet50,yolo11l,yolo11m,yolo11s', 1.5)"
combination_340,"llama1b,mobilenet_v2,qwen2_vl,resnet50,yolo11l,yolo11m,yolo11s",yolo11s,2.0,True,True,2,0.8285257309613332,0.0,1.0,0.7682186365127563,0.05741184949874878,0.9269987940788269,"('llama1b,mobilenet_v2,qwen2_vl,resnet50,yolo11l,yolo11m,yolo11s', 2.0)"
combination_315,"llama1b,mobilenet_v2,qwen2_vl,resnet50,yolo11l,yolo11m,yolo11s",yolo11s,1.5,True,True,2,0.7389228578607925,0.3825782446924928,0.8863564916692864,0.7529060244560242,0.16472384333610535,0.8900786638259888,"('llama1b,mobilenet_v2,qwen2_vl,resnet50,yolo11l,yolo11m,yolo11s', 1.5)"
combination_306,"llama1b,mobilenet_v2,qwen2_vl,resnet50,yolo11l,yolo11m,yolo11s",yolo11s,1.0,True,True,2,0.13243399616309875,0.8183275058275058,0.11154949784791966,0.13644817471504211,0.9130652546882629,0.125645712018013,"('llama1b,mobilenet_v2,qwen2_vl,resnet50,yolo11l,yolo11m,yolo11s', 1.0)"
combination_341,"llama1b,mobilenet_v2,qwen2_vl,resnet50,yolo11l,yolo11m,yolo11s",yolo11s,2.0,True,True,2,0.14453673045625454,0.9888641425389755,0.19575715764056573,0.1667221337556839,0.9575557708740234,0.1576976478099823,"('llama1b,mobilenet_v2,qwen2_vl,resnet50,yolo11l,yolo11m,yolo11s', 2.0)"
combination_295,"llama1b,mobilenet_v2,qwen2_vl,resnet50,yolo11l,yolo11m,yolo11s",yolo11s,1.0,True,True,2,0.749048387587929,0.3141025641025641,0.7384026781444285,0.7392162680625916,0.17137958109378815,0.8257221579551697,"('llama1b,mobilenet_v2,qwen2_vl,resnet50,yolo11l,yolo11m,yolo11s', 1.0)"
combination_328,"llama1b,mobilenet_v2,qwen2_vl,resnet50,yolo11l,yolo11m,yolo11s",yolo11s,1.5,True,True,2,0.3552503001368066,0.4845699277741299,0.24457717698836845,0.3868073523044586,0.7257007956504822,0.23564760386943817,"('llama1b,mobilenet_v2,qwen2_vl,resnet50,yolo11l,yolo11m,yolo11s', 1.5)"
combination_345,"llama1b,mobilenet_v2,qwen2_vl,resnet50,yolo11l,yolo11m,yolo11s",yolo11s,2.0,True,True,2,0.8576519445535662,0.2594654788418707,0.39686098654708524,0.8193021416664124,0.18248426914215088,0.38363906741142273,"('llama1b,mobilenet_v2,qwen2_vl,resnet50,yolo11l,yolo11m,yolo11s', 2.0)"
combination_342,"llama1b,mobilenet_v2,qwen2_vl,resnet50,yolo11l,yolo11m,yolo11s",yolo11s,2.0,True,True,2,0.2606487457208597,0.9994432071269488,0.21438427043808211,0.29849642515182495,0.9528666138648987,0.20357315242290497,"('llama1b,mobilenet_v2,qwen2_vl,resnet50,yolo11l,yolo11m,yolo11s', 2.0)"
combination_298,"llama1b,mobilenet_v2,qwen2_vl,resnet50,yolo11l,yolo11m,yolo11s",yolo11s,1.0,True,True,2,0.428575778799598,0.708041958041958,0.5663558106169296,0.41565266251564026,0.7272933721542358,0.5016979575157166,"('llama1b,mobilenet_v2,qwen2_vl,resnet50,yolo11l,yolo11m,yolo11s', 1.0)"
combination_322,"llama1b,mobilenet_v2,qwen2_vl,resnet50,yolo11l,yolo11m,yolo11s",yolo11s,1.5,True,True,2,0.2635899154033002,0.9997811337272926,0.1890914806664571,0.296551913022995,0.9182441830635071,0.1951703578233719,"('llama1b,mobilenet_v2,qwen2_vl,resnet50,yolo11l,yolo11m,yolo11s', 1.5)"
combination_329,"llama1b,mobilenet_v2,qwen2_vl,resnet50,yolo11l,yolo11m,yolo11s",yolo11s,2.0,True,True,2,0.07014984005836467,1.0,0.1669541221110728,0.09355545789003372,0.9804502725601196,0.16179819405078888,"('llama1b,mobilenet_v2,qwen2_vl,resnet50,yolo11l,yolo11m,yolo11s', 2.0)"
combination_309,"llama1b,mobilenet_v2,qwen2_vl,resnet50,yolo11l,yolo11m,yolo11s",yolo11s,1.5,True,True,2,0.06675600971605664,1.0,0.15561144294247092,0.09643132984638214,0.9732908606529236,0.16409100592136383,"('llama1b,mobilenet_v2,qwen2_vl,resnet50,yolo11l,yolo11m,yolo11s', 1.5)"
combination_297,"llama1b,mobilenet_v2,qwen2_vl,resnet50,yolo11l,yolo11m,yolo11s",yolo11s,1.0,True,True,2,0.3100277109534395,0.812937062937063,0.14120038259206122,0.3258780539035797,0.8367899060249329,0.17231304943561554,"('llama1b,mobilenet_v2,qwen2_vl,resnet50,yolo11l,yolo11m,yolo11s', 1.0)"
combination_330,"llama1b,mobilenet_v2,qwen2_vl,resnet50,yolo11l,yolo11m,yolo11s",yolo11s,2.0,True,True,2,1.0,0.4523942093541202,0.820110382890652,0.9834033250808716,0.09783028811216354,0.9417341351509094,"('llama1b,mobilenet_v2,qwen2_vl,resnet50,yolo11l,yolo11m,yolo11s', 2.0)"
combination_291,"llama1b,mobilenet_v2,qwen2_vl,resnet50,yolo11l,yolo11m,yolo11s",yolo11s,1.0,True,True,2,0.16078443314351837,0.9914044289044289,0.21018651362984217,0.16799667477607727,0.947600245475769,0.11387640982866287,"('llama1b,mobilenet_v2,qwen2_vl,resnet50,yolo11l,yolo11m,yolo11s', 1.0)"
combination_318,"llama1b,mobilenet_v2,qwen2_vl,resnet50,yolo11l,yolo11m,yolo11s",yolo11s,1.5,True,True,2,0.3952033950358768,0.7555263733858611,0.6411505815781201,0.3964490294456482,0.689220130443573,0.6031782627105713,"('llama1b,mobilenet_v2,qwen2_vl,resnet50,yolo11l,yolo11m,yolo11s', 1.5)"
combination_304,"llama1b,mobilenet_v2,qwen2_vl,resnet50,yolo11l,yolo11m,yolo11s",yolo11s,1.0,True,True,2,0.5101251560644356,0.43269230769230776,0.2626733620277379,0.5805228352546692,0.42283162474632263,0.31431445479393005,"('llama1b,mobilenet_v2,qwen2_vl,resnet50,yolo11l,yolo11m,yolo11s', 1.0)"
combination_310,"llama1b,mobilenet_v2,qwen2_vl,resnet50,yolo11l,yolo11m,yolo11s",yolo11s,1.5,True,True,2,1.0,0.0,0.8877711411505815,0.9798179864883423,0.006127673201262951,0.9019458889961243,"('llama1b,mobilenet_v2,qwen2_vl,resnet50,yolo11l,yolo11m,yolo11s', 1.5)"
combination_339,"llama1b,mobilenet_v2,qwen2_vl,resnet50,yolo11l,yolo11m,yolo11s",yolo11s,2.0,True,True,2,0.423256074976149,0.09493318485523392,0.8444291134874096,0.49865999817848206,0.3197662830352783,0.7232083082199097,"('llama1b,mobilenet_v2,qwen2_vl,resnet50,yolo11l,yolo11m,yolo11s', 2.0)"
combination_302,"llama1b,mobilenet_v2,qwen2_vl,resnet50,yolo11l,yolo11m,yolo11s",yolo11s,1.0,True,True,2,0.28749352903559794,0.9581876456876458,0.16953610712577713,0.29678863286972046,0.9152961373329163,0.1588786542415619,"('llama1b,mobilenet_v2,qwen2_vl,resnet50,yolo11l,yolo11m,yolo11s', 1.0)"
combination_300,"llama1b,mobilenet_v2,qwen2_vl,resnet50,yolo11l,yolo11m,yolo11s",yolo11s,1.0,True,True,2,0.8050184232162978,0.09965034965034968,0.8754184600669536,0.7753624320030212,0.07232405245304108,0.8538705110549927,"('llama1b,mobilenet_v2,qwen2_vl,resnet50,yolo11l,yolo11m,yolo11s', 1.0)"
combination_301,"llama1b,mobilenet_v2,qwen2_vl,resnet50,yolo11l,yolo11m,yolo11s",yolo11s,1.0,True,True,2,0.1403209598343433,0.82488344988345,0.11848397895743663,0.15632671117782593,0.9104326963424683,0.11546673625707626,"('llama1b,mobilenet_v2,qwen2_vl,resnet50,yolo11l,yolo11m,yolo11s', 1.0)"
combination_327,"llama1b,mobilenet_v2,qwen2_vl,resnet50,yolo11l,yolo11m,yolo11s",yolo11s,1.5,True,True,2,0.24186838652036743,0.8124316042897789,0.21093995598868281,0.29462817311286926,0.8969770669937134,0.19366304576396942,"('llama1b,mobilenet_v2,qwen2_vl,resnet50,yolo11l,yolo11m,yolo11s', 1.5)"
combination_293,"llama1b,mobilenet_v2,qwen2_vl,resnet50,yolo11l,yolo11m,yolo11s",yolo11s,1.0,True,True,2,0.38725296141782634,0.6025641025641025,0.4942611190817791,0.39618855714797974,0.6817539930343628,0.5133132338523865,"('llama1b,mobilenet_v2,qwen2_vl,resnet50,yolo11l,yolo11m,yolo11s', 1.0)"
combination_303,"llama1b,mobilenet_v2,qwen2_vl,resnet50,yolo11l,yolo11m,yolo11s",yolo11s,1.0,True,True,2,0.4611285361917233,0.7057109557109558,0.18280726924916307,0.4613816738128662,0.721937894821167,0.18406862020492554,"('llama1b,mobilenet_v2,qwen2_vl,resnet50,yolo11l,yolo11m,yolo11s', 1.0)"
combination_296,"llama1b,mobilenet_v2,qwen2_vl,resnet50,yolo11l,yolo11m,yolo11s",yolo11s,1.0,True,True,2,0.11245774840890407,0.8500874125874126,0.39574366331898614,0.12185424566268921,0.7909506559371948,0.41429403424263,"('llama1b,mobilenet_v2,qwen2_vl,resnet50,yolo11l,yolo11m,yolo11s', 1.0)"
combination_460,"mobilenet_v2,resnet50,yolo11m,yolo11n,yolo11s",yolo11n,3.0,False,False,1,0.30464139241772537,1.0,0.0,0.32550036907196045,0.9713560938835144,0.22625908255577087,"('mobilenet_v2,resnet50,yolo11m,yolo11n,yolo11s', 3.0)"
combination_446,"mobilenet_v2,resnet50,yolo11m,yolo11n,yolo11s",yolo11n,2.0,False,False,0,0.7185511137629277,0.9432624113475178,0.0,0.7633643746376038,0.7047201991081238,0.5183793306350708,"('mobilenet_v2,resnet50,yolo11m,yolo11n,yolo11s', 2.0)"
combination_447,"mobilenet_v2,resnet50,yolo11m,yolo11n,yolo11s",yolo11n,2.0,False,False,0,0.1853371121718377,1.0,0.0,0.19077147543430328,0.9980969429016113,0.3081265985965729,"('mobilenet_v2,resnet50,yolo11m,yolo11n,yolo11s', 2.0)"
combination_465,"mobilenet_v2,resnet50,yolo11m,yolo11n,yolo11s",yolo11n,3.0,False,False,1,0.5052515754726418,0.3963585434173667,0.0,0.4886844754219055,0.4628080725669861,0.2883222699165344,"('mobilenet_v2,resnet50,yolo11m,yolo11n,yolo11s', 3.0)"
combination_439,"mobilenet_v2,resnet50,yolo11m,yolo11n,yolo11s",yolo11n,2.0,False,False,0,0.18804693715194912,0.7876073161627475,0.0,0.18719813227653503,0.9426121115684509,0.3144317865371704,"('mobilenet_v2,resnet50,yolo11m,yolo11n,yolo11s', 2.0)"
combination_440,"mobilenet_v2,resnet50,yolo11m,yolo11n,yolo11s",yolo11n,2.0,False,False,0,0.35727426412092284,0.994027622247107,0.0,0.35708215832710266,1.0,0.34904733300209045,"('mobilenet_v2,resnet50,yolo11m,yolo11n,yolo11s', 2.0)"
combination_467,"mobilenet_v2,resnet50,yolo11m,yolo11n,yolo11s",yolo11n,3.0,False,False,1,0.18558067420226074,1.0,0.0,0.20318670570850372,0.9852613210678101,0.2018185406923294,"('mobilenet_v2,resnet50,yolo11m,yolo11n,yolo11s', 3.0)"
combination_451,"mobilenet_v2,resnet50,yolo11m,yolo11n,yolo11s",yolo11n,2.0,False,False,0,0.18277645186953062,1.0,0.0,0.18561215698719025,1.0,0.31429341435432434,"('mobilenet_v2,resnet50,yolo11m,yolo11n,yolo11s', 2.0)"
combination_463,"mobilenet_v2,resnet50,yolo11m,yolo11n,yolo11s",yolo11n,3.0,False,False,1,0.18440532159647896,1.0,0.0,0.18692773580551147,0.9959542155265808,0.20258769392967224,"('mobilenet_v2,resnet50,yolo11m,yolo11n,yolo11s', 3.0)"
combination_466,"mobilenet_v2,resnet50,yolo11m,yolo11n,yolo11s",yolo11n,3.0,False,False,1,0.8515804741422429,0.7170868347338937,0.0,0.7757929563522339,0.29464614391326904,0.4166339337825775,"('mobilenet_v2,resnet50,yolo11m,yolo11n,yolo11s', 3.0)"
combination_464,"mobilenet_v2,resnet50,yolo11m,yolo11n,yolo11s",yolo11n,3.0,False,False,1,0.3203711113334001,0.9971988795518211,0.0,0.30024200677871704,0.9524269104003906,0.2304530143737793,"('mobilenet_v2,resnet50,yolo11m,yolo11n,yolo11s', 3.0)"
combination_456,"mobilenet_v2,resnet50,yolo11m,yolo11n,yolo11s",yolo11n,3.0,False,False,1,0.3727368210463139,0.9817927170868352,0.0,0.34230777621269226,0.9635564684867859,0.22820457816123962,"('mobilenet_v2,resnet50,yolo11m,yolo11n,yolo11s', 3.0)"
combination_458,"mobilenet_v2,resnet50,yolo11m,yolo11n,yolo11s",yolo11n,3.0,False,False,1,0.6974342302690808,0.0,0.0,0.6672569513320923,0.3667595684528351,0.4071703851222992,"('mobilenet_v2,resnet50,yolo11m,yolo11n,yolo11s', 3.0)"
combination_437,"mobilenet_v2,resnet50,yolo11m,yolo11n,yolo11s",yolo11n,2.0,False,False,0,0.08494928400954653,1.0,0.0,0.09928334504365921,0.9952161312103271,0.30869555473327637,"('mobilenet_v2,resnet50,yolo11m,yolo11n,yolo11s', 2.0)"
combination_421,"mobilenet_v2,resnet50,yolo11m,yolo11n,yolo11s",yolo11n,1.0,False,False,1,0.10796005556574843,1.0,0.0,0.09254216402769089,0.9670711755752563,0.13875800371170044,"('mobilenet_v2,resnet50,yolo11m,yolo11n,yolo11s', 1.0)"
combination_424,"mobilenet_v2,resnet50,yolo11m,yolo11n,yolo11s",yolo11n,1.0,False,False,1,0.36039105705973323,0.9752316127812443,0.0,0.33554425835609436,0.9271957278251648,0.17297415435314178,"('mobilenet_v2,resnet50,yolo11m,yolo11n,yolo11s', 1.0)"
combination_445,"mobilenet_v2,resnet50,yolo11m,yolo11n,yolo11s",yolo11n,2.0,False,False,0,0.5547682975338106,0.3646883165360209,0.0,0.5636932849884033,0.4091382324695587,0.3770216107368469,"('mobilenet_v2,resnet50,yolo11m,yolo11n,yolo11s', 2.0)"
combination_426,"mobilenet_v2,resnet50,yolo11m,yolo11n,yolo11s",yolo11n,1.0,False,False,1,0.6649018425811863,0.29854414823218,0.0,0.7060860991477966,0.35574156045913696,0.38845765590667725,"('mobilenet_v2,resnet50,yolo11m,yolo11n,yolo11s', 1.0)"
combination_422,"mobilenet_v2,resnet50,yolo11m,yolo11n,yolo11s",yolo11n,1.0,False,False,1,1.0,0.0,0.0,0.982189953327179,0.0,0.4596264958381653,"('mobilenet_v2,resnet50,yolo11m,yolo11n,yolo11s', 1.0)"
combination_438,"mobilenet_v2,resnet50,yolo11m,yolo11n,yolo11s",yolo11n,2.0,False,False,0,1.0,0.0,0.0,0.9979931712150574,0.32289019227027893,0.5206318497657776,"('mobilenet_v2,resnet50,yolo11m,yolo11n,yolo11s', 2.0)"
combination_452,"mobilenet_v2,resnet50,yolo11m,yolo11n,yolo11s",yolo11n,2.0,False,False,0,0.2818217979315831,1.0,0.0,0.2960469722747803,1.0,0.33362168073654175,"('mobilenet_v2,resnet50,yolo11m,yolo11n,yolo11s', 2.0)"
combination_461,"mobilenet_v2,resnet50,yolo11m,yolo11n,yolo11s",yolo11n,3.0,False,False,1,0.567920376112834,0.3263305322128849,0.0,0.5543769598007202,0.46432918310165405,0.27272912859916687,"('mobilenet_v2,resnet50,yolo11m,yolo11n,yolo11s', 3.0)"
combination_444,"mobilenet_v2,resnet50,yolo11m,yolo11n,yolo11s",yolo11n,2.0,False,False,0,0.3168506364359586,0.9955207166853304,0.0,0.30957895517349243,0.9904800653457642,0.3280428946018219,"('mobilenet_v2,resnet50,yolo11m,yolo11n,yolo11s', 2.0)"
combination_448,"mobilenet_v2,resnet50,yolo11m,yolo11n,yolo11s",yolo11n,2.0,False,False,0,0.29890115354017505,0.9880552444942143,0.0,0.30519193410873413,0.9836280941963196,0.3330267369747162,"('mobilenet_v2,resnet50,yolo11m,yolo11n,yolo11s', 2.0)"
combination_455,"mobilenet_v2,resnet50,yolo11m,yolo11n,yolo11s",yolo11n,3.0,False,False,1,0.19533360008002404,0.9803921568627457,0.0,0.2013595849275589,0.8504310250282288,0.19476495683193207,"('mobilenet_v2,resnet50,yolo11m,yolo11n,yolo11s', 3.0)"
combination_449,"mobilenet_v2,resnet50,yolo11m,yolo11n,yolo11s",yolo11n,2.0,False,False,0,0.491447891805887,0.3348264277715565,0.0,0.5047896504402161,0.462425172328949,0.3897540867328644,"('mobilenet_v2,resnet50,yolo11m,yolo11n,yolo11s', 2.0)"
combination_431,"mobilenet_v2,resnet50,yolo11m,yolo11n,yolo11s",yolo11n,1.0,False,False,1,0.22415013236180642,0.9996218566836832,0.0,0.18510408699512482,0.9862128496170044,0.16021491587162018,"('mobilenet_v2,resnet50,yolo11m,yolo11n,yolo11s', 1.0)"
combination_443,"mobilenet_v2,resnet50,yolo11m,yolo11n,yolo11s",yolo11n,2.0,False,False,0,0.2553699284009547,0.9951474430757746,0.0,0.24046242237091064,0.9872826337814331,0.30755409598350525,"('mobilenet_v2,resnet50,yolo11m,yolo11n,yolo11s', 2.0)"
combination_453,"mobilenet_v2,resnet50,yolo11m,yolo11n,yolo11s",yolo11n,3.0,False,False,1,0.0889516855056517,1.0,0.0,0.09312139451503754,0.9745467305183411,0.1794508993625641,"('mobilenet_v2,resnet50,yolo11m,yolo11n,yolo11s', 3.0)"
combination_457,"mobilenet_v2,resnet50,yolo11m,yolo11n,yolo11s",yolo11n,3.0,False,False,1,0.5466139841952586,0.9817927170868352,0.0,0.5486288666725159,0.8033438920974731,0.2849721312522888,"('mobilenet_v2,resnet50,yolo11m,yolo11n,yolo11s', 3.0)"
combination_468,"mobilenet_v2,resnet50,yolo11m,yolo11n,yolo11s",yolo11n,3.0,False,False,1,0.28913674102230674,1.0,0.0,0.2923918664455414,0.9740206599235535,0.22955885529518127,"('mobilenet_v2,resnet50,yolo11m,yolo11n,yolo11s', 3.0)"
combination_427,"mobilenet_v2,resnet50,yolo11m,yolo11n,yolo11s",yolo11n,1.0,False,False,1,0.2666893822242026,0.9631310266591041,0.0,0.25220951437950134,0.8842554688453674,0.1623542308807373,"('mobilenet_v2,resnet50,yolo11m,yolo11n,yolo11s', 1.0)"
combination_462,"mobilenet_v2,resnet50,yolo11m,yolo11n,yolo11s",yolo11n,3.0,False,False,1,0.7342952885865761,0.9677871148459388,0.0,0.7147224545478821,0.6998167634010315,0.39277708530426025,"('mobilenet_v2,resnet50,yolo11m,yolo11n,yolo11s', 3.0)"
combination_430,"mobilenet_v2,resnet50,yolo11m,yolo11n,yolo11s",yolo11n,1.0,False,False,1,0.7277016224150132,0.4789185101153338,0.0,0.7469814419746399,0.5706113576889038,0.37449881434440613,"('mobilenet_v2,resnet50,yolo11m,yolo11n,yolo11s', 1.0)"
combination_454,"mobilenet_v2,resnet50,yolo11m,yolo11n,yolo11s",yolo11n,3.0,False,False,1,1.0,0.4243697478991595,0.0,0.9688047170639038,0.055826976895332336,0.4343527555465698,"('mobilenet_v2,resnet50,yolo11m,yolo11n,yolo11s', 3.0)"
combination_441,"mobilenet_v2,resnet50,yolo11m,yolo11n,yolo11s",yolo11n,2.0,False,False,0,0.5538981702466189,0.9678984695782006,0.0,0.5630951523780823,0.8144747018814087,0.39496728777885437,"('mobilenet_v2,resnet50,yolo11m,yolo11n,yolo11s', 2.0)"
combination_429,"mobilenet_v2,resnet50,yolo11m,yolo11n,yolo11s",yolo11n,1.0,False,False,1,0.5312295232353943,0.301947438079032,0.0,0.5221949815750122,0.41477248072624207,0.21686549484729767,"('mobilenet_v2,resnet50,yolo11m,yolo11n,yolo11s', 1.0)"
combination_423,"mobilenet_v2,resnet50,yolo11m,yolo11n,yolo11s",yolo11n,1.0,False,False,1,0.1682436505648311,0.6721497447532615,0.0,0.19835029542446136,0.7676980495452881,0.1456964612007141,"('mobilenet_v2,resnet50,yolo11m,yolo11n,yolo11s', 1.0)"
combination_450,"mobilenet_v2,resnet50,yolo11m,yolo11n,yolo11s",yolo11n,2.0,False,False,0,0.8291070007955451,0.2452407614781634,0.0,0.8460402488708496,0.3718077540397644,0.5253807306289673,"('mobilenet_v2,resnet50,yolo11m,yolo11n,yolo11s', 2.0)"
combination_436,"mobilenet_v2,resnet50,yolo11m,yolo11n,yolo11s",yolo11n,1.0,False,False,1,0.3053495137997012,0.9988655700510495,0.0,0.2888144552707672,0.9069381952285767,0.17781983315944672,"('mobilenet_v2,resnet50,yolo11m,yolo11n,yolo11s', 1.0)"
combination_442,"mobilenet_v2,resnet50,yolo11m,yolo11n,yolo11s",yolo11n,2.0,False,False,0,0.668879276054097,0.3385591638671146,0.0,0.7212621569633484,0.208146333694458,0.5291808247566223,"('mobilenet_v2,resnet50,yolo11m,yolo11n,yolo11s', 2.0)"
combination_434,"mobilenet_v2,resnet50,yolo11m,yolo11n,yolo11s",yolo11n,1.0,False,False,1,0.8123083374832909,0.10247683872187555,0.0,0.8070712685585022,0.21164833009243011,0.41136032342910767,"('mobilenet_v2,resnet50,yolo11m,yolo11n,yolo11s', 1.0)"
combination_432,"mobilenet_v2,resnet50,yolo11m,yolo11n,yolo11s",yolo11n,1.0,False,False,1,0.29877073886719263,0.8621667612024959,0.0,0.28399574756622314,0.8654091954231262,0.1842004656791687,"('mobilenet_v2,resnet50,yolo11m,yolo11n,yolo11s', 1.0)"
combination_433,"mobilenet_v2,resnet50,yolo11m,yolo11n,yolo11s",yolo11n,1.0,False,False,1,0.48219012921657534,0.5604083947816222,0.0,0.4719851613044739,0.5208724141120911,0.22392283380031586,"('mobilenet_v2,resnet50,yolo11m,yolo11n,yolo11s', 1.0)"
combination_459,"mobilenet_v2,resnet50,yolo11m,yolo11n,yolo11s",yolo11n,3.0,False,False,1,0.24109732919875965,0.994397759103642,0.0,0.24755005538463593,0.966830313205719,0.202157124876976,"('mobilenet_v2,resnet50,yolo11m,yolo11n,yolo11s', 3.0)"
combination_425,"mobilenet_v2,resnet50,yolo11m,yolo11n,yolo11s",yolo11n,1.0,False,False,1,0.5606898540088592,0.6695027415390434,0.0,0.5213527083396912,0.7166353464126587,0.22352369129657745,"('mobilenet_v2,resnet50,yolo11m,yolo11n,yolo11s', 1.0)"
combination_435,"mobilenet_v2,resnet50,yolo11m,yolo11n,yolo11s",yolo11n,1.0,False,False,1,0.19217361675359734,1.0,0.0,0.20661954581737518,0.8808117508888245,0.15596958994865417,"('mobilenet_v2,resnet50,yolo11m,yolo11n,yolo11s', 1.0)"
combination_428,"mobilenet_v2,resnet50,yolo11m,yolo11n,yolo11s",yolo11n,1.0,False,False,1,0.313291222184363,0.8400453771979581,0.0,0.3091779351234436,0.8345176577568054,0.1846354752779007,"('mobilenet_v2,resnet50,yolo11m,yolo11n,yolo11s', 1.0)"
combination_280,"llama1b,mobilenet_v2,qwen2_vl,resnet50,yolo11m,yolo11s",yolo11s,2.0,True,True,2,0.222825184118722,0.6798603026775321,0.5830481705712028,0.2628490924835205,0.7553773522377014,0.5477850437164307,"('llama1b,mobilenet_v2,qwen2_vl,resnet50,yolo11m,yolo11s', 2.0)"
combination_266,"llama1b,mobilenet_v2,qwen2_vl,resnet50,yolo11m,yolo11s",yolo11s,1.5,True,True,2,0.6708971430183038,0.31203386414029416,0.8167099976364925,0.7101702094078064,0.2926836609840393,0.7104302048683167,"('llama1b,mobilenet_v2,qwen2_vl,resnet50,yolo11m,yolo11s', 1.5)"
combination_267,"llama1b,mobilenet_v2,qwen2_vl,resnet50,yolo11m,yolo11s",yolo11s,1.5,True,True,2,0.19189440731026317,1.0,0.16036398014653747,0.21374504268169403,1.0,0.14517953991889954,"('llama1b,mobilenet_v2,qwen2_vl,resnet50,yolo11m,yolo11s', 1.5)"
combination_285,"llama1b,mobilenet_v2,qwen2_vl,resnet50,yolo11m,yolo11s",yolo11s,2.0,True,True,2,0.35284345755578933,0.2342840512223516,0.8011318768096867,0.42924657464027405,0.4612545669078827,0.6673482060432434,"('llama1b,mobilenet_v2,qwen2_vl,resnet50,yolo11m,yolo11s', 2.0)"
combination_259,"llama1b,mobilenet_v2,qwen2_vl,resnet50,yolo11m,yolo11s",yolo11s,1.5,True,True,2,0.17423921933609726,0.7758516428139489,0.15303710706688725,0.17262491583824158,0.9139207601547241,0.15985609591007233,"('llama1b,mobilenet_v2,qwen2_vl,resnet50,yolo11m,yolo11s', 1.5)"
combination_260,"llama1b,mobilenet_v2,qwen2_vl,resnet50,yolo11m,yolo11s",yolo11s,1.5,True,True,2,0.3324026285359732,0.7367466236645837,0.5090995036634365,0.34094756841659546,0.7075748443603516,0.5233156085014343,"('llama1b,mobilenet_v2,qwen2_vl,resnet50,yolo11m,yolo11s', 1.5)"
combination_287,"llama1b,mobilenet_v2,qwen2_vl,resnet50,yolo11m,yolo11s",yolo11s,2.0,True,True,2,0.184146408992746,1.0,0.1621479336667544,0.20191802084445953,0.9857887625694275,0.15658967196941376,"('llama1b,mobilenet_v2,qwen2_vl,resnet50,yolo11m,yolo11s', 2.0)"
combination_271,"llama1b,mobilenet_v2,qwen2_vl,resnet50,yolo11m,yolo11s",yolo11s,1.5,True,True,2,0.19666074399977435,0.9993952832090305,0.1621366107303238,0.19940057396888733,0.9725502133369446,0.15280243754386902,"('llama1b,mobilenet_v2,qwen2_vl,resnet50,yolo11m,yolo11s', 1.5)"
combination_283,"llama1b,mobilenet_v2,qwen2_vl,resnet50,yolo11m,yolo11s",yolo11s,2.0,True,True,2,0.18652749321667866,1.0,0.1645169781521453,0.21435952186584473,1.0,0.14114996790885925,"('llama1b,mobilenet_v2,qwen2_vl,resnet50,yolo11m,yolo11s', 2.0)"
combination_286,"llama1b,mobilenet_v2,qwen2_vl,resnet50,yolo11m,yolo11s",yolo11s,2.0,True,True,2,0.6419513815825905,0.20139697322467998,0.882205843643064,0.652035653591156,0.23369833827018738,0.7517872452735901,"('llama1b,mobilenet_v2,qwen2_vl,resnet50,yolo11m,yolo11s', 2.0)"
combination_284,"llama1b,mobilenet_v2,qwen2_vl,resnet50,yolo11m,yolo11s",yolo11s,2.0,True,True,2,0.4076083947062407,0.9938882421420256,0.21782047907344038,0.3915630280971527,0.9396421909332275,0.1912664920091629,"('llama1b,mobilenet_v2,qwen2_vl,resnet50,yolo11m,yolo11s', 2.0)"
combination_276,"llama1b,mobilenet_v2,qwen2_vl,resnet50,yolo11m,yolo11s",yolo11s,2.0,True,True,2,0.32861730992856747,0.6667636786961582,0.5938404843379836,0.3346604108810425,0.7119432687759399,0.5666524767875671,"('llama1b,mobilenet_v2,qwen2_vl,resnet50,yolo11m,yolo11s', 2.0)"
combination_278,"llama1b,mobilenet_v2,qwen2_vl,resnet50,yolo11m,yolo11s",yolo11s,2.0,True,True,2,0.8595990918655517,0.4560535506402795,0.41379310344827586,0.81324702501297,0.400649756193161,0.34773391485214233,"('llama1b,mobilenet_v2,qwen2_vl,resnet50,yolo11m,yolo11s', 2.0)"
combination_257,"llama1b,mobilenet_v2,qwen2_vl,resnet50,yolo11m,yolo11s",yolo11s,1.5,True,True,2,0.09639845446597287,1.0,0.13365634601748996,0.09871429949998856,1.0,0.12747345864772797,"('llama1b,mobilenet_v2,qwen2_vl,resnet50,yolo11m,yolo11s', 1.5)"
combination_241,"llama1b,mobilenet_v2,qwen2_vl,resnet50,yolo11m,yolo11s",yolo11s,1.0,True,True,1,0.09612109744560074,0.9938587512794268,0.11054484803558191,0.10267186164855957,0.9901092648506165,0.11835291981697083,"('llama1b,mobilenet_v2,qwen2_vl,resnet50,yolo11m,yolo11s', 1.0)"
combination_244,"llama1b,mobilenet_v2,qwen2_vl,resnet50,yolo11m,yolo11s",yolo11s,1.0,True,True,1,0.36852727846105326,0.7635619242579325,0.42475908080059305,0.3553234338760376,0.7299444079399109,0.42861655354499817,"('llama1b,mobilenet_v2,qwen2_vl,resnet50,yolo11m,yolo11s', 1.0)"
combination_265,"llama1b,mobilenet_v2,qwen2_vl,resnet50,yolo11m,yolo11s",yolo11s,1.5,True,True,2,0.6269847984883097,0.6256803063898408,0.2623493264003781,0.6246681809425354,0.5699076652526855,0.2518613040447235,"('llama1b,mobilenet_v2,qwen2_vl,resnet50,yolo11m,yolo11s', 1.5)"
combination_246,"llama1b,mobilenet_v2,qwen2_vl,resnet50,yolo11m,yolo11s",yolo11s,1.0,True,True,1,0.8674235257016714,0.2574937856411756,0.374351371386212,0.8709605932235718,0.29196640849113464,0.40728968381881714,"('llama1b,mobilenet_v2,qwen2_vl,resnet50,yolo11m,yolo11s', 1.0)"
combination_242,"llama1b,mobilenet_v2,qwen2_vl,resnet50,yolo11m,yolo11s",yolo11s,1.0,True,True,1,1.0,0.0,1.0,1.0,0.0,0.9985084533691406,"('llama1b,mobilenet_v2,qwen2_vl,resnet50,yolo11m,yolo11s', 1.0)"
combination_258,"llama1b,mobilenet_v2,qwen2_vl,resnet50,yolo11m,yolo11s",yolo11s,1.5,True,True,2,1.0,0.0,1.0,0.9965088367462158,0.0,0.92705237865448,"('llama1b,mobilenet_v2,qwen2_vl,resnet50,yolo11m,yolo11s', 1.5)"
combination_272,"llama1b,mobilenet_v2,qwen2_vl,resnet50,yolo11m,yolo11s",yolo11s,1.5,True,True,2,0.4000902501621683,0.9905261036081434,0.18813519262585676,0.4140842854976654,0.9309574961662292,0.18580180406570435,"('llama1b,mobilenet_v2,qwen2_vl,resnet50,yolo11m,yolo11s', 1.5)"
combination_281,"llama1b,mobilenet_v2,qwen2_vl,resnet50,yolo11m,yolo11s",yolo11s,2.0,True,True,2,0.626917326540783,0.5678114086146684,0.29205053961568833,0.6260576248168945,0.6455527544021606,0.2718748152256012,"('llama1b,mobilenet_v2,qwen2_vl,resnet50,yolo11m,yolo11s', 2.0)"
combination_264,"llama1b,mobilenet_v2,qwen2_vl,resnet50,yolo11m,yolo11s",yolo11s,1.5,True,True,2,0.22697915785317424,0.754686555130014,0.5798865516426377,0.2642582058906555,0.752022385597229,0.5211109519004822,"('llama1b,mobilenet_v2,qwen2_vl,resnet50,yolo11m,yolo11s', 1.5)"
combination_268,"llama1b,mobilenet_v2,qwen2_vl,resnet50,yolo11m,yolo11s",yolo11s,1.5,True,True,2,0.4192966127986012,0.9901229590808305,0.1961711179390215,0.38982248306274414,0.9133933186531067,0.19224488735198975,"('llama1b,mobilenet_v2,qwen2_vl,resnet50,yolo11m,yolo11s', 1.5)"
combination_275,"llama1b,mobilenet_v2,qwen2_vl,resnet50,yolo11m,yolo11s",yolo11s,2.0,True,True,2,0.1866382413201174,0.9438300349243307,0.18096867596735983,0.17613166570663452,0.9420294761657715,0.15481522679328918,"('llama1b,mobilenet_v2,qwen2_vl,resnet50,yolo11m,yolo11s', 2.0)"
combination_269,"llama1b,mobilenet_v2,qwen2_vl,resnet50,yolo11m,yolo11s",yolo11s,1.5,True,True,2,0.34596835603688975,0.435799234025398,0.7018435358071378,0.4186881482601166,0.46152517199516296,0.661460280418396,"('llama1b,mobilenet_v2,qwen2_vl,resnet50,yolo11m,yolo11s', 1.5)"
combination_251,"llama1b,mobilenet_v2,qwen2_vl,resnet50,yolo11m,yolo11s",yolo11s,1.0,True,True,1,0.22349416587827178,1.0,0.12870644922164567,0.21726055443286896,0.990380048751831,0.14356090128421783,"('llama1b,mobilenet_v2,qwen2_vl,resnet50,yolo11m,yolo11s', 1.0)"
combination_263,"llama1b,mobilenet_v2,qwen2_vl,resnet50,yolo11m,yolo11s",yolo11s,1.5,True,True,2,0.26578672758552613,0.9979842773634348,0.1622547861025762,0.2598688304424286,0.9826186299324036,0.15064823627471924,"('llama1b,mobilenet_v2,qwen2_vl,resnet50,yolo11m,yolo11s', 1.5)"
combination_273,"llama1b,mobilenet_v2,qwen2_vl,resnet50,yolo11m,yolo11s",yolo11s,2.0,True,True,2,0.08142754305332522,1.0,0.144248486443801,0.0985095351934433,1.0,0.14203514158725739,"('llama1b,mobilenet_v2,qwen2_vl,resnet50,yolo11m,yolo11s', 2.0)"
combination_277,"llama1b,mobilenet_v2,qwen2_vl,resnet50,yolo11m,yolo11s",yolo11s,2.0,True,True,2,0.4513262085386787,0.6557043073341096,0.6825480389576204,0.5337002873420715,0.6005536317825317,0.6537727117538452,"('llama1b,mobilenet_v2,qwen2_vl,resnet50,yolo11m,yolo11s', 2.0)"
combination_288,"llama1b,mobilenet_v2,qwen2_vl,resnet50,yolo11m,yolo11s",yolo11s,2.0,True,True,2,0.3813610941912619,0.9898137369033762,0.22124243221900497,0.40601587295532227,0.9608823657035828,0.19358883798122406,"('llama1b,mobilenet_v2,qwen2_vl,resnet50,yolo11m,yolo11s', 2.0)"
combination_247,"llama1b,mobilenet_v2,qwen2_vl,resnet50,yolo11m,yolo11s",yolo11s,1.0,True,True,1,0.28047934405550295,0.9903494662962422,0.11990363232023721,0.2696746587753296,0.9667409062385559,0.13182707130908966,"('llama1b,mobilenet_v2,qwen2_vl,resnet50,yolo11m,yolo11s', 1.0)"
combination_282,"llama1b,mobilenet_v2,qwen2_vl,resnet50,yolo11m,yolo11s",yolo11s,2.0,True,True,2,0.6774461487347029,0.14755529685681015,0.8491708344301131,0.6795400381088257,0.3041236102581024,0.7335857152938843,"('llama1b,mobilenet_v2,qwen2_vl,resnet50,yolo11m,yolo11s', 2.0)"
combination_250,"llama1b,mobilenet_v2,qwen2_vl,resnet50,yolo11m,yolo11s",yolo11s,1.0,True,True,1,0.7092399873856827,0.37651703465418923,0.6381578947368421,0.7073376178741455,0.33609122037887573,0.7398645281791687,"('llama1b,mobilenet_v2,qwen2_vl,resnet50,yolo11m,yolo11s', 1.0)"
combination_274,"llama1b,mobilenet_v2,qwen2_vl,resnet50,yolo11m,yolo11s",yolo11s,2.0,True,True,2,1.0,0.0,1.0,0.9888652563095093,0.07376960664987564,0.9650095701217651,"('llama1b,mobilenet_v2,qwen2_vl,resnet50,yolo11m,yolo11s', 2.0)"
combination_261,"llama1b,mobilenet_v2,qwen2_vl,resnet50,yolo11m,yolo11s",yolo11s,1.5,True,True,2,0.44950221394929063,0.701269905261036,0.6779721106121483,0.5256564617156982,0.5888319611549377,0.6616988778114319,"('llama1b,mobilenet_v2,qwen2_vl,resnet50,yolo11m,yolo11s', 1.5)"
combination_249,"llama1b,mobilenet_v2,qwen2_vl,resnet50,yolo11m,yolo11s",yolo11s,1.0,True,True,1,0.6493850520340586,0.4456791928644539,0.21154558932542622,0.6521078944206238,0.5555840134620667,0.24675005674362183,"('llama1b,mobilenet_v2,qwen2_vl,resnet50,yolo11m,yolo11s', 1.0)"
combination_243,"llama1b,mobilenet_v2,qwen2_vl,resnet50,yolo11m,yolo11s",yolo11s,1.0,True,True,1,0.17773573005361085,0.7873958181020617,0.12333209785025945,0.17240159213542938,0.8351567983627319,0.12957818806171417,"('llama1b,mobilenet_v2,qwen2_vl,resnet50,yolo11m,yolo11s', 1.0)"
combination_270,"llama1b,mobilenet_v2,qwen2_vl,resnet50,yolo11m,yolo11s",yolo11s,1.5,True,True,2,0.634515046394224,0.32271719411408994,0.8142283148191917,0.6916734576225281,0.2776277959346771,0.7573414444923401,"('llama1b,mobilenet_v2,qwen2_vl,resnet50,yolo11m,yolo11s', 1.5)"
combination_256,"llama1b,mobilenet_v2,qwen2_vl,resnet50,yolo11m,yolo11s",yolo11s,1.0,True,True,1,0.44162724692526023,0.9371253107179414,0.1510378057820608,0.4178544580936432,0.938766360282898,0.1458607017993927,"('llama1b,mobilenet_v2,qwen2_vl,resnet50,yolo11m,yolo11s', 1.0)"
combination_262,"llama1b,mobilenet_v2,qwen2_vl,resnet50,yolo11m,yolo11s",yolo11s,1.5,True,True,2,0.843133936881293,0.28361217496472474,0.4256676908532262,0.7760127782821655,0.2869172692298889,0.33757510781288147,"('llama1b,mobilenet_v2,qwen2_vl,resnet50,yolo11m,yolo11s', 1.5)"
combination_254,"llama1b,mobilenet_v2,qwen2_vl,resnet50,yolo11m,yolo11s",yolo11s,1.0,True,True,1,0.6779880163986124,0.2703611639128528,0.6893068939955522,0.6786540746688843,0.31391164660453796,0.7679570913314819,"('llama1b,mobilenet_v2,qwen2_vl,resnet50,yolo11m,yolo11s', 1.0)"
combination_252,"llama1b,mobilenet_v2,qwen2_vl,resnet50,yolo11m,yolo11s",yolo11s,1.0,True,True,1,0.4578997161778619,0.8686942535458402,0.15048183839881393,0.501348078250885,0.8970037698745728,0.15411104261875153,"('llama1b,mobilenet_v2,qwen2_vl,resnet50,yolo11m,yolo11s', 1.0)"
combination_253,"llama1b,mobilenet_v2,qwen2_vl,resnet50,yolo11m,yolo11s",yolo11s,1.0,True,True,1,0.36414380321665085,0.5319491153677438,0.5622683469236471,0.35237279534339905,0.5124520659446716,0.6054600477218628,"('llama1b,mobilenet_v2,qwen2_vl,resnet50,yolo11m,yolo11s', 1.0)"
combination_279,"llama1b,mobilenet_v2,qwen2_vl,resnet50,yolo11m,yolo11s",yolo11s,2.0,True,True,2,0.2508167672628606,0.9979627473806751,0.1864964464332719,0.25744542479515076,1.0,0.16921734809875488,"('llama1b,mobilenet_v2,qwen2_vl,resnet50,yolo11m,yolo11s', 2.0)"
combination_245,"llama1b,mobilenet_v2,qwen2_vl,resnet50,yolo11m,yolo11s",yolo11s,1.0,True,True,1,0.521444339325134,0.7058049422430179,0.5614343958487769,0.44401076436042786,0.7008662223815918,0.55712890625,"('llama1b,mobilenet_v2,qwen2_vl,resnet50,yolo11m,yolo11s', 1.0)"
combination_255,"llama1b,mobilenet_v2,qwen2_vl,resnet50,yolo11m,yolo11s",yolo11s,1.0,True,True,1,0.2197098707032482,0.9942974119023249,0.11443661971830986,0.19448460638523102,0.9319220781326294,0.14770005643367767,"('llama1b,mobilenet_v2,qwen2_vl,resnet50,yolo11m,yolo11s', 1.0)"
combination_248,"llama1b,mobilenet_v2,qwen2_vl,resnet50,yolo11m,yolo11s",yolo11s,1.0,True,True,1,0.26691895301166824,0.7885655797631231,0.4264269829503336,0.2846496105194092,0.7780512571334839,0.41920894384384155,"('llama1b,mobilenet_v2,qwen2_vl,resnet50,yolo11m,yolo11s', 1.0)"
combination_232,"llama1b,mobilenet_v2,qwen2_vl,resnet50,yolo11s",yolo11s,3.0,True,True,0,0.8630745849224328,0.9013157894736844,0.39131634624229605,0.7584799528121948,0.6970362663269043,0.41855335235595703,"('llama1b,mobilenet_v2,qwen2_vl,resnet50,yolo11s', 3.0)"
combination_218,"llama1b,mobilenet_v2,qwen2_vl,resnet50,yolo11s",yolo11s,2.0,True,True,0,0.3932564741324373,0.5672696438665913,0.548695730661612,0.4465404748916626,0.38317856192588806,0.6649093627929688,"('llama1b,mobilenet_v2,qwen2_vl,resnet50,yolo11s', 2.0)"
combination_219,"llama1b,mobilenet_v2,qwen2_vl,resnet50,yolo11s",yolo11s,2.0,True,True,0,0.4279589826777128,0.5534200113058224,0.5746908565755032,0.4544658660888672,0.3782595098018646,0.6715144515037537,"('llama1b,mobilenet_v2,qwen2_vl,resnet50,yolo11s', 2.0)"
combination_237,"llama1b,mobilenet_v2,qwen2_vl,resnet50,yolo11s",yolo11s,3.0,True,True,0,0.2894789665357153,0.3522267206477733,0.5746481464446693,0.37475964426994324,0.5101062655448914,0.6497307419776917,"('llama1b,mobilenet_v2,qwen2_vl,resnet50,yolo11s', 3.0)"
combination_211,"llama1b,mobilenet_v2,qwen2_vl,resnet50,yolo11s",yolo11s,2.0,True,True,0,0.34207172237993166,0.9884115319389486,0.16517736257784998,0.32740268111228943,1.0,0.20273157954216003,"('llama1b,mobilenet_v2,qwen2_vl,resnet50,yolo11s', 2.0)"
combination_212,"llama1b,mobilenet_v2,qwen2_vl,resnet50,yolo11s",yolo11s,2.0,True,True,0,0.5995307340246799,0.9361221028829849,0.2246592652766495,0.5336565971374512,0.7079215049743652,0.24209484457969666,"('llama1b,mobilenet_v2,qwen2_vl,resnet50,yolo11s', 2.0)"
combination_239,"llama1b,mobilenet_v2,qwen2_vl,resnet50,yolo11s",yolo11s,3.0,True,True,0,0.6063143406073466,0.2834008097165994,0.6587250482936253,0.6153353452682495,0.25862956047058105,0.8498926758766174,"('llama1b,mobilenet_v2,qwen2_vl,resnet50,yolo11s', 3.0)"
combination_223,"llama1b,mobilenet_v2,qwen2_vl,resnet50,yolo11s",yolo11s,2.0,True,True,0,0.6195469555645676,0.5084793668739399,0.6333604115894936,0.6342620849609375,0.22128775715827942,0.8411079049110413,"('llama1b,mobilenet_v2,qwen2_vl,resnet50,yolo11s', 2.0)"
combination_235,"llama1b,mobilenet_v2,qwen2_vl,resnet50,yolo11s",yolo11s,3.0,True,True,0,0.43592464083961807,0.31123481781376516,0.5982890258485881,0.43922561407089233,0.5168010592460632,0.654363214969635,"('llama1b,mobilenet_v2,qwen2_vl,resnet50,yolo11s', 3.0)"
combination_238,"llama1b,mobilenet_v2,qwen2_vl,resnet50,yolo11s",yolo11s,3.0,True,True,0,0.6082355977403722,0.28188259109311725,0.7053628920982431,0.6204390525817871,0.29100367426872253,0.8328489661216736,"('llama1b,mobilenet_v2,qwen2_vl,resnet50,yolo11s', 3.0)"
combination_236,"llama1b,mobilenet_v2,qwen2_vl,resnet50,yolo11s",yolo11s,3.0,True,True,0,0.7911564820921629,0.2322874493927128,0.7658909024008832,0.6823962926864624,0.33239907026290894,0.8593590259552002,"('llama1b,mobilenet_v2,qwen2_vl,resnet50,yolo11s', 3.0)"
combination_228,"llama1b,mobilenet_v2,qwen2_vl,resnet50,yolo11s",yolo11s,3.0,True,True,0,0.5821982622659364,0.9782388663967613,0.2194830282402723,0.524832546710968,0.6910625100135803,0.2599093019962311,"('llama1b,mobilenet_v2,qwen2_vl,resnet50,yolo11s', 3.0)"
combination_230,"llama1b,mobilenet_v2,qwen2_vl,resnet50,yolo11s",yolo11s,3.0,True,True,0,0.44409715252487597,1.0,0.2297856682917855,0.44469985365867615,0.7338796854019165,0.2580873370170593,"('llama1b,mobilenet_v2,qwen2_vl,resnet50,yolo11s', 3.0)"
combination_209,"llama1b,mobilenet_v2,qwen2_vl,resnet50,yolo11s",yolo11s,2.0,True,True,0,0.11586814205434216,1.0,0.11571441465836266,0.09176139533519745,1.0,0.15306520462036133,"('llama1b,mobilenet_v2,qwen2_vl,resnet50,yolo11s', 2.0)"
combination_193,"llama1b,mobilenet_v2,qwen2_vl,resnet50,yolo11s",yolo11s,1.0,True,True,0,0.13169214479518232,1.0,0.10727824109173616,0.13565081357955933,0.9715150594711304,0.11568746715784073,"('llama1b,mobilenet_v2,qwen2_vl,resnet50,yolo11s', 1.0)"
combination_196,"llama1b,mobilenet_v2,qwen2_vl,resnet50,yolo11s",yolo11s,1.0,True,True,0,0.6292105089008007,0.5616689591930306,0.19992418498862774,0.5858964920043945,0.5823933482170105,0.18226125836372375,"('llama1b,mobilenet_v2,qwen2_vl,resnet50,yolo11s', 1.0)"
combination_217,"llama1b,mobilenet_v2,qwen2_vl,resnet50,yolo11s",yolo11s,2.0,True,True,0,0.18104397195990965,0.6156020350480497,0.44029244516653127,0.2504412531852722,0.5281068086624146,0.6251208186149597,"('llama1b,mobilenet_v2,qwen2_vl,resnet50,yolo11s', 2.0)"
combination_198,"llama1b,mobilenet_v2,qwen2_vl,resnet50,yolo11s",yolo11s,1.0,True,True,0,0.47041890013897164,0.673697080849763,0.1875663381349507,0.49642977118492126,0.7278561592102051,0.19575947523117065,"('llama1b,mobilenet_v2,qwen2_vl,resnet50,yolo11s', 1.0)"
combination_194,"llama1b,mobilenet_v2,qwen2_vl,resnet50,yolo11s",yolo11s,1.0,True,True,0,0.29925220038382633,0.8184319119669876,0.13131159969673994,0.37168586254119873,0.8736971616744995,0.1388649046421051,"('llama1b,mobilenet_v2,qwen2_vl,resnet50,yolo11s', 1.0)"
combination_210,"llama1b,mobilenet_v2,qwen2_vl,resnet50,yolo11s",yolo11s,2.0,True,True,0,0.27243496900527203,0.9997173544375354,0.1554291903601408,0.299183189868927,0.9628357291221619,0.19158893823623657,"('llama1b,mobilenet_v2,qwen2_vl,resnet50,yolo11s', 2.0)"
combination_224,"llama1b,mobilenet_v2,qwen2_vl,resnet50,yolo11s",yolo11s,2.0,True,True,0,1.0,0.0,1.0,0.9675441980361938,0.025597387924790382,0.9774672985076904,"('llama1b,mobilenet_v2,qwen2_vl,resnet50,yolo11s', 2.0)"
combination_233,"llama1b,mobilenet_v2,qwen2_vl,resnet50,yolo11s",yolo11s,3.0,True,True,0,0.16631778166489836,0.41953441295546545,0.4423696072118481,0.24491684138774872,0.45577505230903625,0.6121055483818054,"('llama1b,mobilenet_v2,qwen2_vl,resnet50,yolo11s', 3.0)"
combination_216,"llama1b,mobilenet_v2,qwen2_vl,resnet50,yolo11s",yolo11s,2.0,True,True,0,0.8500086901106542,0.566704352741662,0.380449499052261,0.7996911406517029,0.6796230673789978,0.40110036730766296,"('llama1b,mobilenet_v2,qwen2_vl,resnet50,yolo11s', 2.0)"
combination_220,"llama1b,mobilenet_v2,qwen2_vl,resnet50,yolo11s",yolo11s,2.0,True,True,0,0.7866867504779561,0.4039005087620125,0.771278996299305,0.6867263913154602,0.2890380620956421,0.8264448046684265,"('llama1b,mobilenet_v2,qwen2_vl,resnet50,yolo11s', 2.0)"
combination_227,"llama1b,mobilenet_v2,qwen2_vl,resnet50,yolo11s",yolo11s,3.0,True,True,0,0.3314885441459008,0.993927125506073,0.1654861558274308,0.3131055235862732,1.0,0.18938486278057098,"('llama1b,mobilenet_v2,qwen2_vl,resnet50,yolo11s', 3.0)"
combination_221,"llama1b,mobilenet_v2,qwen2_vl,resnet50,yolo11s",yolo11s,2.0,True,True,0,0.2903655639881815,0.5703787450537026,0.6260492824262117,0.38398587703704834,0.46079087257385254,0.668166995048523,"('llama1b,mobilenet_v2,qwen2_vl,resnet50,yolo11s', 2.0)"
combination_203,"llama1b,mobilenet_v2,qwen2_vl,resnet50,yolo11s",yolo11s,1.0,True,True,0,0.4980477797630865,0.5913189668347852,0.5213040181956028,0.4710415303707123,0.4897960424423218,0.47148576378822327,"('llama1b,mobilenet_v2,qwen2_vl,resnet50,yolo11s', 1.0)"
combination_215,"llama1b,mobilenet_v2,qwen2_vl,resnet50,yolo11s",yolo11s,2.0,True,True,0,0.506575517061584,0.9287733182589033,0.21491109305894032,0.5381007790565491,0.684637188911438,0.26675164699554443,"('llama1b,mobilenet_v2,qwen2_vl,resnet50,yolo11s', 2.0)"
combination_225,"llama1b,mobilenet_v2,qwen2_vl,resnet50,yolo11s",yolo11s,3.0,True,True,0,0.11126086083789752,1.0,0.1258393892006255,0.0871812179684639,1.0,0.14643563330173492,"('llama1b,mobilenet_v2,qwen2_vl,resnet50,yolo11s', 3.0)"
combination_229,"llama1b,mobilenet_v2,qwen2_vl,resnet50,yolo11s",yolo11s,3.0,True,True,0,0.2307515843202477,1.0,0.16741790083708952,0.26291191577911377,1.0,0.19528304040431976,"('llama1b,mobilenet_v2,qwen2_vl,resnet50,yolo11s', 3.0)"
combination_240,"llama1b,mobilenet_v2,qwen2_vl,resnet50,yolo11s",yolo11s,3.0,True,True,0,1.0,0.0,1.0,0.9356268048286438,0.1612086296081543,1.0,"('llama1b,mobilenet_v2,qwen2_vl,resnet50,yolo11s', 3.0)"
combination_199,"llama1b,mobilenet_v2,qwen2_vl,resnet50,yolo11s",yolo11s,1.0,True,True,0,0.5737542187810203,0.8118600030567019,0.18453373768006065,0.5722611546516418,0.7171810865402222,0.20740453898906708,"('llama1b,mobilenet_v2,qwen2_vl,resnet50,yolo11s', 1.0)"
combination_234,"llama1b,mobilenet_v2,qwen2_vl,resnet50,yolo11s",yolo11s,3.0,True,True,0,0.3836205660539672,0.3380566801619432,0.571152607855763,0.4387412667274475,0.5434955954551697,0.6533904075622559,"('llama1b,mobilenet_v2,qwen2_vl,resnet50,yolo11s', 3.0)"
combination_202,"llama1b,mobilenet_v2,qwen2_vl,resnet50,yolo11s",yolo11s,1.0,True,True,0,0.41099199258818075,0.4664526975393549,0.5074298711144807,0.46446678042411804,0.4752587676048279,0.4933038055896759,"('llama1b,mobilenet_v2,qwen2_vl,resnet50,yolo11s', 1.0)"
combination_226,"llama1b,mobilenet_v2,qwen2_vl,resnet50,yolo11s",yolo11s,3.0,True,True,0,0.2608608378975138,1.0,0.15637935792475394,0.2902262210845947,1.0,0.188491553068161,"('llama1b,mobilenet_v2,qwen2_vl,resnet50,yolo11s', 3.0)"
combination_213,"llama1b,mobilenet_v2,qwen2_vl,resnet50,yolo11s",yolo11s,2.0,True,True,0,0.24236718614217023,1.0,0.16328188464662874,0.26898375153541565,1.0,0.2016076147556305,"('llama1b,mobilenet_v2,qwen2_vl,resnet50,yolo11s', 2.0)"
combination_201,"llama1b,mobilenet_v2,qwen2_vl,resnet50,yolo11s",yolo11s,1.0,True,True,0,0.19684335914234663,0.763411279229711,0.3528430629264594,0.30408942699432373,0.6227579116821289,0.46602433919906616,"('llama1b,mobilenet_v2,qwen2_vl,resnet50,yolo11s', 1.0)"
combination_195,"llama1b,mobilenet_v2,qwen2_vl,resnet50,yolo11s",yolo11s,1.0,True,True,0,0.3841241479716762,0.9064649243466297,0.13191811978771795,0.39614880084991455,0.8574831485748291,0.1465865969657898,"('llama1b,mobilenet_v2,qwen2_vl,resnet50,yolo11s', 1.0)"
combination_222,"llama1b,mobilenet_v2,qwen2_vl,resnet50,yolo11s",yolo11s,2.0,True,True,0,0.611696888940386,0.535048049745619,0.688961097571983,0.6310664415359497,0.2593381404876709,0.8299270868301392,"('llama1b,mobilenet_v2,qwen2_vl,resnet50,yolo11s', 2.0)"
combination_208,"llama1b,mobilenet_v2,qwen2_vl,resnet50,yolo11s",yolo11s,1.0,True,True,0,1.0,0.0,1.0,0.9949212074279785,0.030703367665410042,0.9926676750183105,"('llama1b,mobilenet_v2,qwen2_vl,resnet50,yolo11s', 1.0)"
combination_214,"llama1b,mobilenet_v2,qwen2_vl,resnet50,yolo11s",yolo11s,2.0,True,True,0,0.4497421933839291,0.9923685698134538,0.22736709089267984,0.46328461170196533,0.6981144547462463,0.24731923639774323,"('llama1b,mobilenet_v2,qwen2_vl,resnet50,yolo11s', 2.0)"
combination_206,"llama1b,mobilenet_v2,qwen2_vl,resnet50,yolo11s",yolo11s,1.0,True,True,0,0.6808616239825293,0.3888124713434204,0.5808946171341925,0.7129331231117249,0.33979275822639465,0.7082660794258118,"('llama1b,mobilenet_v2,qwen2_vl,resnet50,yolo11s', 1.0)"
combination_204,"llama1b,mobilenet_v2,qwen2_vl,resnet50,yolo11s",yolo11s,1.0,True,True,0,0.767917411157435,0.20663304294666057,0.6754359363153905,0.7762932777404785,0.2721734344959259,0.6900692582130432,"('llama1b,mobilenet_v2,qwen2_vl,resnet50,yolo11s', 1.0)"
combination_205,"llama1b,mobilenet_v2,qwen2_vl,resnet50,yolo11s",yolo11s,1.0,True,True,0,0.3354509959632056,0.6891334250343878,0.47543593631539044,0.4095373749732971,0.5171756148338318,0.47781094908714294,"('llama1b,mobilenet_v2,qwen2_vl,resnet50,yolo11s', 1.0)"
combination_231,"llama1b,mobilenet_v2,qwen2_vl,resnet50,yolo11s",yolo11s,3.0,True,True,0,0.5002437415765778,0.9802631578947367,0.22601416613007086,0.5216059684753418,0.7207033038139343,0.2548951506614685,"('llama1b,mobilenet_v2,qwen2_vl,resnet50,yolo11s', 3.0)"
combination_197,"llama1b,mobilenet_v2,qwen2_vl,resnet50,yolo11s",yolo11s,1.0,True,True,0,0.2719872940242207,0.9825767996331957,0.13790750568612586,0.3092087209224701,0.9716757535934448,0.14674922823905945,"('llama1b,mobilenet_v2,qwen2_vl,resnet50,yolo11s', 1.0)"
combination_207,"llama1b,mobilenet_v2,qwen2_vl,resnet50,yolo11s",yolo11s,1.0,True,True,0,0.6909866984316062,0.5000764175454684,0.5419257012888552,0.7179266810417175,0.3504110276699066,0.715827226638794,"('llama1b,mobilenet_v2,qwen2_vl,resnet50,yolo11s', 1.0)"
combination_200,"llama1b,mobilenet_v2,qwen2_vl,resnet50,yolo11s",yolo11s,1.0,True,True,0,0.8591092581563099,0.3600794742472871,0.345185746777862,0.8805070519447327,0.5893787145614624,0.3762226402759552,"('llama1b,mobilenet_v2,qwen2_vl,resnet50,yolo11s', 1.0)"
combination_173,"llama1b,resnet50,yolo11s",yolo11s,3.0,False,True,1,0.04346605717951803,1.0,0.0,0.049830272793769836,0.992684006690979,0.16304388642311096,"('llama1b,resnet50,yolo11s', 3.0)"
combination_188,"qwen2_vl,resnet50,yolo11s",yolo11s,2.0,True,True,0,1.0,0.0,1.0,0.9921764135360718,0.0,0.9691581130027771,"('qwen2_vl,resnet50,yolo11s', 2.0)"
combination_163,"llama1b,resnet50,yolo11s",yolo11s,1.0,True,True,1,0.8926360725720384,0.40198116668704903,0.4162111376836351,0.8448017239570618,0.541814386844635,0.4857083261013031,"('llama1b,resnet50,yolo11s', 1.0)"
combination_133,"mobilenet_v2,resnet50,yolo11s",yolo11s,1.0,False,False,2,0.20094429953445375,1.0,0.0,0.24406389892101288,0.9041504263877869,0.13691088557243347,"('mobilenet_v2,resnet50,yolo11s', 1.0)"
combination_140,"mobilenet_v2,resnet50,yolo11s",yolo11s,1.0,False,False,2,1.0,0.0,0.0,0.9894906282424927,0.0,0.4805363118648529,"('mobilenet_v2,resnet50,yolo11s', 1.0)"
combination_166,"llama1b,resnet50,yolo11s",yolo11s,2.0,False,True,1,0.3241772151898734,0.9886379979864807,0.0,0.16126053035259247,0.9837206602096558,0.14282847940921783,"('llama1b,resnet50,yolo11s', 2.0)"
combination_156,"mobilenet_v2,resnet50,yolo11s",yolo11s,3.0,False,False,2,1.0,0.0,0.0,0.9885831475257874,0.2818760275840759,0.48350706696510315,"('mobilenet_v2,resnet50,yolo11s', 3.0)"
combination_180,"llama1b,resnet50,yolo11s",yolo11s,3.0,True,True,1,1.0,0.0,1.0,1.0,0.0,1.0,"('llama1b,resnet50,yolo11s', 3.0)"
combination_191,"qwen2_vl,resnet50,yolo11s",yolo11s,3.0,True,True,2,0.5766873591396149,0.8880753138075309,0.5331798199706929,0.6114319562911987,0.8242445588111877,0.5269043445587158,"('qwen2_vl,resnet50,yolo11s', 3.0)"
combination_121,"resnet50,yolo11s",yolo11s,2.0,False,False,1,0.09009463722397477,1.0,0.0,0.07311545312404633,1.0,0.1899092197418213,"('resnet50,yolo11s', 2.0)"
combination_181,"qwen2_vl,resnet50,yolo11s",yolo11s,1.0,True,True,0,0.1532645048713102,1.0,0.36421725239616615,0.1361132115125656,0.8853407502174377,0.3633573055267334,"('qwen2_vl,resnet50,yolo11s', 1.0)"
combination_137,"mobilenet_v2,resnet50,yolo11s",yolo11s,1.0,False,False,2,0.33747152243536827,0.9973872147709457,0.0,0.2950264811515808,0.8774900436401367,0.15535135567188263,"('mobilenet_v2,resnet50,yolo11s', 1.0)"
combination_189,"qwen2_vl,resnet50,yolo11s",yolo11s,3.0,True,True,2,0.08224269502985251,1.0,0.4609587607284906,0.08966057002544403,0.9812024235725403,0.46168968081474304,"('qwen2_vl,resnet50,yolo11s', 3.0)"
combination_185,"qwen2_vl,resnet50,yolo11s",yolo11s,2.0,True,True,0,0.08757671957671959,1.0,0.4633748214650072,0.08739232271909714,0.9771708846092224,0.4907394051551819,"('qwen2_vl,resnet50,yolo11s', 2.0)"
combination_126,"resnet50,yolo11s",yolo11s,3.0,False,False,0,0.5505269208660661,0.9638888888888888,0.0,0.5414358973503113,0.9193251132965088,0.3296511471271515,"('resnet50,yolo11s', 3.0)"
combination_152,"mobilenet_v2,resnet50,yolo11s",yolo11s,3.0,False,False,2,0.7756548873621109,0.8640192539109509,0.0,0.6983815431594849,0.6900154948234558,0.3195427656173706,"('mobilenet_v2,resnet50,yolo11s', 3.0)"
combination_125,"resnet50,yolo11s",yolo11s,3.0,False,False,0,0.07963211343169188,1.0,0.0,0.08299332857131958,0.9762939810752869,0.30410680174827576,"('resnet50,yolo11s', 3.0)"
combination_135,"mobilenet_v2,resnet50,yolo11s",yolo11s,1.0,False,False,2,0.5070492290421633,0.7833130116704407,0.0,0.33609485626220703,0.802681565284729,0.16192956268787384,"('mobilenet_v2,resnet50,yolo11s', 1.0)"
combination_143,"mobilenet_v2,resnet50,yolo11s",yolo11s,2.0,False,False,2,0.43805498028312867,0.9471847370870171,0.0,0.28693681955337524,0.8682533502578735,0.20820322632789612,"('mobilenet_v2,resnet50,yolo11s', 2.0)"
combination_149,"mobilenet_v2,resnet50,yolo11s",yolo11s,3.0,False,False,2,0.1779213313990091,1.0,0.0,0.19136211276054382,0.9157201647758484,0.18604885041713715,"('mobilenet_v2,resnet50,yolo11s', 3.0)"
combination_132,"resnet50,yolo11s",yolo11s,4.0,False,False,0,1.0,0.0,0.0,0.9420643448829651,0.0,0.5239666104316711,"('resnet50,yolo11s', 4.0)"
combination_157,"llama1b,resnet50,yolo11s",yolo11s,1.0,False,True,1,0.07805051583066523,1.0,0.0,0.11031074076890945,1.0,0.12316182255744934,"('llama1b,resnet50,yolo11s', 1.0)"
combination_183,"qwen2_vl,resnet50,yolo11s",yolo11s,1.0,True,True,0,0.8874509233677477,0.6894126839432217,0.4346729443416849,0.9240138530731201,0.5123470425605774,0.40417763590812683,"('qwen2_vl,resnet50,yolo11s', 1.0)"
combination_170,"llama1b,resnet50,yolo11s",yolo11s,2.0,True,True,1,0.5654008438818565,0.6001725873723571,0.5803177405119153,0.5967111587524414,0.6418247818946838,0.5364108681678772,"('llama1b,resnet50,yolo11s', 2.0)"
combination_145,"mobilenet_v2,resnet50,yolo11s",yolo11s,2.0,False,False,2,0.29541263581945587,1.0,0.0,0.24102860689163208,0.9264660477638245,0.2096022516489029,"('mobilenet_v2,resnet50,yolo11s', 2.0)"
combination_186,"qwen2_vl,resnet50,yolo11s",yolo11s,2.0,True,True,0,0.563005291005291,0.9208103130755064,0.5174454193021832,0.556102991104126,0.7161331176757812,0.5394582152366638,"('qwen2_vl,resnet50,yolo11s', 2.0)"
combination_171,"llama1b,resnet50,yolo11s",yolo11s,2.0,True,True,1,0.6318565400843882,0.5873723572558607,0.581972639011474,0.6283045411109924,0.6789771318435669,0.5584434270858765,"('llama1b,resnet50,yolo11s', 2.0)"
combination_167,"llama1b,resnet50,yolo11s",yolo11s,2.0,False,True,1,0.4951476793248945,0.9449158636559758,0.0,0.22806350886821747,0.9852264523506165,0.15110072493553162,"('llama1b,resnet50,yolo11s', 2.0)"
combination_184,"qwen2_vl,resnet50,yolo11s",yolo11s,1.0,True,True,0,1.0,0.0,1.0,0.9848036170005798,0.0,0.9345723986625671,"('qwen2_vl,resnet50,yolo11s', 1.0)"
combination_153,"mobilenet_v2,resnet50,yolo11s",yolo11s,3.0,False,False,2,0.2906139654558892,1.0,0.0,0.2421991378068924,0.8982041478157043,0.19962823390960693,"('mobilenet_v2,resnet50,yolo11s', 3.0)"
combination_178,"llama1b,resnet50,yolo11s",yolo11s,3.0,True,True,1,0.550783912747103,0.3586150041220114,0.5586406041759218,0.5765630006790161,0.6641303896903992,0.568044126033783,"('llama1b,resnet50,yolo11s', 3.0)"
combination_158,"llama1b,resnet50,yolo11s",yolo11s,1.0,False,True,1,0.4152970473141231,0.6367861073743426,0.0,0.23420925438404083,0.9104593396186829,0.12662528455257416,"('llama1b,resnet50,yolo11s', 1.0)"
combination_187,"qwen2_vl,resnet50,yolo11s",yolo11s,2.0,True,True,0,0.6273439153439154,0.9290976058931859,0.5396857784125688,0.6127477288246155,0.6870749592781067,0.5304767489433289,"('qwen2_vl,resnet50,yolo11s', 2.0)"
combination_176,"llama1b,resnet50,yolo11s",yolo11s,3.0,False,True,1,0.9405750030073379,0.85078318219291,0.0,0.8581255674362183,0.6077550649642944,0.2629871070384979,"('llama1b,resnet50,yolo11s', 3.0)"
combination_122,"resnet50,yolo11s",yolo11s,2.0,False,False,1,0.5885173501577288,0.9345753263899076,0.0,0.5406880378723145,0.9323268532752991,0.23368780314922333,"('resnet50,yolo11s', 2.0)"
combination_128,"resnet50,yolo11s",yolo11s,3.0,False,False,0,1.0,0.0,0.0,0.9775676727294922,0.0,0.5795079469680786,"('resnet50,yolo11s', 3.0)"
combination_172,"llama1b,resnet50,yolo11s",yolo11s,2.0,True,True,1,1.0,0.0,1.0,1.0,0.0,1.0,"('llama1b,resnet50,yolo11s', 2.0)"
combination_131,"resnet50,yolo11s",yolo11s,4.0,False,False,0,0.5678627745086727,0.9182320441988955,0.0,0.5629199743270874,0.9672726988792419,0.30153289437294006,"('resnet50,yolo11s', 4.0)"
combination_124,"resnet50,yolo11s",yolo11s,2.0,False,False,1,1.0,0.0,0.0,1.0,0.0,0.4354116916656494,"('resnet50,yolo11s', 2.0)"
combination_155,"mobilenet_v2,resnet50,yolo11s",yolo11s,3.0,False,False,2,0.5964744203870472,0.79783393501805,0.0,0.5931517481803894,0.5450468063354492,0.31723007559776306,"('mobilenet_v2,resnet50,yolo11s', 3.0)"
combination_174,"llama1b,resnet50,yolo11s",yolo11s,3.0,False,True,1,0.30177633425558364,1.0,0.0,0.14859610795974731,1.0,0.1644977629184723,"('llama1b,resnet50,yolo11s', 3.0)"
combination_139,"mobilenet_v2,resnet50,yolo11s",yolo11s,1.0,False,False,2,0.698715620563278,0.6758404459153456,0.0,0.6291648745536804,0.5742629766464233,0.27354809641838074,"('mobilenet_v2,resnet50,yolo11s', 1.0)"
combination_169,"llama1b,resnet50,yolo11s",yolo11s,2.0,True,True,1,0.0930379746835443,0.6356968215158924,0.6126434245366285,0.1019759252667427,0.8664753437042236,0.4948744475841522,"('llama1b,resnet50,yolo11s', 2.0)"
combination_142,"mobilenet_v2,resnet50,yolo11s",yolo11s,2.0,False,False,2,0.39720275752503614,0.939274080967892,0.0,0.2797190248966217,0.8621143698692322,0.19904622435569763,"('mobilenet_v2,resnet50,yolo11s', 2.0)"
combination_147,"mobilenet_v2,resnet50,yolo11s",yolo11s,2.0,False,False,2,0.6064569207637095,0.860400186133085,0.0,0.5963026285171509,0.6253531575202942,0.301818311214447,"('mobilenet_v2,resnet50,yolo11s', 2.0)"
combination_138,"mobilenet_v2,resnet50,yolo11s",yolo11s,1.0,False,False,2,0.6936969656948525,0.467165998954886,0.0,0.6902783513069153,0.4005868136882782,0.2764081358909607,"('mobilenet_v2,resnet50,yolo11s', 1.0)"
combination_192,"qwen2_vl,resnet50,yolo11s",yolo11s,3.0,True,True,2,1.0,0.0,1.0,1.0,0.10356242954730988,0.9922219514846802,"('qwen2_vl,resnet50,yolo11s', 3.0)"
combination_127,"resnet50,yolo11s",yolo11s,3.0,False,False,0,0.569572715079517,0.9398148148148148,0.0,0.569085419178009,0.9505066275596619,0.3234110176563263,"('resnet50,yolo11s', 3.0)"
combination_165,"llama1b,resnet50,yolo11s",yolo11s,2.0,False,True,1,0.047299578059071735,1.0,0.0,0.054739996790885925,0.9998316168785095,0.14574937522411346,"('llama1b,resnet50,yolo11s', 2.0)"
combination_168,"llama1b,resnet50,yolo11s",yolo11s,2.0,False,True,1,0.8993248945147678,0.46526679131310217,0.0,0.8775413036346436,0.6300135850906372,0.2549012303352356,"('llama1b,resnet50,yolo11s', 2.0)"
combination_160,"llama1b,resnet50,yolo11s",yolo11s,1.0,False,True,1,1.0,0.3727528433410786,0.0,0.9457551836967468,0.5807873606681824,0.23847588896751404,"('llama1b,resnet50,yolo11s', 1.0)"
combination_182,"qwen2_vl,resnet50,yolo11s",yolo11s,1.0,True,True,0,0.926203286316708,0.5223336371923427,0.44442576088784264,0.9219374656677246,0.45331376791000366,0.4237120747566223,"('qwen2_vl,resnet50,yolo11s', 1.0)"
combination_159,"llama1b,resnet50,yolo11s",yolo11s,1.0,False,True,1,0.7098541444325862,0.7891647303412009,0.0,0.26541250944137573,0.9309187531471252,0.12362657487392426,"('llama1b,resnet50,yolo11s', 1.0)"
combination_134,"mobilenet_v2,resnet50,yolo11s",yolo11s,1.0,False,False,2,0.4161521444844322,0.5194217035359693,0.0,0.3220948576927185,0.7521432638168335,0.153281107544899,"('mobilenet_v2,resnet50,yolo11s', 1.0)"
combination_177,"llama1b,resnet50,yolo11s",yolo11s,3.0,True,True,1,0.08408516780945507,0.36493542181918115,0.5974011550422034,0.09983904659748077,0.8493613600730896,0.5146867632865906,"('llama1b,resnet50,yolo11s', 3.0)"
combination_190,"qwen2_vl,resnet50,yolo11s",yolo11s,3.0,True,True,2,0.536159107983077,0.9675732217573223,0.5338078291814946,0.5614651441574097,0.7625341415405273,0.5337792038917542,"('qwen2_vl,resnet50,yolo11s', 3.0)"
combination_175,"llama1b,resnet50,yolo11s",yolo11s,3.0,False,True,1,0.471510485584827,0.9749931299807639,0.0,0.2113853543996811,1.0,0.1643979251384735,"('llama1b,resnet50,yolo11s', 3.0)"
combination_154,"mobilenet_v2,resnet50,yolo11s",yolo11s,3.0,False,False,2,0.6059453097199792,0.9987966305655838,0.0,0.5941154360771179,0.41799381375312805,0.32002100348472595,"('mobilenet_v2,resnet50,yolo11s', 3.0)"
combination_161,"llama1b,resnet50,yolo11s",yolo11s,1.0,True,True,1,0.15410885805763072,0.6575761281643634,0.4338059446532286,0.14679758250713348,0.8451144099235535,0.4310334324836731,"('llama1b,resnet50,yolo11s', 1.0)"
combination_141,"mobilenet_v2,resnet50,yolo11s",yolo11s,2.0,False,False,2,0.17333825073051717,1.0,0.0,0.18956328928470612,0.9145524501800537,0.18612630665302277,"('mobilenet_v2,resnet50,yolo11s', 2.0)"
combination_129,"resnet50,yolo11s",yolo11s,4.0,False,False,0,0.08399676935502481,1.0,0.0,0.08308693766593933,0.9965308308601379,0.2718246877193451,"('resnet50,yolo11s', 4.0)"
combination_162,"llama1b,resnet50,yolo11s",yolo11s,1.0,True,True,1,0.9097118463180361,0.2653785006726183,0.4381619405534677,0.8721151351928711,0.4335581660270691,0.47559601068496704,"('llama1b,resnet50,yolo11s', 1.0)"
combination_123,"resnet50,yolo11s",yolo11s,2.0,False,False,1,0.6323449001051525,0.9191726565938095,0.0,0.5752146244049072,0.9069671630859375,0.2319631427526474,"('resnet50,yolo11s', 2.0)"
combination_179,"llama1b,resnet50,yolo11s",yolo11s,3.0,True,True,1,0.5999839608645094,0.35037098103874675,0.5625277654375832,0.5955677628517151,0.7134488224983215,0.5784780979156494,"('llama1b,resnet50,yolo11s', 3.0)"
combination_151,"mobilenet_v2,resnet50,yolo11s",yolo11s,3.0,False,False,2,0.4078230640790518,0.922984356197353,0.0,0.27961573004722595,0.8392274379730225,0.20886579155921936,"('mobilenet_v2,resnet50,yolo11s', 3.0)"
combination_164,"llama1b,resnet50,yolo11s",yolo11s,1.0,True,True,1,0.9760939167556029,0.0,1.0,1.0,0.0,1.0,"('llama1b,resnet50,yolo11s', 1.0)"
combination_148,"mobilenet_v2,resnet50,yolo11s",yolo11s,2.0,False,False,2,1.0,0.0,0.0,0.9768093228340149,0.027230005711317062,0.4656461477279663,"('mobilenet_v2,resnet50,yolo11s', 2.0)"
combination_144,"mobilenet_v2,resnet50,yolo11s",yolo11s,2.0,False,False,2,0.778348321938211,0.7366216845044207,0.0,0.7074259519577026,0.6219053864479065,0.3000681400299072,"('mobilenet_v2,resnet50,yolo11s', 2.0)"
combination_146,"mobilenet_v2,resnet50,yolo11s",yolo11s,2.0,False,False,2,0.6257198785781157,0.9820846905537458,0.0,0.5966426134109497,0.4928249716758728,0.29666924476623535,"('mobilenet_v2,resnet50,yolo11s', 2.0)"
combination_130,"resnet50,yolo11s",yolo11s,4.0,False,False,0,0.5487865851313412,1.0,0.0,0.5216277241706848,0.9476492404937744,0.30239322781562805,"('resnet50,yolo11s', 4.0)"
combination_150,"mobilenet_v2,resnet50,yolo11s",yolo11s,3.0,False,False,2,0.3878411299373169,0.9951865222623351,0.0,0.2744188606739044,0.8589970469474792,0.2013336420059204,"('mobilenet_v2,resnet50,yolo11s', 3.0)"
combination_136,"mobilenet_v2,resnet50,yolo11s",yolo11s,1.0,False,False,2,0.7813913560273384,0.1440515589618534,0.0,0.8661680221557617,0.4349397122859955,0.28560489416122437,"('mobilenet_v2,resnet50,yolo11s', 1.0)"
