# provenance: {"generated_at": "2026-07-29T18:30:03+09:00", "git_commit": "a8728e67ddf0c96db6e5cd5d57684cedc57136fb (pre-commit HEAD)", "alpha": 0.3, "beta": 1.0, "seed": 42, "input_data": ["/home/msyu/PycharmProjects/multimodel-scheduling-mobilint/xgboost_model/full_collection_540/cpu_gpu/performance_gpu_full540.json", "/home/msyu/PycharmProjects/multimodel-scheduling-mobilint/xgboost_model/full_collection_540/cpu_npu/performance_npu_full540.json"], "experiment": "P1 groupkfold oof", "platform": "npu"}
combination,models,workload,rate_factor,y3_valid,has_gen,fold,y1_meas,y2_meas,y3_meas,y1_pred,y2_pred,y3_pred,group
combination_401,"llama1b,mobilenet_v2,qwen2_vl,resnet50,yolo11l,yolo11m,yolo11s,yolo11x",yolo11s,2.0,True,True,2,0.47822891787617117,0.6493023255813959,0.8407928388746803,0.4402836263179779,0.7785047888755798,0.8038990497589111,"('llama1b,mobilenet_v2,qwen2_vl,resnet50,yolo11l,yolo11m,yolo11s,yolo11x', 2.0)"
combination_416,"llama1b,mobilenet_v2,qwen2_vl,resnet50,yolo11l,yolo11m,yolo11s,yolo11x",yolo11s,2.0,True,True,2,0.9681548165839916,0.21860465116279132,0.9584398976982097,0.8231701850891113,0.19592046737670898,0.9170100688934326,"('llama1b,mobilenet_v2,qwen2_vl,resnet50,yolo11l,yolo11m,yolo11s,yolo11x', 2.0)"
combination_391,"llama1b,mobilenet_v2,qwen2_vl,resnet50,yolo11l,yolo11m,yolo11s,yolo11x",yolo11s,1.5,True,True,0,1.0,0.30599078341013836,0.46768507638072854,0.9749742150306702,0.3132972717285156,0.49485963582992554,"('llama1b,mobilenet_v2,qwen2_vl,resnet50,yolo11l,yolo11m,yolo11s,yolo11x', 1.5)"
combination_361,"llama1b,mobilenet_v2,qwen2_vl,resnet50,yolo11l,yolo11m,yolo11s,yolo11x",yolo11s,1.0,True,True,0,0.8653904434791393,0.439726350554376,0.4617501375894331,0.9462406039237976,0.29183369874954224,0.47992515563964844,"('llama1b,mobilenet_v2,qwen2_vl,resnet50,yolo11l,yolo11m,yolo11s,yolo11x', 1.0)"
combination_368,"llama1b,mobilenet_v2,qwen2_vl,resnet50,yolo11l,yolo11m,yolo11s,yolo11x",yolo11s,1.0,True,True,0,0.9018587736134964,0.2330738381693798,0.9064391854705557,0.8874650001525879,0.26874032616615295,0.9294494390487671,"('llama1b,mobilenet_v2,qwen2_vl,resnet50,yolo11l,yolo11m,yolo11s,yolo11x', 1.0)"
combination_394,"llama1b,mobilenet_v2,qwen2_vl,resnet50,yolo11l,yolo11m,yolo11s,yolo11x",yolo11s,1.5,True,True,0,0.23220319891867536,0.7820276497695852,0.7432432432432433,0.24694223701953888,0.7270790338516235,0.7849056124687195,"('llama1b,mobilenet_v2,qwen2_vl,resnet50,yolo11l,yolo11m,yolo11s,yolo11x', 1.5)"
combination_384,"llama1b,mobilenet_v2,qwen2_vl,resnet50,yolo11l,yolo11m,yolo11s,yolo11x",yolo11s,1.5,True,True,0,0.6474431178193287,0.685253456221198,0.8654524089306699,0.6735748648643494,0.6090244650840759,0.8578044176101685,"('llama1b,mobilenet_v2,qwen2_vl,resnet50,yolo11l,yolo11m,yolo11s,yolo11x', 1.5)"
combination_408,"llama1b,mobilenet_v2,qwen2_vl,resnet50,yolo11l,yolo11m,yolo11s,yolo11x",yolo11s,2.0,True,True,2,0.6794659807704084,0.5999999999999998,0.9124040920716112,0.6195199489593506,0.6515536308288574,0.8655405640602112,"('llama1b,mobilenet_v2,qwen2_vl,resnet50,yolo11l,yolo11m,yolo11s,yolo11x', 2.0)"
combination_419,"llama1b,mobilenet_v2,qwen2_vl,resnet50,yolo11l,yolo11m,yolo11s,yolo11x",yolo11s,2.0,True,True,2,0.5931777818604934,0.9972093023255817,0.5063938618925831,0.550248384475708,0.967692494392395,0.45692339539527893,"('llama1b,mobilenet_v2,qwen2_vl,resnet50,yolo11l,yolo11m,yolo11s,yolo11x', 2.0)"
combination_349,"llama1b,mobilenet_v2,qwen2_vl,resnet50,yolo11l,yolo11m,yolo11s,yolo11x",yolo11s,1.0,True,True,0,0.1185473280129306,1.0,0.3593835993395707,0.1324332356452942,1.0,0.4181813895702362,"('llama1b,mobilenet_v2,qwen2_vl,resnet50,yolo11l,yolo11m,yolo11s,yolo11x', 1.0)"
combination_409,"llama1b,mobilenet_v2,qwen2_vl,resnet50,yolo11l,yolo11m,yolo11s,yolo11x",yolo11s,2.0,True,True,2,0.9917325004593052,0.23255813953488383,0.49808184143222506,0.8780359029769897,0.369187593460083,0.46505123376846313,"('llama1b,mobilenet_v2,qwen2_vl,resnet50,yolo11l,yolo11m,yolo11s,yolo11x', 2.0)"
combination_365,"llama1b,mobilenet_v2,qwen2_vl,resnet50,yolo11l,yolo11m,yolo11s,yolo11x",yolo11s,1.0,True,True,0,0.43413476108697857,0.7921679641424866,0.7809576224545954,0.5160752534866333,0.7054643630981445,0.8033995628356934,"('llama1b,mobilenet_v2,qwen2_vl,resnet50,yolo11l,yolo11m,yolo11s,yolo11x', 1.0)"
combination_417,"llama1b,mobilenet_v2,qwen2_vl,resnet50,yolo11l,yolo11m,yolo11s,yolo11x",yolo11s,2.0,True,True,2,0.23577683875313857,0.9776744186046515,0.4539641943734015,0.18055270612239838,0.8553410768508911,0.44150757789611816,"('llama1b,mobilenet_v2,qwen2_vl,resnet50,yolo11l,yolo11m,yolo11s,yolo11x', 2.0)"
combination_413,"llama1b,mobilenet_v2,qwen2_vl,resnet50,yolo11l,yolo11m,yolo11s,yolo11x",yolo11s,2.0,True,True,2,0.5070733051625942,0.6493023255813959,0.8523017902813299,0.42195549607276917,0.7597672343254089,0.8152015209197998,"('llama1b,mobilenet_v2,qwen2_vl,resnet50,yolo11l,yolo11m,yolo11s,yolo11x', 2.0)"
combination_354,"llama1b,mobilenet_v2,qwen2_vl,resnet50,yolo11l,yolo11m,yolo11s,yolo11x",yolo11s,1.0,True,True,0,0.6593090211132439,0.5390422269403161,0.42817831590533845,0.7497321367263794,0.3989410400390625,0.4489893913269043,"('llama1b,mobilenet_v2,qwen2_vl,resnet50,yolo11l,yolo11m,yolo11s,yolo11x', 1.0)"
combination_380,"llama1b,mobilenet_v2,qwen2_vl,resnet50,yolo11l,yolo11m,yolo11s,yolo11x",yolo11s,1.5,True,True,0,0.8871930615003379,0.11290322580645147,0.935957696827262,0.8337549567222595,0.20766602456569672,0.9584060311317444,"('llama1b,mobilenet_v2,qwen2_vl,resnet50,yolo11l,yolo11m,yolo11s,yolo11x', 1.5)"
combination_353,"llama1b,mobilenet_v2,qwen2_vl,resnet50,yolo11l,yolo11m,yolo11s,yolo11x",yolo11s,1.0,True,True,0,0.4676735023739772,0.8473696626562869,0.7534397358282883,0.5114071369171143,0.7388948202133179,0.806523859500885,"('llama1b,mobilenet_v2,qwen2_vl,resnet50,yolo11l,yolo11m,yolo11s,yolo11x', 1.0)"
combination_363,"llama1b,mobilenet_v2,qwen2_vl,resnet50,yolo11l,yolo11m,yolo11s,yolo11x",yolo11s,1.0,True,True,0,0.14314577230023237,0.8702524180231186,0.6752889378095761,0.17716450989246368,0.7942654490470886,0.7193529009819031,"('llama1b,mobilenet_v2,qwen2_vl,resnet50,yolo11l,yolo11m,yolo11s,yolo11x', 1.0)"
combination_371,"llama1b,mobilenet_v2,qwen2_vl,resnet50,yolo11l,yolo11m,yolo11s,yolo11x",yolo11s,1.0,True,True,0,0.5376300636427922,0.9110639301722105,0.43808475509080896,0.5870617628097534,0.9160518646240234,0.4720000922679901,"('llama1b,mobilenet_v2,qwen2_vl,resnet50,yolo11l,yolo11m,yolo11s,yolo11x', 1.0)"
combination_377,"llama1b,mobilenet_v2,qwen2_vl,resnet50,yolo11l,yolo11m,yolo11s,yolo11x",yolo11s,1.5,True,True,0,0.4559585492227979,0.7788018433179721,0.782608695652174,0.5059898495674133,0.6789509654045105,0.8167847394943237,"('llama1b,mobilenet_v2,qwen2_vl,resnet50,yolo11l,yolo11m,yolo11s,yolo11x', 1.5)"
combination_360,"llama1b,mobilenet_v2,qwen2_vl,resnet50,yolo11l,yolo11m,yolo11s,yolo11x",yolo11s,1.0,True,True,0,0.5898070512172947,0.6831799952819062,0.8326912493120529,0.6702365875244141,0.5941213965415955,0.840092658996582,"('llama1b,mobilenet_v2,qwen2_vl,resnet50,yolo11l,yolo11m,yolo11s,yolo11x', 1.0)"
combination_385,"llama1b,mobilenet_v2,qwen2_vl,resnet50,yolo11l,yolo11m,yolo11s,yolo11x",yolo11s,1.5,True,True,0,0.9625478711421491,0.29262672811059914,0.4612220916568743,0.9698278307914734,0.2130764275789261,0.48612675070762634,"('llama1b,mobilenet_v2,qwen2_vl,resnet50,yolo11l,yolo11m,yolo11s,yolo11x', 1.5)"
combination_411,"llama1b,mobilenet_v2,qwen2_vl,resnet50,yolo11l,yolo11m,yolo11s,yolo11x",yolo11s,2.0,True,True,2,0.16602363892461264,0.6744186046511627,0.7723785166240409,0.148697167634964,0.8040266633033752,0.7540368437767029,"('llama1b,mobilenet_v2,qwen2_vl,resnet50,yolo11l,yolo11m,yolo11s,yolo11x', 2.0)"
combination_398,"llama1b,mobilenet_v2,qwen2_vl,resnet50,yolo11l,yolo11m,yolo11s,yolo11x",yolo11s,2.0,True,True,2,0.8592075448588399,0.0,0.8734015345268542,0.9503046274185181,0.0,0.8985438942909241,"('llama1b,mobilenet_v2,qwen2_vl,resnet50,yolo11l,yolo11m,yolo11s,yolo11x', 2.0)"
combination_373,"llama1b,mobilenet_v2,qwen2_vl,resnet50,yolo11l,yolo11m,yolo11s,yolo11x",yolo11s,1.5,True,True,0,0.1425996846136517,1.0,0.42538190364277323,0.12629440426826477,1.0,0.4195147454738617,"('llama1b,mobilenet_v2,qwen2_vl,resnet50,yolo11l,yolo11m,yolo11s,yolo11x', 1.5)"
combination_414,"llama1b,mobilenet_v2,qwen2_vl,resnet50,yolo11l,yolo11m,yolo11s,yolo11x",yolo11s,2.0,True,True,2,0.6289423724661645,0.37674418604651233,0.8657289002557544,0.5715793371200562,0.40496379137039185,0.8077391982078552,"('llama1b,mobilenet_v2,qwen2_vl,resnet50,yolo11l,yolo11m,yolo11s,yolo11x', 2.0)"
combination_399,"llama1b,mobilenet_v2,qwen2_vl,resnet50,yolo11l,yolo11m,yolo11s,yolo11x",yolo11s,2.0,True,True,2,0.2287953946965521,1.0,0.4539641943734015,0.19505339860916138,0.9840183258056641,0.43317824602127075,"('llama1b,mobilenet_v2,qwen2_vl,resnet50,yolo11l,yolo11m,yolo11s,yolo11x', 2.0)"
combination_395,"llama1b,mobilenet_v2,qwen2_vl,resnet50,yolo11l,yolo11m,yolo11s,yolo11x",yolo11s,1.5,True,True,0,0.5765375084478487,0.9907834101382489,0.45299647473560517,0.5891097187995911,0.9524465203285217,0.4768776595592499,"('llama1b,mobilenet_v2,qwen2_vl,resnet50,yolo11l,yolo11m,yolo11s,yolo11x', 1.5)"
combination_412,"llama1b,mobilenet_v2,qwen2_vl,resnet50,yolo11l,yolo11m,yolo11s,yolo11x",yolo11s,2.0,True,True,2,0.2651111519382693,0.6744186046511627,0.7896419437340153,0.23357585072517395,0.7616844177246094,0.7510868906974792,"('llama1b,mobilenet_v2,qwen2_vl,resnet50,yolo11l,yolo11m,yolo11s,yolo11x', 2.0)"
combination_381,"llama1b,mobilenet_v2,qwen2_vl,resnet50,yolo11l,yolo11m,yolo11s,yolo11x",yolo11s,1.5,True,True,0,0.21451903581887813,1.0,0.4200940070505288,0.22079242765903473,1.0,0.435627818107605,"('llama1b,mobilenet_v2,qwen2_vl,resnet50,yolo11l,yolo11m,yolo11s,yolo11x', 1.5)"
combination_406,"llama1b,mobilenet_v2,qwen2_vl,resnet50,yolo11l,yolo11m,yolo11s,yolo11x",yolo11s,2.0,True,True,2,0.4540388266274725,0.9990697674418606,0.469309462915601,0.41404592990875244,0.9875795245170593,0.44193243980407715,"('llama1b,mobilenet_v2,qwen2_vl,resnet50,yolo11l,yolo11m,yolo11s,yolo11x', 2.0)"
combination_386,"llama1b,mobilenet_v2,qwen2_vl,resnet50,yolo11l,yolo11m,yolo11s,yolo11x",yolo11s,1.5,True,True,0,0.9316287452128859,0.42396313364055294,1.0,0.8868455290794373,0.3522513806819916,0.9827803373336792,"('llama1b,mobilenet_v2,qwen2_vl,resnet50,yolo11l,yolo11m,yolo11s,yolo11x', 1.5)"
combination_415,"llama1b,mobilenet_v2,qwen2_vl,resnet50,yolo11l,yolo11m,yolo11s,yolo11x",yolo11s,2.0,True,True,2,1.0,0.3869767441860471,0.5095907928388747,0.902710497379303,0.3809804916381836,0.46466225385665894,"('llama1b,mobilenet_v2,qwen2_vl,resnet50,yolo11l,yolo11m,yolo11s,yolo11x', 2.0)"
combination_404,"llama1b,mobilenet_v2,qwen2_vl,resnet50,yolo11l,yolo11m,yolo11s,yolo11x",yolo11s,2.0,True,True,2,0.845367138220344,0.17767441860465116,0.9840153452685422,0.7953618168830872,0.17722298204898834,0.930673360824585,"('llama1b,mobilenet_v2,qwen2_vl,resnet50,yolo11l,yolo11m,yolo11s,yolo11x', 2.0)"
combination_350,"llama1b,mobilenet_v2,qwen2_vl,resnet50,yolo11l,yolo11m,yolo11s,yolo11x",yolo11s,1.0,True,True,0,1.0,0.0,0.9323059988992846,0.9210324287414551,0.006206211633980274,0.9172393679618835,"('llama1b,mobilenet_v2,qwen2_vl,resnet50,yolo11l,yolo11m,yolo11s,yolo11x', 1.0)"
combination_356,"llama1b,mobilenet_v2,qwen2_vl,resnet50,yolo11l,yolo11m,yolo11s,yolo11x",yolo11s,1.0,True,True,0,0.8605919789877766,0.18565699457419224,0.9102916895982387,0.8559474349021912,0.23537947237491608,0.9472553730010986,"('llama1b,mobilenet_v2,qwen2_vl,resnet50,yolo11l,yolo11m,yolo11s,yolo11x', 1.0)"
combination_400,"llama1b,mobilenet_v2,qwen2_vl,resnet50,yolo11l,yolo11m,yolo11s,yolo11x",yolo11s,2.0,True,True,2,0.3375589442096883,0.8902325581395346,0.46547314578005117,0.2998441755771637,0.7435827851295471,0.42771968245506287,"('llama1b,mobilenet_v2,qwen2_vl,resnet50,yolo11l,yolo11m,yolo11s,yolo11x', 2.0)"
combination_359,"llama1b,mobilenet_v2,qwen2_vl,resnet50,yolo11l,yolo11m,yolo11s,yolo11x",yolo11s,1.0,True,True,0,0.49585816749166584,0.7265864590705355,0.4116675839295542,0.5723784565925598,0.6503878235816956,0.44293391704559326,"('llama1b,mobilenet_v2,qwen2_vl,resnet50,yolo11l,yolo11m,yolo11s,yolo11x', 1.0)"
combination_352,"llama1b,mobilenet_v2,qwen2_vl,resnet50,yolo11l,yolo11m,yolo11s,yolo11x",yolo11s,1.0,True,True,0,0.2768966562279019,0.7379098844066998,0.4083654375343973,0.3250095248222351,0.8825916647911072,0.42806607484817505,"('llama1b,mobilenet_v2,qwen2_vl,resnet50,yolo11l,yolo11m,yolo11s,yolo11x', 1.0)"
combination_383,"llama1b,mobilenet_v2,qwen2_vl,resnet50,yolo11l,yolo11m,yolo11s,yolo11x",yolo11s,1.5,True,True,0,0.5328339716152287,0.5935483870967744,0.44594594594594594,0.5785036683082581,0.6487782597541809,0.4492384195327759,"('llama1b,mobilenet_v2,qwen2_vl,resnet50,yolo11l,yolo11m,yolo11s,yolo11x', 1.5)"
combination_402,"llama1b,mobilenet_v2,qwen2_vl,resnet50,yolo11l,yolo11m,yolo11s,yolo11x",yolo11s,2.0,True,True,2,0.7592014207851061,0.45302325581395403,0.4750639386189258,0.7107921242713928,0.6182893514633179,0.44665396213531494,"('llama1b,mobilenet_v2,qwen2_vl,resnet50,yolo11l,yolo11m,yolo11s,yolo11x', 2.0)"
combination_367,"llama1b,mobilenet_v2,qwen2_vl,resnet50,yolo11l,yolo11m,yolo11s,yolo11x",yolo11s,1.0,True,True,0,0.9073138700878879,0.45789101203113947,0.45734727572922396,0.9483588337898254,0.33797988295555115,0.48844224214553833,"('llama1b,mobilenet_v2,qwen2_vl,resnet50,yolo11l,yolo11m,yolo11s,yolo11x', 1.0)"
combination_397,"llama1b,mobilenet_v2,qwen2_vl,resnet50,yolo11l,yolo11m,yolo11s,yolo11x",yolo11s,2.0,True,True,2,0.12199154877824726,1.0,0.45652173913043476,0.13901568949222565,1.0,0.4248386323451996,"('llama1b,mobilenet_v2,qwen2_vl,resnet50,yolo11l,yolo11m,yolo11s,yolo11x', 2.0)"
combination_370,"llama1b,mobilenet_v2,qwen2_vl,resnet50,yolo11l,yolo11m,yolo11s,yolo11x",yolo11s,1.0,True,True,0,0.2304778260430346,0.8702524180231186,0.7127132636213538,0.2664749026298523,0.772502601146698,0.7703187465667725,"('llama1b,mobilenet_v2,qwen2_vl,resnet50,yolo11l,yolo11m,yolo11s,yolo11x', 1.0)"
combination_375,"llama1b,mobilenet_v2,qwen2_vl,resnet50,yolo11l,yolo11m,yolo11s,yolo11x",yolo11s,1.5,True,True,0,0.21913719306150037,0.9976958525345625,0.42361927144535844,0.22893719375133514,1.0,0.43555253744125366,"('llama1b,mobilenet_v2,qwen2_vl,resnet50,yolo11l,yolo11m,yolo11s,yolo11x', 1.5)"
combination_366,"llama1b,mobilenet_v2,qwen2_vl,resnet50,yolo11l,yolo11m,yolo11s,yolo11x",yolo11s,1.0,True,True,0,0.548237195676331,0.42533616418966735,0.7952669235002751,0.5837259292602539,0.45745155215263367,0.8063791990280151,"('llama1b,mobilenet_v2,qwen2_vl,resnet50,yolo11l,yolo11m,yolo11s,yolo11x', 1.0)"
combination_420,"llama1b,mobilenet_v2,qwen2_vl,resnet50,yolo11l,yolo11m,yolo11s,yolo11x",yolo11s,2.0,True,True,2,0.5620062465552084,0.4837209302325584,0.8663682864450128,0.4811067283153534,0.39204657077789307,0.8238708972930908,"('llama1b,mobilenet_v2,qwen2_vl,resnet50,yolo11l,yolo11m,yolo11s,yolo11x', 2.0)"
combination_355,"llama1b,mobilenet_v2,qwen2_vl,resnet50,yolo11l,yolo11m,yolo11s,yolo11x",yolo11s,1.0,True,True,0,0.8410950601070815,0.2833215380986083,0.44964226747385794,0.930417001247406,0.23130996525287628,0.47973519563674927,"('llama1b,mobilenet_v2,qwen2_vl,resnet50,yolo11l,yolo11m,yolo11s,yolo11x', 1.0)"
combination_393,"llama1b,mobilenet_v2,qwen2_vl,resnet50,yolo11l,yolo11m,yolo11s,yolo11x",yolo11s,1.5,True,True,0,0.2002703311556657,0.8847926267281104,0.4394829612220917,0.23214606940746307,0.9668586254119873,0.4297444522380829,"('llama1b,mobilenet_v2,qwen2_vl,resnet50,yolo11l,yolo11m,yolo11s,yolo11x', 1.5)"
combination_396,"llama1b,mobilenet_v2,qwen2_vl,resnet50,yolo11l,yolo11m,yolo11s,yolo11x",yolo11s,1.5,True,True,0,0.4951002478035593,0.3322580645161288,0.8055229142185665,0.6046231389045715,0.5329431891441345,0.8159904479980469,"('llama1b,mobilenet_v2,qwen2_vl,resnet50,yolo11l,yolo11m,yolo11s,yolo11x', 1.5)"
combination_388,"llama1b,mobilenet_v2,qwen2_vl,resnet50,yolo11l,yolo11m,yolo11s,yolo11x",yolo11s,1.5,True,True,0,0.2519148456859653,0.7953917050691244,0.7320799059929496,0.26073282957077026,0.7154473066329956,0.7735004425048828,"('llama1b,mobilenet_v2,qwen2_vl,resnet50,yolo11l,yolo11m,yolo11s,yolo11x', 1.5)"
combination_410,"llama1b,mobilenet_v2,qwen2_vl,resnet50,yolo11l,yolo11m,yolo11s,yolo11x",yolo11s,2.0,True,True,2,0.9014024128850509,0.40372093023255795,1.0,0.8323742747306824,0.4073355495929718,1.0,"('llama1b,mobilenet_v2,qwen2_vl,resnet50,yolo11l,yolo11m,yolo11s,yolo11x', 2.0)"
combination_387,"llama1b,mobilenet_v2,qwen2_vl,resnet50,yolo11l,yolo11m,yolo11s,yolo11x",yolo11s,1.5,True,True,0,0.1540324397386799,0.797695852534562,0.7320799059929496,0.16313773393630981,0.7461222410202026,0.7413902878761292,"('llama1b,mobilenet_v2,qwen2_vl,resnet50,yolo11l,yolo11m,yolo11s,yolo11x', 1.5)"
combination_362,"llama1b,mobilenet_v2,qwen2_vl,resnet50,yolo11l,yolo11m,yolo11s,yolo11x",yolo11s,1.0,True,True,0,0.885695524800485,0.43076197216324624,1.0,0.8830304741859436,0.37405863404273987,0.9806488156318665,"('llama1b,mobilenet_v2,qwen2_vl,resnet50,yolo11l,yolo11m,yolo11s,yolo11x', 1.0)"
combination_405,"llama1b,mobilenet_v2,qwen2_vl,resnet50,yolo11l,yolo11m,yolo11s,yolo11x",yolo11s,2.0,True,True,2,0.20699369220405414,1.0,0.4526854219948849,0.20481102168560028,0.9953584671020508,0.4353920817375183,"('llama1b,mobilenet_v2,qwen2_vl,resnet50,yolo11l,yolo11m,yolo11s,yolo11x', 2.0)"
combination_418,"llama1b,mobilenet_v2,qwen2_vl,resnet50,yolo11l,yolo11m,yolo11s,yolo11x",yolo11s,2.0,True,True,2,0.2334496907342764,0.6744186046511627,0.8126598465473146,0.23185692727565765,0.7794461250305176,0.768040657043457,"('llama1b,mobilenet_v2,qwen2_vl,resnet50,yolo11l,yolo11m,yolo11s,yolo11x', 2.0)"
combination_403,"llama1b,mobilenet_v2,qwen2_vl,resnet50,yolo11l,yolo11m,yolo11s,yolo11x",yolo11s,2.0,True,True,2,0.9968767223957375,0.2688372093023258,0.4936061381074168,0.8608629703521729,0.2331409603357315,0.4565841257572174,"('llama1b,mobilenet_v2,qwen2_vl,resnet50,yolo11l,yolo11m,yolo11s,yolo11x', 2.0)"
combination_382,"llama1b,mobilenet_v2,qwen2_vl,resnet50,yolo11l,yolo11m,yolo11s,yolo11x",yolo11s,1.5,True,True,0,0.4216602838477135,0.99815668202765,0.44242068155111636,0.44973990321159363,0.9982184767723083,0.44628170132637024,"('llama1b,mobilenet_v2,qwen2_vl,resnet50,yolo11l,yolo11m,yolo11s,yolo11x', 1.5)"
combination_389,"llama1b,mobilenet_v2,qwen2_vl,resnet50,yolo11l,yolo11m,yolo11s,yolo11x",yolo11s,1.5,True,True,0,0.4237440865059698,0.7755760368663596,0.7937720329024677,0.5136592388153076,0.6694077849388123,0.8180953860282898,"('llama1b,mobilenet_v2,qwen2_vl,resnet50,yolo11l,yolo11m,yolo11s,yolo11x', 1.5)"
combination_369,"llama1b,mobilenet_v2,qwen2_vl,resnet50,yolo11l,yolo11m,yolo11s,yolo11x",yolo11s,1.0,True,True,0,0.16971411253661983,0.7284736966265629,0.4012107870115575,0.2258363664150238,0.9687124490737915,0.4166046679019928,"('llama1b,mobilenet_v2,qwen2_vl,resnet50,yolo11l,yolo11m,yolo11s,yolo11x', 1.0)"
combination_357,"llama1b,mobilenet_v2,qwen2_vl,resnet50,yolo11l,yolo11m,yolo11s,yolo11x",yolo11s,1.0,True,True,0,0.1984543893322558,1.0,0.40616400660429275,0.2233532816171646,1.0,0.4212609827518463,"('llama1b,mobilenet_v2,qwen2_vl,resnet50,yolo11l,yolo11m,yolo11s,yolo11x', 1.0)"
combination_390,"llama1b,mobilenet_v2,qwen2_vl,resnet50,yolo11l,yolo11m,yolo11s,yolo11x",yolo11s,1.5,True,True,0,0.6093714800630772,0.3105990783410139,0.7773207990599296,0.6217054128646851,0.49708929657936096,0.825715184211731,"('llama1b,mobilenet_v2,qwen2_vl,resnet50,yolo11l,yolo11m,yolo11s,yolo11x', 1.5)"
combination_351,"llama1b,mobilenet_v2,qwen2_vl,resnet50,yolo11l,yolo11m,yolo11s,yolo11x",yolo11s,1.0,True,True,0,0.17582584099403983,0.9773531493276715,0.40066042927903134,0.22621551156044006,1.0,0.42284855246543884,"('llama1b,mobilenet_v2,qwen2_vl,resnet50,yolo11l,yolo11m,yolo11s,yolo11x', 1.0)"
combination_407,"llama1b,mobilenet_v2,qwen2_vl,resnet50,yolo11l,yolo11m,yolo11s,yolo11x",yolo11s,2.0,True,True,2,0.5812970788168289,0.6334883720930234,0.46675191815856776,0.5037344694137573,0.7400237917900085,0.44815078377723694,"('llama1b,mobilenet_v2,qwen2_vl,resnet50,yolo11l,yolo11m,yolo11s,yolo11x', 2.0)"
combination_379,"llama1b,mobilenet_v2,qwen2_vl,resnet50,yolo11l,yolo11m,yolo11s,yolo11x",yolo11s,1.5,True,True,0,0.9450889840054066,0.08709677419354801,0.4576968272620447,0.9656736850738525,0.21230262517929077,0.48549601435661316,"('llama1b,mobilenet_v2,qwen2_vl,resnet50,yolo11l,yolo11m,yolo11s,yolo11x', 1.5)"
combination_392,"llama1b,mobilenet_v2,qwen2_vl,resnet50,yolo11l,yolo11m,yolo11s,yolo11x",yolo11s,1.5,True,True,0,0.9399076368551474,0.16129032258064482,0.917743830787309,0.8900284171104431,0.220529243350029,0.9388591051101685,"('llama1b,mobilenet_v2,qwen2_vl,resnet50,yolo11l,yolo11m,yolo11s,yolo11x', 1.5)"
combination_376,"llama1b,mobilenet_v2,qwen2_vl,resnet50,yolo11l,yolo11m,yolo11s,yolo11x",yolo11s,1.5,True,True,0,0.31690696102725835,0.6423963133640552,0.4118683901292597,0.331769198179245,0.8766146898269653,0.4387149512767792,"('llama1b,mobilenet_v2,qwen2_vl,resnet50,yolo11l,yolo11m,yolo11s,yolo11x', 1.5)"
combination_372,"llama1b,mobilenet_v2,qwen2_vl,resnet50,yolo11l,yolo11m,yolo11s,yolo11x",yolo11s,1.0,True,True,0,0.4365087382563896,0.428402925218212,0.8035222894881672,0.5567338466644287,0.5291836857795715,0.8002771139144897,"('llama1b,mobilenet_v2,qwen2_vl,resnet50,yolo11l,yolo11m,yolo11s,yolo11x', 1.0)"
combination_374,"llama1b,mobilenet_v2,qwen2_vl,resnet50,yolo11l,yolo11m,yolo11s,yolo11x",yolo11s,1.5,True,True,0,0.9657580536156791,0.0,0.8736780258519389,0.9059889316558838,0.01766340807080269,0.895308256149292,"('llama1b,mobilenet_v2,qwen2_vl,resnet50,yolo11l,yolo11m,yolo11s,yolo11x', 1.5)"
combination_358,"llama1b,mobilenet_v2,qwen2_vl,resnet50,yolo11l,yolo11m,yolo11s,yolo11x",yolo11s,1.0,True,True,0,0.41165774320638443,0.9981127624439726,0.4001100715465052,0.44245246052742004,1.0,0.43568506836891174,"('llama1b,mobilenet_v2,qwen2_vl,resnet50,yolo11l,yolo11m,yolo11s,yolo11x', 1.0)"
combination_378,"llama1b,mobilenet_v2,qwen2_vl,resnet50,yolo11l,yolo11m,yolo11s,yolo11x",yolo11s,1.5,True,True,0,0.716884433430953,0.5497695852534561,0.4371327849588719,0.7899230122566223,0.47360676527023315,0.45506569743156433,"('llama1b,mobilenet_v2,qwen2_vl,resnet50,yolo11l,yolo11m,yolo11s,yolo11x', 1.5)"
combination_364,"llama1b,mobilenet_v2,qwen2_vl,resnet50,yolo11l,yolo11m,yolo11s,yolo11x",yolo11s,1.0,True,True,0,0.23891302151732502,0.8306204293465441,0.709411117226197,0.2675517201423645,0.7542434334754944,0.7543561458587646,"('llama1b,mobilenet_v2,qwen2_vl,resnet50,yolo11l,yolo11m,yolo11s,yolo11x', 1.0)"
combination_521,"mobilenet_v2,resnet50,yolo11l,yolo11m,yolo11n,yolo11s,yolo11x",yolo11n,2.0,False,False,0,0.29439209587411946,0.7093280826975142,0.0,0.39947181940078735,0.9497037529945374,0.8676061630249023,"('mobilenet_v2,resnet50,yolo11l,yolo11m,yolo11n,yolo11s,yolo11x', 2.0)"
combination_536,"mobilenet_v2,resnet50,yolo11l,yolo11m,yolo11n,yolo11s,yolo11x",yolo11n,2.0,False,False,0,0.7311545146830116,0.2574452375092297,0.0,0.7812138795852661,0.7032104134559631,0.912172794342041,"('mobilenet_v2,resnet50,yolo11l,yolo11m,yolo11n,yolo11s,yolo11x', 2.0)"
combination_511,"mobilenet_v2,resnet50,yolo11l,yolo11m,yolo11n,yolo11s,yolo11x",yolo11n,1.5,False,False,0,0.4861364506610807,0.5350857142857143,0.0,0.6820119023323059,0.7895975708961487,0.8734447360038757,"('mobilenet_v2,resnet50,yolo11l,yolo11m,yolo11n,yolo11s,yolo11x', 1.5)"
combination_481,"mobilenet_v2,resnet50,yolo11l,yolo11m,yolo11n,yolo11s,yolo11x",yolo11n,1.0,False,False,0,0.42737041090438765,0.39628720466400746,0.0,0.7057750225067139,0.7110357284545898,0.8753998875617981,"('mobilenet_v2,resnet50,yolo11l,yolo11m,yolo11n,yolo11s,yolo11x', 1.0)"
combination_488,"mobilenet_v2,resnet50,yolo11l,yolo11m,yolo11n,yolo11s,yolo11x",yolo11n,1.0,False,False,0,0.7346283951845588,0.2490027615833077,0.0,0.785033643245697,0.625761866569519,0.9028071165084839,"('mobilenet_v2,resnet50,yolo11l,yolo11m,yolo11n,yolo11s,yolo11x', 1.0)"
combination_514,"mobilenet_v2,resnet50,yolo11l,yolo11m,yolo11n,yolo11s,yolo11x",yolo11n,1.5,False,False,0,0.20559947744216953,0.998857142857143,0.0,0.255292147397995,0.9158213138580322,0.8630576729774475,"('mobilenet_v2,resnet50,yolo11l,yolo11m,yolo11n,yolo11s,yolo11x', 1.5)"
combination_504,"mobilenet_v2,resnet50,yolo11l,yolo11m,yolo11n,yolo11s,yolo11x",yolo11n,1.5,False,False,0,0.35666824334977587,0.5149714285714284,0.0,0.48736071586608887,0.824490487575531,0.875660240650177,"('mobilenet_v2,resnet50,yolo11l,yolo11m,yolo11n,yolo11s,yolo11x', 1.5)"
combination_528,"mobilenet_v2,resnet50,yolo11l,yolo11m,yolo11n,yolo11s,yolo11x",yolo11n,2.0,False,False,0,0.3815067239959748,0.6362293871523503,0.0,0.4851653575897217,0.874456524848938,0.8780795335769653,"('mobilenet_v2,resnet50,yolo11l,yolo11m,yolo11n,yolo11s,yolo11x', 2.0)"
combination_539,"mobilenet_v2,resnet50,yolo11l,yolo11m,yolo11n,yolo11s,yolo11x",yolo11n,2.0,False,False,0,0.2689598389900284,0.9936007875953727,0.0,0.4199937582015991,0.9576502442359924,0.869560182094574,"('mobilenet_v2,resnet50,yolo11l,yolo11m,yolo11n,yolo11s,yolo11x', 2.0)"
combination_469,"mobilenet_v2,resnet50,yolo11l,yolo11m,yolo11n,yolo11s,yolo11x",yolo11n,1.0,False,False,0,0.06718236991344144,1.0,0.0,0.1532275378704071,0.9710099697113037,0.8552848696708679,"('mobilenet_v2,resnet50,yolo11l,yolo11m,yolo11n,yolo11s,yolo11x', 1.0)"
combination_529,"mobilenet_v2,resnet50,yolo11l,yolo11m,yolo11n,yolo11s,yolo11x",yolo11n,2.0,False,False,0,0.4305415789955173,0.5675609155796211,0.0,0.690082848072052,0.843802809715271,0.8778744339942932,"('mobilenet_v2,resnet50,yolo11l,yolo11m,yolo11n,yolo11s,yolo11x', 2.0)"
combination_485,"mobilenet_v2,resnet50,yolo11l,yolo11m,yolo11n,yolo11s,yolo11x",yolo11n,1.0,False,False,0,0.2066709780121381,0.6882479288125192,0.0,0.3752955198287964,0.9488646984100342,0.8641068339347839,"('mobilenet_v2,resnet50,yolo11l,yolo11m,yolo11n,yolo11s,yolo11x', 1.0)"
combination_537,"mobilenet_v2,resnet50,yolo11l,yolo11m,yolo11n,yolo11s,yolo11x",yolo11n,2.0,False,False,0,0.16999817034123135,1.0,0.0,0.23311874270439148,0.9479230046272278,0.8595350384712219,"('mobilenet_v2,resnet50,yolo11l,yolo11m,yolo11n,yolo11s,yolo11x', 2.0)"
combination_533,"mobilenet_v2,resnet50,yolo11l,yolo11m,yolo11n,yolo11s,yolo11x",yolo11n,2.0,False,False,0,0.21491629311133473,0.7179424070883582,0.0,0.36868348717689514,0.963638424873352,0.8696082234382629,"('mobilenet_v2,resnet50,yolo11l,yolo11m,yolo11n,yolo11s,yolo11x', 2.0)"
combination_474,"mobilenet_v2,resnet50,yolo11l,yolo11m,yolo11n,yolo11s,yolo11x",yolo11n,1.0,False,False,0,0.3874987563426526,0.5918993556305615,0.0,0.4934077262878418,0.7441731095314026,0.8772141933441162,"('mobilenet_v2,resnet50,yolo11l,yolo11m,yolo11n,yolo11s,yolo11x', 1.0)"
combination_500,"mobilenet_v2,resnet50,yolo11l,yolo11m,yolo11n,yolo11s,yolo11x",yolo11n,1.5,False,False,0,0.6008964569678132,0.10034285714285726,0.0,0.9274676442146301,0.625291109085083,0.915116012096405,"('mobilenet_v2,resnet50,yolo11l,yolo11m,yolo11n,yolo11s,yolo11x', 1.5)"
combination_473,"mobilenet_v2,resnet50,yolo11l,yolo11m,yolo11n,yolo11s,yolo11x",yolo11n,1.0,False,False,0,0.30297980300467614,0.7965633629947836,0.0,0.4192860722541809,0.9224666357040405,0.8684768080711365,"('mobilenet_v2,resnet50,yolo11l,yolo11m,yolo11n,yolo11s,yolo11x', 1.0)"
combination_483,"mobilenet_v2,resnet50,yolo11l,yolo11m,yolo11n,yolo11s,yolo11x",yolo11n,1.0,False,False,0,0.12098298676748581,0.9285056765879104,0.0,0.17448489367961884,0.9589009284973145,0.8532770276069641,"('mobilenet_v2,resnet50,yolo11l,yolo11m,yolo11n,yolo11s,yolo11x', 1.0)"
combination_491,"mobilenet_v2,resnet50,yolo11l,yolo11m,yolo11n,yolo11s,yolo11x",yolo11n,1.0,False,False,0,0.298378270818824,0.8528689782141763,0.0,0.4250524640083313,0.9259217977523804,0.8658226728439331,"('mobilenet_v2,resnet50,yolo11l,yolo11m,yolo11n,yolo11s,yolo11x', 1.0)"
combination_497,"mobilenet_v2,resnet50,yolo11l,yolo11m,yolo11n,yolo11s,yolo11x",yolo11n,1.5,False,False,0,0.266707209946618,0.7330285714285714,0.0,0.4195352792739868,0.9397890567779541,0.8667454123497009,"('mobilenet_v2,resnet50,yolo11l,yolo11m,yolo11n,yolo11s,yolo11x', 1.5)"
combination_480,"mobilenet_v2,resnet50,yolo11l,yolo11m,yolo11n,yolo11s,yolo11x",yolo11n,1.0,False,False,0,0.3746642125161675,0.582080392758515,0.0,0.495195597410202,0.753699004650116,0.8754327297210693,"('mobilenet_v2,resnet50,yolo11l,yolo11m,yolo11n,yolo11s,yolo11x', 1.0)"
combination_505,"mobilenet_v2,resnet50,yolo11l,yolo11m,yolo11n,yolo11s,yolo11x",yolo11n,1.5,False,False,0,0.403766020226592,0.24502857142857135,0.0,0.7264857292175293,0.7308460474014282,0.8767575025558472,"('mobilenet_v2,resnet50,yolo11l,yolo11m,yolo11n,yolo11s,yolo11x', 1.5)"
combination_531,"mobilenet_v2,resnet50,yolo11l,yolo11m,yolo11n,yolo11s,yolo11x",yolo11n,2.0,False,False,0,0.09800109779526119,1.0,0.0,0.17014427483081818,0.955191969871521,0.8598063588142395,"('mobilenet_v2,resnet50,yolo11l,yolo11m,yolo11n,yolo11s,yolo11x', 2.0)"
combination_518,"mobilenet_v2,resnet50,yolo11l,yolo11m,yolo11n,yolo11s,yolo11x",yolo11n,2.0,False,False,0,1.0,0.0,0.0,0.889071524143219,0.03453700616955757,0.9253132939338684,"('mobilenet_v2,resnet50,yolo11l,yolo11m,yolo11n,yolo11s,yolo11x', 2.0)"
combination_493,"mobilenet_v2,resnet50,yolo11l,yolo11m,yolo11n,yolo11s,yolo11x",yolo11n,1.5,False,False,0,0.05531905308917269,1.0,0.0,0.15134641528129578,0.953578770160675,0.8545933365821838,"('mobilenet_v2,resnet50,yolo11l,yolo11m,yolo11n,yolo11s,yolo11x', 1.5)"
combination_534,"mobilenet_v2,resnet50,yolo11l,yolo11m,yolo11n,yolo11s,yolo11x",yolo11n,2.0,False,False,0,0.3766352575244717,0.8781688407580606,0.0,0.49435317516326904,0.8745352029800415,0.8779705166816711,"('mobilenet_v2,resnet50,yolo11l,yolo11m,yolo11n,yolo11s,yolo11x', 2.0)"
combination_519,"mobilenet_v2,resnet50,yolo11l,yolo11m,yolo11n,yolo11s,yolo11x",yolo11n,2.0,False,False,0,0.0993733418717409,1.0,0.0,0.17045027017593384,0.9536907076835632,0.8597879409790039,"('mobilenet_v2,resnet50,yolo11l,yolo11m,yolo11n,yolo11s,yolo11x', 2.0)"
combination_515,"mobilenet_v2,resnet50,yolo11l,yolo11m,yolo11n,yolo11s,yolo11x",yolo11n,1.5,False,False,0,0.2878572876545713,0.9293714285714285,0.0,0.4226061999797821,0.9261272549629211,0.8665980696678162,"('mobilenet_v2,resnet50,yolo11l,yolo11m,yolo11n,yolo11s,yolo11x', 1.5)"
combination_532,"mobilenet_v2,resnet50,yolo11l,yolo11m,yolo11n,yolo11s,yolo11x",yolo11n,2.0,False,False,0,0.20457872106852074,0.9094265321191236,0.0,0.24442730844020844,0.950896143913269,0.8654187917709351,"('mobilenet_v2,resnet50,yolo11l,yolo11m,yolo11n,yolo11s,yolo11x', 2.0)"
combination_501,"mobilenet_v2,resnet50,yolo11l,yolo11m,yolo11n,yolo11s,yolo11x",yolo11n,1.5,False,False,0,0.11509786697299368,1.0,0.0,0.17008697986602783,0.9430824518203735,0.8540472984313965,"('mobilenet_v2,resnet50,yolo11l,yolo11m,yolo11n,yolo11s,yolo11x', 1.5)"
combination_526,"mobilenet_v2,resnet50,yolo11l,yolo11m,yolo11n,yolo11s,yolo11x",yolo11n,2.0,False,False,0,0.15179306559326683,0.9246861924686194,0.0,0.18764808773994446,0.9678013324737549,0.8642718195915222,"('mobilenet_v2,resnet50,yolo11l,yolo11m,yolo11n,yolo11s,yolo11x', 2.0)"
combination_506,"mobilenet_v2,resnet50,yolo11l,yolo11m,yolo11n,yolo11s,yolo11x",yolo11n,1.5,False,False,0,0.6836272721129806,0.0754285714285715,0.0,0.8055300116539001,0.6024773716926575,0.8994835019111633,"('mobilenet_v2,resnet50,yolo11l,yolo11m,yolo11n,yolo11s,yolo11x', 1.5)"
combination_535,"mobilenet_v2,resnet50,yolo11l,yolo11m,yolo11n,yolo11s,yolo11x",yolo11n,2.0,False,False,0,0.5021041075839355,0.77479694806793,0.0,0.6938554048538208,0.8750742673873901,0.8730807900428772,"('mobilenet_v2,resnet50,yolo11l,yolo11m,yolo11n,yolo11s,yolo11x', 2.0)"
combination_524,"mobilenet_v2,resnet50,yolo11l,yolo11m,yolo11n,yolo11s,yolo11x",yolo11n,2.0,False,False,0,0.6263836794437837,0.24095495938961356,0.0,0.8377329707145691,0.6727777719497681,0.9143025875091553,"('mobilenet_v2,resnet50,yolo11l,yolo11m,yolo11n,yolo11s,yolo11x', 2.0)"
combination_470,"mobilenet_v2,resnet50,yolo11l,yolo11m,yolo11n,yolo11s,yolo11x",yolo11n,1.0,False,False,0,1.0,0.0,0.0,0.9065706729888916,0.0,0.9125973582267761,"('mobilenet_v2,resnet50,yolo11l,yolo11m,yolo11n,yolo11s,yolo11x', 1.0)"
combination_476,"mobilenet_v2,resnet50,yolo11l,yolo11m,yolo11n,yolo11s,yolo11x",yolo11n,1.0,False,False,0,0.6307581335190529,0.3717397974838908,0.0,0.8893516659736633,0.5987750291824341,0.9041740894317627,"('mobilenet_v2,resnet50,yolo11l,yolo11m,yolo11n,yolo11s,yolo11x', 1.0)"
combination_520,"mobilenet_v2,resnet50,yolo11l,yolo11m,yolo11n,yolo11s,yolo11x",yolo11n,2.0,False,False,0,0.16995242887201537,1.0,0.0,0.2034289538860321,0.9449293613433838,0.8661954998970032,"('mobilenet_v2,resnet50,yolo11l,yolo11m,yolo11n,yolo11s,yolo11x', 2.0)"
combination_479,"mobilenet_v2,resnet50,yolo11l,yolo11m,yolo11n,yolo11s,yolo11x",yolo11n,1.0,False,False,0,0.2920356183464332,0.9852715556919299,0.0,0.42173635959625244,0.9602038860321045,0.8664162755012512,"('mobilenet_v2,resnet50,yolo11l,yolo11m,yolo11n,yolo11s,yolo11x', 1.0)"
combination_472,"mobilenet_v2,resnet50,yolo11l,yolo11m,yolo11n,yolo11s,yolo11x",yolo11n,1.0,False,False,0,0.17719629887573374,1.0,0.0,0.21009927988052368,0.952260434627533,0.861021876335144,"('mobilenet_v2,resnet50,yolo11l,yolo11m,yolo11n,yolo11s,yolo11x', 1.0)"
combination_503,"mobilenet_v2,resnet50,yolo11l,yolo11m,yolo11n,yolo11s,yolo11x",yolo11n,1.5,False,False,0,0.28801495596549315,0.9929142857142857,0.0,0.4205983281135559,0.9354031682014465,0.8670635223388672,"('mobilenet_v2,resnet50,yolo11l,yolo11m,yolo11n,yolo11s,yolo11x', 1.5)"
combination_522,"mobilenet_v2,resnet50,yolo11l,yolo11m,yolo11n,yolo11s,yolo11x",yolo11n,2.0,False,False,0,0.36556582197420173,0.6527196652719666,0.0,0.4856916069984436,0.9025593400001526,0.874437153339386,"('mobilenet_v2,resnet50,yolo11l,yolo11m,yolo11n,yolo11s,yolo11x', 2.0)"
combination_487,"mobilenet_v2,resnet50,yolo11l,yolo11m,yolo11n,yolo11s,yolo11x",yolo11n,1.0,False,False,0,0.5104467217192318,0.5481742865909789,0.0,0.7299551367759705,0.6999855637550354,0.874308168888092,"('mobilenet_v2,resnet50,yolo11l,yolo11m,yolo11n,yolo11s,yolo11x', 1.0)"
combination_517,"mobilenet_v2,resnet50,yolo11l,yolo11m,yolo11n,yolo11s,yolo11x",yolo11n,2.0,False,False,0,0.06710273533985911,1.0,0.0,0.15026378631591797,0.9623516798019409,0.8605434894561768,"('mobilenet_v2,resnet50,yolo11l,yolo11m,yolo11n,yolo11s,yolo11x', 2.0)"
combination_490,"mobilenet_v2,resnet50,yolo11l,yolo11m,yolo11n,yolo11s,yolo11x",yolo11n,1.0,False,False,0,0.24925380559148344,0.9953973611537283,0.0,0.25765103101730347,0.9103334546089172,0.865320086479187,"('mobilenet_v2,resnet50,yolo11l,yolo11m,yolo11n,yolo11s,yolo11x', 1.0)"
combination_495,"mobilenet_v2,resnet50,yolo11l,yolo11m,yolo11n,yolo11s,yolo11x",yolo11n,1.5,False,False,0,0.0946235105975629,1.0,0.0,0.17930540442466736,0.9482128620147705,0.8560985922813416,"('mobilenet_v2,resnet50,yolo11l,yolo11m,yolo11n,yolo11s,yolo11x', 1.5)"
combination_486,"mobilenet_v2,resnet50,yolo11l,yolo11m,yolo11n,yolo11s,yolo11x",yolo11n,1.0,False,False,0,0.38075813351905285,0.7801472844430807,0.0,0.5028595328330994,0.7909473776817322,0.8752944469451904,"('mobilenet_v2,resnet50,yolo11l,yolo11m,yolo11n,yolo11s,yolo11x', 1.0)"
combination_540,"mobilenet_v2,resnet50,yolo11l,yolo11m,yolo11n,yolo11s,yolo11x",yolo11n,2.0,False,False,0,0.31193394931845214,0.9345311346295841,0.0,0.47807878255844116,0.8381463885307312,0.8775826692581177,"('mobilenet_v2,resnet50,yolo11l,yolo11m,yolo11n,yolo11s,yolo11x', 2.0)"
combination_475,"mobilenet_v2,resnet50,yolo11l,yolo11m,yolo11n,yolo11s,yolo11x",yolo11n,1.0,False,False,0,0.40147746492886277,0.4036514268180423,0.0,0.6441268920898438,0.6447272300720215,0.8752732872962952,"('mobilenet_v2,resnet50,yolo11l,yolo11m,yolo11n,yolo11s,yolo11x', 1.0)"
combination_513,"mobilenet_v2,resnet50,yolo11l,yolo11m,yolo11n,yolo11s,yolo11x",yolo11n,1.5,False,False,0,0.15453746874788837,0.9997714285714286,0.0,0.23994342982769012,0.9431307911872864,0.8524550795555115,"('mobilenet_v2,resnet50,yolo11l,yolo11m,yolo11n,yolo11s,yolo11x', 1.5)"
combination_516,"mobilenet_v2,resnet50,yolo11l,yolo11m,yolo11n,yolo11s,yolo11x",yolo11n,1.5,False,False,0,0.3128364529134851,0.6667428571428571,0.0,0.4786926507949829,0.8073707818984985,0.8756570219993591,"('mobilenet_v2,resnet50,yolo11l,yolo11m,yolo11n,yolo11s,yolo11x', 1.5)"
combination_508,"mobilenet_v2,resnet50,yolo11l,yolo11m,yolo11n,yolo11s,yolo11x",yolo11n,1.5,False,False,0,0.19954050949388472,0.7307428571428571,0.0,0.25134703516960144,0.9364665746688843,0.8626461029052734,"('mobilenet_v2,resnet50,yolo11l,yolo11m,yolo11n,yolo11s,yolo11x', 1.5)"
combination_530,"mobilenet_v2,resnet50,yolo11l,yolo11m,yolo11n,yolo11s,yolo11x",yolo11n,2.0,False,False,0,0.7164486323300704,0.3600787595372877,0.0,0.8465312123298645,0.6852290630340576,0.9116142988204956,"('mobilenet_v2,resnet50,yolo11l,yolo11m,yolo11n,yolo11s,yolo11x', 2.0)"
combination_507,"mobilenet_v2,resnet50,yolo11l,yolo11m,yolo11n,yolo11s,yolo11x",yolo11n,1.5,False,False,0,0.09712367952789602,1.0,0.0,0.17976748943328857,0.9508092403411865,0.8561170101165771,"('mobilenet_v2,resnet50,yolo11l,yolo11m,yolo11n,yolo11s,yolo11x', 1.5)"
combination_482,"mobilenet_v2,resnet50,yolo11l,yolo11m,yolo11n,yolo11s,yolo11x",yolo11n,1.0,False,False,0,0.7280618843896131,0.2999386314820497,0.0,0.7944871187210083,0.5387140512466431,0.9009943008422852,"('mobilenet_v2,resnet50,yolo11l,yolo11m,yolo11n,yolo11s,yolo11x', 1.0)"
combination_525,"mobilenet_v2,resnet50,yolo11l,yolo11m,yolo11n,yolo11s,yolo11x",yolo11n,2.0,False,False,0,0.11140334827554661,1.0,0.0,0.17111584544181824,0.9521327018737793,0.8599449396133423,"('mobilenet_v2,resnet50,yolo11l,yolo11m,yolo11n,yolo11s,yolo11x', 2.0)"
combination_538,"mobilenet_v2,resnet50,yolo11l,yolo11m,yolo11n,yolo11s,yolo11x",yolo11n,2.0,False,False,0,0.22408745768914098,0.9992616293379277,0.0,0.243938609957695,0.942902147769928,0.866424560546875,"('mobilenet_v2,resnet50,yolo11l,yolo11m,yolo11n,yolo11s,yolo11x', 2.0)"
combination_523,"mobilenet_v2,resnet50,yolo11l,yolo11m,yolo11n,yolo11s,yolo11x",yolo11n,2.0,False,False,0,0.4186259262647516,0.551070637460005,0.0,0.6951171159744263,0.8583837151527405,0.8779359459877014,"('mobilenet_v2,resnet50,yolo11l,yolo11m,yolo11n,yolo11s,yolo11x', 2.0)"
combination_502,"mobilenet_v2,resnet50,yolo11l,yolo11m,yolo11n,yolo11s,yolo11x",yolo11n,1.5,False,False,0,0.14036984480933398,0.7284571428571428,0.0,0.19789037108421326,0.9652987122535706,0.861289381980896,"('mobilenet_v2,resnet50,yolo11l,yolo11m,yolo11n,yolo11s,yolo11x', 1.5)"
combination_509,"mobilenet_v2,resnet50,yolo11l,yolo11m,yolo11n,yolo11s,yolo11x",yolo11n,1.5,False,False,0,0.20059913958150327,0.7263999999999999,0.0,0.3708678185939789,0.9580950140953064,0.8660434484481812,"('mobilenet_v2,resnet50,yolo11l,yolo11m,yolo11n,yolo11s,yolo11x', 1.5)"
combination_489,"mobilenet_v2,resnet50,yolo11l,yolo11m,yolo11n,yolo11s,yolo11x",yolo11n,1.0,False,False,0,0.16956024276191428,0.9993863148204971,0.0,0.24231785535812378,0.9507476091384888,0.8558104634284973,"('mobilenet_v2,resnet50,yolo11l,yolo11m,yolo11n,yolo11s,yolo11x', 1.0)"
combination_477,"mobilenet_v2,resnet50,yolo11l,yolo11m,yolo11n,yolo11s,yolo11x",yolo11n,1.0,False,False,0,0.11794846283951847,1.0,0.0,0.17862312495708466,0.9612661600112915,0.852682888507843,"('mobilenet_v2,resnet50,yolo11l,yolo11m,yolo11n,yolo11s,yolo11x', 1.0)"
combination_510,"mobilenet_v2,resnet50,yolo11l,yolo11m,yolo11n,yolo11s,yolo11x",yolo11n,1.5,False,False,0,0.3615109128995203,0.8050285714285713,0.0,0.49727392196655273,0.8248085975646973,0.8753726482391357,"('mobilenet_v2,resnet50,yolo11l,yolo11m,yolo11n,yolo11s,yolo11x', 1.5)"
combination_471,"mobilenet_v2,resnet50,yolo11l,yolo11m,yolo11n,yolo11s,yolo11x",yolo11n,1.0,False,False,0,0.09867177395284049,0.9886468241791962,0.0,0.17201724648475647,0.9590704441070557,0.8532586097717285,"('mobilenet_v2,resnet50,yolo11l,yolo11m,yolo11n,yolo11s,yolo11x', 1.0)"
combination_527,"mobilenet_v2,resnet50,yolo11l,yolo11m,yolo11n,yolo11s,yolo11x",yolo11n,2.0,False,False,0,0.26438569206842927,0.9977848880137828,0.0,0.4157179892063141,0.9616441130638123,0.8679725527763367,"('mobilenet_v2,resnet50,yolo11l,yolo11m,yolo11n,yolo11s,yolo11x', 2.0)"
combination_499,"mobilenet_v2,resnet50,yolo11l,yolo11m,yolo11n,yolo11s,yolo11x",yolo11n,1.5,False,False,0,0.39624298939117514,0.20731428571428573,0.0,0.6689760088920593,0.7574994564056396,0.877044141292572,"('mobilenet_v2,resnet50,yolo11l,yolo11m,yolo11n,yolo11s,yolo11x', 1.5)"
combination_512,"mobilenet_v2,resnet50,yolo11l,yolo11m,yolo11n,yolo11s,yolo11x",yolo11n,1.5,False,False,0,0.7059035520418048,0.04594285714285716,0.0,0.8160231709480286,0.6697213649749756,0.9135335683822632,"('mobilenet_v2,resnet50,yolo11l,yolo11m,yolo11n,yolo11s,yolo11x', 1.5)"
combination_496,"mobilenet_v2,resnet50,yolo11l,yolo11m,yolo11n,yolo11s,yolo11x",yolo11n,1.5,False,False,0,0.154897853458567,1.0,0.0,0.21346011757850647,0.941426694393158,0.861482560634613,"('mobilenet_v2,resnet50,yolo11l,yolo11m,yolo11n,yolo11s,yolo11x', 1.5)"
combination_492,"mobilenet_v2,resnet50,yolo11l,yolo11m,yolo11n,yolo11s,yolo11x",yolo11n,1.0,False,False,0,0.30986966470997906,0.6313286284136239,0.0,0.4877418577671051,0.7601731419563293,0.8764391541481018,"('mobilenet_v2,resnet50,yolo11l,yolo11m,yolo11n,yolo11s,yolo11x', 1.0)"
combination_494,"mobilenet_v2,resnet50,yolo11l,yolo11m,yolo11n,yolo11s,yolo11x",yolo11n,1.5,False,False,0,1.0,0.0,0.0,0.8644319176673889,0.032214462757110596,0.9156812429428101,"('mobilenet_v2,resnet50,yolo11l,yolo11m,yolo11n,yolo11s,yolo11x', 1.5)"
combination_478,"mobilenet_v2,resnet50,yolo11l,yolo11m,yolo11n,yolo11s,yolo11x",yolo11n,1.0,False,False,0,0.1485673067356482,0.8063823258668305,0.0,0.1952209323644638,0.9583284854888916,0.8617983460426331,"('mobilenet_v2,resnet50,yolo11l,yolo11m,yolo11n,yolo11s,yolo11x', 1.0)"
combination_498,"mobilenet_v2,resnet50,yolo11l,yolo11m,yolo11n,yolo11s,yolo11x",yolo11n,1.5,False,False,0,0.36270468725364324,0.5922285714285714,0.0,0.48508167266845703,0.7869545817375183,0.8749561905860901,"('mobilenet_v2,resnet50,yolo11l,yolo11m,yolo11n,yolo11s,yolo11x', 1.5)"
combination_484,"mobilenet_v2,resnet50,yolo11l,yolo11m,yolo11n,yolo11s,yolo11x",yolo11n,1.0,False,False,0,0.21604815441249625,0.7951825713409022,0.0,0.25167015194892883,0.9076083898544312,0.8649934530258179,"('mobilenet_v2,resnet50,yolo11l,yolo11m,yolo11n,yolo11s,yolo11x', 1.0)"
combination_81,"llama1b,qwen2_vl,resnet50,yolo11l",yolo11l,2.0,True,True,0,0.07580617930102988,1.0,0.4175257731958763,0.0794219821691513,1.0,0.45298418402671814,"('llama1b,qwen2_vl,resnet50,yolo11l', 2.0)"
combination_116,"llama1b,qwen2_vl,resnet50,yolo11x",yolo11x,3.0,True,True,2,1.0,0.17529518619436865,0.6592210767468499,0.9952713251113892,0.624857485294342,0.6801406741142273,"('llama1b,qwen2_vl,resnet50,yolo11x', 3.0)"
combination_111,"llama1b,qwen2_vl,resnet50,yolo11x",yolo11x,2.0,True,True,1,0.6431527283225867,0.5519323671497586,0.9893438025799216,0.6693536639213562,0.41877299547195435,0.9471040368080139,"('llama1b,qwen2_vl,resnet50,yolo11x', 2.0)"
combination_9,"llama1b,qwen2_vl,resnet50,yolo11n",yolo11n,2.0,True,True,1,0.10409081173698867,1.0,0.4149827501232134,0.1031213328242302,0.9674863219261169,0.4053966999053955,"('llama1b,qwen2_vl,resnet50,yolo11n', 2.0)"
combination_101,"llama1b,qwen2_vl,resnet50,yolo11x",yolo11x,1.0,True,True,2,0.1568733153638814,0.7000835421888054,0.8464114832535886,0.22161100804805756,0.6661317348480225,0.8985775709152222,"('llama1b,qwen2_vl,resnet50,yolo11x', 1.0)"
combination_66,"llama1b,qwen2_vl,resnet50,yolo11m",yolo11m,3.0,True,True,2,0.34088730061884426,1.0,0.4991825613079019,0.36082735657691956,1.0,0.47855764627456665,"('llama1b,qwen2_vl,resnet50,yolo11m', 3.0)"
combination_97,"llama1b,qwen2_vl,resnet50,yolo11x",yolo11x,1.0,True,True,2,0.0922911051212938,1.0,0.40047846889952154,0.10491795092821121,0.885110080242157,0.42409953474998474,"('llama1b,qwen2_vl,resnet50,yolo11x', 1.0)"
combination_120,"llama1b,qwen2_vl,resnet50,yolo11x",yolo11x,3.0,True,True,2,0.5758952149572198,0.0,0.9936998854524628,0.6625741124153137,0.026768427342176437,1.0,"('llama1b,qwen2_vl,resnet50,yolo11x', 3.0)"
combination_41,"llama1b,qwen2_vl,resnet50,yolo11s",yolo11s,3.0,True,True,1,0.09656529223706861,1.0,0.4244306418219461,0.09920910745859146,0.9980220794677734,0.45527446269989014,"('llama1b,qwen2_vl,resnet50,yolo11s', 3.0)"
combination_90,"llama1b,qwen2_vl,resnet50,yolo11l",yolo11l,3.0,True,True,0,0.3466582255584697,1.0,0.49285714285714294,0.39348599314689636,0.7247301340103149,0.49830764532089233,"('llama1b,qwen2_vl,resnet50,yolo11l', 3.0)"
combination_87,"llama1b,qwen2_vl,resnet50,yolo11l",yolo11l,2.0,True,True,0,0.5963194327199054,0.39432336543335006,0.9082474226804125,0.6296336650848389,0.4431733191013336,0.9621014595031738,"('llama1b,qwen2_vl,resnet50,yolo11l', 2.0)"
combination_92,"llama1b,qwen2_vl,resnet50,yolo11l",yolo11l,3.0,True,True,0,1.0,0.6332752613240417,0.6494505494505495,0.998167097568512,0.39283227920532227,0.6486269235610962,"('llama1b,qwen2_vl,resnet50,yolo11l', 3.0)"
combination_60,"llama1b,qwen2_vl,resnet50,yolo11m",yolo11m,2.0,True,True,1,1.0,0.2184079601990047,0.6037544393708777,1.0,0.20666106045246124,0.6153331398963928,"('llama1b,qwen2_vl,resnet50,yolo11m', 2.0)"
combination_73,"llama1b,qwen2_vl,resnet50,yolo11l",yolo11l,1.0,True,True,1,0.08949771689497718,1.0,0.3905579399141631,0.07316139340400696,0.9770912528038025,0.39871156215667725,"('llama1b,qwen2_vl,resnet50,yolo11l', 1.0)"
combination_71,"llama1b,qwen2_vl,resnet50,yolo11m",yolo11m,3.0,True,True,2,0.5363026235509457,0.3577512776831341,0.9220708446866486,0.6000240445137024,0.29813697934150696,0.9449642300605774,"('llama1b,qwen2_vl,resnet50,yolo11m', 3.0)"
combination_57,"llama1b,qwen2_vl,resnet50,yolo11m",yolo11m,2.0,True,True,1,0.0775051975051975,1.0,0.41653982749873164,0.08494468778371811,1.0,0.41622394323349,"('llama1b,qwen2_vl,resnet50,yolo11m', 2.0)"
combination_14,"llama1b,qwen2_vl,resnet50,yolo11n",yolo11n,2.0,True,True,1,0.6882273149139716,0.31972789115646283,0.900936421882701,0.6790223121643066,0.4237369894981384,0.9014779925346375,"('llama1b,qwen2_vl,resnet50,yolo11n', 2.0)"
combination_46,"llama1b,qwen2_vl,resnet50,yolo11s",yolo11s,3.0,True,True,1,0.7594065087302238,0.21171634121274463,0.8980331262939959,0.669650137424469,0.33750009536743164,0.9169928431510925,"('llama1b,qwen2_vl,resnet50,yolo11s', 3.0)"
combination_94,"llama1b,qwen2_vl,resnet50,yolo11l",yolo11l,3.0,True,True,0,0.8302432847969611,0.36149825783972106,0.9065934065934066,0.9152063727378845,0.23740608990192413,0.9135215878486633,"('llama1b,qwen2_vl,resnet50,yolo11l', 3.0)"
combination_61,"llama1b,qwen2_vl,resnet50,yolo11m",yolo11m,2.0,True,True,1,0.11991683991683992,0.5024875621890548,0.8807711821410451,0.12479743361473083,0.5066675543785095,0.8585029244422913,"('llama1b,qwen2_vl,resnet50,yolo11m', 2.0)"
combination_1,"llama1b,qwen2_vl,resnet50,yolo11n",yolo11n,1.0,True,True,2,0.10052832403874376,1.0,0.38520523229589526,0.12820209562778473,0.9869856834411621,0.36822882294654846,"('llama1b,qwen2_vl,resnet50,yolo11n', 1.0)"
combination_80,"llama1b,qwen2_vl,resnet50,yolo11l",yolo11l,1.0,True,True,1,0.7602232369355657,0.0,1.0,0.723652184009552,0.0,1.0,"('llama1b,qwen2_vl,resnet50,yolo11l', 1.0)"
combination_65,"llama1b,qwen2_vl,resnet50,yolo11m",yolo11m,3.0,True,True,2,0.07905517301490457,1.0,0.4626702997275204,0.08697193115949631,0.9974038600921631,0.44501882791519165,"('llama1b,qwen2_vl,resnet50,yolo11m', 3.0)"
combination_25,"llama1b,qwen2_vl,resnet50,yolo11s",yolo11s,1.0,True,True,1,0.0902236529989834,1.0,0.3712389380530973,0.09677086025476456,0.9870578646659851,0.39306604862213135,"('llama1b,qwen2_vl,resnet50,yolo11s', 1.0)"
combination_56,"llama1b,qwen2_vl,resnet50,yolo11m",yolo11m,1.0,True,True,2,0.7809872390938768,0.0,1.0,0.7632374167442322,0.0,1.0,"('llama1b,qwen2_vl,resnet50,yolo11m', 1.0)"
combination_109,"llama1b,qwen2_vl,resnet50,yolo11x",yolo11x,2.0,True,True,1,0.13425079395630835,0.5974235104669887,0.941671340437465,0.14572590589523315,0.5495685338973999,0.8833087682723999,"('llama1b,qwen2_vl,resnet50,yolo11x', 2.0)"
combination_107,"llama1b,qwen2_vl,resnet50,yolo11x",yolo11x,2.0,True,True,1,0.7828890385910883,0.8904991948470209,0.514301738642737,0.709143340587616,0.9087695479393005,0.47237759828567505,"('llama1b,qwen2_vl,resnet50,yolo11x', 2.0)"
combination_117,"llama1b,qwen2_vl,resnet50,yolo11x",yolo11x,3.0,True,True,2,0.14175557198690186,0.30336058128973653,0.9352806414662084,0.16729383170604706,0.3363170027732849,0.9453647136688232,"('llama1b,qwen2_vl,resnet50,yolo11x', 3.0)"
combination_100,"llama1b,qwen2_vl,resnet50,yolo11x",yolo11x,1.0,True,True,2,0.9402695417789757,0.07456140350877206,0.60622009569378,0.9651536345481873,0.059177398681640625,0.6660022139549255,"('llama1b,qwen2_vl,resnet50,yolo11x', 1.0)"
combination_52,"llama1b,qwen2_vl,resnet50,yolo11m",yolo11m,1.0,True,True,2,0.9790285883865861,0.03403403403403417,0.6116870876531575,0.9785981178283691,0.0034566596150398254,0.5840755105018616,"('llama1b,qwen2_vl,resnet50,yolo11m', 1.0)"
combination_112,"llama1b,qwen2_vl,resnet50,yolo11x",yolo11x,2.0,True,True,1,0.6938696949283032,0.05555555555555526,1.0,0.728295087814331,0.07134417444467545,0.9969160556793213,"('llama1b,qwen2_vl,resnet50,yolo11x', 2.0)"
combination_72,"llama1b,qwen2_vl,resnet50,yolo11m",yolo11m,3.0,True,True,2,0.6114355443214504,0.0,1.0,0.607210636138916,0.0,1.0,"('llama1b,qwen2_vl,resnet50,yolo11m', 3.0)"
combination_22,"llama1b,qwen2_vl,resnet50,yolo11n",yolo11n,3.0,True,True,1,0.7633818955639221,0.20846233230134156,0.8727644353602452,0.6488063335418701,0.3483538329601288,0.9122825264930725,"('llama1b,qwen2_vl,resnet50,yolo11n', 3.0)"
combination_108,"llama1b,qwen2_vl,resnet50,yolo11x",yolo11x,2.0,True,True,1,1.0,0.3011272141706924,0.6814357823892317,0.9709972143173218,0.1289767175912857,0.6145910024642944,"('llama1b,qwen2_vl,resnet50,yolo11x', 2.0)"
combination_2,"llama1b,qwen2_vl,resnet50,yolo11n",yolo11n,1.0,True,True,2,0.3700469621367773,0.9794091316025066,0.4190347316193053,0.40152886509895325,0.93760746717453,0.4034850001335144,"('llama1b,qwen2_vl,resnet50,yolo11n', 1.0)"
combination_70,"llama1b,qwen2_vl,resnet50,yolo11m",yolo11m,3.0,True,True,2,0.7994421685696854,0.34667802385008495,0.9237057220708446,0.7951443195343018,0.36720776557922363,0.8878308534622192,"('llama1b,qwen2_vl,resnet50,yolo11m', 3.0)"
combination_40,"llama1b,qwen2_vl,resnet50,yolo11s",yolo11s,2.0,True,True,1,0.7074834869710388,0.0,1.0,0.7405605912208557,0.0,0.99980628490448,"('llama1b,qwen2_vl,resnet50,yolo11s', 2.0)"
combination_6,"llama1b,qwen2_vl,resnet50,yolo11n",yolo11n,1.0,True,True,2,0.7679043146463165,0.498358698895852,0.8962562020748759,0.850529134273529,0.46631771326065063,0.8616253137588501,"('llama1b,qwen2_vl,resnet50,yolo11n', 1.0)"
combination_64,"llama1b,qwen2_vl,resnet50,yolo11m",yolo11m,2.0,True,True,1,0.708024948024948,0.0,1.0,0.730556309223175,0.01602497696876526,0.9987136721611023,"('llama1b,qwen2_vl,resnet50,yolo11m', 2.0)"
combination_29,"llama1b,qwen2_vl,resnet50,yolo11s",yolo11s,1.0,True,True,1,0.15757370382921043,0.5778215592457079,0.781858407079646,0.14981867372989655,0.571387529373169,0.7521206736564636,"('llama1b,qwen2_vl,resnet50,yolo11s', 1.0)"
combination_93,"llama1b,qwen2_vl,resnet50,yolo11l",yolo11l,3.0,True,True,0,0.12028579180609567,0.33188153310104546,0.9142857142857144,0.13090550899505615,0.329106867313385,0.9090173244476318,"('llama1b,qwen2_vl,resnet50,yolo11l', 3.0)"
combination_119,"llama1b,qwen2_vl,resnet50,yolo11x",yolo11x,3.0,True,True,2,0.566282877363473,0.2915531335149866,1.0,0.5749452114105225,0.47010529041290283,0.9897822141647339,"('llama1b,qwen2_vl,resnet50,yolo11x', 3.0)"
combination_39,"llama1b,qwen2_vl,resnet50,yolo11s",yolo11s,2.0,True,True,1,0.6273499310444944,0.26054590570719627,0.9148406374501993,0.7079074382781982,0.35683444142341614,0.8543055653572083,"('llama1b,qwen2_vl,resnet50,yolo11s', 2.0)"
combination_51,"llama1b,qwen2_vl,resnet50,yolo11m",yolo11m,1.0,True,True,2,0.7988920763675933,0.7532532532532532,0.43590951932139493,0.765232264995575,0.7403680682182312,0.4221130311489105,"('llama1b,qwen2_vl,resnet50,yolo11m', 1.0)"
combination_47,"llama1b,qwen2_vl,resnet50,yolo11s",yolo11s,3.0,True,True,1,0.6238216247233379,0.1829393627954782,0.8897515527950312,0.6615889072418213,0.2845272719860077,0.861942708492279,"('llama1b,qwen2_vl,resnet50,yolo11s', 3.0)"
combination_50,"llama1b,qwen2_vl,resnet50,yolo11m",yolo11m,1.0,True,True,2,0.3514689880304679,0.5805805805805805,0.4278982092365693,0.3714112341403961,0.6784433722496033,0.41948848962783813,"('llama1b,qwen2_vl,resnet50,yolo11m', 1.0)"
combination_74,"llama1b,qwen2_vl,resnet50,yolo11l",yolo11l,1.0,True,True,1,0.3189244038559107,0.5007274490785646,0.4320457796852647,0.3269525468349457,0.5264764428138733,0.42875567078590393,"('llama1b,qwen2_vl,resnet50,yolo11l', 1.0)"
combination_67,"llama1b,qwen2_vl,resnet50,yolo11m",yolo11m,3.0,True,True,2,0.6590255382201692,0.9173764906303233,0.4986376021798365,0.6707816123962402,0.9047297835350037,0.4899611175060272,"('llama1b,qwen2_vl,resnet50,yolo11m', 3.0)"
combination_23,"llama1b,qwen2_vl,resnet50,yolo11n",yolo11n,3.0,True,True,1,0.7608446554264201,0.1723426212590293,0.8742973939703628,0.6506860256195068,0.3329337537288666,0.8890184760093689,"('llama1b,qwen2_vl,resnet50,yolo11n', 3.0)"
combination_49,"llama1b,qwen2_vl,resnet50,yolo11m",yolo11m,1.0,True,True,2,0.09061232565041052,1.0,0.39773798303487273,0.09777167439460754,1.0,0.3825913071632385,"('llama1b,qwen2_vl,resnet50,yolo11m', 1.0)"
combination_63,"llama1b,qwen2_vl,resnet50,yolo11m",yolo11m,2.0,True,True,1,0.6062370062370063,0.4263681592039802,0.9411466260781329,0.6520618796348572,0.40336108207702637,0.9100461602210999,"('llama1b,qwen2_vl,resnet50,yolo11m', 2.0)"
combination_84,"llama1b,qwen2_vl,resnet50,yolo11l",yolo11l,2.0,True,True,0,1.0,0.16877850988342621,0.6206185567010309,1.0,0.2803831100463867,0.6456649899482727,"('llama1b,qwen2_vl,resnet50,yolo11l', 2.0)"
combination_45,"llama1b,qwen2_vl,resnet50,yolo11s",yolo11s,3.0,True,True,1,0.14058529387654722,0.21171634121274463,0.8674948240165632,0.1254914253950119,0.47154903411865234,0.8148260712623596,"('llama1b,qwen2_vl,resnet50,yolo11s', 3.0)"
combination_34,"llama1b,qwen2_vl,resnet50,yolo11s",yolo11s,2.0,True,True,1,0.32075197793423826,1.0,0.45517928286852594,0.36483344435691833,0.9013820290565491,0.4650525450706482,"('llama1b,qwen2_vl,resnet50,yolo11s', 2.0)"
combination_105,"llama1b,qwen2_vl,resnet50,yolo11x",yolo11x,2.0,True,True,1,0.08401501299201232,1.0,0.47055524397083576,0.0929056853055954,1.0,0.4189186990261078,"('llama1b,qwen2_vl,resnet50,yolo11x', 2.0)"
combination_35,"llama1b,qwen2_vl,resnet50,yolo11s",yolo11s,2.0,True,True,1,0.633592218915584,0.8300248138957818,0.43725099601593626,0.5869652628898621,0.7736424207687378,0.45550304651260376,"('llama1b,qwen2_vl,resnet50,yolo11s', 2.0)"
combination_103,"llama1b,qwen2_vl,resnet50,yolo11x",yolo11x,1.0,True,True,2,0.8211320754716982,0.5336257309941521,0.9377990430622011,0.8525625467300415,0.5360778570175171,0.9833970665931702,"('llama1b,qwen2_vl,resnet50,yolo11x', 1.0)"
combination_4,"llama1b,qwen2_vl,resnet50,yolo11n",yolo11n,1.0,True,True,2,1.0,0.5580423754103253,0.5250338294993234,1.0,0.10296887904405594,0.5281962752342224,"('llama1b,qwen2_vl,resnet50,yolo11n', 1.0)"
combination_33,"llama1b,qwen2_vl,resnet50,yolo11s",yolo11s,2.0,True,True,1,0.07686724250562532,1.0,0.4133466135458168,0.09845604747533798,0.9849026799201965,0.4088878631591797,"('llama1b,qwen2_vl,resnet50,yolo11s', 2.0)"
combination_18,"llama1b,qwen2_vl,resnet50,yolo11n",yolo11n,3.0,True,True,1,0.34580127680471434,1.0,0.46142054164537555,0.3878161609172821,1.0,0.492066890001297,"('llama1b,qwen2_vl,resnet50,yolo11n', 3.0)"
combination_118,"llama1b,qwen2_vl,resnet50,yolo11x",yolo11x,3.0,True,True,2,0.9682053448822224,0.18891916439600304,0.911225658648339,0.770464301109314,0.15881654620170593,0.9416412115097046,"('llama1b,qwen2_vl,resnet50,yolo11x', 3.0)"
combination_75,"llama1b,qwen2_vl,resnet50,yolo11l",yolo11l,1.0,True,True,1,0.8250634195839676,0.7390882638215324,0.4287076776347163,0.8036932945251465,0.740068793296814,0.4380326569080353,"('llama1b,qwen2_vl,resnet50,yolo11l', 1.0)"
combination_114,"llama1b,qwen2_vl,resnet50,yolo11x",yolo11x,3.0,True,True,2,0.363261856976867,0.6294277929155317,0.4988545246277205,0.29630959033966064,0.8139091730117798,0.5081884264945984,"('llama1b,qwen2_vl,resnet50,yolo11x', 3.0)"
combination_104,"llama1b,qwen2_vl,resnet50,yolo11x",yolo11x,1.0,True,True,2,0.7230188679245283,0.0,1.0,0.7558664679527283,0.0,1.0,"('llama1b,qwen2_vl,resnet50,yolo11x', 1.0)"
combination_99,"llama1b,qwen2_vl,resnet50,yolo11x",yolo11x,1.0,True,True,2,0.8511051212938006,0.8082706766917294,0.4354066985645933,0.7883703708648682,0.706210732460022,0.4660142958164215,"('llama1b,qwen2_vl,resnet50,yolo11x', 1.0)"
combination_58,"llama1b,qwen2_vl,resnet50,yolo11m",yolo11m,2.0,True,True,1,0.3523492723492724,0.8686567164179105,0.45662100456621,0.3323259651660919,0.709812581539154,0.46610450744628906,"('llama1b,qwen2_vl,resnet50,yolo11m', 2.0)"
combination_12,"llama1b,qwen2_vl,resnet50,yolo11n",yolo11n,2.0,True,True,1,1.0,0.6809523809523806,0.5672745194677181,1.0,0.5393449664115906,0.5422786474227905,"('llama1b,qwen2_vl,resnet50,yolo11n', 2.0)"
combination_91,"llama1b,qwen2_vl,resnet50,yolo11l",yolo11l,3.0,True,True,0,0.6822827168309668,0.9250871080139368,0.5027472527472527,0.7322359085083008,0.9195266962051392,0.4963427484035492,"('llama1b,qwen2_vl,resnet50,yolo11l', 3.0)"
combination_48,"llama1b,qwen2_vl,resnet50,yolo11s",yolo11s,3.0,True,True,1,0.5944749569636856,0.0,1.0,0.632283627986908,0.050951480865478516,0.9946518540382385,"('llama1b,qwen2_vl,resnet50,yolo11s', 3.0)"
combination_11,"llama1b,qwen2_vl,resnet50,yolo11n",yolo11n,2.0,True,True,1,0.658527878917684,0.8231292517006802,0.4588467225234106,0.5440294742584229,0.826580822467804,0.4480244815349579,"('llama1b,qwen2_vl,resnet50,yolo11n', 2.0)"
combination_86,"llama1b,qwen2_vl,resnet50,yolo11l",yolo11l,2.0,True,True,0,0.8010298835049805,0.368981246832235,0.920618556701031,0.8679500818252563,0.16488923132419586,0.9292359948158264,"('llama1b,qwen2_vl,resnet50,yolo11l', 2.0)"
combination_8,"llama1b,qwen2_vl,resnet50,yolo11n",yolo11n,1.0,True,True,2,0.8053272673906663,0.0,1.0,0.7835883498191833,0.0,0.9954195618629456,"('llama1b,qwen2_vl,resnet50,yolo11n', 1.0)"
combination_62,"llama1b,qwen2_vl,resnet50,yolo11m",yolo11m,2.0,True,True,1,0.7941787941787942,0.46318407960198993,0.8939624556062913,0.7986564636230469,0.3728915750980377,0.9143838882446289,"('llama1b,qwen2_vl,resnet50,yolo11m', 2.0)"
combination_95,"llama1b,qwen2_vl,resnet50,yolo11l",yolo11l,3.0,True,True,0,0.5526815591932712,0.314459930313589,0.9516483516483517,0.5718379616737366,0.29858630895614624,0.9484882950782776,"('llama1b,qwen2_vl,resnet50,yolo11l', 3.0)"
combination_37,"llama1b,qwen2_vl,resnet50,yolo11s",yolo11s,2.0,True,True,1,0.12557160484866084,0.37965260545905727,0.848605577689243,0.1319981813430786,0.5467847585678101,0.7790613174438477,"('llama1b,qwen2_vl,resnet50,yolo11s', 2.0)"
combination_98,"llama1b,qwen2_vl,resnet50,yolo11x",yolo11x,1.0,True,True,2,0.2794609164420485,0.4878863826232248,0.43157894736842106,0.2999010980129242,0.3622473478317261,0.4590834379196167,"('llama1b,qwen2_vl,resnet50,yolo11x', 1.0)"
combination_55,"llama1b,qwen2_vl,resnet50,yolo11m",yolo11m,1.0,True,True,2,0.8265901671777623,0.4639639639639639,0.9198868991517437,0.8105849027633667,0.43162456154823303,0.9227409958839417,"('llama1b,qwen2_vl,resnet50,yolo11m', 1.0)"
combination_20,"llama1b,qwen2_vl,resnet50,yolo11n",yolo11n,3.0,True,True,1,1.0,0.8194014447884421,0.6080735820132857,0.9840009808540344,0.7888463735580444,0.54739910364151,"('llama1b,qwen2_vl,resnet50,yolo11n', 3.0)"
combination_76,"llama1b,qwen2_vl,resnet50,yolo11l",yolo11l,1.0,True,True,1,0.9559614408929479,0.011396702230843932,0.614687649022413,0.9615415334701538,0.07305114716291428,0.6128766536712646,"('llama1b,qwen2_vl,resnet50,yolo11l', 1.0)"
combination_3,"llama1b,qwen2_vl,resnet50,yolo11n",yolo11n,1.0,True,True,2,0.6599647783974171,0.6920322291853177,0.42038791159224176,0.674331784248352,0.758144199848175,0.411470890045166,"('llama1b,qwen2_vl,resnet50,yolo11n', 1.0)"
combination_15,"llama1b,qwen2_vl,resnet50,yolo11n",yolo11n,2.0,True,True,1,0.7421289355322338,0.21904761904761907,0.917200591424347,0.7267717123031616,0.3685648739337921,0.8788549304008484,"('llama1b,qwen2_vl,resnet50,yolo11n', 2.0)"
combination_88,"llama1b,qwen2_vl,resnet50,yolo11l",yolo11l,2.0,True,True,0,0.6909505318250886,0.0,1.0,0.7175029516220093,0.03803687170147896,1.0,"('llama1b,qwen2_vl,resnet50,yolo11l', 2.0)"
combination_21,"llama1b,qwen2_vl,resnet50,yolo11n",yolo11n,3.0,True,True,1,0.18456375838926173,0.20846233230134156,0.8502810424118549,0.16483065485954285,0.4626621901988983,0.8456348776817322,"('llama1b,qwen2_vl,resnet50,yolo11n', 3.0)"
combination_7,"llama1b,qwen2_vl,resnet50,yolo11n",yolo11n,1.0,True,True,2,0.8495744056354564,0.3303491495076097,0.8718989625620206,0.851901113986969,0.37547767162323,0.8701658844947815,"('llama1b,qwen2_vl,resnet50,yolo11n', 1.0)"
combination_69,"llama1b,qwen2_vl,resnet50,yolo11m",yolo11m,3.0,True,True,2,0.12211278654231675,0.34667802385008495,0.9046321525885559,0.1221233382821083,0.30730265378952026,0.9076705574989319,"('llama1b,qwen2_vl,resnet50,yolo11m', 3.0)"
combination_113,"llama1b,qwen2_vl,resnet50,yolo11x",yolo11x,3.0,True,True,2,0.09379951410161615,1.0,0.46506300114547533,0.09199120104312897,0.9587469696998596,0.48168304562568665,"('llama1b,qwen2_vl,resnet50,yolo11x', 3.0)"
combination_85,"llama1b,qwen2_vl,resnet50,yolo11l",yolo11l,2.0,True,True,0,0.1174236029039338,0.49315762797769913,0.8644329896907217,0.12165234237909317,0.5609399676322937,0.9123038649559021,"('llama1b,qwen2_vl,resnet50,yolo11l', 2.0)"
combination_38,"llama1b,qwen2_vl,resnet50,yolo11s",yolo11s,2.0,True,True,1,0.7006605211584526,0.37965260545905727,0.8789840637450199,0.7186965346336365,0.4021419286727905,0.9060565233230591,"('llama1b,qwen2_vl,resnet50,yolo11s', 2.0)"
combination_54,"llama1b,qwen2_vl,resnet50,yolo11m",yolo11m,1.0,True,True,2,1.0,0.17692692692692685,0.9024505183788878,0.9588605761528015,0.24678874015808105,0.8753662109375,"('llama1b,qwen2_vl,resnet50,yolo11m', 1.0)"
combination_43,"llama1b,qwen2_vl,resnet50,yolo11s",yolo11s,3.0,True,True,1,0.643249446675957,0.9095580678314489,0.47567287784679085,0.5731974840164185,0.8834815621376038,0.49123045802116394,"('llama1b,qwen2_vl,resnet50,yolo11s', 3.0)"
combination_53,"llama1b,qwen2_vl,resnet50,yolo11m",yolo11m,1.0,True,True,2,0.1527351864675042,0.6246246246246246,0.827521206409048,0.1417868733406067,0.6587037444114685,0.8376909494400024,"('llama1b,qwen2_vl,resnet50,yolo11m', 1.0)"
combination_36,"llama1b,qwen2_vl,resnet50,yolo11s",yolo11s,2.0,True,True,1,1.0,0.6575682382133994,0.5732071713147411,1.0,0.40834543108940125,0.5505003929138184,"('llama1b,qwen2_vl,resnet50,yolo11s', 2.0)"
combination_32,"llama1b,qwen2_vl,resnet50,yolo11s",yolo11s,1.0,True,True,1,0.792189088444595,0.0,1.0,0.761393666267395,0.0,1.0,"('llama1b,qwen2_vl,resnet50,yolo11s', 1.0)"
combination_13,"llama1b,qwen2_vl,resnet50,yolo11n",yolo11n,2.0,True,True,1,0.16734489897908192,0.31972789115646283,0.8477082306554953,0.1685740053653717,0.5578149557113647,0.8106827735900879,"('llama1b,qwen2_vl,resnet50,yolo11n', 2.0)"
combination_89,"llama1b,qwen2_vl,resnet50,yolo11l",yolo11l,3.0,True,True,0,0.07705525911187482,1.0,0.45989010989010987,0.0909772738814354,1.0,0.4568477272987366,"('llama1b,qwen2_vl,resnet50,yolo11l', 3.0)"
combination_96,"llama1b,qwen2_vl,resnet50,yolo11l",yolo11l,3.0,True,True,0,0.580989418467939,0.0,1.0,0.6034767627716064,0.009893033653497696,0.9937625527381897,"('llama1b,qwen2_vl,resnet50,yolo11l', 3.0)"
combination_79,"llama1b,qwen2_vl,resnet50,yolo11l",yolo11l,1.0,True,True,1,0.8177574835109083,0.4267701260911735,0.9351454458750597,0.7826651334762573,0.46787029504776,0.921075165271759,"('llama1b,qwen2_vl,resnet50,yolo11l', 1.0)"
combination_106,"llama1b,qwen2_vl,resnet50,yolo11x",yolo11x,2.0,True,True,1,0.2898662303916851,0.3929146537842187,0.49130678631519914,0.30925247073173523,0.5713160634040833,0.46715351939201355,"('llama1b,qwen2_vl,resnet50,yolo11x', 2.0)"
combination_78,"llama1b,qwen2_vl,resnet50,yolo11l",yolo11l,1.0,True,True,1,1.0,0.11299709020368569,0.9022412970910826,0.9599041938781738,0.1882404088973999,0.9018128514289856,"('llama1b,qwen2_vl,resnet50,yolo11l', 1.0)"
combination_27,"llama1b,qwen2_vl,resnet50,yolo11s",yolo11s,1.0,True,True,1,0.7128092172145035,0.7126372079932449,0.4079646017699115,0.5999854803085327,0.652328610420227,0.4272134602069855,"('llama1b,qwen2_vl,resnet50,yolo11s', 1.0)"
combination_19,"llama1b,qwen2_vl,resnet50,yolo11n",yolo11n,3.0,True,True,1,0.6928302504501556,0.9050567595459238,0.4665304036791007,0.5382692217826843,0.9321868419647217,0.4841623306274414,"('llama1b,qwen2_vl,resnet50,yolo11n', 3.0)"
combination_68,"llama1b,qwen2_vl,resnet50,yolo11m",yolo11m,3.0,True,True,2,1.0,0.7862010221465074,0.6435967302452316,0.9959951639175415,0.6432435512542725,0.6255204081535339,"('llama1b,qwen2_vl,resnet50,yolo11m', 3.0)"
combination_82,"llama1b,qwen2_vl,resnet50,yolo11l",yolo11l,2.0,True,True,0,0.3280432213405369,0.6117587430309175,0.470618556701031,0.3408852517604828,0.5189496874809265,0.4879642128944397,"('llama1b,qwen2_vl,resnet50,yolo11l', 2.0)"
combination_42,"llama1b,qwen2_vl,resnet50,yolo11s",yolo11s,3.0,True,True,1,0.34010984506926795,1.0,0.4725672877846791,0.37423089146614075,1.0,0.5008227229118347,"('llama1b,qwen2_vl,resnet50,yolo11s', 3.0)"
combination_17,"llama1b,qwen2_vl,resnet50,yolo11n",yolo11n,3.0,True,True,1,0.11597642822065804,1.0,0.40981093510475214,0.1080777645111084,0.9932443499565125,0.4514337182044983,"('llama1b,qwen2_vl,resnet50,yolo11n', 3.0)"
combination_83,"llama1b,qwen2_vl,resnet50,yolo11l",yolo11l,2.0,True,True,0,0.6955090325848388,0.8717688798783579,0.47113402061855675,0.7505677938461304,0.8913867473602295,0.48287758231163025,"('llama1b,qwen2_vl,resnet50,yolo11l', 2.0)"
combination_5,"llama1b,qwen2_vl,resnet50,yolo11n",yolo11n,1.0,True,True,2,0.18234517170531261,0.5523724261414503,0.78574650428507,0.2201707810163498,0.572128176689148,0.7842028737068176,"('llama1b,qwen2_vl,resnet50,yolo11n', 1.0)"
combination_59,"llama1b,qwen2_vl,resnet50,yolo11m",yolo11m,2.0,True,True,1,0.6844074844074846,0.8716417910447759,0.4586504312531709,0.6553724408149719,0.8581086993217468,0.46268144249916077,"('llama1b,qwen2_vl,resnet50,yolo11m', 2.0)"
combination_31,"llama1b,qwen2_vl,resnet50,yolo11s",yolo11s,1.0,True,True,1,0.8154015587936292,0.35294117647058837,0.8721238938053097,0.8424000144004822,0.3597477972507477,0.8499082326889038,"('llama1b,qwen2_vl,resnet50,yolo11s', 1.0)"
combination_44,"llama1b,qwen2_vl,resnet50,yolo11s",yolo11s,3.0,True,True,1,1.0,0.8335046248715315,0.613871635610766,0.9840853810310364,0.7653299570083618,0.5637521743774414,"('llama1b,qwen2_vl,resnet50,yolo11s', 3.0)"
combination_102,"llama1b,qwen2_vl,resnet50,yolo11x",yolo11x,1.0,True,True,2,1.0,0.14264828738512955,0.8985645933014356,0.9452508687973022,0.03204108402132988,0.9326663613319397,"('llama1b,qwen2_vl,resnet50,yolo11x', 1.0)"
combination_110,"llama1b,qwen2_vl,resnet50,yolo11x",yolo11x,2.0,True,True,1,0.8857665287267827,0.0,0.9579360628154795,0.8525108098983765,0.3268210291862488,0.9147652387619019,"('llama1b,qwen2_vl,resnet50,yolo11x', 2.0)"
combination_28,"llama1b,qwen2_vl,resnet50,yolo11s",yolo11s,1.0,True,True,1,1.0,0.07711792851111729,0.5336283185840708,0.9854257702827454,0.29067331552505493,0.5439836382865906,"('llama1b,qwen2_vl,resnet50,yolo11s', 1.0)"
combination_24,"llama1b,qwen2_vl,resnet50,yolo11n",yolo11n,3.0,True,True,1,0.5925683417908004,0.0,1.0,0.6804227232933044,0.033424001187086105,0.9945265054702759,"('llama1b,qwen2_vl,resnet50,yolo11n', 3.0)"
combination_26,"llama1b,qwen2_vl,resnet50,yolo11s",yolo11s,1.0,True,True,1,0.4092680447305998,0.9563748944553896,0.40575221238938053,0.3844316005706787,0.8334958553314209,0.42882588505744934,"('llama1b,qwen2_vl,resnet50,yolo11s', 1.0)"
combination_77,"llama1b,qwen2_vl,resnet50,yolo11l",yolo11l,1.0,True,True,1,0.15190258751902588,0.6605237633365664,0.844539818788746,0.11329302191734314,0.6176453232765198,0.8336525559425354,"('llama1b,qwen2_vl,resnet50,yolo11l', 1.0)"
combination_115,"llama1b,qwen2_vl,resnet50,yolo11x",yolo11x,3.0,True,True,2,0.781134467096229,0.9173478655767484,0.5223367697594501,0.6661627888679504,0.9404850006103516,0.5327574014663696,"('llama1b,qwen2_vl,resnet50,yolo11x', 3.0)"
combination_10,"llama1b,qwen2_vl,resnet50,yolo11n",yolo11n,2.0,True,True,1,0.32283858070964516,1.0,0.4553967471660917,0.37720581889152527,0.9481366276741028,0.4564691483974457,"('llama1b,qwen2_vl,resnet50,yolo11n', 2.0)"
combination_30,"llama1b,qwen2_vl,resnet50,yolo11s",yolo11s,1.0,True,True,1,0.8973229413758047,0.515902054601745,0.8694690265486724,0.8626000881195068,0.3962436616420746,0.8967515826225281,"('llama1b,qwen2_vl,resnet50,yolo11s', 1.0)"
combination_16,"llama1b,qwen2_vl,resnet50,yolo11n",yolo11n,2.0,True,True,1,0.7133576069108304,0.0,1.0,0.7742769122123718,0.0,0.9981110692024231,"('llama1b,qwen2_vl,resnet50,yolo11n', 2.0)"
combination_312,"llama1b,mobilenet_v2,qwen2_vl,resnet50,yolo11l,yolo11m,yolo11s",yolo11s,1.5,True,True,2,0.3003178421097844,0.9483178937103849,0.42591549295774644,0.31200677156448364,0.7641257643699646,0.42239293456077576,"('llama1b,mobilenet_v2,qwen2_vl,resnet50,yolo11l,yolo11m,yolo11s', 1.5)"
combination_337,"llama1b,mobilenet_v2,qwen2_vl,resnet50,yolo11l,yolo11m,yolo11s",yolo11s,2.0,True,True,2,0.4117699351053427,0.9944267515923564,0.45395894428152495,0.4240829646587372,0.9154821634292603,0.4459224343299866,"('llama1b,mobilenet_v2,qwen2_vl,resnet50,yolo11l,yolo11m,yolo11s', 2.0)"
combination_347,"llama1b,mobilenet_v2,qwen2_vl,resnet50,yolo11l,yolo11m,yolo11s",yolo11s,2.0,True,True,2,0.3025157791803716,1.0,0.46275659824046916,0.32025429606437683,0.8433860540390015,0.44073256850242615,"('llama1b,mobilenet_v2,qwen2_vl,resnet50,yolo11l,yolo11m,yolo11s', 2.0)"
combination_348,"llama1b,mobilenet_v2,qwen2_vl,resnet50,yolo11l,yolo11m,yolo11s",yolo11s,2.0,True,True,2,0.4772868699439951,0.9601910828025477,0.4686217008797654,0.4753190279006958,0.6620556712150574,0.42746344208717346,"('llama1b,mobilenet_v2,qwen2_vl,resnet50,yolo11l,yolo11m,yolo11s', 2.0)"
combination_338,"llama1b,mobilenet_v2,qwen2_vl,resnet50,yolo11l,yolo11m,yolo11s",yolo11s,2.0,True,True,2,0.445061783269624,0.6074840764331211,0.853958944281525,0.4672599136829376,0.7506191730499268,0.8147502541542053,"('llama1b,mobilenet_v2,qwen2_vl,resnet50,yolo11l,yolo11m,yolo11s', 2.0)"
combination_323,"llama1b,mobilenet_v2,qwen2_vl,resnet50,yolo11l,yolo11m,yolo11s",yolo11s,1.5,True,True,2,0.5635254703204192,0.7493905411994148,0.45971830985915496,0.524976909160614,0.73350590467453,0.42917370796203613,"('llama1b,mobilenet_v2,qwen2_vl,resnet50,yolo11l,yolo11m,yolo11s', 1.5)"
combination_335,"llama1b,mobilenet_v2,qwen2_vl,resnet50,yolo11l,yolo11m,yolo11s",yolo11s,2.0,True,True,2,0.6573028713663438,0.43152866242038224,1.0,0.734325110912323,0.29221898317337036,0.9653927087783813,"('llama1b,mobilenet_v2,qwen2_vl,resnet50,yolo11l,yolo11m,yolo11s', 2.0)"
combination_343,"llama1b,mobilenet_v2,qwen2_vl,resnet50,yolo11l,yolo11m,yolo11s",yolo11s,2.0,True,True,2,0.5652057960707618,0.9315286624203818,0.4785923753665689,0.5269233584403992,0.7420294284820557,0.43582460284233093,"('llama1b,mobilenet_v2,qwen2_vl,resnet50,yolo11l,yolo11m,yolo11s', 2.0)"
combination_333,"llama1b,mobilenet_v2,qwen2_vl,resnet50,yolo11l,yolo11m,yolo11s",yolo11s,2.0,True,True,2,0.4507956262778914,0.5843949044585987,0.8621700879765395,0.4547575116157532,0.7310011386871338,0.8188798427581787,"('llama1b,mobilenet_v2,qwen2_vl,resnet50,yolo11l,yolo11m,yolo11s', 2.0)"
combination_308,"llama1b,mobilenet_v2,qwen2_vl,resnet50,yolo11l,yolo11m,yolo11s",yolo11s,1.0,True,True,2,0.42815149320495893,0.5347077244258872,0.42493224932249324,0.46310096979141235,0.7117092609405518,0.4033459424972534,"('llama1b,mobilenet_v2,qwen2_vl,resnet50,yolo11l,yolo11m,yolo11s', 1.0)"
combination_311,"llama1b,mobilenet_v2,qwen2_vl,resnet50,yolo11l,yolo11m,yolo11s",yolo11s,1.5,True,True,2,0.2064685164504768,1.0,0.4219718309859155,0.21130220592021942,0.8808252215385437,0.4085559844970703,"('llama1b,mobilenet_v2,qwen2_vl,resnet50,yolo11l,yolo11m,yolo11s', 1.5)"
combination_305,"llama1b,mobilenet_v2,qwen2_vl,resnet50,yolo11l,yolo11m,yolo11s",yolo11s,1.0,True,True,2,1.0,0.08455114822546969,0.5414634146341464,0.9927346110343933,0.1451786309480667,0.5289040207862854,"('llama1b,mobilenet_v2,qwen2_vl,resnet50,yolo11l,yolo11m,yolo11s', 1.0)"
combination_313,"llama1b,mobilenet_v2,qwen2_vl,resnet50,yolo11l,yolo11m,yolo11s",yolo11s,1.5,True,True,2,0.4399536122326262,0.6299366162847392,0.8101408450704226,0.47503215074539185,0.6978724002838135,0.7872912883758545,"('llama1b,mobilenet_v2,qwen2_vl,resnet50,yolo11l,yolo11m,yolo11s', 1.5)"
combination_344,"llama1b,mobilenet_v2,qwen2_vl,resnet50,yolo11l,yolo11m,yolo11s",yolo11s,2.0,True,True,2,0.6331673926571251,0.6839171974522298,0.49853372434017595,0.7116165161132812,0.3445563018321991,0.4535006880760193,"('llama1b,mobilenet_v2,qwen2_vl,resnet50,yolo11l,yolo11m,yolo11s', 2.0)"
combination_299,"llama1b,mobilenet_v2,qwen2_vl,resnet50,yolo11l,yolo11m,yolo11s",yolo11s,1.0,True,True,2,0.44165637114983175,0.39613778705636726,0.8406504065040651,0.4821748733520508,0.42946308851242065,0.8531192541122437,"('llama1b,mobilenet_v2,qwen2_vl,resnet50,yolo11l,yolo11m,yolo11s', 1.0)"
combination_317,"llama1b,mobilenet_v2,qwen2_vl,resnet50,yolo11l,yolo11m,yolo11s",yolo11s,1.5,True,True,2,0.3980328150502534,0.9800097513408094,0.4383098591549296,0.4292917847633362,0.8817718029022217,0.4309452474117279,"('llama1b,mobilenet_v2,qwen2_vl,resnet50,yolo11l,yolo11m,yolo11s', 1.5)"
combination_326,"llama1b,mobilenet_v2,qwen2_vl,resnet50,yolo11l,yolo11m,yolo11s",yolo11s,1.5,True,True,2,0.18683961858946826,1.0,0.4191549295774648,0.1932758390903473,0.939326286315918,0.4109751880168915,"('llama1b,mobilenet_v2,qwen2_vl,resnet50,yolo11l,yolo11m,yolo11s', 1.5)"
combination_334,"llama1b,mobilenet_v2,qwen2_vl,resnet50,yolo11l,yolo11m,yolo11s",yolo11s,2.0,True,True,2,0.594319495066228,0.5589171974522295,0.9073313782991203,0.6092281341552734,0.4505957067012787,0.8818634748458862,"('llama1b,mobilenet_v2,qwen2_vl,resnet50,yolo11l,yolo11m,yolo11s', 2.0)"
combination_319,"llama1b,mobilenet_v2,qwen2_vl,resnet50,yolo11l,yolo11m,yolo11s",yolo11s,1.5,True,True,2,0.4283137187526844,0.509995124329595,0.8811267605633804,0.5122519731521606,0.3302067816257477,0.8623382449150085,"('llama1b,mobilenet_v2,qwen2_vl,resnet50,yolo11l,yolo11m,yolo11s', 1.5)"
combination_316,"llama1b,mobilenet_v2,qwen2_vl,resnet50,yolo11l,yolo11m,yolo11s",yolo11s,1.5,True,True,2,0.14139678721759297,0.736226231106777,0.7419718309859155,0.14410091936588287,0.8240814805030823,0.7150930762290955,"('llama1b,mobilenet_v2,qwen2_vl,resnet50,yolo11l,yolo11m,yolo11s', 1.5)"
combination_320,"llama1b,mobilenet_v2,qwen2_vl,resnet50,yolo11l,yolo11m,yolo11s",yolo11s,1.5,True,True,2,0.8765569968215788,0.30716723549488034,0.9498591549295774,0.8362366557121277,0.24162979423999786,0.9326234459877014,"('llama1b,mobilenet_v2,qwen2_vl,resnet50,yolo11l,yolo11m,yolo11s', 1.5)"
combination_346,"llama1b,mobilenet_v2,qwen2_vl,resnet50,yolo11l,yolo11m,yolo11s",yolo11s,2.0,True,True,2,0.20512934483065162,1.0,0.44046920821114366,0.17957761883735657,0.9440393447875977,0.426518976688385,"('llama1b,mobilenet_v2,qwen2_vl,resnet50,yolo11l,yolo11m,yolo11s', 2.0)"
combination_321,"llama1b,mobilenet_v2,qwen2_vl,resnet50,yolo11l,yolo11m,yolo11s",yolo11s,1.5,True,True,2,0.20161498153079635,1.0,0.432112676056338,0.20798981189727783,0.8780478835105896,0.4111256003379822,"('llama1b,mobilenet_v2,qwen2_vl,resnet50,yolo11l,yolo11m,yolo11s', 1.5)"
combination_289,"llama1b,mobilenet_v2,qwen2_vl,resnet50,yolo11l,yolo11m,yolo11s",yolo11s,1.0,True,True,2,0.10590891662761472,1.0,0.41463414634146345,0.1364293098449707,0.9635962843894958,0.37003207206726074,"('llama1b,mobilenet_v2,qwen2_vl,resnet50,yolo11l,yolo11m,yolo11s', 1.0)"
combination_292,"llama1b,mobilenet_v2,qwen2_vl,resnet50,yolo11l,yolo11m,yolo11s",yolo11s,1.0,True,True,2,0.27772334171175395,0.6370041753653445,0.41246612466124666,0.2852107286453247,0.7128915190696716,0.3988783657550812,"('llama1b,mobilenet_v2,qwen2_vl,resnet50,yolo11l,yolo11m,yolo11s', 1.0)"
combination_331,"llama1b,mobilenet_v2,qwen2_vl,resnet50,yolo11l,yolo11m,yolo11s",yolo11s,2.0,True,True,2,0.20539603520312918,1.0,0.45102639296187685,0.20380011200904846,0.898019552230835,0.4274846315383911,"('llama1b,mobilenet_v2,qwen2_vl,resnet50,yolo11l,yolo11m,yolo11s', 2.0)"
combination_294,"llama1b,mobilenet_v2,qwen2_vl,resnet50,yolo11l,yolo11m,yolo11s",yolo11s,1.0,True,True,2,0.6302134367145231,0.5224425887265134,0.8628726287262873,0.5929962992668152,0.5133464932441711,0.8451315760612488,"('llama1b,mobilenet_v2,qwen2_vl,resnet50,yolo11l,yolo11m,yolo11s', 1.0)"
combination_332,"llama1b,mobilenet_v2,qwen2_vl,resnet50,yolo11l,yolo11m,yolo11s",yolo11s,2.0,True,True,2,0.31918392746021873,0.9960191082802552,0.45102639296187685,0.3101891279220581,0.7772234678268433,0.434746116399765,"('llama1b,mobilenet_v2,qwen2_vl,resnet50,yolo11l,yolo11m,yolo11s', 2.0)"
combination_290,"llama1b,mobilenet_v2,qwen2_vl,resnet50,yolo11l,yolo11m,yolo11s",yolo11s,1.0,True,True,2,0.8789247220210457,0.0,1.0,0.9791131019592285,0.0017559913685545325,0.9913356304168701,"('llama1b,mobilenet_v2,qwen2_vl,resnet50,yolo11l,yolo11m,yolo11s', 1.0)"
combination_325,"llama1b,mobilenet_v2,qwen2_vl,resnet50,yolo11l,yolo11m,yolo11s",yolo11s,1.5,True,True,2,1.0,0.09946367625548502,0.5645070422535211,0.951758861541748,0.2280673235654831,0.5408734083175659,"('llama1b,mobilenet_v2,qwen2_vl,resnet50,yolo11l,yolo11m,yolo11s', 1.5)"
combination_314,"llama1b,mobilenet_v2,qwen2_vl,resnet50,yolo11l,yolo11m,yolo11s",yolo11s,1.5,True,True,2,0.6145090627952925,0.49634324719648965,0.8653521126760563,0.6258361339569092,0.4135688841342926,0.8690298199653625,"('llama1b,mobilenet_v2,qwen2_vl,resnet50,yolo11l,yolo11m,yolo11s', 1.5)"
combination_336,"llama1b,mobilenet_v2,qwen2_vl,resnet50,yolo11l,yolo11m,yolo11s",yolo11s,2.0,True,True,2,0.15739176815716951,0.6584394904458596,0.7577712609970674,0.14298468828201294,0.8051177859306335,0.7565786242485046,"('llama1b,mobilenet_v2,qwen2_vl,resnet50,yolo11l,yolo11m,yolo11s', 2.0)"
combination_307,"llama1b,mobilenet_v2,qwen2_vl,resnet50,yolo11l,yolo11m,yolo11s",yolo11s,1.0,True,True,2,0.3034976355813062,0.8723903966597075,0.42655826558265586,0.3028460741043091,0.793753445148468,0.40102890133857727,"('llama1b,mobilenet_v2,qwen2_vl,resnet50,yolo11l,yolo11m,yolo11s', 1.0)"
combination_324,"llama1b,mobilenet_v2,qwen2_vl,resnet50,yolo11l,yolo11m,yolo11s",yolo11s,1.5,True,True,2,0.6096984795120693,0.3739639200390054,0.46929577464788735,0.7155860066413879,0.3264664113521576,0.4514005780220032,"('llama1b,mobilenet_v2,qwen2_vl,resnet50,yolo11l,yolo11m,yolo11s', 1.5)"
combination_340,"llama1b,mobilenet_v2,qwen2_vl,resnet50,yolo11l,yolo11m,yolo11s",yolo11s,2.0,True,True,2,0.8585652057960709,0.4936305732484079,0.9671554252199412,0.8050031661987305,0.21632693707942963,0.9574262499809265,"('llama1b,mobilenet_v2,qwen2_vl,resnet50,yolo11l,yolo11m,yolo11s', 2.0)"
combination_315,"llama1b,mobilenet_v2,qwen2_vl,resnet50,yolo11l,yolo11m,yolo11s",yolo11s,1.5,True,True,2,0.6934541706039001,0.40224280838615273,0.9757746478873239,0.8552327156066895,0.24540060758590698,0.9609843492507935,"('llama1b,mobilenet_v2,qwen2_vl,resnet50,yolo11l,yolo11m,yolo11s', 1.5)"
combination_306,"llama1b,mobilenet_v2,qwen2_vl,resnet50,yolo11l,yolo11m,yolo11s",yolo11s,1.0,True,True,2,0.20095428790525288,0.8682150313152401,0.41300813008130083,0.1617131382226944,0.8722378015518188,0.39585331082344055,"('llama1b,mobilenet_v2,qwen2_vl,resnet50,yolo11l,yolo11m,yolo11s', 1.0)"
combination_341,"llama1b,mobilenet_v2,qwen2_vl,resnet50,yolo11l,yolo11m,yolo11s",yolo11s,2.0,True,True,2,0.2035292025957863,1.0,0.4451612903225806,0.1987420618534088,0.8771523237228394,0.42727944254875183,"('llama1b,mobilenet_v2,qwen2_vl,resnet50,yolo11l,yolo11m,yolo11s', 2.0)"
combination_295,"llama1b,mobilenet_v2,qwen2_vl,resnet50,yolo11l,yolo11m,yolo11s",yolo11s,1.0,True,True,2,0.7405529757593832,0.431106471816284,0.9880758807588077,0.838901937007904,0.37997132539749146,0.9419150352478027,"('llama1b,mobilenet_v2,qwen2_vl,resnet50,yolo11l,yolo11m,yolo11s', 1.0)"
combination_328,"llama1b,mobilenet_v2,qwen2_vl,resnet50,yolo11l,yolo11m,yolo11s",yolo11s,1.5,True,True,2,0.4524525384417147,0.7342759629449049,0.4574647887323943,0.468250572681427,0.6232741475105286,0.42187777161598206,"('llama1b,mobilenet_v2,qwen2_vl,resnet50,yolo11l,yolo11m,yolo11s', 1.5)"
combination_345,"llama1b,mobilenet_v2,qwen2_vl,resnet50,yolo11l,yolo11m,yolo11s",yolo11s,2.0,True,True,2,1.0,0.0,0.5865102639296187,0.964840829372406,0.18387724459171295,0.5456867218017578,"('llama1b,mobilenet_v2,qwen2_vl,resnet50,yolo11l,yolo11m,yolo11s', 2.0)"
combination_342,"llama1b,mobilenet_v2,qwen2_vl,resnet50,yolo11l,yolo11m,yolo11s",yolo11s,2.0,True,True,2,0.2873144279491511,1.0,0.45395894428152495,0.3309735059738159,0.8540566563606262,0.44129660725593567,"('llama1b,mobilenet_v2,qwen2_vl,resnet50,yolo11l,yolo11m,yolo11s', 2.0)"
combination_298,"llama1b,mobilenet_v2,qwen2_vl,resnet50,yolo11l,yolo11m,yolo11s",yolo11s,1.0,True,True,2,0.4648745367017425,0.7740083507306889,0.8314363143631437,0.46617546677589417,0.7924181222915649,0.7624015808105469,"('llama1b,mobilenet_v2,qwen2_vl,resnet50,yolo11l,yolo11m,yolo11s', 1.0)"
combination_322,"llama1b,mobilenet_v2,qwen2_vl,resnet50,yolo11l,yolo11m,yolo11s",yolo11s,1.5,True,True,2,0.3029378919336827,1.0,0.42985915492957744,0.3388752341270447,0.8440697193145752,0.42163369059562683,"('llama1b,mobilenet_v2,qwen2_vl,resnet50,yolo11l,yolo11m,yolo11s', 1.5)"
combination_329,"llama1b,mobilenet_v2,qwen2_vl,resnet50,yolo11l,yolo11m,yolo11s",yolo11s,2.0,True,True,2,0.12401102320206242,1.0,0.4222873900293255,0.14563848078250885,0.9705364108085632,0.42116954922676086,"('llama1b,mobilenet_v2,qwen2_vl,resnet50,yolo11l,yolo11m,yolo11s', 2.0)"
combination_309,"llama1b,mobilenet_v2,qwen2_vl,resnet50,yolo11l,yolo11m,yolo11s",yolo11s,1.5,True,True,2,0.12309939008676231,1.0,0.40676056338028166,0.1481495350599289,0.9653773903846741,0.41137513518333435,"('llama1b,mobilenet_v2,qwen2_vl,resnet50,yolo11l,yolo11m,yolo11s', 1.5)"
combination_297,"llama1b,mobilenet_v2,qwen2_vl,resnet50,yolo11l,yolo11m,yolo11s",yolo11s,1.0,True,True,2,0.41345375537852014,0.8246346555323589,0.435230352303523,0.40347957611083984,0.8207212090492249,0.4050738215446472,"('llama1b,mobilenet_v2,qwen2_vl,resnet50,yolo11l,yolo11m,yolo11s', 1.0)"
combination_330,"llama1b,mobilenet_v2,qwen2_vl,resnet50,yolo11l,yolo11m,yolo11s",yolo11s,2.0,True,True,2,0.7145968530536049,0.06130573248407673,0.9988269794721408,0.9058586955070496,0.0,0.9854580760002136,"('llama1b,mobilenet_v2,qwen2_vl,resnet50,yolo11l,yolo11m,yolo11s', 2.0)"
combination_291,"llama1b,mobilenet_v2,qwen2_vl,resnet50,yolo11l,yolo11m,yolo11s",yolo11s,1.0,True,True,2,0.20483108252034254,1.0,0.37777777777777777,0.18324503302574158,0.8804000616073608,0.39536252617836,"('llama1b,mobilenet_v2,qwen2_vl,resnet50,yolo11l,yolo11m,yolo11s', 1.0)"
combination_318,"llama1b,mobilenet_v2,qwen2_vl,resnet50,yolo11l,yolo11m,yolo11s",yolo11s,1.5,True,True,2,0.4512069409844515,0.6825938566552898,0.8276056338028168,0.4855590760707855,0.7470993995666504,0.7774041891098022,"('llama1b,mobilenet_v2,qwen2_vl,resnet50,yolo11l,yolo11m,yolo11s', 1.5)"
combination_304,"llama1b,mobilenet_v2,qwen2_vl,resnet50,yolo11l,yolo11m,yolo11s",yolo11s,1.0,True,True,2,0.6060580241128105,0.4676409185803759,0.46720867208672084,0.6689252853393555,0.45806047320365906,0.4386536180973053,"('llama1b,mobilenet_v2,qwen2_vl,resnet50,yolo11l,yolo11m,yolo11s', 1.0)"
combination_310,"llama1b,mobilenet_v2,qwen2_vl,resnet50,yolo11l,yolo11m,yolo11s",yolo11s,1.5,True,True,2,0.7989433897431492,0.0,1.0,0.8986460566520691,0.01968339830636978,0.9629504680633545,"('llama1b,mobilenet_v2,qwen2_vl,resnet50,yolo11l,yolo11m,yolo11s', 1.5)"
combination_339,"llama1b,mobilenet_v2,qwen2_vl,resnet50,yolo11l,yolo11m,yolo11s",yolo11s,2.0,True,True,2,0.42168192728242515,0.5692675159235667,0.9055718475073313,0.49586808681488037,0.38203027844429016,0.8655195236206055,"('llama1b,mobilenet_v2,qwen2_vl,resnet50,yolo11l,yolo11m,yolo11s', 2.0)"
combination_302,"llama1b,mobilenet_v2,qwen2_vl,resnet50,yolo11l,yolo11m,yolo11s",yolo11s,1.0,True,True,2,0.32475610275635847,1.0,0.42439024390243907,0.3143331706523895,0.8396286368370056,0.4034861624240875,"('llama1b,mobilenet_v2,qwen2_vl,resnet50,yolo11l,yolo11m,yolo11s', 1.0)"
combination_300,"llama1b,mobilenet_v2,qwen2_vl,resnet50,yolo11l,yolo11m,yolo11s",yolo11s,1.0,True,True,2,0.8979678779874751,0.28131524008350733,0.9257452574525745,0.896054208278656,0.2542489171028137,0.9249312877655029,"('llama1b,mobilenet_v2,qwen2_vl,resnet50,yolo11l,yolo11m,yolo11s', 1.0)"
combination_301,"llama1b,mobilenet_v2,qwen2_vl,resnet50,yolo11l,yolo11m,yolo11s",yolo11s,1.0,True,True,2,0.19460656924977637,0.9827766179540709,0.41192411924119243,0.1765129715204239,0.8305181264877319,0.3962770998477936,"('llama1b,mobilenet_v2,qwen2_vl,resnet50,yolo11l,yolo11m,yolo11s', 1.0)"
combination_327,"llama1b,mobilenet_v2,qwen2_vl,resnet50,yolo11l,yolo11m,yolo11s",yolo11s,1.5,True,True,2,0.31410531741259345,1.0,0.4349295774647887,0.3313086926937103,0.837417721748352,0.42562636733055115,"('llama1b,mobilenet_v2,qwen2_vl,resnet50,yolo11l,yolo11m,yolo11s', 1.5)"
combination_293,"llama1b,mobilenet_v2,qwen2_vl,resnet50,yolo11l,yolo11m,yolo11s",yolo11s,1.0,True,True,2,0.476675329101521,0.6500521920668059,0.8303523035230352,0.45029783248901367,0.7382636070251465,0.7748858332633972,"('llama1b,mobilenet_v2,qwen2_vl,resnet50,yolo11l,yolo11m,yolo11s', 1.0)"
combination_303,"llama1b,mobilenet_v2,qwen2_vl,resnet50,yolo11l,yolo11m,yolo11s",yolo11s,1.0,True,True,2,0.556298726196055,0.6931106471816283,0.44769647696476966,0.5053812861442566,0.7800357937812805,0.4129985570907593,"('llama1b,mobilenet_v2,qwen2_vl,resnet50,yolo11l,yolo11m,yolo11s', 1.0)"
combination_296,"llama1b,mobilenet_v2,qwen2_vl,resnet50,yolo11l,yolo11m,yolo11s",yolo11s,1.0,True,True,2,0.15034294721595026,0.8209812108559499,0.7084010840108401,0.1420029103755951,0.866294801235199,0.6844160556793213,"('llama1b,mobilenet_v2,qwen2_vl,resnet50,yolo11l,yolo11m,yolo11s', 1.0)"
combination_460,"mobilenet_v2,resnet50,yolo11m,yolo11n,yolo11s",yolo11n,3.0,False,False,1,0.24034127141192252,1.0,0.0,0.31252869963645935,0.9667971134185791,0.9299149513244629,"('mobilenet_v2,resnet50,yolo11m,yolo11n,yolo11s', 3.0)"
combination_446,"mobilenet_v2,resnet50,yolo11m,yolo11n,yolo11s",yolo11n,2.0,False,False,0,0.5986546076313894,0.8997659906396258,0.0,0.6704723834991455,0.8281817436218262,0.9075059294700623,"('mobilenet_v2,resnet50,yolo11m,yolo11n,yolo11s', 2.0)"
combination_447,"mobilenet_v2,resnet50,yolo11m,yolo11n,yolo11s",yolo11n,2.0,False,False,0,0.1769933405327574,1.0,0.0,0.17367395758628845,1.0,0.8576326966285706,"('mobilenet_v2,resnet50,yolo11m,yolo11n,yolo11s', 2.0)"
combination_465,"mobilenet_v2,resnet50,yolo11m,yolo11n,yolo11s",yolo11n,3.0,False,False,1,0.43833146425665725,0.9880656389855795,0.0,0.4723253548145294,0.7865490913391113,0.9326098561286926,"('mobilenet_v2,resnet50,yolo11m,yolo11n,yolo11s', 3.0)"
combination_439,"mobilenet_v2,resnet50,yolo11m,yolo11n,yolo11s",yolo11n,2.0,False,False,0,0.15717242620590355,1.0,0.0,0.16093681752681732,0.9778817892074585,0.8585430383682251,"('mobilenet_v2,resnet50,yolo11m,yolo11n,yolo11s', 2.0)"
combination_440,"mobilenet_v2,resnet50,yolo11m,yolo11n,yolo11s",yolo11n,2.0,False,False,0,0.3286537077033837,0.9567082683307332,0.0,0.3431876003742218,0.9723333716392517,0.8674654960632324,"('mobilenet_v2,resnet50,yolo11m,yolo11n,yolo11s', 2.0)"
combination_467,"mobilenet_v2,resnet50,yolo11m,yolo11n,yolo11s",yolo11n,3.0,False,False,1,0.14369901268773227,1.0,0.0,0.18300706148147583,0.9893134236335754,0.9122865796089172,"('mobilenet_v2,resnet50,yolo11m,yolo11n,yolo11s', 3.0)"
combination_451,"mobilenet_v2,resnet50,yolo11m,yolo11n,yolo11s",yolo11n,2.0,False,False,0,0.14533837293016563,1.0,0.0,0.16243140399456024,0.9993719458580017,0.8583022356033325,"('mobilenet_v2,resnet50,yolo11m,yolo11n,yolo11s', 2.0)"
combination_463,"mobilenet_v2,resnet50,yolo11m,yolo11n,yolo11s",yolo11n,3.0,False,False,1,0.1654902478175781,1.0,0.0,0.18597859144210815,1.0,0.9107572436332703,"('mobilenet_v2,resnet50,yolo11m,yolo11n,yolo11s', 3.0)"
combination_466,"mobilenet_v2,resnet50,yolo11m,yolo11n,yolo11s",yolo11n,3.0,False,False,1,0.6587945554895881,0.9577324714072603,0.0,0.6958385705947876,0.5703151822090149,0.9630832076072693,"('mobilenet_v2,resnet50,yolo11m,yolo11n,yolo11s', 3.0)"
combination_464,"mobilenet_v2,resnet50,yolo11m,yolo11n,yolo11s",yolo11n,3.0,False,False,1,0.23473404138355652,1.0,0.0,0.276719331741333,0.9723712801933289,0.9303261041641235,"('mobilenet_v2,resnet50,yolo11m,yolo11n,yolo11s', 3.0)"
combination_456,"mobilenet_v2,resnet50,yolo11m,yolo11n,yolo11s",yolo11n,3.0,False,False,1,0.32620885282670353,0.9925410243659873,0.0,0.3723454475402832,0.9021060466766357,0.9300742149353027,"('mobilenet_v2,resnet50,yolo11m,yolo11n,yolo11s', 3.0)"
combination_458,"mobilenet_v2,resnet50,yolo11m,yolo11n,yolo11s",yolo11n,3.0,False,False,1,0.5522571849506345,1.0,0.0,0.6631429195404053,0.3949710428714752,0.9648295044898987,"('mobilenet_v2,resnet50,yolo11m,yolo11n,yolo11s', 3.0)"
combination_437,"mobilenet_v2,resnet50,yolo11m,yolo11n,yolo11s",yolo11n,2.0,False,False,0,0.07613390928725702,1.0,0.0,0.09290287643671036,1.0,0.8571844696998596,"('mobilenet_v2,resnet50,yolo11m,yolo11n,yolo11s', 2.0)"
combination_421,"mobilenet_v2,resnet50,yolo11m,yolo11n,yolo11s",yolo11n,1.0,False,False,1,0.09108174002309764,1.0,0.0,0.0976281687617302,0.9424433708190918,0.9048845767974854,"('mobilenet_v2,resnet50,yolo11m,yolo11n,yolo11s', 1.0)"
combination_424,"mobilenet_v2,resnet50,yolo11m,yolo11n,yolo11s",yolo11n,1.0,False,False,1,0.3570640318234312,0.9410774410774411,0.0,0.3673223853111267,0.8033704161643982,0.9255282282829285,"('mobilenet_v2,resnet50,yolo11m,yolo11n,yolo11s', 1.0)"
combination_445,"mobilenet_v2,resnet50,yolo11m,yolo11n,yolo11s",yolo11n,2.0,False,False,0,0.46683765298776103,0.8315132605304212,0.0,0.4919365346431732,0.9698559045791626,0.87399822473526,"('mobilenet_v2,resnet50,yolo11m,yolo11n,yolo11s', 2.0)"
combination_426,"mobilenet_v2,resnet50,yolo11m,yolo11n,yolo11s",yolo11n,1.0,False,False,1,0.6200436288977287,0.6899551066217733,0.0,0.7558729648590088,0.47091594338417053,0.9615277051925659,"('mobilenet_v2,resnet50,yolo11m,yolo11n,yolo11s', 1.0)"
combination_422,"mobilenet_v2,resnet50,yolo11m,yolo11n,yolo11s",yolo11n,1.0,False,False,1,1.0,0.0,0.0,0.969011664390564,0.004675031639635563,0.9817681312561035,"('mobilenet_v2,resnet50,yolo11m,yolo11n,yolo11s', 1.0)"
combination_438,"mobilenet_v2,resnet50,yolo11m,yolo11n,yolo11s",yolo11n,2.0,False,False,0,1.0,0.0,0.0,0.9757915735244751,0.0,0.9241641163825989,"('mobilenet_v2,resnet50,yolo11m,yolo11n,yolo11s', 2.0)"
combination_452,"mobilenet_v2,resnet50,yolo11m,yolo11n,yolo11s",yolo11n,2.0,False,False,0,0.234408747300216,1.0,0.0,0.24386893212795258,0.9964690804481506,0.8654404282569885,"('mobilenet_v2,resnet50,yolo11m,yolo11n,yolo11s', 2.0)"
combination_461,"mobilenet_v2,resnet50,yolo11m,yolo11n,yolo11s",yolo11n,3.0,False,False,1,0.4453459990764563,0.9900546991546494,0.0,0.4831293523311615,0.7978683114051819,0.9335544109344482,"('mobilenet_v2,resnet50,yolo11m,yolo11n,yolo11s', 3.0)"
combination_444,"mobilenet_v2,resnet50,yolo11m,yolo11n,yolo11s",yolo11n,2.0,False,False,0,0.23836843052555798,1.0,0.0,0.27904126048088074,1.0,0.8649529814720154,"('mobilenet_v2,resnet50,yolo11m,yolo11n,yolo11s', 2.0)"
combination_448,"mobilenet_v2,resnet50,yolo11m,yolo11n,yolo11s",yolo11n,2.0,False,False,0,0.24644528437724986,0.999609984399376,0.0,0.23766759037971497,1.0,0.86527419090271,"('mobilenet_v2,resnet50,yolo11m,yolo11n,yolo11s', 2.0)"
combination_455,"mobilenet_v2,resnet50,yolo11m,yolo11n,yolo11s",yolo11n,3.0,False,False,1,0.15337423312883436,1.0,0.0,0.18534789979457855,0.9948859810829163,0.910844087600708,"('mobilenet_v2,resnet50,yolo11m,yolo11n,yolo11s', 3.0)"
combination_449,"mobilenet_v2,resnet50,yolo11m,yolo11n,yolo11s",yolo11n,2.0,False,False,0,0.4467467602591793,0.8638845553822151,0.0,0.4745434522628784,0.9615486264228821,0.878093421459198,"('mobilenet_v2,resnet50,yolo11m,yolo11n,yolo11s', 2.0)"
combination_431,"mobilenet_v2,resnet50,yolo11m,yolo11n,yolo11s",yolo11n,1.0,False,False,1,0.19368664185807777,0.9998597081930416,0.0,0.17039407789707184,0.9500815272331238,0.9033865332603455,"('mobilenet_v2,resnet50,yolo11m,yolo11n,yolo11s', 1.0)"
combination_443,"mobilenet_v2,resnet50,yolo11m,yolo11n,yolo11s",yolo11n,2.0,False,False,0,0.24833513318934486,0.9812792511700467,0.0,0.2600594460964203,0.9915724992752075,0.8601751923561096,"('mobilenet_v2,resnet50,yolo11m,yolo11n,yolo11s', 2.0)"
combination_453,"mobilenet_v2,resnet50,yolo11m,yolo11n,yolo11s",yolo11n,3.0,False,False,1,0.07806143764980102,1.0,0.0,0.11905524879693985,0.9974254965782166,0.911918580532074,"('mobilenet_v2,resnet50,yolo11m,yolo11n,yolo11s', 3.0)"
combination_457,"mobilenet_v2,resnet50,yolo11m,yolo11n,yolo11s",yolo11n,3.0,False,False,1,0.43644039844316906,0.9880656389855795,0.0,0.4707624018192291,0.8845997452735901,0.9340167045593262,"('mobilenet_v2,resnet50,yolo11m,yolo11n,yolo11s', 3.0)"
combination_468,"mobilenet_v2,resnet50,yolo11m,yolo11n,yolo11s",yolo11n,3.0,False,False,1,0.23970358642830447,1.0,0.0,0.2776355445384979,0.9652420282363892,0.9304741024971008,"('mobilenet_v2,resnet50,yolo11m,yolo11n,yolo11s', 3.0)"
combination_427,"mobilenet_v2,resnet50,yolo11m,yolo11n,yolo11s",yolo11n,1.0,False,False,1,0.2744257667137174,0.9886363636363636,0.0,0.25219252705574036,0.8186420202255249,0.9034984707832336,"('mobilenet_v2,resnet50,yolo11m,yolo11n,yolo11s', 1.0)"
combination_462,"mobilenet_v2,resnet50,yolo11m,yolo11n,yolo11s",yolo11n,3.0,False,False,1,0.5949820788530465,0.941819990054699,0.0,0.6470657587051392,0.7662124037742615,0.964579701423645,"('mobilenet_v2,resnet50,yolo11m,yolo11n,yolo11s', 3.0)"
combination_430,"mobilenet_v2,resnet50,yolo11m,yolo11n,yolo11s",yolo11n,1.0,False,False,1,0.6755806493006544,0.8135521885521885,0.0,0.7742315530776978,0.7512070536613464,0.9637590646743774,"('mobilenet_v2,resnet50,yolo11m,yolo11n,yolo11s', 1.0)"
combination_454,"mobilenet_v2,resnet50,yolo11m,yolo11n,yolo11s",yolo11n,3.0,False,False,1,1.0,0.0,0.0,0.85560142993927,0.06952956318855286,0.9705531001091003,"('mobilenet_v2,resnet50,yolo11m,yolo11n,yolo11s', 3.0)"
combination_441,"mobilenet_v2,resnet50,yolo11m,yolo11n,yolo11s",yolo11n,2.0,False,False,0,0.4485916126709864,0.9387675507020279,0.0,0.4837176501750946,0.9941042065620422,0.8752550482749939,"('mobilenet_v2,resnet50,yolo11m,yolo11n,yolo11s', 2.0)"
combination_429,"mobilenet_v2,resnet50,yolo11m,yolo11n,yolo11s",yolo11n,1.0,False,False,1,0.49957654305145643,0.579685746352413,0.0,0.5114105343818665,0.5704387426376343,0.9305570721626282,"('mobilenet_v2,resnet50,yolo11m,yolo11n,yolo11s', 1.0)"
combination_423,"mobilenet_v2,resnet50,yolo11m,yolo11n,yolo11s",yolo11n,1.0,False,False,1,0.16376235082766585,0.8149551066217733,0.0,0.17777758836746216,0.9088299870491028,0.9008480906486511,"('mobilenet_v2,resnet50,yolo11m,yolo11n,yolo11s', 1.0)"
combination_450,"mobilenet_v2,resnet50,yolo11m,yolo11n,yolo11s",yolo11n,2.0,False,False,0,0.664461843052556,0.62597503900156,0.0,0.7084656357765198,0.8506767153739929,0.9065907001495361,"('mobilenet_v2,resnet50,yolo11m,yolo11n,yolo11s', 2.0)"
combination_436,"mobilenet_v2,resnet50,yolo11m,yolo11n,yolo11s",yolo11n,1.0,False,False,1,0.27029385345823176,0.9988776655443322,0.0,0.265307754278183,0.9477111101150513,0.9245055317878723,"('mobilenet_v2,resnet50,yolo11m,yolo11n,yolo11s', 1.0)"
combination_442,"mobilenet_v2,resnet50,yolo11m,yolo11n,yolo11s",yolo11n,2.0,False,False,0,0.570441864650828,0.4434477379095161,0.0,0.6961341500282288,0.8685689568519592,0.9129530787467957,"('mobilenet_v2,resnet50,yolo11m,yolo11n,yolo11s', 2.0)"
combination_434,"mobilenet_v2,resnet50,yolo11m,yolo11n,yolo11s",yolo11n,1.0,False,False,1,0.7192865392018478,0.6053591470258137,0.0,0.7583794593811035,0.5534274578094482,0.9663240313529968,"('mobilenet_v2,resnet50,yolo11m,yolo11n,yolo11s', 1.0)"
combination_432,"mobilenet_v2,resnet50,yolo11m,yolo11n,yolo11s",yolo11n,1.0,False,False,1,0.2714487360451687,0.9977553310886643,0.0,0.2571757733821869,0.8970735669136047,0.9240710735321045,"('mobilenet_v2,resnet50,yolo11m,yolo11n,yolo11s', 1.0)"
combination_433,"mobilenet_v2,resnet50,yolo11m,yolo11n,yolo11s",yolo11n,1.0,False,False,1,0.48402412421403823,0.6432379349046016,0.0,0.5021250247955322,0.6500343084335327,0.9284995794296265,"('mobilenet_v2,resnet50,yolo11m,yolo11n,yolo11s', 1.0)"
combination_459,"mobilenet_v2,resnet50,yolo11m,yolo11n,yolo11s",yolo11n,3.0,False,False,1,0.23741671614222576,0.9960218796618596,0.0,0.2726222574710846,0.9409029483795166,0.9129922986030579,"('mobilenet_v2,resnet50,yolo11m,yolo11n,yolo11s', 3.0)"
combination_425,"mobilenet_v2,resnet50,yolo11m,yolo11n,yolo11s",yolo11n,1.0,False,False,1,0.5080970101373028,0.8757014590347924,0.0,0.505048930644989,0.7221511006355286,0.9299057126045227,"('mobilenet_v2,resnet50,yolo11m,yolo11n,yolo11s', 1.0)"
combination_435,"mobilenet_v2,resnet50,yolo11m,yolo11n,yolo11s",yolo11n,1.0,False,False,1,0.174797895547286,1.0,0.0,0.1730509251356125,0.9009014368057251,0.9024878740310669,"('mobilenet_v2,resnet50,yolo11m,yolo11n,yolo11s', 1.0)"
combination_428,"mobilenet_v2,resnet50,yolo11m,yolo11n,yolo11s",yolo11n,1.0,False,False,1,0.2665212370075709,0.9949494949494949,0.0,0.30131974816322327,0.9423599243164062,0.9282088875770569,"('mobilenet_v2,resnet50,yolo11m,yolo11n,yolo11s', 1.0)"
combination_280,"llama1b,mobilenet_v2,qwen2_vl,resnet50,yolo11m,yolo11s",yolo11s,2.0,True,True,2,0.2627283687285542,0.5482071713147411,0.7846481876332623,0.30381131172180176,0.5911611318588257,0.8011831045150757,"('llama1b,mobilenet_v2,qwen2_vl,resnet50,yolo11m,yolo11s', 2.0)"
combination_266,"llama1b,mobilenet_v2,qwen2_vl,resnet50,yolo11m,yolo11s",yolo11s,1.5,True,True,2,0.7048626349512859,0.35095238095238096,0.8984175599795815,0.7780055999755859,0.24154634773731232,0.906861424446106,"('llama1b,mobilenet_v2,qwen2_vl,resnet50,yolo11m,yolo11s', 1.5)"
combination_267,"llama1b,mobilenet_v2,qwen2_vl,resnet50,yolo11m,yolo11s",yolo11s,1.5,True,True,2,0.2570437988238392,0.9995238095238096,0.38999489535477283,0.28622013330459595,0.9931479096412659,0.4065648317337036,"('llama1b,mobilenet_v2,qwen2_vl,resnet50,yolo11m,yolo11s', 1.5)"
combination_285,"llama1b,mobilenet_v2,qwen2_vl,resnet50,yolo11m,yolo11s",yolo11s,2.0,True,True,2,0.38644162107020313,0.48286852589641444,0.8256929637526652,0.4272002875804901,0.466135710477829,0.8124567270278931,"('llama1b,mobilenet_v2,qwen2_vl,resnet50,yolo11m,yolo11s', 2.0)"
combination_259,"llama1b,mobilenet_v2,qwen2_vl,resnet50,yolo11m,yolo11s",yolo11s,1.5,True,True,2,0.2518651803739138,0.9952380952380953,0.39356814701378257,0.2824290096759796,0.9095963835716248,0.40295666456222534,"('llama1b,mobilenet_v2,qwen2_vl,resnet50,yolo11m,yolo11s', 1.5)"
combination_260,"llama1b,mobilenet_v2,qwen2_vl,resnet50,yolo11m,yolo11s",yolo11s,1.5,True,True,2,0.39717370315105766,0.6414285714285712,0.7738642164369577,0.41421693563461304,0.6382562518119812,0.7545874118804932,"('llama1b,mobilenet_v2,qwen2_vl,resnet50,yolo11m,yolo11s', 1.5)"
combination_287,"llama1b,mobilenet_v2,qwen2_vl,resnet50,yolo11m,yolo11s",yolo11s,2.0,True,True,2,0.24844662895298159,1.0,0.4104477611940298,0.2909839153289795,0.9882023930549622,0.4200080633163452,"('llama1b,mobilenet_v2,qwen2_vl,resnet50,yolo11m,yolo11s', 2.0)"
combination_271,"llama1b,mobilenet_v2,qwen2_vl,resnet50,yolo11m,yolo11s",yolo11s,1.5,True,True,2,0.2429123145791275,1.0,0.39663093415007655,0.2960946559906006,0.9785452485084534,0.3927082121372223,"('llama1b,mobilenet_v2,qwen2_vl,resnet50,yolo11m,yolo11s', 1.5)"
combination_283,"llama1b,mobilenet_v2,qwen2_vl,resnet50,yolo11m,yolo11s",yolo11s,2.0,True,True,2,0.26156913660391357,1.0,0.41631130063965877,0.2748447358608246,0.9994135499000549,0.42683541774749756,"('llama1b,mobilenet_v2,qwen2_vl,resnet50,yolo11m,yolo11s', 2.0)"
combination_286,"llama1b,mobilenet_v2,qwen2_vl,resnet50,yolo11m,yolo11s",yolo11s,2.0,True,True,2,0.727348604284522,0.3936254980079683,0.894456289978678,0.7307383418083191,0.29069140553474426,0.8990399241447449,"('llama1b,mobilenet_v2,qwen2_vl,resnet50,yolo11m,yolo11s', 2.0)"
combination_284,"llama1b,mobilenet_v2,qwen2_vl,resnet50,yolo11m,yolo11s",yolo11s,2.0,True,True,2,0.530093665955671,0.9657370517928289,0.4493603411513859,0.5369217395782471,0.9590447545051575,0.42748239636421204,"('llama1b,mobilenet_v2,qwen2_vl,resnet50,yolo11m,yolo11s', 2.0)"
combination_276,"llama1b,mobilenet_v2,qwen2_vl,resnet50,yolo11m,yolo11s",yolo11s,2.0,True,True,2,0.4063804136140221,0.5442231075697207,0.800639658848614,0.39969363808631897,0.5656247735023499,0.7992368936538696,"('llama1b,mobilenet_v2,qwen2_vl,resnet50,yolo11m,yolo11s', 2.0)"
combination_278,"llama1b,mobilenet_v2,qwen2_vl,resnet50,yolo11m,yolo11s",yolo11s,2.0,True,True,2,1.0,0.2462151394422306,0.5581023454157782,0.9766564965248108,0.2761780619621277,0.5455707311630249,"('llama1b,mobilenet_v2,qwen2_vl,resnet50,yolo11m,yolo11s', 2.0)"
combination_257,"llama1b,mobilenet_v2,qwen2_vl,resnet50,yolo11m,yolo11s",yolo11s,1.5,True,True,2,0.13455630650399367,1.0,0.38386932108218474,0.16287235915660858,0.9998587965965271,0.38055914640426636,"('llama1b,mobilenet_v2,qwen2_vl,resnet50,yolo11m,yolo11s', 1.5)"
combination_241,"llama1b,mobilenet_v2,qwen2_vl,resnet50,yolo11m,yolo11s",yolo11s,1.0,True,True,1,0.14127109013025616,1.0,0.34799054373522464,0.15403948724269867,0.9974913597106934,0.37476685643196106,"('llama1b,mobilenet_v2,qwen2_vl,resnet50,yolo11m,yolo11s', 1.0)"
combination_244,"llama1b,mobilenet_v2,qwen2_vl,resnet50,yolo11m,yolo11s",yolo11s,1.0,True,True,1,0.43670775417431595,0.7215585893060297,0.732387706855792,0.3923616111278534,0.6668004393577576,0.7709019184112549,"('llama1b,mobilenet_v2,qwen2_vl,resnet50,yolo11m,yolo11s', 1.0)"
combination_265,"llama1b,mobilenet_v2,qwen2_vl,resnet50,yolo11m,yolo11s",yolo11s,1.5,True,True,2,0.8002282103045729,0.5328571428571429,0.4563552833078101,0.7088246941566467,0.5120434761047363,0.4440174996852875,"('llama1b,mobilenet_v2,qwen2_vl,resnet50,yolo11m,yolo11s', 1.5)"
combination_246,"llama1b,mobilenet_v2,qwen2_vl,resnet50,yolo11m,yolo11s",yolo11s,1.0,True,True,1,1.0,0.12969283276450502,0.4983451536643026,0.9968739748001099,0.16248278319835663,0.5163949131965637,"('llama1b,mobilenet_v2,qwen2_vl,resnet50,yolo11m,yolo11s', 1.0)"
combination_242,"llama1b,mobilenet_v2,qwen2_vl,resnet50,yolo11m,yolo11s",yolo11s,1.0,True,True,1,0.8768248972812308,0.0,1.0,0.8556305170059204,0.014409939758479595,1.0,"('llama1b,mobilenet_v2,qwen2_vl,resnet50,yolo11m,yolo11s', 1.0)"
combination_258,"llama1b,mobilenet_v2,qwen2_vl,resnet50,yolo11m,yolo11s",yolo11s,1.5,True,True,2,0.8061090143070306,0.0,1.0,0.8124977350234985,0.021818779408931732,0.9706885814666748,"('llama1b,mobilenet_v2,qwen2_vl,resnet50,yolo11m,yolo11s', 1.5)"
combination_272,"llama1b,mobilenet_v2,qwen2_vl,resnet50,yolo11m,yolo11s",yolo11s,1.5,True,True,2,0.48797507241288507,0.9647619047619049,0.41347626339969373,0.5460976362228394,0.9339394569396973,0.42747417092323303,"('llama1b,mobilenet_v2,qwen2_vl,resnet50,yolo11m,yolo11s', 1.5)"
combination_281,"llama1b,mobilenet_v2,qwen2_vl,resnet50,yolo11m,yolo11s",yolo11s,2.0,True,True,2,0.8329314661967913,0.7952191235059765,0.46268656716417905,0.7108017802238464,0.5916789770126343,0.450845867395401,"('llama1b,mobilenet_v2,qwen2_vl,resnet50,yolo11m,yolo11s', 2.0)"
combination_264,"llama1b,mobilenet_v2,qwen2_vl,resnet50,yolo11m,yolo11s",yolo11s,1.5,True,True,2,0.26323180900552967,0.6780952380952381,0.7641653905053599,0.318247526884079,0.6487951278686523,0.77277672290802,"('llama1b,mobilenet_v2,qwen2_vl,resnet50,yolo11m,yolo11s', 1.5)"
combination_268,"llama1b,mobilenet_v2,qwen2_vl,resnet50,yolo11m,yolo11s",yolo11s,1.5,True,True,2,0.5231721232335644,0.9590476190476188,0.41347626339969373,0.53642338514328,0.8652971386909485,0.41546115279197693,"('llama1b,mobilenet_v2,qwen2_vl,resnet50,yolo11m,yolo11s', 1.5)"
combination_275,"llama1b,mobilenet_v2,qwen2_vl,resnet50,yolo11m,yolo11s",yolo11s,2.0,True,True,2,0.27037930075118244,1.0,0.4109808102345415,0.2724931836128235,0.9460374712944031,0.41281962394714355,"('llama1b,mobilenet_v2,qwen2_vl,resnet50,yolo11m,yolo11s', 2.0)"
combination_269,"llama1b,mobilenet_v2,qwen2_vl,resnet50,yolo11m,yolo11s",yolo11s,1.5,True,True,2,0.4053804967962784,0.5376190476190477,0.8320571720265442,0.4409865736961365,0.4128403067588806,0.7931735515594482,"('llama1b,mobilenet_v2,qwen2_vl,resnet50,yolo11m,yolo11s', 1.5)"
combination_251,"llama1b,mobilenet_v2,qwen2_vl,resnet50,yolo11m,yolo11s",yolo11s,1.0,True,True,1,0.2533001136462978,0.9869169510807735,0.37352245862884165,0.2662847936153412,0.9914618134498596,0.38278913497924805,"('llama1b,mobilenet_v2,qwen2_vl,resnet50,yolo11m,yolo11s', 1.0)"
combination_263,"llama1b,mobilenet_v2,qwen2_vl,resnet50,yolo11m,yolo11s",yolo11s,1.5,True,True,2,0.36035284824014746,0.9814285714285713,0.3879530372639101,0.38261082768440247,0.9895304441452026,0.4100477993488312,"('llama1b,mobilenet_v2,qwen2_vl,resnet50,yolo11m,yolo11s', 1.5)"
combination_273,"llama1b,mobilenet_v2,qwen2_vl,resnet50,yolo11m,yolo11s",yolo11s,2.0,True,True,2,0.15213762403783734,1.0,0.4067164179104477,0.15339870750904083,1.0,0.4091509282588959,"('llama1b,mobilenet_v2,qwen2_vl,resnet50,yolo11m,yolo11s', 2.0)"
combination_277,"llama1b,mobilenet_v2,qwen2_vl,resnet50,yolo11m,yolo11s",yolo11s,2.0,True,True,2,0.47653714179727347,0.47091633466135424,0.8550106609808101,0.5521719455718994,0.46890923380851746,0.831639289855957,"('llama1b,mobilenet_v2,qwen2_vl,resnet50,yolo11m,yolo11s', 2.0)"
combination_288,"llama1b,mobilenet_v2,qwen2_vl,resnet50,yolo11m,yolo11s",yolo11s,2.0,True,True,2,0.49207085226745806,0.9776892430278883,0.4317697228144989,0.5361052751541138,0.9432618618011475,0.4370533525943756,"('llama1b,mobilenet_v2,qwen2_vl,resnet50,yolo11m,yolo11s', 2.0)"
combination_247,"llama1b,mobilenet_v2,qwen2_vl,resnet50,yolo11m,yolo11s",yolo11s,1.0,True,True,1,0.37232275548561944,0.9459613196814561,0.3791962174940898,0.3585081696510315,0.9680967926979065,0.3819417357444763,"('llama1b,mobilenet_v2,qwen2_vl,resnet50,yolo11m,yolo11s', 1.0)"
combination_282,"llama1b,mobilenet_v2,qwen2_vl,resnet50,yolo11m,yolo11s",yolo11s,2.0,True,True,2,0.6697115830473894,0.3601593625498002,0.9077825159914712,0.7069976925849915,0.26760879158973694,0.916487991809845,"('llama1b,mobilenet_v2,qwen2_vl,resnet50,yolo11m,yolo11s', 2.0)"
combination_250,"llama1b,mobilenet_v2,qwen2_vl,resnet50,yolo11m,yolo11s",yolo11s,1.0,True,True,1,0.7437275985663082,0.31456200227531295,0.8921985815602838,0.7590596675872803,0.4519146680831909,0.8835557103157043,"('llama1b,mobilenet_v2,qwen2_vl,resnet50,yolo11m,yolo11s', 1.0)"
combination_274,"llama1b,mobilenet_v2,qwen2_vl,resnet50,yolo11m,yolo11s",yolo11s,2.0,True,True,2,0.7492812760827227,0.0,1.0,0.8226863741874695,0.005555131006985903,0.9898343086242676,"('llama1b,mobilenet_v2,qwen2_vl,resnet50,yolo11m,yolo11s', 2.0)"
combination_261,"llama1b,mobilenet_v2,qwen2_vl,resnet50,yolo11m,yolo11s",yolo11s,1.5,True,True,2,0.4873606600544194,0.5880952380952379,0.8295048494129658,0.5651854872703552,0.4739626944065094,0.8041093349456787,"('llama1b,mobilenet_v2,qwen2_vl,resnet50,yolo11m,yolo11s', 1.5)"
combination_249,"llama1b,mobilenet_v2,qwen2_vl,resnet50,yolo11m,yolo11s",yolo11s,1.0,True,True,1,0.7980155608007694,0.4977246871444825,0.42364066193853434,0.8071750402450562,0.5493277311325073,0.43398502469062805,"('llama1b,mobilenet_v2,qwen2_vl,resnet50,yolo11m,yolo11s', 1.0)"
combination_243,"llama1b,mobilenet_v2,qwen2_vl,resnet50,yolo11m,yolo11s",yolo11s,1.0,True,True,1,0.2455634233761693,0.7935153583617748,0.3777777777777778,0.2649184465408325,0.9497376084327698,0.3793807029724121,"('llama1b,mobilenet_v2,qwen2_vl,resnet50,yolo11m,yolo11s', 1.0)"
combination_270,"llama1b,mobilenet_v2,qwen2_vl,resnet50,yolo11m,yolo11s",yolo11s,1.5,True,True,2,0.7163609233740015,0.43904761904761885,0.9004594180704442,0.7843316793441772,0.26099178194999695,0.8944428563117981,"('llama1b,mobilenet_v2,qwen2_vl,resnet50,yolo11m,yolo11s', 1.5)"
combination_256,"llama1b,mobilenet_v2,qwen2_vl,resnet50,yolo11m,yolo11s",yolo11s,1.0,True,True,1,0.523953142757234,0.909840728100114,0.39148936170212767,0.49930545687675476,0.9002531170845032,0.4087739586830139,"('llama1b,mobilenet_v2,qwen2_vl,resnet50,yolo11m,yolo11s', 1.0)"
combination_262,"llama1b,mobilenet_v2,qwen2_vl,resnet50,yolo11m,yolo11s",yolo11s,1.5,True,True,2,1.0,0.3147619047619045,0.5329249617151608,0.9530251622200012,0.28054630756378174,0.5367814898490906,"('llama1b,mobilenet_v2,qwen2_vl,resnet50,yolo11m,yolo11s', 1.5)"
combination_254,"llama1b,mobilenet_v2,qwen2_vl,resnet50,yolo11m,yolo11s",yolo11s,1.0,True,True,1,0.7626977882682054,0.42036405005688293,0.8784869976359337,0.7531121969223022,0.5249080657958984,0.8750228881835938,"('llama1b,mobilenet_v2,qwen2_vl,resnet50,yolo11m,yolo11s', 1.0)"
combination_252,"llama1b,mobilenet_v2,qwen2_vl,resnet50,yolo11m,yolo11s",yolo11s,1.0,True,True,1,0.5371535973424251,0.9081342434584756,0.3905437352245863,0.5244734883308411,0.8215768933296204,0.4110651910305023,"('llama1b,mobilenet_v2,qwen2_vl,resnet50,yolo11m,yolo11s', 1.0)"
combination_253,"llama1b,mobilenet_v2,qwen2_vl,resnet50,yolo11m,yolo11s",yolo11s,1.0,True,True,1,0.4144593058833814,0.5173492605233221,0.782033096926714,0.41276949644088745,0.5425021648406982,0.7971364259719849,"('llama1b,mobilenet_v2,qwen2_vl,resnet50,yolo11m,yolo11s', 1.0)"
combination_279,"llama1b,mobilenet_v2,qwen2_vl,resnet50,yolo11m,yolo11s",yolo11s,2.0,True,True,2,0.36988778633033476,0.9888446215139446,0.412046908315565,0.3774941563606262,0.9905737042427063,0.42915287613868713,"('llama1b,mobilenet_v2,qwen2_vl,resnet50,yolo11m,yolo11s', 2.0)"
combination_245,"llama1b,mobilenet_v2,qwen2_vl,resnet50,yolo11m,yolo11s",yolo11s,1.0,True,True,1,0.5544190925780227,0.659556313993174,0.791016548463357,0.5029793381690979,0.5808935761451721,0.808083176612854,"('llama1b,mobilenet_v2,qwen2_vl,resnet50,yolo11m,yolo11s', 1.0)"
combination_255,"llama1b,mobilenet_v2,qwen2_vl,resnet50,yolo11m,yolo11s",yolo11s,1.0,True,True,1,0.24075531077891427,1.0,0.3583924349881797,0.2653869092464447,0.983816385269165,0.3795143961906433,"('llama1b,mobilenet_v2,qwen2_vl,resnet50,yolo11m,yolo11s', 1.0)"
combination_248,"llama1b,mobilenet_v2,qwen2_vl,resnet50,yolo11m,yolo11s",yolo11s,1.0,True,True,1,0.28223620945886885,0.7289533560864617,0.7361702127659575,0.28733906149864197,0.674994707107544,0.7635957598686218,"('llama1b,mobilenet_v2,qwen2_vl,resnet50,yolo11m,yolo11s', 1.0)"
combination_232,"llama1b,mobilenet_v2,qwen2_vl,resnet50,yolo11s",yolo11s,3.0,True,True,0,1.0,0.9002732240437162,0.6127292340884574,0.7792114615440369,0.4279997944831848,0.5835690498352051,"('llama1b,mobilenet_v2,qwen2_vl,resnet50,yolo11s', 3.0)"
combination_218,"llama1b,mobilenet_v2,qwen2_vl,resnet50,yolo11s",yolo11s,2.0,True,True,0,0.5072260136491369,0.3613445378151264,0.7801980198019802,0.3309008777141571,0.4834735691547394,0.836717963218689,"('llama1b,mobilenet_v2,qwen2_vl,resnet50,yolo11s', 2.0)"
combination_219,"llama1b,mobilenet_v2,qwen2_vl,resnet50,yolo11s",yolo11s,2.0,True,True,0,0.5856081894821357,0.33529411764705924,0.7995049504950494,0.4144691824913025,0.5020064115524292,0.8387369513511658,"('llama1b,mobilenet_v2,qwen2_vl,resnet50,yolo11s', 2.0)"
combination_237,"llama1b,mobilenet_v2,qwen2_vl,resnet50,yolo11s",yolo11s,3.0,True,True,0,0.3548845672694188,0.23497267759562818,0.8619201725997843,0.29791131615638733,0.3328152596950531,0.8276242017745972,"('llama1b,mobilenet_v2,qwen2_vl,resnet50,yolo11s', 3.0)"
combination_211,"llama1b,mobilenet_v2,qwen2_vl,resnet50,yolo11s",yolo11s,2.0,True,True,0,0.5148534725010036,0.9462184873949583,0.4118811881188119,0.35987362265586853,1.0,0.44033992290496826,"('llama1b,mobilenet_v2,qwen2_vl,resnet50,yolo11s', 2.0)"
combination_212,"llama1b,mobilenet_v2,qwen2_vl,resnet50,yolo11s",yolo11s,2.0,True,True,0,0.8133781613809714,0.896638655462185,0.44702970297029704,0.4788862466812134,0.8229774236679077,0.48864448070526123,"('llama1b,mobilenet_v2,qwen2_vl,resnet50,yolo11s', 2.0)"
combination_239,"llama1b,mobilenet_v2,qwen2_vl,resnet50,yolo11s",yolo11s,3.0,True,True,0,0.6773001250995109,0.1407103825136623,0.9234088457389429,0.6458600163459778,0.43588021397590637,0.8953900337219238,"('llama1b,mobilenet_v2,qwen2_vl,resnet50,yolo11s', 3.0)"
combination_223,"llama1b,mobilenet_v2,qwen2_vl,resnet50,yolo11s",yolo11s,2.0,True,True,0,0.6712665596146125,0.20756302521008357,0.9094059405940594,0.6883773803710938,0.37761425971984863,0.9032939672470093,"('llama1b,mobilenet_v2,qwen2_vl,resnet50,yolo11s', 2.0)"
combination_235,"llama1b,mobilenet_v2,qwen2_vl,resnet50,yolo11s",yolo11s,3.0,True,True,0,0.6122483793926987,0.22814207650273277,0.8532901833872708,0.3950895667076111,0.35474905371665955,0.8390420079231262,"('llama1b,mobilenet_v2,qwen2_vl,resnet50,yolo11s', 3.0)"
combination_238,"llama1b,mobilenet_v2,qwen2_vl,resnet50,yolo11s",yolo11s,3.0,True,True,0,0.7656658705788695,0.16256830601092917,0.8959007551240561,0.6702927947044373,0.4078053832054138,0.8849813342094421,"('llama1b,mobilenet_v2,qwen2_vl,resnet50,yolo11s', 3.0)"
combination_236,"llama1b,mobilenet_v2,qwen2_vl,resnet50,yolo11s",yolo11s,3.0,True,True,0,0.9238598885477083,0.18442622950819754,0.8953613807982741,0.7418162822723389,0.38774120807647705,0.896953821182251,"('llama1b,mobilenet_v2,qwen2_vl,resnet50,yolo11s', 3.0)"
combination_228,"llama1b,mobilenet_v2,qwen2_vl,resnet50,yolo11s",yolo11s,3.0,True,True,0,0.8865574889116342,0.9590163934426229,0.48058252427184467,0.47664186358451843,0.9633180499076843,0.49986642599105835,"('llama1b,mobilenet_v2,qwen2_vl,resnet50,yolo11s', 3.0)"
combination_230,"llama1b,mobilenet_v2,qwen2_vl,resnet50,yolo11s",yolo11s,3.0,True,True,0,0.5721596724667348,1.0,0.48274002157497303,0.3512828052043915,0.9692434668540955,0.46992963552474976,"('llama1b,mobilenet_v2,qwen2_vl,resnet50,yolo11s', 3.0)"
combination_209,"llama1b,mobilenet_v2,qwen2_vl,resnet50,yolo11s",yolo11s,2.0,True,True,0,0.20764753111200315,1.0,0.3886138613861386,0.15466643869876862,0.9989016652107239,0.41112956404685974,"('llama1b,mobilenet_v2,qwen2_vl,resnet50,yolo11s', 2.0)"
combination_193,"llama1b,mobilenet_v2,qwen2_vl,resnet50,yolo11s",yolo11s,1.0,True,True,0,0.1967235873941413,1.0,0.34620626987732844,0.1568322628736496,0.8656144142150879,0.36797890067100525,"('llama1b,mobilenet_v2,qwen2_vl,resnet50,yolo11s', 1.0)"
combination_196,"llama1b,mobilenet_v2,qwen2_vl,resnet50,yolo11s",yolo11s,1.0,True,True,0,0.7972141237447359,0.7331852791878174,0.3993639254884143,0.4761953353881836,0.5511932969093323,0.4457055926322937,"('llama1b,mobilenet_v2,qwen2_vl,resnet50,yolo11s', 1.0)"
combination_217,"llama1b,mobilenet_v2,qwen2_vl,resnet50,yolo11s",yolo11s,2.0,True,True,0,0.2557205941389,0.3949579831932777,0.754950495049505,0.2566758394241333,0.4900802671909332,0.8036420345306396,"('llama1b,mobilenet_v2,qwen2_vl,resnet50,yolo11s', 2.0)"
combination_198,"llama1b,mobilenet_v2,qwen2_vl,resnet50,yolo11s",yolo11s,1.0,True,True,0,0.5512055162200935,0.9295685279187818,0.4093593820990459,0.40587007999420166,0.6261242032051086,0.42205342650413513,"('llama1b,mobilenet_v2,qwen2_vl,resnet50,yolo11s', 1.0)"
combination_194,"llama1b,mobilenet_v2,qwen2_vl,resnet50,yolo11s",yolo11s,1.0,True,True,0,0.3536489425702254,0.9673223350253808,0.376192639709223,0.3285040259361267,0.7680257558822632,0.39328211545944214,"('llama1b,mobilenet_v2,qwen2_vl,resnet50,yolo11s', 1.0)"
combination_210,"llama1b,mobilenet_v2,qwen2_vl,resnet50,yolo11s",yolo11s,2.0,True,True,0,0.36827579285427536,1.0,0.4054455445544554,0.2844134569168091,0.9985233545303345,0.43822741508483887,"('llama1b,mobilenet_v2,qwen2_vl,resnet50,yolo11s', 2.0)"
combination_224,"llama1b,mobilenet_v2,qwen2_vl,resnet50,yolo11s",yolo11s,2.0,True,True,0,0.7279205138498595,0.0,1.0,0.7179664373397827,0.0250286515802145,0.9928469061851501,"('llama1b,mobilenet_v2,qwen2_vl,resnet50,yolo11s', 2.0)"
combination_233,"llama1b,mobilenet_v2,qwen2_vl,resnet50,yolo11s",yolo11s,3.0,True,True,0,0.2943818946889571,0.23497267759562818,0.8311758360302051,0.2467402070760727,0.3498159945011139,0.8044285774230957,"('llama1b,mobilenet_v2,qwen2_vl,resnet50,yolo11s', 3.0)"
combination_216,"llama1b,mobilenet_v2,qwen2_vl,resnet50,yolo11s",yolo11s,2.0,True,True,0,1.0,0.7621848739495799,0.5504950495049504,0.88671875,0.36842283606529236,0.5815143585205078,"('llama1b,mobilenet_v2,qwen2_vl,resnet50,yolo11s', 2.0)"
combination_220,"llama1b,mobilenet_v2,qwen2_vl,resnet50,yolo11s",yolo11s,2.0,True,True,0,0.878562826174227,0.248739495798319,0.8767326732673268,0.6985992789268494,0.41008031368255615,0.9004569053649902,"('llama1b,mobilenet_v2,qwen2_vl,resnet50,yolo11s', 2.0)"
combination_227,"llama1b,mobilenet_v2,qwen2_vl,resnet50,yolo11s",yolo11s,3.0,True,True,0,0.556522233594905,0.9713114754098362,0.43959007551240564,0.34454450011253357,0.9864735007286072,0.4484299421310425,"('llama1b,mobilenet_v2,qwen2_vl,resnet50,yolo11s', 3.0)"
combination_221,"llama1b,mobilenet_v2,qwen2_vl,resnet50,yolo11s",yolo11s,2.0,True,True,0,0.3651144118827779,0.3613445378151264,0.8074257425742574,0.29520195722579956,0.46926987171173096,0.829985499382019,"('llama1b,mobilenet_v2,qwen2_vl,resnet50,yolo11s', 2.0)"
combination_203,"llama1b,mobilenet_v2,qwen2_vl,resnet50,yolo11s",yolo11s,1.0,True,True,0,0.581702068582535,0.5371192893401014,0.7782825988187186,0.4431905448436737,0.5282081961631775,0.7962765693664551,"('llama1b,mobilenet_v2,qwen2_vl,resnet50,yolo11s', 1.0)"
combination_215,"llama1b,mobilenet_v2,qwen2_vl,resnet50,yolo11s",yolo11s,2.0,True,True,0,0.6689080690485748,0.8537815126050422,0.4495049504950495,0.47582465410232544,0.9570429921150208,0.4638296365737915,"('llama1b,mobilenet_v2,qwen2_vl,resnet50,yolo11s', 2.0)"
combination_225,"llama1b,mobilenet_v2,qwen2_vl,resnet50,yolo11s",yolo11s,3.0,True,True,0,0.22301831001933353,1.0,0.41747572815533984,0.15496458113193512,0.9934225678443909,0.42285776138305664,"('llama1b,mobilenet_v2,qwen2_vl,resnet50,yolo11s', 3.0)"
combination_229,"llama1b,mobilenet_v2,qwen2_vl,resnet50,yolo11s",yolo11s,3.0,True,True,0,0.36301603548277034,1.0,0.4466019417475728,0.2584501802921295,0.9861142635345459,0.44898951053619385,"('llama1b,mobilenet_v2,qwen2_vl,resnet50,yolo11s', 3.0)"
combination_240,"llama1b,mobilenet_v2,qwen2_vl,resnet50,yolo11s",yolo11s,3.0,True,True,0,0.6214033890594791,0.0,1.0,0.7814632654190063,0.07290205359458923,0.9849259257316589,"('llama1b,mobilenet_v2,qwen2_vl,resnet50,yolo11s', 3.0)"
combination_199,"llama1b,mobilenet_v2,qwen2_vl,resnet50,yolo11s",yolo11s,1.0,True,True,0,0.6740247119255866,0.7693527918781726,0.42117219445706494,0.4850858747959137,0.5477178692817688,0.4271852374076843,"('llama1b,mobilenet_v2,qwen2_vl,resnet50,yolo11s', 1.0)"
combination_234,"llama1b,mobilenet_v2,qwen2_vl,resnet50,yolo11s",yolo11s,3.0,True,True,0,0.5225747753895144,0.271857923497268,0.8387270765911543,0.3126057982444763,0.35009443759918213,0.8387391567230225,"('llama1b,mobilenet_v2,qwen2_vl,resnet50,yolo11s', 3.0)"
combination_202,"llama1b,mobilenet_v2,qwen2_vl,resnet50,yolo11s",yolo11s,1.0,True,True,0,0.47864315794344947,0.5993020304568529,0.7719218537028623,0.3635573983192444,0.5311549305915833,0.7940375208854675,"('llama1b,mobilenet_v2,qwen2_vl,resnet50,yolo11s', 1.0)"
combination_226,"llama1b,mobilenet_v2,qwen2_vl,resnet50,yolo11s",yolo11s,3.0,True,True,0,0.40532241555783005,1.0,0.4412081984897519,0.2680433988571167,0.9931842684745789,0.4433271586894989,"('llama1b,mobilenet_v2,qwen2_vl,resnet50,yolo11s', 3.0)"
combination_213,"llama1b,mobilenet_v2,qwen2_vl,resnet50,yolo11s",yolo11s,2.0,True,True,0,0.3436872741870734,0.9991596638655463,0.4,0.2682815194129944,0.9937496185302734,0.4357282817363739,"('llama1b,mobilenet_v2,qwen2_vl,resnet50,yolo11s', 2.0)"
combination_201,"llama1b,mobilenet_v2,qwen2_vl,resnet50,yolo11s",yolo11s,1.0,True,True,0,0.2674348651025036,0.6538705583756347,0.7133121308496138,0.25921887159347534,0.5675555467605591,0.7446829080581665,"('llama1b,mobilenet_v2,qwen2_vl,resnet50,yolo11s', 1.0)"
combination_195,"llama1b,mobilenet_v2,qwen2_vl,resnet50,yolo11s",yolo11s,1.0,True,True,0,0.500532185663381,0.8420050761421322,0.36937755565651975,0.38911354541778564,0.6916074156761169,0.398747980594635,"('llama1b,mobilenet_v2,qwen2_vl,resnet50,yolo11s', 1.0)"
combination_222,"llama1b,mobilenet_v2,qwen2_vl,resnet50,yolo11s",yolo11s,2.0,True,True,0,0.7335909273384181,0.32773109243697507,0.8856435643564357,0.7007115483283997,0.3413470685482025,0.893454909324646,"('llama1b,mobilenet_v2,qwen2_vl,resnet50,yolo11s', 2.0)"
combination_208,"llama1b,mobilenet_v2,qwen2_vl,resnet50,yolo11s",yolo11s,1.0,True,True,0,0.874080244342635,0.0,1.0,0.8023033142089844,0.008440203964710236,0.9976224899291992,"('llama1b,mobilenet_v2,qwen2_vl,resnet50,yolo11s', 1.0)"
combination_214,"llama1b,mobilenet_v2,qwen2_vl,resnet50,yolo11s",yolo11s,2.0,True,True,0,0.5475210758731432,1.0,0.449009900990099,0.3728436529636383,0.9724593162536621,0.4598109722137451,"('llama1b,mobilenet_v2,qwen2_vl,resnet50,yolo11s', 2.0)"
combination_206,"llama1b,mobilenet_v2,qwen2_vl,resnet50,yolo11s",yolo11s,1.0,True,True,0,0.7795825813318525,0.5352157360406093,0.8491594729668333,0.689081609249115,0.38555631041526794,0.8799037933349609,"('llama1b,mobilenet_v2,qwen2_vl,resnet50,yolo11s', 1.0)"
combination_204,"llama1b,mobilenet_v2,qwen2_vl,resnet50,yolo11s",yolo11s,1.0,True,True,0,0.894395853579527,0.35786802030456855,0.8491594729668333,0.8092638850212097,0.32040706276893616,0.8880336284637451,"('llama1b,mobilenet_v2,qwen2_vl,resnet50,yolo11s', 1.0)"
combination_205,"llama1b,mobilenet_v2,qwen2_vl,resnet50,yolo11s",yolo11s,1.0,True,True,0,0.38423804896108105,0.6091370558375636,0.7810086324398001,0.31615927815437317,0.5461016893386841,0.7818260192871094,"('llama1b,mobilenet_v2,qwen2_vl,resnet50,yolo11s', 1.0)"
combination_231,"llama1b,mobilenet_v2,qwen2_vl,resnet50,yolo11s",yolo11s,3.0,True,True,0,0.6961787785738655,0.9357923497267755,0.49298813376483286,0.451557457447052,0.935175359249115,0.475082665681839,"('llama1b,mobilenet_v2,qwen2_vl,resnet50,yolo11s', 3.0)"
combination_197,"llama1b,mobilenet_v2,qwen2_vl,resnet50,yolo11s",yolo11s,1.0,True,True,0,0.33735943356934606,0.9796954314720814,0.37573830077237613,0.2780930697917938,0.8639453649520874,0.3946978449821472,"('llama1b,mobilenet_v2,qwen2_vl,resnet50,yolo11s', 1.0)"
combination_207,"llama1b,mobilenet_v2,qwen2_vl,resnet50,yolo11s",yolo11s,1.0,True,True,0,0.7351566476930907,0.44574873096446715,0.8782371649250339,0.7013862729072571,0.34858039021492004,0.8885492086410522,"('llama1b,mobilenet_v2,qwen2_vl,resnet50,yolo11s', 1.0)"
combination_200,"llama1b,mobilenet_v2,qwen2_vl,resnet50,yolo11s",yolo11s,1.0,True,True,0,1.0,0.2490482233502538,0.506133575647433,0.956580638885498,0.3217695951461792,0.536552906036377,"('llama1b,mobilenet_v2,qwen2_vl,resnet50,yolo11s', 1.0)"
combination_173,"llama1b,resnet50,yolo11s",yolo11s,3.0,False,True,1,0.05576469407217788,1.0,0.0,0.07518204301595688,0.992357611656189,0.9097404479980469,"('llama1b,resnet50,yolo11s', 3.0)"
combination_188,"qwen2_vl,resnet50,yolo11s",yolo11s,2.0,True,True,0,1.0,0.0,1.0,0.9898282885551453,0.057331230491399765,0.9586632251739502,"('qwen2_vl,resnet50,yolo11s', 2.0)"
combination_163,"llama1b,resnet50,yolo11s",yolo11s,1.0,True,True,1,0.8195716499929547,0.4196091875214261,0.783816425120773,0.8601674437522888,0.5622893571853638,0.9687777757644653,"('llama1b,resnet50,yolo11s', 1.0)"
combination_133,"mobilenet_v2,resnet50,yolo11s",yolo11s,1.0,False,False,2,0.20316353711072377,1.0,0.0,0.26733312010765076,0.9342319369316101,0.8349618911743164,"('mobilenet_v2,resnet50,yolo11s', 1.0)"
combination_140,"mobilenet_v2,resnet50,yolo11s",yolo11s,1.0,False,False,2,1.0,0.0,0.0,1.0,0.014591043815016747,0.9331458806991577,"('mobilenet_v2,resnet50,yolo11s', 1.0)"
combination_166,"llama1b,resnet50,yolo11s",yolo11s,2.0,False,True,1,0.27209233207846245,1.0,0.0,0.19753967225551605,0.9681243896484375,0.9129835367202759,"('llama1b,resnet50,yolo11s', 2.0)"
combination_156,"mobilenet_v2,resnet50,yolo11s",yolo11s,3.0,False,False,2,1.0,0.0,0.0,0.8505712151527405,0.0498163215816021,0.9292004704475403,"('mobilenet_v2,resnet50,yolo11s', 3.0)"
combination_180,"llama1b,resnet50,yolo11s",yolo11s,3.0,True,True,1,0.694825076544697,0.0,1.0,0.9091024994850159,0.0,0.9880486130714417,"('llama1b,resnet50,yolo11s', 3.0)"
combination_191,"qwen2_vl,resnet50,yolo11s",yolo11s,3.0,True,True,2,0.7447248655357881,0.7388663967611332,0.9648033126293996,0.7192227244377136,0.7397074699401855,0.9535840749740601,"('qwen2_vl,resnet50,yolo11s', 3.0)"
combination_121,"resnet50,yolo11s",yolo11s,2.0,False,False,1,0.08800875457721284,1.0,0.0,0.06258915364742279,0.9829413890838623,0.9067040085792542,"('resnet50,yolo11s', 2.0)"
combination_181,"qwen2_vl,resnet50,yolo11s",yolo11s,1.0,True,True,0,0.1867376739391857,1.0,0.9108808290155439,0.1874386966228485,0.971253514289856,0.8642857670783997,"('qwen2_vl,resnet50,yolo11s', 1.0)"
combination_137,"mobilenet_v2,resnet50,yolo11s",yolo11s,1.0,False,False,2,0.3511460422901114,0.9973023098971505,0.0,0.5031781196594238,0.9197868704795837,0.8434280157089233,"('mobilenet_v2,resnet50,yolo11s', 1.0)"
combination_189,"qwen2_vl,resnet50,yolo11s",yolo11s,3.0,True,True,2,0.14122190042752722,1.0,0.9006211180124223,0.15534181892871857,1.0,0.8823819756507874,"('qwen2_vl,resnet50,yolo11s', 3.0)"
combination_185,"qwen2_vl,resnet50,yolo11s",yolo11s,2.0,True,True,0,0.12767527675276752,1.0,0.8795546558704452,0.159439355134964,1.0,0.8697795867919922,"('qwen2_vl,resnet50,yolo11s', 2.0)"
combination_126,"resnet50,yolo11s",yolo11s,3.0,False,False,0,0.48149196973987624,1.0,0.0,0.528863787651062,0.9957044720649719,0.888491690158844,"('resnet50,yolo11s', 3.0)"
combination_152,"mobilenet_v2,resnet50,yolo11s",yolo11s,3.0,False,False,2,0.6691424901572055,0.7185697808535182,0.0,0.562916100025177,0.7883996963500977,0.8780014514923096,"('mobilenet_v2,resnet50,yolo11s', 3.0)"
combination_125,"resnet50,yolo11s",yolo11s,3.0,False,False,0,0.08835308871718112,1.0,0.0,0.07407882064580917,0.9970440864562988,0.8523516058921814,"('resnet50,yolo11s', 3.0)"
combination_135,"mobilenet_v2,resnet50,yolo11s",yolo11s,1.0,False,False,2,0.5100134828504719,0.7629404822121061,0.0,0.5361223816871643,0.8337085843086243,0.8472781777381897,"('mobilenet_v2,resnet50,yolo11s', 1.0)"
combination_143,"mobilenet_v2,resnet50,yolo11s",yolo11s,2.0,False,False,2,0.4593610656431676,0.9350893697083726,0.0,0.402920663356781,0.8887038230895996,0.8481916785240173,"('mobilenet_v2,resnet50,yolo11s', 2.0)"
combination_149,"mobilenet_v2,resnet50,yolo11s",yolo11s,3.0,False,False,2,0.18077234523776284,1.0,0.0,0.2319328337907791,1.0,0.8442378640174866,"('mobilenet_v2,resnet50,yolo11s', 3.0)"
combination_132,"resnet50,yolo11s",yolo11s,4.0,False,False,0,1.0,0.0,0.0,0.9477092027664185,0.0,0.9129129648208618,"('resnet50,yolo11s', 4.0)"
combination_157,"llama1b,resnet50,yolo11s",yolo11s,1.0,False,True,1,0.08010426940960969,1.0,0.0,0.08433061838150024,0.9507454037666321,0.9148170351982117,"('llama1b,resnet50,yolo11s', 1.0)"
combination_183,"qwen2_vl,resnet50,yolo11s",yolo11s,1.0,True,True,0,0.9495791101185362,0.6104850563449289,1.0,0.8723705410957336,0.5315415263175964,0.9355723857879639,"('qwen2_vl,resnet50,yolo11s', 1.0)"
combination_170,"llama1b,resnet50,yolo11s",yolo11s,2.0,True,True,1,0.49673073112740246,0.5695453322571966,0.7802064359441409,0.6513574719429016,0.8598591089248657,0.9558885097503662,"('llama1b,resnet50,yolo11s', 2.0)"
combination_145,"mobilenet_v2,resnet50,yolo11s",yolo11s,2.0,False,False,2,0.2927978777445391,0.9995296331138288,0.0,0.38897237181663513,0.9490429162979126,0.8454846739768982,"('mobilenet_v2,resnet50,yolo11s', 2.0)"
combination_186,"qwen2_vl,resnet50,yolo11s",yolo11s,2.0,True,True,0,0.7191266912669128,1.0,0.9524291497975708,0.7415319681167603,0.8516722917556763,0.9565881490707397,"('qwen2_vl,resnet50,yolo11s', 2.0)"
combination_171,"llama1b,resnet50,yolo11s",yolo11s,2.0,True,True,1,0.6022389538339608,0.46354587032553135,0.7887067395264117,0.6626265048980713,0.7774389982223511,0.9543965458869934,"('llama1b,resnet50,yolo11s', 2.0)"
combination_167,"llama1b,resnet50,yolo11s",yolo11s,2.0,False,True,1,0.5958490192193382,0.798224374495561,0.0,0.29063940048217773,0.9135192036628723,0.9114726781845093,"('llama1b,resnet50,yolo11s', 2.0)"
combination_184,"qwen2_vl,resnet50,yolo11s",yolo11s,1.0,True,True,0,0.9938154956193093,0.0,0.9927461139896373,1.0,0.0,0.9563767313957214,"('qwen2_vl,resnet50,yolo11s', 1.0)"
combination_153,"mobilenet_v2,resnet50,yolo11s",yolo11s,3.0,False,False,2,0.2968754362940832,1.0,0.0,0.3858840763568878,1.0,0.8495237827301025,"('mobilenet_v2,resnet50,yolo11s', 3.0)"
combination_178,"llama1b,resnet50,yolo11s",yolo11s,3.0,True,True,1,0.4823068814937509,0.3264753654574988,0.7767470624613482,0.6865639686584473,0.9055806398391724,0.9680430889129639,"('llama1b,resnet50,yolo11s', 3.0)"
combination_158,"llama1b,resnet50,yolo11s",yolo11s,1.0,False,True,1,0.4017894885162745,0.9273225917038053,0.0,0.2881157696247101,0.8038428425788879,0.9298815727233887,"('llama1b,resnet50,yolo11s', 1.0)"
combination_187,"qwen2_vl,resnet50,yolo11s",yolo11s,2.0,True,True,0,0.718019680196802,0.7633333333333334,0.9483805668016193,0.7327879667282104,0.678795576095581,0.9602072834968567,"('qwen2_vl,resnet50,yolo11s', 2.0)"
combination_176,"llama1b,resnet50,yolo11s",yolo11s,3.0,False,True,1,1.0,0.7623172712506765,0.0,0.8342257738113403,0.5297152996063232,0.979361891746521,"('llama1b,resnet50,yolo11s', 3.0)"
combination_122,"resnet50,yolo11s",yolo11s,2.0,False,False,1,0.5153836440927648,1.0,0.0,0.4701567590236664,0.958812415599823,0.9442353248596191,"('resnet50,yolo11s', 2.0)"
combination_128,"resnet50,yolo11s",yolo11s,3.0,False,False,0,1.0,0.0,0.0,1.0,0.0,0.9115734696388245,"('resnet50,yolo11s', 3.0)"
combination_172,"llama1b,resnet50,yolo11s",yolo11s,2.0,True,True,1,0.7824450168416882,0.0,1.0,0.8894801139831543,0.03860478103160858,0.9880111813545227,"('llama1b,resnet50,yolo11s', 2.0)"
combination_131,"resnet50,yolo11s",yolo11s,4.0,False,False,0,0.6313744734797366,0.8554347826086959,0.0,0.5518782138824463,0.8946434259414673,0.906951367855072,"('resnet50,yolo11s', 4.0)"
combination_124,"resnet50,yolo11s",yolo11s,2.0,False,False,1,1.0,0.0,0.0,0.9991171360015869,0.06169862672686577,0.9843424558639526,"('resnet50,yolo11s', 2.0)"
combination_155,"mobilenet_v2,resnet50,yolo11s",yolo11s,3.0,False,False,2,0.6066232932175467,0.7047289504036914,0.0,0.5034478306770325,0.870827317237854,0.8765084147453308,"('mobilenet_v2,resnet50,yolo11s', 3.0)"
combination_174,"llama1b,resnet50,yolo11s",yolo11s,3.0,False,True,1,0.2782713446770064,1.0,0.0,0.24808254837989807,1.0,0.9227926731109619,"('llama1b,resnet50,yolo11s', 3.0)"
combination_139,"mobilenet_v2,resnet50,yolo11s",yolo11s,1.0,False,False,2,0.7039692196389226,0.6887540043837466,0.0,0.5532000660896301,0.6607242226600647,0.8794522881507874,"('mobilenet_v2,resnet50,yolo11s', 1.0)"
combination_169,"llama1b,resnet50,yolo11s",yolo11s,2.0,True,True,1,0.08822072518327718,0.623352165725047,0.6375227686703097,0.11553944647312164,0.9218592047691345,0.9055089950561523,"('llama1b,resnet50,yolo11s', 2.0)"
combination_142,"mobilenet_v2,resnet50,yolo11s",yolo11s,2.0,False,False,2,0.3376982559124005,1.0,0.0,0.391513854265213,0.8998603820800781,0.8460509777069092,"('mobilenet_v2,resnet50,yolo11s', 2.0)"
combination_147,"mobilenet_v2,resnet50,yolo11s",yolo11s,2.0,False,False,2,0.6133656939662471,0.8506585136406397,0.0,0.501246452331543,0.6948086023330688,0.8771665692329407,"('mobilenet_v2,resnet50,yolo11s', 2.0)"
combination_138,"mobilenet_v2,resnet50,yolo11s",yolo11s,1.0,False,False,2,0.6634548982209214,0.8487607486090037,0.0,0.5934896469116211,0.749481737613678,0.8766542077064514,"('mobilenet_v2,resnet50,yolo11s', 1.0)"
combination_192,"qwen2_vl,resnet50,yolo11s",yolo11s,3.0,True,True,2,1.0,0.0,0.9855072463768115,0.962845504283905,0.055186547338962555,0.9983516335487366,"('qwen2_vl,resnet50,yolo11s', 3.0)"
combination_127,"resnet50,yolo11s",yolo11s,3.0,False,False,0,0.6144666046361098,0.7245901639344259,0.0,0.5955261588096619,0.8194661140441895,0.8996568918228149,"('resnet50,yolo11s', 3.0)"
combination_165,"llama1b,resnet50,yolo11s",yolo11s,2.0,False,True,1,0.055478502080443824,1.0,0.0,0.048832185566425323,0.9998288154602051,0.9037286043167114,"('llama1b,resnet50,yolo11s', 2.0)"
combination_168,"llama1b,resnet50,yolo11s",yolo11s,2.0,False,True,1,1.0,0.6663976324993275,0.0,0.8205304145812988,0.5747540593147278,0.9764891266822815,"('llama1b,resnet50,yolo11s', 2.0)"
combination_160,"llama1b,resnet50,yolo11s",yolo11s,1.0,False,True,1,1.0,0.12084333219060672,0.0,0.827056884765625,0.4498361647129059,0.9805171489715576,"('llama1b,resnet50,yolo11s', 1.0)"
combination_182,"qwen2_vl,resnet50,yolo11s",yolo11s,1.0,True,True,0,1.0,0.9213620774130328,0.9678756476683937,0.9178436994552612,0.7607132196426392,0.9293702840805054,"('qwen2_vl,resnet50,yolo11s', 1.0)"
combination_159,"llama1b,resnet50,yolo11s",yolo11s,1.0,False,True,1,0.7045230379033395,0.6940349674322935,0.0,0.373736709356308,0.6936411261558533,0.9315649271011353,"('llama1b,resnet50,yolo11s', 1.0)"
combination_134,"mobilenet_v2,resnet50,yolo11s",yolo11s,1.0,False,False,2,0.3923180637311322,0.937784522003035,0.0,0.5138088464736938,0.9182085990905762,0.8466703295707703,"('mobilenet_v2,resnet50,yolo11s', 1.0)"
combination_177,"llama1b,resnet50,yolo11s",yolo11s,3.0,True,True,1,0.08889223510515484,0.42230644288034636,0.6419294990723562,0.13383585214614868,0.8800249695777893,0.9154525399208069,"('llama1b,resnet50,yolo11s', 3.0)"
combination_190,"qwen2_vl,resnet50,yolo11s",yolo11s,3.0,True,True,2,0.8020273065784029,1.0,1.0,0.7058943510055542,0.8840187191963196,0.9403554201126099,"('qwen2_vl,resnet50,yolo11s', 3.0)"
combination_175,"llama1b,resnet50,yolo11s",yolo11s,3.0,False,True,1,0.5990563670129999,0.8310774228478613,0.0,0.3502384424209595,0.9557284116744995,0.9178153872489929,"('llama1b,resnet50,yolo11s', 3.0)"
combination_154,"mobilenet_v2,resnet50,yolo11s",yolo11s,3.0,False,False,2,0.5811297573506827,1.0,0.0,0.5370809435844421,0.9083547592163086,0.8727707266807556,"('mobilenet_v2,resnet50,yolo11s', 3.0)"
combination_161,"llama1b,resnet50,yolo11s",yolo11s,1.0,True,True,1,0.13336621107510216,0.6571820363387043,0.6286231884057971,0.16169217228889465,0.9038566946983337,0.9129042029380798,"('llama1b,resnet50,yolo11s', 1.0)"
combination_141,"mobilenet_v2,resnet50,yolo11s",yolo11s,2.0,False,False,2,0.17263080656996105,1.0,0.0,0.2373969554901123,0.9663496017456055,0.8402249217033386,"('mobilenet_v2,resnet50,yolo11s', 2.0)"
combination_129,"resnet50,yolo11s",yolo11s,4.0,False,False,0,0.09266756635177686,1.0,0.0,0.0861659049987793,0.9952826499938965,0.8588853478431702,"('resnet50,yolo11s', 4.0)"
combination_162,"llama1b,resnet50,yolo11s",yolo11s,1.0,True,True,1,0.7595462871635903,0.5764484058964691,0.7693236714975846,0.8605968356132507,0.7215864658355713,0.9672017693519592,"('llama1b,resnet50,yolo11s', 1.0)"
combination_123,"resnet50,yolo11s",yolo11s,2.0,False,False,1,0.6472494633612526,0.7959153249850924,0.0,0.6016672849655151,0.7782242894172668,0.9479920864105225,"('resnet50,yolo11s', 2.0)"
combination_179,"llama1b,resnet50,yolo11s",yolo11s,3.0,True,True,1,0.589419264167043,0.25067677314564163,0.8021026592455164,0.719649612903595,0.7874374985694885,0.9600468873977661,"('llama1b,resnet50,yolo11s', 3.0)"
combination_151,"mobilenet_v2,resnet50,yolo11s",yolo11s,3.0,False,False,2,0.45586798090079017,0.8765859284890422,0.0,0.4126044511795044,0.9735673666000366,0.8498247861862183,"('mobilenet_v2,resnet50,yolo11s', 3.0)"
combination_164,"llama1b,resnet50,yolo11s",yolo11s,1.0,True,True,1,0.8134422995631958,0.0,1.0,0.8863365054130554,0.0,0.9894706606864929,"('llama1b,resnet50,yolo11s', 1.0)"
combination_148,"mobilenet_v2,resnet50,yolo11s",yolo11s,2.0,False,False,2,1.0,0.0,0.0,0.9109828472137451,0.0,0.9233776926994324,"('mobilenet_v2,resnet50,yolo11s', 2.0)"
combination_144,"mobilenet_v2,resnet50,yolo11s",yolo11s,2.0,False,False,2,0.6843427216797426,0.8840545625587959,0.0,0.5674595832824707,0.6580970287322998,0.8721438646316528,"('mobilenet_v2,resnet50,yolo11s', 2.0)"
combination_146,"mobilenet_v2,resnet50,yolo11s",yolo11s,2.0,False,False,2,0.5732911892532595,0.9992944496707432,0.0,0.5254511833190918,0.7203720808029175,0.8756675720214844,"('mobilenet_v2,resnet50,yolo11s', 2.0)"
combination_130,"resnet50,yolo11s",yolo11s,4.0,False,False,0,0.5010428168322905,1.0,0.0,0.4973067343235016,0.9941949844360352,0.8977569937705994,"('resnet50,yolo11s', 4.0)"
combination_150,"mobilenet_v2,resnet50,yolo11s",yolo11s,3.0,False,False,2,0.32873537542233267,1.0,0.0,0.40126872062683105,0.9986071586608887,0.84748774766922,"('mobilenet_v2,resnet50,yolo11s', 3.0)"
combination_136,"mobilenet_v2,resnet50,yolo11s",yolo11s,1.0,False,False,2,0.7623729816830542,0.3004552352048558,0.0,0.8256624937057495,0.617355465888977,0.8804742097854614,"('mobilenet_v2,resnet50,yolo11s', 1.0)"
