# provenance: {"generated_at": "2026-07-29T18:38:28+09:00", "git_commit": "d0e2644025aa868515552f31d7ed11e8c52f694b (pre-commit HEAD)", "alpha": 0.3, "beta": 1.0, "seed": 42, "input_data": ["/home/msyu/PycharmProjects/multimodel-scheduling-mobilint/xgboost_model/full_collection_540/cpu_gpu/performance_gpu_full540.json", "/home/msyu/PycharmProjects/multimodel-scheduling-mobilint/xgboost_model/full_collection_540/cpu_npu/performance_npu_full540.json"], "experiment": "P4 unified oof"}
platform,combination,models,rate_factor,y3_valid,has_gen,fold,y1_meas,y2_meas,y3_meas,y1_pred,y2_pred,y3_pred,group
gpu,combination_401,"llama1b,mobilenet_v2,qwen2_vl,resnet50,yolo11l,yolo11m,yolo11s,yolo11x",2.0,True,True,2,0.3194361486082905,0.7949415284199075,0.6532174632733292,0.33313965797424316,0.8345864415168762,0.6582583785057068,"('llama1b,mobilenet_v2,qwen2_vl,resnet50,yolo11l,yolo11m,yolo11s,yolo11x', 2.0)"
gpu,combination_416,"llama1b,mobilenet_v2,qwen2_vl,resnet50,yolo11l,yolo11m,yolo11s,yolo11x",2.0,True,True,2,0.6991100226974076,0.0,0.9902751913925099,0.6598724722862244,0.0426408015191555,1.0,"('llama1b,mobilenet_v2,qwen2_vl,resnet50,yolo11l,yolo11m,yolo11s,yolo11x', 2.0)"
gpu,combination_391,"llama1b,mobilenet_v2,qwen2_vl,resnet50,yolo11l,yolo11m,yolo11s,yolo11x",1.5,True,True,0,0.6694064717079078,0.49022556390977456,0.34594691535150646,0.6546894907951355,0.4563361406326294,0.32887646555900574,"('llama1b,mobilenet_v2,qwen2_vl,resnet50,yolo11l,yolo11m,yolo11s,yolo11x', 1.5)"
gpu,combination_361,"llama1b,mobilenet_v2,qwen2_vl,resnet50,yolo11l,yolo11m,yolo11s,yolo11x",1.0,True,True,2,0.6518825685867963,0.45872365339578447,0.3018529587567244,0.6814643740653992,0.42799586057662964,0.2803032398223877,"('llama1b,mobilenet_v2,qwen2_vl,resnet50,yolo11l,yolo11m,yolo11s,yolo11x', 1.0)"
gpu,combination_368,"llama1b,mobilenet_v2,qwen2_vl,resnet50,yolo11l,yolo11m,yolo11s,yolo11x",1.0,True,True,2,0.6883620301090777,0.1381733021077283,0.9468021518230723,0.739475667476654,0.1497560441493988,0.9499726295471191,"('llama1b,mobilenet_v2,qwen2_vl,resnet50,yolo11l,yolo11m,yolo11s,yolo11x', 1.0)"
gpu,combination_394,"llama1b,mobilenet_v2,qwen2_vl,resnet50,yolo11l,yolo11m,yolo11s,yolo11x",1.5,True,True,0,0.16398454173155674,0.8257787325456499,0.5270803443328551,0.15073825418949127,0.7947644591331482,0.5248916745185852,"('llama1b,mobilenet_v2,qwen2_vl,resnet50,yolo11l,yolo11m,yolo11s,yolo11x', 1.5)"
gpu,combination_384,"llama1b,mobilenet_v2,qwen2_vl,resnet50,yolo11l,yolo11m,yolo11s,yolo11x",1.5,True,True,0,0.4525292726538616,0.5600429645542429,0.7410329985652798,0.462412565946579,0.5882015824317932,0.7786201238632202,"('llama1b,mobilenet_v2,qwen2_vl,resnet50,yolo11l,yolo11m,yolo11s,yolo11x', 1.5)"
gpu,combination_408,"llama1b,mobilenet_v2,qwen2_vl,resnet50,yolo11l,yolo11m,yolo11s,yolo11x",2.0,True,True,2,0.4739278461354676,0.5923307043785694,0.8595075522449824,0.42630383372306824,0.6314144730567932,0.7254529595375061,"('llama1b,mobilenet_v2,qwen2_vl,resnet50,yolo11l,yolo11m,yolo11s,yolo11x', 2.0)"
gpu,combination_419,"llama1b,mobilenet_v2,qwen2_vl,resnet50,yolo11l,yolo11m,yolo11s,yolo11x",2.0,True,True,2,0.39493489427786405,0.9738917595866193,0.2468446099731016,0.36184659600257874,0.9345574378967285,0.20970217883586884,"('llama1b,mobilenet_v2,qwen2_vl,resnet50,yolo11l,yolo11m,yolo11s,yolo11x', 2.0)"
gpu,combination_349,"llama1b,mobilenet_v2,qwen2_vl,resnet50,yolo11l,yolo11m,yolo11s,yolo11x",1.0,True,True,2,0.06481564950869917,1.0,0.13224745965331738,0.06303206086158752,0.9346863031387329,0.14079220592975616,"('llama1b,mobilenet_v2,qwen2_vl,resnet50,yolo11l,yolo11m,yolo11s,yolo11x', 1.0)"
gpu,combination_409,"llama1b,mobilenet_v2,qwen2_vl,resnet50,yolo11l,yolo11m,yolo11s,yolo11x",2.0,True,True,2,0.6878210488591565,0.39896654881697047,0.372646389406166,0.624553918838501,0.4592348635196686,0.33657780289649963,"('llama1b,mobilenet_v2,qwen2_vl,resnet50,yolo11l,yolo11m,yolo11s,yolo11x', 2.0)"
gpu,combination_365,"llama1b,mobilenet_v2,qwen2_vl,resnet50,yolo11l,yolo11m,yolo11s,yolo11x",1.0,True,True,2,0.3150034556326812,0.6831088992974238,0.5115062761506276,0.3246391713619232,0.7682815194129944,0.5187644362449646,"('llama1b,mobilenet_v2,qwen2_vl,resnet50,yolo11l,yolo11m,yolo11s,yolo11x', 1.0)"
gpu,combination_417,"llama1b,mobilenet_v2,qwen2_vl,resnet50,yolo11l,yolo11m,yolo11s,yolo11x",2.0,True,True,2,0.11602556444869193,0.7391895567038347,0.18332298779226153,0.09198304265737534,0.9213776588439941,0.2085610032081604,"('llama1b,mobilenet_v2,qwen2_vl,resnet50,yolo11l,yolo11m,yolo11s,yolo11x', 2.0)"
gpu,combination_413,"llama1b,mobilenet_v2,qwen2_vl,resnet50,yolo11l,yolo11m,yolo11s,yolo11x",2.0,True,True,2,0.3248118504360291,0.763666032091379,0.6759776536312849,0.3197232186794281,0.7930134534835815,0.6469091176986694,"('llama1b,mobilenet_v2,qwen2_vl,resnet50,yolo11l,yolo11m,yolo11s,yolo11x', 2.0)"
gpu,combination_354,"llama1b,mobilenet_v2,qwen2_vl,resnet50,yolo11l,yolo11m,yolo11s,yolo11x",1.0,True,True,2,0.4564139547462362,0.6324648711943793,0.22369994022713688,0.4743548631668091,0.5840168595314026,0.305008202791214,"('llama1b,mobilenet_v2,qwen2_vl,resnet50,yolo11l,yolo11m,yolo11s,yolo11x', 1.0)"
gpu,combination_380,"llama1b,mobilenet_v2,qwen2_vl,resnet50,yolo11l,yolo11m,yolo11s,yolo11x",1.5,True,True,0,0.7408432831516408,0.0,0.8511477761836442,0.760921835899353,0.2088029533624649,0.9319851398468018,"('llama1b,mobilenet_v2,qwen2_vl,resnet50,yolo11l,yolo11m,yolo11s,yolo11x', 1.5)"
gpu,combination_353,"llama1b,mobilenet_v2,qwen2_vl,resnet50,yolo11l,yolo11m,yolo11s,yolo11x",1.0,True,True,2,0.3657261335977643,0.8448477751756439,0.527495517035266,0.3473891019821167,0.816737711429596,0.536094605922699,"('llama1b,mobilenet_v2,qwen2_vl,resnet50,yolo11l,yolo11m,yolo11s,yolo11x', 1.0)"
gpu,combination_363,"llama1b,mobilenet_v2,qwen2_vl,resnet50,yolo11l,yolo11m,yolo11s,yolo11x",1.0,True,True,2,0.08726223744703865,0.8682669789227165,0.401673640167364,0.06913312524557114,0.8161157965660095,0.5371758341789246,"('llama1b,mobilenet_v2,qwen2_vl,resnet50,yolo11l,yolo11m,yolo11s,yolo11x', 1.0)"
gpu,combination_371,"llama1b,mobilenet_v2,qwen2_vl,resnet50,yolo11l,yolo11m,yolo11s,yolo11x",1.0,True,True,2,0.3691517172991976,0.8461651053864169,0.19635385534967126,0.3816028833389282,0.8376506567001343,0.16523528099060059,"('llama1b,mobilenet_v2,qwen2_vl,resnet50,yolo11l,yolo11m,yolo11s,yolo11x', 1.0)"
gpu,combination_377,"llama1b,mobilenet_v2,qwen2_vl,resnet50,yolo11l,yolo11m,yolo11s,yolo11x",1.5,True,True,0,0.32854588452442746,0.8169709989258861,0.6140602582496414,0.3455308973789215,0.7936980724334717,0.6177093386650085,"('llama1b,mobilenet_v2,qwen2_vl,resnet50,yolo11l,yolo11m,yolo11s,yolo11x', 1.5)"
gpu,combination_360,"llama1b,mobilenet_v2,qwen2_vl,resnet50,yolo11l,yolo11m,yolo11s,yolo11x",1.0,True,True,2,0.4586676282340214,0.6302693208430912,0.6208906156604901,0.46222588419914246,0.5947498083114624,0.6891399025917053,"('llama1b,mobilenet_v2,qwen2_vl,resnet50,yolo11l,yolo11m,yolo11s,yolo11x', 1.0)"
gpu,combination_385,"llama1b,mobilenet_v2,qwen2_vl,resnet50,yolo11l,yolo11m,yolo11s,yolo11x",1.5,True,True,0,0.6529099613543288,0.4887218045112782,0.3434361549497848,0.6557673215866089,0.43663984537124634,0.3333111107349396,"('llama1b,mobilenet_v2,qwen2_vl,resnet50,yolo11l,yolo11m,yolo11s,yolo11x', 1.5)"
gpu,combination_411,"llama1b,mobilenet_v2,qwen2_vl,resnet50,yolo11l,yolo11m,yolo11s,yolo11x",2.0,True,True,2,0.09111814598016962,0.8164264345934186,0.5470722118766812,0.06683724373579025,0.7940800786018372,0.6691367626190186,"('llama1b,mobilenet_v2,qwen2_vl,resnet50,yolo11l,yolo11m,yolo11s,yolo11x', 2.0)"
gpu,combination_398,"llama1b,mobilenet_v2,qwen2_vl,resnet50,yolo11l,yolo11m,yolo11s,yolo11x",2.0,True,True,2,1.0,0.4528147946695675,0.7432236705979723,0.9412820935249329,0.15701672434806824,0.7925453186035156,"('llama1b,mobilenet_v2,qwen2_vl,resnet50,yolo11l,yolo11m,yolo11s,yolo11x', 2.0)"
gpu,combination_373,"llama1b,mobilenet_v2,qwen2_vl,resnet50,yolo11l,yolo11m,yolo11s,yolo11x",1.5,True,True,0,0.06261175520562956,1.0,0.16840028694404593,0.05799354985356331,0.9772627949714661,0.1654907912015915,"('llama1b,mobilenet_v2,qwen2_vl,resnet50,yolo11l,yolo11m,yolo11s,yolo11x', 1.5)"
gpu,combination_414,"llama1b,mobilenet_v2,qwen2_vl,resnet50,yolo11l,yolo11m,yolo11s,yolo11x",2.0,True,True,2,0.4262931549396727,0.28610280119662784,0.8336436995654873,0.37694114446640015,0.3783838152885437,0.6978226900100708,"('llama1b,mobilenet_v2,qwen2_vl,resnet50,yolo11l,yolo11m,yolo11s,yolo11x', 2.0)"
gpu,combination_399,"llama1b,mobilenet_v2,qwen2_vl,resnet50,yolo11l,yolo11m,yolo11s,yolo11x",2.0,True,True,2,0.1271054832158643,0.993472939896655,0.1882888475067246,0.10394399613142014,0.9801833033561707,0.19424617290496826,"('llama1b,mobilenet_v2,qwen2_vl,resnet50,yolo11l,yolo11m,yolo11s,yolo11x', 2.0)"
gpu,combination_395,"llama1b,mobilenet_v2,qwen2_vl,resnet50,yolo11l,yolo11m,yolo11s,yolo11x",1.5,True,True,0,0.3753821307031205,0.8135338345864662,0.21484935437589672,0.384628027677536,0.8951377868652344,0.23982195556163788,"('llama1b,mobilenet_v2,qwen2_vl,resnet50,yolo11l,yolo11m,yolo11s,yolo11x', 1.5)"
gpu,combination_412,"llama1b,mobilenet_v2,qwen2_vl,resnet50,yolo11l,yolo11m,yolo11s,yolo11x",2.0,True,True,2,0.1756062597061283,0.8017405493608921,0.5903165735567971,0.1681562215089798,0.7624285221099854,0.6031138896942139,"('llama1b,mobilenet_v2,qwen2_vl,resnet50,yolo11l,yolo11m,yolo11s,yolo11x', 2.0)"
gpu,combination_381,"llama1b,mobilenet_v2,qwen2_vl,resnet50,yolo11l,yolo11m,yolo11s,yolo11x",1.5,True,True,0,0.1307031204937417,1.0,0.1517216642754663,0.11707393825054169,0.9903087615966797,0.16294510662555695,"('llama1b,mobilenet_v2,qwen2_vl,resnet50,yolo11l,yolo11m,yolo11s,yolo11x', 1.5)"
gpu,combination_406,"llama1b,mobilenet_v2,qwen2_vl,resnet50,yolo11l,yolo11m,yolo11s,yolo11x",2.0,True,True,2,0.2808505554891888,0.9997280391623606,0.19884129939995862,0.2630182206630707,0.9921488761901855,0.2032359391450882,"('llama1b,mobilenet_v2,qwen2_vl,resnet50,yolo11l,yolo11m,yolo11s,yolo11x', 2.0)"
gpu,combination_386,"llama1b,mobilenet_v2,qwen2_vl,resnet50,yolo11l,yolo11m,yolo11s,yolo11x",1.5,True,True,0,0.7845648035992384,0.27690655209452203,0.9072812051649929,0.7524372339248657,0.34532827138900757,0.8470258712768555,"('llama1b,mobilenet_v2,qwen2_vl,resnet50,yolo11l,yolo11m,yolo11s,yolo11x', 1.5)"
gpu,combination_415,"llama1b,mobilenet_v2,qwen2_vl,resnet50,yolo11l,yolo11m,yolo11s,yolo11x",2.0,True,True,2,0.6976167721897025,0.4457438128909438,0.3811297330850404,0.6320260167121887,0.4643094837665558,0.33649206161499023,"('llama1b,mobilenet_v2,qwen2_vl,resnet50,yolo11l,yolo11m,yolo11s,yolo11x', 2.0)"
gpu,combination_404,"llama1b,mobilenet_v2,qwen2_vl,resnet50,yolo11l,yolo11m,yolo11s,yolo11x",2.0,True,True,2,0.8210488591566121,0.20097905901550195,0.9186840471756673,0.7053322196006775,0.054286498576402664,0.8826296925544739,"('llama1b,mobilenet_v2,qwen2_vl,resnet50,yolo11l,yolo11m,yolo11s,yolo11x', 2.0)"
gpu,combination_350,"llama1b,mobilenet_v2,qwen2_vl,resnet50,yolo11l,yolo11m,yolo11s,yolo11x",1.0,True,True,2,1.0,0.0,1.0,1.0,0.049666427075862885,0.7732899785041809,"('llama1b,mobilenet_v2,qwen2_vl,resnet50,yolo11l,yolo11m,yolo11s,yolo11x', 1.0)"
gpu,combination_356,"llama1b,mobilenet_v2,qwen2_vl,resnet50,yolo11l,yolo11m,yolo11s,yolo11x",1.0,True,True,2,0.7265542834820756,0.2057962529274004,0.9024208009563658,0.7878277897834778,0.15120628476142883,0.8441600203514099,"('llama1b,mobilenet_v2,qwen2_vl,resnet50,yolo11l,yolo11m,yolo11s,yolo11x', 1.0)"
gpu,combination_400,"llama1b,mobilenet_v2,qwen2_vl,resnet50,yolo11l,yolo11m,yolo11s,yolo11x",2.0,True,True,2,0.1963923067733843,0.7310307315746533,0.22139457893647838,0.19764235615730286,0.8843455910682678,0.22682052850723267,"('llama1b,mobilenet_v2,qwen2_vl,resnet50,yolo11l,yolo11m,yolo11s,yolo11x', 2.0)"
gpu,combination_359,"llama1b,mobilenet_v2,qwen2_vl,resnet50,yolo11l,yolo11m,yolo11s,yolo11x",1.0,True,True,2,0.35268487634844786,0.809718969555035,0.17139868499701136,0.3806915581226349,0.7760809659957886,0.15943248569965363,"('llama1b,mobilenet_v2,qwen2_vl,resnet50,yolo11l,yolo11m,yolo11s,yolo11x', 1.0)"
gpu,combination_352,"llama1b,mobilenet_v2,qwen2_vl,resnet50,yolo11l,yolo11m,yolo11s,yolo11x",1.0,True,True,2,0.17212055650710653,0.8378220140515222,0.1564554692169755,0.20760521292686462,0.7842441201210022,0.16646051406860352,"('llama1b,mobilenet_v2,qwen2_vl,resnet50,yolo11l,yolo11m,yolo11s,yolo11x', 1.0)"
gpu,combination_383,"llama1b,mobilenet_v2,qwen2_vl,resnet50,yolo11l,yolo11m,yolo11s,yolo11x",1.5,True,True,0,0.3524254484628251,0.762406015037594,0.20086083213773315,0.3647160530090332,0.7453787922859192,0.22876116633415222,"('llama1b,mobilenet_v2,qwen2_vl,resnet50,yolo11l,yolo11m,yolo11s,yolo11x', 1.5)"
gpu,combination_402,"llama1b,mobilenet_v2,qwen2_vl,resnet50,yolo11l,yolo11m,yolo11s,yolo11x",2.0,True,True,2,0.4955501134870385,0.5558879521348926,0.29277881233188496,0.4482715427875519,0.6501105427742004,0.32977330684661865,"('llama1b,mobilenet_v2,qwen2_vl,resnet50,yolo11l,yolo11m,yolo11s,yolo11x', 2.0)"
gpu,combination_367,"llama1b,mobilenet_v2,qwen2_vl,resnet50,yolo11l,yolo11m,yolo11s,yolo11x",1.0,True,True,2,0.6579224135340606,0.43969555035128793,0.3076808129109384,0.712170422077179,0.4362454116344452,0.2803032398223877,"('llama1b,mobilenet_v2,qwen2_vl,resnet50,yolo11l,yolo11m,yolo11s,yolo11x', 1.0)"
gpu,combination_397,"llama1b,mobilenet_v2,qwen2_vl,resnet50,yolo11l,yolo11m,yolo11s,yolo11x",2.0,True,True,2,0.06513558714609961,1.0,0.17111524932753983,0.06240134686231613,0.9902681708335876,0.17913173139095306,"('llama1b,mobilenet_v2,qwen2_vl,resnet50,yolo11l,yolo11m,yolo11s,yolo11x', 2.0)"
gpu,combination_370,"llama1b,mobilenet_v2,qwen2_vl,resnet50,yolo11l,yolo11m,yolo11s,yolo11x",1.0,True,True,2,0.16454821358814864,0.8682669789227165,0.4243873281530185,0.1714371144771576,0.8258768916130066,0.5031198859214783,"('llama1b,mobilenet_v2,qwen2_vl,resnet50,yolo11l,yolo11m,yolo11s,yolo11x', 1.0)"
gpu,combination_375,"llama1b,mobilenet_v2,qwen2_vl,resnet50,yolo11l,yolo11m,yolo11s,yolo11x",1.5,True,True,0,0.11357212897271729,0.9664876476906553,0.1592539454806313,0.1164727658033371,0.9267547726631165,0.1609455794095993,"('llama1b,mobilenet_v2,qwen2_vl,resnet50,yolo11l,yolo11m,yolo11s,yolo11x', 1.5)"
gpu,combination_366,"llama1b,mobilenet_v2,qwen2_vl,resnet50,yolo11l,yolo11m,yolo11s,yolo11x",1.0,True,True,2,0.4037681420715765,0.5040983606557377,0.6174536760310819,0.4005773067474365,0.42544612288475037,0.6735789179801941,"('llama1b,mobilenet_v2,qwen2_vl,resnet50,yolo11l,yolo11m,yolo11s,yolo11x', 1.0)"
gpu,combination_420,"llama1b,mobilenet_v2,qwen2_vl,resnet50,yolo11l,yolo11m,yolo11s,yolo11x",2.0,True,True,2,0.3525863098793453,0.30296437313026936,0.7806745292778812,0.3389110863208771,0.3533436357975006,0.7680633068084717,"('llama1b,mobilenet_v2,qwen2_vl,resnet50,yolo11l,yolo11m,yolo11s,yolo11x', 2.0)"
gpu,combination_355,"llama1b,mobilenet_v2,qwen2_vl,resnet50,yolo11l,yolo11m,yolo11s,yolo11x",1.0,True,True,2,0.6031431232909642,0.4017857142857143,0.32127913927077106,0.6166043877601624,0.37916186451911926,0.2770175635814667,"('llama1b,mobilenet_v2,qwen2_vl,resnet50,yolo11l,yolo11m,yolo11s,yolo11x', 1.0)"
gpu,combination_393,"llama1b,mobilenet_v2,qwen2_vl,resnet50,yolo11l,yolo11m,yolo11s,yolo11x",1.5,True,True,0,0.09742169925592661,0.7630504833512354,0.16947632711621233,0.09889816492795944,0.7945383191108704,0.164041668176651,"('llama1b,mobilenet_v2,qwen2_vl,resnet50,yolo11l,yolo11m,yolo11s,yolo11x', 1.5)"
gpu,combination_396,"llama1b,mobilenet_v2,qwen2_vl,resnet50,yolo11l,yolo11m,yolo11s,yolo11x",1.5,True,True,0,0.3334486935455961,0.33061224489795926,0.8079268292682926,0.3439173698425293,0.31837013363838196,0.7480977177619934,"('llama1b,mobilenet_v2,qwen2_vl,resnet50,yolo11l,yolo11m,yolo11s,yolo11x', 1.5)"
gpu,combination_388,"llama1b,mobilenet_v2,qwen2_vl,resnet50,yolo11l,yolo11m,yolo11s,yolo11x",1.5,True,True,0,0.14656514967987538,0.675187969924812,0.5229555236728838,0.16539646685123444,0.7830179333686829,0.5165889859199524,"('llama1b,mobilenet_v2,qwen2_vl,resnet50,yolo11l,yolo11m,yolo11s,yolo11x', 1.5)"
gpu,combination_410,"llama1b,mobilenet_v2,qwen2_vl,resnet50,yolo11l,yolo11m,yolo11s,yolo11x",2.0,True,True,2,0.79679847091148,0.34892575469132464,1.0,0.7400888800621033,0.2661270499229431,0.8814498782157898,"('llama1b,mobilenet_v2,qwen2_vl,resnet50,yolo11l,yolo11m,yolo11s,yolo11x', 2.0)"
gpu,combination_387,"llama1b,mobilenet_v2,qwen2_vl,resnet50,yolo11l,yolo11m,yolo11s,yolo11x",1.5,True,True,0,0.08167503028205571,0.8257787325456499,0.7186154949784792,0.08590221405029297,0.8344701528549194,0.4852488934993744,"('llama1b,mobilenet_v2,qwen2_vl,resnet50,yolo11l,yolo11m,yolo11s,yolo11x', 1.5)"
gpu,combination_362,"llama1b,mobilenet_v2,qwen2_vl,resnet50,yolo11l,yolo11m,yolo11s,yolo11x",1.0,True,True,2,0.7547402265693078,0.2560011709601873,0.8242677824267781,0.8268731236457825,0.21688345074653625,0.8535664081573486,"('llama1b,mobilenet_v2,qwen2_vl,resnet50,yolo11l,yolo11m,yolo11s,yolo11x', 1.0)"
gpu,combination_405,"llama1b,mobilenet_v2,qwen2_vl,resnet50,yolo11l,yolo11m,yolo11s,yolo11x",2.0,True,True,2,0.1255226376776968,1.0,0.16759776536312848,0.12454183399677277,0.9848816990852356,0.19461938738822937,"('llama1b,mobilenet_v2,qwen2_vl,resnet50,yolo11l,yolo11m,yolo11s,yolo11x', 2.0)"
gpu,combination_418,"llama1b,mobilenet_v2,qwen2_vl,resnet50,yolo11l,yolo11m,yolo11s,yolo11x",2.0,True,True,2,0.1722016485485605,0.8096274136524342,0.6068694392716739,0.16005156934261322,0.7998738884925842,0.6130573153495789,"('llama1b,mobilenet_v2,qwen2_vl,resnet50,yolo11l,yolo11m,yolo11s,yolo11x', 2.0)"
gpu,combination_403,"llama1b,mobilenet_v2,qwen2_vl,resnet50,yolo11l,yolo11m,yolo11s,yolo11x",2.0,True,True,2,0.6512662764305339,0.23225455534403053,0.35423132629836546,0.5911905765533447,0.39997678995132446,0.3362724483013153,"('llama1b,mobilenet_v2,qwen2_vl,resnet50,yolo11l,yolo11m,yolo11s,yolo11x', 2.0)"
gpu,combination_382,"llama1b,mobilenet_v2,qwen2_vl,resnet50,yolo11l,yolo11m,yolo11s,yolo11x",1.5,True,True,0,0.2611178404568264,0.9991407089151451,0.19404591104734578,0.27049770951271057,0.9918732047080994,0.19084469974040985,"('llama1b,mobilenet_v2,qwen2_vl,resnet50,yolo11l,yolo11m,yolo11s,yolo11x', 1.5)"
gpu,combination_389,"llama1b,mobilenet_v2,qwen2_vl,resnet50,yolo11l,yolo11m,yolo11s,yolo11x",1.5,True,True,0,0.3070023648843514,0.7157894736842106,0.5925394548063128,0.3311430811882019,0.6892664432525635,0.62816321849823,"('llama1b,mobilenet_v2,qwen2_vl,resnet50,yolo11l,yolo11m,yolo11s,yolo11x', 1.5)"
gpu,combination_369,"llama1b,mobilenet_v2,qwen2_vl,resnet50,yolo11l,yolo11m,yolo11s,yolo11x",1.0,True,True,2,0.10195618858739745,0.831088992974239,0.14913329348475793,0.09784670174121857,0.8254686594009399,0.1447029560804367,"('llama1b,mobilenet_v2,qwen2_vl,resnet50,yolo11l,yolo11m,yolo11s,yolo11x', 1.0)"
gpu,combination_357,"llama1b,mobilenet_v2,qwen2_vl,resnet50,yolo11l,yolo11m,yolo11s,yolo11x",1.0,True,True,2,0.13041257249316382,0.9989754098360654,0.1737895995218171,0.13536660373210907,0.9241940379142761,0.13449245691299438,"('llama1b,mobilenet_v2,qwen2_vl,resnet50,yolo11l,yolo11m,yolo11s,yolo11x', 1.0)"
gpu,combination_390,"llama1b,mobilenet_v2,qwen2_vl,resnet50,yolo11l,yolo11m,yolo11s,yolo11x",1.5,True,True,0,0.3934071638691815,0.342857142857143,0.6791606886657101,0.412091463804245,0.3488263189792633,0.7945089340209961,"('llama1b,mobilenet_v2,qwen2_vl,resnet50,yolo11l,yolo11m,yolo11s,yolo11x', 1.5)"
gpu,combination_351,"llama1b,mobilenet_v2,qwen2_vl,resnet50,yolo11l,yolo11m,yolo11s,yolo11x",1.0,True,True,2,0.1094984825265182,0.8452868852459015,0.14031679617453677,0.11513502150774002,0.8979445695877075,0.12827426195144653,"('llama1b,mobilenet_v2,qwen2_vl,resnet50,yolo11l,yolo11m,yolo11s,yolo11x', 1.0)"
gpu,combination_407,"llama1b,mobilenet_v2,qwen2_vl,resnet50,yolo11l,yolo11m,yolo11s,yolo11x",2.0,True,True,2,0.35336280014335203,0.7119934729398967,0.25574177529484793,0.34863048791885376,0.8919563889503479,0.21407555043697357,"('llama1b,mobilenet_v2,qwen2_vl,resnet50,yolo11l,yolo11m,yolo11s,yolo11x', 2.0)"
gpu,combination_379,"llama1b,mobilenet_v2,qwen2_vl,resnet50,yolo11l,yolo11m,yolo11s,yolo11x",1.5,True,True,0,0.6233200669089229,0.24661654135338348,0.3242467718794835,0.6368997693061829,0.3582182228565216,0.3290475904941559,"('llama1b,mobilenet_v2,qwen2_vl,resnet50,yolo11l,yolo11m,yolo11s,yolo11x', 1.5)"
gpu,combination_392,"llama1b,mobilenet_v2,qwen2_vl,resnet50,yolo11l,yolo11m,yolo11s,yolo11x",1.5,True,True,0,0.6814904539424351,0.043179377013963495,1.0,0.7203091979026794,0.10874966531991959,0.9702135324478149,"('llama1b,mobilenet_v2,qwen2_vl,resnet50,yolo11l,yolo11m,yolo11s,yolo11x', 1.5)"
gpu,combination_376,"llama1b,mobilenet_v2,qwen2_vl,resnet50,yolo11l,yolo11m,yolo11s,yolo11x",1.5,True,True,0,0.18731614466170615,0.7740064446831365,0.23045193687230991,0.1916828155517578,0.7789466977119446,0.17883965373039246,"('llama1b,mobilenet_v2,qwen2_vl,resnet50,yolo11l,yolo11m,yolo11s,yolo11x', 1.5)"
gpu,combination_372,"llama1b,mobilenet_v2,qwen2_vl,resnet50,yolo11l,yolo11m,yolo11s,yolo11x",1.0,True,True,2,0.325009765918447,0.48228922716627626,0.5838314405260012,0.3579913079738617,0.40244293212890625,0.7246174216270447,"('llama1b,mobilenet_v2,qwen2_vl,resnet50,yolo11l,yolo11m,yolo11s,yolo11x', 1.0)"
gpu,combination_374,"llama1b,mobilenet_v2,qwen2_vl,resnet50,yolo11l,yolo11m,yolo11s,yolo11x",1.5,True,True,0,1.0,0.019334049409237396,0.71538737446198,0.9541763663291931,0.058598000556230545,0.9024733304977417,"('llama1b,mobilenet_v2,qwen2_vl,resnet50,yolo11l,yolo11m,yolo11s,yolo11x', 1.5)"
gpu,combination_358,"llama1b,mobilenet_v2,qwen2_vl,resnet50,yolo11l,yolo11m,yolo11s,yolo11x",1.0,True,True,2,0.27092160221160483,0.9985362997658078,0.14270771069934252,0.2799299955368042,0.931513786315918,0.14681410789489746,"('llama1b,mobilenet_v2,qwen2_vl,resnet50,yolo11l,yolo11m,yolo11s,yolo11x', 1.0)"
gpu,combination_378,"llama1b,mobilenet_v2,qwen2_vl,resnet50,yolo11l,yolo11m,yolo11s,yolo11x",1.5,True,True,0,0.46060448751225697,0.5344790547798067,0.2982424677187948,0.4710206985473633,0.5387888550758362,0.295330286026001,"('llama1b,mobilenet_v2,qwen2_vl,resnet50,yolo11l,yolo11m,yolo11s,yolo11x', 1.5)"
gpu,combination_364,"llama1b,mobilenet_v2,qwen2_vl,resnet50,yolo11l,yolo11m,yolo11s,yolo11x",1.0,True,True,2,0.14714985426244775,0.7167740046838407,0.42782426778242677,0.1815011352300644,0.7593798637390137,0.49176138639450073,"('llama1b,mobilenet_v2,qwen2_vl,resnet50,yolo11l,yolo11m,yolo11s,yolo11x', 1.0)"
gpu,combination_521,"mobilenet_v2,resnet50,yolo11l,yolo11m,yolo11n,yolo11s,yolo11x",2.0,False,False,1,0.31820045371306754,0.6515463917525774,0.0,0.3042435944080353,0.873931348323822,0.5399430990219116,"('mobilenet_v2,resnet50,yolo11l,yolo11m,yolo11n,yolo11s,yolo11x', 2.0)"
gpu,combination_536,"mobilenet_v2,resnet50,yolo11l,yolo11m,yolo11n,yolo11s,yolo11x",2.0,False,False,1,0.8469128378932409,0.23505154639175252,0.0,0.7920129299163818,0.30077022314071655,0.6010710000991821,"('mobilenet_v2,resnet50,yolo11l,yolo11m,yolo11n,yolo11s,yolo11x', 2.0)"
gpu,combination_511,"mobilenet_v2,resnet50,yolo11l,yolo11m,yolo11n,yolo11s,yolo11x",1.5,False,False,1,0.6110071134406589,0.4632241267086137,0.0,0.5420320630073547,0.5706294775009155,0.6111446022987366,"('mobilenet_v2,resnet50,yolo11l,yolo11m,yolo11n,yolo11s,yolo11x', 1.5)"
gpu,combination_481,"mobilenet_v2,resnet50,yolo11l,yolo11m,yolo11n,yolo11s,yolo11x",1.0,False,False,2,0.5015517979452053,0.29842531722978144,0.0,0.5632593631744385,0.16683462262153625,0.571277379989624,"('mobilenet_v2,resnet50,yolo11l,yolo11m,yolo11n,yolo11s,yolo11x', 1.0)"
gpu,combination_488,"mobilenet_v2,resnet50,yolo11l,yolo11m,yolo11n,yolo11s,yolo11x",1.0,False,False,2,0.7908283390410957,0.10931050298119555,0.0,0.8210797309875488,0.06810750812292099,0.6206198930740356,"('mobilenet_v2,resnet50,yolo11l,yolo11m,yolo11n,yolo11s,yolo11x', 1.0)"
gpu,combination_514,"mobilenet_v2,resnet50,yolo11l,yolo11m,yolo11n,yolo11s,yolo11x",1.5,False,False,1,0.25113654596994167,0.9995660663918421,0.0,0.235016867518425,1.0,0.4341355264186859,"('mobilenet_v2,resnet50,yolo11l,yolo11m,yolo11n,yolo11s,yolo11x', 1.5)"
gpu,combination_504,"mobilenet_v2,resnet50,yolo11l,yolo11m,yolo11n,yolo11s,yolo11x",1.5,False,False,1,0.43044338663956777,0.4482534172271643,0.0,0.4042873978614807,0.5759984850883484,0.5403684377670288,"('mobilenet_v2,resnet50,yolo11l,yolo11m,yolo11n,yolo11s,yolo11x', 1.5)"
gpu,combination_528,"mobilenet_v2,resnet50,yolo11l,yolo11m,yolo11n,yolo11s,yolo11x",2.0,False,False,1,0.45644627873288335,0.33961708394698104,0.0,0.4069601893424988,0.6079063415527344,0.5699823498725891,"('mobilenet_v2,resnet50,yolo11l,yolo11m,yolo11n,yolo11s,yolo11x', 2.0)"
gpu,combination_539,"mobilenet_v2,resnet50,yolo11l,yolo11m,yolo11n,yolo11s,yolo11x",2.0,False,False,1,0.3475551425369668,0.8889543446244479,0.0,0.30903103947639465,0.9371451735496521,0.5048850178718567,"('mobilenet_v2,resnet50,yolo11l,yolo11m,yolo11n,yolo11s,yolo11x', 2.0)"
gpu,combination_469,"mobilenet_v2,resnet50,yolo11l,yolo11m,yolo11n,yolo11s,yolo11x",1.0,False,False,2,0.07938249143835614,1.0,0.0,0.0781656950712204,0.9890262484550476,0.4366159439086914,"('mobilenet_v2,resnet50,yolo11l,yolo11m,yolo11n,yolo11s,yolo11x', 1.0)"
gpu,combination_529,"mobilenet_v2,resnet50,yolo11l,yolo11m,yolo11n,yolo11s,yolo11x",2.0,False,False,1,0.5463689288545114,0.08365243004418256,0.0,0.4969683289527893,0.28753727674484253,0.5971872210502625,"('mobilenet_v2,resnet50,yolo11l,yolo11m,yolo11n,yolo11s,yolo11x', 2.0)"
gpu,combination_485,"mobilenet_v2,resnet50,yolo11l,yolo11m,yolo11n,yolo11s,yolo11x",1.0,False,False,2,0.26163848458904104,0.6034245528206696,0.0,0.28325724601745605,0.6293596029281616,0.46959036588668823,"('mobilenet_v2,resnet50,yolo11l,yolo11m,yolo11n,yolo11s,yolo11x', 1.0)"
gpu,combination_537,"mobilenet_v2,resnet50,yolo11l,yolo11m,yolo11n,yolo11s,yolo11x",2.0,False,False,1,0.18451909148058057,0.9994108983799707,0.0,0.14011701941490173,0.9974989891052246,0.43069010972976685,"('mobilenet_v2,resnet50,yolo11l,yolo11m,yolo11n,yolo11s,yolo11x', 2.0)"
gpu,combination_533,"mobilenet_v2,resnet50,yolo11l,yolo11m,yolo11n,yolo11s,yolo11x",2.0,False,False,1,0.29466750485145,0.6088365243004418,0.0,0.25077664852142334,0.6859403252601624,0.5175713300704956,"('mobilenet_v2,resnet50,yolo11l,yolo11m,yolo11n,yolo11s,yolo11x', 2.0)"
gpu,combination_474,"mobilenet_v2,resnet50,yolo11l,yolo11m,yolo11n,yolo11s,yolo11x",1.0,False,False,2,0.43059717465753417,0.5512918513988687,0.0,0.45597442984580994,0.49555104970932007,0.4590190649032593,"('mobilenet_v2,resnet50,yolo11l,yolo11m,yolo11n,yolo11s,yolo11x', 1.0)"
gpu,combination_500,"mobilenet_v2,resnet50,yolo11l,yolo11m,yolo11n,yolo11s,yolo11x",1.5,False,False,1,0.7200620420388297,0.1436320243002819,0.0,0.7602178454399109,0.2091972976922989,0.5598517060279846,"('mobilenet_v2,resnet50,yolo11l,yolo11m,yolo11n,yolo11s,yolo11x', 1.5)"
gpu,combination_473,"mobilenet_v2,resnet50,yolo11l,yolo11m,yolo11n,yolo11s,yolo11x",1.0,False,False,2,0.3152022688356164,0.805075676502064,0.0,0.3256809413433075,0.7299501895904541,0.4695809781551361,"('mobilenet_v2,resnet50,yolo11l,yolo11m,yolo11n,yolo11s,yolo11x', 1.0)"
gpu,combination_483,"mobilenet_v2,resnet50,yolo11l,yolo11m,yolo11n,yolo11s,yolo11x",1.0,False,False,2,0.12796982020547942,0.8309127044794373,0.0,0.12247560918331146,0.9510658383369446,0.43102121353149414,"('mobilenet_v2,resnet50,yolo11l,yolo11m,yolo11n,yolo11s,yolo11x', 1.0)"
gpu,combination_491,"mobilenet_v2,resnet50,yolo11l,yolo11m,yolo11n,yolo11s,yolo11x",1.0,False,False,2,0.33893407534246567,0.8252560770524385,0.0,0.34700635075569153,0.8574023842811584,0.42285671830177307,"('mobilenet_v2,resnet50,yolo11l,yolo11m,yolo11n,yolo11s,yolo11x', 1.0)"
gpu,combination_497,"mobilenet_v2,resnet50,yolo11l,yolo11m,yolo11n,yolo11s,yolo11x",1.5,False,False,1,0.3185270364229555,0.7268387936645693,0.0,0.30118346214294434,0.8721517324447632,0.5123856663703918,"('mobilenet_v2,resnet50,yolo11l,yolo11m,yolo11n,yolo11s,yolo11x', 1.5)"
gpu,combination_480,"mobilenet_v2,resnet50,yolo11l,yolo11m,yolo11n,yolo11s,yolo11x",1.0,False,False,2,0.41253745719178075,0.5905824797431585,0.0,0.4428461194038391,0.4871472716331482,0.4469410479068756,"('mobilenet_v2,resnet50,yolo11l,yolo11m,yolo11n,yolo11s,yolo11x', 1.0)"
gpu,combination_505,"mobilenet_v2,resnet50,yolo11l,yolo11m,yolo11n,yolo11s,yolo11x",1.5,False,False,1,0.5278386906990427,0.19570405727923618,0.0,0.5034048557281494,0.3023233413696289,0.5888012051582336,"('mobilenet_v2,resnet50,yolo11l,yolo11m,yolo11n,yolo11s,yolo11x', 1.5)"
gpu,combination_531,"mobilenet_v2,resnet50,yolo11l,yolo11m,yolo11n,yolo11s,yolo11x",2.0,False,False,1,0.1322327602700413,0.9973490427098675,0.0,0.10957911610603333,0.9375560283660889,0.4661686420440674,"('mobilenet_v2,resnet50,yolo11l,yolo11m,yolo11n,yolo11s,yolo11x', 2.0)"
gpu,combination_518,"mobilenet_v2,resnet50,yolo11l,yolo11m,yolo11n,yolo11s,yolo11x",2.0,False,False,1,1.0,0.5896907216494847,0.0,0.997637152671814,0.28866854310035706,0.7748805284500122,"('mobilenet_v2,resnet50,yolo11l,yolo11m,yolo11n,yolo11s,yolo11x', 2.0)"
gpu,combination_493,"mobilenet_v2,resnet50,yolo11l,yolo11m,yolo11n,yolo11s,yolo11x",1.5,False,False,1,0.06557201690110712,1.0,0.0,0.06995537132024765,0.9888312816619873,0.4085291028022766,"('mobilenet_v2,resnet50,yolo11l,yolo11m,yolo11n,yolo11s,yolo11x', 1.5)"
gpu,combination_534,"mobilenet_v2,resnet50,yolo11l,yolo11m,yolo11n,yolo11s,yolo11x",2.0,False,False,1,0.46989367808237903,0.7720176730486008,0.0,0.44125184416770935,0.8415821194648743,0.5514455437660217,"('mobilenet_v2,resnet50,yolo11l,yolo11m,yolo11n,yolo11s,yolo11x', 2.0)"
gpu,combination_519,"mobilenet_v2,resnet50,yolo11l,yolo11m,yolo11n,yolo11s,yolo11x",2.0,False,False,1,0.12889824254516635,0.996759941089838,0.0,0.10299396514892578,0.9364117383956909,0.44140857458114624,"('mobilenet_v2,resnet50,yolo11l,yolo11m,yolo11n,yolo11s,yolo11x', 2.0)"
gpu,combination_515,"mobilenet_v2,resnet50,yolo11l,yolo11m,yolo11n,yolo11s,yolo11x",1.5,False,False,1,0.3407765951756967,0.7880234324148405,0.0,0.32208487391471863,0.9245850443840027,0.4622502028942108,"('mobilenet_v2,resnet50,yolo11l,yolo11m,yolo11n,yolo11s,yolo11x', 1.5)"
gpu,combination_532,"mobilenet_v2,resnet50,yolo11l,yolo11m,yolo11n,yolo11s,yolo11x",2.0,False,False,1,0.2350015032661875,0.6577319587628867,0.0,0.2088034600019455,0.8826099038124084,0.5065236687660217,"('mobilenet_v2,resnet50,yolo11l,yolo11m,yolo11n,yolo11s,yolo11x', 2.0)"
gpu,combination_501,"mobilenet_v2,resnet50,yolo11l,yolo11m,yolo11n,yolo11s,yolo11x",1.5,False,False,1,0.14644060544472376,1.0,0.0,0.12176964432001114,1.0,0.42407116293907166,"('mobilenet_v2,resnet50,yolo11l,yolo11m,yolo11n,yolo11s,yolo11x', 1.5)"
gpu,combination_526,"mobilenet_v2,resnet50,yolo11l,yolo11m,yolo11n,yolo11s,yolo11x",2.0,False,False,1,0.18533905485554977,0.6689248895434461,0.0,0.14341023564338684,0.8822833895683289,0.4862893521785736,"('mobilenet_v2,resnet50,yolo11l,yolo11m,yolo11n,yolo11s,yolo11x', 2.0)"
gpu,combination_506,"mobilenet_v2,resnet50,yolo11l,yolo11m,yolo11n,yolo11s,yolo11x",1.5,False,False,1,0.8690431620045997,0.08353221957040569,0.0,0.852554976940155,0.15533119440078735,0.5546231269836426,"('mobilenet_v2,resnet50,yolo11l,yolo11m,yolo11n,yolo11s,yolo11x', 1.5)"
gpu,combination_535,"mobilenet_v2,resnet50,yolo11l,yolo11m,yolo11n,yolo11s,yolo11x",2.0,False,False,1,0.63440566321371,0.42886597938144344,0.0,0.5481305718421936,0.728061318397522,0.6173390746116638,"('mobilenet_v2,resnet50,yolo11l,yolo11m,yolo11n,yolo11s,yolo11x', 2.0)"
gpu,combination_524,"mobilenet_v2,resnet50,yolo11l,yolo11m,yolo11n,yolo11s,yolo11x",2.0,False,False,1,0.7266788750102496,0.0,0.0,0.731382429599762,0.2618609666824341,0.5962398648262024,"('mobilenet_v2,resnet50,yolo11l,yolo11m,yolo11n,yolo11s,yolo11x', 2.0)"
gpu,combination_470,"mobilenet_v2,resnet50,yolo11l,yolo11m,yolo11n,yolo11s,yolo11x",1.0,False,False,2,1.0,0.0,0.0,1.0,0.05924133211374283,0.7275668978691101,"('mobilenet_v2,resnet50,yolo11l,yolo11m,yolo11n,yolo11s,yolo11x', 1.0)"
gpu,combination_476,"mobilenet_v2,resnet50,yolo11l,yolo11m,yolo11n,yolo11s,yolo11x",1.0,False,False,2,0.7105896832191779,0.20470876012842076,0.0,0.7333329319953918,0.08285436779260635,0.608953058719635,"('mobilenet_v2,resnet50,yolo11l,yolo11m,yolo11n,yolo11s,yolo11x', 1.0)"
gpu,combination_520,"mobilenet_v2,resnet50,yolo11l,yolo11m,yolo11n,yolo11s,yolo11x",2.0,False,False,1,0.2014376691174461,1.0,0.0,0.21671228110790253,1.0,0.4468594193458557,"('mobilenet_v2,resnet50,yolo11l,yolo11m,yolo11n,yolo11s,yolo11x', 2.0)"
gpu,combination_479,"mobilenet_v2,resnet50,yolo11l,yolo11m,yolo11n,yolo11s,yolo11x",1.0,False,False,2,0.3428135702054794,0.9597920807216023,0.0,0.367845743894577,0.9301018714904785,0.4262753427028656,"('mobilenet_v2,resnet50,yolo11l,yolo11m,yolo11n,yolo11s,yolo11x', 1.0)"
gpu,combination_472,"mobilenet_v2,resnet50,yolo11l,yolo11m,yolo11n,yolo11s,yolo11x",1.0,False,False,2,0.21010809075342463,1.0,0.0,0.21671995520591736,0.9638726115226746,0.44979411363601685,"('mobilenet_v2,resnet50,yolo11l,yolo11m,yolo11n,yolo11s,yolo11x', 1.0)"
gpu,combination_503,"mobilenet_v2,resnet50,yolo11l,yolo11m,yolo11n,yolo11s,yolo11x",1.5,False,False,1,0.3786168904102262,0.9937079626817097,0.0,0.3219868540763855,0.9871009588241577,0.44163498282432556,"('mobilenet_v2,resnet50,yolo11l,yolo11m,yolo11n,yolo11s,yolo11x', 1.5)"
gpu,combination_522,"mobilenet_v2,resnet50,yolo11l,yolo11m,yolo11n,yolo11s,yolo11x",2.0,False,False,1,0.4686637330199252,0.5310751104565538,0.0,0.41534921526908875,0.5816456079483032,0.5805073976516724,"('mobilenet_v2,resnet50,yolo11l,yolo11m,yolo11n,yolo11s,yolo11x', 2.0)"
gpu,combination_487,"mobilenet_v2,resnet50,yolo11l,yolo11m,yolo11n,yolo11s,yolo11x",1.0,False,False,2,0.5722923801369862,0.56994343372573,0.0,0.6114693284034729,0.4996851682662964,0.5066348314285278,"('mobilenet_v2,resnet50,yolo11l,yolo11m,yolo11n,yolo11s,yolo11x', 1.0)"
gpu,combination_517,"mobilenet_v2,resnet50,yolo11l,yolo11m,yolo11n,yolo11s,yolo11x",2.0,False,False,1,0.0671550004099817,1.0,0.0,0.07173081487417221,1.0,0.40069976449012756,"('mobilenet_v2,resnet50,yolo11l,yolo11m,yolo11n,yolo11s,yolo11x', 2.0)"
gpu,combination_490,"mobilenet_v2,resnet50,yolo11l,yolo11m,yolo11n,yolo11s,yolo11x",1.0,False,False,2,0.23073630136986298,0.9995413545329461,0.0,0.2492419183254242,0.948542594909668,0.45036375522613525,"('mobilenet_v2,resnet50,yolo11l,yolo11m,yolo11n,yolo11s,yolo11x', 1.0)"
gpu,combination_495,"mobilenet_v2,resnet50,yolo11l,yolo11m,yolo11n,yolo11s,yolo11x",1.5,False,False,1,0.11777290474407659,0.9752657843349968,0.0,0.10547351837158203,0.9204179644584656,0.46471816301345825,"('mobilenet_v2,resnet50,yolo11l,yolo11m,yolo11n,yolo11s,yolo11x', 1.5)"
gpu,combination_486,"mobilenet_v2,resnet50,yolo11l,yolo11m,yolo11n,yolo11s,yolo11x",1.0,False,False,2,0.45052975171232873,0.7983488763186057,0.0,0.48741355538368225,0.7377068996429443,0.39867326617240906,"('mobilenet_v2,resnet50,yolo11l,yolo11m,yolo11n,yolo11s,yolo11x', 1.0)"
gpu,combination_540,"mobilenet_v2,resnet50,yolo11l,yolo11m,yolo11n,yolo11s,yolo11x",2.0,False,False,1,0.41112963620958276,0.6810014727540502,0.0,0.3898172974586487,0.6840706467628479,0.565639078617096,"('mobilenet_v2,resnet50,yolo11l,yolo11m,yolo11n,yolo11s,yolo11x', 2.0)"
gpu,combination_475,"mobilenet_v2,resnet50,yolo11l,yolo11m,yolo11n,yolo11s,yolo11x",1.0,False,False,2,0.4599743150684931,0.28053814401467664,0.0,0.5302301645278931,0.21501314640045166,0.568313479423523,"('mobilenet_v2,resnet50,yolo11l,yolo11m,yolo11n,yolo11s,yolo11x', 1.0)"
gpu,combination_513,"mobilenet_v2,resnet50,yolo11l,yolo11m,yolo11n,yolo11s,yolo11x",1.5,False,False,1,0.16984008129646466,1.0,0.0,0.13784456253051758,0.984853208065033,0.4529927372932434,"('mobilenet_v2,resnet50,yolo11l,yolo11m,yolo11n,yolo11s,yolo11x', 1.5)"
gpu,combination_516,"mobilenet_v2,resnet50,yolo11l,yolo11m,yolo11n,yolo11s,yolo11x",1.5,False,False,1,0.3808364978338771,0.5020611846387502,0.0,0.3864120841026306,0.6462634205818176,0.5370883345603943,"('mobilenet_v2,resnet50,yolo11l,yolo11m,yolo11n,yolo11s,yolo11x', 1.5)"
gpu,combination_508,"mobilenet_v2,resnet50,yolo11l,yolo11m,yolo11n,yolo11s,yolo11x",1.5,False,False,1,0.23284484141840936,0.7431113039704926,0.0,0.21336470544338226,0.8638249635696411,0.5014988780021667,"('mobilenet_v2,resnet50,yolo11l,yolo11m,yolo11n,yolo11s,yolo11x', 1.5)"
gpu,combination_530,"mobilenet_v2,resnet50,yolo11l,yolo11m,yolo11n,yolo11s,yolo11x",2.0,False,False,1,0.8843851641293358,0.09690721649484547,0.0,0.8269928097724915,0.19515137374401093,0.5892766714096069,"('mobilenet_v2,resnet50,yolo11l,yolo11m,yolo11n,yolo11s,yolo11x', 2.0)"
gpu,combination_507,"mobilenet_v2,resnet50,yolo11l,yolo11m,yolo11n,yolo11s,yolo11x",1.5,False,False,1,0.12263999572123872,0.9576914732045998,0.0,0.1124122142791748,0.9197129011154175,0.48855262994766235,"('mobilenet_v2,resnet50,yolo11l,yolo11m,yolo11n,yolo11s,yolo11x', 1.5)"
gpu,combination_482,"mobilenet_v2,resnet50,yolo11l,yolo11m,yolo11n,yolo11s,yolo11x",1.0,False,False,2,0.838693279109589,0.09876165723895428,0.0,0.8628048896789551,0.051688987761735916,0.5961841940879822,"('mobilenet_v2,resnet50,yolo11l,yolo11m,yolo11n,yolo11s,yolo11x', 1.0)"
gpu,combination_525,"mobilenet_v2,resnet50,yolo11l,yolo11m,yolo11n,yolo11s,yolo11x",2.0,False,False,1,0.13354470166999208,1.0,0.0,0.12815603613853455,1.0,0.40997248888015747,"('mobilenet_v2,resnet50,yolo11l,yolo11m,yolo11n,yolo11s,yolo11x', 2.0)"
gpu,combination_538,"mobilenet_v2,resnet50,yolo11l,yolo11m,yolo11n,yolo11s,yolo11x",2.0,False,False,1,0.23787137507857986,1.0,0.0,0.22998890280723572,1.0,0.44098666310310364,"('mobilenet_v2,resnet50,yolo11l,yolo11m,yolo11n,yolo11s,yolo11x', 2.0)"
gpu,combination_523,"mobilenet_v2,resnet50,yolo11l,yolo11m,yolo11n,yolo11s,yolo11x",2.0,False,False,1,0.5376499849673382,0.11134020618556717,0.0,0.46159234642982483,0.3348046839237213,0.6165220141410828,"('mobilenet_v2,resnet50,yolo11l,yolo11m,yolo11n,yolo11s,yolo11x', 2.0)"
gpu,combination_502,"mobilenet_v2,resnet50,yolo11l,yolo11m,yolo11n,yolo11s,yolo11x",1.5,False,False,1,0.1692784938760229,0.7405077023215447,0.0,0.14901046454906464,0.8682328462600708,0.47036898136138916,"('mobilenet_v2,resnet50,yolo11l,yolo11m,yolo11n,yolo11s,yolo11x', 1.5)"
gpu,combination_509,"mobilenet_v2,resnet50,yolo11l,yolo11m,yolo11n,yolo11s,yolo11x",1.5,False,False,1,0.27814622666737987,0.6255152961596876,0.0,0.2582496702671051,0.6844975352287292,0.5043134093284607,"('mobilenet_v2,resnet50,yolo11l,yolo11m,yolo11n,yolo11s,yolo11x', 1.5)"
gpu,combination_489,"mobilenet_v2,resnet50,yolo11l,yolo11m,yolo11n,yolo11s,yolo11x",1.0,False,False,2,0.15844392123287668,0.999082709065892,0.0,0.1681307852268219,0.9798879027366638,0.4452759027481079,"('mobilenet_v2,resnet50,yolo11l,yolo11m,yolo11n,yolo11s,yolo11x', 1.0)"
gpu,combination_477,"mobilenet_v2,resnet50,yolo11l,yolo11m,yolo11n,yolo11s,yolo11x",1.0,False,False,2,0.1331068065068493,1.0,0.0,0.14265555143356323,0.9848235845565796,0.43650537729263306,"('mobilenet_v2,resnet50,yolo11l,yolo11m,yolo11n,yolo11s,yolo11x', 1.0)"
gpu,combination_510,"mobilenet_v2,resnet50,yolo11l,yolo11m,yolo11n,yolo11s,yolo11x",1.5,False,False,1,0.4662780125153768,0.7422434367541766,0.0,0.4390827715396881,0.812578022480011,0.5290217995643616,"('mobilenet_v2,resnet50,yolo11l,yolo11m,yolo11n,yolo11s,yolo11x', 1.5)"
gpu,combination_471,"mobilenet_v2,resnet50,yolo11l,yolo11m,yolo11n,yolo11s,yolo11x",1.0,False,False,2,0.11753531678082188,0.8151658767772512,0.0,0.11804956197738647,0.9439817070960999,0.43782949447631836,"('mobilenet_v2,resnet50,yolo11l,yolo11m,yolo11n,yolo11s,yolo11x', 1.0)"
gpu,combination_527,"mobilenet_v2,resnet50,yolo11l,yolo11m,yolo11n,yolo11s,yolo11x",2.0,False,False,1,0.38018968486074284,0.996759941089838,0.0,0.30489569902420044,0.976392388343811,0.4867408871650696,"('mobilenet_v2,resnet50,yolo11l,yolo11m,yolo11n,yolo11s,yolo11x', 2.0)"
gpu,combination_499,"mobilenet_v2,resnet50,yolo11l,yolo11m,yolo11n,yolo11s,yolo11x",1.5,False,False,1,0.5024602877466973,0.18897808635278793,0.0,0.45754826068878174,0.2867177426815033,0.6095244884490967,"('mobilenet_v2,resnet50,yolo11l,yolo11m,yolo11n,yolo11s,yolo11x', 1.5)"
gpu,combination_512,"mobilenet_v2,resnet50,yolo11l,yolo11m,yolo11n,yolo11s,yolo11x",1.5,False,False,1,0.8131785847997004,0.09785202863961821,0.0,0.8114342093467712,0.25241777300834656,0.5638895034790039,"('mobilenet_v2,resnet50,yolo11l,yolo11m,yolo11n,yolo11s,yolo11x', 1.5)"
gpu,combination_496,"mobilenet_v2,resnet50,yolo11l,yolo11m,yolo11n,yolo11s,yolo11x",1.5,False,False,1,0.20714553136866876,1.0,0.0,0.21398039162158966,1.0,0.44501060247421265,"('mobilenet_v2,resnet50,yolo11l,yolo11m,yolo11n,yolo11s,yolo11x', 1.5)"
gpu,combination_492,"mobilenet_v2,resnet50,yolo11l,yolo11m,yolo11n,yolo11s,yolo11x",1.0,False,False,2,0.3565924657534245,0.6314019263109617,0.0,0.41451311111450195,0.5882233381271362,0.4487404525279999,"('mobilenet_v2,resnet50,yolo11l,yolo11m,yolo11n,yolo11s,yolo11x', 1.0)"
gpu,combination_494,"mobilenet_v2,resnet50,yolo11l,yolo11m,yolo11n,yolo11s,yolo11x",1.5,False,False,1,1.0,0.0,0.0,0.9903568625450134,0.06254657357931137,0.7782430648803711,"('mobilenet_v2,resnet50,yolo11l,yolo11m,yolo11n,yolo11s,yolo11x', 1.5)"
gpu,combination_478,"mobilenet_v2,resnet50,yolo11l,yolo11m,yolo11n,yolo11s,yolo11x",1.0,False,False,2,0.17125963184931506,0.805075676502064,0.0,0.1761086881160736,0.7325432896614075,0.4550456404685974,"('mobilenet_v2,resnet50,yolo11l,yolo11m,yolo11n,yolo11s,yolo11x', 1.0)"
gpu,combination_498,"mobilenet_v2,resnet50,yolo11l,yolo11m,yolo11n,yolo11s,yolo11x",1.5,False,False,1,0.45007220409691395,0.47537426773703617,0.0,0.4204467833042145,0.5746140480041504,0.5487661957740784,"('mobilenet_v2,resnet50,yolo11l,yolo11m,yolo11n,yolo11s,yolo11x', 1.5)"
gpu,combination_484,"mobilenet_v2,resnet50,yolo11l,yolo11m,yolo11n,yolo11s,yolo11x",1.0,False,False,2,0.21396083047945202,0.8081333129490904,0.0,0.22931817173957825,0.7371510863304138,0.45679789781570435,"('mobilenet_v2,resnet50,yolo11l,yolo11m,yolo11n,yolo11s,yolo11x', 1.0)"
gpu,combination_81,"llama1b,qwen2_vl,resnet50,yolo11l",2.0,True,True,0,0.047172339855266684,1.0,0.13775671406003162,0.04654892534017563,0.9940232038497925,0.13711979985237122,"('llama1b,qwen2_vl,resnet50,yolo11l', 2.0)"
gpu,combination_116,"llama1b,qwen2_vl,resnet50,yolo11x",3.0,True,True,2,0.8763926024955436,0.46090534979423864,0.3650067750677507,0.8930522799491882,0.3965287208557129,0.35972604155540466,"('llama1b,qwen2_vl,resnet50,yolo11x', 3.0)"
gpu,combination_111,"llama1b,qwen2_vl,resnet50,yolo11x",2.0,True,True,1,0.7152805755395684,0.6641247246229451,0.4841110793014601,0.7074825763702393,0.6456045508384705,0.5642884373664856,"('llama1b,qwen2_vl,resnet50,yolo11x', 2.0)"
gpu,combination_9,"llama1b,qwen2_vl,resnet50,yolo11n",2.0,True,True,2,0.05592236098957919,1.0,0.1310320781032078,0.05739583075046539,0.9937145709991455,0.15554243326187134,"('llama1b,qwen2_vl,resnet50,yolo11n', 2.0)"
gpu,combination_101,"llama1b,qwen2_vl,resnet50,yolo11x",1.0,True,True,1,0.15525672371638138,0.7316468253968254,0.39312977099236635,0.15170450508594513,0.731133759021759,0.4274674952030182,"('llama1b,qwen2_vl,resnet50,yolo11x', 1.0)"
gpu,combination_66,"llama1b,qwen2_vl,resnet50,yolo11m",3.0,True,True,0,0.30021525950729494,0.6922435362802336,0.2364597093791281,0.2812313735485077,0.7028189301490784,0.22050152719020844,"('llama1b,qwen2_vl,resnet50,yolo11m', 3.0)"
gpu,combination_97,"llama1b,qwen2_vl,resnet50,yolo11x",1.0,True,True,1,0.07598269700959187,1.0,0.08988826197588229,0.07859908789396286,0.9870958924293518,0.09079138189554214,"('llama1b,qwen2_vl,resnet50,yolo11x', 1.0)"
gpu,combination_120,"llama1b,qwen2_vl,resnet50,yolo11x",3.0,True,True,2,1.0,0.0,1.0,0.9938822388648987,0.0,1.0,"('llama1b,qwen2_vl,resnet50,yolo11x', 3.0)"
gpu,combination_41,"llama1b,qwen2_vl,resnet50,yolo11s",3.0,True,True,0,0.041851204745845354,1.0,0.15109266076603745,0.052330244332551956,0.9868298768997192,0.1601153314113617,"('llama1b,qwen2_vl,resnet50,yolo11s', 3.0)"
gpu,combination_90,"llama1b,qwen2_vl,resnet50,yolo11l",3.0,True,True,1,0.2660638512830875,0.5610519724483405,0.24747425208435508,0.23459772765636444,0.7377796173095703,0.22554157674312592,"('llama1b,qwen2_vl,resnet50,yolo11l', 3.0)"
gpu,combination_87,"llama1b,qwen2_vl,resnet50,yolo11l",2.0,True,True,0,0.6997587778075582,0.6491984140665402,0.5697472353870459,0.7304049730300903,0.660561203956604,0.5326732993125916,"('llama1b,qwen2_vl,resnet50,yolo11l', 2.0)"
gpu,combination_92,"llama1b,qwen2_vl,resnet50,yolo11l",3.0,True,True,1,0.8819458476459892,0.4483406386975579,0.3802844531633154,0.9074356555938721,0.4841596782207489,0.3544946610927582,"('llama1b,qwen2_vl,resnet50,yolo11l', 3.0)"
gpu,combination_60,"llama1b,qwen2_vl,resnet50,yolo11m",2.0,True,True,2,0.8837498059909978,0.45099739809193407,0.34802856255821174,0.8968729972839355,0.4328118562698364,0.3565772473812103,"('llama1b,qwen2_vl,resnet50,yolo11m', 2.0)"
gpu,combination_73,"llama1b,qwen2_vl,resnet50,yolo11l",1.0,True,True,2,0.08024143440440264,1.0,0.0960571875349045,0.08145356923341751,1.0,0.10156328976154327,"('llama1b,qwen2_vl,resnet50,yolo11l', 1.0)"
gpu,combination_71,"llama1b,qwen2_vl,resnet50,yolo11m",3.0,True,True,0,0.6254484573068644,0.6417848206839034,0.652764672579732,0.6631070971488953,0.6139377355575562,0.6465722322463989,"('llama1b,qwen2_vl,resnet50,yolo11m', 3.0)"
gpu,combination_57,"llama1b,qwen2_vl,resnet50,yolo11m",2.0,True,True,2,0.047648610895545555,1.0,0.14087239987581496,0.049721620976924896,1.0,0.1503739058971405,"('llama1b,qwen2_vl,resnet50,yolo11m', 2.0)"
gpu,combination_14,"llama1b,qwen2_vl,resnet50,yolo11n",2.0,True,True,2,0.5186938191074696,0.4437939110070259,0.542468619246862,0.5356292724609375,0.5291591882705688,0.5729395747184753,"('llama1b,qwen2_vl,resnet50,yolo11n', 2.0)"
gpu,combination_46,"llama1b,qwen2_vl,resnet50,yolo11s",3.0,True,True,0,0.5330949575393116,0.35938075930704033,0.5810292159473643,0.5524718165397644,0.31860968470573425,0.5789975523948669,"('llama1b,qwen2_vl,resnet50,yolo11s', 3.0)"
gpu,combination_94,"llama1b,qwen2_vl,resnet50,yolo11l",3.0,True,True,1,0.536573045059608,0.17678981423502402,0.6946542422756252,0.5646731853485107,0.28133368492126465,0.6528340578079224,"('llama1b,qwen2_vl,resnet50,yolo11l', 3.0)"
gpu,combination_61,"llama1b,qwen2_vl,resnet50,yolo11m",2.0,True,True,2,0.09338299963784985,0.679098005203816,0.49844768705371,0.09173122048377991,0.6989209055900574,0.5475127696990967,"('llama1b,qwen2_vl,resnet50,yolo11m', 2.0)"
gpu,combination_1,"llama1b,qwen2_vl,resnet50,yolo11n",1.0,True,True,1,0.08498826761288845,1.0,0.11622937195773476,0.0945221483707428,0.9443337321281433,0.1009557917714119,"('llama1b,qwen2_vl,resnet50,yolo11n', 1.0)"
gpu,combination_80,"llama1b,qwen2_vl,resnet50,yolo11l",1.0,True,True,2,0.96502751642109,0.0,1.0,0.9814261198043823,0.0,0.9912848472595215,"('llama1b,qwen2_vl,resnet50,yolo11l', 1.0)"
gpu,combination_65,"llama1b,qwen2_vl,resnet50,yolo11m",3.0,True,True,0,0.04319540779717771,1.0,0.17399509341385166,0.049672067165374756,1.0,0.17187358438968658,"('llama1b,qwen2_vl,resnet50,yolo11m', 3.0)"
gpu,combination_25,"llama1b,qwen2_vl,resnet50,yolo11s",1.0,True,True,1,0.07879432624113475,1.0,0.11053880432895423,0.0931224673986435,0.9405037760734558,0.10408684611320496,"('llama1b,qwen2_vl,resnet50,yolo11s', 1.0)"
gpu,combination_56,"llama1b,qwen2_vl,resnet50,yolo11m",1.0,True,True,0,0.9632510041876763,0.0,1.0,0.9710536599159241,0.006833788473159075,0.9991772174835205,"('llama1b,qwen2_vl,resnet50,yolo11m', 1.0)"
gpu,combination_109,"llama1b,qwen2_vl,resnet50,yolo11x",2.0,True,True,1,0.08759712230215827,0.6780206744619557,0.4795304895505296,0.10124314576387405,0.7213176488876343,0.5273162722587585,"('llama1b,qwen2_vl,resnet50,yolo11x', 2.0)"
gpu,combination_107,"llama1b,qwen2_vl,resnet50,yolo11x",2.0,True,True,1,0.6393093525179856,0.9550923572275886,0.17034068136272545,0.5865257382392883,0.9509387612342834,0.18990693986415863,"('llama1b,qwen2_vl,resnet50,yolo11x', 2.0)"
gpu,combination_117,"llama1b,qwen2_vl,resnet50,yolo11x",3.0,True,True,2,0.08455882352941177,0.6733294140701549,0.5730013550135501,0.10147996246814728,0.6513139605522156,0.5828702449798584,"('llama1b,qwen2_vl,resnet50,yolo11x', 3.0)"
gpu,combination_100,"llama1b,qwen2_vl,resnet50,yolo11x",1.0,True,True,1,1.0,0.23995535714285712,0.3238190065272707,0.9571742415428162,0.3224494755268097,0.31822696328163147,"('llama1b,qwen2_vl,resnet50,yolo11x', 1.0)"
gpu,combination_52,"llama1b,qwen2_vl,resnet50,yolo11m",1.0,True,True,0,1.0,0.2979640718562875,0.31604664075513605,0.9753750562667847,0.2937120199203491,0.3345664143562317,"('llama1b,qwen2_vl,resnet50,yolo11m', 1.0)"
gpu,combination_112,"llama1b,qwen2_vl,resnet50,yolo11x",2.0,True,True,1,1.0,0.0,1.0,0.990706741809845,0.0,0.9982798099517822,"('llama1b,qwen2_vl,resnet50,yolo11x', 2.0)"
gpu,combination_72,"llama1b,qwen2_vl,resnet50,yolo11m",3.0,True,True,0,1.0,0.0,1.0,1.0,0.01810295507311821,1.0,"('llama1b,qwen2_vl,resnet50,yolo11m', 3.0)"
gpu,combination_22,"llama1b,qwen2_vl,resnet50,yolo11n",3.0,True,True,1,0.5098645405361429,0.34263392857142877,0.5526872310945818,0.5371848344802856,0.3638221323490143,0.5964106917381287,"('llama1b,qwen2_vl,resnet50,yolo11n', 3.0)"
gpu,combination_108,"llama1b,qwen2_vl,resnet50,yolo11x",2.0,True,True,1,0.8766043165467626,0.4346720894763599,0.33996564557686804,0.9208590388298035,0.38143816590309143,0.3451826870441437,"('llama1b,qwen2_vl,resnet50,yolo11x', 2.0)"
gpu,combination_2,"llama1b,qwen2_vl,resnet50,yolo11n",1.0,True,True,1,0.40685629256567274,0.9742094349403836,0.15891012703312357,0.3915309011936188,0.7710751295089722,0.13979381322860718,"('llama1b,qwen2_vl,resnet50,yolo11n', 1.0)"
gpu,combination_70,"llama1b,qwen2_vl,resnet50,yolo11m",3.0,True,True,0,0.5519732121502032,0.2816930775646372,0.6663521419135686,0.5453434586524963,0.204447403550148,0.6503010988235474,"('llama1b,qwen2_vl,resnet50,yolo11m', 3.0)"
gpu,combination_40,"llama1b,qwen2_vl,resnet50,yolo11s",2.0,True,True,1,1.0,0.0,1.0,0.9963741302490234,0.00951504148542881,0.9963963031768799,"('llama1b,qwen2_vl,resnet50,yolo11s', 2.0)"
gpu,combination_6,"llama1b,qwen2_vl,resnet50,yolo11n",1.0,True,True,1,0.7326160361700909,0.6548729911871435,0.5052237919981004,0.8834865689277649,0.3743210434913635,0.4707702398300171,"('llama1b,qwen2_vl,resnet50,yolo11n', 1.0)"
gpu,combination_64,"llama1b,qwen2_vl,resnet50,yolo11m",2.0,True,True,2,1.0,0.0,1.0,0.9915802478790283,0.006843297742307186,1.0,"('llama1b,qwen2_vl,resnet50,yolo11m', 2.0)"
gpu,combination_29,"llama1b,qwen2_vl,resnet50,yolo11s",1.0,True,True,1,0.15354609929078017,0.7212496960855823,0.4055211528444933,0.15505148470401764,0.5492557287216187,0.3745169937610626,"('llama1b,qwen2_vl,resnet50,yolo11s', 1.0)"
gpu,combination_93,"llama1b,qwen2_vl,resnet50,yolo11l",3.0,True,True,1,0.08026874115983028,0.6520559382174912,0.7283962726826876,0.08254627138376236,0.6452769041061401,0.6258401870727539,"('llama1b,qwen2_vl,resnet50,yolo11l', 3.0)"
gpu,combination_119,"llama1b,qwen2_vl,resnet50,yolo11x",3.0,True,True,2,0.6767491087344029,0.6725455614344502,0.5687669376693767,0.672430157661438,0.6254616975784302,0.5730971693992615,"('llama1b,qwen2_vl,resnet50,yolo11x', 3.0)"
gpu,combination_39,"llama1b,qwen2_vl,resnet50,yolo11s",2.0,True,True,1,0.6262152481664677,0.5860704392560346,0.5549467510418273,0.6146493554115295,0.37334582209587097,0.5437266826629639,"('llama1b,qwen2_vl,resnet50,yolo11s', 2.0)"
gpu,combination_51,"llama1b,qwen2_vl,resnet50,yolo11m",1.0,True,True,0,0.8124091957952312,0.8073053892215569,0.1424208772903942,0.7860731482505798,0.8192641735076904,0.1423776000738144,"('llama1b,qwen2_vl,resnet50,yolo11m', 1.0)"
gpu,combination_47,"llama1b,qwen2_vl,resnet50,yolo11s",3.0,True,True,0,0.6044451667953353,0.3667526723184668,0.5667737134800658,0.6422040462493896,0.3214641809463501,0.5946338176727295,"('llama1b,qwen2_vl,resnet50,yolo11s', 3.0)"
gpu,combination_50,"llama1b,qwen2_vl,resnet50,yolo11m",1.0,True,True,0,0.3030510212802325,0.6553293413173653,0.14719600222098836,0.3896453380584717,0.6542015671730042,0.14305247366428375,"('llama1b,qwen2_vl,resnet50,yolo11m', 1.0)"
gpu,combination_74,"llama1b,qwen2_vl,resnet50,yolo11l",1.0,True,True,2,0.27125865435824603,0.6575731391186272,0.14967050150787445,0.26822328567504883,0.5831685066223145,0.14641760289669037,"('llama1b,qwen2_vl,resnet50,yolo11l', 1.0)"
gpu,combination_67,"llama1b,qwen2_vl,resnet50,yolo11m",3.0,True,True,0,0.52929921071514,0.9897831526271893,0.2345725608605397,0.562625527381897,0.986888587474823,0.21736033260822296,"('llama1b,qwen2_vl,resnet50,yolo11m', 3.0)"
gpu,combination_23,"llama1b,qwen2_vl,resnet50,yolo11n",3.0,True,True,1,0.6637513728999717,0.2991071428571429,0.6316633851090206,0.5942210555076599,0.43971356749534607,0.5965875387191772,"('llama1b,qwen2_vl,resnet50,yolo11n', 3.0)"
gpu,combination_49,"llama1b,qwen2_vl,resnet50,yolo11m",1.0,True,True,0,0.08033501410135886,1.0,0.10188784008883954,0.07636211067438126,1.0,0.10139307379722595,"('llama1b,qwen2_vl,resnet50,yolo11m', 1.0)"
gpu,combination_63,"llama1b,qwen2_vl,resnet50,yolo11m",2.0,True,True,2,0.6899477469087899,0.6634865568083262,0.5321328779882024,0.6640300750732422,0.6322788596153259,0.57428377866745,"('llama1b,qwen2_vl,resnet50,yolo11m', 2.0)"
gpu,combination_84,"llama1b,qwen2_vl,resnet50,yolo11l",2.0,True,True,0,0.8812650763870276,0.44699189794862954,0.3504739336492891,0.8902695775032043,0.42266300320625305,0.3403100073337555,"('llama1b,qwen2_vl,resnet50,yolo11l', 2.0)"
gpu,combination_45,"llama1b,qwen2_vl,resnet50,yolo11s",3.0,True,True,0,0.08187395879891105,0.38555105049760424,0.5106132999138403,0.07999192178249359,0.4438534677028656,0.5612357258796692,"('llama1b,qwen2_vl,resnet50,yolo11s', 3.0)"
gpu,combination_34,"llama1b,qwen2_vl,resnet50,yolo11s",2.0,True,True,1,0.32078287566092445,0.9788286505738027,0.19964500694551626,0.2748153805732727,0.9290083646774292,0.1852026879787445,"('llama1b,qwen2_vl,resnet50,yolo11s', 2.0)"
gpu,combination_105,"llama1b,qwen2_vl,resnet50,yolo11x",2.0,True,True,1,0.047712230215827336,1.0,0.1313340967649585,0.06103302538394928,1.0,0.1362164467573166,"('llama1b,qwen2_vl,resnet50,yolo11x', 2.0)"
gpu,combination_35,"llama1b,qwen2_vl,resnet50,yolo11s",2.0,True,True,1,0.5022599351867645,0.9499406410763751,0.19478314554715231,0.5387596487998962,0.9347456693649292,0.18287596106529236,"('llama1b,qwen2_vl,resnet50,yolo11s', 2.0)"
gpu,combination_103,"llama1b,qwen2_vl,resnet50,yolo11x",1.0,True,True,1,0.9673688170020689,0.525545634920635,0.4007080429251023,0.9242997169494629,0.5537843108177185,0.4747409522533417,"('llama1b,qwen2_vl,resnet50,yolo11x', 1.0)"
gpu,combination_4,"llama1b,qwen2_vl,resnet50,yolo11n",1.0,True,True,1,1.0,0.38698807672369095,0.30689777988840083,0.9457636475563049,0.5342835783958435,0.3199234902858734,"('llama1b,qwen2_vl,resnet50,yolo11n', 1.0)"
gpu,combination_33,"llama1b,qwen2_vl,resnet50,yolo11s",2.0,True,True,1,0.04558246631417364,1.0,0.14747646241703966,0.056333284825086594,0.9953522682189941,0.13998425006866455,"('llama1b,qwen2_vl,resnet50,yolo11s', 2.0)"
gpu,combination_18,"llama1b,qwen2_vl,resnet50,yolo11n",3.0,True,True,1,0.27441728023430834,1.0,0.19295558958652376,0.3373339772224426,1.0,0.19789564609527588,"('llama1b,qwen2_vl,resnet50,yolo11n', 3.0)"
gpu,combination_118,"llama1b,qwen2_vl,resnet50,yolo11x",3.0,True,True,2,0.5508578431372549,0.19537526944934355,0.6550643631436314,0.5869516730308533,0.22680868208408356,0.6144935488700867,"('llama1b,qwen2_vl,resnet50,yolo11x', 3.0)"
gpu,combination_75,"llama1b,qwen2_vl,resnet50,yolo11l",1.0,True,True,2,0.8491922598970354,0.827305270954203,0.1317993968502178,0.8528265953063965,0.8255540132522583,0.13594432175159454,"('llama1b,qwen2_vl,resnet50,yolo11l', 1.0)"
gpu,combination_114,"llama1b,qwen2_vl,resnet50,yolo11x",3.0,True,True,2,0.18716577540106955,0.5408583186360965,0.21417682926829268,0.21515843272209167,0.6315757632255554,0.2328886091709137,"('llama1b,qwen2_vl,resnet50,yolo11x', 3.0)"
gpu,combination_104,"llama1b,qwen2_vl,resnet50,yolo11x",1.0,True,True,1,0.9585292458153094,0.0,1.0,0.9737657308578491,0.0,0.9713178873062134,"('llama1b,qwen2_vl,resnet50,yolo11x', 1.0)"
gpu,combination_99,"llama1b,qwen2_vl,resnet50,yolo11x",1.0,True,True,1,0.8756817754372767,0.831969246031746,0.13563447283991592,0.7906925082206726,0.8454118967056274,0.12867145240306854,"('llama1b,qwen2_vl,resnet50,yolo11x', 1.0)"
gpu,combination_58,"llama1b,qwen2_vl,resnet50,yolo11m",2.0,True,True,2,0.24915929432458994,0.6123156981786643,0.19768705371002793,0.2699180245399475,0.7600365877151489,0.18646831810474396,"('llama1b,qwen2_vl,resnet50,yolo11m', 2.0)"
gpu,combination_12,"llama1b,qwen2_vl,resnet50,yolo11n",2.0,True,True,2,0.9082411900405696,0.7640515222482436,0.32698744769874477,0.9435884356498718,0.4855375289916992,0.34260568022727966,"('llama1b,qwen2_vl,resnet50,yolo11n', 2.0)"
gpu,combination_91,"llama1b,qwen2_vl,resnet50,yolo11l",3.0,True,True,1,0.5660234390786019,0.9906073888541016,0.23835213339872485,0.5917165279388428,0.9859216213226318,0.21920838952064514,"('llama1b,qwen2_vl,resnet50,yolo11l', 3.0)"
gpu,combination_48,"llama1b,qwen2_vl,resnet50,yolo11s",3.0,True,True,0,1.0,0.0,1.0,0.989518404006958,0.015466406010091305,1.0,"('llama1b,qwen2_vl,resnet50,yolo11s', 3.0)"
gpu,combination_11,"llama1b,qwen2_vl,resnet50,yolo11n",2.0,True,True,2,0.48635748945986795,0.9089578454332552,0.17761506276150626,0.49819687008857727,0.9465507864952087,0.18459267914295197,"('llama1b,qwen2_vl,resnet50,yolo11n', 2.0)"
gpu,combination_86,"llama1b,qwen2_vl,resnet50,yolo11l",2.0,True,True,0,0.5691771642991155,0.27064299258748487,0.5741706161137441,0.5675772428512573,0.28618842363357544,0.5706533789634705,"('llama1b,qwen2_vl,resnet50,yolo11l', 2.0)"
gpu,combination_8,"llama1b,qwen2_vl,resnet50,yolo11n",1.0,True,True,1,0.9819721856578719,0.0,1.0,0.9854283928871155,0.0,1.0,"('llama1b,qwen2_vl,resnet50,yolo11n', 1.0)"
gpu,combination_62,"llama1b,qwen2_vl,resnet50,yolo11m",2.0,True,True,2,0.5817683273837239,0.2733738074588031,0.5951567836075753,0.5646533370018005,0.4394787847995758,0.5792319178581238,"('llama1b,qwen2_vl,resnet50,yolo11m', 2.0)"
gpu,combination_95,"llama1b,qwen2_vl,resnet50,yolo11l",3.0,True,True,1,0.6545766821580119,0.6397411813817575,0.6870034330554193,0.6628608703613281,0.6531894207000732,0.6190884113311768,"('llama1b,qwen2_vl,resnet50,yolo11l', 3.0)"
gpu,combination_37,"llama1b,qwen2_vl,resnet50,yolo11s",2.0,True,True,1,0.08779634999147194,0.6240601503759399,0.5256212378453464,0.09096077084541321,0.4858626127243042,0.47951677441596985,"('llama1b,qwen2_vl,resnet50,yolo11s', 2.0)"
gpu,combination_98,"llama1b,qwen2_vl,resnet50,yolo11x",1.0,True,True,1,0.2390445740078992,0.646453373015873,0.15239517645757275,0.2252741903066635,0.6088479161262512,0.1431809663772583,"('llama1b,qwen2_vl,resnet50,yolo11x', 1.0)"
gpu,combination_55,"llama1b,qwen2_vl,resnet50,yolo11m",1.0,True,True,0,0.9294077429279548,0.5188023952095809,0.3983897834536369,0.8864197731018066,0.5364635586738586,0.4465419352054596,"('llama1b,qwen2_vl,resnet50,yolo11m', 1.0)"
gpu,combination_20,"llama1b,qwen2_vl,resnet50,yolo11n",3.0,True,True,1,0.9198226416629379,0.8686755952380952,0.3463866404142055,0.8961221575737,0.794809877872467,0.3448716700077057,"('llama1b,qwen2_vl,resnet50,yolo11n', 3.0)"
gpu,combination_76,"llama1b,qwen2_vl,resnet50,yolo11l",1.0,True,True,2,1.0,0.27416368349586473,0.3201720093823299,0.9838160872459412,0.2768257260322571,0.32030317187309265,"('llama1b,qwen2_vl,resnet50,yolo11l', 1.0)"
gpu,combination_3,"llama1b,qwen2_vl,resnet50,yolo11n",1.0,True,True,1,0.6030446975333371,0.7624416796267496,0.1574260952154814,0.567244827747345,0.8227705359458923,0.13631106913089752,"('llama1b,qwen2_vl,resnet50,yolo11n', 1.0)"
gpu,combination_15,"llama1b,qwen2_vl,resnet50,yolo11n",2.0,True,True,2,0.6589372364966989,0.34104215456674486,0.5557880055788006,0.628633975982666,0.4881831109523773,0.5866650342941284,"('llama1b,qwen2_vl,resnet50,yolo11n', 2.0)"
gpu,combination_88,"llama1b,qwen2_vl,resnet50,yolo11l",2.0,True,True,0,1.0,0.0,1.0,0.983640193939209,0.00739385187625885,0.9905607104301453,"('llama1b,qwen2_vl,resnet50,yolo11l', 2.0)"
gpu,combination_21,"llama1b,qwen2_vl,resnet50,yolo11n",3.0,True,True,1,0.10503193263637474,0.37983630952380976,0.5025887843652009,0.08900546282529831,0.43349868059158325,0.541419267654419,"('llama1b,qwen2_vl,resnet50,yolo11n', 3.0)"
gpu,combination_7,"llama1b,qwen2_vl,resnet50,yolo11n",1.0,True,True,1,0.802666971899502,0.4482892690513219,0.4963789623649531,0.9005948901176453,0.38914787769317627,0.4584936499595642,"('llama1b,qwen2_vl,resnet50,yolo11n', 1.0)"
gpu,combination_69,"llama1b,qwen2_vl,resnet50,yolo11m",3.0,True,True,0,0.08218129634058836,0.6524186822351961,0.6615399131911681,0.08203411102294922,0.5942834615707397,0.6224738955497742,"('llama1b,qwen2_vl,resnet50,yolo11m', 3.0)"
gpu,combination_113,"llama1b,qwen2_vl,resnet50,yolo11x",3.0,True,True,2,0.0457330659536542,1.0,0.15548780487804878,0.0479387529194355,0.9896977543830872,0.18561209738254547,"('llama1b,qwen2_vl,resnet50,yolo11x', 3.0)"
gpu,combination_85,"llama1b,qwen2_vl,resnet50,yolo11l",2.0,True,True,0,0.08893058161350843,0.6724702637476297,0.5642180094786731,0.08974589407444,0.6690142750740051,0.5388941168785095,"('llama1b,qwen2_vl,resnet50,yolo11l', 2.0)"
gpu,combination_38,"llama1b,qwen2_vl,resnet50,yolo11s",2.0,True,True,1,0.5468190346239128,0.590819153146023,0.5868189535422133,0.5476638078689575,0.3979420065879822,0.5387938618659973,"('llama1b,qwen2_vl,resnet50,yolo11s', 2.0)"
gpu,combination_54,"llama1b,qwen2_vl,resnet50,yolo11m",1.0,True,True,0,0.9367575420904196,0.4007185628742515,0.4302609661299278,0.9001249670982361,0.3436868488788605,0.48182567954063416,"('llama1b,qwen2_vl,resnet50,yolo11m', 1.0)"
gpu,combination_43,"llama1b,qwen2_vl,resnet50,yolo11s",3.0,True,True,0,0.4736906261427816,0.9859933652782896,0.20552988172632566,0.5255376100540161,0.9493765830993652,0.21068795025348663,"('llama1b,qwen2_vl,resnet50,yolo11s', 3.0)"
gpu,combination_53,"llama1b,qwen2_vl,resnet50,yolo11m",1.0,True,True,0,0.14682505768737714,0.7100598802395209,0.3620210993892282,0.15577414631843567,0.7217172384262085,0.4076666533946991,"('llama1b,qwen2_vl,resnet50,yolo11m', 1.0)"
gpu,combination_36,"llama1b,qwen2_vl,resnet50,yolo11s",2.0,True,True,1,0.9015009380863039,0.521962801741195,0.3473529865720018,0.9071314930915833,0.683407723903656,0.34721839427948,"('llama1b,qwen2_vl,resnet50,yolo11s', 2.0)"
gpu,combination_32,"llama1b,qwen2_vl,resnet50,yolo11s",1.0,True,True,1,0.975177304964539,0.0,1.0,0.9908535480499268,0.00450246362015605,1.0,"('llama1b,qwen2_vl,resnet50,yolo11s', 1.0)"
gpu,combination_13,"llama1b,qwen2_vl,resnet50,yolo11n",2.0,True,True,2,0.10611725399729537,0.458430913348946,0.4886331938633193,0.08550833910703659,0.6110497713088989,0.5167016983032227,"('llama1b,qwen2_vl,resnet50,yolo11n', 2.0)"
gpu,combination_89,"llama1b,qwen2_vl,resnet50,yolo11l",3.0,True,True,1,0.04319054354415034,1.0,0.1882295242766062,0.04779503494501114,0.9989097714424133,0.16286411881446838,"('llama1b,qwen2_vl,resnet50,yolo11l', 3.0)"
gpu,combination_96,"llama1b,qwen2_vl,resnet50,yolo11l",3.0,True,True,1,1.0,0.0,1.0,0.9936652183532715,0.008677355945110321,1.0,"('llama1b,qwen2_vl,resnet50,yolo11l', 3.0)"
gpu,combination_79,"llama1b,qwen2_vl,resnet50,yolo11l",1.0,True,True,2,0.9501153914432806,0.5187013948895197,0.40176477158494356,0.9563115239143372,0.5200791954994202,0.43697553873062134,"('llama1b,qwen2_vl,resnet50,yolo11l', 1.0)"
gpu,combination_106,"llama1b,qwen2_vl,resnet50,yolo11x",2.0,True,True,1,0.1693812949640288,0.5948144382308084,0.17456341253936444,0.18119914829730988,0.5365973114967346,0.1918518990278244,"('llama1b,qwen2_vl,resnet50,yolo11x', 2.0)"
gpu,combination_78,"llama1b,qwen2_vl,resnet50,yolo11l",1.0,True,True,2,0.9399076868453755,0.3920503641525737,0.4644253322908522,0.9226043820381165,0.3355884552001953,0.44034698605537415,"('llama1b,qwen2_vl,resnet50,yolo11l', 1.0)"
gpu,combination_27,"llama1b,qwen2_vl,resnet50,yolo11s",1.0,True,True,1,0.7041843971631205,0.7892049598832969,0.14543665721395915,0.6150256991386414,0.8404418230056763,0.13650840520858765,"('llama1b,qwen2_vl,resnet50,yolo11s', 1.0)"
gpu,combination_19,"llama1b,qwen2_vl,resnet50,yolo11n",3.0,True,True,1,0.49184395720619944,0.9720982142857145,0.1953620651936119,0.4548663794994354,0.9572335481643677,0.2023693025112152,"('llama1b,qwen2_vl,resnet50,yolo11n', 3.0)"
gpu,combination_68,"llama1b,qwen2_vl,resnet50,yolo11m",3.0,True,True,0,0.8892131069122219,0.45391993327773145,0.3729949046989998,0.89613276720047,0.5382954478263855,0.37138739228248596,"('llama1b,qwen2_vl,resnet50,yolo11m', 3.0)"
gpu,combination_82,"llama1b,qwen2_vl,resnet50,yolo11l",2.0,True,True,0,0.221978021978022,0.6064471642820204,0.19060031595576618,0.18058107793331146,0.6428092122077942,0.19179196655750275,"('llama1b,qwen2_vl,resnet50,yolo11l', 2.0)"
gpu,combination_42,"llama1b,qwen2_vl,resnet50,yolo11s",3.0,True,True,0,0.3003535004672707,1.0,0.20537322785305864,0.30826348066329956,0.9528478384017944,0.1915455311536789,"('llama1b,qwen2_vl,resnet50,yolo11s', 3.0)"
gpu,combination_17,"llama1b,qwen2_vl,resnet50,yolo11n",3.0,True,True,1,0.05499735589635114,1.0,0.14628454750966235,0.04897037521004677,0.9788031578063965,0.14679402112960815,"('llama1b,qwen2_vl,resnet50,yolo11n', 3.0)"
gpu,combination_83,"llama1b,qwen2_vl,resnet50,yolo11l",2.0,True,True,0,0.5987670865719645,0.9544906050680918,0.18909952606635072,0.5855066180229187,0.9576195478439331,0.1822534054517746,"('llama1b,qwen2_vl,resnet50,yolo11l', 2.0)"
gpu,combination_5,"llama1b,qwen2_vl,resnet50,yolo11n",1.0,True,True,1,0.15641275110169975,0.7028252980819076,0.4154695476671019,0.16667300462722778,0.5402472615242004,0.3854372501373291,"('llama1b,qwen2_vl,resnet50,yolo11n', 1.0)"
gpu,combination_59,"llama1b,qwen2_vl,resnet50,yolo11m",2.0,True,True,2,0.5829065135288943,0.9562879444926279,0.1940391182862465,0.5664092302322388,0.9681149125099182,0.18492437899112701,"('llama1b,qwen2_vl,resnet50,yolo11m', 2.0)"
gpu,combination_31,"llama1b,qwen2_vl,resnet50,yolo11s",1.0,True,True,1,0.8761702127659574,0.4929491855093607,0.43752531975230047,0.8961945176124573,0.4067240059375763,0.42735162377357483,"('llama1b,qwen2_vl,resnet50,yolo11s', 1.0)"
gpu,combination_44,"llama1b,qwen2_vl,resnet50,yolo11s",3.0,True,True,0,0.925114786071269,0.8680427570954661,0.35685752330226367,0.9160692691802979,0.7436378002166748,0.36668115854263306,"('llama1b,qwen2_vl,resnet50,yolo11s', 3.0)"
gpu,combination_102,"llama1b,qwen2_vl,resnet50,yolo11x",1.0,True,True,1,0.9567425239796877,0.3438740079365079,0.4543644208430136,0.9060165882110596,0.3164130747318268,0.4340059161186218,"('llama1b,qwen2_vl,resnet50,yolo11x', 1.0)"
gpu,combination_110,"llama1b,qwen2_vl,resnet50,yolo11x",2.0,True,True,1,0.5833669064748201,0.26758176580240634,0.5445176066418551,0.6513026356697083,0.22819213569164276,0.5716049671173096,"('llama1b,qwen2_vl,resnet50,yolo11x', 2.0)"
gpu,combination_28,"llama1b,qwen2_vl,resnet50,yolo11s",1.0,True,True,1,1.0,0.3525407245319718,0.30539961803345106,0.9719530344009399,0.5265735983848572,0.32729730010032654,"('llama1b,qwen2_vl,resnet50,yolo11s', 1.0)"
gpu,combination_24,"llama1b,qwen2_vl,resnet50,yolo11n",3.0,True,True,1,1.0,0.0,1.0,0.9790352582931519,0.026988286525011063,0.9933233261108398,"('llama1b,qwen2_vl,resnet50,yolo11n', 3.0)"
gpu,combination_26,"llama1b,qwen2_vl,resnet50,yolo11s",1.0,True,True,1,0.4109219858156028,0.6980306345733042,0.14867758550842064,0.35917073488235474,0.7787079811096191,0.14153924584388733,"('llama1b,qwen2_vl,resnet50,yolo11s', 1.0)"
gpu,combination_77,"llama1b,qwen2_vl,resnet50,yolo11l",1.0,True,True,2,0.15489082194212675,0.7126280706085667,0.4344353847872222,0.1559150069952011,0.7217887043952942,0.40574905276298523,"('llama1b,qwen2_vl,resnet50,yolo11l', 1.0)"
gpu,combination_115,"llama1b,qwen2_vl,resnet50,yolo11x",3.0,True,True,2,0.6290663992869876,0.9882422104644327,0.20630081300813008,0.5871607065200806,0.9678409695625305,0.2189597487449646,"('llama1b,qwen2_vl,resnet50,yolo11x', 3.0)"
gpu,combination_10,"llama1b,qwen2_vl,resnet50,yolo11n",2.0,True,True,2,0.2729297589690558,1.0,0.17733612273361227,0.3243419826030731,0.9848713874816895,0.19412559270858765,"('llama1b,qwen2_vl,resnet50,yolo11n', 2.0)"
gpu,combination_30,"llama1b,qwen2_vl,resnet50,yolo11s",1.0,True,True,1,0.8877304964539007,0.37503039144177,0.4339950228601192,0.9034474492073059,0.37186670303344727,0.4597320854663849,"('llama1b,qwen2_vl,resnet50,yolo11s', 1.0)"
gpu,combination_16,"llama1b,qwen2_vl,resnet50,yolo11n",2.0,True,True,2,1.0,0.0,1.0,1.0,0.0,0.9995798468589783,"('llama1b,qwen2_vl,resnet50,yolo11n', 2.0)"
gpu,combination_312,"llama1b,mobilenet_v2,qwen2_vl,resnet50,yolo11l,yolo11m,yolo11s",1.5,True,True,2,0.2201747773403691,0.5176187349529436,0.19962276013832128,0.2102544605731964,0.8512141108512878,0.2203523963689804,"('llama1b,mobilenet_v2,qwen2_vl,resnet50,yolo11l,yolo11m,yolo11s', 1.5)"
gpu,combination_337,"llama1b,mobilenet_v2,qwen2_vl,resnet50,yolo11l,yolo11m,yolo11s",2.0,True,True,2,0.3196307312419327,0.9206570155902005,0.21817868230424287,0.28199315071105957,0.907232940196991,0.2048863172531128,"('llama1b,mobilenet_v2,qwen2_vl,resnet50,yolo11l,yolo11m,yolo11s', 2.0)"
gpu,combination_347,"llama1b,mobilenet_v2,qwen2_vl,resnet50,yolo11l,yolo11m,yolo11s",2.0,True,True,2,0.2623884617543072,0.9059020044543429,0.22869955156950675,0.23647868633270264,0.9146643877029419,0.19682243466377258,"('llama1b,mobilenet_v2,qwen2_vl,resnet50,yolo11l,yolo11m,yolo11s', 2.0)"
gpu,combination_348,"llama1b,mobilenet_v2,qwen2_vl,resnet50,yolo11l,yolo11m,yolo11s",2.0,True,True,2,0.3829620068466244,0.5217149220489978,0.2678509830976199,0.376647025346756,0.8253585696220398,0.23861843347549438,"('llama1b,mobilenet_v2,qwen2_vl,resnet50,yolo11l,yolo11m,yolo11s', 2.0)"
gpu,combination_338,"llama1b,mobilenet_v2,qwen2_vl,resnet50,yolo11l,yolo11m,yolo11s",2.0,True,True,2,0.3921937257983051,0.7430400890868595,0.7054156605726113,0.3833239674568176,0.7015012502670288,0.5965602397918701,"('llama1b,mobilenet_v2,qwen2_vl,resnet50,yolo11l,yolo11m,yolo11s', 2.0)"
gpu,combination_323,"llama1b,mobilenet_v2,qwen2_vl,resnet50,yolo11l,yolo11m,yolo11s",1.5,True,True,2,0.4487533852639808,0.7297001532063908,0.2607670543854134,0.43004414439201355,0.7381383180618286,0.22126469016075134,"('llama1b,mobilenet_v2,qwen2_vl,resnet50,yolo11l,yolo11m,yolo11s', 1.5)"
gpu,combination_335,"llama1b,mobilenet_v2,qwen2_vl,resnet50,yolo11l,yolo11m,yolo11s",2.0,True,True,2,0.745103541163926,0.3438195991091313,0.9473956536736806,0.6987709999084473,0.19707292318344116,0.7895022630691528,"('llama1b,mobilenet_v2,qwen2_vl,resnet50,yolo11l,yolo11m,yolo11s', 2.0)"
gpu,combination_343,"llama1b,mobilenet_v2,qwen2_vl,resnet50,yolo11l,yolo11m,yolo11s",2.0,True,True,2,0.4533643863291992,0.7157572383073497,0.28302863056226285,0.4174979627132416,0.8453162908554077,0.2433033287525177,"('llama1b,mobilenet_v2,qwen2_vl,resnet50,yolo11l,yolo11m,yolo11s', 2.0)"
gpu,combination_333,"llama1b,mobilenet_v2,qwen2_vl,resnet50,yolo11l,yolo11m,yolo11s",2.0,True,True,2,0.3835512655031146,0.5105790645879733,0.7159365298378751,0.36666032671928406,0.6173074841499329,0.5895667672157288,"('llama1b,mobilenet_v2,qwen2_vl,resnet50,yolo11l,yolo11m,yolo11s', 2.0)"
gpu,combination_308,"llama1b,mobilenet_v2,qwen2_vl,resnet50,yolo11l,yolo11m,yolo11s",1.0,True,True,1,0.3463260147994762,0.5986305361305362,0.19715447154471544,0.34749671816825867,0.5798214673995972,0.20264564454555511,"('llama1b,mobilenet_v2,qwen2_vl,resnet50,yolo11l,yolo11m,yolo11s', 1.0)"
gpu,combination_311,"llama1b,mobilenet_v2,qwen2_vl,resnet50,yolo11l,yolo11m,yolo11s",1.5,True,True,2,0.15914230672585644,1.0,0.1736875196479095,0.12566672265529633,0.9894989132881165,0.19607964158058167,"('llama1b,mobilenet_v2,qwen2_vl,resnet50,yolo11l,yolo11m,yolo11s', 1.5)"
gpu,combination_305,"llama1b,mobilenet_v2,qwen2_vl,resnet50,yolo11l,yolo11m,yolo11s",1.0,True,True,1,0.863850908980176,0.18618881118881123,0.4183405069344811,0.8884430527687073,0.22318746149539948,0.4979458153247833,"('llama1b,mobilenet_v2,qwen2_vl,resnet50,yolo11l,yolo11m,yolo11s', 1.0)"
gpu,combination_313,"llama1b,mobilenet_v2,qwen2_vl,resnet50,yolo11l,yolo11m,yolo11s",1.5,True,True,2,0.36926599100985574,0.488071788137448,0.7794718641936499,0.3658945560455322,0.6299969553947449,0.5844869613647461,"('llama1b,mobilenet_v2,qwen2_vl,resnet50,yolo11l,yolo11m,yolo11s', 1.5)"
gpu,combination_344,"llama1b,mobilenet_v2,qwen2_vl,resnet50,yolo11l,yolo11m,yolo11s",2.0,True,True,2,0.5342331219484818,0.3329621380846324,0.3585719213521904,0.48255622386932373,0.5241742134094238,0.33631637692451477,"('llama1b,mobilenet_v2,qwen2_vl,resnet50,yolo11l,yolo11m,yolo11s', 2.0)"
gpu,combination_299,"llama1b,mobilenet_v2,qwen2_vl,resnet50,yolo11l,yolo11m,yolo11s",1.0,True,True,1,0.38862328329120865,0.4283216783216784,0.6600908656145386,0.435880184173584,0.3763781189918518,0.7061962485313416,"('llama1b,mobilenet_v2,qwen2_vl,resnet50,yolo11l,yolo11m,yolo11s', 1.0)"
gpu,combination_317,"llama1b,mobilenet_v2,qwen2_vl,resnet50,yolo11l,yolo11m,yolo11s",1.5,True,True,2,0.31197476058854734,0.7890129131100896,0.19773656082992772,0.2843845784664154,0.8751686811447144,0.20040355622768402,"('llama1b,mobilenet_v2,qwen2_vl,resnet50,yolo11l,yolo11m,yolo11s', 1.5)"
gpu,combination_326,"llama1b,mobilenet_v2,qwen2_vl,resnet50,yolo11l,yolo11m,yolo11s",1.5,True,True,2,0.12924030488315605,0.8176843948347559,0.16645708896573405,0.10393436253070831,0.9237350225448608,0.17471423745155334,"('llama1b,mobilenet_v2,qwen2_vl,resnet50,yolo11l,yolo11m,yolo11s', 1.5)"
gpu,combination_334,"llama1b,mobilenet_v2,qwen2_vl,resnet50,yolo11l,yolo11m,yolo11s",2.0,True,True,2,0.5655199506145125,0.37193763919821815,0.8597792342186962,0.48766374588012695,0.41340741515159607,0.7278932929039001,"('llama1b,mobilenet_v2,qwen2_vl,resnet50,yolo11l,yolo11m,yolo11s', 2.0)"
gpu,combination_319,"llama1b,mobilenet_v2,qwen2_vl,resnet50,yolo11l,yolo11m,yolo11s",1.5,True,True,2,0.38738587821425585,0.20989275552637338,0.8230116315624018,0.3861433267593384,0.38884004950523376,0.6822769045829773,"('llama1b,mobilenet_v2,qwen2_vl,resnet50,yolo11l,yolo11m,yolo11s', 1.5)"
gpu,combination_316,"llama1b,mobilenet_v2,qwen2_vl,resnet50,yolo11l,yolo11m,yolo11s",1.5,True,True,2,0.0943965156210738,0.7971109652002626,0.4599182646966363,0.08651229739189148,0.7802329659461975,0.476919025182724,"('llama1b,mobilenet_v2,qwen2_vl,resnet50,yolo11l,yolo11m,yolo11s', 1.5)"
gpu,combination_320,"llama1b,mobilenet_v2,qwen2_vl,resnet50,yolo11l,yolo11m,yolo11s",1.5,True,True,2,0.8261440098277355,0.09061063690085357,1.0,0.7432648539543152,0.09786350280046463,0.8903299570083618,"('llama1b,mobilenet_v2,qwen2_vl,resnet50,yolo11l,yolo11m,yolo11s', 1.5)"
gpu,combination_346,"llama1b,mobilenet_v2,qwen2_vl,resnet50,yolo11l,yolo11m,yolo11s",2.0,True,True,2,0.14187103653403668,1.0,0.17661262504311834,0.11294732242822647,0.9423907399177551,0.18534734845161438,"('llama1b,mobilenet_v2,qwen2_vl,resnet50,yolo11l,yolo11m,yolo11s', 2.0)"
gpu,combination_321,"llama1b,mobilenet_v2,qwen2_vl,resnet50,yolo11l,yolo11m,yolo11s",1.5,True,True,2,0.1437306307060893,0.8925366601006784,0.17415906947500787,0.1082661971449852,0.9293764233589172,0.17569231986999512,"('llama1b,mobilenet_v2,qwen2_vl,resnet50,yolo11l,yolo11m,yolo11s', 1.5)"
gpu,combination_289,"llama1b,mobilenet_v2,qwen2_vl,resnet50,yolo11l,yolo11m,yolo11s",1.0,True,True,1,0.07792563719967112,1.0,0.12553802008608322,0.08689720928668976,0.9668595790863037,0.13778159022331238,"('llama1b,mobilenet_v2,qwen2_vl,resnet50,yolo11l,yolo11m,yolo11s', 1.0)"
gpu,combination_292,"llama1b,mobilenet_v2,qwen2_vl,resnet50,yolo11l,yolo11m,yolo11s",1.0,True,True,1,0.21051189134870124,0.6404428904428904,0.1675035868005739,0.23975896835327148,0.6749154925346375,0.1714468151330948,"('llama1b,mobilenet_v2,qwen2_vl,resnet50,yolo11l,yolo11m,yolo11s', 1.0)"
gpu,combination_331,"llama1b,mobilenet_v2,qwen2_vl,resnet50,yolo11l,yolo11m,yolo11s",2.0,True,True,2,0.15705146192266678,1.0,0.19454984477406,0.13356825709342957,1.0,0.19700832664966583,"('llama1b,mobilenet_v2,qwen2_vl,resnet50,yolo11l,yolo11m,yolo11s', 2.0)"
gpu,combination_294,"llama1b,mobilenet_v2,qwen2_vl,resnet50,yolo11l,yolo11m,yolo11s",1.0,True,True,1,0.5613142909345595,0.4178321678321679,0.6881874701099953,0.5362111926078796,0.42401963472366333,0.7586501240730286,"('llama1b,mobilenet_v2,qwen2_vl,resnet50,yolo11l,yolo11m,yolo11s', 1.0)"
gpu,combination_332,"llama1b,mobilenet_v2,qwen2_vl,resnet50,yolo11l,yolo11m,yolo11s",2.0,True,True,2,0.2422694876255682,0.84771714922049,0.2069679199724043,0.20282702147960663,0.8753846883773804,0.233640655875206,"('llama1b,mobilenet_v2,qwen2_vl,resnet50,yolo11l,yolo11m,yolo11s', 2.0)"
gpu,combination_290,"llama1b,mobilenet_v2,qwen2_vl,resnet50,yolo11l,yolo11m,yolo11s",1.0,True,True,1,1.0,0.0,1.0,1.0,0.0025984705425798893,1.0,"('llama1b,mobilenet_v2,qwen2_vl,resnet50,yolo11l,yolo11m,yolo11s', 1.0)"
gpu,combination_325,"llama1b,mobilenet_v2,qwen2_vl,resnet50,yolo11l,yolo11m,yolo11s",1.5,True,True,2,0.861546193148505,0.27292624206609745,0.4292675259352405,0.8118613362312317,0.14678458869457245,0.3814847469329834,"('llama1b,mobilenet_v2,qwen2_vl,resnet50,yolo11l,yolo11m,yolo11s', 1.5)"
gpu,combination_314,"llama1b,mobilenet_v2,qwen2_vl,resnet50,yolo11l,yolo11m,yolo11s",1.5,True,True,2,0.5446296451405758,0.4079667323265485,0.9372838729959133,0.48647770285606384,0.40817493200302124,0.7114320993423462,"('llama1b,mobilenet_v2,qwen2_vl,resnet50,yolo11l,yolo11m,yolo11s', 1.5)"
gpu,combination_336,"llama1b,mobilenet_v2,qwen2_vl,resnet50,yolo11l,yolo11m,yolo11s",2.0,True,True,2,0.07708064425613108,0.7772828507795101,0.4929285960676095,0.09118031710386276,0.759848415851593,0.5456429123878479,"('llama1b,mobilenet_v2,qwen2_vl,resnet50,yolo11l,yolo11m,yolo11s', 2.0)"
gpu,combination_307,"llama1b,mobilenet_v2,qwen2_vl,resnet50,yolo11l,yolo11m,yolo11s",1.0,True,True,1,0.24425226103109113,0.8192016317016317,0.1457436633189861,0.2710437476634979,0.8562315702438354,0.17907194793224335,"('llama1b,mobilenet_v2,qwen2_vl,resnet50,yolo11l,yolo11m,yolo11s', 1.0)"
gpu,combination_324,"llama1b,mobilenet_v2,qwen2_vl,resnet50,yolo11l,yolo11m,yolo11s",1.5,True,True,2,0.5133316581511573,0.4438608010505581,0.3270983967305879,0.49729716777801514,0.4807378649711609,0.33320945501327515,"('llama1b,mobilenet_v2,qwen2_vl,resnet50,yolo11l,yolo11m,yolo11s', 1.5)"
gpu,combination_340,"llama1b,mobilenet_v2,qwen2_vl,resnet50,yolo11l,yolo11m,yolo11s",2.0,True,True,2,0.8285257309613332,0.0,1.0,0.7007433176040649,0.07762794941663742,0.8955502510070801,"('llama1b,mobilenet_v2,qwen2_vl,resnet50,yolo11l,yolo11m,yolo11s', 2.0)"
gpu,combination_315,"llama1b,mobilenet_v2,qwen2_vl,resnet50,yolo11l,yolo11m,yolo11s",1.5,True,True,2,0.7389228578607925,0.3825782446924928,0.8863564916692864,0.724820613861084,0.17266160249710083,0.7729989886283875,"('llama1b,mobilenet_v2,qwen2_vl,resnet50,yolo11l,yolo11m,yolo11s', 1.5)"
gpu,combination_306,"llama1b,mobilenet_v2,qwen2_vl,resnet50,yolo11l,yolo11m,yolo11s",1.0,True,True,1,0.13243399616309875,0.8183275058275058,0.11154949784791966,0.12588858604431152,0.8567827343940735,0.14811493456363678,"('llama1b,mobilenet_v2,qwen2_vl,resnet50,yolo11l,yolo11m,yolo11s', 1.0)"
gpu,combination_341,"llama1b,mobilenet_v2,qwen2_vl,resnet50,yolo11l,yolo11m,yolo11s",2.0,True,True,2,0.14453673045625454,0.9888641425389755,0.19575715764056573,0.11727915704250336,0.9460837244987488,0.18039530515670776,"('llama1b,mobilenet_v2,qwen2_vl,resnet50,yolo11l,yolo11m,yolo11s', 2.0)"
gpu,combination_295,"llama1b,mobilenet_v2,qwen2_vl,resnet50,yolo11l,yolo11m,yolo11s",1.0,True,True,1,0.749048387587929,0.3141025641025641,0.7384026781444285,0.7651471495628357,0.25373032689094543,0.883751630783081,"('llama1b,mobilenet_v2,qwen2_vl,resnet50,yolo11l,yolo11m,yolo11s', 1.0)"
gpu,combination_328,"llama1b,mobilenet_v2,qwen2_vl,resnet50,yolo11l,yolo11m,yolo11s",1.5,True,True,2,0.3552503001368066,0.4845699277741299,0.24457717698836845,0.3633808493614197,0.680730402469635,0.22553077340126038,"('llama1b,mobilenet_v2,qwen2_vl,resnet50,yolo11l,yolo11m,yolo11s', 1.5)"
gpu,combination_345,"llama1b,mobilenet_v2,qwen2_vl,resnet50,yolo11l,yolo11m,yolo11s",2.0,True,True,2,0.8576519445535662,0.2594654788418707,0.39686098654708524,0.8185939192771912,0.2954537570476532,0.4312790632247925,"('llama1b,mobilenet_v2,qwen2_vl,resnet50,yolo11l,yolo11m,yolo11s', 2.0)"
gpu,combination_342,"llama1b,mobilenet_v2,qwen2_vl,resnet50,yolo11l,yolo11m,yolo11s",2.0,True,True,2,0.2606487457208597,0.9994432071269488,0.21438427043808211,0.246511772274971,0.9811395406723022,0.20745849609375,"('llama1b,mobilenet_v2,qwen2_vl,resnet50,yolo11l,yolo11m,yolo11s', 2.0)"
gpu,combination_298,"llama1b,mobilenet_v2,qwen2_vl,resnet50,yolo11l,yolo11m,yolo11s",1.0,True,True,1,0.428575778799598,0.708041958041958,0.5663558106169296,0.394328236579895,0.6812628507614136,0.5732990503311157,"('llama1b,mobilenet_v2,qwen2_vl,resnet50,yolo11l,yolo11m,yolo11s', 1.0)"
gpu,combination_322,"llama1b,mobilenet_v2,qwen2_vl,resnet50,yolo11l,yolo11m,yolo11s",1.5,True,True,2,0.2635899154033002,0.9997811337272926,0.1890914806664571,0.24275270104408264,0.9481789469718933,0.20896294713020325,"('llama1b,mobilenet_v2,qwen2_vl,resnet50,yolo11l,yolo11m,yolo11s', 1.5)"
gpu,combination_329,"llama1b,mobilenet_v2,qwen2_vl,resnet50,yolo11l,yolo11m,yolo11s",2.0,True,True,2,0.07014984005836467,1.0,0.1669541221110728,0.09784851968288422,1.0,0.1737169623374939,"('llama1b,mobilenet_v2,qwen2_vl,resnet50,yolo11l,yolo11m,yolo11s', 2.0)"
gpu,combination_309,"llama1b,mobilenet_v2,qwen2_vl,resnet50,yolo11l,yolo11m,yolo11s",1.5,True,True,2,0.06675600971605664,1.0,0.15561144294247092,0.08902394026517868,1.0,0.14921638369560242,"('llama1b,mobilenet_v2,qwen2_vl,resnet50,yolo11l,yolo11m,yolo11s', 1.5)"
gpu,combination_297,"llama1b,mobilenet_v2,qwen2_vl,resnet50,yolo11l,yolo11m,yolo11s",1.0,True,True,1,0.3100277109534395,0.812937062937063,0.14120038259206122,0.3139980435371399,0.7991359829902649,0.16800396144390106,"('llama1b,mobilenet_v2,qwen2_vl,resnet50,yolo11l,yolo11m,yolo11s', 1.0)"
gpu,combination_330,"llama1b,mobilenet_v2,qwen2_vl,resnet50,yolo11l,yolo11m,yolo11s",2.0,True,True,2,1.0,0.4523942093541202,0.820110382890652,0.9622094631195068,0.13828977942466736,0.981011688709259,"('llama1b,mobilenet_v2,qwen2_vl,resnet50,yolo11l,yolo11m,yolo11s', 2.0)"
gpu,combination_291,"llama1b,mobilenet_v2,qwen2_vl,resnet50,yolo11l,yolo11m,yolo11s",1.0,True,True,1,0.16078443314351837,0.9914044289044289,0.21018651362984217,0.13289904594421387,0.9688190817832947,0.1481514871120453,"('llama1b,mobilenet_v2,qwen2_vl,resnet50,yolo11l,yolo11m,yolo11s', 1.0)"
gpu,combination_318,"llama1b,mobilenet_v2,qwen2_vl,resnet50,yolo11l,yolo11m,yolo11s",1.5,True,True,2,0.3952033950358768,0.7555263733858611,0.6411505815781201,0.38194432854652405,0.7054319977760315,0.5936840772628784,"('llama1b,mobilenet_v2,qwen2_vl,resnet50,yolo11l,yolo11m,yolo11s', 1.5)"
gpu,combination_304,"llama1b,mobilenet_v2,qwen2_vl,resnet50,yolo11l,yolo11m,yolo11s",1.0,True,True,1,0.5101251560644356,0.43269230769230776,0.2626733620277379,0.5452747344970703,0.392658531665802,0.30850717425346375,"('llama1b,mobilenet_v2,qwen2_vl,resnet50,yolo11l,yolo11m,yolo11s', 1.0)"
gpu,combination_310,"llama1b,mobilenet_v2,qwen2_vl,resnet50,yolo11l,yolo11m,yolo11s",1.5,True,True,2,1.0,0.0,0.8877711411505815,0.9837185144424438,0.0,0.9471773505210876,"('llama1b,mobilenet_v2,qwen2_vl,resnet50,yolo11l,yolo11m,yolo11s', 1.5)"
gpu,combination_339,"llama1b,mobilenet_v2,qwen2_vl,resnet50,yolo11l,yolo11m,yolo11s",2.0,True,True,2,0.423256074976149,0.09493318485523392,0.8444291134874096,0.38528376817703247,0.38238582015037537,0.7008118033409119,"('llama1b,mobilenet_v2,qwen2_vl,resnet50,yolo11l,yolo11m,yolo11s', 2.0)"
gpu,combination_302,"llama1b,mobilenet_v2,qwen2_vl,resnet50,yolo11l,yolo11m,yolo11s",1.0,True,True,1,0.28749352903559794,0.9581876456876458,0.16953610712577713,0.2684732675552368,0.9419783353805542,0.17024019360542297,"('llama1b,mobilenet_v2,qwen2_vl,resnet50,yolo11l,yolo11m,yolo11s', 1.0)"
gpu,combination_300,"llama1b,mobilenet_v2,qwen2_vl,resnet50,yolo11l,yolo11m,yolo11s",1.0,True,True,1,0.8050184232162978,0.09965034965034968,0.8754184600669536,0.8409841656684875,0.13958150148391724,0.9531504511833191,"('llama1b,mobilenet_v2,qwen2_vl,resnet50,yolo11l,yolo11m,yolo11s', 1.0)"
gpu,combination_301,"llama1b,mobilenet_v2,qwen2_vl,resnet50,yolo11l,yolo11m,yolo11s",1.0,True,True,1,0.1403209598343433,0.82488344988345,0.11848397895743663,0.12754131853580475,0.8811209201812744,0.15064725279808044,"('llama1b,mobilenet_v2,qwen2_vl,resnet50,yolo11l,yolo11m,yolo11s', 1.0)"
gpu,combination_327,"llama1b,mobilenet_v2,qwen2_vl,resnet50,yolo11l,yolo11m,yolo11s",1.5,True,True,2,0.24186838652036743,0.8124316042897789,0.21093995598868281,0.23549017310142517,0.8756428956985474,0.19380690157413483,"('llama1b,mobilenet_v2,qwen2_vl,resnet50,yolo11l,yolo11m,yolo11s', 1.5)"
gpu,combination_293,"llama1b,mobilenet_v2,qwen2_vl,resnet50,yolo11l,yolo11m,yolo11s",1.0,True,True,1,0.38725296141782634,0.6025641025641025,0.4942611190817791,0.36832600831985474,0.5530372262001038,0.6162065863609314,"('llama1b,mobilenet_v2,qwen2_vl,resnet50,yolo11l,yolo11m,yolo11s', 1.0)"
gpu,combination_303,"llama1b,mobilenet_v2,qwen2_vl,resnet50,yolo11l,yolo11m,yolo11s",1.0,True,True,1,0.4611285361917233,0.7057109557109558,0.18280726924916307,0.42048588395118713,0.7030292749404907,0.197524756193161,"('llama1b,mobilenet_v2,qwen2_vl,resnet50,yolo11l,yolo11m,yolo11s', 1.0)"
gpu,combination_296,"llama1b,mobilenet_v2,qwen2_vl,resnet50,yolo11l,yolo11m,yolo11s",1.0,True,True,1,0.11245774840890407,0.8500874125874126,0.39574366331898614,0.08887849003076553,0.7711533308029175,0.38806164264678955,"('llama1b,mobilenet_v2,qwen2_vl,resnet50,yolo11l,yolo11m,yolo11s', 1.0)"
gpu,combination_460,"mobilenet_v2,resnet50,yolo11m,yolo11n,yolo11s",3.0,False,False,2,0.30464139241772537,1.0,0.0,0.3076443672180176,0.9577100276947021,0.510631263256073,"('mobilenet_v2,resnet50,yolo11m,yolo11n,yolo11s', 3.0)"
gpu,combination_446,"mobilenet_v2,resnet50,yolo11m,yolo11n,yolo11s",2.0,False,False,1,0.7185511137629277,0.9432624113475178,0.0,0.7492584586143494,0.7913569808006287,0.5807662010192871,"('mobilenet_v2,resnet50,yolo11m,yolo11n,yolo11s', 2.0)"
gpu,combination_447,"mobilenet_v2,resnet50,yolo11m,yolo11n,yolo11s",2.0,False,False,1,0.1853371121718377,1.0,0.0,0.1917514055967331,1.0,0.5420492887496948,"('mobilenet_v2,resnet50,yolo11m,yolo11n,yolo11s', 2.0)"
gpu,combination_465,"mobilenet_v2,resnet50,yolo11m,yolo11n,yolo11s",3.0,False,False,2,0.5052515754726418,0.3963585434173667,0.0,0.46352699398994446,0.6436811685562134,0.5460178256034851,"('mobilenet_v2,resnet50,yolo11m,yolo11n,yolo11s', 3.0)"
gpu,combination_439,"mobilenet_v2,resnet50,yolo11m,yolo11n,yolo11s",2.0,False,False,1,0.18804693715194912,0.7876073161627475,0.0,0.16636614501476288,0.8923566341400146,0.48645517230033875,"('mobilenet_v2,resnet50,yolo11m,yolo11n,yolo11s', 2.0)"
gpu,combination_440,"mobilenet_v2,resnet50,yolo11m,yolo11n,yolo11s",2.0,False,False,1,0.35727426412092284,0.994027622247107,0.0,0.3374643921852112,1.0,0.5344530344009399,"('mobilenet_v2,resnet50,yolo11m,yolo11n,yolo11s', 2.0)"
gpu,combination_467,"mobilenet_v2,resnet50,yolo11m,yolo11n,yolo11s",3.0,False,False,2,0.18558067420226074,1.0,0.0,0.17145384848117828,1.0,0.5076444149017334,"('mobilenet_v2,resnet50,yolo11m,yolo11n,yolo11s', 3.0)"
gpu,combination_451,"mobilenet_v2,resnet50,yolo11m,yolo11n,yolo11s",2.0,False,False,1,0.18277645186953062,1.0,0.0,0.17403173446655273,1.0,0.4934919476509094,"('mobilenet_v2,resnet50,yolo11m,yolo11n,yolo11s', 2.0)"
gpu,combination_463,"mobilenet_v2,resnet50,yolo11m,yolo11n,yolo11s",3.0,False,False,2,0.18440532159647896,1.0,0.0,0.18439269065856934,1.0,0.5285957455635071,"('mobilenet_v2,resnet50,yolo11m,yolo11n,yolo11s', 3.0)"
gpu,combination_466,"mobilenet_v2,resnet50,yolo11m,yolo11n,yolo11s",3.0,False,False,2,0.8515804741422429,0.7170868347338937,0.0,0.7668775320053101,0.5376451015472412,0.605471134185791,"('mobilenet_v2,resnet50,yolo11m,yolo11n,yolo11s', 3.0)"
gpu,combination_464,"mobilenet_v2,resnet50,yolo11m,yolo11n,yolo11s",3.0,False,False,2,0.3203711113334001,0.9971988795518211,0.0,0.2815149128437042,0.9737883806228638,0.5114307999610901,"('mobilenet_v2,resnet50,yolo11m,yolo11n,yolo11s', 3.0)"
gpu,combination_456,"mobilenet_v2,resnet50,yolo11m,yolo11n,yolo11s",3.0,False,False,2,0.3727368210463139,0.9817927170868352,0.0,0.33024272322654724,0.9954906702041626,0.5217009782791138,"('mobilenet_v2,resnet50,yolo11m,yolo11n,yolo11s', 3.0)"
gpu,combination_458,"mobilenet_v2,resnet50,yolo11m,yolo11n,yolo11s",3.0,False,False,2,0.6974342302690808,0.0,0.0,0.6362255811691284,0.639078676700592,0.603392481803894,"('mobilenet_v2,resnet50,yolo11m,yolo11n,yolo11s', 3.0)"
gpu,combination_437,"mobilenet_v2,resnet50,yolo11m,yolo11n,yolo11s",2.0,False,False,1,0.08494928400954653,1.0,0.0,0.08615205436944962,0.9961300492286682,0.5112261772155762,"('mobilenet_v2,resnet50,yolo11m,yolo11n,yolo11s', 2.0)"
gpu,combination_421,"mobilenet_v2,resnet50,yolo11m,yolo11n,yolo11s",1.0,False,False,0,0.10796005556574843,1.0,0.0,0.09672175347805023,0.9297314286231995,0.46077534556388855,"('mobilenet_v2,resnet50,yolo11m,yolo11n,yolo11s', 1.0)"
gpu,combination_424,"mobilenet_v2,resnet50,yolo11m,yolo11n,yolo11s",1.0,False,False,0,0.36039105705973323,0.9752316127812443,0.0,0.34737566113471985,0.9333544373512268,0.4562824070453644,"('mobilenet_v2,resnet50,yolo11m,yolo11n,yolo11s', 1.0)"
gpu,combination_445,"mobilenet_v2,resnet50,yolo11m,yolo11n,yolo11s",2.0,False,False,1,0.5547682975338106,0.3646883165360209,0.0,0.5315890312194824,0.48190778493881226,0.5881620645523071,"('mobilenet_v2,resnet50,yolo11m,yolo11n,yolo11s', 2.0)"
gpu,combination_426,"mobilenet_v2,resnet50,yolo11m,yolo11n,yolo11s",1.0,False,False,0,0.6649018425811863,0.29854414823218,0.0,0.7298110723495483,0.277505487203598,0.5626996755599976,"('mobilenet_v2,resnet50,yolo11m,yolo11n,yolo11s', 1.0)"
gpu,combination_422,"mobilenet_v2,resnet50,yolo11m,yolo11n,yolo11s",1.0,False,False,0,1.0,0.0,0.0,0.9891402125358582,0.0,0.7721233367919922,"('mobilenet_v2,resnet50,yolo11m,yolo11n,yolo11s', 1.0)"
gpu,combination_438,"mobilenet_v2,resnet50,yolo11m,yolo11n,yolo11s",2.0,False,False,1,1.0,0.0,0.0,1.0,0.32408803701400757,0.8119294047355652,"('mobilenet_v2,resnet50,yolo11m,yolo11n,yolo11s', 2.0)"
gpu,combination_452,"mobilenet_v2,resnet50,yolo11m,yolo11n,yolo11s",2.0,False,False,1,0.2818217979315831,1.0,0.0,0.2910234034061432,1.0,0.5112699866294861,"('mobilenet_v2,resnet50,yolo11m,yolo11n,yolo11s', 2.0)"
gpu,combination_461,"mobilenet_v2,resnet50,yolo11m,yolo11n,yolo11s",3.0,False,False,2,0.567920376112834,0.3263305322128849,0.0,0.5078667998313904,0.6984381675720215,0.5308511257171631,"('mobilenet_v2,resnet50,yolo11m,yolo11n,yolo11s', 3.0)"
gpu,combination_444,"mobilenet_v2,resnet50,yolo11m,yolo11n,yolo11s",2.0,False,False,1,0.3168506364359586,0.9955207166853304,0.0,0.2955612242221832,0.9850547909736633,0.5055205821990967,"('mobilenet_v2,resnet50,yolo11m,yolo11n,yolo11s', 2.0)"
gpu,combination_448,"mobilenet_v2,resnet50,yolo11m,yolo11n,yolo11s",2.0,False,False,1,0.29890115354017505,0.9880552444942143,0.0,0.2947723865509033,0.9854628443717957,0.5078375935554504,"('mobilenet_v2,resnet50,yolo11m,yolo11n,yolo11s', 2.0)"
gpu,combination_455,"mobilenet_v2,resnet50,yolo11m,yolo11n,yolo11s",3.0,False,False,2,0.19533360008002404,0.9803921568627457,0.0,0.16304649412631989,0.8846604228019714,0.5008929967880249,"('mobilenet_v2,resnet50,yolo11m,yolo11n,yolo11s', 3.0)"
gpu,combination_449,"mobilenet_v2,resnet50,yolo11m,yolo11n,yolo11s",2.0,False,False,1,0.491447891805887,0.3348264277715565,0.0,0.4919758439064026,0.6378154158592224,0.5680880546569824,"('mobilenet_v2,resnet50,yolo11m,yolo11n,yolo11s', 2.0)"
gpu,combination_431,"mobilenet_v2,resnet50,yolo11m,yolo11n,yolo11s",1.0,False,False,0,0.22415013236180642,0.9996218566836832,0.0,0.19125628471374512,0.948202908039093,0.46849942207336426,"('mobilenet_v2,resnet50,yolo11m,yolo11n,yolo11s', 1.0)"
gpu,combination_443,"mobilenet_v2,resnet50,yolo11m,yolo11n,yolo11s",2.0,False,False,1,0.2553699284009547,0.9951474430757746,0.0,0.22432176768779755,0.9982182383537292,0.5173009037971497,"('mobilenet_v2,resnet50,yolo11m,yolo11n,yolo11s', 2.0)"
gpu,combination_453,"mobilenet_v2,resnet50,yolo11m,yolo11n,yolo11s",3.0,False,False,2,0.0889516855056517,1.0,0.0,0.08797333389520645,0.9999603033065796,0.5139429569244385,"('mobilenet_v2,resnet50,yolo11m,yolo11n,yolo11s', 3.0)"
gpu,combination_457,"mobilenet_v2,resnet50,yolo11m,yolo11n,yolo11s",3.0,False,False,2,0.5466139841952586,0.9817927170868352,0.0,0.5155635476112366,0.9047162532806396,0.5329265594482422,"('mobilenet_v2,resnet50,yolo11m,yolo11n,yolo11s', 3.0)"
gpu,combination_468,"mobilenet_v2,resnet50,yolo11m,yolo11n,yolo11s",3.0,False,False,2,0.28913674102230674,1.0,0.0,0.2855178117752075,1.0,0.5085575580596924,"('mobilenet_v2,resnet50,yolo11m,yolo11n,yolo11s', 3.0)"
gpu,combination_427,"mobilenet_v2,resnet50,yolo11m,yolo11n,yolo11s",1.0,False,False,0,0.2666893822242026,0.9631310266591041,0.0,0.25196412205696106,0.9195095896720886,0.4575255215167999,"('mobilenet_v2,resnet50,yolo11m,yolo11n,yolo11s', 1.0)"
gpu,combination_462,"mobilenet_v2,resnet50,yolo11m,yolo11n,yolo11s",3.0,False,False,2,0.7342952885865761,0.9677871148459388,0.0,0.6812778115272522,0.8916417360305786,0.5830862522125244,"('mobilenet_v2,resnet50,yolo11m,yolo11n,yolo11s', 3.0)"
gpu,combination_430,"mobilenet_v2,resnet50,yolo11m,yolo11n,yolo11s",1.0,False,False,0,0.7277016224150132,0.4789185101153338,0.0,0.7541661262512207,0.5685792565345764,0.5841954946517944,"('mobilenet_v2,resnet50,yolo11m,yolo11n,yolo11s', 1.0)"
gpu,combination_454,"mobilenet_v2,resnet50,yolo11m,yolo11n,yolo11s",3.0,False,False,2,1.0,0.4243697478991595,0.0,1.0,0.1507788747549057,0.8045517206192017,"('mobilenet_v2,resnet50,yolo11m,yolo11n,yolo11s', 3.0)"
gpu,combination_441,"mobilenet_v2,resnet50,yolo11m,yolo11n,yolo11s",2.0,False,False,1,0.5538981702466189,0.9678984695782006,0.0,0.524858832359314,0.8930150270462036,0.5677218437194824,"('mobilenet_v2,resnet50,yolo11m,yolo11n,yolo11s', 2.0)"
gpu,combination_429,"mobilenet_v2,resnet50,yolo11m,yolo11n,yolo11s",1.0,False,False,0,0.5312295232353943,0.301947438079032,0.0,0.5433775186538696,0.40319889783859253,0.45053932070732117,"('mobilenet_v2,resnet50,yolo11m,yolo11n,yolo11s', 1.0)"
gpu,combination_423,"mobilenet_v2,resnet50,yolo11m,yolo11n,yolo11s",1.0,False,False,0,0.1682436505648311,0.6721497447532615,0.0,0.18444277346134186,0.8053328990936279,0.42709311842918396,"('mobilenet_v2,resnet50,yolo11m,yolo11n,yolo11s', 1.0)"
gpu,combination_450,"mobilenet_v2,resnet50,yolo11m,yolo11n,yolo11s",2.0,False,False,1,0.8291070007955451,0.2452407614781634,0.0,0.8087503910064697,0.46730542182922363,0.5937350988388062,"('mobilenet_v2,resnet50,yolo11m,yolo11n,yolo11s', 2.0)"
gpu,combination_436,"mobilenet_v2,resnet50,yolo11m,yolo11n,yolo11s",1.0,False,False,0,0.3053495137997012,0.9988655700510495,0.0,0.30384522676467896,0.9275834560394287,0.4514622092247009,"('mobilenet_v2,resnet50,yolo11m,yolo11n,yolo11s', 1.0)"
gpu,combination_442,"mobilenet_v2,resnet50,yolo11m,yolo11n,yolo11s",2.0,False,False,1,0.668879276054097,0.3385591638671146,0.0,0.6736524105072021,0.3451402485370636,0.6026677489280701,"('mobilenet_v2,resnet50,yolo11m,yolo11n,yolo11s', 2.0)"
gpu,combination_434,"mobilenet_v2,resnet50,yolo11m,yolo11n,yolo11s",1.0,False,False,0,0.8123083374832909,0.10247683872187555,0.0,0.8826146125793457,0.30780577659606934,0.554410994052887,"('mobilenet_v2,resnet50,yolo11m,yolo11n,yolo11s', 1.0)"
gpu,combination_432,"mobilenet_v2,resnet50,yolo11m,yolo11n,yolo11s",1.0,False,False,0,0.29877073886719263,0.8621667612024959,0.0,0.3110063672065735,0.9116604328155518,0.46934017539024353,"('mobilenet_v2,resnet50,yolo11m,yolo11n,yolo11s', 1.0)"
gpu,combination_433,"mobilenet_v2,resnet50,yolo11m,yolo11n,yolo11s",1.0,False,False,0,0.48219012921657534,0.5604083947816222,0.0,0.49079158902168274,0.436888188123703,0.45122092962265015,"('mobilenet_v2,resnet50,yolo11m,yolo11n,yolo11s', 1.0)"
gpu,combination_459,"mobilenet_v2,resnet50,yolo11m,yolo11n,yolo11s",3.0,False,False,2,0.24109732919875965,0.994397759103642,0.0,0.2455579936504364,0.9928691387176514,0.5146535634994507,"('mobilenet_v2,resnet50,yolo11m,yolo11n,yolo11s', 3.0)"
gpu,combination_425,"mobilenet_v2,resnet50,yolo11m,yolo11n,yolo11s",1.0,False,False,0,0.5606898540088592,0.6695027415390434,0.0,0.5415440797805786,0.8035116195678711,0.4882134795188904,"('mobilenet_v2,resnet50,yolo11m,yolo11n,yolo11s', 1.0)"
gpu,combination_435,"mobilenet_v2,resnet50,yolo11m,yolo11n,yolo11s",1.0,False,False,0,0.19217361675359734,1.0,0.0,0.18419314920902252,0.9152828454971313,0.4682488739490509,"('mobilenet_v2,resnet50,yolo11m,yolo11n,yolo11s', 1.0)"
gpu,combination_428,"mobilenet_v2,resnet50,yolo11m,yolo11n,yolo11s",1.0,False,False,0,0.313291222184363,0.8400453771979581,0.0,0.3011792302131653,0.8941656947135925,0.4595702290534973,"('mobilenet_v2,resnet50,yolo11m,yolo11n,yolo11s', 1.0)"
gpu,combination_280,"llama1b,mobilenet_v2,qwen2_vl,resnet50,yolo11m,yolo11s",2.0,True,True,2,0.222825184118722,0.6798603026775321,0.5830481705712028,0.2667442858219147,0.734818160533905,0.5407471656799316,"('llama1b,mobilenet_v2,qwen2_vl,resnet50,yolo11m,yolo11s', 2.0)"
gpu,combination_266,"llama1b,mobilenet_v2,qwen2_vl,resnet50,yolo11m,yolo11s",1.5,True,True,2,0.6708971430183038,0.31203386414029416,0.8167099976364925,0.6888962388038635,0.35445210337638855,0.6616248488426208,"('llama1b,mobilenet_v2,qwen2_vl,resnet50,yolo11m,yolo11s', 1.5)"
gpu,combination_267,"llama1b,mobilenet_v2,qwen2_vl,resnet50,yolo11m,yolo11s",1.5,True,True,2,0.19189440731026317,1.0,0.16036398014653747,0.23519645631313324,1.0,0.15649543702602386,"('llama1b,mobilenet_v2,qwen2_vl,resnet50,yolo11m,yolo11s', 1.5)"
gpu,combination_285,"llama1b,mobilenet_v2,qwen2_vl,resnet50,yolo11m,yolo11s",2.0,True,True,2,0.35284345755578933,0.2342840512223516,0.8011318768096867,0.3722895383834839,0.4993784725666046,0.6211966276168823,"('llama1b,mobilenet_v2,qwen2_vl,resnet50,yolo11m,yolo11s', 2.0)"
gpu,combination_259,"llama1b,mobilenet_v2,qwen2_vl,resnet50,yolo11m,yolo11s",1.5,True,True,2,0.17423921933609726,0.7758516428139489,0.15303710706688725,0.20676876604557037,0.9268973469734192,0.17581573128700256,"('llama1b,mobilenet_v2,qwen2_vl,resnet50,yolo11m,yolo11s', 1.5)"
gpu,combination_260,"llama1b,mobilenet_v2,qwen2_vl,resnet50,yolo11m,yolo11s",1.5,True,True,2,0.3324026285359732,0.7367466236645837,0.5090995036634365,0.35224148631095886,0.7460026144981384,0.5006101131439209,"('llama1b,mobilenet_v2,qwen2_vl,resnet50,yolo11m,yolo11s', 1.5)"
gpu,combination_287,"llama1b,mobilenet_v2,qwen2_vl,resnet50,yolo11m,yolo11s",2.0,True,True,2,0.184146408992746,1.0,0.1621479336667544,0.22781506180763245,1.0,0.17333853244781494,"('llama1b,mobilenet_v2,qwen2_vl,resnet50,yolo11m,yolo11s', 2.0)"
gpu,combination_271,"llama1b,mobilenet_v2,qwen2_vl,resnet50,yolo11m,yolo11s",1.5,True,True,2,0.19666074399977435,0.9993952832090305,0.1621366107303238,0.2284962385892868,0.9835836887359619,0.1648624837398529,"('llama1b,mobilenet_v2,qwen2_vl,resnet50,yolo11m,yolo11s', 1.5)"
gpu,combination_283,"llama1b,mobilenet_v2,qwen2_vl,resnet50,yolo11m,yolo11s",2.0,True,True,2,0.18652749321667866,1.0,0.1645169781521453,0.236460879445076,1.0,0.16534608602523804,"('llama1b,mobilenet_v2,qwen2_vl,resnet50,yolo11m,yolo11s', 2.0)"
gpu,combination_286,"llama1b,mobilenet_v2,qwen2_vl,resnet50,yolo11m,yolo11s",2.0,True,True,2,0.6419513815825905,0.20139697322467998,0.882205843643064,0.6248101592063904,0.3133881092071533,0.7284309267997742,"('llama1b,mobilenet_v2,qwen2_vl,resnet50,yolo11m,yolo11s', 2.0)"
gpu,combination_284,"llama1b,mobilenet_v2,qwen2_vl,resnet50,yolo11m,yolo11s",2.0,True,True,2,0.4076083947062407,0.9938882421420256,0.21782047907344038,0.4020877480506897,0.9730143547058105,0.19888758659362793,"('llama1b,mobilenet_v2,qwen2_vl,resnet50,yolo11m,yolo11s', 2.0)"
gpu,combination_276,"llama1b,mobilenet_v2,qwen2_vl,resnet50,yolo11m,yolo11s",2.0,True,True,2,0.32861730992856747,0.6667636786961582,0.5938404843379836,0.357054740190506,0.7111783623695374,0.5154919028282166,"('llama1b,mobilenet_v2,qwen2_vl,resnet50,yolo11m,yolo11s', 2.0)"
gpu,combination_278,"llama1b,mobilenet_v2,qwen2_vl,resnet50,yolo11m,yolo11s",2.0,True,True,2,0.8595990918655517,0.4560535506402795,0.41379310344827586,0.8054632544517517,0.47149258852005005,0.36872100830078125,"('llama1b,mobilenet_v2,qwen2_vl,resnet50,yolo11m,yolo11s', 2.0)"
gpu,combination_257,"llama1b,mobilenet_v2,qwen2_vl,resnet50,yolo11m,yolo11s",1.5,True,True,2,0.09639845446597287,1.0,0.13365634601748996,0.07656170427799225,1.0,0.14260534942150116,"('llama1b,mobilenet_v2,qwen2_vl,resnet50,yolo11m,yolo11s', 1.5)"
gpu,combination_241,"llama1b,mobilenet_v2,qwen2_vl,resnet50,yolo11m,yolo11s",1.0,True,True,1,0.09612109744560074,0.9938587512794268,0.11054484803558191,0.09971071034669876,0.9663633704185486,0.11543546617031097,"('llama1b,mobilenet_v2,qwen2_vl,resnet50,yolo11m,yolo11s', 1.0)"
gpu,combination_244,"llama1b,mobilenet_v2,qwen2_vl,resnet50,yolo11m,yolo11s",1.0,True,True,1,0.36852727846105326,0.7635619242579325,0.42475908080059305,0.3385952115058899,0.7301728129386902,0.4659181237220764,"('llama1b,mobilenet_v2,qwen2_vl,resnet50,yolo11m,yolo11s', 1.0)"
gpu,combination_265,"llama1b,mobilenet_v2,qwen2_vl,resnet50,yolo11m,yolo11s",1.5,True,True,2,0.6269847984883097,0.6256803063898408,0.2623493264003781,0.5916181802749634,0.5747355222702026,0.2663721740245819,"('llama1b,mobilenet_v2,qwen2_vl,resnet50,yolo11m,yolo11s', 1.5)"
gpu,combination_246,"llama1b,mobilenet_v2,qwen2_vl,resnet50,yolo11m,yolo11s",1.0,True,True,1,0.8674235257016714,0.2574937856411756,0.374351371386212,0.8794670701026917,0.26125583052635193,0.46264904737472534,"('llama1b,mobilenet_v2,qwen2_vl,resnet50,yolo11m,yolo11s', 1.0)"
gpu,combination_242,"llama1b,mobilenet_v2,qwen2_vl,resnet50,yolo11m,yolo11s",1.0,True,True,1,1.0,0.0,1.0,1.0,0.0,1.0,"('llama1b,mobilenet_v2,qwen2_vl,resnet50,yolo11m,yolo11s', 1.0)"
gpu,combination_258,"llama1b,mobilenet_v2,qwen2_vl,resnet50,yolo11m,yolo11s",1.5,True,True,2,1.0,0.0,1.0,1.0,0.0,0.9649932384490967,"('llama1b,mobilenet_v2,qwen2_vl,resnet50,yolo11m,yolo11s', 1.5)"
gpu,combination_272,"llama1b,mobilenet_v2,qwen2_vl,resnet50,yolo11m,yolo11s",1.5,True,True,2,0.4000902501621683,0.9905261036081434,0.18813519262585676,0.4221116602420807,0.9580073952674866,0.20751576125621796,"('llama1b,mobilenet_v2,qwen2_vl,resnet50,yolo11m,yolo11s', 1.5)"
gpu,combination_281,"llama1b,mobilenet_v2,qwen2_vl,resnet50,yolo11m,yolo11s",2.0,True,True,2,0.626917326540783,0.5678114086146684,0.29205053961568833,0.5675443410873413,0.744821310043335,0.27356794476509094,"('llama1b,mobilenet_v2,qwen2_vl,resnet50,yolo11m,yolo11s', 2.0)"
gpu,combination_264,"llama1b,mobilenet_v2,qwen2_vl,resnet50,yolo11m,yolo11s",1.5,True,True,2,0.22697915785317424,0.754686555130014,0.5798865516426377,0.263256311416626,0.7607666850090027,0.5067238807678223,"('llama1b,mobilenet_v2,qwen2_vl,resnet50,yolo11m,yolo11s', 1.5)"
gpu,combination_268,"llama1b,mobilenet_v2,qwen2_vl,resnet50,yolo11m,yolo11s",1.5,True,True,2,0.4192966127986012,0.9901229590808305,0.1961711179390215,0.3939528465270996,0.8866829872131348,0.1784113198518753,"('llama1b,mobilenet_v2,qwen2_vl,resnet50,yolo11m,yolo11s', 1.5)"
gpu,combination_275,"llama1b,mobilenet_v2,qwen2_vl,resnet50,yolo11m,yolo11s",2.0,True,True,2,0.1866382413201174,0.9438300349243307,0.18096867596735983,0.20918458700180054,0.9599010944366455,0.17793919146060944,"('llama1b,mobilenet_v2,qwen2_vl,resnet50,yolo11m,yolo11s', 2.0)"
gpu,combination_269,"llama1b,mobilenet_v2,qwen2_vl,resnet50,yolo11m,yolo11s",1.5,True,True,2,0.34596835603688975,0.435799234025398,0.7018435358071378,0.3795406222343445,0.489011287689209,0.603299617767334,"('llama1b,mobilenet_v2,qwen2_vl,resnet50,yolo11m,yolo11s', 1.5)"
gpu,combination_251,"llama1b,mobilenet_v2,qwen2_vl,resnet50,yolo11m,yolo11s",1.0,True,True,1,0.22349416587827178,1.0,0.12870644922164567,0.21772882342338562,0.9955360293388367,0.1321640908718109,"('llama1b,mobilenet_v2,qwen2_vl,resnet50,yolo11m,yolo11s', 1.0)"
gpu,combination_263,"llama1b,mobilenet_v2,qwen2_vl,resnet50,yolo11m,yolo11s",1.5,True,True,2,0.26578672758552613,0.9979842773634348,0.1622547861025762,0.2747640609741211,0.9967686533927917,0.1619146168231964,"('llama1b,mobilenet_v2,qwen2_vl,resnet50,yolo11m,yolo11s', 1.5)"
gpu,combination_273,"llama1b,mobilenet_v2,qwen2_vl,resnet50,yolo11m,yolo11s",2.0,True,True,2,0.08142754305332522,1.0,0.144248486443801,0.09706989675760269,1.0,0.15888555347919464,"('llama1b,mobilenet_v2,qwen2_vl,resnet50,yolo11m,yolo11s', 2.0)"
gpu,combination_277,"llama1b,mobilenet_v2,qwen2_vl,resnet50,yolo11m,yolo11s",2.0,True,True,2,0.4513262085386787,0.6557043073341096,0.6825480389576204,0.47533416748046875,0.6170295476913452,0.6064870953559875,"('llama1b,mobilenet_v2,qwen2_vl,resnet50,yolo11m,yolo11s', 2.0)"
gpu,combination_288,"llama1b,mobilenet_v2,qwen2_vl,resnet50,yolo11m,yolo11s",2.0,True,True,2,0.3813610941912619,0.9898137369033762,0.22124243221900497,0.4053778648376465,1.0,0.2092316746711731,"('llama1b,mobilenet_v2,qwen2_vl,resnet50,yolo11m,yolo11s', 2.0)"
gpu,combination_247,"llama1b,mobilenet_v2,qwen2_vl,resnet50,yolo11m,yolo11s",1.0,True,True,1,0.28047934405550295,0.9903494662962422,0.11990363232023721,0.2716640830039978,0.9564852714538574,0.13235224783420563,"('llama1b,mobilenet_v2,qwen2_vl,resnet50,yolo11m,yolo11s', 1.0)"
gpu,combination_282,"llama1b,mobilenet_v2,qwen2_vl,resnet50,yolo11m,yolo11s",2.0,True,True,2,0.6774461487347029,0.14755529685681015,0.8491708344301131,0.6596438884735107,0.34132838249206543,0.6880508065223694,"('llama1b,mobilenet_v2,qwen2_vl,resnet50,yolo11m,yolo11s', 2.0)"
gpu,combination_250,"llama1b,mobilenet_v2,qwen2_vl,resnet50,yolo11m,yolo11s",1.0,True,True,1,0.7092399873856827,0.37651703465418923,0.6381578947368421,0.7268399000167847,0.27515894174575806,0.7671278119087219,"('llama1b,mobilenet_v2,qwen2_vl,resnet50,yolo11m,yolo11s', 1.0)"
gpu,combination_274,"llama1b,mobilenet_v2,qwen2_vl,resnet50,yolo11m,yolo11s",2.0,True,True,2,1.0,0.0,1.0,0.9577578902244568,0.07082349807024002,0.9911321997642517,"('llama1b,mobilenet_v2,qwen2_vl,resnet50,yolo11m,yolo11s', 2.0)"
gpu,combination_261,"llama1b,mobilenet_v2,qwen2_vl,resnet50,yolo11m,yolo11s",1.5,True,True,2,0.44950221394929063,0.701269905261036,0.6779721106121483,0.48747050762176514,0.614289402961731,0.5981383323669434,"('llama1b,mobilenet_v2,qwen2_vl,resnet50,yolo11m,yolo11s', 1.5)"
gpu,combination_249,"llama1b,mobilenet_v2,qwen2_vl,resnet50,yolo11m,yolo11s",1.0,True,True,1,0.6493850520340586,0.4456791928644539,0.21154558932542622,0.7071442604064941,0.5485061407089233,0.2642971873283386,"('llama1b,mobilenet_v2,qwen2_vl,resnet50,yolo11m,yolo11s', 1.0)"
gpu,combination_243,"llama1b,mobilenet_v2,qwen2_vl,resnet50,yolo11m,yolo11s",1.0,True,True,1,0.17773573005361085,0.7873958181020617,0.12333209785025945,0.20756858587265015,0.8390282392501831,0.12792746722698212,"('llama1b,mobilenet_v2,qwen2_vl,resnet50,yolo11m,yolo11s', 1.0)"
gpu,combination_270,"llama1b,mobilenet_v2,qwen2_vl,resnet50,yolo11m,yolo11s",1.5,True,True,2,0.634515046394224,0.32271719411408994,0.8142283148191917,0.6383734345436096,0.3056322932243347,0.7187064290046692,"('llama1b,mobilenet_v2,qwen2_vl,resnet50,yolo11m,yolo11s', 1.5)"
gpu,combination_256,"llama1b,mobilenet_v2,qwen2_vl,resnet50,yolo11m,yolo11s",1.0,True,True,1,0.44162724692526023,0.9371253107179414,0.1510378057820608,0.3873787224292755,0.8940566778182983,0.15888196229934692,"('llama1b,mobilenet_v2,qwen2_vl,resnet50,yolo11m,yolo11s', 1.0)"
gpu,combination_262,"llama1b,mobilenet_v2,qwen2_vl,resnet50,yolo11m,yolo11s",1.5,True,True,2,0.843133936881293,0.28361217496472474,0.4256676908532262,0.7955538034439087,0.2967678904533386,0.3353492021560669,"('llama1b,mobilenet_v2,qwen2_vl,resnet50,yolo11m,yolo11s', 1.5)"
gpu,combination_254,"llama1b,mobilenet_v2,qwen2_vl,resnet50,yolo11m,yolo11s",1.0,True,True,1,0.6779880163986124,0.2703611639128528,0.6893068939955522,0.7068695425987244,0.273165762424469,0.7797093391418457,"('llama1b,mobilenet_v2,qwen2_vl,resnet50,yolo11m,yolo11s', 1.0)"
gpu,combination_252,"llama1b,mobilenet_v2,qwen2_vl,resnet50,yolo11m,yolo11s",1.0,True,True,1,0.4578997161778619,0.8686942535458402,0.15048183839881393,0.3992511034011841,0.8600401878356934,0.15737277269363403,"('llama1b,mobilenet_v2,qwen2_vl,resnet50,yolo11m,yolo11s', 1.0)"
gpu,combination_253,"llama1b,mobilenet_v2,qwen2_vl,resnet50,yolo11m,yolo11s",1.0,True,True,1,0.36414380321665085,0.5319491153677438,0.5622683469236471,0.3777666687965393,0.4772495627403259,0.6505141854286194,"('llama1b,mobilenet_v2,qwen2_vl,resnet50,yolo11m,yolo11s', 1.0)"
gpu,combination_279,"llama1b,mobilenet_v2,qwen2_vl,resnet50,yolo11m,yolo11s",2.0,True,True,2,0.2508167672628606,0.9979627473806751,0.1864964464332719,0.2772809863090515,1.0,0.17020396888256073,"('llama1b,mobilenet_v2,qwen2_vl,resnet50,yolo11m,yolo11s', 2.0)"
gpu,combination_245,"llama1b,mobilenet_v2,qwen2_vl,resnet50,yolo11m,yolo11s",1.0,True,True,1,0.521444339325134,0.7058049422430179,0.5614343958487769,0.48056560754776,0.6114722490310669,0.6179293990135193,"('llama1b,mobilenet_v2,qwen2_vl,resnet50,yolo11m,yolo11s', 1.0)"
gpu,combination_255,"llama1b,mobilenet_v2,qwen2_vl,resnet50,yolo11m,yolo11s",1.0,True,True,1,0.2197098707032482,0.9942974119023249,0.11443661971830986,0.21189092099666595,0.9597339630126953,0.12426356971263885,"('llama1b,mobilenet_v2,qwen2_vl,resnet50,yolo11m,yolo11s', 1.0)"
gpu,combination_248,"llama1b,mobilenet_v2,qwen2_vl,resnet50,yolo11m,yolo11s",1.0,True,True,1,0.26691895301166824,0.7885655797631231,0.4264269829503336,0.2556874454021454,0.7630060911178589,0.4795958995819092,"('llama1b,mobilenet_v2,qwen2_vl,resnet50,yolo11m,yolo11s', 1.0)"
gpu,combination_232,"llama1b,mobilenet_v2,qwen2_vl,resnet50,yolo11s",3.0,True,True,1,0.8630745849224328,0.9013157894736844,0.39131634624229605,0.8141757249832153,0.7111867070198059,0.4286365509033203,"('llama1b,mobilenet_v2,qwen2_vl,resnet50,yolo11s', 3.0)"
gpu,combination_218,"llama1b,mobilenet_v2,qwen2_vl,resnet50,yolo11s",2.0,True,True,2,0.3932564741324373,0.5672696438665913,0.548695730661612,0.41064736247062683,0.48151418566703796,0.5763856768608093,"('llama1b,mobilenet_v2,qwen2_vl,resnet50,yolo11s', 2.0)"
gpu,combination_219,"llama1b,mobilenet_v2,qwen2_vl,resnet50,yolo11s",2.0,True,True,2,0.4279589826777128,0.5534200113058224,0.5746908565755032,0.4546721577644348,0.5106200575828552,0.5644518733024597,"('llama1b,mobilenet_v2,qwen2_vl,resnet50,yolo11s', 2.0)"
gpu,combination_237,"llama1b,mobilenet_v2,qwen2_vl,resnet50,yolo11s",3.0,True,True,1,0.2894789665357153,0.3522267206477733,0.5746481464446693,0.3245464265346527,0.489085853099823,0.6525134444236755,"('llama1b,mobilenet_v2,qwen2_vl,resnet50,yolo11s', 3.0)"
gpu,combination_211,"llama1b,mobilenet_v2,qwen2_vl,resnet50,yolo11s",2.0,True,True,2,0.34207172237993166,0.9884115319389486,0.16517736257784998,0.3293778896331787,1.0,0.17335134744644165,"('llama1b,mobilenet_v2,qwen2_vl,resnet50,yolo11s', 2.0)"
gpu,combination_212,"llama1b,mobilenet_v2,qwen2_vl,resnet50,yolo11s",2.0,True,True,2,0.5995307340246799,0.9361221028829849,0.2246592652766495,0.556664764881134,0.8831678032875061,0.2145494967699051,"('llama1b,mobilenet_v2,qwen2_vl,resnet50,yolo11s', 2.0)"
gpu,combination_239,"llama1b,mobilenet_v2,qwen2_vl,resnet50,yolo11s",3.0,True,True,1,0.6063143406073466,0.2834008097165994,0.6587250482936253,0.6557184457778931,0.36235010623931885,0.7061076164245605,"('llama1b,mobilenet_v2,qwen2_vl,resnet50,yolo11s', 3.0)"
gpu,combination_223,"llama1b,mobilenet_v2,qwen2_vl,resnet50,yolo11s",2.0,True,True,2,0.6195469555645676,0.5084793668739399,0.6333604115894936,0.6420069932937622,0.5018462538719177,0.6388412117958069,"('llama1b,mobilenet_v2,qwen2_vl,resnet50,yolo11s', 2.0)"
gpu,combination_235,"llama1b,mobilenet_v2,qwen2_vl,resnet50,yolo11s",3.0,True,True,1,0.43592464083961807,0.31123481781376516,0.5982890258485881,0.45461505651474,0.4584917426109314,0.6527146697044373,"('llama1b,mobilenet_v2,qwen2_vl,resnet50,yolo11s', 3.0)"
gpu,combination_238,"llama1b,mobilenet_v2,qwen2_vl,resnet50,yolo11s",3.0,True,True,1,0.6082355977403722,0.28188259109311725,0.7053628920982431,0.644557774066925,0.36371880769729614,0.7457253336906433,"('llama1b,mobilenet_v2,qwen2_vl,resnet50,yolo11s', 3.0)"
gpu,combination_236,"llama1b,mobilenet_v2,qwen2_vl,resnet50,yolo11s",3.0,True,True,1,0.7911564820921629,0.2322874493927128,0.7658909024008832,0.7373481392860413,0.3819022476673126,0.7845009565353394,"('llama1b,mobilenet_v2,qwen2_vl,resnet50,yolo11s', 3.0)"
gpu,combination_228,"llama1b,mobilenet_v2,qwen2_vl,resnet50,yolo11s",3.0,True,True,1,0.5821982622659364,0.9782388663967613,0.2194830282402723,0.6053737998008728,0.8543393611907959,0.29269152879714966,"('llama1b,mobilenet_v2,qwen2_vl,resnet50,yolo11s', 3.0)"
gpu,combination_230,"llama1b,mobilenet_v2,qwen2_vl,resnet50,yolo11s",3.0,True,True,1,0.44409715252487597,1.0,0.2297856682917855,0.4658471941947937,0.8550602793693542,0.2762678265571594,"('llama1b,mobilenet_v2,qwen2_vl,resnet50,yolo11s', 3.0)"
gpu,combination_209,"llama1b,mobilenet_v2,qwen2_vl,resnet50,yolo11s",2.0,True,True,2,0.11586814205434216,1.0,0.11571441465836266,0.12381346523761749,1.0,0.13659480214118958,"('llama1b,mobilenet_v2,qwen2_vl,resnet50,yolo11s', 2.0)"
gpu,combination_193,"llama1b,mobilenet_v2,qwen2_vl,resnet50,yolo11s",1.0,True,True,0,0.13169214479518232,1.0,0.10727824109173616,0.1224246695637703,0.9791285991668701,0.11697487533092499,"('llama1b,mobilenet_v2,qwen2_vl,resnet50,yolo11s', 1.0)"
gpu,combination_196,"llama1b,mobilenet_v2,qwen2_vl,resnet50,yolo11s",1.0,True,True,0,0.6292105089008007,0.5616689591930306,0.19992418498862774,0.6038295030593872,0.8109112977981567,0.19235502183437347,"('llama1b,mobilenet_v2,qwen2_vl,resnet50,yolo11s', 1.0)"
gpu,combination_217,"llama1b,mobilenet_v2,qwen2_vl,resnet50,yolo11s",2.0,True,True,2,0.18104397195990965,0.6156020350480497,0.44029244516653127,0.1899006962776184,0.5652979016304016,0.45233309268951416,"('llama1b,mobilenet_v2,qwen2_vl,resnet50,yolo11s', 2.0)"
gpu,combination_198,"llama1b,mobilenet_v2,qwen2_vl,resnet50,yolo11s",1.0,True,True,0,0.47041890013897164,0.673697080849763,0.1875663381349507,0.5369839668273926,0.8801488876342773,0.16283714771270752,"('llama1b,mobilenet_v2,qwen2_vl,resnet50,yolo11s', 1.0)"
gpu,combination_194,"llama1b,mobilenet_v2,qwen2_vl,resnet50,yolo11s",1.0,True,True,0,0.29925220038382633,0.8184319119669876,0.13131159969673994,0.3042895495891571,0.9201268553733826,0.12495701014995575,"('llama1b,mobilenet_v2,qwen2_vl,resnet50,yolo11s', 1.0)"
gpu,combination_210,"llama1b,mobilenet_v2,qwen2_vl,resnet50,yolo11s",2.0,True,True,2,0.27243496900527203,0.9997173544375354,0.1554291903601408,0.2746086120605469,1.0,0.17295651137828827,"('llama1b,mobilenet_v2,qwen2_vl,resnet50,yolo11s', 2.0)"
gpu,combination_224,"llama1b,mobilenet_v2,qwen2_vl,resnet50,yolo11s",2.0,True,True,2,1.0,0.0,1.0,0.9438385963439941,0.05143958330154419,0.9886841177940369,"('llama1b,mobilenet_v2,qwen2_vl,resnet50,yolo11s', 2.0)"
gpu,combination_233,"llama1b,mobilenet_v2,qwen2_vl,resnet50,yolo11s",3.0,True,True,1,0.16631778166489836,0.41953441295546545,0.4423696072118481,0.2000935971736908,0.6314057111740112,0.5500571131706238,"('llama1b,mobilenet_v2,qwen2_vl,resnet50,yolo11s', 3.0)"
gpu,combination_216,"llama1b,mobilenet_v2,qwen2_vl,resnet50,yolo11s",2.0,True,True,2,0.8500086901106542,0.566704352741662,0.380449499052261,0.7953929901123047,0.7352420687675476,0.34479597210884094,"('llama1b,mobilenet_v2,qwen2_vl,resnet50,yolo11s', 2.0)"
gpu,combination_220,"llama1b,mobilenet_v2,qwen2_vl,resnet50,yolo11s",2.0,True,True,2,0.7866867504779561,0.4039005087620125,0.771278996299305,0.7030569911003113,0.381913423538208,0.7099877595901489,"('llama1b,mobilenet_v2,qwen2_vl,resnet50,yolo11s', 2.0)"
gpu,combination_227,"llama1b,mobilenet_v2,qwen2_vl,resnet50,yolo11s",3.0,True,True,1,0.3314885441459008,0.993927125506073,0.1654861558274308,0.3455953598022461,0.987541913986206,0.20451325178146362,"('llama1b,mobilenet_v2,qwen2_vl,resnet50,yolo11s', 3.0)"
gpu,combination_221,"llama1b,mobilenet_v2,qwen2_vl,resnet50,yolo11s",2.0,True,True,2,0.2903655639881815,0.5703787450537026,0.6260492824262117,0.33552950620651245,0.5284231305122375,0.5550473928451538,"('llama1b,mobilenet_v2,qwen2_vl,resnet50,yolo11s', 2.0)"
gpu,combination_203,"llama1b,mobilenet_v2,qwen2_vl,resnet50,yolo11s",1.0,True,True,0,0.4980477797630865,0.5913189668347852,0.5213040181956028,0.4616677165031433,0.5558177828788757,0.4710448384284973,"('llama1b,mobilenet_v2,qwen2_vl,resnet50,yolo11s', 1.0)"
gpu,combination_215,"llama1b,mobilenet_v2,qwen2_vl,resnet50,yolo11s",2.0,True,True,2,0.506575517061584,0.9287733182589033,0.21491109305894032,0.5501506328582764,0.9674127101898193,0.23553228378295898,"('llama1b,mobilenet_v2,qwen2_vl,resnet50,yolo11s', 2.0)"
gpu,combination_225,"llama1b,mobilenet_v2,qwen2_vl,resnet50,yolo11s",3.0,True,True,1,0.11126086083789752,1.0,0.1258393892006255,0.1273321658372879,1.0,0.18905718624591827,"('llama1b,mobilenet_v2,qwen2_vl,resnet50,yolo11s', 3.0)"
gpu,combination_229,"llama1b,mobilenet_v2,qwen2_vl,resnet50,yolo11s",3.0,True,True,1,0.2307515843202477,1.0,0.16741790083708952,0.26238393783569336,1.0,0.2061092108488083,"('llama1b,mobilenet_v2,qwen2_vl,resnet50,yolo11s', 3.0)"
gpu,combination_240,"llama1b,mobilenet_v2,qwen2_vl,resnet50,yolo11s",3.0,True,True,1,1.0,0.0,1.0,0.9267376661300659,0.13808555901050568,0.9960792660713196,"('llama1b,mobilenet_v2,qwen2_vl,resnet50,yolo11s', 3.0)"
gpu,combination_199,"llama1b,mobilenet_v2,qwen2_vl,resnet50,yolo11s",1.0,True,True,0,0.5737542187810203,0.8118600030567019,0.18453373768006065,0.5578296780586243,0.9129433035850525,0.16807512938976288,"('llama1b,mobilenet_v2,qwen2_vl,resnet50,yolo11s', 1.0)"
gpu,combination_234,"llama1b,mobilenet_v2,qwen2_vl,resnet50,yolo11s",3.0,True,True,1,0.3836205660539672,0.3380566801619432,0.571152607855763,0.4238949418067932,0.4829707145690918,0.6308298707008362,"('llama1b,mobilenet_v2,qwen2_vl,resnet50,yolo11s', 3.0)"
gpu,combination_202,"llama1b,mobilenet_v2,qwen2_vl,resnet50,yolo11s",1.0,True,True,0,0.41099199258818075,0.4664526975393549,0.5074298711144807,0.4428606629371643,0.532559335231781,0.4698363244533539,"('llama1b,mobilenet_v2,qwen2_vl,resnet50,yolo11s', 1.0)"
gpu,combination_226,"llama1b,mobilenet_v2,qwen2_vl,resnet50,yolo11s",3.0,True,True,1,0.2608608378975138,1.0,0.15637935792475394,0.29267746210098267,0.9756375551223755,0.19728797674179077,"('llama1b,mobilenet_v2,qwen2_vl,resnet50,yolo11s', 3.0)"
gpu,combination_213,"llama1b,mobilenet_v2,qwen2_vl,resnet50,yolo11s",2.0,True,True,2,0.24236718614217023,1.0,0.16328188464662874,0.2592776417732239,1.0,0.16997016966342926,"('llama1b,mobilenet_v2,qwen2_vl,resnet50,yolo11s', 2.0)"
gpu,combination_201,"llama1b,mobilenet_v2,qwen2_vl,resnet50,yolo11s",1.0,True,True,0,0.19684335914234663,0.763411279229711,0.3528430629264594,0.22896000742912292,0.659079909324646,0.3930588364601135,"('llama1b,mobilenet_v2,qwen2_vl,resnet50,yolo11s', 1.0)"
gpu,combination_195,"llama1b,mobilenet_v2,qwen2_vl,resnet50,yolo11s",1.0,True,True,0,0.3841241479716762,0.9064649243466297,0.13191811978771795,0.3522983491420746,0.9301544427871704,0.12126436829566956,"('llama1b,mobilenet_v2,qwen2_vl,resnet50,yolo11s', 1.0)"
gpu,combination_222,"llama1b,mobilenet_v2,qwen2_vl,resnet50,yolo11s",2.0,True,True,2,0.611696888940386,0.535048049745619,0.688961097571983,0.6298553943634033,0.41879525780677795,0.6864974498748779,"('llama1b,mobilenet_v2,qwen2_vl,resnet50,yolo11s', 2.0)"
gpu,combination_208,"llama1b,mobilenet_v2,qwen2_vl,resnet50,yolo11s",1.0,True,True,0,1.0,0.0,1.0,0.9944342374801636,0.0,0.9916815757751465,"('llama1b,mobilenet_v2,qwen2_vl,resnet50,yolo11s', 1.0)"
gpu,combination_214,"llama1b,mobilenet_v2,qwen2_vl,resnet50,yolo11s",2.0,True,True,2,0.4497421933839291,0.9923685698134538,0.22736709089267984,0.4703632891178131,0.9398208260536194,0.2361135184764862,"('llama1b,mobilenet_v2,qwen2_vl,resnet50,yolo11s', 2.0)"
gpu,combination_206,"llama1b,mobilenet_v2,qwen2_vl,resnet50,yolo11s",1.0,True,True,0,0.6808616239825293,0.3888124713434204,0.5808946171341925,0.7765555381774902,0.49222463369369507,0.5934656858444214,"('llama1b,mobilenet_v2,qwen2_vl,resnet50,yolo11s', 1.0)"
gpu,combination_204,"llama1b,mobilenet_v2,qwen2_vl,resnet50,yolo11s",1.0,True,True,0,0.767917411157435,0.20663304294666057,0.6754359363153905,0.88088458776474,0.41044971346855164,0.6211521029472351,"('llama1b,mobilenet_v2,qwen2_vl,resnet50,yolo11s', 1.0)"
gpu,combination_205,"llama1b,mobilenet_v2,qwen2_vl,resnet50,yolo11s",1.0,True,True,0,0.3354509959632056,0.6891334250343878,0.47543593631539044,0.3562285602092743,0.5985946655273438,0.48306840658187866,"('llama1b,mobilenet_v2,qwen2_vl,resnet50,yolo11s', 1.0)"
gpu,combination_231,"llama1b,mobilenet_v2,qwen2_vl,resnet50,yolo11s",3.0,True,True,1,0.5002437415765778,0.9802631578947367,0.22601416613007086,0.5269309878349304,0.8207417726516724,0.2633891999721527,"('llama1b,mobilenet_v2,qwen2_vl,resnet50,yolo11s', 3.0)"
gpu,combination_197,"llama1b,mobilenet_v2,qwen2_vl,resnet50,yolo11s",1.0,True,True,0,0.2719872940242207,0.9825767996331957,0.13790750568612586,0.2934392988681793,0.9701195955276489,0.12214159965515137,"('llama1b,mobilenet_v2,qwen2_vl,resnet50,yolo11s', 1.0)"
gpu,combination_207,"llama1b,mobilenet_v2,qwen2_vl,resnet50,yolo11s",1.0,True,True,0,0.6909866984316062,0.5000764175454684,0.5419257012888552,0.7234383821487427,0.5656948089599609,0.5837207436561584,"('llama1b,mobilenet_v2,qwen2_vl,resnet50,yolo11s', 1.0)"
gpu,combination_200,"llama1b,mobilenet_v2,qwen2_vl,resnet50,yolo11s",1.0,True,True,0,0.8591092581563099,0.3600794742472871,0.345185746777862,0.879882276058197,0.5775805711746216,0.34986212849617004,"('llama1b,mobilenet_v2,qwen2_vl,resnet50,yolo11s', 1.0)"
gpu,combination_173,"llama1b,resnet50,yolo11s",3.0,False,True,1,0.04346605717951803,1.0,0.0,0.053785230964422226,0.9965883493423462,0.3966800272464752,"('llama1b,resnet50,yolo11s', 3.0)"
gpu,combination_188,"qwen2_vl,resnet50,yolo11s",2.0,True,True,0,1.0,0.0,1.0,0.9865162968635559,0.0,0.8998785614967346,"('qwen2_vl,resnet50,yolo11s', 2.0)"
gpu,combination_163,"llama1b,resnet50,yolo11s",1.0,True,True,1,0.8926360725720384,0.40198116668704903,0.4162111376836351,0.8776676654815674,0.48847055435180664,0.5190766453742981,"('llama1b,resnet50,yolo11s', 1.0)"
gpu,combination_133,"mobilenet_v2,resnet50,yolo11s",1.0,False,False,0,0.20094429953445375,1.0,0.0,0.20601077377796173,0.997839629650116,0.39838749170303345,"('mobilenet_v2,resnet50,yolo11s', 1.0)"
gpu,combination_140,"mobilenet_v2,resnet50,yolo11s",1.0,False,False,0,1.0,0.0,0.0,0.9997902512550354,0.0,0.8040170669555664,"('mobilenet_v2,resnet50,yolo11s', 1.0)"
gpu,combination_166,"llama1b,resnet50,yolo11s",2.0,False,True,2,0.3241772151898734,0.9886379979864807,0.0,0.3062531650066376,0.9922086596488953,0.5076539516448975,"('llama1b,resnet50,yolo11s', 2.0)"
gpu,combination_156,"mobilenet_v2,resnet50,yolo11s",3.0,False,False,1,1.0,0.0,0.0,0.9544928073883057,0.27871188521385193,0.8903297781944275,"('mobilenet_v2,resnet50,yolo11s', 3.0)"
gpu,combination_180,"llama1b,resnet50,yolo11s",3.0,True,True,1,1.0,0.0,1.0,0.9900937080383301,0.016904521733522415,0.9998577833175659,"('llama1b,resnet50,yolo11s', 3.0)"
gpu,combination_191,"qwen2_vl,resnet50,yolo11s",3.0,True,True,2,0.5766873591396149,0.8880753138075309,0.5331798199706929,0.6168367862701416,0.8151405453681946,0.5072429180145264,"('qwen2_vl,resnet50,yolo11s', 3.0)"
gpu,combination_121,"resnet50,yolo11s",2.0,False,False,0,0.09009463722397477,1.0,0.0,0.08555548638105392,0.9489802718162537,0.4908137917518616,"('resnet50,yolo11s', 2.0)"
gpu,combination_181,"qwen2_vl,resnet50,yolo11s",1.0,True,True,0,0.1532645048713102,1.0,0.36421725239616615,0.13078247010707855,0.953557550907135,0.36718955636024475,"('qwen2_vl,resnet50,yolo11s', 1.0)"
gpu,combination_137,"mobilenet_v2,resnet50,yolo11s",1.0,False,False,0,0.33747152243536827,0.9973872147709457,0.0,0.3877633810043335,0.9375146627426147,0.4174676239490509,"('mobilenet_v2,resnet50,yolo11s', 1.0)"
gpu,combination_189,"qwen2_vl,resnet50,yolo11s",3.0,True,True,2,0.08224269502985251,1.0,0.4609587607284906,0.07348194718360901,0.9585000872612,0.46131664514541626,"('qwen2_vl,resnet50,yolo11s', 3.0)"
gpu,combination_185,"qwen2_vl,resnet50,yolo11s",2.0,True,True,0,0.08757671957671959,1.0,0.4633748214650072,0.0815463736653328,0.9987547397613525,0.4244498014450073,"('qwen2_vl,resnet50,yolo11s', 2.0)"
gpu,combination_126,"resnet50,yolo11s",3.0,False,False,1,0.5505269208660661,0.9638888888888888,0.0,0.5441268086433411,0.9772354364395142,0.5056169033050537,"('resnet50,yolo11s', 3.0)"
gpu,combination_152,"mobilenet_v2,resnet50,yolo11s",3.0,False,False,1,0.7756548873621109,0.8640192539109509,0.0,0.6665223240852356,0.84917813539505,0.6212122440338135,"('mobilenet_v2,resnet50,yolo11s', 3.0)"
gpu,combination_125,"resnet50,yolo11s",3.0,False,False,1,0.07963211343169188,1.0,0.0,0.08561957627534866,0.9959266185760498,0.507093071937561,"('resnet50,yolo11s', 3.0)"
gpu,combination_135,"mobilenet_v2,resnet50,yolo11s",1.0,False,False,0,0.5070492290421633,0.7833130116704407,0.0,0.46115076541900635,0.9115938544273376,0.42067450284957886,"('mobilenet_v2,resnet50,yolo11s', 1.0)"
gpu,combination_143,"mobilenet_v2,resnet50,yolo11s",2.0,False,False,0,0.43805498028312867,0.9471847370870171,0.0,0.41329559683799744,0.9245707988739014,0.46949395537376404,"('mobilenet_v2,resnet50,yolo11s', 2.0)"
gpu,combination_149,"mobilenet_v2,resnet50,yolo11s",3.0,False,False,1,0.1779213313990091,1.0,0.0,0.1784774363040924,1.0,0.5142446160316467,"('mobilenet_v2,resnet50,yolo11s', 3.0)"
gpu,combination_132,"resnet50,yolo11s",4.0,False,False,0,1.0,0.0,0.0,0.9604090452194214,0.025719156488776207,0.8598290085792542,"('resnet50,yolo11s', 4.0)"
gpu,combination_157,"llama1b,resnet50,yolo11s",1.0,False,True,1,0.07805051583066523,1.0,0.0,0.11181891709566116,0.9937102198600769,0.3534190058708191,"('llama1b,resnet50,yolo11s', 1.0)"
gpu,combination_183,"qwen2_vl,resnet50,yolo11s",1.0,True,True,0,0.8874509233677477,0.6894126839432217,0.4346729443416849,0.8752815127372742,0.6051802039146423,0.45612460374832153,"('qwen2_vl,resnet50,yolo11s', 1.0)"
gpu,combination_170,"llama1b,resnet50,yolo11s",2.0,True,True,2,0.5654008438818565,0.6001725873723571,0.5803177405119153,0.5719383358955383,0.502678632736206,0.5596967339515686,"('llama1b,resnet50,yolo11s', 2.0)"
gpu,combination_145,"mobilenet_v2,resnet50,yolo11s",2.0,False,False,0,0.29541263581945587,1.0,0.0,0.3380809724330902,1.0,0.4760628342628479,"('mobilenet_v2,resnet50,yolo11s', 2.0)"
gpu,combination_186,"qwen2_vl,resnet50,yolo11s",2.0,True,True,0,0.563005291005291,0.9208103130755064,0.5174454193021832,0.5512925982475281,0.9658516049385071,0.558018147945404,"('qwen2_vl,resnet50,yolo11s', 2.0)"
gpu,combination_171,"llama1b,resnet50,yolo11s",2.0,True,True,2,0.6318565400843882,0.5873723572558607,0.581972639011474,0.6112220883369446,0.5231059789657593,0.5594750046730042,"('llama1b,resnet50,yolo11s', 2.0)"
gpu,combination_167,"llama1b,resnet50,yolo11s",2.0,False,True,2,0.4951476793248945,0.9449158636559758,0.0,0.4896555542945862,0.9949725866317749,0.5136019587516785,"('llama1b,resnet50,yolo11s', 2.0)"
gpu,combination_184,"qwen2_vl,resnet50,yolo11s",1.0,True,True,0,1.0,0.0,1.0,0.9876219630241394,0.0031788707710802555,0.8990511298179626,"('qwen2_vl,resnet50,yolo11s', 1.0)"
gpu,combination_153,"mobilenet_v2,resnet50,yolo11s",3.0,False,False,1,0.2906139654558892,1.0,0.0,0.29518625140190125,0.9753480553627014,0.5293292999267578,"('mobilenet_v2,resnet50,yolo11s', 3.0)"
gpu,combination_178,"llama1b,resnet50,yolo11s",3.0,True,True,1,0.550783912747103,0.3586150041220114,0.5586406041759218,0.5267719626426697,0.576356828212738,0.622791051864624,"('llama1b,resnet50,yolo11s', 3.0)"
gpu,combination_158,"llama1b,resnet50,yolo11s",1.0,False,True,1,0.4152970473141231,0.6367861073743426,0.0,0.35527750849723816,0.8115959167480469,0.4133482277393341,"('llama1b,resnet50,yolo11s', 1.0)"
gpu,combination_187,"qwen2_vl,resnet50,yolo11s",2.0,True,True,0,0.6273439153439154,0.9290976058931859,0.5396857784125688,0.5997902154922485,0.7550599575042725,0.5325531363487244,"('qwen2_vl,resnet50,yolo11s', 2.0)"
gpu,combination_176,"llama1b,resnet50,yolo11s",3.0,False,True,1,0.9405750030073379,0.85078318219291,0.0,0.9318518042564392,0.6783134341239929,0.5724241733551025,"('llama1b,resnet50,yolo11s', 3.0)"
gpu,combination_122,"resnet50,yolo11s",2.0,False,False,0,0.5885173501577288,0.9345753263899076,0.0,0.5328790545463562,0.8091596961021423,0.4925825893878937,"('resnet50,yolo11s', 2.0)"
gpu,combination_128,"resnet50,yolo11s",3.0,False,False,1,1.0,0.0,0.0,1.0,0.0,0.9666709899902344,"('resnet50,yolo11s', 3.0)"
gpu,combination_172,"llama1b,resnet50,yolo11s",2.0,True,True,2,1.0,0.0,1.0,0.9901788830757141,0.0,0.9853142499923706,"('llama1b,resnet50,yolo11s', 2.0)"
gpu,combination_131,"resnet50,yolo11s",4.0,False,False,0,0.5678627745086727,0.9182320441988955,0.0,0.5596828460693359,0.9828851222991943,0.5079727172851562,"('resnet50,yolo11s', 4.0)"
gpu,combination_124,"resnet50,yolo11s",2.0,False,False,0,1.0,0.0,0.0,1.0,0.0,0.8278895616531372,"('resnet50,yolo11s', 2.0)"
gpu,combination_155,"mobilenet_v2,resnet50,yolo11s",3.0,False,False,1,0.5964744203870472,0.79783393501805,0.0,0.5742927193641663,0.6719993948936462,0.6376097798347473,"('mobilenet_v2,resnet50,yolo11s', 3.0)"
gpu,combination_174,"llama1b,resnet50,yolo11s",3.0,False,True,1,0.30177633425558364,1.0,0.0,0.2962143123149872,1.0,0.44254177808761597,"('llama1b,resnet50,yolo11s', 3.0)"
gpu,combination_139,"mobilenet_v2,resnet50,yolo11s",1.0,False,False,0,0.698715620563278,0.6758404459153456,0.0,0.6886091828346252,0.6117457747459412,0.5496850609779358,"('mobilenet_v2,resnet50,yolo11s', 1.0)"
gpu,combination_169,"llama1b,resnet50,yolo11s",2.0,True,True,2,0.0930379746835443,0.6356968215158924,0.6126434245366285,0.10207555443048477,0.5530248880386353,0.5614675879478455,"('llama1b,resnet50,yolo11s', 2.0)"
gpu,combination_142,"mobilenet_v2,resnet50,yolo11s",2.0,False,False,0,0.39720275752503614,0.939274080967892,0.0,0.393204003572464,0.9276422262191772,0.4620857238769531,"('mobilenet_v2,resnet50,yolo11s', 2.0)"
gpu,combination_147,"mobilenet_v2,resnet50,yolo11s",2.0,False,False,0,0.6064569207637095,0.860400186133085,0.0,0.629697859287262,0.6944302916526794,0.6162474155426025,"('mobilenet_v2,resnet50,yolo11s', 2.0)"
gpu,combination_138,"mobilenet_v2,resnet50,yolo11s",1.0,False,False,0,0.6936969656948525,0.467165998954886,0.0,0.7152627110481262,0.5709806084632874,0.5628718733787537,"('mobilenet_v2,resnet50,yolo11s', 1.0)"
gpu,combination_192,"qwen2_vl,resnet50,yolo11s",3.0,True,True,2,1.0,0.0,1.0,0.984522819519043,0.08320514857769012,0.9460436701774597,"('qwen2_vl,resnet50,yolo11s', 3.0)"
gpu,combination_127,"resnet50,yolo11s",3.0,False,False,1,0.569572715079517,0.9398148148148148,0.0,0.595313549041748,0.8866114020347595,0.5196899175643921,"('resnet50,yolo11s', 3.0)"
gpu,combination_165,"llama1b,resnet50,yolo11s",2.0,False,True,2,0.047299578059071735,1.0,0.0,0.06535971164703369,1.0,0.48311614990234375,"('llama1b,resnet50,yolo11s', 2.0)"
gpu,combination_168,"llama1b,resnet50,yolo11s",2.0,False,True,2,0.8993248945147678,0.46526679131310217,0.0,0.9757758975028992,0.537113606929779,0.6107642650604248,"('llama1b,resnet50,yolo11s', 2.0)"
gpu,combination_160,"llama1b,resnet50,yolo11s",1.0,False,True,1,1.0,0.3727528433410786,0.0,0.9624272584915161,0.480089396238327,0.5253115892410278,"('llama1b,resnet50,yolo11s', 1.0)"
gpu,combination_182,"qwen2_vl,resnet50,yolo11s",1.0,True,True,0,0.926203286316708,0.5223336371923427,0.44442576088784264,0.8493258357048035,0.682104766368866,0.4877488911151886,"('qwen2_vl,resnet50,yolo11s', 1.0)"
gpu,combination_159,"llama1b,resnet50,yolo11s",1.0,False,True,1,0.7098541444325862,0.7891647303412009,0.0,0.48552486300468445,0.8350264430046082,0.3990812301635742,"('llama1b,resnet50,yolo11s', 1.0)"
gpu,combination_134,"mobilenet_v2,resnet50,yolo11s",1.0,False,False,0,0.4161521444844322,0.5194217035359693,0.0,0.4359704554080963,0.8532896637916565,0.42641332745552063,"('mobilenet_v2,resnet50,yolo11s', 1.0)"
gpu,combination_177,"llama1b,resnet50,yolo11s",3.0,True,True,1,0.08408516780945507,0.36493542181918115,0.5974011550422034,0.08374951779842377,0.5404156446456909,0.6073545217514038,"('llama1b,resnet50,yolo11s', 3.0)"
gpu,combination_190,"qwen2_vl,resnet50,yolo11s",3.0,True,True,2,0.536159107983077,0.9675732217573223,0.5338078291814946,0.5688191652297974,0.7989820837974548,0.503268837928772,"('qwen2_vl,resnet50,yolo11s', 3.0)"
gpu,combination_175,"llama1b,resnet50,yolo11s",3.0,False,True,1,0.471510485584827,0.9749931299807639,0.0,0.4300539791584015,0.9667959213256836,0.45977479219436646,"('llama1b,resnet50,yolo11s', 3.0)"
gpu,combination_154,"mobilenet_v2,resnet50,yolo11s",3.0,False,False,1,0.6059453097199792,0.9987966305655838,0.0,0.5965811610221863,0.7270064949989319,0.6333380937576294,"('mobilenet_v2,resnet50,yolo11s', 3.0)"
gpu,combination_161,"llama1b,resnet50,yolo11s",1.0,True,True,1,0.15410885805763072,0.6575761281643634,0.4338059446532286,0.16334055364131927,0.6199614405632019,0.4458422362804413,"('llama1b,resnet50,yolo11s', 1.0)"
gpu,combination_141,"mobilenet_v2,resnet50,yolo11s",2.0,False,False,0,0.17333825073051717,1.0,0.0,0.17705249786376953,0.9999358654022217,0.44114893674850464,"('mobilenet_v2,resnet50,yolo11s', 2.0)"
gpu,combination_129,"resnet50,yolo11s",4.0,False,False,0,0.08399676935502481,1.0,0.0,0.08838383853435516,1.0,0.5086034536361694,"('resnet50,yolo11s', 4.0)"
gpu,combination_162,"llama1b,resnet50,yolo11s",1.0,True,True,1,0.9097118463180361,0.2653785006726183,0.4381619405534677,0.888836681842804,0.47357669472694397,0.49101021885871887,"('llama1b,resnet50,yolo11s', 1.0)"
gpu,combination_123,"resnet50,yolo11s",2.0,False,False,0,0.6323449001051525,0.9191726565938095,0.0,0.5906582474708557,0.8416193723678589,0.4847904443740845,"('resnet50,yolo11s', 2.0)"
gpu,combination_179,"llama1b,resnet50,yolo11s",3.0,True,True,1,0.5999839608645094,0.35037098103874675,0.5625277654375832,0.5838213562965393,0.5034276247024536,0.6252713203430176,"('llama1b,resnet50,yolo11s', 3.0)"
gpu,combination_151,"mobilenet_v2,resnet50,yolo11s",3.0,False,False,1,0.4078230640790518,0.922984356197353,0.0,0.4285622835159302,0.9219652414321899,0.52830970287323,"('mobilenet_v2,resnet50,yolo11s', 3.0)"
gpu,combination_164,"llama1b,resnet50,yolo11s",1.0,True,True,1,0.9760939167556029,0.0,1.0,0.9968175888061523,0.0072473869659006596,0.9859338998794556,"('llama1b,resnet50,yolo11s', 1.0)"
gpu,combination_148,"mobilenet_v2,resnet50,yolo11s",2.0,False,False,0,1.0,0.0,0.0,0.9577015042304993,0.0,0.8187274932861328,"('mobilenet_v2,resnet50,yolo11s', 2.0)"
gpu,combination_144,"mobilenet_v2,resnet50,yolo11s",2.0,False,False,0,0.778348321938211,0.7366216845044207,0.0,0.7278228998184204,0.6140706539154053,0.6250286102294922,"('mobilenet_v2,resnet50,yolo11s', 2.0)"
gpu,combination_146,"mobilenet_v2,resnet50,yolo11s",2.0,False,False,0,0.6257198785781157,0.9820846905537458,0.0,0.613446056842804,0.6807222962379456,0.609950840473175,"('mobilenet_v2,resnet50,yolo11s', 2.0)"
gpu,combination_130,"resnet50,yolo11s",4.0,False,False,0,0.5487865851313412,1.0,0.0,0.5392657518386841,0.9805642366409302,0.5008140206336975,"('resnet50,yolo11s', 4.0)"
gpu,combination_150,"mobilenet_v2,resnet50,yolo11s",3.0,False,False,1,0.3878411299373169,0.9951865222623351,0.0,0.3831402063369751,0.8356905579566956,0.5181317925453186,"('mobilenet_v2,resnet50,yolo11s', 3.0)"
gpu,combination_136,"mobilenet_v2,resnet50,yolo11s",1.0,False,False,0,0.7813913560273384,0.1440515589618534,0.0,0.8548327684402466,0.4779475927352905,0.5505995154380798,"('mobilenet_v2,resnet50,yolo11s', 1.0)"
npu,combination_401,"llama1b,mobilenet_v2,qwen2_vl,resnet50,yolo11l,yolo11m,yolo11s,yolo11x",2.0,True,True,2,0.47822891787617117,0.6493023255813959,0.8407928388746803,0.44956400990486145,0.7141590118408203,0.8105214238166809,"('llama1b,mobilenet_v2,qwen2_vl,resnet50,yolo11l,yolo11m,yolo11s,yolo11x', 2.0)"
npu,combination_416,"llama1b,mobilenet_v2,qwen2_vl,resnet50,yolo11l,yolo11m,yolo11s,yolo11x",2.0,True,True,2,0.9681548165839916,0.21860465116279132,0.9584398976982097,0.8192053437232971,0.23363164067268372,0.9358364939689636,"('llama1b,mobilenet_v2,qwen2_vl,resnet50,yolo11l,yolo11m,yolo11s,yolo11x', 2.0)"
npu,combination_391,"llama1b,mobilenet_v2,qwen2_vl,resnet50,yolo11l,yolo11m,yolo11s,yolo11x",1.5,True,True,0,1.0,0.30599078341013836,0.46768507638072854,0.9088260531425476,0.3704198896884918,0.48693904280662537,"('llama1b,mobilenet_v2,qwen2_vl,resnet50,yolo11l,yolo11m,yolo11s,yolo11x', 1.5)"
npu,combination_361,"llama1b,mobilenet_v2,qwen2_vl,resnet50,yolo11l,yolo11m,yolo11s,yolo11x",1.0,True,True,1,0.8653904434791393,0.439726350554376,0.4617501375894331,0.9285889863967896,0.33717474341392517,0.451228529214859,"('llama1b,mobilenet_v2,qwen2_vl,resnet50,yolo11l,yolo11m,yolo11s,yolo11x', 1.0)"
npu,combination_368,"llama1b,mobilenet_v2,qwen2_vl,resnet50,yolo11l,yolo11m,yolo11s,yolo11x",1.0,True,True,1,0.9018587736134964,0.2330738381693798,0.9064391854705557,0.8798965215682983,0.16594506800174713,0.9046926498413086,"('llama1b,mobilenet_v2,qwen2_vl,resnet50,yolo11l,yolo11m,yolo11s,yolo11x', 1.0)"
npu,combination_394,"llama1b,mobilenet_v2,qwen2_vl,resnet50,yolo11l,yolo11m,yolo11s,yolo11x",1.5,True,True,0,0.23220319891867536,0.7820276497695852,0.7432432432432433,0.20703981816768646,0.7064051032066345,0.7689931988716125,"('llama1b,mobilenet_v2,qwen2_vl,resnet50,yolo11l,yolo11m,yolo11s,yolo11x', 1.5)"
npu,combination_384,"llama1b,mobilenet_v2,qwen2_vl,resnet50,yolo11l,yolo11m,yolo11s,yolo11x",1.5,True,True,0,0.6474431178193287,0.685253456221198,0.8654524089306699,0.6163852214813232,0.6289642453193665,0.8889322876930237,"('llama1b,mobilenet_v2,qwen2_vl,resnet50,yolo11l,yolo11m,yolo11s,yolo11x', 1.5)"
npu,combination_408,"llama1b,mobilenet_v2,qwen2_vl,resnet50,yolo11l,yolo11m,yolo11s,yolo11x",2.0,True,True,2,0.6794659807704084,0.5999999999999998,0.9124040920716112,0.6293412446975708,0.6557256579399109,0.8713986873626709,"('llama1b,mobilenet_v2,qwen2_vl,resnet50,yolo11l,yolo11m,yolo11s,yolo11x', 2.0)"
npu,combination_419,"llama1b,mobilenet_v2,qwen2_vl,resnet50,yolo11l,yolo11m,yolo11s,yolo11x",2.0,True,True,2,0.5931777818604934,0.9972093023255817,0.5063938618925831,0.5590422749519348,0.8882699608802795,0.4904058873653412,"('llama1b,mobilenet_v2,qwen2_vl,resnet50,yolo11l,yolo11m,yolo11s,yolo11x', 2.0)"
npu,combination_349,"llama1b,mobilenet_v2,qwen2_vl,resnet50,yolo11l,yolo11m,yolo11s,yolo11x",1.0,True,True,1,0.1185473280129306,1.0,0.3593835993395707,0.1268378645181656,0.9867709279060364,0.385748028755188,"('llama1b,mobilenet_v2,qwen2_vl,resnet50,yolo11l,yolo11m,yolo11s,yolo11x', 1.0)"
npu,combination_409,"llama1b,mobilenet_v2,qwen2_vl,resnet50,yolo11l,yolo11m,yolo11s,yolo11x",2.0,True,True,2,0.9917325004593052,0.23255813953488383,0.49808184143222506,0.8824462890625,0.3742057979106903,0.4934988021850586,"('llama1b,mobilenet_v2,qwen2_vl,resnet50,yolo11l,yolo11m,yolo11s,yolo11x', 2.0)"
npu,combination_365,"llama1b,mobilenet_v2,qwen2_vl,resnet50,yolo11l,yolo11m,yolo11s,yolo11x",1.0,True,True,1,0.43413476108697857,0.7921679641424866,0.7809576224545954,0.45844385027885437,0.7759529948234558,0.7956494688987732,"('llama1b,mobilenet_v2,qwen2_vl,resnet50,yolo11l,yolo11m,yolo11s,yolo11x', 1.0)"
npu,combination_417,"llama1b,mobilenet_v2,qwen2_vl,resnet50,yolo11l,yolo11m,yolo11s,yolo11x",2.0,True,True,2,0.23577683875313857,0.9776744186046515,0.4539641943734015,0.18751998245716095,0.8424029350280762,0.4583187699317932,"('llama1b,mobilenet_v2,qwen2_vl,resnet50,yolo11l,yolo11m,yolo11s,yolo11x', 2.0)"
npu,combination_413,"llama1b,mobilenet_v2,qwen2_vl,resnet50,yolo11l,yolo11m,yolo11s,yolo11x",2.0,True,True,2,0.5070733051625942,0.6493023255813959,0.8523017902813299,0.4404596984386444,0.6593067646026611,0.8274361491203308,"('llama1b,mobilenet_v2,qwen2_vl,resnet50,yolo11l,yolo11m,yolo11s,yolo11x', 2.0)"
npu,combination_354,"llama1b,mobilenet_v2,qwen2_vl,resnet50,yolo11l,yolo11m,yolo11s,yolo11x",1.0,True,True,1,0.6593090211132439,0.5390422269403161,0.42817831590533845,0.7244840264320374,0.545204758644104,0.4276095926761627,"('llama1b,mobilenet_v2,qwen2_vl,resnet50,yolo11l,yolo11m,yolo11s,yolo11x', 1.0)"
npu,combination_380,"llama1b,mobilenet_v2,qwen2_vl,resnet50,yolo11l,yolo11m,yolo11s,yolo11x",1.5,True,True,0,0.8871930615003379,0.11290322580645147,0.935957696827262,0.7927687764167786,0.13905960321426392,0.9631195068359375,"('llama1b,mobilenet_v2,qwen2_vl,resnet50,yolo11l,yolo11m,yolo11s,yolo11x', 1.5)"
npu,combination_353,"llama1b,mobilenet_v2,qwen2_vl,resnet50,yolo11l,yolo11m,yolo11s,yolo11x",1.0,True,True,1,0.4676735023739772,0.8473696626562869,0.7534397358282883,0.4658603072166443,0.842848002910614,0.7965772151947021,"('llama1b,mobilenet_v2,qwen2_vl,resnet50,yolo11l,yolo11m,yolo11s,yolo11x', 1.0)"
npu,combination_363,"llama1b,mobilenet_v2,qwen2_vl,resnet50,yolo11l,yolo11m,yolo11s,yolo11x",1.0,True,True,1,0.14314577230023237,0.8702524180231186,0.6752889378095761,0.14625267684459686,0.8518126606941223,0.707406759262085,"('llama1b,mobilenet_v2,qwen2_vl,resnet50,yolo11l,yolo11m,yolo11s,yolo11x', 1.0)"
npu,combination_371,"llama1b,mobilenet_v2,qwen2_vl,resnet50,yolo11l,yolo11m,yolo11s,yolo11x",1.0,True,True,1,0.5376300636427922,0.9110639301722105,0.43808475509080896,0.5544857978820801,0.9419267177581787,0.4561326503753662,"('llama1b,mobilenet_v2,qwen2_vl,resnet50,yolo11l,yolo11m,yolo11s,yolo11x', 1.0)"
npu,combination_377,"llama1b,mobilenet_v2,qwen2_vl,resnet50,yolo11l,yolo11m,yolo11s,yolo11x",1.5,True,True,0,0.4559585492227979,0.7788018433179721,0.782608695652174,0.461887389421463,0.7102748155593872,0.8126073479652405,"('llama1b,mobilenet_v2,qwen2_vl,resnet50,yolo11l,yolo11m,yolo11s,yolo11x', 1.5)"
npu,combination_360,"llama1b,mobilenet_v2,qwen2_vl,resnet50,yolo11l,yolo11m,yolo11s,yolo11x",1.0,True,True,1,0.5898070512172947,0.6831799952819062,0.8326912493120529,0.6543331146240234,0.6671257615089417,0.848338782787323,"('llama1b,mobilenet_v2,qwen2_vl,resnet50,yolo11l,yolo11m,yolo11s,yolo11x', 1.0)"
npu,combination_385,"llama1b,mobilenet_v2,qwen2_vl,resnet50,yolo11l,yolo11m,yolo11s,yolo11x",1.5,True,True,0,0.9625478711421491,0.29262672811059914,0.4612220916568743,0.9104024767875671,0.2927011549472809,0.4951726496219635,"('llama1b,mobilenet_v2,qwen2_vl,resnet50,yolo11l,yolo11m,yolo11s,yolo11x', 1.5)"
npu,combination_411,"llama1b,mobilenet_v2,qwen2_vl,resnet50,yolo11l,yolo11m,yolo11s,yolo11x",2.0,True,True,2,0.16602363892461264,0.6744186046511627,0.7723785166240409,0.15138091146945953,0.7221249341964722,0.7440823316574097,"('llama1b,mobilenet_v2,qwen2_vl,resnet50,yolo11l,yolo11m,yolo11s,yolo11x', 2.0)"
npu,combination_398,"llama1b,mobilenet_v2,qwen2_vl,resnet50,yolo11l,yolo11m,yolo11s,yolo11x",2.0,True,True,2,0.8592075448588399,0.0,0.8734015345268542,0.9186964631080627,0.03116917423903942,0.9305109977722168,"('llama1b,mobilenet_v2,qwen2_vl,resnet50,yolo11l,yolo11m,yolo11s,yolo11x', 2.0)"
npu,combination_373,"llama1b,mobilenet_v2,qwen2_vl,resnet50,yolo11l,yolo11m,yolo11s,yolo11x",1.5,True,True,0,0.1425996846136517,1.0,0.42538190364277323,0.12168355286121368,0.998376190662384,0.4008202850818634,"('llama1b,mobilenet_v2,qwen2_vl,resnet50,yolo11l,yolo11m,yolo11s,yolo11x', 1.5)"
npu,combination_414,"llama1b,mobilenet_v2,qwen2_vl,resnet50,yolo11l,yolo11m,yolo11s,yolo11x",2.0,True,True,2,0.6289423724661645,0.37674418604651233,0.8657289002557544,0.5679345726966858,0.42805951833724976,0.8223329782485962,"('llama1b,mobilenet_v2,qwen2_vl,resnet50,yolo11l,yolo11m,yolo11s,yolo11x', 2.0)"
npu,combination_399,"llama1b,mobilenet_v2,qwen2_vl,resnet50,yolo11l,yolo11m,yolo11s,yolo11x",2.0,True,True,2,0.2287953946965521,1.0,0.4539641943734015,0.19954195618629456,0.9599882960319519,0.4515429735183716,"('llama1b,mobilenet_v2,qwen2_vl,resnet50,yolo11l,yolo11m,yolo11s,yolo11x', 2.0)"
npu,combination_395,"llama1b,mobilenet_v2,qwen2_vl,resnet50,yolo11l,yolo11m,yolo11s,yolo11x",1.5,True,True,0,0.5765375084478487,0.9907834101382489,0.45299647473560517,0.5486330389976501,0.9139942526817322,0.47298428416252136,"('llama1b,mobilenet_v2,qwen2_vl,resnet50,yolo11l,yolo11m,yolo11s,yolo11x', 1.5)"
npu,combination_412,"llama1b,mobilenet_v2,qwen2_vl,resnet50,yolo11l,yolo11m,yolo11s,yolo11x",2.0,True,True,2,0.2651111519382693,0.6744186046511627,0.7896419437340153,0.2452801764011383,0.6902598142623901,0.7614609599113464,"('llama1b,mobilenet_v2,qwen2_vl,resnet50,yolo11l,yolo11m,yolo11s,yolo11x', 2.0)"
npu,combination_381,"llama1b,mobilenet_v2,qwen2_vl,resnet50,yolo11l,yolo11m,yolo11s,yolo11x",1.5,True,True,0,0.21451903581887813,1.0,0.4200940070505288,0.20345547795295715,1.0,0.43068239092826843,"('llama1b,mobilenet_v2,qwen2_vl,resnet50,yolo11l,yolo11m,yolo11s,yolo11x', 1.5)"
npu,combination_406,"llama1b,mobilenet_v2,qwen2_vl,resnet50,yolo11l,yolo11m,yolo11s,yolo11x",2.0,True,True,2,0.4540388266274725,0.9990697674418606,0.469309462915601,0.4135572612285614,0.9553305506706238,0.4531762897968292,"('llama1b,mobilenet_v2,qwen2_vl,resnet50,yolo11l,yolo11m,yolo11s,yolo11x', 2.0)"
npu,combination_386,"llama1b,mobilenet_v2,qwen2_vl,resnet50,yolo11l,yolo11m,yolo11s,yolo11x",1.5,True,True,0,0.9316287452128859,0.42396313364055294,1.0,0.8337246775627136,0.3674881160259247,0.9848461151123047,"('llama1b,mobilenet_v2,qwen2_vl,resnet50,yolo11l,yolo11m,yolo11s,yolo11x', 1.5)"
npu,combination_415,"llama1b,mobilenet_v2,qwen2_vl,resnet50,yolo11l,yolo11m,yolo11s,yolo11x",2.0,True,True,2,1.0,0.3869767441860471,0.5095907928388747,0.8982630968093872,0.39058491587638855,0.4911302328109741,"('llama1b,mobilenet_v2,qwen2_vl,resnet50,yolo11l,yolo11m,yolo11s,yolo11x', 2.0)"
npu,combination_404,"llama1b,mobilenet_v2,qwen2_vl,resnet50,yolo11l,yolo11m,yolo11s,yolo11x",2.0,True,True,2,0.845367138220344,0.17767441860465116,0.9840153452685422,0.8229501843452454,0.18998853862285614,0.9458925127983093,"('llama1b,mobilenet_v2,qwen2_vl,resnet50,yolo11l,yolo11m,yolo11s,yolo11x', 2.0)"
npu,combination_350,"llama1b,mobilenet_v2,qwen2_vl,resnet50,yolo11l,yolo11m,yolo11s,yolo11x",1.0,True,True,1,1.0,0.0,0.9323059988992846,0.9280442595481873,0.0,0.9069679975509644,"('llama1b,mobilenet_v2,qwen2_vl,resnet50,yolo11l,yolo11m,yolo11s,yolo11x', 1.0)"
npu,combination_356,"llama1b,mobilenet_v2,qwen2_vl,resnet50,yolo11l,yolo11m,yolo11s,yolo11x",1.0,True,True,1,0.8605919789877766,0.18565699457419224,0.9102916895982387,0.8452661633491516,0.21619783341884613,0.9302136301994324,"('llama1b,mobilenet_v2,qwen2_vl,resnet50,yolo11l,yolo11m,yolo11s,yolo11x', 1.0)"
npu,combination_400,"llama1b,mobilenet_v2,qwen2_vl,resnet50,yolo11l,yolo11m,yolo11s,yolo11x",2.0,True,True,2,0.3375589442096883,0.8902325581395346,0.46547314578005117,0.30119824409484863,0.782538115978241,0.46380937099456787,"('llama1b,mobilenet_v2,qwen2_vl,resnet50,yolo11l,yolo11m,yolo11s,yolo11x', 2.0)"
npu,combination_359,"llama1b,mobilenet_v2,qwen2_vl,resnet50,yolo11l,yolo11m,yolo11s,yolo11x",1.0,True,True,1,0.49585816749166584,0.7265864590705355,0.4116675839295542,0.5236210823059082,0.6674518585205078,0.4168640077114105,"('llama1b,mobilenet_v2,qwen2_vl,resnet50,yolo11l,yolo11m,yolo11s,yolo11x', 1.0)"
npu,combination_352,"llama1b,mobilenet_v2,qwen2_vl,resnet50,yolo11l,yolo11m,yolo11s,yolo11x",1.0,True,True,1,0.2768966562279019,0.7379098844066998,0.4083654375343973,0.3041422665119171,0.8151829242706299,0.39788517355918884,"('llama1b,mobilenet_v2,qwen2_vl,resnet50,yolo11l,yolo11m,yolo11s,yolo11x', 1.0)"
npu,combination_383,"llama1b,mobilenet_v2,qwen2_vl,resnet50,yolo11l,yolo11m,yolo11s,yolo11x",1.5,True,True,0,0.5328339716152287,0.5935483870967744,0.44594594594594594,0.5267828106880188,0.6708756685256958,0.44388431310653687,"('llama1b,mobilenet_v2,qwen2_vl,resnet50,yolo11l,yolo11m,yolo11s,yolo11x', 1.5)"
npu,combination_402,"llama1b,mobilenet_v2,qwen2_vl,resnet50,yolo11l,yolo11m,yolo11s,yolo11x",2.0,True,True,2,0.7592014207851061,0.45302325581395403,0.4750639386189258,0.6976138949394226,0.616766095161438,0.49550753831863403,"('llama1b,mobilenet_v2,qwen2_vl,resnet50,yolo11l,yolo11m,yolo11s,yolo11x', 2.0)"
npu,combination_367,"llama1b,mobilenet_v2,qwen2_vl,resnet50,yolo11l,yolo11m,yolo11s,yolo11x",1.0,True,True,1,0.9073138700878879,0.45789101203113947,0.45734727572922396,0.9381207227706909,0.393102765083313,0.4593261778354645,"('llama1b,mobilenet_v2,qwen2_vl,resnet50,yolo11l,yolo11m,yolo11s,yolo11x', 1.0)"
npu,combination_397,"llama1b,mobilenet_v2,qwen2_vl,resnet50,yolo11l,yolo11m,yolo11s,yolo11x",2.0,True,True,2,0.12199154877824726,1.0,0.45652173913043476,0.135402113199234,0.9658721685409546,0.41870811581611633,"('llama1b,mobilenet_v2,qwen2_vl,resnet50,yolo11l,yolo11m,yolo11s,yolo11x', 2.0)"
npu,combination_370,"llama1b,mobilenet_v2,qwen2_vl,resnet50,yolo11l,yolo11m,yolo11s,yolo11x",1.0,True,True,1,0.2304778260430346,0.8702524180231186,0.7127132636213538,0.22521120309829712,0.8345255255699158,0.7247095704078674,"('llama1b,mobilenet_v2,qwen2_vl,resnet50,yolo11l,yolo11m,yolo11s,yolo11x', 1.0)"
npu,combination_375,"llama1b,mobilenet_v2,qwen2_vl,resnet50,yolo11l,yolo11m,yolo11s,yolo11x",1.5,True,True,0,0.21913719306150037,0.9976958525345625,0.42361927144535844,0.19625508785247803,0.9782984256744385,0.4182173013687134,"('llama1b,mobilenet_v2,qwen2_vl,resnet50,yolo11l,yolo11m,yolo11s,yolo11x', 1.5)"
npu,combination_366,"llama1b,mobilenet_v2,qwen2_vl,resnet50,yolo11l,yolo11m,yolo11s,yolo11x",1.0,True,True,1,0.548237195676331,0.42533616418966735,0.7952669235002751,0.6025183200836182,0.41699135303497314,0.7938278913497925,"('llama1b,mobilenet_v2,qwen2_vl,resnet50,yolo11l,yolo11m,yolo11s,yolo11x', 1.0)"
npu,combination_420,"llama1b,mobilenet_v2,qwen2_vl,resnet50,yolo11l,yolo11m,yolo11s,yolo11x",2.0,True,True,2,0.5620062465552084,0.4837209302325584,0.8663682864450128,0.46892863512039185,0.4387586712837219,0.8289524912834167,"('llama1b,mobilenet_v2,qwen2_vl,resnet50,yolo11l,yolo11m,yolo11s,yolo11x', 2.0)"
npu,combination_355,"llama1b,mobilenet_v2,qwen2_vl,resnet50,yolo11l,yolo11m,yolo11s,yolo11x",1.0,True,True,1,0.8410950601070815,0.2833215380986083,0.44964226747385794,0.9157755374908447,0.27184242010116577,0.45146867632865906,"('llama1b,mobilenet_v2,qwen2_vl,resnet50,yolo11l,yolo11m,yolo11s,yolo11x', 1.0)"
npu,combination_393,"llama1b,mobilenet_v2,qwen2_vl,resnet50,yolo11l,yolo11m,yolo11s,yolo11x",1.5,True,True,0,0.2002703311556657,0.8847926267281104,0.4394829612220917,0.18168748915195465,0.8557970523834229,0.4118497967720032,"('llama1b,mobilenet_v2,qwen2_vl,resnet50,yolo11l,yolo11m,yolo11s,yolo11x', 1.5)"
npu,combination_396,"llama1b,mobilenet_v2,qwen2_vl,resnet50,yolo11l,yolo11m,yolo11s,yolo11x",1.5,True,True,0,0.4951002478035593,0.3322580645161288,0.8055229142185665,0.47836387157440186,0.4673117697238922,0.8344383239746094,"('llama1b,mobilenet_v2,qwen2_vl,resnet50,yolo11l,yolo11m,yolo11s,yolo11x', 1.5)"
npu,combination_388,"llama1b,mobilenet_v2,qwen2_vl,resnet50,yolo11l,yolo11m,yolo11s,yolo11x",1.5,True,True,0,0.2519148456859653,0.7953917050691244,0.7320799059929496,0.23144705593585968,0.6962939500808716,0.7542210817337036,"('llama1b,mobilenet_v2,qwen2_vl,resnet50,yolo11l,yolo11m,yolo11s,yolo11x', 1.5)"
npu,combination_410,"llama1b,mobilenet_v2,qwen2_vl,resnet50,yolo11l,yolo11m,yolo11s,yolo11x",2.0,True,True,2,0.9014024128850509,0.40372093023255795,1.0,0.8494647145271301,0.43273088335990906,1.0,"('llama1b,mobilenet_v2,qwen2_vl,resnet50,yolo11l,yolo11m,yolo11s,yolo11x', 2.0)"
npu,combination_387,"llama1b,mobilenet_v2,qwen2_vl,resnet50,yolo11l,yolo11m,yolo11s,yolo11x",1.5,True,True,0,0.1540324397386799,0.797695852534562,0.7320799059929496,0.12811312079429626,0.7186009883880615,0.7300732731819153,"('llama1b,mobilenet_v2,qwen2_vl,resnet50,yolo11l,yolo11m,yolo11s,yolo11x', 1.5)"
npu,combination_362,"llama1b,mobilenet_v2,qwen2_vl,resnet50,yolo11l,yolo11m,yolo11s,yolo11x",1.0,True,True,1,0.885695524800485,0.43076197216324624,1.0,0.8792505860328674,0.3736242651939392,0.9723310470581055,"('llama1b,mobilenet_v2,qwen2_vl,resnet50,yolo11l,yolo11m,yolo11s,yolo11x', 1.0)"
npu,combination_405,"llama1b,mobilenet_v2,qwen2_vl,resnet50,yolo11l,yolo11m,yolo11s,yolo11x",2.0,True,True,2,0.20699369220405414,1.0,0.4526854219948849,0.20793187618255615,0.9724782109260559,0.4651978313922882,"('llama1b,mobilenet_v2,qwen2_vl,resnet50,yolo11l,yolo11m,yolo11s,yolo11x', 2.0)"
npu,combination_418,"llama1b,mobilenet_v2,qwen2_vl,resnet50,yolo11l,yolo11m,yolo11s,yolo11x",2.0,True,True,2,0.2334496907342764,0.6744186046511627,0.8126598465473146,0.23886719346046448,0.7082691192626953,0.7709043025970459,"('llama1b,mobilenet_v2,qwen2_vl,resnet50,yolo11l,yolo11m,yolo11s,yolo11x', 2.0)"
npu,combination_403,"llama1b,mobilenet_v2,qwen2_vl,resnet50,yolo11l,yolo11m,yolo11s,yolo11x",2.0,True,True,2,0.9968767223957375,0.2688372093023258,0.4936061381074168,0.840225338935852,0.2902020514011383,0.4857851564884186,"('llama1b,mobilenet_v2,qwen2_vl,resnet50,yolo11l,yolo11m,yolo11s,yolo11x', 2.0)"
npu,combination_382,"llama1b,mobilenet_v2,qwen2_vl,resnet50,yolo11l,yolo11m,yolo11s,yolo11x",1.5,True,True,0,0.4216602838477135,0.99815668202765,0.44242068155111636,0.39747440814971924,0.9739288091659546,0.4457570016384125,"('llama1b,mobilenet_v2,qwen2_vl,resnet50,yolo11l,yolo11m,yolo11s,yolo11x', 1.5)"
npu,combination_389,"llama1b,mobilenet_v2,qwen2_vl,resnet50,yolo11l,yolo11m,yolo11s,yolo11x",1.5,True,True,0,0.4237440865059698,0.7755760368663596,0.7937720329024677,0.45823368430137634,0.6685187816619873,0.8117990493774414,"('llama1b,mobilenet_v2,qwen2_vl,resnet50,yolo11l,yolo11m,yolo11s,yolo11x', 1.5)"
npu,combination_369,"llama1b,mobilenet_v2,qwen2_vl,resnet50,yolo11l,yolo11m,yolo11s,yolo11x",1.0,True,True,1,0.16971411253661983,0.7284736966265629,0.4012107870115575,0.19087368249893188,0.8736563920974731,0.39546579122543335,"('llama1b,mobilenet_v2,qwen2_vl,resnet50,yolo11l,yolo11m,yolo11s,yolo11x', 1.0)"
npu,combination_357,"llama1b,mobilenet_v2,qwen2_vl,resnet50,yolo11l,yolo11m,yolo11s,yolo11x",1.0,True,True,1,0.1984543893322558,1.0,0.40616400660429275,0.21022439002990723,1.0,0.4044078588485718,"('llama1b,mobilenet_v2,qwen2_vl,resnet50,yolo11l,yolo11m,yolo11s,yolo11x', 1.0)"
npu,combination_390,"llama1b,mobilenet_v2,qwen2_vl,resnet50,yolo11l,yolo11m,yolo11s,yolo11x",1.5,True,True,0,0.6093714800630772,0.3105990783410139,0.7773207990599296,0.5630732774734497,0.4229433834552765,0.8426501750946045,"('llama1b,mobilenet_v2,qwen2_vl,resnet50,yolo11l,yolo11m,yolo11s,yolo11x', 1.5)"
npu,combination_351,"llama1b,mobilenet_v2,qwen2_vl,resnet50,yolo11l,yolo11m,yolo11s,yolo11x",1.0,True,True,1,0.17582584099403983,0.9773531493276715,0.40066042927903134,0.20757260918617249,0.9508740305900574,0.3930302560329437,"('llama1b,mobilenet_v2,qwen2_vl,resnet50,yolo11l,yolo11m,yolo11s,yolo11x', 1.0)"
npu,combination_407,"llama1b,mobilenet_v2,qwen2_vl,resnet50,yolo11l,yolo11m,yolo11s,yolo11x",2.0,True,True,2,0.5812970788168289,0.6334883720930234,0.46675191815856776,0.5247544050216675,0.6831404566764832,0.47126635909080505,"('llama1b,mobilenet_v2,qwen2_vl,resnet50,yolo11l,yolo11m,yolo11s,yolo11x', 2.0)"
npu,combination_379,"llama1b,mobilenet_v2,qwen2_vl,resnet50,yolo11l,yolo11m,yolo11s,yolo11x",1.5,True,True,0,0.9450889840054066,0.08709677419354801,0.4576968272620447,0.8920170664787292,0.2473895251750946,0.5014663338661194,"('llama1b,mobilenet_v2,qwen2_vl,resnet50,yolo11l,yolo11m,yolo11s,yolo11x', 1.5)"
npu,combination_392,"llama1b,mobilenet_v2,qwen2_vl,resnet50,yolo11l,yolo11m,yolo11s,yolo11x",1.5,True,True,0,0.9399076368551474,0.16129032258064482,0.917743830787309,0.8360522985458374,0.1759805977344513,0.9447429776191711,"('llama1b,mobilenet_v2,qwen2_vl,resnet50,yolo11l,yolo11m,yolo11s,yolo11x', 1.5)"
npu,combination_376,"llama1b,mobilenet_v2,qwen2_vl,resnet50,yolo11l,yolo11m,yolo11s,yolo11x",1.5,True,True,0,0.31690696102725835,0.6423963133640552,0.4118683901292597,0.3003964424133301,0.8197953701019287,0.43203842639923096,"('llama1b,mobilenet_v2,qwen2_vl,resnet50,yolo11l,yolo11m,yolo11s,yolo11x', 1.5)"
npu,combination_372,"llama1b,mobilenet_v2,qwen2_vl,resnet50,yolo11l,yolo11m,yolo11s,yolo11x",1.0,True,True,1,0.4365087382563896,0.428402925218212,0.8035222894881672,0.4973394572734833,0.4778107702732086,0.7943387627601624,"('llama1b,mobilenet_v2,qwen2_vl,resnet50,yolo11l,yolo11m,yolo11s,yolo11x', 1.0)"
npu,combination_374,"llama1b,mobilenet_v2,qwen2_vl,resnet50,yolo11l,yolo11m,yolo11s,yolo11x",1.5,True,True,0,0.9657580536156791,0.0,0.8736780258519389,0.8594849109649658,0.031715139746665955,0.9094380736351013,"('llama1b,mobilenet_v2,qwen2_vl,resnet50,yolo11l,yolo11m,yolo11s,yolo11x', 1.5)"
npu,combination_358,"llama1b,mobilenet_v2,qwen2_vl,resnet50,yolo11l,yolo11m,yolo11s,yolo11x",1.0,True,True,1,0.41165774320638443,0.9981127624439726,0.4001100715465052,0.4050472378730774,0.9690092206001282,0.43334054946899414,"('llama1b,mobilenet_v2,qwen2_vl,resnet50,yolo11l,yolo11m,yolo11s,yolo11x', 1.0)"
npu,combination_378,"llama1b,mobilenet_v2,qwen2_vl,resnet50,yolo11l,yolo11m,yolo11s,yolo11x",1.5,True,True,0,0.716884433430953,0.5497695852534561,0.4371327849588719,0.6996744275093079,0.42068853974342346,0.48553165793418884,"('llama1b,mobilenet_v2,qwen2_vl,resnet50,yolo11l,yolo11m,yolo11s,yolo11x', 1.5)"
npu,combination_364,"llama1b,mobilenet_v2,qwen2_vl,resnet50,yolo11l,yolo11m,yolo11s,yolo11x",1.0,True,True,1,0.23891302151732502,0.8306204293465441,0.709411117226197,0.24240708351135254,0.7995536923408508,0.7246927618980408,"('llama1b,mobilenet_v2,qwen2_vl,resnet50,yolo11l,yolo11m,yolo11s,yolo11x', 1.0)"
npu,combination_521,"mobilenet_v2,resnet50,yolo11l,yolo11m,yolo11n,yolo11s,yolo11x",2.0,False,False,2,0.29439209587411946,0.7093280826975142,0.0,0.273943692445755,0.7347651720046997,0.5201394557952881,"('mobilenet_v2,resnet50,yolo11l,yolo11m,yolo11n,yolo11s,yolo11x', 2.0)"
npu,combination_536,"mobilenet_v2,resnet50,yolo11l,yolo11m,yolo11n,yolo11s,yolo11x",2.0,False,False,2,0.7311545146830116,0.2574452375092297,0.0,0.6890193819999695,0.10059497505426407,0.6824461817741394,"('mobilenet_v2,resnet50,yolo11l,yolo11m,yolo11n,yolo11s,yolo11x', 2.0)"
npu,combination_511,"mobilenet_v2,resnet50,yolo11l,yolo11m,yolo11n,yolo11s,yolo11x",1.5,False,False,1,0.4861364506610807,0.5350857142857143,0.0,0.489299476146698,0.6251145005226135,0.5532898306846619,"('mobilenet_v2,resnet50,yolo11l,yolo11m,yolo11n,yolo11s,yolo11x', 1.5)"
npu,combination_481,"mobilenet_v2,resnet50,yolo11l,yolo11m,yolo11n,yolo11s,yolo11x",1.0,False,False,2,0.42737041090438765,0.39628720466400746,0.0,0.4652012586593628,0.31655973196029663,0.5044266581535339,"('mobilenet_v2,resnet50,yolo11l,yolo11m,yolo11n,yolo11s,yolo11x', 1.0)"
npu,combination_488,"mobilenet_v2,resnet50,yolo11l,yolo11m,yolo11n,yolo11s,yolo11x",1.0,False,False,2,0.7346283951845588,0.2490027615833077,0.0,0.7271256446838379,0.12886959314346313,0.6256821155548096,"('mobilenet_v2,resnet50,yolo11l,yolo11m,yolo11n,yolo11s,yolo11x', 1.0)"
npu,combination_514,"mobilenet_v2,resnet50,yolo11l,yolo11m,yolo11n,yolo11s,yolo11x",1.5,False,False,1,0.20559947744216953,0.998857142857143,0.0,0.23245126008987427,1.0,0.44595131278038025,"('mobilenet_v2,resnet50,yolo11l,yolo11m,yolo11n,yolo11s,yolo11x', 1.5)"
npu,combination_504,"mobilenet_v2,resnet50,yolo11l,yolo11m,yolo11n,yolo11s,yolo11x",1.5,False,False,1,0.35666824334977587,0.5149714285714284,0.0,0.3720160126686096,0.6620919108390808,0.5382358431816101,"('mobilenet_v2,resnet50,yolo11l,yolo11m,yolo11n,yolo11s,yolo11x', 1.5)"
npu,combination_528,"mobilenet_v2,resnet50,yolo11l,yolo11m,yolo11n,yolo11s,yolo11x",2.0,False,False,2,0.3815067239959748,0.6362293871523503,0.0,0.36196887493133545,0.5692582130432129,0.5129057168960571,"('mobilenet_v2,resnet50,yolo11l,yolo11m,yolo11n,yolo11s,yolo11x', 2.0)"
npu,combination_539,"mobilenet_v2,resnet50,yolo11l,yolo11m,yolo11n,yolo11s,yolo11x",2.0,False,False,2,0.2689598389900284,0.9936007875953727,0.0,0.3097454011440277,0.9540897607803345,0.49059638381004333,"('mobilenet_v2,resnet50,yolo11l,yolo11m,yolo11n,yolo11s,yolo11x', 2.0)"
npu,combination_469,"mobilenet_v2,resnet50,yolo11l,yolo11m,yolo11n,yolo11s,yolo11x",1.0,False,False,2,0.06718236991344144,1.0,0.0,0.0781656950712204,0.9890262484550476,0.4366159439086914,"('mobilenet_v2,resnet50,yolo11l,yolo11m,yolo11n,yolo11s,yolo11x', 1.0)"
npu,combination_529,"mobilenet_v2,resnet50,yolo11l,yolo11m,yolo11n,yolo11s,yolo11x",2.0,False,False,2,0.4305415789955173,0.5675609155796211,0.0,0.4326091408729553,0.26539385318756104,0.5738523602485657,"('mobilenet_v2,resnet50,yolo11l,yolo11m,yolo11n,yolo11s,yolo11x', 2.0)"
npu,combination_485,"mobilenet_v2,resnet50,yolo11l,yolo11m,yolo11n,yolo11s,yolo11x",1.0,False,False,2,0.2066709780121381,0.6882479288125192,0.0,0.23714308440685272,0.7582523226737976,0.4371849298477173,"('mobilenet_v2,resnet50,yolo11l,yolo11m,yolo11n,yolo11s,yolo11x', 1.0)"
npu,combination_537,"mobilenet_v2,resnet50,yolo11l,yolo11m,yolo11n,yolo11s,yolo11x",2.0,False,False,2,0.16999817034123135,1.0,0.0,0.17262046039104462,1.0,0.46203067898750305,"('mobilenet_v2,resnet50,yolo11l,yolo11m,yolo11n,yolo11s,yolo11x', 2.0)"
npu,combination_533,"mobilenet_v2,resnet50,yolo11l,yolo11m,yolo11n,yolo11s,yolo11x",2.0,False,False,2,0.21491629311133473,0.7179424070883582,0.0,0.2349659651517868,0.7128785848617554,0.5030995011329651,"('mobilenet_v2,resnet50,yolo11l,yolo11m,yolo11n,yolo11s,yolo11x', 2.0)"
npu,combination_474,"mobilenet_v2,resnet50,yolo11l,yolo11m,yolo11n,yolo11s,yolo11x",1.0,False,False,2,0.3874987563426526,0.5918993556305615,0.0,0.3887110650539398,0.6311808824539185,0.46160319447517395,"('mobilenet_v2,resnet50,yolo11l,yolo11m,yolo11n,yolo11s,yolo11x', 1.0)"
npu,combination_500,"mobilenet_v2,resnet50,yolo11l,yolo11m,yolo11n,yolo11s,yolo11x",1.5,False,False,1,0.6008964569678132,0.10034285714285726,0.0,0.7020743489265442,0.26398399472236633,0.6116659045219421,"('mobilenet_v2,resnet50,yolo11l,yolo11m,yolo11n,yolo11s,yolo11x', 1.5)"
npu,combination_473,"mobilenet_v2,resnet50,yolo11l,yolo11m,yolo11n,yolo11s,yolo11x",1.0,False,False,2,0.30297980300467614,0.7965633629947836,0.0,0.2842502295970917,0.7631530165672302,0.4644858241081238,"('mobilenet_v2,resnet50,yolo11l,yolo11m,yolo11n,yolo11s,yolo11x', 1.0)"
npu,combination_483,"mobilenet_v2,resnet50,yolo11l,yolo11m,yolo11n,yolo11s,yolo11x",1.0,False,False,2,0.12098298676748581,0.9285056765879104,0.0,0.11494828760623932,0.9603548049926758,0.43102121353149414,"('mobilenet_v2,resnet50,yolo11l,yolo11m,yolo11n,yolo11s,yolo11x', 1.0)"
npu,combination_491,"mobilenet_v2,resnet50,yolo11l,yolo11m,yolo11n,yolo11s,yolo11x",1.0,False,False,2,0.298378270818824,0.8528689782141763,0.0,0.3079056143760681,0.9154409766197205,0.4228801131248474,"('mobilenet_v2,resnet50,yolo11l,yolo11m,yolo11n,yolo11s,yolo11x', 1.0)"
npu,combination_497,"mobilenet_v2,resnet50,yolo11l,yolo11m,yolo11n,yolo11s,yolo11x",1.5,False,False,1,0.266707209946618,0.7330285714285714,0.0,0.2913926839828491,0.7661101222038269,0.5222749710083008,"('mobilenet_v2,resnet50,yolo11l,yolo11m,yolo11n,yolo11s,yolo11x', 1.5)"
npu,combination_480,"mobilenet_v2,resnet50,yolo11l,yolo11m,yolo11n,yolo11s,yolo11x",1.0,False,False,2,0.3746642125161675,0.582080392758515,0.0,0.3745160400867462,0.5780906081199646,0.43417850136756897,"('mobilenet_v2,resnet50,yolo11l,yolo11m,yolo11n,yolo11s,yolo11x', 1.0)"
npu,combination_505,"mobilenet_v2,resnet50,yolo11l,yolo11m,yolo11n,yolo11s,yolo11x",1.5,False,False,1,0.403766020226592,0.24502857142857135,0.0,0.43580806255340576,0.44544756412506104,0.5722824335098267,"('mobilenet_v2,resnet50,yolo11l,yolo11m,yolo11n,yolo11s,yolo11x', 1.5)"
npu,combination_531,"mobilenet_v2,resnet50,yolo11l,yolo11m,yolo11n,yolo11s,yolo11x",2.0,False,False,2,0.09800109779526119,1.0,0.0,0.1137734204530716,0.9951379299163818,0.45328694581985474,"('mobilenet_v2,resnet50,yolo11l,yolo11m,yolo11n,yolo11s,yolo11x', 2.0)"
npu,combination_518,"mobilenet_v2,resnet50,yolo11l,yolo11m,yolo11n,yolo11s,yolo11x",2.0,False,False,2,1.0,0.0,0.0,0.9657184481620789,0.056374598294496536,0.716827929019928,"('mobilenet_v2,resnet50,yolo11l,yolo11m,yolo11n,yolo11s,yolo11x', 2.0)"
npu,combination_493,"mobilenet_v2,resnet50,yolo11l,yolo11m,yolo11n,yolo11s,yolo11x",1.5,False,False,1,0.05531905308917269,1.0,0.0,0.06995537132024765,0.9888312816619873,0.4085291028022766,"('mobilenet_v2,resnet50,yolo11l,yolo11m,yolo11n,yolo11s,yolo11x', 1.5)"
npu,combination_534,"mobilenet_v2,resnet50,yolo11l,yolo11m,yolo11n,yolo11s,yolo11x",2.0,False,False,2,0.3766352575244717,0.8781688407580606,0.0,0.3873988091945648,0.8244821429252625,0.5060300230979919,"('mobilenet_v2,resnet50,yolo11l,yolo11m,yolo11n,yolo11s,yolo11x', 2.0)"
npu,combination_519,"mobilenet_v2,resnet50,yolo11l,yolo11m,yolo11n,yolo11s,yolo11x",2.0,False,False,2,0.0993733418717409,1.0,0.0,0.10920335352420807,0.9764283895492554,0.4575781226158142,"('mobilenet_v2,resnet50,yolo11l,yolo11m,yolo11n,yolo11s,yolo11x', 2.0)"
npu,combination_515,"mobilenet_v2,resnet50,yolo11l,yolo11m,yolo11n,yolo11s,yolo11x",1.5,False,False,1,0.2878572876545713,0.9293714285714285,0.0,0.29115182161331177,0.9502465128898621,0.46105119585990906,"('mobilenet_v2,resnet50,yolo11l,yolo11m,yolo11n,yolo11s,yolo11x', 1.5)"
npu,combination_532,"mobilenet_v2,resnet50,yolo11l,yolo11m,yolo11n,yolo11s,yolo11x",2.0,False,False,2,0.20457872106852074,0.9094265321191236,0.0,0.21311335265636444,0.7353044748306274,0.5072644948959351,"('mobilenet_v2,resnet50,yolo11l,yolo11m,yolo11n,yolo11s,yolo11x', 2.0)"
npu,combination_501,"mobilenet_v2,resnet50,yolo11l,yolo11m,yolo11n,yolo11s,yolo11x",1.5,False,False,1,0.11509786697299368,1.0,0.0,0.1023322269320488,0.9949328899383545,0.41708996891975403,"('mobilenet_v2,resnet50,yolo11l,yolo11m,yolo11n,yolo11s,yolo11x', 1.5)"
npu,combination_526,"mobilenet_v2,resnet50,yolo11l,yolo11m,yolo11n,yolo11s,yolo11x",2.0,False,False,2,0.15179306559326683,0.9246861924686194,0.0,0.14193721115589142,0.7281630039215088,0.5093709826469421,"('mobilenet_v2,resnet50,yolo11l,yolo11m,yolo11n,yolo11s,yolo11x', 2.0)"
npu,combination_506,"mobilenet_v2,resnet50,yolo11l,yolo11m,yolo11n,yolo11s,yolo11x",1.5,False,False,1,0.6836272721129806,0.0754285714285715,0.0,0.7674263119697571,0.30975642800331116,0.5592215061187744,"('mobilenet_v2,resnet50,yolo11l,yolo11m,yolo11n,yolo11s,yolo11x', 1.5)"
npu,combination_535,"mobilenet_v2,resnet50,yolo11l,yolo11m,yolo11n,yolo11s,yolo11x",2.0,False,False,2,0.5021041075839355,0.77479694806793,0.0,0.4957020580768585,0.48527833819389343,0.5426673889160156,"('mobilenet_v2,resnet50,yolo11l,yolo11m,yolo11n,yolo11s,yolo11x', 2.0)"
npu,combination_524,"mobilenet_v2,resnet50,yolo11l,yolo11m,yolo11n,yolo11s,yolo11x",2.0,False,False,2,0.6263836794437837,0.24095495938961356,0.0,0.6076249480247498,0.09205710142850876,0.6959629058837891,"('mobilenet_v2,resnet50,yolo11l,yolo11m,yolo11n,yolo11s,yolo11x', 2.0)"
npu,combination_470,"mobilenet_v2,resnet50,yolo11l,yolo11m,yolo11n,yolo11s,yolo11x",1.0,False,False,2,1.0,0.0,0.0,0.9844059348106384,0.0,0.6454111933708191,"('mobilenet_v2,resnet50,yolo11l,yolo11m,yolo11n,yolo11s,yolo11x', 1.0)"
npu,combination_476,"mobilenet_v2,resnet50,yolo11l,yolo11m,yolo11n,yolo11s,yolo11x",1.0,False,False,2,0.6307581335190529,0.3717397974838908,0.0,0.6675646901130676,0.13960999250411987,0.6308580040931702,"('mobilenet_v2,resnet50,yolo11l,yolo11m,yolo11n,yolo11s,yolo11x', 1.0)"
npu,combination_520,"mobilenet_v2,resnet50,yolo11l,yolo11m,yolo11n,yolo11s,yolo11x",2.0,False,False,2,0.16995242887201537,1.0,0.0,0.14156024158000946,0.9898552298545837,0.4824116826057434,"('mobilenet_v2,resnet50,yolo11l,yolo11m,yolo11n,yolo11s,yolo11x', 2.0)"
npu,combination_479,"mobilenet_v2,resnet50,yolo11l,yolo11m,yolo11n,yolo11s,yolo11x",1.0,False,False,2,0.2920356183464332,0.9852715556919299,0.0,0.3236179053783417,0.9698958992958069,0.42629873752593994,"('mobilenet_v2,resnet50,yolo11l,yolo11m,yolo11n,yolo11s,yolo11x', 1.0)"
npu,combination_472,"mobilenet_v2,resnet50,yolo11l,yolo11m,yolo11n,yolo11s,yolo11x",1.0,False,False,2,0.17719629887573374,1.0,0.0,0.1483803391456604,0.9625054001808167,0.454574853181839,"('mobilenet_v2,resnet50,yolo11l,yolo11m,yolo11n,yolo11s,yolo11x', 1.0)"
npu,combination_503,"mobilenet_v2,resnet50,yolo11l,yolo11m,yolo11n,yolo11s,yolo11x",1.5,False,False,1,0.28801495596549315,0.9929142857142857,0.0,0.2937553822994232,1.0,0.4404987692832947,"('mobilenet_v2,resnet50,yolo11l,yolo11m,yolo11n,yolo11s,yolo11x', 1.5)"
npu,combination_522,"mobilenet_v2,resnet50,yolo11l,yolo11m,yolo11n,yolo11s,yolo11x",2.0,False,False,2,0.36556582197420173,0.6527196652719666,0.0,0.3831383287906647,0.6703218221664429,0.5203967094421387,"('mobilenet_v2,resnet50,yolo11l,yolo11m,yolo11n,yolo11s,yolo11x', 2.0)"
npu,combination_487,"mobilenet_v2,resnet50,yolo11l,yolo11m,yolo11n,yolo11s,yolo11x",1.0,False,False,2,0.5104467217192318,0.5481742865909789,0.0,0.5113412141799927,0.49760931730270386,0.5042255520820618,"('mobilenet_v2,resnet50,yolo11l,yolo11m,yolo11n,yolo11s,yolo11x', 1.0)"
npu,combination_517,"mobilenet_v2,resnet50,yolo11l,yolo11m,yolo11n,yolo11s,yolo11x",2.0,False,False,2,0.06710273533985911,1.0,0.0,0.06944986432790756,1.0,0.47480326890945435,"('mobilenet_v2,resnet50,yolo11l,yolo11m,yolo11n,yolo11s,yolo11x', 2.0)"
npu,combination_490,"mobilenet_v2,resnet50,yolo11l,yolo11m,yolo11n,yolo11s,yolo11x",1.0,False,False,2,0.24925380559148344,0.9953973611537283,0.0,0.22680559754371643,0.9549851417541504,0.457083135843277,"('mobilenet_v2,resnet50,yolo11l,yolo11m,yolo11n,yolo11s,yolo11x', 1.0)"
npu,combination_495,"mobilenet_v2,resnet50,yolo11l,yolo11m,yolo11n,yolo11s,yolo11x",1.5,False,False,1,0.0946235105975629,1.0,0.0,0.10246868431568146,0.9843325018882751,0.46471816301345825,"('mobilenet_v2,resnet50,yolo11l,yolo11m,yolo11n,yolo11s,yolo11x', 1.5)"
npu,combination_486,"mobilenet_v2,resnet50,yolo11l,yolo11m,yolo11n,yolo11s,yolo11x",1.0,False,False,2,0.38075813351905285,0.7801472844430807,0.0,0.3952934145927429,0.7770196795463562,0.43557390570640564,"('mobilenet_v2,resnet50,yolo11l,yolo11m,yolo11n,yolo11s,yolo11x', 1.0)"
npu,combination_540,"mobilenet_v2,resnet50,yolo11l,yolo11m,yolo11n,yolo11s,yolo11x",2.0,False,False,2,0.31193394931845214,0.9345311346295841,0.0,0.3420857787132263,0.7173641920089722,0.5240350961685181,"('mobilenet_v2,resnet50,yolo11l,yolo11m,yolo11n,yolo11s,yolo11x', 2.0)"
npu,combination_475,"mobilenet_v2,resnet50,yolo11l,yolo11m,yolo11n,yolo11s,yolo11x",1.0,False,False,2,0.40147746492886277,0.4036514268180423,0.0,0.4435417950153351,0.3262235224246979,0.5209264755249023,"('mobilenet_v2,resnet50,yolo11l,yolo11m,yolo11n,yolo11s,yolo11x', 1.0)"
npu,combination_513,"mobilenet_v2,resnet50,yolo11l,yolo11m,yolo11n,yolo11s,yolo11x",1.5,False,False,1,0.15453746874788837,0.9997714285714286,0.0,0.16645030677318573,0.9929150342941284,0.45826199650764465,"('mobilenet_v2,resnet50,yolo11l,yolo11m,yolo11n,yolo11s,yolo11x', 1.5)"
npu,combination_516,"mobilenet_v2,resnet50,yolo11l,yolo11m,yolo11n,yolo11s,yolo11x",1.5,False,False,1,0.3128364529134851,0.6667428571428571,0.0,0.32559624314308167,0.7825843095779419,0.5228114724159241,"('mobilenet_v2,resnet50,yolo11l,yolo11m,yolo11n,yolo11s,yolo11x', 1.5)"
npu,combination_508,"mobilenet_v2,resnet50,yolo11l,yolo11m,yolo11n,yolo11s,yolo11x",1.5,False,False,1,0.19954050949388472,0.7307428571428571,0.0,0.21775293350219727,0.8709061741828918,0.5121431350708008,"('mobilenet_v2,resnet50,yolo11l,yolo11m,yolo11n,yolo11s,yolo11x', 1.5)"
npu,combination_530,"mobilenet_v2,resnet50,yolo11l,yolo11m,yolo11n,yolo11s,yolo11x",2.0,False,False,2,0.7164486323300704,0.3600787595372877,0.0,0.725662112236023,0.08177697658538818,0.6383267045021057,"('mobilenet_v2,resnet50,yolo11l,yolo11m,yolo11n,yolo11s,yolo11x', 2.0)"
npu,combination_507,"mobilenet_v2,resnet50,yolo11l,yolo11m,yolo11n,yolo11s,yolo11x",1.5,False,False,1,0.09712367952789602,1.0,0.0,0.10924379527568817,0.9857898950576782,0.48855262994766235,"('mobilenet_v2,resnet50,yolo11l,yolo11m,yolo11n,yolo11s,yolo11x', 1.5)"
npu,combination_482,"mobilenet_v2,resnet50,yolo11l,yolo11m,yolo11n,yolo11s,yolo11x",1.0,False,False,2,0.7280618843896131,0.2999386314820497,0.0,0.7358722686767578,0.0725148543715477,0.5597526431083679,"('mobilenet_v2,resnet50,yolo11l,yolo11m,yolo11n,yolo11s,yolo11x', 1.0)"
npu,combination_525,"mobilenet_v2,resnet50,yolo11l,yolo11m,yolo11n,yolo11s,yolo11x",2.0,False,False,2,0.11140334827554661,1.0,0.0,0.10286369919776917,1.0,0.4749147295951843,"('mobilenet_v2,resnet50,yolo11l,yolo11m,yolo11n,yolo11s,yolo11x', 2.0)"
npu,combination_538,"mobilenet_v2,resnet50,yolo11l,yolo11m,yolo11n,yolo11s,yolo11x",2.0,False,False,2,0.22408745768914098,0.9992616293379277,0.0,0.21546785533428192,0.9988599419593811,0.5007569789886475,"('mobilenet_v2,resnet50,yolo11l,yolo11m,yolo11n,yolo11s,yolo11x', 2.0)"
npu,combination_523,"mobilenet_v2,resnet50,yolo11l,yolo11m,yolo11n,yolo11s,yolo11x",2.0,False,False,2,0.4186259262647516,0.551070637460005,0.0,0.41288289427757263,0.2818482518196106,0.573616623878479,"('mobilenet_v2,resnet50,yolo11l,yolo11m,yolo11n,yolo11s,yolo11x', 2.0)"
npu,combination_502,"mobilenet_v2,resnet50,yolo11l,yolo11m,yolo11n,yolo11s,yolo11x",1.5,False,False,1,0.14036984480933398,0.7284571428571428,0.0,0.1543545126914978,0.8797547221183777,0.48269811272621155,"('mobilenet_v2,resnet50,yolo11l,yolo11m,yolo11n,yolo11s,yolo11x', 1.5)"
npu,combination_509,"mobilenet_v2,resnet50,yolo11l,yolo11m,yolo11n,yolo11s,yolo11x",1.5,False,False,1,0.20059913958150327,0.7263999999999999,0.0,0.23041781783103943,0.7529544830322266,0.4894479215145111,"('mobilenet_v2,resnet50,yolo11l,yolo11m,yolo11n,yolo11s,yolo11x', 1.5)"
npu,combination_489,"mobilenet_v2,resnet50,yolo11l,yolo11m,yolo11n,yolo11s,yolo11x",1.0,False,False,2,0.16956024276191428,0.9993863148204971,0.0,0.17390966415405273,0.9759473204612732,0.4451645016670227,"('mobilenet_v2,resnet50,yolo11l,yolo11m,yolo11n,yolo11s,yolo11x', 1.0)"
npu,combination_477,"mobilenet_v2,resnet50,yolo11l,yolo11m,yolo11n,yolo11s,yolo11x",1.0,False,False,2,0.11794846283951847,1.0,0.0,0.11361408233642578,0.9962948560714722,0.43790924549102783,"('mobilenet_v2,resnet50,yolo11l,yolo11m,yolo11n,yolo11s,yolo11x', 1.0)"
npu,combination_510,"mobilenet_v2,resnet50,yolo11l,yolo11m,yolo11n,yolo11s,yolo11x",1.5,False,False,1,0.3615109128995203,0.8050285714285713,0.0,0.369457870721817,0.8497567176818848,0.5079379677772522,"('mobilenet_v2,resnet50,yolo11l,yolo11m,yolo11n,yolo11s,yolo11x', 1.5)"
npu,combination_471,"mobilenet_v2,resnet50,yolo11l,yolo11m,yolo11n,yolo11s,yolo11x",1.0,False,False,2,0.09867177395284049,0.9886468241791962,0.0,0.10906984657049179,0.9477524757385254,0.43782949447631836,"('mobilenet_v2,resnet50,yolo11l,yolo11m,yolo11n,yolo11s,yolo11x', 1.0)"
npu,combination_527,"mobilenet_v2,resnet50,yolo11l,yolo11m,yolo11n,yolo11s,yolo11x",2.0,False,False,2,0.26438569206842927,0.9977848880137828,0.0,0.32248207926750183,1.0,0.4856032729148865,"('mobilenet_v2,resnet50,yolo11l,yolo11m,yolo11n,yolo11s,yolo11x', 2.0)"
npu,combination_499,"mobilenet_v2,resnet50,yolo11l,yolo11m,yolo11n,yolo11s,yolo11x",1.5,False,False,1,0.39624298939117514,0.20731428571428573,0.0,0.39971113204956055,0.4547387361526489,0.6163285970687866,"('mobilenet_v2,resnet50,yolo11l,yolo11m,yolo11n,yolo11s,yolo11x', 1.5)"
npu,combination_512,"mobilenet_v2,resnet50,yolo11l,yolo11m,yolo11n,yolo11s,yolo11x",1.5,False,False,1,0.7059035520418048,0.04594285714285716,0.0,0.757151186466217,0.27439555525779724,0.5990378856658936,"('mobilenet_v2,resnet50,yolo11l,yolo11m,yolo11n,yolo11s,yolo11x', 1.5)"
npu,combination_496,"mobilenet_v2,resnet50,yolo11l,yolo11m,yolo11n,yolo11s,yolo11x",1.5,False,False,1,0.154897853458567,1.0,0.0,0.15928998589515686,0.9930227398872375,0.467141330242157,"('mobilenet_v2,resnet50,yolo11l,yolo11m,yolo11n,yolo11s,yolo11x', 1.5)"
npu,combination_492,"mobilenet_v2,resnet50,yolo11l,yolo11m,yolo11n,yolo11s,yolo11x",1.0,False,False,2,0.30986966470997906,0.6313286284136239,0.0,0.3588031828403473,0.6960782408714294,0.449419766664505,"('mobilenet_v2,resnet50,yolo11l,yolo11m,yolo11n,yolo11s,yolo11x', 1.0)"
npu,combination_494,"mobilenet_v2,resnet50,yolo11l,yolo11m,yolo11n,yolo11s,yolo11x",1.5,False,False,1,1.0,0.0,0.0,0.9725086092948914,0.09069880843162537,0.8054968118667603,"('mobilenet_v2,resnet50,yolo11l,yolo11m,yolo11n,yolo11s,yolo11x', 1.5)"
npu,combination_478,"mobilenet_v2,resnet50,yolo11l,yolo11m,yolo11n,yolo11s,yolo11x",1.0,False,False,2,0.1485673067356482,0.8063823258668305,0.0,0.15289930999279022,0.7520589232444763,0.46504682302474976,"('mobilenet_v2,resnet50,yolo11l,yolo11m,yolo11n,yolo11s,yolo11x', 1.0)"
npu,combination_498,"mobilenet_v2,resnet50,yolo11l,yolo11m,yolo11n,yolo11s,yolo11x",1.5,False,False,1,0.36270468725364324,0.5922285714285714,0.0,0.37301310896873474,0.6718782782554626,0.5312293767929077,"('mobilenet_v2,resnet50,yolo11l,yolo11m,yolo11n,yolo11s,yolo11x', 1.5)"
npu,combination_484,"mobilenet_v2,resnet50,yolo11l,yolo11m,yolo11n,yolo11s,yolo11x",1.0,False,False,2,0.21604815441249625,0.7951825713409022,0.0,0.23058749735355377,0.7524248957633972,0.46532100439071655,"('mobilenet_v2,resnet50,yolo11l,yolo11m,yolo11n,yolo11s,yolo11x', 1.0)"
npu,combination_81,"llama1b,qwen2_vl,resnet50,yolo11l",2.0,True,True,0,0.07580617930102988,1.0,0.4175257731958763,0.09709842503070831,0.9835546016693115,0.4996751546859741,"('llama1b,qwen2_vl,resnet50,yolo11l', 2.0)"
npu,combination_116,"llama1b,qwen2_vl,resnet50,yolo11x",3.0,True,True,0,1.0,0.17529518619436865,0.6592210767468499,0.8985576033592224,0.6414515376091003,0.631397545337677,"('llama1b,qwen2_vl,resnet50,yolo11x', 3.0)"
npu,combination_111,"llama1b,qwen2_vl,resnet50,yolo11x",2.0,True,True,0,0.6431527283225867,0.5519323671497586,0.9893438025799216,0.7916373014450073,0.5380246043205261,0.9553789496421814,"('llama1b,qwen2_vl,resnet50,yolo11x', 2.0)"
npu,combination_9,"llama1b,qwen2_vl,resnet50,yolo11n",2.0,True,True,2,0.10409081173698867,1.0,0.4149827501232134,0.09444862604141235,0.9877488613128662,0.416632741689682,"('llama1b,qwen2_vl,resnet50,yolo11n', 2.0)"
npu,combination_101,"llama1b,qwen2_vl,resnet50,yolo11x",1.0,True,True,0,0.1568733153638814,0.7000835421888054,0.8464114832535886,0.2867957651615143,0.6348838806152344,0.8534035682678223,"('llama1b,qwen2_vl,resnet50,yolo11x', 1.0)"
npu,combination_66,"llama1b,qwen2_vl,resnet50,yolo11m",3.0,True,True,1,0.34088730061884426,1.0,0.4991825613079019,0.3612259328365326,0.8925199508666992,0.5007998943328857,"('llama1b,qwen2_vl,resnet50,yolo11m', 3.0)"
npu,combination_97,"llama1b,qwen2_vl,resnet50,yolo11x",1.0,True,True,0,0.0922911051212938,1.0,0.40047846889952154,0.10308414697647095,0.9855798482894897,0.4856586456298828,"('llama1b,qwen2_vl,resnet50,yolo11x', 1.0)"
npu,combination_120,"llama1b,qwen2_vl,resnet50,yolo11x",3.0,True,True,0,0.5758952149572198,0.0,0.9936998854524628,0.6904954314231873,0.0,1.0,"('llama1b,qwen2_vl,resnet50,yolo11x', 3.0)"
npu,combination_41,"llama1b,qwen2_vl,resnet50,yolo11s",3.0,True,True,1,0.09656529223706861,1.0,0.4244306418219461,0.07636821269989014,0.9836441874504089,0.42468321323394775,"('llama1b,qwen2_vl,resnet50,yolo11s', 3.0)"
npu,combination_90,"llama1b,qwen2_vl,resnet50,yolo11l",3.0,True,True,0,0.3466582255584697,1.0,0.49285714285714294,0.2889265716075897,0.7950882315635681,0.5071896910667419,"('llama1b,qwen2_vl,resnet50,yolo11l', 3.0)"
npu,combination_87,"llama1b,qwen2_vl,resnet50,yolo11l",2.0,True,True,0,0.5963194327199054,0.39432336543335006,0.9082474226804125,0.6392936110496521,0.5207094550132751,0.8998962640762329,"('llama1b,qwen2_vl,resnet50,yolo11l', 2.0)"
npu,combination_92,"llama1b,qwen2_vl,resnet50,yolo11l",3.0,True,True,0,1.0,0.6332752613240417,0.6494505494505495,0.910982608795166,0.7551696300506592,0.6429672241210938,"('llama1b,qwen2_vl,resnet50,yolo11l', 3.0)"
npu,combination_60,"llama1b,qwen2_vl,resnet50,yolo11m",2.0,True,True,1,1.0,0.2184079601990047,0.6037544393708777,0.9941586852073669,0.28248143196105957,0.6146733164787292,"('llama1b,qwen2_vl,resnet50,yolo11m', 2.0)"
npu,combination_73,"llama1b,qwen2_vl,resnet50,yolo11l",1.0,True,True,0,0.08949771689497718,1.0,0.3905579399141631,0.09979856014251709,0.9976173043251038,0.46257591247558594,"('llama1b,qwen2_vl,resnet50,yolo11l', 1.0)"
npu,combination_71,"llama1b,qwen2_vl,resnet50,yolo11m",3.0,True,True,1,0.5363026235509457,0.3577512776831341,0.9220708446866486,0.6021636128425598,0.30313774943351746,0.9550458788871765,"('llama1b,qwen2_vl,resnet50,yolo11m', 3.0)"
npu,combination_57,"llama1b,qwen2_vl,resnet50,yolo11m",2.0,True,True,1,0.0775051975051975,1.0,0.41653982749873164,0.08029375225305557,1.0,0.4176143705844879,"('llama1b,qwen2_vl,resnet50,yolo11m', 2.0)"
npu,combination_14,"llama1b,qwen2_vl,resnet50,yolo11n",2.0,True,True,2,0.6882273149139716,0.31972789115646283,0.900936421882701,0.6856303811073303,0.40552958846092224,0.9005854725837708,"('llama1b,qwen2_vl,resnet50,yolo11n', 2.0)"
npu,combination_46,"llama1b,qwen2_vl,resnet50,yolo11s",3.0,True,True,1,0.7594065087302238,0.21171634121274463,0.8980331262939959,0.6858489513397217,0.3257000744342804,0.8878581523895264,"('llama1b,qwen2_vl,resnet50,yolo11s', 3.0)"
npu,combination_94,"llama1b,qwen2_vl,resnet50,yolo11l",3.0,True,True,0,0.8302432847969611,0.36149825783972106,0.9065934065934066,0.7849338054656982,0.3294089436531067,0.9628146886825562,"('llama1b,qwen2_vl,resnet50,yolo11l', 3.0)"
npu,combination_61,"llama1b,qwen2_vl,resnet50,yolo11m",2.0,True,True,1,0.11991683991683992,0.5024875621890548,0.8807711821410451,0.11744430661201477,0.4685670733451843,0.8645197153091431,"('llama1b,qwen2_vl,resnet50,yolo11m', 2.0)"
npu,combination_1,"llama1b,qwen2_vl,resnet50,yolo11n",1.0,True,True,1,0.10052832403874376,1.0,0.38520523229589526,0.11972422897815704,0.9480025172233582,0.378621369600296,"('llama1b,qwen2_vl,resnet50,yolo11n', 1.0)"
npu,combination_80,"llama1b,qwen2_vl,resnet50,yolo11l",1.0,True,True,0,0.7602232369355657,0.0,1.0,0.7805923223495483,0.0,0.99930340051651,"('llama1b,qwen2_vl,resnet50,yolo11l', 1.0)"
npu,combination_65,"llama1b,qwen2_vl,resnet50,yolo11m",3.0,True,True,1,0.07905517301490457,1.0,0.4626702997275204,0.08384928107261658,1.0,0.45661649107933044,"('llama1b,qwen2_vl,resnet50,yolo11m', 3.0)"
npu,combination_25,"llama1b,qwen2_vl,resnet50,yolo11s",1.0,True,True,2,0.0902236529989834,1.0,0.3712389380530973,0.08585871756076813,0.9554823040962219,0.36624211072921753,"('llama1b,qwen2_vl,resnet50,yolo11s', 1.0)"
npu,combination_56,"llama1b,qwen2_vl,resnet50,yolo11m",1.0,True,True,2,0.7809872390938768,0.0,1.0,0.7512168884277344,0.0,1.0,"('llama1b,qwen2_vl,resnet50,yolo11m', 1.0)"
npu,combination_109,"llama1b,qwen2_vl,resnet50,yolo11x",2.0,True,True,0,0.13425079395630835,0.5974235104669887,0.941671340437465,0.25911763310432434,0.529087245464325,0.8913353085517883,"('llama1b,qwen2_vl,resnet50,yolo11x', 2.0)"
npu,combination_107,"llama1b,qwen2_vl,resnet50,yolo11x",2.0,True,True,0,0.7828890385910883,0.8904991948470209,0.514301738642737,0.6356226801872253,0.8811942934989929,0.557343602180481,"('llama1b,qwen2_vl,resnet50,yolo11x', 2.0)"
npu,combination_117,"llama1b,qwen2_vl,resnet50,yolo11x",3.0,True,True,0,0.14175557198690186,0.30336058128973653,0.9352806414662084,0.26347509026527405,0.39233630895614624,0.9271053671836853,"('llama1b,qwen2_vl,resnet50,yolo11x', 3.0)"
npu,combination_100,"llama1b,qwen2_vl,resnet50,yolo11x",1.0,True,True,0,0.9402695417789757,0.07456140350877206,0.60622009569378,0.9203950762748718,0.010773241519927979,0.5729365944862366,"('llama1b,qwen2_vl,resnet50,yolo11x', 1.0)"
npu,combination_52,"llama1b,qwen2_vl,resnet50,yolo11m",1.0,True,True,2,0.9790285883865861,0.03403403403403417,0.6116870876531575,0.9694708585739136,0.16128763556480408,0.5853690505027771,"('llama1b,qwen2_vl,resnet50,yolo11m', 1.0)"
npu,combination_112,"llama1b,qwen2_vl,resnet50,yolo11x",2.0,True,True,0,0.6938696949283032,0.05555555555555526,1.0,0.7774068713188171,0.0,1.0,"('llama1b,qwen2_vl,resnet50,yolo11x', 2.0)"
npu,combination_72,"llama1b,qwen2_vl,resnet50,yolo11m",3.0,True,True,1,0.6114355443214504,0.0,1.0,0.6409581303596497,0.011231653392314911,1.0,"('llama1b,qwen2_vl,resnet50,yolo11m', 3.0)"
npu,combination_22,"llama1b,qwen2_vl,resnet50,yolo11n",3.0,True,True,1,0.7633818955639221,0.20846233230134156,0.8727644353602452,0.6672489643096924,0.27042895555496216,0.8958848714828491,"('llama1b,qwen2_vl,resnet50,yolo11n', 3.0)"
npu,combination_108,"llama1b,qwen2_vl,resnet50,yolo11x",2.0,True,True,0,1.0,0.3011272141706924,0.6814357823892317,0.8952197432518005,0.22875700891017914,0.5987870097160339,"('llama1b,qwen2_vl,resnet50,yolo11x', 2.0)"
npu,combination_2,"llama1b,qwen2_vl,resnet50,yolo11n",1.0,True,True,1,0.3700469621367773,0.9794091316025066,0.4190347316193053,0.3850221335887909,0.8915137052536011,0.4082385301589966,"('llama1b,qwen2_vl,resnet50,yolo11n', 1.0)"
npu,combination_70,"llama1b,qwen2_vl,resnet50,yolo11m",3.0,True,True,1,0.7994421685696854,0.34667802385008495,0.9237057220708446,0.7883862853050232,0.28581416606903076,0.9267650842666626,"('llama1b,qwen2_vl,resnet50,yolo11m', 3.0)"
npu,combination_40,"llama1b,qwen2_vl,resnet50,yolo11s",2.0,True,True,0,0.7074834869710388,0.0,1.0,0.7193437218666077,0.010786290280520916,1.0,"('llama1b,qwen2_vl,resnet50,yolo11s', 2.0)"
npu,combination_6,"llama1b,qwen2_vl,resnet50,yolo11n",1.0,True,True,1,0.7679043146463165,0.498358698895852,0.8962562020748759,0.8705025315284729,0.4614884853363037,0.874829113483429,"('llama1b,qwen2_vl,resnet50,yolo11n', 1.0)"
npu,combination_64,"llama1b,qwen2_vl,resnet50,yolo11m",2.0,True,True,1,0.708024948024948,0.0,1.0,0.7168771028518677,0.005009379703551531,0.997617781162262,"('llama1b,qwen2_vl,resnet50,yolo11m', 2.0)"
npu,combination_29,"llama1b,qwen2_vl,resnet50,yolo11s",1.0,True,True,2,0.15757370382921043,0.5778215592457079,0.781858407079646,0.15583479404449463,0.5128898620605469,0.8385690450668335,"('llama1b,qwen2_vl,resnet50,yolo11s', 1.0)"
npu,combination_93,"llama1b,qwen2_vl,resnet50,yolo11l",3.0,True,True,0,0.12028579180609567,0.33188153310104546,0.9142857142857144,0.19497796893119812,0.35970160365104675,0.8865892887115479,"('llama1b,qwen2_vl,resnet50,yolo11l', 3.0)"
npu,combination_119,"llama1b,qwen2_vl,resnet50,yolo11x",3.0,True,True,0,0.566282877363473,0.2915531335149866,1.0,0.729321300983429,0.4873543977737427,0.9610791802406311,"('llama1b,qwen2_vl,resnet50,yolo11x', 3.0)"
npu,combination_39,"llama1b,qwen2_vl,resnet50,yolo11s",2.0,True,True,0,0.6273499310444944,0.26054590570719627,0.9148406374501993,0.6421043872833252,0.33199700713157654,0.9110362529754639,"('llama1b,qwen2_vl,resnet50,yolo11s', 2.0)"
npu,combination_51,"llama1b,qwen2_vl,resnet50,yolo11m",1.0,True,True,2,0.7988920763675933,0.7532532532532532,0.43590951932139493,0.7812430262565613,0.7389248609542847,0.41527754068374634,"('llama1b,qwen2_vl,resnet50,yolo11m', 1.0)"
npu,combination_47,"llama1b,qwen2_vl,resnet50,yolo11s",3.0,True,True,1,0.6238216247233379,0.1829393627954782,0.8897515527950312,0.6226334571838379,0.19622056186199188,0.9110795855522156,"('llama1b,qwen2_vl,resnet50,yolo11s', 3.0)"
npu,combination_50,"llama1b,qwen2_vl,resnet50,yolo11m",1.0,True,True,2,0.3514689880304679,0.5805805805805805,0.4278982092365693,0.36476919054985046,0.6294153332710266,0.4227483868598938,"('llama1b,qwen2_vl,resnet50,yolo11m', 1.0)"
npu,combination_74,"llama1b,qwen2_vl,resnet50,yolo11l",1.0,True,True,0,0.3189244038559107,0.5007274490785646,0.4320457796852647,0.34594616293907166,0.5358015894889832,0.4386436939239502,"('llama1b,qwen2_vl,resnet50,yolo11l', 1.0)"
npu,combination_67,"llama1b,qwen2_vl,resnet50,yolo11m",3.0,True,True,1,0.6590255382201692,0.9173764906303233,0.4986376021798365,0.6396042108535767,0.9176848530769348,0.500950276851654,"('llama1b,qwen2_vl,resnet50,yolo11m', 3.0)"
npu,combination_23,"llama1b,qwen2_vl,resnet50,yolo11n",3.0,True,True,1,0.7608446554264201,0.1723426212590293,0.8742973939703628,0.701429545879364,0.24185164272785187,0.8797495365142822,"('llama1b,qwen2_vl,resnet50,yolo11n', 3.0)"
npu,combination_49,"llama1b,qwen2_vl,resnet50,yolo11m",1.0,True,True,2,0.09061232565041052,1.0,0.39773798303487273,0.08238089829683304,1.0,0.36871981620788574,"('llama1b,qwen2_vl,resnet50,yolo11m', 1.0)"
npu,combination_63,"llama1b,qwen2_vl,resnet50,yolo11m",2.0,True,True,1,0.6062370062370063,0.4263681592039802,0.9411466260781329,0.6360628008842468,0.35686731338500977,0.919049084186554,"('llama1b,qwen2_vl,resnet50,yolo11m', 2.0)"
npu,combination_84,"llama1b,qwen2_vl,resnet50,yolo11l",2.0,True,True,0,1.0,0.16877850988342621,0.6206185567010309,0.9078418016433716,0.2521546483039856,0.5991238951683044,"('llama1b,qwen2_vl,resnet50,yolo11l', 2.0)"
npu,combination_45,"llama1b,qwen2_vl,resnet50,yolo11s",3.0,True,True,1,0.14058529387654722,0.21171634121274463,0.8674948240165632,0.12667900323867798,0.24568931758403778,0.8485061526298523,"('llama1b,qwen2_vl,resnet50,yolo11s', 3.0)"
npu,combination_34,"llama1b,qwen2_vl,resnet50,yolo11s",2.0,True,True,0,0.32075197793423826,1.0,0.45517928286852594,0.34028884768486023,1.0,0.46083471179008484,"('llama1b,qwen2_vl,resnet50,yolo11s', 2.0)"
npu,combination_105,"llama1b,qwen2_vl,resnet50,yolo11x",2.0,True,True,0,0.08401501299201232,1.0,0.47055524397083576,0.09425510466098785,0.978020966053009,0.5232822895050049,"('llama1b,qwen2_vl,resnet50,yolo11x', 2.0)"
npu,combination_35,"llama1b,qwen2_vl,resnet50,yolo11s",2.0,True,True,0,0.633592218915584,0.8300248138957818,0.43725099601593626,0.6573352813720703,0.8658978939056396,0.46340516209602356,"('llama1b,qwen2_vl,resnet50,yolo11s', 2.0)"
npu,combination_103,"llama1b,qwen2_vl,resnet50,yolo11x",1.0,True,True,0,0.8211320754716982,0.5336257309941521,0.9377990430622011,0.9129704833030701,0.5644662976264954,0.9197040796279907,"('llama1b,qwen2_vl,resnet50,yolo11x', 1.0)"
npu,combination_4,"llama1b,qwen2_vl,resnet50,yolo11n",1.0,True,True,1,1.0,0.5580423754103253,0.5250338294993234,0.994966447353363,0.18063637614250183,0.5442160367965698,"('llama1b,qwen2_vl,resnet50,yolo11n', 1.0)"
npu,combination_33,"llama1b,qwen2_vl,resnet50,yolo11s",2.0,True,True,0,0.07686724250562532,1.0,0.4133466135458168,0.09735798835754395,1.0,0.4154443144798279,"('llama1b,qwen2_vl,resnet50,yolo11s', 2.0)"
npu,combination_18,"llama1b,qwen2_vl,resnet50,yolo11n",3.0,True,True,1,0.34580127680471434,1.0,0.46142054164537555,0.3426690697669983,1.0,0.47077468037605286,"('llama1b,qwen2_vl,resnet50,yolo11n', 3.0)"
npu,combination_118,"llama1b,qwen2_vl,resnet50,yolo11x",3.0,True,True,0,0.9682053448822224,0.18891916439600304,0.911225658648339,0.7602176666259766,0.3319837152957916,0.9383004307746887,"('llama1b,qwen2_vl,resnet50,yolo11x', 3.0)"
npu,combination_75,"llama1b,qwen2_vl,resnet50,yolo11l",1.0,True,True,0,0.8250634195839676,0.7390882638215324,0.4287076776347163,0.7970126271247864,0.7937949895858765,0.5097274780273438,"('llama1b,qwen2_vl,resnet50,yolo11l', 1.0)"
npu,combination_114,"llama1b,qwen2_vl,resnet50,yolo11x",3.0,True,True,0,0.363261856976867,0.6294277929155317,0.4988545246277205,0.2751352787017822,0.6640392541885376,0.5164842009544373,"('llama1b,qwen2_vl,resnet50,yolo11x', 3.0)"
npu,combination_104,"llama1b,qwen2_vl,resnet50,yolo11x",1.0,True,True,0,0.7230188679245283,0.0,1.0,0.8505579829216003,0.0,1.0,"('llama1b,qwen2_vl,resnet50,yolo11x', 1.0)"
npu,combination_99,"llama1b,qwen2_vl,resnet50,yolo11x",1.0,True,True,0,0.8511051212938006,0.8082706766917294,0.4354066985645933,0.803321361541748,0.7665000557899475,0.5337883830070496,"('llama1b,qwen2_vl,resnet50,yolo11x', 1.0)"
npu,combination_58,"llama1b,qwen2_vl,resnet50,yolo11m",2.0,True,True,1,0.3523492723492724,0.8686567164179105,0.45662100456621,0.32476553320884705,0.6565845012664795,0.4623728394508362,"('llama1b,qwen2_vl,resnet50,yolo11m', 2.0)"
npu,combination_12,"llama1b,qwen2_vl,resnet50,yolo11n",2.0,True,True,2,1.0,0.6809523809523806,0.5672745194677181,1.0,0.7069610953330994,0.5734283328056335,"('llama1b,qwen2_vl,resnet50,yolo11n', 2.0)"
npu,combination_91,"llama1b,qwen2_vl,resnet50,yolo11l",3.0,True,True,0,0.6822827168309668,0.9250871080139368,0.5027472527472527,0.6308569312095642,0.9400482773780823,0.5702956318855286,"('llama1b,qwen2_vl,resnet50,yolo11l', 3.0)"
npu,combination_48,"llama1b,qwen2_vl,resnet50,yolo11s",3.0,True,True,1,0.5944749569636856,0.0,1.0,0.6563341021537781,0.04624873772263527,0.9879578351974487,"('llama1b,qwen2_vl,resnet50,yolo11s', 3.0)"
npu,combination_11,"llama1b,qwen2_vl,resnet50,yolo11n",2.0,True,True,2,0.658527878917684,0.8231292517006802,0.4588467225234106,0.6457865238189697,0.8765298128128052,0.4650796055793762,"('llama1b,qwen2_vl,resnet50,yolo11n', 2.0)"
npu,combination_86,"llama1b,qwen2_vl,resnet50,yolo11l",2.0,True,True,0,0.8010298835049805,0.368981246832235,0.920618556701031,0.7782875299453735,0.4318418502807617,0.9185335040092468,"('llama1b,qwen2_vl,resnet50,yolo11l', 2.0)"
npu,combination_8,"llama1b,qwen2_vl,resnet50,yolo11n",1.0,True,True,1,0.8053272673906663,0.0,1.0,0.7809447646141052,0.005959348287433386,0.9939829707145691,"('llama1b,qwen2_vl,resnet50,yolo11n', 1.0)"
npu,combination_62,"llama1b,qwen2_vl,resnet50,yolo11m",2.0,True,True,1,0.7941787941787942,0.46318407960198993,0.8939624556062913,0.7560387849807739,0.24559663236141205,0.9234268069267273,"('llama1b,qwen2_vl,resnet50,yolo11m', 2.0)"
npu,combination_95,"llama1b,qwen2_vl,resnet50,yolo11l",3.0,True,True,0,0.5526815591932712,0.314459930313589,0.9516483516483517,0.5890159010887146,0.45813414454460144,0.9196145534515381,"('llama1b,qwen2_vl,resnet50,yolo11l', 3.0)"
npu,combination_37,"llama1b,qwen2_vl,resnet50,yolo11s",2.0,True,True,0,0.12557160484866084,0.37965260545905727,0.848605577689243,0.13479909300804138,0.3825813829898834,0.8535604476928711,"('llama1b,qwen2_vl,resnet50,yolo11s', 2.0)"
npu,combination_98,"llama1b,qwen2_vl,resnet50,yolo11x",1.0,True,True,0,0.2794609164420485,0.4878863826232248,0.43157894736842106,0.33560851216316223,0.49178221821784973,0.45995116233825684,"('llama1b,qwen2_vl,resnet50,yolo11x', 1.0)"
npu,combination_55,"llama1b,qwen2_vl,resnet50,yolo11m",1.0,True,True,2,0.8265901671777623,0.4639639639639639,0.9198868991517437,0.7968727946281433,0.3841409981250763,0.9187300801277161,"('llama1b,qwen2_vl,resnet50,yolo11m', 1.0)"
npu,combination_20,"llama1b,qwen2_vl,resnet50,yolo11n",3.0,True,True,1,1.0,0.8194014447884421,0.6080735820132857,0.9102881550788879,0.6462649703025818,0.5907304883003235,"('llama1b,qwen2_vl,resnet50,yolo11n', 3.0)"
npu,combination_76,"llama1b,qwen2_vl,resnet50,yolo11l",1.0,True,True,0,0.9559614408929479,0.011396702230843932,0.614687649022413,0.9282949566841125,0.03607654571533203,0.5732734799385071,"('llama1b,qwen2_vl,resnet50,yolo11l', 1.0)"
npu,combination_3,"llama1b,qwen2_vl,resnet50,yolo11n",1.0,True,True,1,0.6599647783974171,0.6920322291853177,0.42038791159224176,0.6716905832290649,0.7363045811653137,0.4135560691356659,"('llama1b,qwen2_vl,resnet50,yolo11n', 1.0)"
npu,combination_15,"llama1b,qwen2_vl,resnet50,yolo11n",2.0,True,True,2,0.7421289355322338,0.21904761904761907,0.917200591424347,0.7131393551826477,0.3727092444896698,0.8515744209289551,"('llama1b,qwen2_vl,resnet50,yolo11n', 2.0)"
npu,combination_88,"llama1b,qwen2_vl,resnet50,yolo11l",2.0,True,True,0,0.6909505318250886,0.0,1.0,0.706753671169281,0.003447386436164379,1.0,"('llama1b,qwen2_vl,resnet50,yolo11l', 2.0)"
npu,combination_21,"llama1b,qwen2_vl,resnet50,yolo11n",3.0,True,True,1,0.18456375838926173,0.20846233230134156,0.8502810424118549,0.1586756855249405,0.32698628306388855,0.8095445036888123,"('llama1b,qwen2_vl,resnet50,yolo11n', 3.0)"
npu,combination_7,"llama1b,qwen2_vl,resnet50,yolo11n",1.0,True,True,1,0.8495744056354564,0.3303491495076097,0.8718989625620206,0.8605422377586365,0.3800807595252991,0.8511247038841248,"('llama1b,qwen2_vl,resnet50,yolo11n', 1.0)"
npu,combination_69,"llama1b,qwen2_vl,resnet50,yolo11m",3.0,True,True,1,0.12211278654231675,0.34667802385008495,0.9046321525885559,0.1184488832950592,0.3179367780685425,0.9030283093452454,"('llama1b,qwen2_vl,resnet50,yolo11m', 3.0)"
npu,combination_113,"llama1b,qwen2_vl,resnet50,yolo11x",3.0,True,True,0,0.09379951410161615,1.0,0.46506300114547533,0.09613579511642456,0.9800511598587036,0.547266960144043,"('llama1b,qwen2_vl,resnet50,yolo11x', 3.0)"
npu,combination_85,"llama1b,qwen2_vl,resnet50,yolo11l",2.0,True,True,0,0.1174236029039338,0.49315762797769913,0.8644329896907217,0.19154755771160126,0.5081747174263,0.8358526229858398,"('llama1b,qwen2_vl,resnet50,yolo11l', 2.0)"
npu,combination_38,"llama1b,qwen2_vl,resnet50,yolo11s",2.0,True,True,0,0.7006605211584526,0.37965260545905727,0.8789840637450199,0.728751003742218,0.43647387623786926,0.882905900478363,"('llama1b,qwen2_vl,resnet50,yolo11s', 2.0)"
npu,combination_54,"llama1b,qwen2_vl,resnet50,yolo11m",1.0,True,True,2,1.0,0.17692692692692685,0.9024505183788878,0.9330281019210815,0.24462813138961792,0.8916822671890259,"('llama1b,qwen2_vl,resnet50,yolo11m', 1.0)"
npu,combination_43,"llama1b,qwen2_vl,resnet50,yolo11s",3.0,True,True,1,0.643249446675957,0.9095580678314489,0.47567287784679085,0.5968494415283203,0.8690754771232605,0.4749666750431061,"('llama1b,qwen2_vl,resnet50,yolo11s', 3.0)"
npu,combination_53,"llama1b,qwen2_vl,resnet50,yolo11m",1.0,True,True,2,0.1527351864675042,0.6246246246246246,0.827521206409048,0.14537036418914795,0.6397682428359985,0.8400871157646179,"('llama1b,qwen2_vl,resnet50,yolo11m', 1.0)"
npu,combination_36,"llama1b,qwen2_vl,resnet50,yolo11s",2.0,True,True,0,1.0,0.6575682382133994,0.5732071713147411,1.0,0.4696029722690582,0.5734902620315552,"('llama1b,qwen2_vl,resnet50,yolo11s', 2.0)"
npu,combination_32,"llama1b,qwen2_vl,resnet50,yolo11s",1.0,True,True,2,0.792189088444595,0.0,1.0,0.7537819743156433,0.0031241222750395536,1.0,"('llama1b,qwen2_vl,resnet50,yolo11s', 1.0)"
npu,combination_13,"llama1b,qwen2_vl,resnet50,yolo11n",2.0,True,True,2,0.16734489897908192,0.31972789115646283,0.8477082306554953,0.15164846181869507,0.42778468132019043,0.7897410988807678,"('llama1b,qwen2_vl,resnet50,yolo11n', 2.0)"
npu,combination_89,"llama1b,qwen2_vl,resnet50,yolo11l",3.0,True,True,0,0.07705525911187482,1.0,0.45989010989010987,0.09780236333608627,0.9865692257881165,0.5400438904762268,"('llama1b,qwen2_vl,resnet50,yolo11l', 3.0)"
npu,combination_96,"llama1b,qwen2_vl,resnet50,yolo11l",3.0,True,True,0,0.580989418467939,0.0,1.0,0.6055999994277954,0.003246624255552888,1.0,"('llama1b,qwen2_vl,resnet50,yolo11l', 3.0)"
npu,combination_79,"llama1b,qwen2_vl,resnet50,yolo11l",1.0,True,True,0,0.8177574835109083,0.4267701260911735,0.9351454458750597,0.8175989985466003,0.5408530235290527,0.8654619455337524,"('llama1b,qwen2_vl,resnet50,yolo11l', 1.0)"
npu,combination_106,"llama1b,qwen2_vl,resnet50,yolo11x",2.0,True,True,0,0.2898662303916851,0.3929146537842187,0.49130678631519914,0.2753603458404541,0.7193660736083984,0.48559877276420593,"('llama1b,qwen2_vl,resnet50,yolo11x', 2.0)"
npu,combination_78,"llama1b,qwen2_vl,resnet50,yolo11l",1.0,True,True,0,1.0,0.11299709020368569,0.9022412970910826,0.9505731463432312,0.24146808683872223,0.8846079111099243,"('llama1b,qwen2_vl,resnet50,yolo11l', 1.0)"
npu,combination_27,"llama1b,qwen2_vl,resnet50,yolo11s",1.0,True,True,2,0.7128092172145035,0.7126372079932449,0.4079646017699115,0.7087852954864502,0.6910870671272278,0.4189392626285553,"('llama1b,qwen2_vl,resnet50,yolo11s', 1.0)"
npu,combination_19,"llama1b,qwen2_vl,resnet50,yolo11n",3.0,True,True,1,0.6928302504501556,0.9050567595459238,0.4665304036791007,0.5723358392715454,0.9218128323554993,0.4744115471839905,"('llama1b,qwen2_vl,resnet50,yolo11n', 3.0)"
npu,combination_68,"llama1b,qwen2_vl,resnet50,yolo11m",3.0,True,True,1,1.0,0.7862010221465074,0.6435967302452316,0.986861526966095,0.5992682576179504,0.6385747194290161,"('llama1b,qwen2_vl,resnet50,yolo11m', 3.0)"
npu,combination_82,"llama1b,qwen2_vl,resnet50,yolo11l",2.0,True,True,0,0.3280432213405369,0.6117587430309175,0.470618556701031,0.2877044975757599,0.7709434032440186,0.4642913043498993,"('llama1b,qwen2_vl,resnet50,yolo11l', 2.0)"
npu,combination_42,"llama1b,qwen2_vl,resnet50,yolo11s",3.0,True,True,1,0.34010984506926795,1.0,0.4725672877846791,0.34923055768013,1.0,0.474847674369812,"('llama1b,qwen2_vl,resnet50,yolo11s', 3.0)"
npu,combination_17,"llama1b,qwen2_vl,resnet50,yolo11n",3.0,True,True,1,0.11597642822065804,1.0,0.40981093510475214,0.09232348948717117,0.9737282395362854,0.42798393964767456,"('llama1b,qwen2_vl,resnet50,yolo11n', 3.0)"
npu,combination_83,"llama1b,qwen2_vl,resnet50,yolo11l",2.0,True,True,0,0.6955090325848388,0.8717688798783579,0.47113402061855675,0.6423693895339966,0.8993167281150818,0.53621506690979,"('llama1b,qwen2_vl,resnet50,yolo11l', 2.0)"
npu,combination_5,"llama1b,qwen2_vl,resnet50,yolo11n",1.0,True,True,1,0.18234517170531261,0.5523724261414503,0.78574650428507,0.19408641755580902,0.5070752501487732,0.7650560140609741,"('llama1b,qwen2_vl,resnet50,yolo11n', 1.0)"
npu,combination_59,"llama1b,qwen2_vl,resnet50,yolo11m",2.0,True,True,1,0.6844074844074846,0.8716417910447759,0.4586504312531709,0.6796826124191284,0.8759886622428894,0.45526859164237976,"('llama1b,qwen2_vl,resnet50,yolo11m', 2.0)"
npu,combination_31,"llama1b,qwen2_vl,resnet50,yolo11s",1.0,True,True,2,0.8154015587936292,0.35294117647058837,0.8721238938053097,0.794372022151947,0.31880131363868713,0.9183487296104431,"('llama1b,qwen2_vl,resnet50,yolo11s', 1.0)"
npu,combination_44,"llama1b,qwen2_vl,resnet50,yolo11s",3.0,True,True,1,1.0,0.8335046248715315,0.613871635610766,0.9831905364990234,0.6521256566047668,0.5888488292694092,"('llama1b,qwen2_vl,resnet50,yolo11s', 3.0)"
npu,combination_102,"llama1b,qwen2_vl,resnet50,yolo11x",1.0,True,True,0,1.0,0.14264828738512955,0.8985645933014356,0.9334373474121094,0.2545992434024811,0.8670995235443115,"('llama1b,qwen2_vl,resnet50,yolo11x', 1.0)"
npu,combination_110,"llama1b,qwen2_vl,resnet50,yolo11x",2.0,True,True,0,0.8857665287267827,0.0,0.9579360628154795,0.7583454251289368,0.4308894872665405,0.9010998606681824,"('llama1b,qwen2_vl,resnet50,yolo11x', 2.0)"
npu,combination_28,"llama1b,qwen2_vl,resnet50,yolo11s",1.0,True,True,2,1.0,0.07711792851111729,0.5336283185840708,0.9800686240196228,0.42513495683670044,0.5681116580963135,"('llama1b,qwen2_vl,resnet50,yolo11s', 1.0)"
npu,combination_24,"llama1b,qwen2_vl,resnet50,yolo11n",3.0,True,True,1,0.5925683417908004,0.0,1.0,0.6627464294433594,0.05435942858457565,0.9868741631507874,"('llama1b,qwen2_vl,resnet50,yolo11n', 3.0)"
npu,combination_26,"llama1b,qwen2_vl,resnet50,yolo11s",1.0,True,True,2,0.4092680447305998,0.9563748944553896,0.40575221238938053,0.3986572325229645,0.8788395524024963,0.4343869090080261,"('llama1b,qwen2_vl,resnet50,yolo11s', 1.0)"
npu,combination_77,"llama1b,qwen2_vl,resnet50,yolo11l",1.0,True,True,0,0.15190258751902588,0.6605237633365664,0.844539818788746,0.2353712022304535,0.633445143699646,0.7934646010398865,"('llama1b,qwen2_vl,resnet50,yolo11l', 1.0)"
npu,combination_115,"llama1b,qwen2_vl,resnet50,yolo11x",3.0,True,True,0,0.781134467096229,0.9173478655767484,0.5223367697594501,0.6296980381011963,0.9199574589729309,0.5756672620773315,"('llama1b,qwen2_vl,resnet50,yolo11x', 3.0)"
npu,combination_10,"llama1b,qwen2_vl,resnet50,yolo11n",2.0,True,True,2,0.32283858070964516,1.0,0.4553967471660917,0.3528671860694885,0.9912860989570618,0.4624845087528229,"('llama1b,qwen2_vl,resnet50,yolo11n', 2.0)"
npu,combination_30,"llama1b,qwen2_vl,resnet50,yolo11s",1.0,True,True,2,0.8973229413758047,0.515902054601745,0.8694690265486724,0.845747709274292,0.44040507078170776,0.8983752131462097,"('llama1b,qwen2_vl,resnet50,yolo11s', 1.0)"
npu,combination_16,"llama1b,qwen2_vl,resnet50,yolo11n",2.0,True,True,2,0.7133576069108304,0.0,1.0,0.7286494374275208,0.002372153103351593,0.9946489930152893,"('llama1b,qwen2_vl,resnet50,yolo11n', 2.0)"
npu,combination_312,"llama1b,mobilenet_v2,qwen2_vl,resnet50,yolo11l,yolo11m,yolo11s",1.5,True,True,0,0.3003178421097844,0.9483178937103849,0.42591549295774644,0.2929355800151825,0.8983210921287537,0.43338727951049805,"('llama1b,mobilenet_v2,qwen2_vl,resnet50,yolo11l,yolo11m,yolo11s', 1.5)"
npu,combination_337,"llama1b,mobilenet_v2,qwen2_vl,resnet50,yolo11l,yolo11m,yolo11s",2.0,True,True,1,0.4117699351053427,0.9944267515923564,0.45395894428152495,0.4616886377334595,0.9865288734436035,0.4579944610595703,"('llama1b,mobilenet_v2,qwen2_vl,resnet50,yolo11l,yolo11m,yolo11s', 2.0)"
npu,combination_347,"llama1b,mobilenet_v2,qwen2_vl,resnet50,yolo11l,yolo11m,yolo11s",2.0,True,True,1,0.3025157791803716,1.0,0.46275659824046916,0.3259661793708801,0.9674888253211975,0.44414156675338745,"('llama1b,mobilenet_v2,qwen2_vl,resnet50,yolo11l,yolo11m,yolo11s', 2.0)"
npu,combination_348,"llama1b,mobilenet_v2,qwen2_vl,resnet50,yolo11l,yolo11m,yolo11s",2.0,True,True,1,0.4772868699439951,0.9601910828025477,0.4686217008797654,0.48312392830848694,0.704862117767334,0.4690501093864441,"('llama1b,mobilenet_v2,qwen2_vl,resnet50,yolo11l,yolo11m,yolo11s', 2.0)"
npu,combination_338,"llama1b,mobilenet_v2,qwen2_vl,resnet50,yolo11l,yolo11m,yolo11s",2.0,True,True,1,0.445061783269624,0.6074840764331211,0.853958944281525,0.48082420229911804,0.624646008014679,0.8555669784545898,"('llama1b,mobilenet_v2,qwen2_vl,resnet50,yolo11l,yolo11m,yolo11s', 2.0)"
npu,combination_323,"llama1b,mobilenet_v2,qwen2_vl,resnet50,yolo11l,yolo11m,yolo11s",1.5,True,True,0,0.5635254703204192,0.7493905411994148,0.45971830985915496,0.5557249188423157,0.8214530944824219,0.4540783762931824,"('llama1b,mobilenet_v2,qwen2_vl,resnet50,yolo11l,yolo11m,yolo11s', 1.5)"
npu,combination_335,"llama1b,mobilenet_v2,qwen2_vl,resnet50,yolo11l,yolo11m,yolo11s",2.0,True,True,1,0.6573028713663438,0.43152866242038224,1.0,0.7384985089302063,0.42703738808631897,0.9855383634567261,"('llama1b,mobilenet_v2,qwen2_vl,resnet50,yolo11l,yolo11m,yolo11s', 2.0)"
npu,combination_343,"llama1b,mobilenet_v2,qwen2_vl,resnet50,yolo11l,yolo11m,yolo11s",2.0,True,True,1,0.5652057960707618,0.9315286624203818,0.4785923753665689,0.5765491724014282,0.8505630493164062,0.47431138157844543,"('llama1b,mobilenet_v2,qwen2_vl,resnet50,yolo11l,yolo11m,yolo11s', 2.0)"
npu,combination_333,"llama1b,mobilenet_v2,qwen2_vl,resnet50,yolo11l,yolo11m,yolo11s",2.0,True,True,1,0.4507956262778914,0.5843949044585987,0.8621700879765395,0.4900178909301758,0.559800922870636,0.8530023097991943,"('llama1b,mobilenet_v2,qwen2_vl,resnet50,yolo11l,yolo11m,yolo11s', 2.0)"
npu,combination_308,"llama1b,mobilenet_v2,qwen2_vl,resnet50,yolo11l,yolo11m,yolo11s",1.0,True,True,0,0.42815149320495893,0.5347077244258872,0.42493224932249324,0.4592619240283966,0.7567071914672852,0.41400131583213806,"('llama1b,mobilenet_v2,qwen2_vl,resnet50,yolo11l,yolo11m,yolo11s', 1.0)"
npu,combination_311,"llama1b,mobilenet_v2,qwen2_vl,resnet50,yolo11l,yolo11m,yolo11s",1.5,True,True,0,0.2064685164504768,1.0,0.4219718309859155,0.19917450845241547,0.9873666763305664,0.42517152428627014,"('llama1b,mobilenet_v2,qwen2_vl,resnet50,yolo11l,yolo11m,yolo11s', 1.5)"
npu,combination_305,"llama1b,mobilenet_v2,qwen2_vl,resnet50,yolo11l,yolo11m,yolo11s",1.0,True,True,0,1.0,0.08455114822546969,0.5414634146341464,0.9875266551971436,0.011387132108211517,0.5935729146003723,"('llama1b,mobilenet_v2,qwen2_vl,resnet50,yolo11l,yolo11m,yolo11s', 1.0)"
npu,combination_313,"llama1b,mobilenet_v2,qwen2_vl,resnet50,yolo11l,yolo11m,yolo11s",1.5,True,True,0,0.4399536122326262,0.6299366162847392,0.8101408450704226,0.44450533390045166,0.6639062166213989,0.8193461894989014,"('llama1b,mobilenet_v2,qwen2_vl,resnet50,yolo11l,yolo11m,yolo11s', 1.5)"
npu,combination_344,"llama1b,mobilenet_v2,qwen2_vl,resnet50,yolo11l,yolo11m,yolo11s",2.0,True,True,1,0.6331673926571251,0.6839171974522298,0.49853372434017595,0.6288703680038452,0.39777299761772156,0.5018805861473083,"('llama1b,mobilenet_v2,qwen2_vl,resnet50,yolo11l,yolo11m,yolo11s', 2.0)"
npu,combination_299,"llama1b,mobilenet_v2,qwen2_vl,resnet50,yolo11l,yolo11m,yolo11s",1.0,True,True,0,0.44165637114983175,0.39613778705636726,0.8406504065040651,0.4075666069984436,0.48609575629234314,0.8202083110809326,"('llama1b,mobilenet_v2,qwen2_vl,resnet50,yolo11l,yolo11m,yolo11s', 1.0)"
npu,combination_317,"llama1b,mobilenet_v2,qwen2_vl,resnet50,yolo11l,yolo11m,yolo11s",1.5,True,True,0,0.3980328150502534,0.9800097513408094,0.4383098591549296,0.42647263407707214,0.9406903386116028,0.43046271800994873,"('llama1b,mobilenet_v2,qwen2_vl,resnet50,yolo11l,yolo11m,yolo11s', 1.5)"
npu,combination_326,"llama1b,mobilenet_v2,qwen2_vl,resnet50,yolo11l,yolo11m,yolo11s",1.5,True,True,0,0.18683961858946826,1.0,0.4191549295774648,0.1872204840183258,0.963337779045105,0.41579899191856384,"('llama1b,mobilenet_v2,qwen2_vl,resnet50,yolo11l,yolo11m,yolo11s', 1.5)"
npu,combination_334,"llama1b,mobilenet_v2,qwen2_vl,resnet50,yolo11l,yolo11m,yolo11s",2.0,True,True,1,0.594319495066228,0.5589171974522295,0.9073313782991203,0.6123949885368347,0.44307345151901245,0.8849705457687378,"('llama1b,mobilenet_v2,qwen2_vl,resnet50,yolo11l,yolo11m,yolo11s', 2.0)"
npu,combination_319,"llama1b,mobilenet_v2,qwen2_vl,resnet50,yolo11l,yolo11m,yolo11s",1.5,True,True,0,0.4283137187526844,0.509995124329595,0.8811267605633804,0.4007880687713623,0.40534940361976624,0.8713381290435791,"('llama1b,mobilenet_v2,qwen2_vl,resnet50,yolo11l,yolo11m,yolo11s', 1.5)"
npu,combination_316,"llama1b,mobilenet_v2,qwen2_vl,resnet50,yolo11l,yolo11m,yolo11s",1.5,True,True,0,0.14139678721759297,0.736226231106777,0.7419718309859155,0.12991227209568024,0.6590116024017334,0.7396855354309082,"('llama1b,mobilenet_v2,qwen2_vl,resnet50,yolo11l,yolo11m,yolo11s', 1.5)"
npu,combination_320,"llama1b,mobilenet_v2,qwen2_vl,resnet50,yolo11l,yolo11m,yolo11s",1.5,True,True,0,0.8765569968215788,0.30716723549488034,0.9498591549295774,0.7788481116294861,0.37793609499931335,0.9722521305084229,"('llama1b,mobilenet_v2,qwen2_vl,resnet50,yolo11l,yolo11m,yolo11s', 1.5)"
npu,combination_346,"llama1b,mobilenet_v2,qwen2_vl,resnet50,yolo11l,yolo11m,yolo11s",2.0,True,True,1,0.20512934483065162,1.0,0.44046920821114366,0.2158038467168808,0.9855840802192688,0.4345432221889496,"('llama1b,mobilenet_v2,qwen2_vl,resnet50,yolo11l,yolo11m,yolo11s', 2.0)"
npu,combination_321,"llama1b,mobilenet_v2,qwen2_vl,resnet50,yolo11l,yolo11m,yolo11s",1.5,True,True,0,0.20161498153079635,1.0,0.432112676056338,0.19297872483730316,0.961359977722168,0.41915372014045715,"('llama1b,mobilenet_v2,qwen2_vl,resnet50,yolo11l,yolo11m,yolo11s', 1.5)"
npu,combination_289,"llama1b,mobilenet_v2,qwen2_vl,resnet50,yolo11l,yolo11m,yolo11s",1.0,True,True,0,0.10590891662761472,1.0,0.41463414634146345,0.12979695200920105,0.9995960593223572,0.35296857357025146,"('llama1b,mobilenet_v2,qwen2_vl,resnet50,yolo11l,yolo11m,yolo11s', 1.0)"
npu,combination_292,"llama1b,mobilenet_v2,qwen2_vl,resnet50,yolo11l,yolo11m,yolo11s",1.0,True,True,0,0.27772334171175395,0.6370041753653445,0.41246612466124666,0.2749546468257904,0.816116213798523,0.39373108744621277,"('llama1b,mobilenet_v2,qwen2_vl,resnet50,yolo11l,yolo11m,yolo11s', 1.0)"
npu,combination_331,"llama1b,mobilenet_v2,qwen2_vl,resnet50,yolo11l,yolo11m,yolo11s",2.0,True,True,1,0.20539603520312918,1.0,0.45102639296187685,0.2229936569929123,1.0,0.43694162368774414,"('llama1b,mobilenet_v2,qwen2_vl,resnet50,yolo11l,yolo11m,yolo11s', 2.0)"
npu,combination_294,"llama1b,mobilenet_v2,qwen2_vl,resnet50,yolo11l,yolo11m,yolo11s",1.0,True,True,0,0.6302134367145231,0.5224425887265134,0.8628726287262873,0.574489414691925,0.5221365094184875,0.8394718766212463,"('llama1b,mobilenet_v2,qwen2_vl,resnet50,yolo11l,yolo11m,yolo11s', 1.0)"
npu,combination_332,"llama1b,mobilenet_v2,qwen2_vl,resnet50,yolo11l,yolo11m,yolo11s",2.0,True,True,1,0.31918392746021873,0.9960191082802552,0.45102639296187685,0.32854416966438293,0.9275371432304382,0.44259214401245117,"('llama1b,mobilenet_v2,qwen2_vl,resnet50,yolo11l,yolo11m,yolo11s', 2.0)"
npu,combination_290,"llama1b,mobilenet_v2,qwen2_vl,resnet50,yolo11l,yolo11m,yolo11s",1.0,True,True,0,0.8789247220210457,0.0,1.0,0.871694803237915,0.035536933690309525,0.9891791343688965,"('llama1b,mobilenet_v2,qwen2_vl,resnet50,yolo11l,yolo11m,yolo11s', 1.0)"
npu,combination_325,"llama1b,mobilenet_v2,qwen2_vl,resnet50,yolo11l,yolo11m,yolo11s",1.5,True,True,0,1.0,0.09946367625548502,0.5645070422535211,0.9294196963310242,0.08358724415302277,0.6026543378829956,"('llama1b,mobilenet_v2,qwen2_vl,resnet50,yolo11l,yolo11m,yolo11s', 1.5)"
npu,combination_314,"llama1b,mobilenet_v2,qwen2_vl,resnet50,yolo11l,yolo11m,yolo11s",1.5,True,True,0,0.6145090627952925,0.49634324719648965,0.8653521126760563,0.5627555251121521,0.473067045211792,0.8778746724128723,"('llama1b,mobilenet_v2,qwen2_vl,resnet50,yolo11l,yolo11m,yolo11s', 1.5)"
npu,combination_336,"llama1b,mobilenet_v2,qwen2_vl,resnet50,yolo11l,yolo11m,yolo11s",2.0,True,True,1,0.15739176815716951,0.6584394904458596,0.7577712609970674,0.15372465550899506,0.6644476652145386,0.7738068699836731,"('llama1b,mobilenet_v2,qwen2_vl,resnet50,yolo11l,yolo11m,yolo11s', 2.0)"
npu,combination_307,"llama1b,mobilenet_v2,qwen2_vl,resnet50,yolo11l,yolo11m,yolo11s",1.0,True,True,0,0.3034976355813062,0.8723903966597075,0.42655826558265586,0.2839556336402893,0.8981905579566956,0.3991421163082123,"('llama1b,mobilenet_v2,qwen2_vl,resnet50,yolo11l,yolo11m,yolo11s', 1.0)"
npu,combination_324,"llama1b,mobilenet_v2,qwen2_vl,resnet50,yolo11l,yolo11m,yolo11s",1.5,True,True,0,0.6096984795120693,0.3739639200390054,0.46929577464788735,0.648022472858429,0.4716985523700714,0.48687753081321716,"('llama1b,mobilenet_v2,qwen2_vl,resnet50,yolo11l,yolo11m,yolo11s', 1.5)"
npu,combination_340,"llama1b,mobilenet_v2,qwen2_vl,resnet50,yolo11l,yolo11m,yolo11s",2.0,True,True,1,0.8585652057960709,0.4936305732484079,0.9671554252199412,0.8286421298980713,0.2721215486526489,0.9616511464118958,"('llama1b,mobilenet_v2,qwen2_vl,resnet50,yolo11l,yolo11m,yolo11s', 2.0)"
npu,combination_315,"llama1b,mobilenet_v2,qwen2_vl,resnet50,yolo11l,yolo11m,yolo11s",1.5,True,True,0,0.6934541706039001,0.40224280838615273,0.9757746478873239,0.6969651579856873,0.3842019736766815,0.9637918472290039,"('llama1b,mobilenet_v2,qwen2_vl,resnet50,yolo11l,yolo11m,yolo11s', 1.5)"
npu,combination_306,"llama1b,mobilenet_v2,qwen2_vl,resnet50,yolo11l,yolo11m,yolo11s",1.0,True,True,0,0.20095428790525288,0.8682150313152401,0.41300813008130083,0.17918983101844788,0.9193409085273743,0.3807656466960907,"('llama1b,mobilenet_v2,qwen2_vl,resnet50,yolo11l,yolo11m,yolo11s', 1.0)"
npu,combination_341,"llama1b,mobilenet_v2,qwen2_vl,resnet50,yolo11l,yolo11m,yolo11s",2.0,True,True,1,0.2035292025957863,1.0,0.4451612903225806,0.21914994716644287,1.0,0.43661627173423767,"('llama1b,mobilenet_v2,qwen2_vl,resnet50,yolo11l,yolo11m,yolo11s', 2.0)"
npu,combination_295,"llama1b,mobilenet_v2,qwen2_vl,resnet50,yolo11l,yolo11m,yolo11s",1.0,True,True,0,0.7405529757593832,0.431106471816284,0.9880758807588077,0.7405980825424194,0.40973222255706787,0.9302263259887695,"('llama1b,mobilenet_v2,qwen2_vl,resnet50,yolo11l,yolo11m,yolo11s', 1.0)"
npu,combination_328,"llama1b,mobilenet_v2,qwen2_vl,resnet50,yolo11l,yolo11m,yolo11s",1.5,True,True,0,0.4524525384417147,0.7342759629449049,0.4574647887323943,0.45621582865715027,0.7579598426818848,0.44639959931373596,"('llama1b,mobilenet_v2,qwen2_vl,resnet50,yolo11l,yolo11m,yolo11s', 1.5)"
npu,combination_345,"llama1b,mobilenet_v2,qwen2_vl,resnet50,yolo11l,yolo11m,yolo11s",2.0,True,True,1,1.0,0.0,0.5865102639296187,0.995854914188385,0.1297391951084137,0.5868818163871765,"('llama1b,mobilenet_v2,qwen2_vl,resnet50,yolo11l,yolo11m,yolo11s', 2.0)"
npu,combination_342,"llama1b,mobilenet_v2,qwen2_vl,resnet50,yolo11l,yolo11m,yolo11s",2.0,True,True,1,0.2873144279491511,1.0,0.45395894428152495,0.3351450562477112,0.9722480177879333,0.44175705313682556,"('llama1b,mobilenet_v2,qwen2_vl,resnet50,yolo11l,yolo11m,yolo11s', 2.0)"
npu,combination_298,"llama1b,mobilenet_v2,qwen2_vl,resnet50,yolo11l,yolo11m,yolo11s",1.0,True,True,0,0.4648745367017425,0.7740083507306889,0.8314363143631437,0.44777971506118774,0.6898866891860962,0.7882270216941833,"('llama1b,mobilenet_v2,qwen2_vl,resnet50,yolo11l,yolo11m,yolo11s', 1.0)"
npu,combination_322,"llama1b,mobilenet_v2,qwen2_vl,resnet50,yolo11l,yolo11m,yolo11s",1.5,True,True,0,0.3029378919336827,1.0,0.42985915492957744,0.2929469048976898,0.9885705709457397,0.4404677152633667,"('llama1b,mobilenet_v2,qwen2_vl,resnet50,yolo11l,yolo11m,yolo11s', 1.5)"
npu,combination_329,"llama1b,mobilenet_v2,qwen2_vl,resnet50,yolo11l,yolo11m,yolo11s",2.0,True,True,1,0.12401102320206242,1.0,0.4222873900293255,0.1267768144607544,1.0,0.4329838454723358,"('llama1b,mobilenet_v2,qwen2_vl,resnet50,yolo11l,yolo11m,yolo11s', 2.0)"
npu,combination_309,"llama1b,mobilenet_v2,qwen2_vl,resnet50,yolo11l,yolo11m,yolo11s",1.5,True,True,0,0.12309939008676231,1.0,0.40676056338028166,0.1324015110731125,0.9993619918823242,0.40077337622642517,"('llama1b,mobilenet_v2,qwen2_vl,resnet50,yolo11l,yolo11m,yolo11s', 1.5)"
npu,combination_297,"llama1b,mobilenet_v2,qwen2_vl,resnet50,yolo11l,yolo11m,yolo11s",1.0,True,True,0,0.41345375537852014,0.8246346555323589,0.435230352303523,0.41210079193115234,0.8678662776947021,0.39181312918663025,"('llama1b,mobilenet_v2,qwen2_vl,resnet50,yolo11l,yolo11m,yolo11s', 1.0)"
npu,combination_330,"llama1b,mobilenet_v2,qwen2_vl,resnet50,yolo11l,yolo11m,yolo11s",2.0,True,True,1,0.7145968530536049,0.06130573248407673,0.9988269794721408,0.788143515586853,0.009567723609507084,0.9805319309234619,"('llama1b,mobilenet_v2,qwen2_vl,resnet50,yolo11l,yolo11m,yolo11s', 2.0)"
npu,combination_291,"llama1b,mobilenet_v2,qwen2_vl,resnet50,yolo11l,yolo11m,yolo11s",1.0,True,True,0,0.20483108252034254,1.0,0.37777777777777777,0.19083862006664276,0.9575101137161255,0.397908478975296,"('llama1b,mobilenet_v2,qwen2_vl,resnet50,yolo11l,yolo11m,yolo11s', 1.0)"
npu,combination_318,"llama1b,mobilenet_v2,qwen2_vl,resnet50,yolo11l,yolo11m,yolo11s",1.5,True,True,0,0.4512069409844515,0.6825938566552898,0.8276056338028168,0.4484601318836212,0.6644443869590759,0.8291849493980408,"('llama1b,mobilenet_v2,qwen2_vl,resnet50,yolo11l,yolo11m,yolo11s', 1.5)"
npu,combination_304,"llama1b,mobilenet_v2,qwen2_vl,resnet50,yolo11l,yolo11m,yolo11s",1.0,True,True,0,0.6060580241128105,0.4676409185803759,0.46720867208672084,0.6549009680747986,0.5032707452774048,0.4604111611843109,"('llama1b,mobilenet_v2,qwen2_vl,resnet50,yolo11l,yolo11m,yolo11s', 1.0)"
npu,combination_310,"llama1b,mobilenet_v2,qwen2_vl,resnet50,yolo11l,yolo11m,yolo11s",1.5,True,True,0,0.7989433897431492,0.0,1.0,0.7518136501312256,0.05606673285365105,0.9817796349525452,"('llama1b,mobilenet_v2,qwen2_vl,resnet50,yolo11l,yolo11m,yolo11s', 1.5)"
npu,combination_339,"llama1b,mobilenet_v2,qwen2_vl,resnet50,yolo11l,yolo11m,yolo11s",2.0,True,True,1,0.42168192728242515,0.5692675159235667,0.9055718475073313,0.4445549249649048,0.4049522280693054,0.8841526508331299,"('llama1b,mobilenet_v2,qwen2_vl,resnet50,yolo11l,yolo11m,yolo11s', 2.0)"
npu,combination_302,"llama1b,mobilenet_v2,qwen2_vl,resnet50,yolo11l,yolo11m,yolo11s",1.0,True,True,0,0.32475610275635847,1.0,0.42439024390243907,0.288781076669693,0.9410247802734375,0.4119318425655365,"('llama1b,mobilenet_v2,qwen2_vl,resnet50,yolo11l,yolo11m,yolo11s', 1.0)"
npu,combination_300,"llama1b,mobilenet_v2,qwen2_vl,resnet50,yolo11l,yolo11m,yolo11s",1.0,True,True,0,0.8979678779874751,0.28131524008350733,0.9257452574525745,0.8264329433441162,0.33989259600639343,0.9329491853713989,"('llama1b,mobilenet_v2,qwen2_vl,resnet50,yolo11l,yolo11m,yolo11s', 1.0)"
npu,combination_301,"llama1b,mobilenet_v2,qwen2_vl,resnet50,yolo11l,yolo11m,yolo11s",1.0,True,True,0,0.19460656924977637,0.9827766179540709,0.41192411924119243,0.18494807183742523,0.9105969071388245,0.38315972685813904,"('llama1b,mobilenet_v2,qwen2_vl,resnet50,yolo11l,yolo11m,yolo11s', 1.0)"
npu,combination_327,"llama1b,mobilenet_v2,qwen2_vl,resnet50,yolo11l,yolo11m,yolo11s",1.5,True,True,0,0.31410531741259345,1.0,0.4349295774647887,0.29263338446617126,0.9679916501045227,0.44073814153671265,"('llama1b,mobilenet_v2,qwen2_vl,resnet50,yolo11l,yolo11m,yolo11s', 1.5)"
npu,combination_293,"llama1b,mobilenet_v2,qwen2_vl,resnet50,yolo11l,yolo11m,yolo11s",1.0,True,True,0,0.476675329101521,0.6500521920668059,0.8303523035230352,0.4434015452861786,0.6654903292655945,0.776506781578064,"('llama1b,mobilenet_v2,qwen2_vl,resnet50,yolo11l,yolo11m,yolo11s', 1.0)"
npu,combination_303,"llama1b,mobilenet_v2,qwen2_vl,resnet50,yolo11l,yolo11m,yolo11s",1.0,True,True,0,0.556298726196055,0.6931106471816283,0.44769647696476966,0.5420657992362976,0.8227007389068604,0.41823410987854004,"('llama1b,mobilenet_v2,qwen2_vl,resnet50,yolo11l,yolo11m,yolo11s', 1.0)"
npu,combination_296,"llama1b,mobilenet_v2,qwen2_vl,resnet50,yolo11l,yolo11m,yolo11s",1.0,True,True,0,0.15034294721595026,0.8209812108559499,0.7084010840108401,0.13284946978092194,0.7831464409828186,0.6984338760375977,"('llama1b,mobilenet_v2,qwen2_vl,resnet50,yolo11l,yolo11m,yolo11s', 1.0)"
npu,combination_460,"mobilenet_v2,resnet50,yolo11m,yolo11n,yolo11s",3.0,False,False,1,0.24034127141192252,1.0,0.0,0.2756524085998535,1.0,0.5466059446334839,"('mobilenet_v2,resnet50,yolo11m,yolo11n,yolo11s', 3.0)"
npu,combination_446,"mobilenet_v2,resnet50,yolo11m,yolo11n,yolo11s",2.0,False,False,2,0.5986546076313894,0.8997659906396258,0.0,0.6530268788337708,0.8474593162536621,0.5977540612220764,"('mobilenet_v2,resnet50,yolo11m,yolo11n,yolo11s', 2.0)"
npu,combination_447,"mobilenet_v2,resnet50,yolo11m,yolo11n,yolo11s",2.0,False,False,2,0.1769933405327574,1.0,0.0,0.15567177534103394,1.0,0.510283350944519,"('mobilenet_v2,resnet50,yolo11m,yolo11n,yolo11s', 2.0)"
npu,combination_465,"mobilenet_v2,resnet50,yolo11m,yolo11n,yolo11s",3.0,False,False,1,0.43833146425665725,0.9880656389855795,0.0,0.4764813482761383,0.7509459257125854,0.5860500335693359,"('mobilenet_v2,resnet50,yolo11m,yolo11n,yolo11s', 3.0)"
npu,combination_439,"mobilenet_v2,resnet50,yolo11m,yolo11n,yolo11s",2.0,False,False,2,0.15717242620590355,1.0,0.0,0.15970055758953094,0.9252007007598877,0.4906095862388611,"('mobilenet_v2,resnet50,yolo11m,yolo11n,yolo11s', 2.0)"
npu,combination_440,"mobilenet_v2,resnet50,yolo11m,yolo11n,yolo11s",2.0,False,False,2,0.3286537077033837,0.9567082683307332,0.0,0.3242832124233246,0.9869135618209839,0.5279960036277771,"('mobilenet_v2,resnet50,yolo11m,yolo11n,yolo11s', 2.0)"
npu,combination_467,"mobilenet_v2,resnet50,yolo11m,yolo11n,yolo11s",3.0,False,False,1,0.14369901268773227,1.0,0.0,0.17864271998405457,1.0,0.5002945065498352,"('mobilenet_v2,resnet50,yolo11m,yolo11n,yolo11s', 3.0)"
npu,combination_451,"mobilenet_v2,resnet50,yolo11m,yolo11n,yolo11s",2.0,False,False,2,0.14533837293016563,1.0,0.0,0.1630636602640152,0.9960967898368835,0.49486422538757324,"('mobilenet_v2,resnet50,yolo11m,yolo11n,yolo11s', 2.0)"
npu,combination_463,"mobilenet_v2,resnet50,yolo11m,yolo11n,yolo11s",3.0,False,False,1,0.1654902478175781,1.0,0.0,0.17904262244701385,1.0,0.5285157561302185,"('mobilenet_v2,resnet50,yolo11m,yolo11n,yolo11s', 3.0)"
npu,combination_466,"mobilenet_v2,resnet50,yolo11m,yolo11n,yolo11s",3.0,False,False,1,0.6587945554895881,0.9577324714072603,0.0,0.6998296976089478,0.7623473405838013,0.6157492399215698,"('mobilenet_v2,resnet50,yolo11m,yolo11n,yolo11s', 3.0)"
npu,combination_464,"mobilenet_v2,resnet50,yolo11m,yolo11n,yolo11s",3.0,False,False,1,0.23473404138355652,1.0,0.0,0.2641447186470032,1.0,0.5322314500808716,"('mobilenet_v2,resnet50,yolo11m,yolo11n,yolo11s', 3.0)"
npu,combination_456,"mobilenet_v2,resnet50,yolo11m,yolo11n,yolo11s",3.0,False,False,1,0.32620885282670353,0.9925410243659873,0.0,0.34033745527267456,0.9739797711372375,0.5589234232902527,"('mobilenet_v2,resnet50,yolo11m,yolo11n,yolo11s', 3.0)"
npu,combination_458,"mobilenet_v2,resnet50,yolo11m,yolo11n,yolo11s",3.0,False,False,1,0.5522571849506345,1.0,0.0,0.6254047751426697,0.4234202802181244,0.634721040725708,"('mobilenet_v2,resnet50,yolo11m,yolo11n,yolo11s', 3.0)"
npu,combination_437,"mobilenet_v2,resnet50,yolo11m,yolo11n,yolo11s",2.0,False,False,2,0.07613390928725702,1.0,0.0,0.08720745146274567,0.9919817447662354,0.5099057555198669,"('mobilenet_v2,resnet50,yolo11m,yolo11n,yolo11s', 2.0)"
npu,combination_421,"mobilenet_v2,resnet50,yolo11m,yolo11n,yolo11s",1.0,False,False,0,0.09108174002309764,1.0,0.0,0.09672175347805023,0.9297314286231995,0.46077534556388855,"('mobilenet_v2,resnet50,yolo11m,yolo11n,yolo11s', 1.0)"
npu,combination_424,"mobilenet_v2,resnet50,yolo11m,yolo11n,yolo11s",1.0,False,False,0,0.3570640318234312,0.9410774410774411,0.0,0.3291792869567871,0.83699631690979,0.4963656961917877,"('mobilenet_v2,resnet50,yolo11m,yolo11n,yolo11s', 1.0)"
npu,combination_445,"mobilenet_v2,resnet50,yolo11m,yolo11n,yolo11s",2.0,False,False,2,0.46683765298776103,0.8315132605304212,0.0,0.49320220947265625,0.7824466824531555,0.5172775983810425,"('mobilenet_v2,resnet50,yolo11m,yolo11n,yolo11s', 2.0)"
npu,combination_426,"mobilenet_v2,resnet50,yolo11m,yolo11n,yolo11s",1.0,False,False,0,0.6200436288977287,0.6899551066217733,0.0,0.6677653789520264,0.5385884046554565,0.5335167646408081,"('mobilenet_v2,resnet50,yolo11m,yolo11n,yolo11s', 1.0)"
npu,combination_422,"mobilenet_v2,resnet50,yolo11m,yolo11n,yolo11s",1.0,False,False,0,1.0,0.0,0.0,1.0,0.0,0.6591640710830688,"('mobilenet_v2,resnet50,yolo11m,yolo11n,yolo11s', 1.0)"
npu,combination_438,"mobilenet_v2,resnet50,yolo11m,yolo11n,yolo11s",2.0,False,False,2,1.0,0.0,0.0,1.0,0.0,0.7801954746246338,"('mobilenet_v2,resnet50,yolo11m,yolo11n,yolo11s', 2.0)"
npu,combination_452,"mobilenet_v2,resnet50,yolo11m,yolo11n,yolo11s",2.0,False,False,2,0.234408747300216,1.0,0.0,0.2523746192455292,0.9931946396827698,0.5170923471450806,"('mobilenet_v2,resnet50,yolo11m,yolo11n,yolo11s', 2.0)"
npu,combination_461,"mobilenet_v2,resnet50,yolo11m,yolo11n,yolo11s",3.0,False,False,1,0.4453459990764563,0.9900546991546494,0.0,0.5033854246139526,0.7928305268287659,0.5779050588607788,"('mobilenet_v2,resnet50,yolo11m,yolo11n,yolo11s', 3.0)"
npu,combination_444,"mobilenet_v2,resnet50,yolo11m,yolo11n,yolo11s",2.0,False,False,2,0.23836843052555798,1.0,0.0,0.2762709856033325,1.0,0.532882809638977,"('mobilenet_v2,resnet50,yolo11m,yolo11n,yolo11s', 2.0)"
npu,combination_448,"mobilenet_v2,resnet50,yolo11m,yolo11n,yolo11s",2.0,False,False,2,0.24644528437724986,0.999609984399376,0.0,0.24171429872512817,1.0,0.5171492099761963,"('mobilenet_v2,resnet50,yolo11m,yolo11n,yolo11s', 2.0)"
npu,combination_455,"mobilenet_v2,resnet50,yolo11m,yolo11n,yolo11s",3.0,False,False,1,0.15337423312883436,1.0,0.0,0.1779288798570633,1.0,0.4935298264026642,"('mobilenet_v2,resnet50,yolo11m,yolo11n,yolo11s', 3.0)"
npu,combination_449,"mobilenet_v2,resnet50,yolo11m,yolo11n,yolo11s",2.0,False,False,2,0.4467467602591793,0.8638845553822151,0.0,0.46291908621788025,0.791584849357605,0.5414078831672668,"('mobilenet_v2,resnet50,yolo11m,yolo11n,yolo11s', 2.0)"
npu,combination_431,"mobilenet_v2,resnet50,yolo11m,yolo11n,yolo11s",1.0,False,False,0,0.19368664185807777,0.9998597081930416,0.0,0.16093751788139343,0.9203717112541199,0.45914626121520996,"('mobilenet_v2,resnet50,yolo11m,yolo11n,yolo11s', 1.0)"
npu,combination_443,"mobilenet_v2,resnet50,yolo11m,yolo11n,yolo11s",2.0,False,False,2,0.24833513318934486,0.9812792511700467,0.0,0.24215741455554962,0.9902613162994385,0.5085325837135315,"('mobilenet_v2,resnet50,yolo11m,yolo11n,yolo11s', 2.0)"
npu,combination_453,"mobilenet_v2,resnet50,yolo11m,yolo11n,yolo11s",3.0,False,False,1,0.07806143764980102,1.0,0.0,0.09076147526502609,1.0,0.508908748626709,"('mobilenet_v2,resnet50,yolo11m,yolo11n,yolo11s', 3.0)"
npu,combination_457,"mobilenet_v2,resnet50,yolo11m,yolo11n,yolo11s",3.0,False,False,1,0.43644039844316906,0.9880656389855795,0.0,0.4854200482368469,0.9962239265441895,0.5761215090751648,"('mobilenet_v2,resnet50,yolo11m,yolo11n,yolo11s', 3.0)"
npu,combination_468,"mobilenet_v2,resnet50,yolo11m,yolo11n,yolo11s",3.0,False,False,1,0.23970358642830447,1.0,0.0,0.26593708992004395,0.9981801509857178,0.5341200232505798,"('mobilenet_v2,resnet50,yolo11m,yolo11n,yolo11s', 3.0)"
npu,combination_427,"mobilenet_v2,resnet50,yolo11m,yolo11n,yolo11s",1.0,False,False,0,0.2744257667137174,0.9886363636363636,0.0,0.253395140171051,0.8828228116035461,0.45419177412986755,"('mobilenet_v2,resnet50,yolo11m,yolo11n,yolo11s', 1.0)"
npu,combination_462,"mobilenet_v2,resnet50,yolo11m,yolo11n,yolo11s",3.0,False,False,1,0.5949820788530465,0.941819990054699,0.0,0.6309096813201904,0.9779982566833496,0.6302664279937744,"('mobilenet_v2,resnet50,yolo11m,yolo11n,yolo11s', 3.0)"
npu,combination_430,"mobilenet_v2,resnet50,yolo11m,yolo11n,yolo11s",1.0,False,False,0,0.6755806493006544,0.8135521885521885,0.0,0.6931402087211609,0.6621097326278687,0.5821292996406555,"('mobilenet_v2,resnet50,yolo11m,yolo11n,yolo11s', 1.0)"
npu,combination_454,"mobilenet_v2,resnet50,yolo11m,yolo11n,yolo11s",3.0,False,False,1,1.0,0.0,0.0,0.8663150668144226,0.19853927195072174,0.866266667842865,"('mobilenet_v2,resnet50,yolo11m,yolo11n,yolo11s', 3.0)"
npu,combination_441,"mobilenet_v2,resnet50,yolo11m,yolo11n,yolo11s",2.0,False,False,2,0.4485916126709864,0.9387675507020279,0.0,0.49115705490112305,0.9753211736679077,0.5277599096298218,"('mobilenet_v2,resnet50,yolo11m,yolo11n,yolo11s', 2.0)"
npu,combination_429,"mobilenet_v2,resnet50,yolo11m,yolo11n,yolo11s",1.0,False,False,0,0.49957654305145643,0.579685746352413,0.0,0.46029406785964966,0.7482600212097168,0.47712981700897217,"('mobilenet_v2,resnet50,yolo11m,yolo11n,yolo11s', 1.0)"
npu,combination_423,"mobilenet_v2,resnet50,yolo11m,yolo11n,yolo11s",1.0,False,False,0,0.16376235082766585,0.8149551066217733,0.0,0.15694832801818848,0.8999717831611633,0.4207068979740143,"('mobilenet_v2,resnet50,yolo11m,yolo11n,yolo11s', 1.0)"
npu,combination_450,"mobilenet_v2,resnet50,yolo11m,yolo11n,yolo11s",2.0,False,False,2,0.664461843052556,0.62597503900156,0.0,0.7179790139198303,0.7457578182220459,0.5855678915977478,"('mobilenet_v2,resnet50,yolo11m,yolo11n,yolo11s', 2.0)"
npu,combination_436,"mobilenet_v2,resnet50,yolo11m,yolo11n,yolo11s",1.0,False,False,0,0.27029385345823176,0.9988776655443322,0.0,0.24740609526634216,0.8885470032691956,0.5056320428848267,"('mobilenet_v2,resnet50,yolo11m,yolo11n,yolo11s', 1.0)"
npu,combination_442,"mobilenet_v2,resnet50,yolo11m,yolo11n,yolo11s",2.0,False,False,2,0.570441864650828,0.4434477379095161,0.0,0.6475350856781006,0.681464672088623,0.5925257802009583,"('mobilenet_v2,resnet50,yolo11m,yolo11n,yolo11s', 2.0)"
npu,combination_434,"mobilenet_v2,resnet50,yolo11m,yolo11n,yolo11s",1.0,False,False,0,0.7192865392018478,0.6053591470258137,0.0,0.7813734412193298,0.5803790092468262,0.5251710414886475,"('mobilenet_v2,resnet50,yolo11m,yolo11n,yolo11s', 1.0)"
npu,combination_432,"mobilenet_v2,resnet50,yolo11m,yolo11n,yolo11s",1.0,False,False,0,0.2714487360451687,0.9977553310886643,0.0,0.22611138224601746,0.8882647752761841,0.5200385451316833,"('mobilenet_v2,resnet50,yolo11m,yolo11n,yolo11s', 1.0)"
npu,combination_433,"mobilenet_v2,resnet50,yolo11m,yolo11n,yolo11s",1.0,False,False,0,0.48402412421403823,0.6432379349046016,0.0,0.4520966410636902,0.8063915371894836,0.4561096131801605,"('mobilenet_v2,resnet50,yolo11m,yolo11n,yolo11s', 1.0)"
npu,combination_459,"mobilenet_v2,resnet50,yolo11m,yolo11n,yolo11s",3.0,False,False,1,0.23741671614222576,0.9960218796618596,0.0,0.2510512173175812,0.9935474395751953,0.5251863598823547,"('mobilenet_v2,resnet50,yolo11m,yolo11n,yolo11s', 3.0)"
npu,combination_425,"mobilenet_v2,resnet50,yolo11m,yolo11n,yolo11s",1.0,False,False,0,0.5080970101373028,0.8757014590347924,0.0,0.4582289159297943,0.8052237033843994,0.5090267062187195,"('mobilenet_v2,resnet50,yolo11m,yolo11n,yolo11s', 1.0)"
npu,combination_435,"mobilenet_v2,resnet50,yolo11m,yolo11n,yolo11s",1.0,False,False,0,0.174797895547286,1.0,0.0,0.15202109515666962,0.9238449335098267,0.46521177887916565,"('mobilenet_v2,resnet50,yolo11m,yolo11n,yolo11s', 1.0)"
npu,combination_428,"mobilenet_v2,resnet50,yolo11m,yolo11n,yolo11s",1.0,False,False,0,0.2665212370075709,0.9949494949494949,0.0,0.2572409510612488,0.9123021364212036,0.511019766330719,"('mobilenet_v2,resnet50,yolo11m,yolo11n,yolo11s', 1.0)"
npu,combination_280,"llama1b,mobilenet_v2,qwen2_vl,resnet50,yolo11m,yolo11s",2.0,True,True,2,0.2627283687285542,0.5482071713147411,0.7846481876332623,0.2928437888622284,0.525918185710907,0.8059969544410706,"('llama1b,mobilenet_v2,qwen2_vl,resnet50,yolo11m,yolo11s', 2.0)"
npu,combination_266,"llama1b,mobilenet_v2,qwen2_vl,resnet50,yolo11m,yolo11s",1.5,True,True,0,0.7048626349512859,0.35095238095238096,0.8984175599795815,0.7085472345352173,0.30805882811546326,0.8852835893630981,"('llama1b,mobilenet_v2,qwen2_vl,resnet50,yolo11m,yolo11s', 1.5)"
npu,combination_267,"llama1b,mobilenet_v2,qwen2_vl,resnet50,yolo11m,yolo11s",1.5,True,True,0,0.2570437988238392,0.9995238095238096,0.38999489535477283,0.26281049847602844,0.9922156929969788,0.40819233655929565,"('llama1b,mobilenet_v2,qwen2_vl,resnet50,yolo11m,yolo11s', 1.5)"
npu,combination_285,"llama1b,mobilenet_v2,qwen2_vl,resnet50,yolo11m,yolo11s",2.0,True,True,2,0.38644162107020313,0.48286852589641444,0.8256929637526652,0.4128043055534363,0.5125184059143066,0.8465842604637146,"('llama1b,mobilenet_v2,qwen2_vl,resnet50,yolo11m,yolo11s', 2.0)"
npu,combination_259,"llama1b,mobilenet_v2,qwen2_vl,resnet50,yolo11m,yolo11s",1.5,True,True,0,0.2518651803739138,0.9952380952380953,0.39356814701378257,0.26460033655166626,0.9147646427154541,0.4050953984260559,"('llama1b,mobilenet_v2,qwen2_vl,resnet50,yolo11m,yolo11s', 1.5)"
npu,combination_260,"llama1b,mobilenet_v2,qwen2_vl,resnet50,yolo11m,yolo11s",1.5,True,True,0,0.39717370315105766,0.6414285714285712,0.7738642164369577,0.4146519601345062,0.6885855793952942,0.7703095078468323,"('llama1b,mobilenet_v2,qwen2_vl,resnet50,yolo11m,yolo11s', 1.5)"
npu,combination_287,"llama1b,mobilenet_v2,qwen2_vl,resnet50,yolo11m,yolo11s",2.0,True,True,2,0.24844662895298159,1.0,0.4104477611940298,0.2884148955345154,1.0,0.4119561016559601,"('llama1b,mobilenet_v2,qwen2_vl,resnet50,yolo11m,yolo11s', 2.0)"
npu,combination_271,"llama1b,mobilenet_v2,qwen2_vl,resnet50,yolo11m,yolo11s",1.5,True,True,0,0.2429123145791275,1.0,0.39663093415007655,0.26292622089385986,0.9954376220703125,0.4026744067668915,"('llama1b,mobilenet_v2,qwen2_vl,resnet50,yolo11m,yolo11s', 1.5)"
npu,combination_283,"llama1b,mobilenet_v2,qwen2_vl,resnet50,yolo11m,yolo11s",2.0,True,True,2,0.26156913660391357,1.0,0.41631130063965877,0.2888450622558594,1.0,0.4294493794441223,"('llama1b,mobilenet_v2,qwen2_vl,resnet50,yolo11m,yolo11s', 2.0)"
npu,combination_286,"llama1b,mobilenet_v2,qwen2_vl,resnet50,yolo11m,yolo11s",2.0,True,True,2,0.727348604284522,0.3936254980079683,0.894456289978678,0.6828899383544922,0.44165658950805664,0.9159313440322876,"('llama1b,mobilenet_v2,qwen2_vl,resnet50,yolo11m,yolo11s', 2.0)"
npu,combination_284,"llama1b,mobilenet_v2,qwen2_vl,resnet50,yolo11m,yolo11s",2.0,True,True,2,0.530093665955671,0.9657370517928289,0.4493603411513859,0.5327638983726501,0.9797560572624207,0.43729373812675476,"('llama1b,mobilenet_v2,qwen2_vl,resnet50,yolo11m,yolo11s', 2.0)"
npu,combination_276,"llama1b,mobilenet_v2,qwen2_vl,resnet50,yolo11m,yolo11s",2.0,True,True,2,0.4063804136140221,0.5442231075697207,0.800639658848614,0.40285593271255493,0.5466107130050659,0.7996726632118225,"('llama1b,mobilenet_v2,qwen2_vl,resnet50,yolo11m,yolo11s', 2.0)"
npu,combination_278,"llama1b,mobilenet_v2,qwen2_vl,resnet50,yolo11m,yolo11s",2.0,True,True,2,1.0,0.2462151394422306,0.5581023454157782,0.9807381629943848,0.3742816150188446,0.5369960069656372,"('llama1b,mobilenet_v2,qwen2_vl,resnet50,yolo11m,yolo11s', 2.0)"
npu,combination_257,"llama1b,mobilenet_v2,qwen2_vl,resnet50,yolo11m,yolo11s",1.5,True,True,0,0.13455630650399367,1.0,0.38386932108218474,0.14600247144699097,1.0,0.39029404520988464,"('llama1b,mobilenet_v2,qwen2_vl,resnet50,yolo11m,yolo11s', 1.5)"
npu,combination_241,"llama1b,mobilenet_v2,qwen2_vl,resnet50,yolo11m,yolo11s",1.0,True,True,2,0.14127109013025616,1.0,0.34799054373522464,0.14019958674907684,0.9903125762939453,0.360199511051178,"('llama1b,mobilenet_v2,qwen2_vl,resnet50,yolo11m,yolo11s', 1.0)"
npu,combination_244,"llama1b,mobilenet_v2,qwen2_vl,resnet50,yolo11m,yolo11s",1.0,True,True,2,0.43670775417431595,0.7215585893060297,0.732387706855792,0.3973580598831177,0.7062644362449646,0.7514985203742981,"('llama1b,mobilenet_v2,qwen2_vl,resnet50,yolo11m,yolo11s', 1.0)"
npu,combination_265,"llama1b,mobilenet_v2,qwen2_vl,resnet50,yolo11m,yolo11s",1.5,True,True,0,0.8002282103045729,0.5328571428571429,0.4563552833078101,0.7798203825950623,0.6685178279876709,0.4763256311416626,"('llama1b,mobilenet_v2,qwen2_vl,resnet50,yolo11m,yolo11s', 1.5)"
npu,combination_246,"llama1b,mobilenet_v2,qwen2_vl,resnet50,yolo11m,yolo11s",1.0,True,True,2,1.0,0.12969283276450502,0.4983451536643026,1.0,0.22145672142505646,0.5124803185462952,"('llama1b,mobilenet_v2,qwen2_vl,resnet50,yolo11m,yolo11s', 1.0)"
npu,combination_242,"llama1b,mobilenet_v2,qwen2_vl,resnet50,yolo11m,yolo11s",1.0,True,True,2,0.8768248972812308,0.0,1.0,0.9016472101211548,0.0,0.9772270917892456,"('llama1b,mobilenet_v2,qwen2_vl,resnet50,yolo11m,yolo11s', 1.0)"
npu,combination_258,"llama1b,mobilenet_v2,qwen2_vl,resnet50,yolo11m,yolo11s",1.5,True,True,0,0.8061090143070306,0.0,1.0,0.7527305483818054,0.028469553217291832,0.9819663166999817,"('llama1b,mobilenet_v2,qwen2_vl,resnet50,yolo11m,yolo11s', 1.5)"
npu,combination_272,"llama1b,mobilenet_v2,qwen2_vl,resnet50,yolo11m,yolo11s",1.5,True,True,0,0.48797507241288507,0.9647619047619049,0.41347626339969373,0.4897165894508362,0.969578206539154,0.4284467101097107,"('llama1b,mobilenet_v2,qwen2_vl,resnet50,yolo11m,yolo11s', 1.5)"
npu,combination_281,"llama1b,mobilenet_v2,qwen2_vl,resnet50,yolo11m,yolo11s",2.0,True,True,2,0.8329314661967913,0.7952191235059765,0.46268656716417905,0.7862594723701477,0.7399267554283142,0.4898041784763336,"('llama1b,mobilenet_v2,qwen2_vl,resnet50,yolo11m,yolo11s', 2.0)"
npu,combination_264,"llama1b,mobilenet_v2,qwen2_vl,resnet50,yolo11m,yolo11s",1.5,True,True,0,0.26323180900552967,0.6780952380952381,0.7641653905053599,0.25880300998687744,0.634803831577301,0.769656240940094,"('llama1b,mobilenet_v2,qwen2_vl,resnet50,yolo11m,yolo11s', 1.5)"
npu,combination_268,"llama1b,mobilenet_v2,qwen2_vl,resnet50,yolo11m,yolo11s",1.5,True,True,0,0.5231721232335644,0.9590476190476188,0.41347626339969373,0.5276164412498474,0.9554281830787659,0.41786906123161316,"('llama1b,mobilenet_v2,qwen2_vl,resnet50,yolo11m,yolo11s', 1.5)"
npu,combination_275,"llama1b,mobilenet_v2,qwen2_vl,resnet50,yolo11m,yolo11s",2.0,True,True,2,0.27037930075118244,1.0,0.4109808102345415,0.2830159664154053,0.9933507442474365,0.4162009060382843,"('llama1b,mobilenet_v2,qwen2_vl,resnet50,yolo11m,yolo11s', 2.0)"
npu,combination_269,"llama1b,mobilenet_v2,qwen2_vl,resnet50,yolo11m,yolo11s",1.5,True,True,0,0.4053804967962784,0.5376190476190477,0.8320571720265442,0.4123641550540924,0.5511221289634705,0.8319627642631531,"('llama1b,mobilenet_v2,qwen2_vl,resnet50,yolo11m,yolo11s', 1.5)"
npu,combination_251,"llama1b,mobilenet_v2,qwen2_vl,resnet50,yolo11m,yolo11s",1.0,True,True,2,0.2533001136462978,0.9869169510807735,0.37352245862884165,0.28363123536109924,0.981794536113739,0.38385602831840515,"('llama1b,mobilenet_v2,qwen2_vl,resnet50,yolo11m,yolo11s', 1.0)"
npu,combination_263,"llama1b,mobilenet_v2,qwen2_vl,resnet50,yolo11m,yolo11s",1.5,True,True,0,0.36035284824014746,0.9814285714285713,0.3879530372639101,0.3739919364452362,0.9665383696556091,0.4045877754688263,"('llama1b,mobilenet_v2,qwen2_vl,resnet50,yolo11m,yolo11s', 1.5)"
npu,combination_273,"llama1b,mobilenet_v2,qwen2_vl,resnet50,yolo11m,yolo11s",2.0,True,True,2,0.15213762403783734,1.0,0.4067164179104477,0.15095989406108856,1.0,0.40452632308006287,"('llama1b,mobilenet_v2,qwen2_vl,resnet50,yolo11m,yolo11s', 2.0)"
npu,combination_277,"llama1b,mobilenet_v2,qwen2_vl,resnet50,yolo11m,yolo11s",2.0,True,True,2,0.47653714179727347,0.47091633466135424,0.8550106609808101,0.48047715425491333,0.4689229130744934,0.8562068939208984,"('llama1b,mobilenet_v2,qwen2_vl,resnet50,yolo11m,yolo11s', 2.0)"
npu,combination_288,"llama1b,mobilenet_v2,qwen2_vl,resnet50,yolo11m,yolo11s",2.0,True,True,2,0.49207085226745806,0.9776892430278883,0.4317697228144989,0.49325355887413025,0.9683750867843628,0.43196284770965576,"('llama1b,mobilenet_v2,qwen2_vl,resnet50,yolo11m,yolo11s', 2.0)"
npu,combination_247,"llama1b,mobilenet_v2,qwen2_vl,resnet50,yolo11m,yolo11s",1.0,True,True,2,0.37232275548561944,0.9459613196814561,0.3791962174940898,0.36569249629974365,0.9450220465660095,0.36852923035621643,"('llama1b,mobilenet_v2,qwen2_vl,resnet50,yolo11m,yolo11s', 1.0)"
npu,combination_282,"llama1b,mobilenet_v2,qwen2_vl,resnet50,yolo11m,yolo11s",2.0,True,True,2,0.6697115830473894,0.3601593625498002,0.9077825159914712,0.6862137317657471,0.40355485677719116,0.9054343700408936,"('llama1b,mobilenet_v2,qwen2_vl,resnet50,yolo11m,yolo11s', 2.0)"
npu,combination_250,"llama1b,mobilenet_v2,qwen2_vl,resnet50,yolo11m,yolo11s",1.0,True,True,2,0.7437275985663082,0.31456200227531295,0.8921985815602838,0.7722259163856506,0.3715825080871582,0.8776721358299255,"('llama1b,mobilenet_v2,qwen2_vl,resnet50,yolo11m,yolo11s', 1.0)"
npu,combination_274,"llama1b,mobilenet_v2,qwen2_vl,resnet50,yolo11m,yolo11s",2.0,True,True,2,0.7492812760827227,0.0,1.0,0.7469191551208496,0.06192700192332268,0.996722400188446,"('llama1b,mobilenet_v2,qwen2_vl,resnet50,yolo11m,yolo11s', 2.0)"
npu,combination_261,"llama1b,mobilenet_v2,qwen2_vl,resnet50,yolo11m,yolo11s",1.5,True,True,0,0.4873606600544194,0.5880952380952379,0.8295048494129658,0.5049912929534912,0.6045952439308167,0.8409036993980408,"('llama1b,mobilenet_v2,qwen2_vl,resnet50,yolo11m,yolo11s', 1.5)"
npu,combination_249,"llama1b,mobilenet_v2,qwen2_vl,resnet50,yolo11m,yolo11s",1.0,True,True,2,0.7980155608007694,0.4977246871444825,0.42364066193853434,0.8332743048667908,0.462323397397995,0.44229137897491455,"('llama1b,mobilenet_v2,qwen2_vl,resnet50,yolo11m,yolo11s', 1.0)"
npu,combination_243,"llama1b,mobilenet_v2,qwen2_vl,resnet50,yolo11m,yolo11s",1.0,True,True,2,0.2455634233761693,0.7935153583617748,0.3777777777777778,0.26197299361228943,0.875541627407074,0.36955708265304565,"('llama1b,mobilenet_v2,qwen2_vl,resnet50,yolo11m,yolo11s', 1.0)"
npu,combination_270,"llama1b,mobilenet_v2,qwen2_vl,resnet50,yolo11m,yolo11s",1.5,True,True,0,0.7163609233740015,0.43904761904761885,0.9004594180704442,0.7309105396270752,0.3672707974910736,0.8891859650611877,"('llama1b,mobilenet_v2,qwen2_vl,resnet50,yolo11m,yolo11s', 1.5)"
npu,combination_256,"llama1b,mobilenet_v2,qwen2_vl,resnet50,yolo11m,yolo11s",1.0,True,True,2,0.523953142757234,0.909840728100114,0.39148936170212767,0.46010759472846985,0.8618060350418091,0.39305976033210754,"('llama1b,mobilenet_v2,qwen2_vl,resnet50,yolo11m,yolo11s', 1.0)"
npu,combination_262,"llama1b,mobilenet_v2,qwen2_vl,resnet50,yolo11m,yolo11s",1.5,True,True,0,1.0,0.3147619047619045,0.5329249617151608,0.9407172799110413,0.2565523087978363,0.5250258445739746,"('llama1b,mobilenet_v2,qwen2_vl,resnet50,yolo11m,yolo11s', 1.5)"
npu,combination_254,"llama1b,mobilenet_v2,qwen2_vl,resnet50,yolo11m,yolo11s",1.0,True,True,2,0.7626977882682054,0.42036405005688293,0.8784869976359337,0.7553899884223938,0.44730180501937866,0.8912379145622253,"('llama1b,mobilenet_v2,qwen2_vl,resnet50,yolo11m,yolo11s', 1.0)"
npu,combination_252,"llama1b,mobilenet_v2,qwen2_vl,resnet50,yolo11m,yolo11s",1.0,True,True,2,0.5371535973424251,0.9081342434584756,0.3905437352245863,0.5136553049087524,0.8183547854423523,0.4003199636936188,"('llama1b,mobilenet_v2,qwen2_vl,resnet50,yolo11m,yolo11s', 1.0)"
npu,combination_253,"llama1b,mobilenet_v2,qwen2_vl,resnet50,yolo11m,yolo11s",1.0,True,True,2,0.4144593058833814,0.5173492605233221,0.782033096926714,0.4133260250091553,0.564830482006073,0.8080747127532959,"('llama1b,mobilenet_v2,qwen2_vl,resnet50,yolo11m,yolo11s', 1.0)"
npu,combination_279,"llama1b,mobilenet_v2,qwen2_vl,resnet50,yolo11m,yolo11s",2.0,True,True,2,0.36988778633033476,0.9888446215139446,0.412046908315565,0.386344313621521,1.0,0.4185827076435089,"('llama1b,mobilenet_v2,qwen2_vl,resnet50,yolo11m,yolo11s', 2.0)"
npu,combination_245,"llama1b,mobilenet_v2,qwen2_vl,resnet50,yolo11m,yolo11s",1.0,True,True,2,0.5544190925780227,0.659556313993174,0.791016548463357,0.4768558740615845,0.5837756991386414,0.8085991144180298,"('llama1b,mobilenet_v2,qwen2_vl,resnet50,yolo11m,yolo11s', 1.0)"
npu,combination_255,"llama1b,mobilenet_v2,qwen2_vl,resnet50,yolo11m,yolo11s",1.0,True,True,2,0.24075531077891427,1.0,0.3583924349881797,0.27115336060523987,0.9497078657150269,0.37404292821884155,"('llama1b,mobilenet_v2,qwen2_vl,resnet50,yolo11m,yolo11s', 1.0)"
npu,combination_248,"llama1b,mobilenet_v2,qwen2_vl,resnet50,yolo11m,yolo11s",1.0,True,True,2,0.28223620945886885,0.7289533560864617,0.7361702127659575,0.2956499457359314,0.7124273180961609,0.7511663436889648,"('llama1b,mobilenet_v2,qwen2_vl,resnet50,yolo11m,yolo11s', 1.0)"
npu,combination_232,"llama1b,mobilenet_v2,qwen2_vl,resnet50,yolo11s",3.0,True,True,0,1.0,0.9002732240437162,0.6127292340884574,0.9020313024520874,0.6587237119674683,0.5800710320472717,"('llama1b,mobilenet_v2,qwen2_vl,resnet50,yolo11s', 3.0)"
npu,combination_218,"llama1b,mobilenet_v2,qwen2_vl,resnet50,yolo11s",2.0,True,True,2,0.5072260136491369,0.3613445378151264,0.7801980198019802,0.5128330588340759,0.5879591107368469,0.8198011517524719,"('llama1b,mobilenet_v2,qwen2_vl,resnet50,yolo11s', 2.0)"
npu,combination_219,"llama1b,mobilenet_v2,qwen2_vl,resnet50,yolo11s",2.0,True,True,2,0.5856081894821357,0.33529411764705924,0.7995049504950494,0.5946673154830933,0.5206028819084167,0.8291213512420654,"('llama1b,mobilenet_v2,qwen2_vl,resnet50,yolo11s', 2.0)"
npu,combination_237,"llama1b,mobilenet_v2,qwen2_vl,resnet50,yolo11s",3.0,True,True,0,0.3548845672694188,0.23497267759562818,0.8619201725997843,0.4041518568992615,0.35477328300476074,0.7981489896774292,"('llama1b,mobilenet_v2,qwen2_vl,resnet50,yolo11s', 3.0)"
npu,combination_211,"llama1b,mobilenet_v2,qwen2_vl,resnet50,yolo11s",2.0,True,True,2,0.5148534725010036,0.9462184873949583,0.4118811881188119,0.5073030591011047,1.0,0.4263913631439209,"('llama1b,mobilenet_v2,qwen2_vl,resnet50,yolo11s', 2.0)"
npu,combination_212,"llama1b,mobilenet_v2,qwen2_vl,resnet50,yolo11s",2.0,True,True,2,0.8133781613809714,0.896638655462185,0.44702970297029704,0.8127959370613098,0.9524597525596619,0.45975542068481445,"('llama1b,mobilenet_v2,qwen2_vl,resnet50,yolo11s', 2.0)"
npu,combination_239,"llama1b,mobilenet_v2,qwen2_vl,resnet50,yolo11s",3.0,True,True,0,0.6773001250995109,0.1407103825136623,0.9234088457389429,0.6566490530967712,0.5346079468727112,0.8849976658821106,"('llama1b,mobilenet_v2,qwen2_vl,resnet50,yolo11s', 3.0)"
npu,combination_223,"llama1b,mobilenet_v2,qwen2_vl,resnet50,yolo11s",2.0,True,True,2,0.6712665596146125,0.20756302521008357,0.9094059405940594,0.6954246759414673,0.39595770835876465,0.9080671668052673,"('llama1b,mobilenet_v2,qwen2_vl,resnet50,yolo11s', 2.0)"
npu,combination_235,"llama1b,mobilenet_v2,qwen2_vl,resnet50,yolo11s",3.0,True,True,0,0.6122483793926987,0.22814207650273277,0.8532901833872708,0.565606951713562,0.29524001479148865,0.8107112646102905,"('llama1b,mobilenet_v2,qwen2_vl,resnet50,yolo11s', 3.0)"
npu,combination_238,"llama1b,mobilenet_v2,qwen2_vl,resnet50,yolo11s",3.0,True,True,0,0.7656658705788695,0.16256830601092917,0.8959007551240561,0.680336058139801,0.46722015738487244,0.8885717988014221,"('llama1b,mobilenet_v2,qwen2_vl,resnet50,yolo11s', 3.0)"
npu,combination_236,"llama1b,mobilenet_v2,qwen2_vl,resnet50,yolo11s",3.0,True,True,0,0.9238598885477083,0.18442622950819754,0.8953613807982741,0.8280004858970642,0.25903353095054626,0.8830932378768921,"('llama1b,mobilenet_v2,qwen2_vl,resnet50,yolo11s', 3.0)"
npu,combination_228,"llama1b,mobilenet_v2,qwen2_vl,resnet50,yolo11s",3.0,True,True,0,0.8865574889116342,0.9590163934426229,0.48058252427184467,0.7668164372444153,0.9436352849006653,0.4598749876022339,"('llama1b,mobilenet_v2,qwen2_vl,resnet50,yolo11s', 3.0)"
npu,combination_230,"llama1b,mobilenet_v2,qwen2_vl,resnet50,yolo11s",3.0,True,True,0,0.5721596724667348,1.0,0.48274002157497303,0.5534599423408508,0.9100093245506287,0.4495795965194702,"('llama1b,mobilenet_v2,qwen2_vl,resnet50,yolo11s', 3.0)"
npu,combination_209,"llama1b,mobilenet_v2,qwen2_vl,resnet50,yolo11s",2.0,True,True,2,0.20764753111200315,1.0,0.3886138613861386,0.2086898535490036,1.0,0.4123843014240265,"('llama1b,mobilenet_v2,qwen2_vl,resnet50,yolo11s', 2.0)"
npu,combination_193,"llama1b,mobilenet_v2,qwen2_vl,resnet50,yolo11s",1.0,True,True,0,0.1967235873941413,1.0,0.34620626987732844,0.19585585594177246,0.9426937103271484,0.36418452858924866,"('llama1b,mobilenet_v2,qwen2_vl,resnet50,yolo11s', 1.0)"
npu,combination_196,"llama1b,mobilenet_v2,qwen2_vl,resnet50,yolo11s",1.0,True,True,0,0.7972141237447359,0.7331852791878174,0.3993639254884143,0.7765913009643555,0.7467566132545471,0.43587711453437805,"('llama1b,mobilenet_v2,qwen2_vl,resnet50,yolo11s', 1.0)"
npu,combination_217,"llama1b,mobilenet_v2,qwen2_vl,resnet50,yolo11s",2.0,True,True,2,0.2557205941389,0.3949579831932777,0.754950495049505,0.2876655161380768,0.5148463249206543,0.7604606747627258,"('llama1b,mobilenet_v2,qwen2_vl,resnet50,yolo11s', 2.0)"
npu,combination_198,"llama1b,mobilenet_v2,qwen2_vl,resnet50,yolo11s",1.0,True,True,0,0.5512055162200935,0.9295685279187818,0.4093593820990459,0.5930612683296204,0.8698209524154663,0.42950329184532166,"('llama1b,mobilenet_v2,qwen2_vl,resnet50,yolo11s', 1.0)"
npu,combination_194,"llama1b,mobilenet_v2,qwen2_vl,resnet50,yolo11s",1.0,True,True,0,0.3536489425702254,0.9673223350253808,0.376192639709223,0.3992465138435364,0.9436428546905518,0.38608160614967346,"('llama1b,mobilenet_v2,qwen2_vl,resnet50,yolo11s', 1.0)"
npu,combination_210,"llama1b,mobilenet_v2,qwen2_vl,resnet50,yolo11s",2.0,True,True,2,0.36827579285427536,1.0,0.4054455445544554,0.3893152177333832,1.0,0.42350396513938904,"('llama1b,mobilenet_v2,qwen2_vl,resnet50,yolo11s', 2.0)"
npu,combination_224,"llama1b,mobilenet_v2,qwen2_vl,resnet50,yolo11s",2.0,True,True,2,0.7279205138498595,0.0,1.0,0.6740956902503967,0.016581518575549126,0.9827784895896912,"('llama1b,mobilenet_v2,qwen2_vl,resnet50,yolo11s', 2.0)"
npu,combination_233,"llama1b,mobilenet_v2,qwen2_vl,resnet50,yolo11s",3.0,True,True,0,0.2943818946889571,0.23497267759562818,0.8311758360302051,0.25071701407432556,0.4192454218864441,0.7452285289764404,"('llama1b,mobilenet_v2,qwen2_vl,resnet50,yolo11s', 3.0)"
npu,combination_216,"llama1b,mobilenet_v2,qwen2_vl,resnet50,yolo11s",2.0,True,True,2,1.0,0.7621848739495799,0.5504950495049504,0.9845449924468994,0.6843261122703552,0.5548238754272461,"('llama1b,mobilenet_v2,qwen2_vl,resnet50,yolo11s', 2.0)"
npu,combination_220,"llama1b,mobilenet_v2,qwen2_vl,resnet50,yolo11s",2.0,True,True,2,0.878562826174227,0.248739495798319,0.8767326732673268,0.8413124084472656,0.45444566011428833,0.8915024995803833,"('llama1b,mobilenet_v2,qwen2_vl,resnet50,yolo11s', 2.0)"
npu,combination_227,"llama1b,mobilenet_v2,qwen2_vl,resnet50,yolo11s",3.0,True,True,0,0.556522233594905,0.9713114754098362,0.43959007551240564,0.4918319880962372,0.9406058192253113,0.40566909313201904,"('llama1b,mobilenet_v2,qwen2_vl,resnet50,yolo11s', 3.0)"
npu,combination_221,"llama1b,mobilenet_v2,qwen2_vl,resnet50,yolo11s",2.0,True,True,2,0.3651144118827779,0.3613445378151264,0.8074257425742574,0.3922407031059265,0.3874943256378174,0.8367573618888855,"('llama1b,mobilenet_v2,qwen2_vl,resnet50,yolo11s', 2.0)"
npu,combination_203,"llama1b,mobilenet_v2,qwen2_vl,resnet50,yolo11s",1.0,True,True,0,0.581702068582535,0.5371192893401014,0.7782825988187186,0.61436527967453,0.4826820492744446,0.7667772173881531,"('llama1b,mobilenet_v2,qwen2_vl,resnet50,yolo11s', 1.0)"
npu,combination_215,"llama1b,mobilenet_v2,qwen2_vl,resnet50,yolo11s",2.0,True,True,2,0.6689080690485748,0.8537815126050422,0.4495049504950495,0.7119255661964417,0.9956108331680298,0.4675077795982361,"('llama1b,mobilenet_v2,qwen2_vl,resnet50,yolo11s', 2.0)"
npu,combination_225,"llama1b,mobilenet_v2,qwen2_vl,resnet50,yolo11s",3.0,True,True,0,0.22301831001933353,1.0,0.41747572815533984,0.20055025815963745,0.9771772623062134,0.3806544840335846,"('llama1b,mobilenet_v2,qwen2_vl,resnet50,yolo11s', 3.0)"
npu,combination_229,"llama1b,mobilenet_v2,qwen2_vl,resnet50,yolo11s",3.0,True,True,0,0.36301603548277034,1.0,0.4466019417475728,0.33751198649406433,0.9683473706245422,0.3874158263206482,"('llama1b,mobilenet_v2,qwen2_vl,resnet50,yolo11s', 3.0)"
npu,combination_240,"llama1b,mobilenet_v2,qwen2_vl,resnet50,yolo11s",3.0,True,True,0,0.6214033890594791,0.0,1.0,0.7944158911705017,0.004306825343519449,0.977095901966095,"('llama1b,mobilenet_v2,qwen2_vl,resnet50,yolo11s', 3.0)"
npu,combination_199,"llama1b,mobilenet_v2,qwen2_vl,resnet50,yolo11s",1.0,True,True,0,0.6740247119255866,0.7693527918781726,0.42117219445706494,0.7004539370536804,0.7853695750236511,0.4208432734012604,"('llama1b,mobilenet_v2,qwen2_vl,resnet50,yolo11s', 1.0)"
npu,combination_234,"llama1b,mobilenet_v2,qwen2_vl,resnet50,yolo11s",3.0,True,True,0,0.5225747753895144,0.271857923497268,0.8387270765911543,0.5058839917182922,0.3469337821006775,0.8123515844345093,"('llama1b,mobilenet_v2,qwen2_vl,resnet50,yolo11s', 3.0)"
npu,combination_202,"llama1b,mobilenet_v2,qwen2_vl,resnet50,yolo11s",1.0,True,True,0,0.47864315794344947,0.5993020304568529,0.7719218537028623,0.5435308218002319,0.5482091903686523,0.7866599559783936,"('llama1b,mobilenet_v2,qwen2_vl,resnet50,yolo11s', 1.0)"
npu,combination_226,"llama1b,mobilenet_v2,qwen2_vl,resnet50,yolo11s",3.0,True,True,0,0.40532241555783005,1.0,0.4412081984897519,0.38410672545433044,1.0,0.39404311776161194,"('llama1b,mobilenet_v2,qwen2_vl,resnet50,yolo11s', 3.0)"
npu,combination_213,"llama1b,mobilenet_v2,qwen2_vl,resnet50,yolo11s",2.0,True,True,2,0.3436872741870734,0.9991596638655463,0.4,0.35052311420440674,1.0,0.432683527469635,"('llama1b,mobilenet_v2,qwen2_vl,resnet50,yolo11s', 2.0)"
npu,combination_201,"llama1b,mobilenet_v2,qwen2_vl,resnet50,yolo11s",1.0,True,True,0,0.2674348651025036,0.6538705583756347,0.7133121308496138,0.27514705061912537,0.5478782653808594,0.7416957020759583,"('llama1b,mobilenet_v2,qwen2_vl,resnet50,yolo11s', 1.0)"
npu,combination_195,"llama1b,mobilenet_v2,qwen2_vl,resnet50,yolo11s",1.0,True,True,0,0.500532185663381,0.8420050761421322,0.36937755565651975,0.5149999260902405,0.8667093515396118,0.3837149441242218,"('llama1b,mobilenet_v2,qwen2_vl,resnet50,yolo11s', 1.0)"
npu,combination_222,"llama1b,mobilenet_v2,qwen2_vl,resnet50,yolo11s",2.0,True,True,2,0.7335909273384181,0.32773109243697507,0.8856435643564357,0.7336224913597107,0.389461874961853,0.9014254808425903,"('llama1b,mobilenet_v2,qwen2_vl,resnet50,yolo11s', 2.0)"
npu,combination_208,"llama1b,mobilenet_v2,qwen2_vl,resnet50,yolo11s",1.0,True,True,0,0.874080244342635,0.0,1.0,0.7701543569564819,0.0,0.9873482584953308,"('llama1b,mobilenet_v2,qwen2_vl,resnet50,yolo11s', 1.0)"
npu,combination_214,"llama1b,mobilenet_v2,qwen2_vl,resnet50,yolo11s",2.0,True,True,2,0.5475210758731432,1.0,0.449009900990099,0.591524064540863,1.0,0.45879030227661133,"('llama1b,mobilenet_v2,qwen2_vl,resnet50,yolo11s', 2.0)"
npu,combination_206,"llama1b,mobilenet_v2,qwen2_vl,resnet50,yolo11s",1.0,True,True,0,0.7795825813318525,0.5352157360406093,0.8491594729668333,0.7433621883392334,0.3849406838417053,0.8772861957550049,"('llama1b,mobilenet_v2,qwen2_vl,resnet50,yolo11s', 1.0)"
npu,combination_204,"llama1b,mobilenet_v2,qwen2_vl,resnet50,yolo11s",1.0,True,True,0,0.894395853579527,0.35786802030456855,0.8491594729668333,0.8884665966033936,0.3191101849079132,0.8383112549781799,"('llama1b,mobilenet_v2,qwen2_vl,resnet50,yolo11s', 1.0)"
npu,combination_205,"llama1b,mobilenet_v2,qwen2_vl,resnet50,yolo11s",1.0,True,True,0,0.38423804896108105,0.6091370558375636,0.7810086324398001,0.4429561197757721,0.5522161722183228,0.7760252952575684,"('llama1b,mobilenet_v2,qwen2_vl,resnet50,yolo11s', 1.0)"
npu,combination_231,"llama1b,mobilenet_v2,qwen2_vl,resnet50,yolo11s",3.0,True,True,0,0.6961787785738655,0.9357923497267755,0.49298813376483286,0.6778262257575989,0.8509770631790161,0.4590747356414795,"('llama1b,mobilenet_v2,qwen2_vl,resnet50,yolo11s', 3.0)"
npu,combination_197,"llama1b,mobilenet_v2,qwen2_vl,resnet50,yolo11s",1.0,True,True,0,0.33735943356934606,0.9796954314720814,0.37573830077237613,0.351062536239624,0.9394378066062927,0.38283297419548035,"('llama1b,mobilenet_v2,qwen2_vl,resnet50,yolo11s', 1.0)"
npu,combination_207,"llama1b,mobilenet_v2,qwen2_vl,resnet50,yolo11s",1.0,True,True,0,0.7351566476930907,0.44574873096446715,0.8782371649250339,0.7473936080932617,0.30824145674705505,0.8484883904457092,"('llama1b,mobilenet_v2,qwen2_vl,resnet50,yolo11s', 1.0)"
npu,combination_200,"llama1b,mobilenet_v2,qwen2_vl,resnet50,yolo11s",1.0,True,True,0,1.0,0.2490482233502538,0.506133575647433,1.0,0.5759245157241821,0.5476115942001343,"('llama1b,mobilenet_v2,qwen2_vl,resnet50,yolo11s', 1.0)"
npu,combination_173,"llama1b,resnet50,yolo11s",3.0,False,True,2,0.05576469407217788,1.0,0.0,0.04991130903363228,1.0,0.47804370522499084,"('llama1b,resnet50,yolo11s', 3.0)"
npu,combination_188,"qwen2_vl,resnet50,yolo11s",2.0,True,True,2,1.0,0.0,1.0,1.0,0.057946573942899704,1.0,"('qwen2_vl,resnet50,yolo11s', 2.0)"
npu,combination_163,"llama1b,resnet50,yolo11s",1.0,True,True,1,0.8195716499929547,0.4196091875214261,0.783816425120773,0.8808274269104004,0.4759142994880676,0.7145522832870483,"('llama1b,resnet50,yolo11s', 1.0)"
npu,combination_133,"mobilenet_v2,resnet50,yolo11s",1.0,False,False,1,0.20316353711072377,1.0,0.0,0.20290504395961761,0.9974729418754578,0.4156908094882965,"('mobilenet_v2,resnet50,yolo11s', 1.0)"
npu,combination_140,"mobilenet_v2,resnet50,yolo11s",1.0,False,False,1,1.0,0.0,0.0,1.0,0.0,0.9298784136772156,"('mobilenet_v2,resnet50,yolo11s', 1.0)"
npu,combination_166,"llama1b,resnet50,yolo11s",2.0,False,True,2,0.27209233207846245,1.0,0.0,0.28664329648017883,1.0,0.5067248940467834,"('llama1b,resnet50,yolo11s', 2.0)"
npu,combination_156,"mobilenet_v2,resnet50,yolo11s",3.0,False,False,1,1.0,0.0,0.0,0.8333821296691895,0.16503220796585083,0.8842641711235046,"('mobilenet_v2,resnet50,yolo11s', 3.0)"
npu,combination_180,"llama1b,resnet50,yolo11s",3.0,True,True,2,0.694825076544697,0.0,1.0,0.8741798996925354,0.01366328727453947,1.0,"('llama1b,resnet50,yolo11s', 3.0)"
npu,combination_191,"qwen2_vl,resnet50,yolo11s",3.0,True,True,1,0.7447248655357881,0.7388663967611332,0.9648033126293996,0.696254551410675,0.7102200388908386,0.9578578472137451,"('qwen2_vl,resnet50,yolo11s', 3.0)"
npu,combination_121,"resnet50,yolo11s",2.0,False,False,0,0.08800875457721284,1.0,0.0,0.08555548638105392,0.9489802718162537,0.4908137917518616,"('resnet50,yolo11s', 2.0)"
npu,combination_181,"qwen2_vl,resnet50,yolo11s",1.0,True,True,0,0.1867376739391857,1.0,0.9108808290155439,0.1538248211145401,0.9841921329498291,0.8002508878707886,"('qwen2_vl,resnet50,yolo11s', 1.0)"
npu,combination_137,"mobilenet_v2,resnet50,yolo11s",1.0,False,False,1,0.3511460422901114,0.9973023098971505,0.0,0.3552195429801941,1.0,0.4828256070613861,"('mobilenet_v2,resnet50,yolo11s', 1.0)"
npu,combination_189,"qwen2_vl,resnet50,yolo11s",3.0,True,True,1,0.14122190042752722,1.0,0.9006211180124223,0.1285272240638733,0.9672393202781677,0.8757879734039307,"('qwen2_vl,resnet50,yolo11s', 3.0)"
npu,combination_185,"qwen2_vl,resnet50,yolo11s",2.0,True,True,2,0.12767527675276752,1.0,0.8795546558704452,0.1560983657836914,0.9984230995178223,0.9165113568305969,"('qwen2_vl,resnet50,yolo11s', 2.0)"
npu,combination_126,"resnet50,yolo11s",3.0,False,False,2,0.48149196973987624,1.0,0.0,0.5105698704719543,0.9893814325332642,0.5702199339866638,"('resnet50,yolo11s', 3.0)"
npu,combination_152,"mobilenet_v2,resnet50,yolo11s",3.0,False,False,1,0.6691424901572055,0.7185697808535182,0.0,0.6443802118301392,0.9278817176818848,0.6132021546363831,"('mobilenet_v2,resnet50,yolo11s', 3.0)"
npu,combination_125,"resnet50,yolo11s",3.0,False,False,2,0.08835308871718112,1.0,0.0,0.07764963805675507,0.9935433268547058,0.5589249730110168,"('resnet50,yolo11s', 3.0)"
npu,combination_135,"mobilenet_v2,resnet50,yolo11s",1.0,False,False,1,0.5100134828504719,0.7629404822121061,0.0,0.49213412404060364,0.7745110392570496,0.48249372839927673,"('mobilenet_v2,resnet50,yolo11s', 1.0)"
npu,combination_143,"mobilenet_v2,resnet50,yolo11s",2.0,False,False,0,0.4593610656431676,0.9350893697083726,0.0,0.45085251331329346,0.8501171469688416,0.4987633228302002,"('mobilenet_v2,resnet50,yolo11s', 2.0)"
npu,combination_149,"mobilenet_v2,resnet50,yolo11s",3.0,False,False,1,0.18077234523776284,1.0,0.0,0.1784774363040924,1.0,0.5142446160316467,"('mobilenet_v2,resnet50,yolo11s', 3.0)"
npu,combination_132,"resnet50,yolo11s",4.0,False,False,2,1.0,0.0,0.0,0.9904397130012512,0.0,0.7850962281227112,"('resnet50,yolo11s', 4.0)"
npu,combination_157,"llama1b,resnet50,yolo11s",1.0,False,True,1,0.08010426940960969,1.0,0.0,0.11181891709566116,0.9937102198600769,0.3534190058708191,"('llama1b,resnet50,yolo11s', 1.0)"
npu,combination_183,"qwen2_vl,resnet50,yolo11s",1.0,True,True,0,0.9495791101185362,0.6104850563449289,1.0,0.8764253854751587,0.6659148931503296,0.9045667052268982,"('qwen2_vl,resnet50,yolo11s', 1.0)"
npu,combination_170,"llama1b,resnet50,yolo11s",2.0,True,True,2,0.49673073112740246,0.5695453322571966,0.7802064359441409,0.5687606334686279,0.7588950991630554,0.8162288069725037,"('llama1b,resnet50,yolo11s', 2.0)"
npu,combination_145,"mobilenet_v2,resnet50,yolo11s",2.0,False,False,0,0.2927978777445391,0.9995296331138288,0.0,0.3122645914554596,0.984002411365509,0.48166412115097046,"('mobilenet_v2,resnet50,yolo11s', 2.0)"
npu,combination_186,"qwen2_vl,resnet50,yolo11s",2.0,True,True,2,0.7191266912669128,1.0,0.9524291497975708,0.76751708984375,0.9793821573257446,0.9790639281272888,"('qwen2_vl,resnet50,yolo11s', 2.0)"
npu,combination_171,"llama1b,resnet50,yolo11s",2.0,True,True,2,0.6022389538339608,0.46354587032553135,0.7887067395264117,0.6017650961875916,0.7196518778800964,0.8115406632423401,"('llama1b,resnet50,yolo11s', 2.0)"
npu,combination_167,"llama1b,resnet50,yolo11s",2.0,False,True,2,0.5958490192193382,0.798224374495561,0.0,0.47383037209510803,0.9359724521636963,0.5061441659927368,"('llama1b,resnet50,yolo11s', 2.0)"
npu,combination_184,"qwen2_vl,resnet50,yolo11s",1.0,True,True,0,0.9938154956193093,0.0,0.9927461139896373,1.0,0.0,0.9923040270805359,"('qwen2_vl,resnet50,yolo11s', 1.0)"
npu,combination_153,"mobilenet_v2,resnet50,yolo11s",3.0,False,False,1,0.2968754362940832,1.0,0.0,0.3035983741283417,0.9761437177658081,0.5366311073303223,"('mobilenet_v2,resnet50,yolo11s', 3.0)"
npu,combination_178,"llama1b,resnet50,yolo11s",3.0,True,True,2,0.4823068814937509,0.3264753654574988,0.7767470624613482,0.5813063383102417,0.6825663447380066,0.8202887773513794,"('llama1b,resnet50,yolo11s', 3.0)"
npu,combination_158,"llama1b,resnet50,yolo11s",1.0,False,True,1,0.4017894885162745,0.9273225917038053,0.0,0.33259347081184387,0.832511842250824,0.4440743923187256,"('llama1b,resnet50,yolo11s', 1.0)"
npu,combination_187,"qwen2_vl,resnet50,yolo11s",2.0,True,True,2,0.718019680196802,0.7633333333333334,0.9483805668016193,0.7481891512870789,0.8360604047775269,0.9961340427398682,"('qwen2_vl,resnet50,yolo11s', 2.0)"
npu,combination_176,"llama1b,resnet50,yolo11s",3.0,False,True,2,1.0,0.7623172712506765,0.0,0.9763720035552979,0.6966837644577026,0.564878523349762,"('llama1b,resnet50,yolo11s', 3.0)"
npu,combination_122,"resnet50,yolo11s",2.0,False,False,0,0.5153836440927648,1.0,0.0,0.4922703504562378,0.8278604745864868,0.519789457321167,"('resnet50,yolo11s', 2.0)"
npu,combination_128,"resnet50,yolo11s",3.0,False,False,2,1.0,0.0,0.0,0.992630660533905,0.005153338890522718,0.8228839039802551,"('resnet50,yolo11s', 3.0)"
npu,combination_172,"llama1b,resnet50,yolo11s",2.0,True,True,2,0.7824450168416882,0.0,1.0,0.882340669631958,0.01680808886885643,1.0,"('llama1b,resnet50,yolo11s', 2.0)"
npu,combination_131,"resnet50,yolo11s",4.0,False,False,2,0.6313744734797366,0.8554347826086959,0.0,0.5967050194740295,0.8871970176696777,0.5712252259254456,"('resnet50,yolo11s', 4.0)"
npu,combination_124,"resnet50,yolo11s",2.0,False,False,0,1.0,0.0,0.0,1.0,0.0,0.7097275257110596,"('resnet50,yolo11s', 2.0)"
npu,combination_155,"mobilenet_v2,resnet50,yolo11s",3.0,False,False,1,0.6066232932175467,0.7047289504036914,0.0,0.5905077457427979,0.7456435561180115,0.6225357055664062,"('mobilenet_v2,resnet50,yolo11s', 3.0)"
npu,combination_174,"llama1b,resnet50,yolo11s",3.0,False,True,2,0.2782713446770064,1.0,0.0,0.2761407196521759,1.0,0.5079748034477234,"('llama1b,resnet50,yolo11s', 3.0)"
npu,combination_139,"mobilenet_v2,resnet50,yolo11s",1.0,False,False,1,0.7039692196389226,0.6887540043837466,0.0,0.6869797110557556,0.633088231086731,0.5524123311042786,"('mobilenet_v2,resnet50,yolo11s', 1.0)"
npu,combination_169,"llama1b,resnet50,yolo11s",2.0,True,True,2,0.08822072518327718,0.623352165725047,0.6375227686703097,0.09844330698251724,0.8225654363632202,0.7020271420478821,"('llama1b,resnet50,yolo11s', 2.0)"
npu,combination_142,"mobilenet_v2,resnet50,yolo11s",2.0,False,False,0,0.3376982559124005,1.0,0.0,0.3450477123260498,0.9868443012237549,0.4889146089553833,"('mobilenet_v2,resnet50,yolo11s', 2.0)"
npu,combination_147,"mobilenet_v2,resnet50,yolo11s",2.0,False,False,0,0.6133656939662471,0.8506585136406397,0.0,0.6176713109016418,0.7401018142700195,0.6092314124107361,"('mobilenet_v2,resnet50,yolo11s', 2.0)"
npu,combination_138,"mobilenet_v2,resnet50,yolo11s",1.0,False,False,1,0.6634548982209214,0.8487607486090037,0.0,0.6650921106338501,0.5966896414756775,0.5681021809577942,"('mobilenet_v2,resnet50,yolo11s', 1.0)"
npu,combination_192,"qwen2_vl,resnet50,yolo11s",3.0,True,True,1,1.0,0.0,0.9855072463768115,0.9706024527549744,0.13973169028759003,1.0,"('qwen2_vl,resnet50,yolo11s', 3.0)"
npu,combination_127,"resnet50,yolo11s",3.0,False,False,2,0.6144666046361098,0.7245901639344259,0.0,0.6100743412971497,0.8764581680297852,0.595435380935669,"('resnet50,yolo11s', 3.0)"
npu,combination_165,"llama1b,resnet50,yolo11s",2.0,False,True,2,0.055478502080443824,1.0,0.0,0.06535971164703369,1.0,0.48311614990234375,"('llama1b,resnet50,yolo11s', 2.0)"
npu,combination_168,"llama1b,resnet50,yolo11s",2.0,False,True,2,1.0,0.6663976324993275,0.0,0.982397198677063,0.392539918422699,0.597460925579071,"('llama1b,resnet50,yolo11s', 2.0)"
npu,combination_160,"llama1b,resnet50,yolo11s",1.0,False,True,1,1.0,0.12084333219060672,0.0,0.9934297800064087,0.5238797068595886,0.4942057430744171,"('llama1b,resnet50,yolo11s', 1.0)"
npu,combination_182,"qwen2_vl,resnet50,yolo11s",1.0,True,True,0,1.0,0.9213620774130328,0.9678756476683937,0.8648436069488525,0.8732168674468994,0.9176062941551208,"('qwen2_vl,resnet50,yolo11s', 1.0)"
npu,combination_159,"llama1b,resnet50,yolo11s",1.0,False,True,1,0.7045230379033395,0.6940349674322935,0.0,0.5818334817886353,0.7808461785316467,0.42599549889564514,"('llama1b,resnet50,yolo11s', 1.0)"
npu,combination_134,"mobilenet_v2,resnet50,yolo11s",1.0,False,False,1,0.3923180637311322,0.937784522003035,0.0,0.4034503698348999,0.7167088389396667,0.4967205822467804,"('mobilenet_v2,resnet50,yolo11s', 1.0)"
npu,combination_177,"llama1b,resnet50,yolo11s",3.0,True,True,2,0.08889223510515484,0.42230644288034636,0.6419294990723562,0.07829903811216354,0.7924410104751587,0.701903760433197,"('llama1b,resnet50,yolo11s', 3.0)"
npu,combination_190,"qwen2_vl,resnet50,yolo11s",3.0,True,True,1,0.8020273065784029,1.0,1.0,0.6923049688339233,0.9216181039810181,0.9378523826599121,"('qwen2_vl,resnet50,yolo11s', 3.0)"
npu,combination_175,"llama1b,resnet50,yolo11s",3.0,False,True,2,0.5990563670129999,0.8310774228478613,0.0,0.44172704219818115,0.965480387210846,0.4975431263446808,"('llama1b,resnet50,yolo11s', 3.0)"
npu,combination_154,"mobilenet_v2,resnet50,yolo11s",3.0,False,False,1,0.5811297573506827,1.0,0.0,0.5507883429527283,0.7967053055763245,0.609443724155426,"('mobilenet_v2,resnet50,yolo11s', 3.0)"
npu,combination_161,"llama1b,resnet50,yolo11s",1.0,True,True,1,0.13336621107510216,0.6571820363387043,0.6286231884057971,0.1518477350473404,0.653684675693512,0.5693479776382446,"('llama1b,resnet50,yolo11s', 1.0)"
npu,combination_141,"mobilenet_v2,resnet50,yolo11s",2.0,False,False,0,0.17263080656996105,1.0,0.0,0.17705249786376953,0.9999358654022217,0.44114893674850464,"('mobilenet_v2,resnet50,yolo11s', 2.0)"
npu,combination_129,"resnet50,yolo11s",4.0,False,False,2,0.09266756635177686,1.0,0.0,0.08405069261789322,0.9922706484794617,0.5335037112236023,"('resnet50,yolo11s', 4.0)"
npu,combination_162,"llama1b,resnet50,yolo11s",1.0,True,True,1,0.7595462871635903,0.5764484058964691,0.7693236714975846,0.8613550662994385,0.5121805667877197,0.7307900786399841,"('llama1b,resnet50,yolo11s', 1.0)"
npu,combination_123,"resnet50,yolo11s",2.0,False,False,0,0.6472494633612526,0.7959153249850924,0.0,0.6284343600273132,0.6988428831100464,0.5011247992515564,"('resnet50,yolo11s', 2.0)"
npu,combination_179,"llama1b,resnet50,yolo11s",3.0,True,True,2,0.589419264167043,0.25067677314564163,0.8021026592455164,0.5888821482658386,0.6497073173522949,0.803939938545227,"('llama1b,resnet50,yolo11s', 3.0)"
npu,combination_151,"mobilenet_v2,resnet50,yolo11s",3.0,False,False,1,0.45586798090079017,0.8765859284890422,0.0,0.4293268620967865,0.9139136672019958,0.5475454330444336,"('mobilenet_v2,resnet50,yolo11s', 3.0)"
npu,combination_164,"llama1b,resnet50,yolo11s",1.0,True,True,1,0.8134422995631958,0.0,1.0,0.7953028678894043,0.0,0.9946449398994446,"('llama1b,resnet50,yolo11s', 1.0)"
npu,combination_148,"mobilenet_v2,resnet50,yolo11s",2.0,False,False,0,1.0,0.0,0.0,0.9548874497413635,0.0,0.7217288613319397,"('mobilenet_v2,resnet50,yolo11s', 2.0)"
npu,combination_144,"mobilenet_v2,resnet50,yolo11s",2.0,False,False,0,0.6843427216797426,0.8840545625587959,0.0,0.6551917195320129,0.4851250946521759,0.5995867252349854,"('mobilenet_v2,resnet50,yolo11s', 2.0)"
npu,combination_146,"mobilenet_v2,resnet50,yolo11s",2.0,False,False,0,0.5732911892532595,0.9992944496707432,0.0,0.5885855555534363,0.9400885701179504,0.6035479307174683,"('mobilenet_v2,resnet50,yolo11s', 2.0)"
npu,combination_130,"resnet50,yolo11s",4.0,False,False,2,0.5010428168322905,1.0,0.0,0.49689874053001404,1.0,0.5554315447807312,"('resnet50,yolo11s', 4.0)"
npu,combination_150,"mobilenet_v2,resnet50,yolo11s",3.0,False,False,1,0.32873537542233267,1.0,0.0,0.355821818113327,0.9334976077079773,0.5414248108863831,"('mobilenet_v2,resnet50,yolo11s', 3.0)"
npu,combination_136,"mobilenet_v2,resnet50,yolo11s",1.0,False,False,1,0.7623729816830542,0.3004552352048558,0.0,0.7871947884559631,0.34335750341415405,0.5525630712509155,"('mobilenet_v2,resnet50,yolo11s', 1.0)"
