"{""timestamp"": ""2026-01-05 10:05:44"", ""window_sec"": 30.0, ""combination"": ""combination_1"", ""models"": {""view1"": {""model"": ""resnet50_big"", ""execution"": ""CPU"", ""throughput_fps"": 50.7, ""avg_inference_time_ms"": 19.73, ""inference_count"": 1323, ""avg_wait_to_preprocess_ms"": 0.0, ""dropped_frames_due_to_full_queue"": 0}}, ""total"": {""total_throughput_fps"": 50.7, ""avg_throughput_fps"": 50.7}, ""devices"": {""cpu"": {""queue_wait_ms_p95"": 0.0}}, ""derived"": {""drop_rate_fps"": 0.0, ""drop_count"": 0, ""window_sec"": 30.0, ""throughput_norm"": 1.0, ""drop_rate_norm"": 0.0}, ""score"": 1.0, ""schedule_file"": ""model_schedules_rb.yaml""}"
"{""timestamp"": ""2026-01-05 10:06:15"", ""window_sec"": 30.0, ""combination"": ""combination_2"", ""models"": {""view1"": {""model"": ""resnet50_big"", ""execution"": ""NPU0"", ""throughput_fps"": 24.44, ""avg_inference_time_ms"": 40.91, ""inference_count"": 634, ""avg_wait_to_preprocess_ms"": 0.0, ""dropped_frames_due_to_full_queue"": 0}}, ""total"": {""total_throughput_fps"": 24.44, ""avg_throughput_fps"": 24.44}, ""devices"": {""npu0"": {""queue_wait_ms_p95"": 0.0, ""t_preload_ms"": 33.52}}, ""derived"": {""drop_rate_fps"": 0.0, ""drop_count"": 0, ""window_sec"": 30.0, ""throughput_norm"": 0.48, ""drop_rate_norm"": 0.0}, ""score"": 0.48, ""schedule_file"": ""model_schedules_rb.yaml""}"
"{""timestamp"": ""2026-01-05 10:06:46"", ""window_sec"": 30.0, ""combination"": ""combination_3"", ""models"": {""view1"": {""model"": ""resnet50_big"", ""execution"": ""NPU1"", ""throughput_fps"": 24.12, ""avg_inference_time_ms"": 41.46, ""inference_count"": 632, ""avg_wait_to_preprocess_ms"": 0.0, ""dropped_frames_due_to_full_queue"": 0}}, ""total"": {""total_throughput_fps"": 24.12, ""avg_throughput_fps"": 24.12}, ""devices"": {""npu1"": {""queue_wait_ms_p95"": 0.0, ""t_preload_ms"": 464.87}}, ""derived"": {""drop_rate_fps"": 0.0, ""drop_count"": 0, ""window_sec"": 30.0, ""throughput_norm"": 0.48, ""drop_rate_norm"": 0.0}, ""score"": 0.48, ""schedule_file"": ""model_schedules_rb.yaml""}"
"{""timestamp"": ""2026-01-05 10:07:21"", ""window_sec"": 30.0, ""combination"": ""combination_1"", ""models"": {""view1"": {""model"": ""resnet50_big"", ""execution"": ""CPU"", ""throughput_fps"": 49.47, ""avg_inference_time_ms"": 20.21, ""inference_count"": 1294, ""avg_wait_to_preprocess_ms"": 0.0, ""dropped_frames_due_to_full_queue"": 0}}, ""total"": {""total_throughput_fps"": 49.47, ""avg_throughput_fps"": 49.47}, ""devices"": {""cpu"": {""queue_wait_ms_p95"": 0.0}}, ""derived"": {""drop_rate_fps"": 0.0, ""drop_count"": 0, ""window_sec"": 30.0, ""throughput_norm"": 1.0, ""drop_rate_norm"": 0.0}, ""score"": 1.0, ""schedule_file"": ""model_schedules_rb_2x.yaml""}"
"{""timestamp"": ""2026-01-05 10:07:52"", ""window_sec"": 30.0, ""combination"": ""combination_2"", ""models"": {""view1"": {""model"": ""resnet50_big"", ""execution"": ""NPU0"", ""throughput_fps"": 24.37, ""avg_inference_time_ms"": 41.03, ""inference_count"": 673, ""avg_wait_to_preprocess_ms"": 0.0, ""dropped_frames_due_to_full_queue"": 0}}, ""total"": {""total_throughput_fps"": 24.37, ""avg_throughput_fps"": 24.37}, ""devices"": {""npu0"": {""queue_wait_ms_p95"": 0.0, ""t_preload_ms"": 33.52}}, ""derived"": {""drop_rate_fps"": 0.0, ""drop_count"": 0, ""window_sec"": 30.0, ""throughput_norm"": 0.49, ""drop_rate_norm"": 0.0}, ""score"": 0.49, ""schedule_file"": ""model_schedules_rb_2x.yaml""}"
"{""timestamp"": ""2026-01-05 10:08:23"", ""window_sec"": 30.0, ""combination"": ""combination_3"", ""models"": {""view1"": {""model"": ""resnet50_big"", ""execution"": ""NPU1"", ""throughput_fps"": 24.09, ""avg_inference_time_ms"": 41.51, ""inference_count"": 664, ""avg_wait_to_preprocess_ms"": 0.0, ""dropped_frames_due_to_full_queue"": 0}}, ""total"": {""total_throughput_fps"": 24.09, ""avg_throughput_fps"": 24.09}, ""devices"": {""npu1"": {""queue_wait_ms_p95"": 0.0, ""t_preload_ms"": 464.87}}, ""derived"": {""drop_rate_fps"": 0.0, ""drop_count"": 0, ""window_sec"": 30.0, ""throughput_norm"": 0.49, ""drop_rate_norm"": 0.0}, ""score"": 0.49, ""schedule_file"": ""model_schedules_rb_2x.yaml""}"
"{""timestamp"": ""2026-01-05 10:10:35"", ""window_sec"": 30.0, ""combination"": ""combination_1"", ""models"": {""view1"": {""model"": ""resnet50_big"", ""execution"": ""CPU"", ""throughput_fps"": 42.55, ""avg_inference_time_ms"": 23.5, ""inference_count"": 1112, ""avg_wait_to_preprocess_ms"": 0.0, ""dropped_frames_due_to_full_queue"": 0}}, ""total"": {""total_throughput_fps"": 42.55, ""avg_throughput_fps"": 42.55}, ""devices"": {""cpu"": {""queue_wait_ms_p95"": 0.0}}, ""derived"": {""drop_rate_fps"": 0.0, ""drop_count"": 0, ""window_sec"": 30.0, ""throughput_norm"": 1.0, ""drop_rate_norm"": 0.0}, ""score"": 1.0, ""schedule_file"": ""model_schedules_rb_4x.yaml""}"
"{""timestamp"": ""2026-01-05 10:11:06"", ""window_sec"": 30.0, ""combination"": ""combination_2"", ""models"": {""view1"": {""model"": ""resnet50_big"", ""execution"": ""NPU0"", ""throughput_fps"": 24.39, ""avg_inference_time_ms"": 41.0, ""inference_count"": 674, ""avg_wait_to_preprocess_ms"": 0.0, ""dropped_frames_due_to_full_queue"": 0}}, ""total"": {""total_throughput_fps"": 24.39, ""avg_throughput_fps"": 24.39}, ""devices"": {""npu0"": {""queue_wait_ms_p95"": 0.0, ""t_preload_ms"": 33.52}}, ""derived"": {""drop_rate_fps"": 0.0, ""drop_count"": 0, ""window_sec"": 30.0, ""throughput_norm"": 0.57, ""drop_rate_norm"": 0.0}, ""score"": 0.57, ""schedule_file"": ""model_schedules_rb_4x.yaml""}"
"{""timestamp"": ""2026-01-05 10:11:37"", ""window_sec"": 30.0, ""combination"": ""combination_3"", ""models"": {""view1"": {""model"": ""resnet50_big"", ""execution"": ""NPU1"", ""throughput_fps"": 24.09, ""avg_inference_time_ms"": 41.52, ""inference_count"": 664, ""avg_wait_to_preprocess_ms"": 0.0, ""dropped_frames_due_to_full_queue"": 0}}, ""total"": {""total_throughput_fps"": 24.09, ""avg_throughput_fps"": 24.09}, ""devices"": {""npu1"": {""queue_wait_ms_p95"": 0.0, ""t_preload_ms"": 464.87}}, ""derived"": {""drop_rate_fps"": 0.0, ""drop_count"": 0, ""window_sec"": 30.0, ""throughput_norm"": 0.57, ""drop_rate_norm"": 0.0}, ""score"": 0.57, ""schedule_file"": ""model_schedules_rb_4x.yaml""}"
"{""timestamp"": ""2026-01-05 10:12:12"", ""window_sec"": 30.0, ""combination"": ""combination_1"", ""models"": {""view1"": {""model"": ""resnet50_big"", ""execution"": ""CPU"", ""throughput_fps"": 8.97, ""avg_inference_time_ms"": 111.43, ""inference_count"": 60, ""avg_wait_to_preprocess_ms"": 0.0, ""dropped_frames_due_to_full_queue"": 0}, ""view2"": {""model"": ""resnet50_small"", ""execution"": ""CPU"", ""throughput_fps"": 13.03, ""avg_inference_time_ms"": 76.77, ""inference_count"": 60, ""avg_wait_to_preprocess_ms"": 0.0, ""dropped_frames_due_to_full_queue"": 0}}, ""total"": {""total_throughput_fps"": 22.0, ""avg_throughput_fps"": 11.0}, ""devices"": {""cpu"": {""queue_wait_ms_p95"": 0.0}}, ""derived"": {""drop_rate_fps"": 0.0, ""drop_count"": 0, ""window_sec"": 30.0, ""throughput_norm"": 0.45, ""drop_rate_norm"": 0.0}, ""score"": 0.45, ""schedule_file"": ""model_schedules_rbrs.yaml""}"
"{""timestamp"": ""2026-01-05 10:12:43"", ""window_sec"": 30.0, ""combination"": ""combination_2"", ""models"": {""view1"": {""model"": ""resnet50_big"", ""execution"": ""CPU"", ""throughput_fps"": 25.58, ""avg_inference_time_ms"": 39.1, ""inference_count"": 60, ""avg_wait_to_preprocess_ms"": 0.0, ""dropped_frames_due_to_full_queue"": 0}, ""view2"": {""model"": ""resnet50_small"", ""execution"": ""NPU0"", ""throughput_fps"": 21.6, ""avg_inference_time_ms"": 46.3, ""inference_count"": 60, ""avg_wait_to_preprocess_ms"": 0.0, ""dropped_frames_due_to_full_queue"": 0}}, ""total"": {""total_throughput_fps"": 47.18, ""avg_throughput_fps"": 23.59}, ""devices"": {""cpu"": {""queue_wait_ms_p95"": 0.0}, ""npu0"": {""queue_wait_ms_p95"": 0.0, ""t_preload_ms"": 33.52}}, ""derived"": {""drop_rate_fps"": 0.0, ""drop_count"": 0, ""window_sec"": 30.0, ""throughput_norm"": 0.97, ""drop_rate_norm"": 0.0}, ""score"": 0.97, ""schedule_file"": ""model_schedules_rbrs.yaml""}"
"{""timestamp"": ""2026-01-05 10:13:14"", ""window_sec"": 30.0, ""combination"": ""combination_3"", ""models"": {""view1"": {""model"": ""resnet50_big"", ""execution"": ""CPU"", ""throughput_fps"": 20.45, ""avg_inference_time_ms"": 48.9, ""inference_count"": 60, ""avg_wait_to_preprocess_ms"": 0.0, ""dropped_frames_due_to_full_queue"": 0}, ""view2"": {""model"": ""resnet50_small"", ""execution"": ""NPU1"", ""throughput_fps"": 21.01, ""avg_inference_time_ms"": 47.6, ""inference_count"": 60, ""avg_wait_to_preprocess_ms"": 0.0, ""dropped_frames_due_to_full_queue"": 0}}, ""total"": {""total_throughput_fps"": 41.46, ""avg_throughput_fps"": 20.73}, ""devices"": {""npu1"": {""queue_wait_ms_p95"": 0.0, ""t_preload_ms"": 464.87}, ""cpu"": {""queue_wait_ms_p95"": 0.0}}, ""derived"": {""drop_rate_fps"": 0.0, ""drop_count"": 0, ""window_sec"": 30.0, ""throughput_norm"": 0.85, ""drop_rate_norm"": 0.0}, ""score"": 0.85, ""schedule_file"": ""model_schedules_rbrs.yaml""}"
"{""timestamp"": ""2026-01-05 10:13:45"", ""window_sec"": 30.0, ""combination"": ""combination_4"", ""models"": {""view1"": {""model"": ""resnet50_big"", ""execution"": ""NPU0"", ""throughput_fps"": 22.15, ""avg_inference_time_ms"": 45.16, ""inference_count"": 60, ""avg_wait_to_preprocess_ms"": 0.0, ""dropped_frames_due_to_full_queue"": 0}, ""view2"": {""model"": ""resnet50_small"", ""execution"": ""CPU"", ""throughput_fps"": 26.37, ""avg_inference_time_ms"": 37.92, ""inference_count"": 60, ""avg_wait_to_preprocess_ms"": 0.0, ""dropped_frames_due_to_full_queue"": 0}}, ""total"": {""total_throughput_fps"": 48.52, ""avg_throughput_fps"": 24.26}, ""devices"": {""npu0"": {""queue_wait_ms_p95"": 0.0, ""t_preload_ms"": 33.52}, ""cpu"": {""queue_wait_ms_p95"": 0.0}}, ""derived"": {""drop_rate_fps"": 0.0, ""drop_count"": 0, ""window_sec"": 30.0, ""throughput_norm"": 1.0, ""drop_rate_norm"": 0.0}, ""score"": 1.0, ""schedule_file"": ""model_schedules_rbrs.yaml""}"
"{""timestamp"": ""2026-01-05 10:14:16"", ""window_sec"": 30.0, ""combination"": ""combination_5"", ""models"": {""view1"": {""model"": ""resnet50_big"", ""execution"": ""NPU0"", ""throughput_fps"": 23.87, ""avg_inference_time_ms"": 41.89, ""inference_count"": 60, ""avg_wait_to_preprocess_ms"": 0.0, ""dropped_frames_due_to_full_queue"": 0}, ""view2"": {""model"": ""resnet50_small"", ""execution"": ""NPU1"", ""throughput_fps"": 23.71, ""avg_inference_time_ms"": 42.17, ""inference_count"": 60, ""avg_wait_to_preprocess_ms"": 0.0, ""dropped_frames_due_to_full_queue"": 0}}, ""total"": {""total_throughput_fps"": 47.59, ""avg_throughput_fps"": 23.79}, ""devices"": {""npu1"": {""queue_wait_ms_p95"": 0.0, ""t_preload_ms"": 464.87}, ""npu0"": {""queue_wait_ms_p95"": 0.0, ""t_preload_ms"": 33.52}}, ""derived"": {""drop_rate_fps"": 0.0, ""drop_count"": 0, ""window_sec"": 30.0, ""throughput_norm"": 0.98, ""drop_rate_norm"": 0.0}, ""score"": 0.98, ""schedule_file"": ""model_schedules_rbrs.yaml""}"
"{""timestamp"": ""2026-01-05 10:14:47"", ""window_sec"": 30.0, ""combination"": ""combination_6"", ""models"": {""view1"": {""model"": ""resnet50_big"", ""execution"": ""NPU1"", ""throughput_fps"": 21.62, ""avg_inference_time_ms"": 46.25, ""inference_count"": 60, ""avg_wait_to_preprocess_ms"": 0.0, ""dropped_frames_due_to_full_queue"": 0}, ""view2"": {""model"": ""resnet50_small"", ""execution"": ""CPU"", ""throughput_fps"": 24.03, ""avg_inference_time_ms"": 41.61, ""inference_count"": 60, ""avg_wait_to_preprocess_ms"": 0.0, ""dropped_frames_due_to_full_queue"": 0}}, ""total"": {""total_throughput_fps"": 45.65, ""avg_throughput_fps"": 22.83}, ""devices"": {""npu1"": {""queue_wait_ms_p95"": 0.0, ""t_preload_ms"": 464.87}, ""cpu"": {""queue_wait_ms_p95"": 0.0}}, ""derived"": {""drop_rate_fps"": 0.0, ""drop_count"": 0, ""window_sec"": 30.0, ""throughput_norm"": 0.94, ""drop_rate_norm"": 0.0}, ""score"": 0.94, ""schedule_file"": ""model_schedules_rbrs.yaml""}"
"{""timestamp"": ""2026-01-05 10:15:18"", ""window_sec"": 30.0, ""combination"": ""combination_7"", ""models"": {""view1"": {""model"": ""resnet50_big"", ""execution"": ""NPU1"", ""throughput_fps"": 23.52, ""avg_inference_time_ms"": 42.52, ""inference_count"": 60, ""avg_wait_to_preprocess_ms"": 0.0, ""dropped_frames_due_to_full_queue"": 0}, ""view2"": {""model"": ""resnet50_small"", ""execution"": ""NPU0"", ""throughput_fps"": 23.65, ""avg_inference_time_ms"": 42.28, ""inference_count"": 60, ""avg_wait_to_preprocess_ms"": 0.0, ""dropped_frames_due_to_full_queue"": 0}}, ""total"": {""total_throughput_fps"": 47.17, ""avg_throughput_fps"": 23.58}, ""devices"": {""npu1"": {""queue_wait_ms_p95"": 0.0, ""t_preload_ms"": 464.87}, ""npu0"": {""queue_wait_ms_p95"": 0.0, ""t_preload_ms"": 33.52}}, ""derived"": {""drop_rate_fps"": 0.0, ""drop_count"": 0, ""window_sec"": 30.0, ""throughput_norm"": 0.97, ""drop_rate_norm"": 0.0}, ""score"": 0.97, ""schedule_file"": ""model_schedules_rbrs.yaml""}"
"{""timestamp"": ""2026-01-05 10:15:53"", ""window_sec"": 30.0, ""combination"": ""combination_1"", ""models"": {""view1"": {""model"": ""resnet50_big"", ""execution"": ""CPU"", ""throughput_fps"": 14.08, ""avg_inference_time_ms"": 71.01, ""inference_count"": 119, ""avg_wait_to_preprocess_ms"": 0.0, ""dropped_frames_due_to_full_queue"": 0}, ""view2"": {""model"": ""resnet50_small"", ""execution"": ""CPU"", ""throughput_fps"": 8.51, ""avg_inference_time_ms"": 117.48, ""inference_count"": 119, ""avg_wait_to_preprocess_ms"": 0.0, ""dropped_frames_due_to_full_queue"": 0}}, ""total"": {""total_throughput_fps"": 22.6, ""avg_throughput_fps"": 11.3}, ""devices"": {""cpu"": {""queue_wait_ms_p95"": 0.0}}, ""derived"": {""drop_rate_fps"": 0.0, ""drop_count"": 0, ""window_sec"": 30.0, ""throughput_norm"": 0.4, ""drop_rate_norm"": 0.0}, ""score"": 0.4, ""schedule_file"": ""model_schedules_rbrs_2x.yaml""}"
"{""timestamp"": ""2026-01-05 10:16:24"", ""window_sec"": 30.0, ""combination"": ""combination_2"", ""models"": {""view1"": {""model"": ""resnet50_big"", ""execution"": ""CPU"", ""throughput_fps"": 33.54, ""avg_inference_time_ms"": 29.81, ""inference_count"": 119, ""avg_wait_to_preprocess_ms"": 0.0, ""dropped_frames_due_to_full_queue"": 0}, ""view2"": {""model"": ""resnet50_small"", ""execution"": ""NPU0"", ""throughput_fps"": 22.34, ""avg_inference_time_ms"": 44.75, ""inference_count"": 119, ""avg_wait_to_preprocess_ms"": 0.0, ""dropped_frames_due_to_full_queue"": 0}}, ""total"": {""total_throughput_fps"": 55.89, ""avg_throughput_fps"": 27.94}, ""devices"": {""cpu"": {""queue_wait_ms_p95"": 0.0}, ""npu0"": {""queue_wait_ms_p95"": 0.0, ""t_preload_ms"": 33.52}}, ""derived"": {""drop_rate_fps"": 0.0, ""drop_count"": 0, ""window_sec"": 30.0, ""throughput_norm"": 1.0, ""drop_rate_norm"": 0.0}, ""score"": 1.0, ""schedule_file"": ""model_schedules_rbrs_2x.yaml""}"
"{""timestamp"": ""2026-01-05 10:16:55"", ""window_sec"": 30.0, ""combination"": ""combination_3"", ""models"": {""view1"": {""model"": ""resnet50_big"", ""execution"": ""CPU"", ""throughput_fps"": 28.08, ""avg_inference_time_ms"": 35.61, ""inference_count"": 119, ""avg_wait_to_preprocess_ms"": 0.0, ""dropped_frames_due_to_full_queue"": 0}, ""view2"": {""model"": ""resnet50_small"", ""execution"": ""NPU1"", ""throughput_fps"": 22.03, ""avg_inference_time_ms"": 45.39, ""inference_count"": 119, ""avg_wait_to_preprocess_ms"": 0.0, ""dropped_frames_due_to_full_queue"": 0}}, ""total"": {""total_throughput_fps"": 50.11, ""avg_throughput_fps"": 25.06}, ""devices"": {""cpu"": {""queue_wait_ms_p95"": 0.0}, ""npu1"": {""queue_wait_ms_p95"": 0.0, ""t_preload_ms"": 464.87}}, ""derived"": {""drop_rate_fps"": 0.0, ""drop_count"": 0, ""window_sec"": 30.0, ""throughput_norm"": 0.9, ""drop_rate_norm"": 0.0}, ""score"": 0.9, ""schedule_file"": ""model_schedules_rbrs_2x.yaml""}"
"{""timestamp"": ""2026-01-05 10:17:26"", ""window_sec"": 30.0, ""combination"": ""combination_4"", ""models"": {""view1"": {""model"": ""resnet50_big"", ""execution"": ""NPU0"", ""throughput_fps"": 21.6, ""avg_inference_time_ms"": 46.3, ""inference_count"": 119, ""avg_wait_to_preprocess_ms"": 0.0, ""dropped_frames_due_to_full_queue"": 0}, ""view2"": {""model"": ""resnet50_small"", ""execution"": ""CPU"", ""throughput_fps"": 18.24, ""avg_inference_time_ms"": 54.83, ""inference_count"": 119, ""avg_wait_to_preprocess_ms"": 0.0, ""dropped_frames_due_to_full_queue"": 0}}, ""total"": {""total_throughput_fps"": 39.84, ""avg_throughput_fps"": 19.92}, ""devices"": {""cpu"": {""queue_wait_ms_p95"": 0.0}, ""npu0"": {""queue_wait_ms_p95"": 0.0, ""t_preload_ms"": 33.52}}, ""derived"": {""drop_rate_fps"": 0.0, ""drop_count"": 0, ""window_sec"": 30.0, ""throughput_norm"": 0.71, ""drop_rate_norm"": 0.0}, ""score"": 0.71, ""schedule_file"": ""model_schedules_rbrs_2x.yaml""}"
"{""timestamp"": ""2026-01-05 10:17:57"", ""window_sec"": 30.0, ""combination"": ""combination_5"", ""models"": {""view1"": {""model"": ""resnet50_big"", ""execution"": ""NPU0"", ""throughput_fps"": 24.33, ""avg_inference_time_ms"": 41.1, ""inference_count"": 118, ""avg_wait_to_preprocess_ms"": 0.0, ""dropped_frames_due_to_full_queue"": 0}, ""view2"": {""model"": ""resnet50_small"", ""execution"": ""NPU1"", ""throughput_fps"": 0.0, ""avg_inference_time_ms"": 0.0, ""inference_count"": 0, ""avg_wait_to_preprocess_ms"": 0.0, ""dropped_frames_due_to_full_queue"": 0}}, ""total"": {""total_throughput_fps"": 24.33, ""avg_throughput_fps"": 12.17}, ""devices"": {""npu1"": {""queue_wait_ms_p95"": 0.0, ""t_preload_ms"": 464.87}, ""npu0"": {""queue_wait_ms_p95"": 0.0, ""t_preload_ms"": 33.52}}, ""derived"": {""drop_rate_fps"": 0.0, ""drop_count"": 0, ""window_sec"": 30.0, ""throughput_norm"": 0.44, ""drop_rate_norm"": 0.0}, ""score"": 0.44, ""schedule_file"": ""model_schedules_rbrs_2x.yaml""}"
"{""timestamp"": ""2026-01-05 10:18:28"", ""window_sec"": 30.0, ""combination"": ""combination_6"", ""models"": {""view1"": {""model"": ""resnet50_big"", ""execution"": ""NPU1"", ""throughput_fps"": 21.28, ""avg_inference_time_ms"": 46.99, ""inference_count"": 119, ""avg_wait_to_preprocess_ms"": 0.0, ""dropped_frames_due_to_full_queue"": 0}, ""view2"": {""model"": ""resnet50_small"", ""execution"": ""CPU"", ""throughput_fps"": 19.24, ""avg_inference_time_ms"": 51.99, ""inference_count"": 119, ""avg_wait_to_preprocess_ms"": 0.0, ""dropped_frames_due_to_full_queue"": 0}}, ""total"": {""total_throughput_fps"": 40.52, ""avg_throughput_fps"": 20.26}, ""devices"": {""cpu"": {""queue_wait_ms_p95"": 0.0}, ""npu1"": {""queue_wait_ms_p95"": 0.0, ""t_preload_ms"": 464.87}}, ""derived"": {""drop_rate_fps"": 0.0, ""drop_count"": 0, ""window_sec"": 30.0, ""throughput_norm"": 0.72, ""drop_rate_norm"": 0.0}, ""score"": 0.72, ""schedule_file"": ""model_schedules_rbrs_2x.yaml""}"
"{""timestamp"": ""2026-01-05 10:18:59"", ""window_sec"": 30.0, ""combination"": ""combination_7"", ""models"": {""view1"": {""model"": ""resnet50_big"", ""execution"": ""NPU1"", ""throughput_fps"": 23.33, ""avg_inference_time_ms"": 42.85, ""inference_count"": 119, ""avg_wait_to_preprocess_ms"": 0.0, ""dropped_frames_due_to_full_queue"": 0}, ""view2"": {""model"": ""resnet50_small"", ""execution"": ""NPU0"", ""throughput_fps"": 23.59, ""avg_inference_time_ms"": 42.4, ""inference_count"": 119, ""avg_wait_to_preprocess_ms"": 0.0, ""dropped_frames_due_to_full_queue"": 0}}, ""total"": {""total_throughput_fps"": 46.92, ""avg_throughput_fps"": 23.46}, ""devices"": {""npu0"": {""queue_wait_ms_p95"": 0.0, ""t_preload_ms"": 33.52}, ""npu1"": {""queue_wait_ms_p95"": 0.0, ""t_preload_ms"": 464.87}}, ""derived"": {""drop_rate_fps"": 0.0, ""drop_count"": 0, ""window_sec"": 30.0, ""throughput_norm"": 0.84, ""drop_rate_norm"": 0.0}, ""score"": 0.84, ""schedule_file"": ""model_schedules_rbrs_2x.yaml""}"
"{""timestamp"": ""2026-01-05 10:23:15"", ""window_sec"": 30.0, ""combination"": ""combination_1"", ""models"": {""view1"": {""model"": ""resnet50_big"", ""execution"": ""CPU"", ""throughput_fps"": 8.39, ""avg_inference_time_ms"": 119.14, ""inference_count"": 224, ""avg_wait_to_preprocess_ms"": 0.0, ""dropped_frames_due_to_full_queue"": 0}, ""view2"": {""model"": ""resnet50_small"", ""execution"": ""CPU"", ""throughput_fps"": 8.73, ""avg_inference_time_ms"": 114.59, ""inference_count"": 233, ""avg_wait_to_preprocess_ms"": 0.0, ""dropped_frames_due_to_full_queue"": 0}}, ""total"": {""total_throughput_fps"": 17.12, ""avg_throughput_fps"": 8.56}, ""devices"": {""cpu"": {""queue_wait_ms_p95"": 0.0}}, ""derived"": {""drop_rate_fps"": 0.0, ""drop_count"": 0, ""window_sec"": 30.0, ""throughput_norm"": 0.31, ""drop_rate_norm"": 0.0}, ""score"": 0.31, ""schedule_file"": ""model_schedules_rbrs_4x.yaml""}"
"{""timestamp"": ""2026-01-05 10:23:46"", ""window_sec"": 30.0, ""combination"": ""combination_2"", ""models"": {""view1"": {""model"": ""resnet50_big"", ""execution"": ""CPU"", ""throughput_fps"": 32.6, ""avg_inference_time_ms"": 30.67, ""inference_count"": 234, ""avg_wait_to_preprocess_ms"": 0.0, ""dropped_frames_due_to_full_queue"": 0}, ""view2"": {""model"": ""resnet50_small"", ""execution"": ""NPU0"", ""throughput_fps"": 22.42, ""avg_inference_time_ms"": 44.6, ""inference_count"": 234, ""avg_wait_to_preprocess_ms"": 0.0, ""dropped_frames_due_to_full_queue"": 0}}, ""total"": {""total_throughput_fps"": 55.03, ""avg_throughput_fps"": 27.51}, ""devices"": {""npu0"": {""queue_wait_ms_p95"": 0.0, ""t_preload_ms"": 33.52}, ""cpu"": {""queue_wait_ms_p95"": 0.0}}, ""derived"": {""drop_rate_fps"": 0.0, ""drop_count"": 0, ""window_sec"": 30.0, ""throughput_norm"": 1.0, ""drop_rate_norm"": 0.0}, ""score"": 1.0, ""schedule_file"": ""model_schedules_rbrs_4x.yaml""}"
"{""timestamp"": ""2026-01-05 10:24:17"", ""window_sec"": 30.0, ""combination"": ""combination_3"", ""models"": {""view1"": {""model"": ""resnet50_big"", ""execution"": ""CPU"", ""throughput_fps"": 31.01, ""avg_inference_time_ms"": 32.25, ""inference_count"": 234, ""avg_wait_to_preprocess_ms"": 0.0, ""dropped_frames_due_to_full_queue"": 0}, ""view2"": {""model"": ""resnet50_small"", ""execution"": ""NPU1"", ""throughput_fps"": 22.3, ""avg_inference_time_ms"": 44.84, ""inference_count"": 234, ""avg_wait_to_preprocess_ms"": 0.0, ""dropped_frames_due_to_full_queue"": 0}}, ""total"": {""total_throughput_fps"": 53.31, ""avg_throughput_fps"": 26.65}, ""devices"": {""npu1"": {""queue_wait_ms_p95"": 0.0, ""t_preload_ms"": 464.87}, ""cpu"": {""queue_wait_ms_p95"": 0.0}}, ""derived"": {""drop_rate_fps"": 0.0, ""drop_count"": 0, ""window_sec"": 30.0, ""throughput_norm"": 0.97, ""drop_rate_norm"": 0.0}, ""score"": 0.97, ""schedule_file"": ""model_schedules_rbrs_4x.yaml""}"
"{""timestamp"": ""2026-01-05 10:24:48"", ""window_sec"": 30.0, ""combination"": ""combination_4"", ""models"": {""view1"": {""model"": ""resnet50_big"", ""execution"": ""NPU0"", ""throughput_fps"": 21.4, ""avg_inference_time_ms"": 46.74, ""inference_count"": 234, ""avg_wait_to_preprocess_ms"": 0.0, ""dropped_frames_due_to_full_queue"": 0}, ""view2"": {""model"": ""resnet50_small"", ""execution"": ""CPU"", ""throughput_fps"": 20.12, ""avg_inference_time_ms"": 49.71, ""inference_count"": 234, ""avg_wait_to_preprocess_ms"": 0.0, ""dropped_frames_due_to_full_queue"": 0}}, ""total"": {""total_throughput_fps"": 41.51, ""avg_throughput_fps"": 20.76}, ""devices"": {""npu0"": {""queue_wait_ms_p95"": 0.0, ""t_preload_ms"": 33.52}, ""cpu"": {""queue_wait_ms_p95"": 0.0}}, ""derived"": {""drop_rate_fps"": 0.0, ""drop_count"": 0, ""window_sec"": 30.0, ""throughput_norm"": 0.75, ""drop_rate_norm"": 0.0}, ""score"": 0.75, ""schedule_file"": ""model_schedules_rbrs_4x.yaml""}"
"{""timestamp"": ""2026-01-05 10:25:19"", ""window_sec"": 30.0, ""combination"": ""combination_5"", ""models"": {""view1"": {""model"": ""resnet50_big"", ""execution"": ""NPU0"", ""throughput_fps"": 23.92, ""avg_inference_time_ms"": 41.81, ""inference_count"": 234, ""avg_wait_to_preprocess_ms"": 0.0, ""dropped_frames_due_to_full_queue"": 0}, ""view2"": {""model"": ""resnet50_small"", ""execution"": ""NPU1"", ""throughput_fps"": 23.6, ""avg_inference_time_ms"": 42.37, ""inference_count"": 234, ""avg_wait_to_preprocess_ms"": 0.0, ""dropped_frames_due_to_full_queue"": 0}}, ""total"": {""total_throughput_fps"": 47.52, ""avg_throughput_fps"": 23.76}, ""devices"": {""npu1"": {""queue_wait_ms_p95"": 0.0, ""t_preload_ms"": 464.87}, ""npu0"": {""queue_wait_ms_p95"": 0.0, ""t_preload_ms"": 33.52}}, ""derived"": {""drop_rate_fps"": 0.0, ""drop_count"": 0, ""window_sec"": 30.0, ""throughput_norm"": 0.86, ""drop_rate_norm"": 0.0}, ""score"": 0.86, ""schedule_file"": ""model_schedules_rbrs_4x.yaml""}"
"{""timestamp"": ""2026-01-05 10:25:50"", ""window_sec"": 30.0, ""combination"": ""combination_6"", ""models"": {""view1"": {""model"": ""resnet50_big"", ""execution"": ""NPU1"", ""throughput_fps"": 20.53, ""avg_inference_time_ms"": 48.7, ""inference_count"": 233, ""avg_wait_to_preprocess_ms"": 0.0, ""dropped_frames_due_to_full_queue"": 0}, ""view2"": {""model"": ""resnet50_small"", ""execution"": ""CPU"", ""throughput_fps"": 16.66, ""avg_inference_time_ms"": 60.02, ""inference_count"": 233, ""avg_wait_to_preprocess_ms"": 0.0, ""dropped_frames_due_to_full_queue"": 0}}, ""total"": {""total_throughput_fps"": 37.2, ""avg_throughput_fps"": 18.6}, ""devices"": {""npu1"": {""queue_wait_ms_p95"": 0.0, ""t_preload_ms"": 464.87}, ""cpu"": {""queue_wait_ms_p95"": 0.0}}, ""derived"": {""drop_rate_fps"": 0.0, ""drop_count"": 0, ""window_sec"": 30.0, ""throughput_norm"": 0.68, ""drop_rate_norm"": 0.0}, ""score"": 0.68, ""schedule_file"": ""model_schedules_rbrs_4x.yaml""}"
"{""timestamp"": ""2026-01-05 10:26:21"", ""window_sec"": 30.0, ""combination"": ""combination_7"", ""models"": {""view1"": {""model"": ""resnet50_big"", ""execution"": ""NPU1"", ""throughput_fps"": 23.15, ""avg_inference_time_ms"": 43.19, ""inference_count"": 233, ""avg_wait_to_preprocess_ms"": 0.0, ""dropped_frames_due_to_full_queue"": 0}, ""view2"": {""model"": ""resnet50_small"", ""execution"": ""NPU0"", ""throughput_fps"": 23.44, ""avg_inference_time_ms"": 42.66, ""inference_count"": 233, ""avg_wait_to_preprocess_ms"": 0.0, ""dropped_frames_due_to_full_queue"": 0}}, ""total"": {""total_throughput_fps"": 46.59, ""avg_throughput_fps"": 23.29}, ""devices"": {""npu1"": {""queue_wait_ms_p95"": 0.0, ""t_preload_ms"": 464.87}, ""npu0"": {""queue_wait_ms_p95"": 0.0, ""t_preload_ms"": 33.52}}, ""derived"": {""drop_rate_fps"": 0.0, ""drop_count"": 0, ""window_sec"": 30.0, ""throughput_norm"": 0.85, ""drop_rate_norm"": 0.0}, ""score"": 0.85, ""schedule_file"": ""model_schedules_rbrs_4x.yaml""}"
"{""timestamp"": ""2026-01-05 10:26:56"", ""window_sec"": 30.0, ""combination"": ""combination_1"", ""models"": {""view1"": {""model"": ""resnet50_big"", ""execution"": ""CPU"", ""throughput_fps"": 5.47, ""avg_inference_time_ms"": 182.8, ""inference_count"": 60, ""avg_wait_to_preprocess_ms"": 0.0, ""dropped_frames_due_to_full_queue"": 0}, ""view2"": {""model"": ""resnet50_small"", ""execution"": ""CPU"", ""throughput_fps"": 4.89, ""avg_inference_time_ms"": 204.47, ""inference_count"": 60, ""avg_wait_to_preprocess_ms"": 0.0, ""dropped_frames_due_to_full_queue"": 0}, ""view3"": {""model"": ""yolov3_big"", ""execution"": ""CPU"", ""throughput_fps"": 2.47, ""avg_inference_time_ms"": 405.45, ""inference_count"": 68, ""avg_wait_to_preprocess_ms"": 3938.06, ""dropped_frames_due_to_full_queue"": 683}}, ""total"": {""total_throughput_fps"": 12.83, ""avg_throughput_fps"": 4.28}, ""devices"": {""cpu"": {""queue_wait_ms_p95"": 3938.06}}, ""derived"": {""drop_rate_fps"": 22.7667, ""drop_count"": 683, ""window_sec"": 30.0, ""throughput_norm"": 0.28, ""drop_rate_norm"": 1.0}, ""score"": 0.08, ""schedule_file"": ""model_schedules_rbrsyb.yaml""}"
"{""timestamp"": ""2026-01-05 10:27:27"", ""window_sec"": 30.0, ""combination"": ""combination_10"", ""models"": {""view1"": {""model"": ""resnet50_big"", ""execution"": ""NPU0"", ""throughput_fps"": 21.0, ""avg_inference_time_ms"": 47.61, ""inference_count"": 60, ""avg_wait_to_preprocess_ms"": 0.0, ""dropped_frames_due_to_full_queue"": 0}, ""view2"": {""model"": ""resnet50_small"", ""execution"": ""NPU1"", ""throughput_fps"": 21.03, ""avg_inference_time_ms"": 47.56, ""inference_count"": 60, ""avg_wait_to_preprocess_ms"": 0.0, ""dropped_frames_due_to_full_queue"": 0}, ""view3"": {""model"": ""yolov3_big"", ""execution"": ""CPU"", ""throughput_fps"": 4.61, ""avg_inference_time_ms"": 216.93, ""inference_count"": 127, ""avg_wait_to_preprocess_ms"": 2197.85, ""dropped_frames_due_to_full_queue"": 603}}, ""total"": {""total_throughput_fps"": 46.64, ""avg_throughput_fps"": 15.55}, ""devices"": {""npu1"": {""queue_wait_ms_p95"": 0.0, ""t_preload_ms"": 464.87}, ""cpu"": {""queue_wait_ms_p95"": 2197.85}, ""npu0"": {""queue_wait_ms_p95"": 0.0, ""t_preload_ms"": 33.52}}, ""derived"": {""drop_rate_fps"": 20.1, ""drop_count"": 603, ""window_sec"": 30.0, ""throughput_norm"": 1.0, ""drop_rate_norm"": 0.88}, ""score"": 0.82, ""schedule_file"": ""model_schedules_rbrsyb.yaml""}"
"{""timestamp"": ""2026-01-05 10:27:58"", ""window_sec"": 30.0, ""combination"": ""combination_11"", ""models"": {""view1"": {""model"": ""resnet50_big"", ""execution"": ""NPU1"", ""throughput_fps"": 19.17, ""avg_inference_time_ms"": 52.17, ""inference_count"": 60, ""avg_wait_to_preprocess_ms"": 0.0, ""dropped_frames_due_to_full_queue"": 0}, ""view2"": {""model"": ""resnet50_small"", ""execution"": ""CPU"", ""throughput_fps"": 7.18, ""avg_inference_time_ms"": 139.18, ""inference_count"": 60, ""avg_wait_to_preprocess_ms"": 0.0, ""dropped_frames_due_to_full_queue"": 0}, ""view3"": {""model"": ""yolov3_big"", ""execution"": ""CPU"", ""throughput_fps"": 3.35, ""avg_inference_time_ms"": 298.45, ""inference_count"": 93, ""avg_wait_to_preprocess_ms"": 2977.02, ""dropped_frames_due_to_full_queue"": 651}}, ""total"": {""total_throughput_fps"": 29.7, ""avg_throughput_fps"": 9.9}, ""devices"": {""npu1"": {""queue_wait_ms_p95"": 0.0, ""t_preload_ms"": 464.87}, ""cpu"": {""queue_wait_ms_p95"": 2977.02}}, ""derived"": {""drop_rate_fps"": 21.7, ""drop_count"": 651, ""window_sec"": 30.0, ""throughput_norm"": 0.64, ""drop_rate_norm"": 0.95}, ""score"": 0.45, ""schedule_file"": ""model_schedules_rbrsyb.yaml""}"
"{""timestamp"": ""2026-01-05 10:28:29"", ""window_sec"": 30.0, ""combination"": ""combination_12"", ""models"": {""view1"": {""model"": ""resnet50_big"", ""execution"": ""NPU1"", ""throughput_fps"": 19.73, ""avg_inference_time_ms"": 50.69, ""inference_count"": 60, ""avg_wait_to_preprocess_ms"": 0.0, ""dropped_frames_due_to_full_queue"": 0}, ""view2"": {""model"": ""resnet50_small"", ""execution"": ""CPU"", ""throughput_fps"": 12.25, ""avg_inference_time_ms"": 81.63, ""inference_count"": 60, ""avg_wait_to_preprocess_ms"": 0.0, ""dropped_frames_due_to_full_queue"": 0}, ""view3"": {""model"": ""yolov3_big"", ""execution"": ""NPU0"", ""throughput_fps"": 10.1, ""avg_inference_time_ms"": 99.03, ""inference_count"": 123, ""avg_wait_to_preprocess_ms"": 1157.61, ""dropped_frames_due_to_full_queue"": 434}}, ""total"": {""total_throughput_fps"": 42.08, ""avg_throughput_fps"": 14.03}, ""devices"": {""npu1"": {""queue_wait_ms_p95"": 0.0, ""t_preload_ms"": 464.87}, ""cpu"": {""queue_wait_ms_p95"": 0.0}, ""npu0"": {""queue_wait_ms_p95"": 0.0, ""t_preload_ms"": 33.52}}, ""derived"": {""drop_rate_fps"": 14.4667, ""drop_count"": 434, ""window_sec"": 30.0, ""throughput_norm"": 0.9, ""drop_rate_norm"": 0.64}, ""score"": 0.77, ""schedule_file"": ""model_schedules_rbrsyb.yaml""}"
"{""timestamp"": ""2026-01-05 10:29:00"", ""window_sec"": 30.0, ""combination"": ""combination_13"", ""models"": {""view1"": {""model"": ""resnet50_big"", ""execution"": ""NPU1"", ""throughput_fps"": 21.6, ""avg_inference_time_ms"": 46.3, ""inference_count"": 60, ""avg_wait_to_preprocess_ms"": 0.0, ""dropped_frames_due_to_full_queue"": 0}, ""view2"": {""model"": ""resnet50_small"", ""execution"": ""NPU0"", ""throughput_fps"": 18.58, ""avg_inference_time_ms"": 53.83, ""inference_count"": 60, ""avg_wait_to_preprocess_ms"": 0.0, ""dropped_frames_due_to_full_queue"": 0}, ""view3"": {""model"": ""yolov3_big"", ""execution"": ""CPU"", ""throughput_fps"": 4.26, ""avg_inference_time_ms"": 234.63, ""inference_count"": 118, ""avg_wait_to_preprocess_ms"": 2371.83, ""dropped_frames_due_to_full_queue"": 625}}, ""total"": {""total_throughput_fps"": 44.44, ""avg_throughput_fps"": 14.81}, ""devices"": {""npu1"": {""queue_wait_ms_p95"": 0.0, ""t_preload_ms"": 464.87}, ""cpu"": {""queue_wait_ms_p95"": 2371.83}, ""npu0"": {""queue_wait_ms_p95"": 0.0, ""t_preload_ms"": 33.52}}, ""derived"": {""drop_rate_fps"": 20.8333, ""drop_count"": 625, ""window_sec"": 30.0, ""throughput_norm"": 0.95, ""drop_rate_norm"": 0.92}, ""score"": 0.77, ""schedule_file"": ""model_schedules_rbrsyb.yaml""}"
"{""timestamp"": ""2026-01-05 10:29:31"", ""window_sec"": 30.0, ""combination"": ""combination_2"", ""models"": {""view1"": {""model"": ""resnet50_big"", ""execution"": ""CPU"", ""throughput_fps"": 6.4, ""avg_inference_time_ms"": 156.34, ""inference_count"": 60, ""avg_wait_to_preprocess_ms"": 0.0, ""dropped_frames_due_to_full_queue"": 0}, ""view2"": {""model"": ""resnet50_small"", ""execution"": ""CPU"", ""throughput_fps"": 5.21, ""avg_inference_time_ms"": 192.07, ""inference_count"": 60, ""avg_wait_to_preprocess_ms"": 0.0, ""dropped_frames_due_to_full_queue"": 0}, ""view3"": {""model"": ""yolov3_big"", ""execution"": ""NPU0"", ""throughput_fps"": 8.9, ""avg_inference_time_ms"": 112.4, ""inference_count"": 105, ""avg_wait_to_preprocess_ms"": 1351.12, ""dropped_frames_due_to_full_queue"": 479}}, ""total"": {""total_throughput_fps"": 20.5, ""avg_throughput_fps"": 6.83}, ""devices"": {""cpu"": {""queue_wait_ms_p95"": 0.0}, ""npu0"": {""queue_wait_ms_p95"": 0.0, ""t_preload_ms"": 33.52}}, ""derived"": {""drop_rate_fps"": 15.9667, ""drop_count"": 479, ""window_sec"": 30.0, ""throughput_norm"": 0.44, ""drop_rate_norm"": 0.7}, ""score"": 0.3, ""schedule_file"": ""model_schedules_rbrsyb.yaml""}"
"{""timestamp"": ""2026-01-05 10:30:02"", ""window_sec"": 30.0, ""combination"": ""combination_3"", ""models"": {""view1"": {""model"": ""resnet50_big"", ""execution"": ""CPU"", ""throughput_fps"": 6.46, ""avg_inference_time_ms"": 154.84, ""inference_count"": 60, ""avg_wait_to_preprocess_ms"": 0.0, ""dropped_frames_due_to_full_queue"": 0}, ""view2"": {""model"": ""resnet50_small"", ""execution"": ""CPU"", ""throughput_fps"": 5.3, ""avg_inference_time_ms"": 188.7, ""inference_count"": 60, ""avg_wait_to_preprocess_ms"": 0.0, ""dropped_frames_due_to_full_queue"": 0}, ""view3"": {""model"": ""yolov3_big"", ""execution"": ""NPU1"", ""throughput_fps"": 8.26, ""avg_inference_time_ms"": 121.1, ""inference_count"": 97, ""avg_wait_to_preprocess_ms"": 1463.57, ""dropped_frames_due_to_full_queue"": 514}}, ""total"": {""total_throughput_fps"": 20.02, ""avg_throughput_fps"": 6.67}, ""devices"": {""npu1"": {""queue_wait_ms_p95"": 0.0, ""t_preload_ms"": 464.87}, ""cpu"": {""queue_wait_ms_p95"": 0.0}}, ""derived"": {""drop_rate_fps"": 17.1333, ""drop_count"": 514, ""window_sec"": 30.0, ""throughput_norm"": 0.43, ""drop_rate_norm"": 0.75}, ""score"": 0.28, ""schedule_file"": ""model_schedules_rbrsyb.yaml""}"
"{""timestamp"": ""2026-01-05 10:30:33"", ""window_sec"": 30.0, ""combination"": ""combination_4"", ""models"": {""view1"": {""model"": ""resnet50_big"", ""execution"": ""CPU"", ""throughput_fps"": 6.47, ""avg_inference_time_ms"": 154.61, ""inference_count"": 60, ""avg_wait_to_preprocess_ms"": 0.0, ""dropped_frames_due_to_full_queue"": 0}, ""view2"": {""model"": ""resnet50_small"", ""execution"": ""NPU0"", ""throughput_fps"": 17.27, ""avg_inference_time_ms"": 57.91, ""inference_count"": 60, ""avg_wait_to_preprocess_ms"": 0.0, ""dropped_frames_due_to_full_queue"": 0}, ""view3"": {""model"": ""yolov3_big"", ""execution"": ""CPU"", ""throughput_fps"": 2.9, ""avg_inference_time_ms"": 345.29, ""inference_count"": 81, ""avg_wait_to_preprocess_ms"": 3403.28, ""dropped_frames_due_to_full_queue"": 667}}, ""total"": {""total_throughput_fps"": 26.63, ""avg_throughput_fps"": 8.88}, ""devices"": {""cpu"": {""queue_wait_ms_p95"": 3403.28}, ""npu0"": {""queue_wait_ms_p95"": 0.0, ""t_preload_ms"": 33.52}}, ""derived"": {""drop_rate_fps"": 22.2333, ""drop_count"": 667, ""window_sec"": 30.0, ""throughput_norm"": 0.57, ""drop_rate_norm"": 0.98}, ""score"": 0.37, ""schedule_file"": ""model_schedules_rbrsyb.yaml""}"
"{""timestamp"": ""2026-01-05 10:31:04"", ""window_sec"": 30.0, ""combination"": ""combination_5"", ""models"": {""view1"": {""model"": ""resnet50_big"", ""execution"": ""CPU"", ""throughput_fps"": 12.35, ""avg_inference_time_ms"": 81.0, ""inference_count"": 60, ""avg_wait_to_preprocess_ms"": 0.0, ""dropped_frames_due_to_full_queue"": 0}, ""view2"": {""model"": ""resnet50_small"", ""execution"": ""NPU0"", ""throughput_fps"": 17.63, ""avg_inference_time_ms"": 56.71, ""inference_count"": 60, ""avg_wait_to_preprocess_ms"": 0.0, ""dropped_frames_due_to_full_queue"": 0}, ""view3"": {""model"": ""yolov3_big"", ""execution"": ""NPU1"", ""throughput_fps"": 9.02, ""avg_inference_time_ms"": 110.85, ""inference_count"": 110, ""avg_wait_to_preprocess_ms"": 1280.48, ""dropped_frames_due_to_full_queue"": 472}}, ""total"": {""total_throughput_fps"": 39.0, ""avg_throughput_fps"": 13.0}, ""devices"": {""npu1"": {""queue_wait_ms_p95"": 0.0, ""t_preload_ms"": 464.87}, ""cpu"": {""queue_wait_ms_p95"": 0.0}, ""npu0"": {""queue_wait_ms_p95"": 0.0, ""t_preload_ms"": 33.52}}, ""derived"": {""drop_rate_fps"": 15.7333, ""drop_count"": 472, ""window_sec"": 30.0, ""throughput_norm"": 0.84, ""drop_rate_norm"": 0.69}, ""score"": 0.7, ""schedule_file"": ""model_schedules_rbrsyb.yaml""}"
"{""timestamp"": ""2026-01-05 10:31:36"", ""window_sec"": 30.0, ""combination"": ""combination_6"", ""models"": {""view1"": {""model"": ""resnet50_big"", ""execution"": ""CPU"", ""throughput_fps"": 6.63, ""avg_inference_time_ms"": 150.79, ""inference_count"": 60, ""avg_wait_to_preprocess_ms"": 0.0, ""dropped_frames_due_to_full_queue"": 0}, ""view2"": {""model"": ""resnet50_small"", ""execution"": ""NPU1"", ""throughput_fps"": 16.61, ""avg_inference_time_ms"": 60.19, ""inference_count"": 60, ""avg_wait_to_preprocess_ms"": 0.0, ""dropped_frames_due_to_full_queue"": 0}, ""view3"": {""model"": ""yolov3_big"", ""execution"": ""CPU"", ""throughput_fps"": 2.79, ""avg_inference_time_ms"": 358.69, ""inference_count"": 78, ""avg_wait_to_preprocess_ms"": 3516.91, ""dropped_frames_due_to_full_queue"": 670}}, ""total"": {""total_throughput_fps"": 26.03, ""avg_throughput_fps"": 8.68}, ""devices"": {""npu1"": {""queue_wait_ms_p95"": 0.0, ""t_preload_ms"": 464.87}, ""cpu"": {""queue_wait_ms_p95"": 3516.91}}, ""derived"": {""drop_rate_fps"": 22.3333, ""drop_count"": 670, ""window_sec"": 30.0, ""throughput_norm"": 0.56, ""drop_rate_norm"": 0.98}, ""score"": 0.36, ""schedule_file"": ""model_schedules_rbrsyb.yaml""}"
"{""timestamp"": ""2026-01-05 10:32:06"", ""window_sec"": 30.0, ""combination"": ""combination_7"", ""models"": {""view1"": {""model"": ""resnet50_big"", ""execution"": ""CPU"", ""throughput_fps"": 12.74, ""avg_inference_time_ms"": 78.51, ""inference_count"": 60, ""avg_wait_to_preprocess_ms"": 0.0, ""dropped_frames_due_to_full_queue"": 0}, ""view2"": {""model"": ""resnet50_small"", ""execution"": ""NPU1"", ""throughput_fps"": 17.27, ""avg_inference_time_ms"": 57.91, ""inference_count"": 60, ""avg_wait_to_preprocess_ms"": 0.0, ""dropped_frames_due_to_full_queue"": 0}, ""view3"": {""model"": ""yolov3_big"", ""execution"": ""NPU0"", ""throughput_fps"": 9.91, ""avg_inference_time_ms"": 100.91, ""inference_count"": 117, ""avg_wait_to_preprocess_ms"": 1206.07, ""dropped_frames_due_to_full_queue"": 431}}, ""total"": {""total_throughput_fps"": 39.92, ""avg_throughput_fps"": 13.31}, ""devices"": {""npu1"": {""queue_wait_ms_p95"": 0.0, ""t_preload_ms"": 464.87}, ""cpu"": {""queue_wait_ms_p95"": 0.0}, ""npu0"": {""queue_wait_ms_p95"": 0.0, ""t_preload_ms"": 33.52}}, ""derived"": {""drop_rate_fps"": 14.3667, ""drop_count"": 431, ""window_sec"": 30.0, ""throughput_norm"": 0.86, ""drop_rate_norm"": 0.63}, ""score"": 0.73, ""schedule_file"": ""model_schedules_rbrsyb.yaml""}"
"{""timestamp"": ""2026-01-05 10:32:37"", ""window_sec"": 30.0, ""combination"": ""combination_8"", ""models"": {""view1"": {""model"": ""resnet50_big"", ""execution"": ""NPU0"", ""throughput_fps"": 17.36, ""avg_inference_time_ms"": 57.6, ""inference_count"": 60, ""avg_wait_to_preprocess_ms"": 0.0, ""dropped_frames_due_to_full_queue"": 0}, ""view2"": {""model"": ""resnet50_small"", ""execution"": ""CPU"", ""throughput_fps"": 6.31, ""avg_inference_time_ms"": 158.46, ""inference_count"": 60, ""avg_wait_to_preprocess_ms"": 0.0, ""dropped_frames_due_to_full_queue"": 0}, ""view3"": {""model"": ""yolov3_big"", ""execution"": ""CPU"", ""throughput_fps"": 2.66, ""avg_inference_time_ms"": 375.46, ""inference_count"": 74, ""avg_wait_to_preprocess_ms"": 3648.92, ""dropped_frames_due_to_full_queue"": 679}}, ""total"": {""total_throughput_fps"": 26.34, ""avg_throughput_fps"": 8.78}, ""devices"": {""cpu"": {""queue_wait_ms_p95"": 3648.92}, ""npu0"": {""queue_wait_ms_p95"": 0.0, ""t_preload_ms"": 33.52}}, ""derived"": {""drop_rate_fps"": 22.6333, ""drop_count"": 679, ""window_sec"": 30.0, ""throughput_norm"": 0.56, ""drop_rate_norm"": 0.99}, ""score"": 0.36, ""schedule_file"": ""model_schedules_rbrsyb.yaml""}"
"{""timestamp"": ""2026-01-05 10:33:08"", ""window_sec"": 30.0, ""combination"": ""combination_9"", ""models"": {""view1"": {""model"": ""resnet50_big"", ""execution"": ""NPU0"", ""throughput_fps"": 17.25, ""avg_inference_time_ms"": 57.98, ""inference_count"": 60, ""avg_wait_to_preprocess_ms"": 0.0, ""dropped_frames_due_to_full_queue"": 0}, ""view2"": {""model"": ""resnet50_small"", ""execution"": ""CPU"", ""throughput_fps"": 10.08, ""avg_inference_time_ms"": 99.25, ""inference_count"": 60, ""avg_wait_to_preprocess_ms"": 0.0, ""dropped_frames_due_to_full_queue"": 0}, ""view3"": {""model"": ""yolov3_big"", ""execution"": ""NPU1"", ""throughput_fps"": 8.97, ""avg_inference_time_ms"": 111.53, ""inference_count"": 107, ""avg_wait_to_preprocess_ms"": 1321.02, ""dropped_frames_due_to_full_queue"": 470}}, ""total"": {""total_throughput_fps"": 36.29, ""avg_throughput_fps"": 12.1}, ""devices"": {""npu1"": {""queue_wait_ms_p95"": 0.0, ""t_preload_ms"": 464.87}, ""cpu"": {""queue_wait_ms_p95"": 0.0}, ""npu0"": {""queue_wait_ms_p95"": 0.0, ""t_preload_ms"": 33.52}}, ""derived"": {""drop_rate_fps"": 15.6667, ""drop_count"": 470, ""window_sec"": 30.0, ""throughput_norm"": 0.78, ""drop_rate_norm"": 0.69}, ""score"": 0.64, ""schedule_file"": ""model_schedules_rbrsyb.yaml""}"
"{""timestamp"": ""2026-01-05 10:33:43"", ""window_sec"": 30.0, ""combination"": ""combination_1"", ""models"": {""view1"": {""model"": ""resnet50_big"", ""execution"": ""CPU"", ""throughput_fps"": 5.1, ""avg_inference_time_ms"": 195.95, ""inference_count"": 118, ""avg_wait_to_preprocess_ms"": 0.0, ""dropped_frames_due_to_full_queue"": 0}, ""view2"": {""model"": ""resnet50_small"", ""execution"": ""CPU"", ""throughput_fps"": 5.42, ""avg_inference_time_ms"": 184.66, ""inference_count"": 118, ""avg_wait_to_preprocess_ms"": 0.0, ""dropped_frames_due_to_full_queue"": 0}, ""view3"": {""model"": ""yolov3_big"", ""execution"": ""CPU"", ""throughput_fps"": 1.0, ""avg_inference_time_ms"": 1000.61, ""inference_count"": 28, ""avg_wait_to_preprocess_ms"": 8464.78, ""dropped_frames_due_to_full_queue"": 755}}, ""total"": {""total_throughput_fps"": 11.52, ""avg_throughput_fps"": 3.84}, ""devices"": {""cpu"": {""queue_wait_ms_p95"": 8464.78}}, ""derived"": {""drop_rate_fps"": 25.1667, ""drop_count"": 755, ""window_sec"": 30.0, ""throughput_norm"": 0.27, ""drop_rate_norm"": 1.0}, ""score"": 0.07, ""schedule_file"": ""model_schedules_rbrsyb_2x.yaml""}"
"{""timestamp"": ""2026-01-05 10:34:14"", ""window_sec"": 30.0, ""combination"": ""combination_10"", ""models"": {""view1"": {""model"": ""resnet50_big"", ""execution"": ""NPU0"", ""throughput_fps"": 19.01, ""avg_inference_time_ms"": 52.61, ""inference_count"": 119, ""avg_wait_to_preprocess_ms"": 0.0, ""dropped_frames_due_to_full_queue"": 0}, ""view2"": {""model"": ""resnet50_small"", ""execution"": ""NPU1"", ""throughput_fps"": 18.52, ""avg_inference_time_ms"": 53.99, ""inference_count"": 119, ""avg_wait_to_preprocess_ms"": 0.0, ""dropped_frames_due_to_full_queue"": 0}, ""view3"": {""model"": ""yolov3_big"", ""execution"": ""CPU"", ""throughput_fps"": 4.46, ""avg_inference_time_ms"": 224.18, ""inference_count"": 123, ""avg_wait_to_preprocess_ms"": 2283.84, ""dropped_frames_due_to_full_queue"": 704}}, ""total"": {""total_throughput_fps"": 41.99, ""avg_throughput_fps"": 14.0}, ""devices"": {""npu1"": {""queue_wait_ms_p95"": 0.0, ""t_preload_ms"": 464.87}, ""npu0"": {""queue_wait_ms_p95"": 0.0, ""t_preload_ms"": 33.52}, ""cpu"": {""queue_wait_ms_p95"": 2283.84}}, ""derived"": {""drop_rate_fps"": 23.4667, ""drop_count"": 704, ""window_sec"": 30.0, ""throughput_norm"": 1.0, ""drop_rate_norm"": 0.93}, ""score"": 0.81, ""schedule_file"": ""model_schedules_rbrsyb_2x.yaml""}"
"{""timestamp"": ""2026-01-05 10:34:45"", ""window_sec"": 30.0, ""combination"": ""combination_11"", ""models"": {""view1"": {""model"": ""resnet50_big"", ""execution"": ""NPU1"", ""throughput_fps"": 17.06, ""avg_inference_time_ms"": 58.62, ""inference_count"": 119, ""avg_wait_to_preprocess_ms"": 0.0, ""dropped_frames_due_to_full_queue"": 0}, ""view2"": {""model"": ""resnet50_small"", ""execution"": ""CPU"", ""throughput_fps"": 7.31, ""avg_inference_time_ms"": 136.88, ""inference_count"": 118, ""avg_wait_to_preprocess_ms"": 0.0, ""dropped_frames_due_to_full_queue"": 0}, ""view3"": {""model"": ""yolov3_big"", ""execution"": ""CPU"", ""throughput_fps"": 2.22, ""avg_inference_time_ms"": 451.22, ""inference_count"": 62, ""avg_wait_to_preprocess_ms"": 4323.43, ""dropped_frames_due_to_full_queue"": 737}}, ""total"": {""total_throughput_fps"": 26.58, ""avg_throughput_fps"": 8.86}, ""devices"": {""npu1"": {""queue_wait_ms_p95"": 0.0, ""t_preload_ms"": 464.87}, ""cpu"": {""queue_wait_ms_p95"": 4323.43}}, ""derived"": {""drop_rate_fps"": 24.5667, ""drop_count"": 737, ""window_sec"": 30.0, ""throughput_norm"": 0.63, ""drop_rate_norm"": 0.98}, ""score"": 0.43, ""schedule_file"": ""model_schedules_rbrsyb_2x.yaml""}"
"{""timestamp"": ""2026-01-05 10:35:16"", ""window_sec"": 30.0, ""combination"": ""combination_12"", ""models"": {""view1"": {""model"": ""resnet50_big"", ""execution"": ""NPU1"", ""throughput_fps"": 17.06, ""avg_inference_time_ms"": 58.62, ""inference_count"": 119, ""avg_wait_to_preprocess_ms"": 0.0, ""dropped_frames_due_to_full_queue"": 0}, ""view2"": {""model"": ""resnet50_small"", ""execution"": ""CPU"", ""throughput_fps"": 13.16, ""avg_inference_time_ms"": 76.0, ""inference_count"": 119, ""avg_wait_to_preprocess_ms"": 0.0, ""dropped_frames_due_to_full_queue"": 0}, ""view3"": {""model"": ""yolov3_big"", ""execution"": ""NPU0"", ""throughput_fps"": 9.63, ""avg_inference_time_ms"": 103.89, ""inference_count"": 114, ""avg_wait_to_preprocess_ms"": 1248.64, ""dropped_frames_due_to_full_queue"": 596}}, ""total"": {""total_throughput_fps"": 39.84, ""avg_throughput_fps"": 13.28}, ""devices"": {""npu1"": {""queue_wait_ms_p95"": 0.0, ""t_preload_ms"": 464.87}, ""npu0"": {""queue_wait_ms_p95"": 0.0, ""t_preload_ms"": 33.52}, ""cpu"": {""queue_wait_ms_p95"": 0.0}}, ""derived"": {""drop_rate_fps"": 19.8667, ""drop_count"": 596, ""window_sec"": 30.0, ""throughput_norm"": 0.95, ""drop_rate_norm"": 0.79}, ""score"": 0.79, ""schedule_file"": ""model_schedules_rbrsyb_2x.yaml""}"
"{""timestamp"": ""2026-01-05 10:35:47"", ""window_sec"": 30.0, ""combination"": ""combination_13"", ""models"": {""view1"": {""model"": ""resnet50_big"", ""execution"": ""NPU1"", ""throughput_fps"": 18.38, ""avg_inference_time_ms"": 54.42, ""inference_count"": 119, ""avg_wait_to_preprocess_ms"": 0.0, ""dropped_frames_due_to_full_queue"": 0}, ""view2"": {""model"": ""resnet50_small"", ""execution"": ""NPU0"", ""throughput_fps"": 18.2, ""avg_inference_time_ms"": 54.94, ""inference_count"": 119, ""avg_wait_to_preprocess_ms"": 0.0, ""dropped_frames_due_to_full_queue"": 0}, ""view3"": {""model"": ""yolov3_big"", ""execution"": ""CPU"", ""throughput_fps"": 4.05, ""avg_inference_time_ms"": 246.74, ""inference_count"": 112, ""avg_wait_to_preprocess_ms"": 2482.87, ""dropped_frames_due_to_full_queue"": 710}}, ""total"": {""total_throughput_fps"": 40.63, ""avg_throughput_fps"": 13.54}, ""devices"": {""npu1"": {""queue_wait_ms_p95"": 0.0, ""t_preload_ms"": 464.87}, ""npu0"": {""queue_wait_ms_p95"": 0.0, ""t_preload_ms"": 33.52}, ""cpu"": {""queue_wait_ms_p95"": 2482.87}}, ""derived"": {""drop_rate_fps"": 23.6667, ""drop_count"": 710, ""window_sec"": 30.0, ""throughput_norm"": 0.97, ""drop_rate_norm"": 0.94}, ""score"": 0.78, ""schedule_file"": ""model_schedules_rbrsyb_2x.yaml""}"
"{""timestamp"": ""2026-01-05 10:36:18"", ""window_sec"": 30.0, ""combination"": ""combination_2"", ""models"": {""view1"": {""model"": ""resnet50_big"", ""execution"": ""CPU"", ""throughput_fps"": 5.26, ""avg_inference_time_ms"": 190.07, ""inference_count"": 118, ""avg_wait_to_preprocess_ms"": 0.0, ""dropped_frames_due_to_full_queue"": 0}, ""view2"": {""model"": ""resnet50_small"", ""execution"": ""CPU"", ""throughput_fps"": 4.88, ""avg_inference_time_ms"": 204.89, ""inference_count"": 118, ""avg_wait_to_preprocess_ms"": 0.0, ""dropped_frames_due_to_full_queue"": 0}, ""view3"": {""model"": ""yolov3_big"", ""execution"": ""NPU0"", ""throughput_fps"": 7.73, ""avg_inference_time_ms"": 129.42, ""inference_count"": 84, ""avg_wait_to_preprocess_ms"": 1673.28, ""dropped_frames_due_to_full_queue"": 622}}, ""total"": {""total_throughput_fps"": 17.87, ""avg_throughput_fps"": 5.96}, ""devices"": {""npu0"": {""queue_wait_ms_p95"": 0.0, ""t_preload_ms"": 33.52}, ""cpu"": {""queue_wait_ms_p95"": 0.0}}, ""derived"": {""drop_rate_fps"": 20.7333, ""drop_count"": 622, ""window_sec"": 30.0, ""throughput_norm"": 0.43, ""drop_rate_norm"": 0.82}, ""score"": 0.27, ""schedule_file"": ""model_schedules_rbrsyb_2x.yaml""}"
"{""timestamp"": ""2026-01-05 10:36:49"", ""window_sec"": 30.0, ""combination"": ""combination_3"", ""models"": {""view1"": {""model"": ""resnet50_big"", ""execution"": ""CPU"", ""throughput_fps"": 5.4, ""avg_inference_time_ms"": 185.13, ""inference_count"": 118, ""avg_wait_to_preprocess_ms"": 0.0, ""dropped_frames_due_to_full_queue"": 0}, ""view2"": {""model"": ""resnet50_small"", ""execution"": ""CPU"", ""throughput_fps"": 5.08, ""avg_inference_time_ms"": 196.86, ""inference_count"": 117, ""avg_wait_to_preprocess_ms"": 0.0, ""dropped_frames_due_to_full_queue"": 0}, ""view3"": {""model"": ""yolov3_big"", ""execution"": ""NPU1"", ""throughput_fps"": 7.2, ""avg_inference_time_ms"": 138.94, ""inference_count"": 77, ""avg_wait_to_preprocess_ms"": 1818.61, ""dropped_frames_due_to_full_queue"": 624}}, ""total"": {""total_throughput_fps"": 17.68, ""avg_throughput_fps"": 5.89}, ""devices"": {""npu1"": {""queue_wait_ms_p95"": 0.0, ""t_preload_ms"": 464.87}, ""cpu"": {""queue_wait_ms_p95"": 0.0}}, ""derived"": {""drop_rate_fps"": 20.8, ""drop_count"": 624, ""window_sec"": 30.0, ""throughput_norm"": 0.42, ""drop_rate_norm"": 0.83}, ""score"": 0.25, ""schedule_file"": ""model_schedules_rbrsyb_2x.yaml""}"
"{""timestamp"": ""2026-01-05 10:37:21"", ""window_sec"": 30.0, ""combination"": ""combination_4"", ""models"": {""view1"": {""model"": ""resnet50_big"", ""execution"": ""CPU"", ""throughput_fps"": 6.7, ""avg_inference_time_ms"": 149.15, ""inference_count"": 118, ""avg_wait_to_preprocess_ms"": 0.0, ""dropped_frames_due_to_full_queue"": 0}, ""view2"": {""model"": ""resnet50_small"", ""execution"": ""NPU0"", ""throughput_fps"": 17.36, ""avg_inference_time_ms"": 57.59, ""inference_count"": 118, ""avg_wait_to_preprocess_ms"": 0.0, ""dropped_frames_due_to_full_queue"": 0}, ""view3"": {""model"": ""yolov3_big"", ""execution"": ""CPU"", ""throughput_fps"": 1.77, ""avg_inference_time_ms"": 563.75, ""inference_count"": 50, ""avg_wait_to_preprocess_ms"": 5403.14, ""dropped_frames_due_to_full_queue"": 741}}, ""total"": {""total_throughput_fps"": 25.84, ""avg_throughput_fps"": 8.61}, ""devices"": {""npu0"": {""queue_wait_ms_p95"": 0.0, ""t_preload_ms"": 33.52}, ""cpu"": {""queue_wait_ms_p95"": 5403.14}}, ""derived"": {""drop_rate_fps"": 24.7, ""drop_count"": 741, ""window_sec"": 30.0, ""throughput_norm"": 0.62, ""drop_rate_norm"": 0.98}, ""score"": 0.42, ""schedule_file"": ""model_schedules_rbrsyb_2x.yaml""}"
"{""timestamp"": ""2026-01-05 10:37:51"", ""window_sec"": 30.0, ""combination"": ""combination_5"", ""models"": {""view1"": {""model"": ""resnet50_big"", ""execution"": ""CPU"", ""throughput_fps"": 12.19, ""avg_inference_time_ms"": 82.05, ""inference_count"": 118, ""avg_wait_to_preprocess_ms"": 0.0, ""dropped_frames_due_to_full_queue"": 0}, ""view2"": {""model"": ""resnet50_small"", ""execution"": ""NPU0"", ""throughput_fps"": 17.52, ""avg_inference_time_ms"": 57.07, ""inference_count"": 118, ""avg_wait_to_preprocess_ms"": 0.0, ""dropped_frames_due_to_full_queue"": 0}, ""view3"": {""model"": ""yolov3_big"", ""execution"": ""NPU1"", ""throughput_fps"": 8.73, ""avg_inference_time_ms"": 114.56, ""inference_count"": 104, ""avg_wait_to_preprocess_ms"": 1364.49, ""dropped_frames_due_to_full_queue"": 603}}, ""total"": {""total_throughput_fps"": 38.44, ""avg_throughput_fps"": 12.81}, ""devices"": {""npu1"": {""queue_wait_ms_p95"": 0.0, ""t_preload_ms"": 464.87}, ""npu0"": {""queue_wait_ms_p95"": 0.0, ""t_preload_ms"": 33.52}, ""cpu"": {""queue_wait_ms_p95"": 0.0}}, ""derived"": {""drop_rate_fps"": 20.1, ""drop_count"": 603, ""window_sec"": 30.0, ""throughput_norm"": 0.92, ""drop_rate_norm"": 0.8}, ""score"": 0.76, ""schedule_file"": ""model_schedules_rbrsyb_2x.yaml""}"
"{""timestamp"": ""2026-01-05 10:38:23"", ""window_sec"": 30.0, ""combination"": ""combination_6"", ""models"": {""view1"": {""model"": ""resnet50_big"", ""execution"": ""CPU"", ""throughput_fps"": 6.48, ""avg_inference_time_ms"": 154.33, ""inference_count"": 118, ""avg_wait_to_preprocess_ms"": 0.0, ""dropped_frames_due_to_full_queue"": 0}, ""view2"": {""model"": ""resnet50_small"", ""execution"": ""NPU1"", ""throughput_fps"": 16.54, ""avg_inference_time_ms"": 60.45, ""inference_count"": 118, ""avg_wait_to_preprocess_ms"": 0.0, ""dropped_frames_due_to_full_queue"": 0}, ""view3"": {""model"": ""yolov3_big"", ""execution"": ""CPU"", ""throughput_fps"": 1.56, ""avg_inference_time_ms"": 642.55, ""inference_count"": 44, ""avg_wait_to_preprocess_ms"": 5901.09, ""dropped_frames_due_to_full_queue"": 650}}, ""total"": {""total_throughput_fps"": 24.58, ""avg_throughput_fps"": 8.19}, ""devices"": {""npu1"": {""queue_wait_ms_p95"": 0.0, ""t_preload_ms"": 464.87}, ""cpu"": {""queue_wait_ms_p95"": 5901.09}}, ""derived"": {""drop_rate_fps"": 21.6667, ""drop_count"": 650, ""window_sec"": 30.0, ""throughput_norm"": 0.59, ""drop_rate_norm"": 0.86}, ""score"": 0.42, ""schedule_file"": ""model_schedules_rbrsyb_2x.yaml""}"
"{""timestamp"": ""2026-01-05 10:38:53"", ""window_sec"": 30.0, ""combination"": ""combination_7"", ""models"": {""view1"": {""model"": ""resnet50_big"", ""execution"": ""CPU"", ""throughput_fps"": 11.15, ""avg_inference_time_ms"": 89.73, ""inference_count"": 118, ""avg_wait_to_preprocess_ms"": 0.0, ""dropped_frames_due_to_full_queue"": 0}, ""view2"": {""model"": ""resnet50_small"", ""execution"": ""NPU1"", ""throughput_fps"": 16.72, ""avg_inference_time_ms"": 59.8, ""inference_count"": 118, ""avg_wait_to_preprocess_ms"": 0.0, ""dropped_frames_due_to_full_queue"": 0}, ""view3"": {""model"": ""yolov3_big"", ""execution"": ""NPU0"", ""throughput_fps"": 9.12, ""avg_inference_time_ms"": 109.61, ""inference_count"": 111, ""avg_wait_to_preprocess_ms"": 1277.49, ""dropped_frames_due_to_full_queue"": 590}}, ""total"": {""total_throughput_fps"": 36.99, ""avg_throughput_fps"": 12.33}, ""devices"": {""npu1"": {""queue_wait_ms_p95"": 0.0, ""t_preload_ms"": 464.87}, ""npu0"": {""queue_wait_ms_p95"": 0.0, ""t_preload_ms"": 33.52}, ""cpu"": {""queue_wait_ms_p95"": 0.0}}, ""derived"": {""drop_rate_fps"": 19.6667, ""drop_count"": 590, ""window_sec"": 30.0, ""throughput_norm"": 0.88, ""drop_rate_norm"": 0.78}, ""score"": 0.72, ""schedule_file"": ""model_schedules_rbrsyb_2x.yaml""}"
"{""timestamp"": ""2026-01-05 10:39:25"", ""window_sec"": 30.0, ""combination"": ""combination_8"", ""models"": {""view1"": {""model"": ""resnet50_big"", ""execution"": ""NPU0"", ""throughput_fps"": 17.38, ""avg_inference_time_ms"": 57.54, ""inference_count"": 118, ""avg_wait_to_preprocess_ms"": 0.0, ""dropped_frames_due_to_full_queue"": 0}, ""view2"": {""model"": ""resnet50_small"", ""execution"": ""CPU"", ""throughput_fps"": 6.28, ""avg_inference_time_ms"": 159.25, ""inference_count"": 117, ""avg_wait_to_preprocess_ms"": 0.0, ""dropped_frames_due_to_full_queue"": 0}, ""view3"": {""model"": ""yolov3_big"", ""execution"": ""CPU"", ""throughput_fps"": 1.54, ""avg_inference_time_ms"": 651.09, ""inference_count"": 43, ""avg_wait_to_preprocess_ms"": 6009.14, ""dropped_frames_due_to_full_queue"": 564}}, ""total"": {""total_throughput_fps"": 25.19, ""avg_throughput_fps"": 8.4}, ""devices"": {""npu0"": {""queue_wait_ms_p95"": 0.0, ""t_preload_ms"": 33.52}, ""cpu"": {""queue_wait_ms_p95"": 6009.14}}, ""derived"": {""drop_rate_fps"": 18.8, ""drop_count"": 564, ""window_sec"": 30.0, ""throughput_norm"": 0.6, ""drop_rate_norm"": 0.75}, ""score"": 0.45, ""schedule_file"": ""model_schedules_rbrsyb_2x.yaml""}"
"{""timestamp"": ""2026-01-05 10:39:55"", ""window_sec"": 30.0, ""combination"": ""combination_9"", ""models"": {""view1"": {""model"": ""resnet50_big"", ""execution"": ""NPU0"", ""throughput_fps"": 17.5, ""avg_inference_time_ms"": 57.16, ""inference_count"": 118, ""avg_wait_to_preprocess_ms"": 0.0, ""dropped_frames_due_to_full_queue"": 0}, ""view2"": {""model"": ""resnet50_small"", ""execution"": ""CPU"", ""throughput_fps"": 9.83, ""avg_inference_time_ms"": 101.69, ""inference_count"": 118, ""avg_wait_to_preprocess_ms"": 0.0, ""dropped_frames_due_to_full_queue"": 0}, ""view3"": {""model"": ""yolov3_big"", ""execution"": ""NPU1"", ""throughput_fps"": 8.53, ""avg_inference_time_ms"": 117.28, ""inference_count"": 100, ""avg_wait_to_preprocess_ms"": 1409.36, ""dropped_frames_due_to_full_queue"": 569}}, ""total"": {""total_throughput_fps"": 35.86, ""avg_throughput_fps"": 11.95}, ""devices"": {""npu1"": {""queue_wait_ms_p95"": 0.0, ""t_preload_ms"": 464.87}, ""npu0"": {""queue_wait_ms_p95"": 0.0, ""t_preload_ms"": 33.52}, ""cpu"": {""queue_wait_ms_p95"": 0.0}}, ""derived"": {""drop_rate_fps"": 18.9667, ""drop_count"": 569, ""window_sec"": 30.0, ""throughput_norm"": 0.85, ""drop_rate_norm"": 0.75}, ""score"": 0.7, ""schedule_file"": ""model_schedules_rbrsyb_2x.yaml""}"
"{""timestamp"": ""2026-01-05 10:47:18"", ""window_sec"": 30.0, ""combination"": ""combination_1"", ""models"": {""view1"": {""model"": ""resnet50_big"", ""execution"": ""CPU"", ""throughput_fps"": 5.76, ""avg_inference_time_ms"": 173.74, ""inference_count"": 164, ""avg_wait_to_preprocess_ms"": 0.0, ""dropped_frames_due_to_full_queue"": 0}, ""view2"": {""model"": ""resnet50_small"", ""execution"": ""CPU"", ""throughput_fps"": 5.83, ""avg_inference_time_ms"": 171.57, ""inference_count"": 165, ""avg_wait_to_preprocess_ms"": 0.0, ""dropped_frames_due_to_full_queue"": 0}, ""view3"": {""model"": ""yolov3_big"", ""execution"": ""CPU"", ""throughput_fps"": 0.9, ""avg_inference_time_ms"": 1106.11, ""inference_count"": 25, ""avg_wait_to_preprocess_ms"": 9540.06, ""dropped_frames_due_to_full_queue"": 761}}, ""total"": {""total_throughput_fps"": 12.49, ""avg_throughput_fps"": 4.16}, ""devices"": {""cpu"": {""queue_wait_ms_p95"": 9540.06}}, ""derived"": {""drop_rate_fps"": 25.3667, ""drop_count"": 761, ""window_sec"": 30.0, ""throughput_norm"": 0.31, ""drop_rate_norm"": 0.99}, ""score"": 0.11, ""schedule_file"": ""model_schedules_rbrsyb_4x.yaml""}"
"{""timestamp"": ""2026-01-05 10:47:49"", ""window_sec"": 30.0, ""combination"": ""combination_10"", ""models"": {""view1"": {""model"": ""resnet50_big"", ""execution"": ""NPU0"", ""throughput_fps"": 18.5, ""avg_inference_time_ms"": 54.06, ""inference_count"": 233, ""avg_wait_to_preprocess_ms"": 0.0, ""dropped_frames_due_to_full_queue"": 0}, ""view2"": {""model"": ""resnet50_small"", ""execution"": ""NPU1"", ""throughput_fps"": 18.36, ""avg_inference_time_ms"": 54.47, ""inference_count"": 233, ""avg_wait_to_preprocess_ms"": 0.0, ""dropped_frames_due_to_full_queue"": 0}, ""view3"": {""model"": ""yolov3_big"", ""execution"": ""CPU"", ""throughput_fps"": 3.63, ""avg_inference_time_ms"": 275.48, ""inference_count"": 101, ""avg_wait_to_preprocess_ms"": 2748.27, ""dropped_frames_due_to_full_queue"": 713}}, ""total"": {""total_throughput_fps"": 40.49, ""avg_throughput_fps"": 13.5}, ""devices"": {""npu1"": {""queue_wait_ms_p95"": 0.0, ""t_preload_ms"": 464.87}, ""npu0"": {""queue_wait_ms_p95"": 0.0, ""t_preload_ms"": 33.52}, ""cpu"": {""queue_wait_ms_p95"": 2748.27}}, ""derived"": {""drop_rate_fps"": 23.7667, ""drop_count"": 713, ""window_sec"": 30.0, ""throughput_norm"": 1.0, ""drop_rate_norm"": 0.93}, ""score"": 0.81, ""schedule_file"": ""model_schedules_rbrsyb_4x.yaml""}"
"{""timestamp"": ""2026-01-05 10:48:20"", ""window_sec"": 30.0, ""combination"": ""combination_11"", ""models"": {""view1"": {""model"": ""resnet50_big"", ""execution"": ""NPU1"", ""throughput_fps"": 17.16, ""avg_inference_time_ms"": 58.28, ""inference_count"": 233, ""avg_wait_to_preprocess_ms"": 0.0, ""dropped_frames_due_to_full_queue"": 0}, ""view2"": {""model"": ""resnet50_small"", ""execution"": ""CPU"", ""throughput_fps"": 8.62, ""avg_inference_time_ms"": 116.06, ""inference_count"": 232, ""avg_wait_to_preprocess_ms"": 0.0, ""dropped_frames_due_to_full_queue"": 0}, ""view3"": {""model"": ""yolov3_big"", ""execution"": ""CPU"", ""throughput_fps"": 1.35, ""avg_inference_time_ms"": 741.85, ""inference_count"": 38, ""avg_wait_to_preprocess_ms"": 6841.33, ""dropped_frames_due_to_full_queue"": 765}}, ""total"": {""total_throughput_fps"": 27.12, ""avg_throughput_fps"": 9.04}, ""devices"": {""npu1"": {""queue_wait_ms_p95"": 0.0, ""t_preload_ms"": 464.87}, ""cpu"": {""queue_wait_ms_p95"": 6841.33}}, ""derived"": {""drop_rate_fps"": 25.5, ""drop_count"": 765, ""window_sec"": 30.0, ""throughput_norm"": 0.67, ""drop_rate_norm"": 1.0}, ""score"": 0.47, ""schedule_file"": ""model_schedules_rbrsyb_4x.yaml""}"
"{""timestamp"": ""2026-01-05 10:48:51"", ""window_sec"": 30.0, ""combination"": ""combination_12"", ""models"": {""view1"": {""model"": ""resnet50_big"", ""execution"": ""NPU1"", ""throughput_fps"": 17.45, ""avg_inference_time_ms"": 57.32, ""inference_count"": 232, ""avg_wait_to_preprocess_ms"": 0.0, ""dropped_frames_due_to_full_queue"": 0}, ""view2"": {""model"": ""resnet50_small"", ""execution"": ""CPU"", ""throughput_fps"": 11.21, ""avg_inference_time_ms"": 89.24, ""inference_count"": 232, ""avg_wait_to_preprocess_ms"": 0.0, ""dropped_frames_due_to_full_queue"": 0}, ""view3"": {""model"": ""yolov3_big"", ""execution"": ""NPU0"", ""throughput_fps"": 9.19, ""avg_inference_time_ms"": 108.82, ""inference_count"": 106, ""avg_wait_to_preprocess_ms"": 1333.31, ""dropped_frames_due_to_full_queue"": 586}}, ""total"": {""total_throughput_fps"": 37.84, ""avg_throughput_fps"": 12.61}, ""devices"": {""npu1"": {""queue_wait_ms_p95"": 0.0, ""t_preload_ms"": 464.87}, ""cpu"": {""queue_wait_ms_p95"": 0.0}, ""npu0"": {""queue_wait_ms_p95"": 0.0, ""t_preload_ms"": 33.52}}, ""derived"": {""drop_rate_fps"": 19.5333, ""drop_count"": 586, ""window_sec"": 30.0, ""throughput_norm"": 0.93, ""drop_rate_norm"": 0.77}, ""score"": 0.78, ""schedule_file"": ""model_schedules_rbrsyb_4x.yaml""}"
"{""timestamp"": ""2026-01-05 10:49:22"", ""window_sec"": 30.0, ""combination"": ""combination_13"", ""models"": {""view1"": {""model"": ""resnet50_big"", ""execution"": ""NPU1"", ""throughput_fps"": 18.55, ""avg_inference_time_ms"": 53.91, ""inference_count"": 233, ""avg_wait_to_preprocess_ms"": 0.0, ""dropped_frames_due_to_full_queue"": 0}, ""view2"": {""model"": ""resnet50_small"", ""execution"": ""NPU0"", ""throughput_fps"": 18.52, ""avg_inference_time_ms"": 54.0, ""inference_count"": 233, ""avg_wait_to_preprocess_ms"": 0.0, ""dropped_frames_due_to_full_queue"": 0}, ""view3"": {""model"": ""yolov3_big"", ""execution"": ""CPU"", ""throughput_fps"": 3.44, ""avg_inference_time_ms"": 290.78, ""inference_count"": 95, ""avg_wait_to_preprocess_ms"": 2913.44, ""dropped_frames_due_to_full_queue"": 715}}, ""total"": {""total_throughput_fps"": 40.51, ""avg_throughput_fps"": 13.5}, ""devices"": {""npu1"": {""queue_wait_ms_p95"": 0.0, ""t_preload_ms"": 464.87}, ""cpu"": {""queue_wait_ms_p95"": 2913.44}, ""npu0"": {""queue_wait_ms_p95"": 0.0, ""t_preload_ms"": 33.52}}, ""derived"": {""drop_rate_fps"": 23.8333, ""drop_count"": 715, ""window_sec"": 30.0, ""throughput_norm"": 1.0, ""drop_rate_norm"": 0.93}, ""score"": 0.81, ""schedule_file"": ""model_schedules_rbrsyb_4x.yaml""}"
"{""timestamp"": ""2026-01-05 10:49:53"", ""window_sec"": 30.0, ""combination"": ""combination_2"", ""models"": {""view1"": {""model"": ""resnet50_big"", ""execution"": ""CPU"", ""throughput_fps"": 4.89, ""avg_inference_time_ms"": 204.5, ""inference_count"": 140, ""avg_wait_to_preprocess_ms"": 0.0, ""dropped_frames_due_to_full_queue"": 0}, ""view2"": {""model"": ""resnet50_small"", ""execution"": ""CPU"", ""throughput_fps"": 5.43, ""avg_inference_time_ms"": 184.14, ""inference_count"": 155, ""avg_wait_to_preprocess_ms"": 0.0, ""dropped_frames_due_to_full_queue"": 0}, ""view3"": {""model"": ""yolov3_big"", ""execution"": ""NPU0"", ""throughput_fps"": 7.43, ""avg_inference_time_ms"": 134.53, ""inference_count"": 77, ""avg_wait_to_preprocess_ms"": 1838.3, ""dropped_frames_due_to_full_queue"": 635}}, ""total"": {""total_throughput_fps"": 17.75, ""avg_throughput_fps"": 5.92}, ""devices"": {""npu0"": {""queue_wait_ms_p95"": 0.0, ""t_preload_ms"": 33.52}, ""cpu"": {""queue_wait_ms_p95"": 0.0}}, ""derived"": {""drop_rate_fps"": 21.1667, ""drop_count"": 635, ""window_sec"": 30.0, ""throughput_norm"": 0.44, ""drop_rate_norm"": 0.83}, ""score"": 0.27, ""schedule_file"": ""model_schedules_rbrsyb_4x.yaml""}"
"{""timestamp"": ""2026-01-05 10:50:24"", ""window_sec"": 30.0, ""combination"": ""combination_3"", ""models"": {""view1"": {""model"": ""resnet50_big"", ""execution"": ""CPU"", ""throughput_fps"": 5.89, ""avg_inference_time_ms"": 169.76, ""inference_count"": 168, ""avg_wait_to_preprocess_ms"": 0.0, ""dropped_frames_due_to_full_queue"": 0}, ""view2"": {""model"": ""resnet50_small"", ""execution"": ""CPU"", ""throughput_fps"": 6.0, ""avg_inference_time_ms"": 166.66, ""inference_count"": 171, ""avg_wait_to_preprocess_ms"": 0.0, ""dropped_frames_due_to_full_queue"": 0}, ""view3"": {""model"": ""yolov3_big"", ""execution"": ""NPU1"", ""throughput_fps"": 6.97, ""avg_inference_time_ms"": 143.47, ""inference_count"": 74, ""avg_wait_to_preprocess_ms"": 1901.73, ""dropped_frames_due_to_full_queue"": 632}}, ""total"": {""total_throughput_fps"": 18.86, ""avg_throughput_fps"": 6.29}, ""devices"": {""npu1"": {""queue_wait_ms_p95"": 0.0, ""t_preload_ms"": 464.87}, ""cpu"": {""queue_wait_ms_p95"": 0.0}}, ""derived"": {""drop_rate_fps"": 21.0667, ""drop_count"": 632, ""window_sec"": 30.0, ""throughput_norm"": 0.47, ""drop_rate_norm"": 0.83}, ""score"": 0.3, ""schedule_file"": ""model_schedules_rbrsyb_4x.yaml""}"
"{""timestamp"": ""2026-01-05 10:50:55"", ""window_sec"": 30.0, ""combination"": ""combination_4"", ""models"": {""view1"": {""model"": ""resnet50_big"", ""execution"": ""CPU"", ""throughput_fps"": 7.78, ""avg_inference_time_ms"": 128.53, ""inference_count"": 220, ""avg_wait_to_preprocess_ms"": 0.0, ""dropped_frames_due_to_full_queue"": 0}, ""view2"": {""model"": ""resnet50_small"", ""execution"": ""NPU0"", ""throughput_fps"": 17.03, ""avg_inference_time_ms"": 58.74, ""inference_count"": 231, ""avg_wait_to_preprocess_ms"": 0.0, ""dropped_frames_due_to_full_queue"": 0}, ""view3"": {""model"": ""yolov3_big"", ""execution"": ""CPU"", ""throughput_fps"": 1.22, ""avg_inference_time_ms"": 823.04, ""inference_count"": 34, ""avg_wait_to_preprocess_ms"": 7372.85, ""dropped_frames_due_to_full_queue"": 750}}, ""total"": {""total_throughput_fps"": 26.02, ""avg_throughput_fps"": 8.67}, ""devices"": {""npu0"": {""queue_wait_ms_p95"": 0.0, ""t_preload_ms"": 33.52}, ""cpu"": {""queue_wait_ms_p95"": 7372.85}}, ""derived"": {""drop_rate_fps"": 25.0, ""drop_count"": 750, ""window_sec"": 30.0, ""throughput_norm"": 0.64, ""drop_rate_norm"": 0.98}, ""score"": 0.44, ""schedule_file"": ""model_schedules_rbrsyb_4x.yaml""}"
"{""timestamp"": ""2026-01-05 10:51:26"", ""window_sec"": 30.0, ""combination"": ""combination_5"", ""models"": {""view1"": {""model"": ""resnet50_big"", ""execution"": ""CPU"", ""throughput_fps"": 9.54, ""avg_inference_time_ms"": 104.78, ""inference_count"": 230, ""avg_wait_to_preprocess_ms"": 0.0, ""dropped_frames_due_to_full_queue"": 0}, ""view2"": {""model"": ""resnet50_small"", ""execution"": ""NPU0"", ""throughput_fps"": 17.39, ""avg_inference_time_ms"": 57.52, ""inference_count"": 230, ""avg_wait_to_preprocess_ms"": 0.0, ""dropped_frames_due_to_full_queue"": 0}, ""view3"": {""model"": ""yolov3_big"", ""execution"": ""NPU1"", ""throughput_fps"": 8.17, ""avg_inference_time_ms"": 122.47, ""inference_count"": 92, ""avg_wait_to_preprocess_ms"": 1534.67, ""dropped_frames_due_to_full_queue"": 559}}, ""total"": {""total_throughput_fps"": 35.1, ""avg_throughput_fps"": 11.7}, ""devices"": {""npu1"": {""queue_wait_ms_p95"": 0.0, ""t_preload_ms"": 464.87}, ""npu0"": {""queue_wait_ms_p95"": 0.0, ""t_preload_ms"": 33.52}, ""cpu"": {""queue_wait_ms_p95"": 0.0}}, ""derived"": {""drop_rate_fps"": 18.6333, ""drop_count"": 559, ""window_sec"": 30.0, ""throughput_norm"": 0.87, ""drop_rate_norm"": 0.73}, ""score"": 0.72, ""schedule_file"": ""model_schedules_rbrsyb_4x.yaml""}"
"{""timestamp"": ""2026-01-05 10:51:57"", ""window_sec"": 30.0, ""combination"": ""combination_6"", ""models"": {""view1"": {""model"": ""resnet50_big"", ""execution"": ""CPU"", ""throughput_fps"": 7.28, ""avg_inference_time_ms"": 137.43, ""inference_count"": 207, ""avg_wait_to_preprocess_ms"": 0.0, ""dropped_frames_due_to_full_queue"": 0}, ""view2"": {""model"": ""resnet50_small"", ""execution"": ""NPU1"", ""throughput_fps"": 16.67, ""avg_inference_time_ms"": 59.99, ""inference_count"": 229, ""avg_wait_to_preprocess_ms"": 0.0, ""dropped_frames_due_to_full_queue"": 0}, ""view3"": {""model"": ""yolov3_big"", ""execution"": ""CPU"", ""throughput_fps"": 1.18, ""avg_inference_time_ms"": 847.29, ""inference_count"": 33, ""avg_wait_to_preprocess_ms"": 7494.85, ""dropped_frames_due_to_full_queue"": 581}}, ""total"": {""total_throughput_fps"": 25.13, ""avg_throughput_fps"": 8.38}, ""devices"": {""npu1"": {""queue_wait_ms_p95"": 0.0, ""t_preload_ms"": 464.87}, ""cpu"": {""queue_wait_ms_p95"": 7494.85}}, ""derived"": {""drop_rate_fps"": 19.3667, ""drop_count"": 581, ""window_sec"": 30.0, ""throughput_norm"": 0.62, ""drop_rate_norm"": 0.76}, ""score"": 0.47, ""schedule_file"": ""model_schedules_rbrsyb_4x.yaml""}"
"{""timestamp"": ""2026-01-05 10:52:28"", ""window_sec"": 30.0, ""combination"": ""combination_7"", ""models"": {""view1"": {""model"": ""resnet50_big"", ""execution"": ""CPU"", ""throughput_fps"": 9.35, ""avg_inference_time_ms"": 106.99, ""inference_count"": 229, ""avg_wait_to_preprocess_ms"": 0.0, ""dropped_frames_due_to_full_queue"": 0}, ""view2"": {""model"": ""resnet50_small"", ""execution"": ""NPU1"", ""throughput_fps"": 17.28, ""avg_inference_time_ms"": 57.86, ""inference_count"": 229, ""avg_wait_to_preprocess_ms"": 0.0, ""dropped_frames_due_to_full_queue"": 0}, ""view3"": {""model"": ""yolov3_big"", ""execution"": ""NPU0"", ""throughput_fps"": 8.78, ""avg_inference_time_ms"": 113.9, ""inference_count"": 99, ""avg_wait_to_preprocess_ms"": 1421.21, ""dropped_frames_due_to_full_queue"": 426}}, ""total"": {""total_throughput_fps"": 35.41, ""avg_throughput_fps"": 11.8}, ""devices"": {""npu1"": {""queue_wait_ms_p95"": 0.0, ""t_preload_ms"": 464.87}, ""cpu"": {""queue_wait_ms_p95"": 0.0}, ""npu0"": {""queue_wait_ms_p95"": 0.0, ""t_preload_ms"": 33.52}}, ""derived"": {""drop_rate_fps"": 14.2, ""drop_count"": 426, ""window_sec"": 30.0, ""throughput_norm"": 0.87, ""drop_rate_norm"": 0.56}, ""score"": 0.76, ""schedule_file"": ""model_schedules_rbrsyb_4x.yaml""}"
"{""timestamp"": ""2026-01-05 10:52:59"", ""window_sec"": 30.0, ""combination"": ""combination_8"", ""models"": {""view1"": {""model"": ""resnet50_big"", ""execution"": ""NPU0"", ""throughput_fps"": 17.02, ""avg_inference_time_ms"": 58.76, ""inference_count"": 228, ""avg_wait_to_preprocess_ms"": 0.0, ""dropped_frames_due_to_full_queue"": 0}, ""view2"": {""model"": ""resnet50_small"", ""execution"": ""CPU"", ""throughput_fps"": 7.4, ""avg_inference_time_ms"": 135.1, ""inference_count"": 209, ""avg_wait_to_preprocess_ms"": 0.0, ""dropped_frames_due_to_full_queue"": 0}, ""view3"": {""model"": ""yolov3_big"", ""execution"": ""CPU"", ""throughput_fps"": 1.18, ""avg_inference_time_ms"": 844.86, ""inference_count"": 33, ""avg_wait_to_preprocess_ms"": 7538.24, ""dropped_frames_due_to_full_queue"": 519}}, ""total"": {""total_throughput_fps"": 25.6, ""avg_throughput_fps"": 8.53}, ""devices"": {""npu0"": {""queue_wait_ms_p95"": 0.0, ""t_preload_ms"": 33.52}, ""cpu"": {""queue_wait_ms_p95"": 7538.24}}, ""derived"": {""drop_rate_fps"": 17.3, ""drop_count"": 519, ""window_sec"": 30.0, ""throughput_norm"": 0.63, ""drop_rate_norm"": 0.68}, ""score"": 0.49, ""schedule_file"": ""model_schedules_rbrsyb_4x.yaml""}"
"{""timestamp"": ""2026-01-05 10:53:30"", ""window_sec"": 30.0, ""combination"": ""combination_9"", ""models"": {""view1"": {""model"": ""resnet50_big"", ""execution"": ""NPU0"", ""throughput_fps"": 17.76, ""avg_inference_time_ms"": 56.31, ""inference_count"": 228, ""avg_wait_to_preprocess_ms"": 0.0, ""dropped_frames_due_to_full_queue"": 0}, ""view2"": {""model"": ""resnet50_small"", ""execution"": ""CPU"", ""throughput_fps"": 9.92, ""avg_inference_time_ms"": 100.85, ""inference_count"": 228, ""avg_wait_to_preprocess_ms"": 0.0, ""dropped_frames_due_to_full_queue"": 0}, ""view3"": {""model"": ""yolov3_big"", ""execution"": ""NPU1"", ""throughput_fps"": 8.11, ""avg_inference_time_ms"": 123.24, ""inference_count"": 92, ""avg_wait_to_preprocess_ms"": 1518.14, ""dropped_frames_due_to_full_queue"": 303}}, ""total"": {""total_throughput_fps"": 35.79, ""avg_throughput_fps"": 11.93}, ""devices"": {""npu1"": {""queue_wait_ms_p95"": 0.0, ""t_preload_ms"": 464.87}, ""npu0"": {""queue_wait_ms_p95"": 0.0, ""t_preload_ms"": 33.52}, ""cpu"": {""queue_wait_ms_p95"": 0.0}}, ""derived"": {""drop_rate_fps"": 10.1, ""drop_count"": 303, ""window_sec"": 30.0, ""throughput_norm"": 0.88, ""drop_rate_norm"": 0.4}, ""score"": 0.8, ""schedule_file"": ""model_schedules_rbrsyb_4x.yaml""}"
"{""timestamp"": ""2026-01-05 10:54:07"", ""window_sec"": 30.0, ""combination"": ""combination_1"", ""models"": {""view1"": {""model"": ""resnet50_big"", ""execution"": ""CPU"", ""throughput_fps"": 4.25, ""avg_inference_time_ms"": 235.52, ""inference_count"": 62, ""avg_wait_to_preprocess_ms"": 0.0, ""dropped_frames_due_to_full_queue"": 0}, ""view2"": {""model"": ""resnet50_small"", ""execution"": ""CPU"", ""throughput_fps"": 3.71, ""avg_inference_time_ms"": 269.19, ""inference_count"": 62, ""avg_wait_to_preprocess_ms"": 0.0, ""dropped_frames_due_to_full_queue"": 0}, ""view3"": {""model"": ""yolov3_big"", ""execution"": ""CPU"", ""throughput_fps"": 0.98, ""avg_inference_time_ms"": 1023.67, ""inference_count"": 28, ""avg_wait_to_preprocess_ms"": 8777.74, ""dropped_frames_due_to_full_queue"": 756}, ""view4"": {""model"": ""yolov3_small"", ""execution"": ""CPU"", ""throughput_fps"": 0.92, ""avg_inference_time_ms"": 1090.63, ""inference_count"": 26, ""avg_wait_to_preprocess_ms"": 9257.24, ""dropped_frames_due_to_full_queue"": 768}}, ""total"": {""total_throughput_fps"": 9.85, ""avg_throughput_fps"": 2.46}, ""devices"": {""cpu"": {""queue_wait_ms_p95"": 9257.24}}, ""derived"": {""drop_rate_fps"": 50.8, ""drop_count"": 1524, ""window_sec"": 30.0, ""throughput_norm"": 0.26, ""drop_rate_norm"": 1.0}, ""score"": 0.06, ""schedule_file"": ""model_schedules_rbrsybys.yaml""}"
"{""timestamp"": ""2026-01-05 10:54:37"", ""window_sec"": 30.0, ""combination"": ""combination_10"", ""models"": {""view1"": {""model"": ""resnet50_big"", ""execution"": ""CPU"", ""throughput_fps"": 6.1, ""avg_inference_time_ms"": 163.93, ""inference_count"": 60, ""avg_wait_to_preprocess_ms"": 0.0, ""dropped_frames_due_to_full_queue"": 0}, ""view2"": {""model"": ""resnet50_small"", ""execution"": ""NPU0"", ""throughput_fps"": 16.36, ""avg_inference_time_ms"": 61.14, ""inference_count"": 60, ""avg_wait_to_preprocess_ms"": 0.0, ""dropped_frames_due_to_full_queue"": 0}, ""view3"": {""model"": ""yolov3_big"", ""execution"": ""NPU1"", ""throughput_fps"": 8.2, ""avg_inference_time_ms"": 121.97, ""inference_count"": 94, ""avg_wait_to_preprocess_ms"": 1511.23, ""dropped_frames_due_to_full_queue"": 500}, ""view4"": {""model"": ""yolov3_small"", ""execution"": ""CPU"", ""throughput_fps"": 2.12, ""avg_inference_time_ms"": 470.89, ""inference_count"": 59, ""avg_wait_to_preprocess_ms"": 4518.33, ""dropped_frames_due_to_full_queue"": 705}}, ""total"": {""total_throughput_fps"": 32.78, ""avg_throughput_fps"": 8.19}, ""devices"": {""npu1"": {""queue_wait_ms_p95"": 0.0, ""t_preload_ms"": 464.87}, ""npu0"": {""queue_wait_ms_p95"": 0.0, ""t_preload_ms"": 33.52}, ""cpu"": {""queue_wait_ms_p95"": 4518.33}}, ""derived"": {""drop_rate_fps"": 40.1667, ""drop_count"": 1205, ""window_sec"": 30.0, ""throughput_norm"": 0.88, ""drop_rate_norm"": 0.79}, ""score"": 0.72, ""schedule_file"": ""model_schedules_rbrsybys.yaml""}"
"{""timestamp"": ""2026-01-05 10:55:09"", ""window_sec"": 30.0, ""combination"": ""combination_11"", ""models"": {""view1"": {""model"": ""resnet50_big"", ""execution"": ""CPU"", ""throughput_fps"": 4.85, ""avg_inference_time_ms"": 206.32, ""inference_count"": 60, ""avg_wait_to_preprocess_ms"": 0.0, ""dropped_frames_due_to_full_queue"": 0}, ""view2"": {""model"": ""resnet50_small"", ""execution"": ""NPU1"", ""throughput_fps"": 15.71, ""avg_inference_time_ms"": 63.66, ""inference_count"": 60, ""avg_wait_to_preprocess_ms"": 0.0, ""dropped_frames_due_to_full_queue"": 0}, ""view3"": {""model"": ""yolov3_big"", ""execution"": ""CPU"", ""throughput_fps"": 1.25, ""avg_inference_time_ms"": 801.76, ""inference_count"": 35, ""avg_wait_to_preprocess_ms"": 7228.73, ""dropped_frames_due_to_full_queue"": 730}, ""view4"": {""model"": ""yolov3_small"", ""execution"": ""CPU"", ""throughput_fps"": 1.25, ""avg_inference_time_ms"": 799.9, ""inference_count"": 35, ""avg_wait_to_preprocess_ms"": 7202.33, ""dropped_frames_due_to_full_queue"": 731}}, ""total"": {""total_throughput_fps"": 23.05, ""avg_throughput_fps"": 5.76}, ""devices"": {""npu1"": {""queue_wait_ms_p95"": 0.0, ""t_preload_ms"": 464.87}, ""cpu"": {""queue_wait_ms_p95"": 7228.73}}, ""derived"": {""drop_rate_fps"": 48.7, ""drop_count"": 1461, ""window_sec"": 30.0, ""throughput_norm"": 0.62, ""drop_rate_norm"": 0.96}, ""score"": 0.43, ""schedule_file"": ""model_schedules_rbrsybys.yaml""}"
"{""timestamp"": ""2026-01-05 10:55:40"", ""window_sec"": 30.0, ""combination"": ""combination_12"", ""models"": {""view1"": {""model"": ""resnet50_big"", ""execution"": ""CPU"", ""throughput_fps"": 5.67, ""avg_inference_time_ms"": 176.35, ""inference_count"": 60, ""avg_wait_to_preprocess_ms"": 0.0, ""dropped_frames_due_to_full_queue"": 0}, ""view2"": {""model"": ""resnet50_small"", ""execution"": ""NPU1"", ""throughput_fps"": 15.92, ""avg_inference_time_ms"": 62.83, ""inference_count"": 60, ""avg_wait_to_preprocess_ms"": 0.0, ""dropped_frames_due_to_full_queue"": 0}, ""view3"": {""model"": ""yolov3_big"", ""execution"": ""CPU"", ""throughput_fps"": 1.9, ""avg_inference_time_ms"": 526.48, ""inference_count"": 53, ""avg_wait_to_preprocess_ms"": 5031.52, ""dropped_frames_due_to_full_queue"": 712}, ""view4"": {""model"": ""yolov3_small"", ""execution"": ""NPU0"", ""throughput_fps"": 11.23, ""avg_inference_time_ms"": 89.03, ""inference_count"": 122, ""avg_wait_to_preprocess_ms"": 1162.96, ""dropped_frames_due_to_full_queue"": 422}}, ""total"": {""total_throughput_fps"": 34.72, ""avg_throughput_fps"": 8.68}, ""devices"": {""npu1"": {""queue_wait_ms_p95"": 0.0, ""t_preload_ms"": 464.87}, ""npu0"": {""queue_wait_ms_p95"": 0.0, ""t_preload_ms"": 33.52}, ""cpu"": {""queue_wait_ms_p95"": 5031.52}}, ""derived"": {""drop_rate_fps"": 37.8, ""drop_count"": 1134, ""window_sec"": 30.0, ""throughput_norm"": 0.93, ""drop_rate_norm"": 0.74}, ""score"": 0.78, ""schedule_file"": ""model_schedules_rbrsybys.yaml""}"
"{""timestamp"": ""2026-01-05 10:56:10"", ""window_sec"": 30.0, ""combination"": ""combination_13"", ""models"": {""view1"": {""model"": ""resnet50_big"", ""execution"": ""CPU"", ""throughput_fps"": 5.62, ""avg_inference_time_ms"": 178.05, ""inference_count"": 60, ""avg_wait_to_preprocess_ms"": 0.0, ""dropped_frames_due_to_full_queue"": 0}, ""view2"": {""model"": ""resnet50_small"", ""execution"": ""NPU1"", ""throughput_fps"": 16.01, ""avg_inference_time_ms"": 62.45, ""inference_count"": 60, ""avg_wait_to_preprocess_ms"": 0.0, ""dropped_frames_due_to_full_queue"": 0}, ""view3"": {""model"": ""yolov3_big"", ""execution"": ""NPU0"", ""throughput_fps"": 8.78, ""avg_inference_time_ms"": 113.85, ""inference_count"": 99, ""avg_wait_to_preprocess_ms"": 1428.35, ""dropped_frames_due_to_full_queue"": 490}, ""view4"": {""model"": ""yolov3_small"", ""execution"": ""CPU"", ""throughput_fps"": 1.98, ""avg_inference_time_ms"": 505.86, ""inference_count"": 55, ""avg_wait_to_preprocess_ms"": 4867.93, ""dropped_frames_due_to_full_queue"": 706}}, ""total"": {""total_throughput_fps"": 32.39, ""avg_throughput_fps"": 8.1}, ""devices"": {""npu1"": {""queue_wait_ms_p95"": 0.0, ""t_preload_ms"": 464.87}, ""npu0"": {""queue_wait_ms_p95"": 0.0, ""t_preload_ms"": 33.52}, ""cpu"": {""queue_wait_ms_p95"": 4867.93}}, ""derived"": {""drop_rate_fps"": 39.8667, ""drop_count"": 1196, ""window_sec"": 30.0, ""throughput_norm"": 0.87, ""drop_rate_norm"": 0.78}, ""score"": 0.71, ""schedule_file"": ""model_schedules_rbrsybys.yaml""}"
"{""timestamp"": ""2026-01-05 10:56:41"", ""window_sec"": 30.0, ""combination"": ""combination_14"", ""models"": {""view1"": {""model"": ""resnet50_big"", ""execution"": ""NPU0"", ""throughput_fps"": 16.08, ""avg_inference_time_ms"": 62.19, ""inference_count"": 60, ""avg_wait_to_preprocess_ms"": 0.0, ""dropped_frames_due_to_full_queue"": 0}, ""view2"": {""model"": ""resnet50_small"", ""execution"": ""CPU"", ""throughput_fps"": 5.06, ""avg_inference_time_ms"": 197.56, ""inference_count"": 60, ""avg_wait_to_preprocess_ms"": 0.0, ""dropped_frames_due_to_full_queue"": 0}, ""view3"": {""model"": ""yolov3_big"", ""execution"": ""CPU"", ""throughput_fps"": 1.23, ""avg_inference_time_ms"": 814.65, ""inference_count"": 34, ""avg_wait_to_preprocess_ms"": 7136.05, ""dropped_frames_due_to_full_queue"": 731}, ""view4"": {""model"": ""yolov3_small"", ""execution"": ""CPU"", ""throughput_fps"": 1.23, ""avg_inference_time_ms"": 812.96, ""inference_count"": 34, ""avg_wait_to_preprocess_ms"": 7224.89, ""dropped_frames_due_to_full_queue"": 738}}, ""total"": {""total_throughput_fps"": 23.6, ""avg_throughput_fps"": 5.9}, ""devices"": {""npu0"": {""queue_wait_ms_p95"": 0.0, ""t_preload_ms"": 33.52}, ""cpu"": {""queue_wait_ms_p95"": 7224.89}}, ""derived"": {""drop_rate_fps"": 48.9667, ""drop_count"": 1469, ""window_sec"": 30.0, ""throughput_norm"": 0.63, ""drop_rate_norm"": 0.96}, ""score"": 0.44, ""schedule_file"": ""model_schedules_rbrsybys.yaml""}"
"{""timestamp"": ""2026-01-05 10:57:13"", ""window_sec"": 30.0, ""combination"": ""combination_15"", ""models"": {""view1"": {""model"": ""resnet50_big"", ""execution"": ""NPU0"", ""throughput_fps"": 16.32, ""avg_inference_time_ms"": 61.26, ""inference_count"": 60, ""avg_wait_to_preprocess_ms"": 0.0, ""dropped_frames_due_to_full_queue"": 0}, ""view2"": {""model"": ""resnet50_small"", ""execution"": ""CPU"", ""throughput_fps"": 5.38, ""avg_inference_time_ms"": 185.92, ""inference_count"": 60, ""avg_wait_to_preprocess_ms"": 0.0, ""dropped_frames_due_to_full_queue"": 0}, ""view3"": {""model"": ""yolov3_big"", ""execution"": ""CPU"", ""throughput_fps"": 1.75, ""avg_inference_time_ms"": 570.4, ""inference_count"": 49, ""avg_wait_to_preprocess_ms"": 5389.73, ""dropped_frames_due_to_full_queue"": 720}, ""view4"": {""model"": ""yolov3_small"", ""execution"": ""NPU1"", ""throughput_fps"": 9.79, ""avg_inference_time_ms"": 102.14, ""inference_count"": 110, ""avg_wait_to_preprocess_ms"": 1292.35, ""dropped_frames_due_to_full_queue"": 461}}, ""total"": {""total_throughput_fps"": 33.25, ""avg_throughput_fps"": 8.31}, ""devices"": {""npu1"": {""queue_wait_ms_p95"": 0.0, ""t_preload_ms"": 464.87}, ""npu0"": {""queue_wait_ms_p95"": 0.0, ""t_preload_ms"": 33.52}, ""cpu"": {""queue_wait_ms_p95"": 5389.73}}, ""derived"": {""drop_rate_fps"": 39.3667, ""drop_count"": 1181, ""window_sec"": 30.0, ""throughput_norm"": 0.89, ""drop_rate_norm"": 0.77}, ""score"": 0.74, ""schedule_file"": ""model_schedules_rbrsybys.yaml""}"
"{""timestamp"": ""2026-01-05 10:57:43"", ""window_sec"": 30.0, ""combination"": ""combination_16"", ""models"": {""view1"": {""model"": ""resnet50_big"", ""execution"": ""NPU0"", ""throughput_fps"": 16.64, ""avg_inference_time_ms"": 60.09, ""inference_count"": 60, ""avg_wait_to_preprocess_ms"": 0.0, ""dropped_frames_due_to_full_queue"": 0}, ""view2"": {""model"": ""resnet50_small"", ""execution"": ""CPU"", ""throughput_fps"": 5.35, ""avg_inference_time_ms"": 186.79, ""inference_count"": 60, ""avg_wait_to_preprocess_ms"": 0.0, ""dropped_frames_due_to_full_queue"": 0}, ""view3"": {""model"": ""yolov3_big"", ""execution"": ""NPU1"", ""throughput_fps"": 7.78, ""avg_inference_time_ms"": 128.51, ""inference_count"": 90, ""avg_wait_to_preprocess_ms"": 1562.32, ""dropped_frames_due_to_full_queue"": 502}, ""view4"": {""model"": ""yolov3_small"", ""execution"": ""CPU"", ""throughput_fps"": 1.89, ""avg_inference_time_ms"": 528.9, ""inference_count"": 52, ""avg_wait_to_preprocess_ms"": 5066.44, ""dropped_frames_due_to_full_queue"": 715}}, ""total"": {""total_throughput_fps"": 31.67, ""avg_throughput_fps"": 7.92}, ""devices"": {""npu1"": {""queue_wait_ms_p95"": 0.0, ""t_preload_ms"": 464.87}, ""npu0"": {""queue_wait_ms_p95"": 0.0, ""t_preload_ms"": 33.52}, ""cpu"": {""queue_wait_ms_p95"": 5066.44}}, ""derived"": {""drop_rate_fps"": 40.5667, ""drop_count"": 1217, ""window_sec"": 30.0, ""throughput_norm"": 0.85, ""drop_rate_norm"": 0.8}, ""score"": 0.69, ""schedule_file"": ""model_schedules_rbrsybys.yaml""}"
"{""timestamp"": ""2026-01-05 10:58:14"", ""window_sec"": 30.0, ""combination"": ""combination_17"", ""models"": {""view1"": {""model"": ""resnet50_big"", ""execution"": ""NPU0"", ""throughput_fps"": 16.53, ""avg_inference_time_ms"": 60.51, ""inference_count"": 60, ""avg_wait_to_preprocess_ms"": 0.0, ""dropped_frames_due_to_full_queue"": 0}, ""view2"": {""model"": ""resnet50_small"", ""execution"": ""NPU1"", ""throughput_fps"": 17.4, ""avg_inference_time_ms"": 57.47, ""inference_count"": 60, ""avg_wait_to_preprocess_ms"": 0.0, ""dropped_frames_due_to_full_queue"": 0}, ""view3"": {""model"": ""yolov3_big"", ""execution"": ""CPU"", ""throughput_fps"": 1.65, ""avg_inference_time_ms"": 604.45, ""inference_count"": 46, ""avg_wait_to_preprocess_ms"": 5610.79, ""dropped_frames_due_to_full_queue"": 707}, ""view4"": {""model"": ""yolov3_small"", ""execution"": ""CPU"", ""throughput_fps"": 1.62, ""avg_inference_time_ms"": 615.85, ""inference_count"": 45, ""avg_wait_to_preprocess_ms"": 5726.75, ""dropped_frames_due_to_full_queue"": 709}}, ""total"": {""total_throughput_fps"": 37.21, ""avg_throughput_fps"": 9.3}, ""devices"": {""npu1"": {""queue_wait_ms_p95"": 0.0, ""t_preload_ms"": 464.87}, ""npu0"": {""queue_wait_ms_p95"": 0.0, ""t_preload_ms"": 33.52}, ""cpu"": {""queue_wait_ms_p95"": 5726.75}}, ""derived"": {""drop_rate_fps"": 47.2, ""drop_count"": 1416, ""window_sec"": 30.0, ""throughput_norm"": 1.0, ""drop_rate_norm"": 0.93}, ""score"": 0.81, ""schedule_file"": ""model_schedules_rbrsybys.yaml""}"
"{""timestamp"": ""2026-01-05 10:58:45"", ""window_sec"": 30.0, ""combination"": ""combination_18"", ""models"": {""view1"": {""model"": ""resnet50_big"", ""execution"": ""NPU1"", ""throughput_fps"": 14.94, ""avg_inference_time_ms"": 66.94, ""inference_count"": 60, ""avg_wait_to_preprocess_ms"": 0.0, ""dropped_frames_due_to_full_queue"": 0}, ""view2"": {""model"": ""resnet50_small"", ""execution"": ""CPU"", ""throughput_fps"": 4.6, ""avg_inference_time_ms"": 217.37, ""inference_count"": 60, ""avg_wait_to_preprocess_ms"": 0.0, ""dropped_frames_due_to_full_queue"": 0}, ""view3"": {""model"": ""yolov3_big"", ""execution"": ""CPU"", ""throughput_fps"": 1.12, ""avg_inference_time_ms"": 890.1, ""inference_count"": 31, ""avg_wait_to_preprocess_ms"": 7844.96, ""dropped_frames_due_to_full_queue"": 637}, ""view4"": {""model"": ""yolov3_small"", ""execution"": ""CPU"", ""throughput_fps"": 1.12, ""avg_inference_time_ms"": 896.71, ""inference_count"": 31, ""avg_wait_to_preprocess_ms"": 7915.65, ""dropped_frames_due_to_full_queue"": 633}}, ""total"": {""total_throughput_fps"": 21.78, ""avg_throughput_fps"": 5.44}, ""devices"": {""npu1"": {""queue_wait_ms_p95"": 0.0, ""t_preload_ms"": 464.87}, ""cpu"": {""queue_wait_ms_p95"": 7915.65}}, ""derived"": {""drop_rate_fps"": 42.3333, ""drop_count"": 1270, ""window_sec"": 30.0, ""throughput_norm"": 0.58, ""drop_rate_norm"": 0.83}, ""score"": 0.41, ""schedule_file"": ""model_schedules_rbrsybys.yaml""}"
"{""timestamp"": ""2026-01-05 10:59:17"", ""window_sec"": 30.0, ""combination"": ""combination_19"", ""models"": {""view1"": {""model"": ""resnet50_big"", ""execution"": ""NPU1"", ""throughput_fps"": 15.59, ""avg_inference_time_ms"": 64.14, ""inference_count"": 60, ""avg_wait_to_preprocess_ms"": 0.0, ""dropped_frames_due_to_full_queue"": 0}, ""view2"": {""model"": ""resnet50_small"", ""execution"": ""CPU"", ""throughput_fps"": 4.61, ""avg_inference_time_ms"": 216.89, ""inference_count"": 59, ""avg_wait_to_preprocess_ms"": 0.0, ""dropped_frames_due_to_full_queue"": 0}, ""view3"": {""model"": ""yolov3_big"", ""execution"": ""CPU"", ""throughput_fps"": 1.4, ""avg_inference_time_ms"": 713.55, ""inference_count"": 39, ""avg_wait_to_preprocess_ms"": 6563.44, ""dropped_frames_due_to_full_queue"": 533}, ""view4"": {""model"": ""yolov3_small"", ""execution"": ""NPU0"", ""throughput_fps"": 10.24, ""avg_inference_time_ms"": 97.63, ""inference_count"": 114, ""avg_wait_to_preprocess_ms"": 1228.61, ""dropped_frames_due_to_full_queue"": 296}}, ""total"": {""total_throughput_fps"": 31.85, ""avg_throughput_fps"": 7.96}, ""devices"": {""npu1"": {""queue_wait_ms_p95"": 0.0, ""t_preload_ms"": 464.87}, ""npu0"": {""queue_wait_ms_p95"": 0.0, ""t_preload_ms"": 33.52}, ""cpu"": {""queue_wait_ms_p95"": 6563.44}}, ""derived"": {""drop_rate_fps"": 27.6333, ""drop_count"": 829, ""window_sec"": 30.0, ""throughput_norm"": 0.85, ""drop_rate_norm"": 0.54}, ""score"": 0.74, ""schedule_file"": ""model_schedules_rbrsybys.yaml""}"
"{""timestamp"": ""2026-01-05 10:59:48"", ""window_sec"": 30.0, ""combination"": ""combination_2"", ""models"": {""view1"": {""model"": ""resnet50_big"", ""execution"": ""CPU"", ""throughput_fps"": 3.75, ""avg_inference_time_ms"": 266.59, ""inference_count"": 61, ""avg_wait_to_preprocess_ms"": 0.0, ""dropped_frames_due_to_full_queue"": 0}, ""view2"": {""model"": ""resnet50_small"", ""execution"": ""CPU"", ""throughput_fps"": 3.54, ""avg_inference_time_ms"": 282.44, ""inference_count"": 61, ""avg_wait_to_preprocess_ms"": 0.0, ""dropped_frames_due_to_full_queue"": 0}, ""view3"": {""model"": ""yolov3_big"", ""execution"": ""CPU"", ""throughput_fps"": 0.89, ""avg_inference_time_ms"": 1128.83, ""inference_count"": 25, ""avg_wait_to_preprocess_ms"": 9480.9, ""dropped_frames_due_to_full_queue"": 521}, ""view4"": {""model"": ""yolov3_small"", ""execution"": ""NPU0"", ""throughput_fps"": 9.15, ""avg_inference_time_ms"": 109.27, ""inference_count"": 97, ""avg_wait_to_preprocess_ms"": 1489.58, ""dropped_frames_due_to_full_queue"": 316}}, ""total"": {""total_throughput_fps"": 17.33, ""avg_throughput_fps"": 4.33}, ""devices"": {""npu0"": {""queue_wait_ms_p95"": 0.0, ""t_preload_ms"": 33.52}, ""cpu"": {""queue_wait_ms_p95"": 9480.9}}, ""derived"": {""drop_rate_fps"": 27.9, ""drop_count"": 837, ""window_sec"": 30.0, ""throughput_norm"": 0.46, ""drop_rate_norm"": 0.55}, ""score"": 0.35, ""schedule_file"": ""model_schedules_rbrsybys.yaml""}"
"{""timestamp"": ""2026-01-05 11:00:20"", ""window_sec"": 30.0, ""combination"": ""combination_20"", ""models"": {""view1"": {""model"": ""resnet50_big"", ""execution"": ""NPU1"", ""throughput_fps"": 16.02, ""avg_inference_time_ms"": 62.43, ""inference_count"": 60, ""avg_wait_to_preprocess_ms"": 0.0, ""dropped_frames_due_to_full_queue"": 0}, ""view2"": {""model"": ""resnet50_small"", ""execution"": ""CPU"", ""throughput_fps"": 4.83, ""avg_inference_time_ms"": 206.96, ""inference_count"": 60, ""avg_wait_to_preprocess_ms"": 0.0, ""dropped_frames_due_to_full_queue"": 0}, ""view3"": {""model"": ""yolov3_big"", ""execution"": ""NPU0"", ""throughput_fps"": 8.09, ""avg_inference_time_ms"": 123.68, ""inference_count"": 94, ""avg_wait_to_preprocess_ms"": 1474.86, ""dropped_frames_due_to_full_queue"": 291}, ""view4"": {""model"": ""yolov3_small"", ""execution"": ""CPU"", ""throughput_fps"": 1.66, ""avg_inference_time_ms"": 600.83, ""inference_count"": 46, ""avg_wait_to_preprocess_ms"": 5677.76, ""dropped_frames_due_to_full_queue"": 455}}, ""total"": {""total_throughput_fps"": 30.6, ""avg_throughput_fps"": 7.65}, ""devices"": {""npu1"": {""queue_wait_ms_p95"": 0.0, ""t_preload_ms"": 464.87}, ""npu0"": {""queue_wait_ms_p95"": 0.0, ""t_preload_ms"": 33.52}, ""cpu"": {""queue_wait_ms_p95"": 5677.76}}, ""derived"": {""drop_rate_fps"": 24.8667, ""drop_count"": 746, ""window_sec"": 30.0, ""throughput_norm"": 0.82, ""drop_rate_norm"": 0.49}, ""score"": 0.72, ""schedule_file"": ""model_schedules_rbrsybys.yaml""}"
"{""timestamp"": ""2026-01-05 11:00:52"", ""window_sec"": 30.0, ""combination"": ""combination_21"", ""models"": {""view1"": {""model"": ""resnet50_big"", ""execution"": ""NPU1"", ""throughput_fps"": 16.34, ""avg_inference_time_ms"": 61.21, ""inference_count"": 62, ""avg_wait_to_preprocess_ms"": 0.0, ""dropped_frames_due_to_full_queue"": 0}, ""view2"": {""model"": ""resnet50_small"", ""execution"": ""NPU0"", ""throughput_fps"": 17.78, ""avg_inference_time_ms"": 56.26, ""inference_count"": 62, ""avg_wait_to_preprocess_ms"": 0.0, ""dropped_frames_due_to_full_queue"": 0}, ""view3"": {""model"": ""yolov3_big"", ""execution"": ""CPU"", ""throughput_fps"": 1.66, ""avg_inference_time_ms"": 602.45, ""inference_count"": 48, ""avg_wait_to_preprocess_ms"": 5650.86, ""dropped_frames_due_to_full_queue"": 439}, ""view4"": {""model"": ""yolov3_small"", ""execution"": ""CPU"", ""throughput_fps"": 1.6, ""avg_inference_time_ms"": 626.29, ""inference_count"": 46, ""avg_wait_to_preprocess_ms"": 5842.52, ""dropped_frames_due_to_full_queue"": 442}}, ""total"": {""total_throughput_fps"": 37.37, ""avg_throughput_fps"": 9.34}, ""devices"": {""npu1"": {""queue_wait_ms_p95"": 0.0, ""t_preload_ms"": 464.87}, ""npu0"": {""queue_wait_ms_p95"": 0.0, ""t_preload_ms"": 33.52}, ""cpu"": {""queue_wait_ms_p95"": 5842.52}}, ""derived"": {""drop_rate_fps"": 29.3667, ""drop_count"": 881, ""window_sec"": 30.0, ""throughput_norm"": 1.0, ""drop_rate_norm"": 0.58}, ""score"": 0.88, ""schedule_file"": ""model_schedules_rbrsybys.yaml""}"
"{""timestamp"": ""2026-01-05 11:01:24"", ""window_sec"": 30.0, ""combination"": ""combination_3"", ""models"": {""view1"": {""model"": ""resnet50_big"", ""execution"": ""CPU"", ""throughput_fps"": 3.95, ""avg_inference_time_ms"": 253.1, ""inference_count"": 61, ""avg_wait_to_preprocess_ms"": 0.0, ""dropped_frames_due_to_full_queue"": 0}, ""view2"": {""model"": ""resnet50_small"", ""execution"": ""CPU"", ""throughput_fps"": 3.49, ""avg_inference_time_ms"": 286.27, ""inference_count"": 61, ""avg_wait_to_preprocess_ms"": 0.0, ""dropped_frames_due_to_full_queue"": 0}, ""view3"": {""model"": ""yolov3_big"", ""execution"": ""CPU"", ""throughput_fps"": 0.91, ""avg_inference_time_ms"": 1103.54, ""inference_count"": 26, ""avg_wait_to_preprocess_ms"": 9406.87, ""dropped_frames_due_to_full_queue"": 338}, ""view4"": {""model"": ""yolov3_small"", ""execution"": ""NPU1"", ""throughput_fps"": 8.41, ""avg_inference_time_ms"": 118.85, ""inference_count"": 90, ""avg_wait_to_preprocess_ms"": 1578.23, ""dropped_frames_due_to_full_queue"": 174}}, ""total"": {""total_throughput_fps"": 16.76, ""avg_throughput_fps"": 4.19}, ""devices"": {""npu1"": {""queue_wait_ms_p95"": 0.0, ""t_preload_ms"": 464.87}, ""cpu"": {""queue_wait_ms_p95"": 9406.87}}, ""derived"": {""drop_rate_fps"": 17.0667, ""drop_count"": 512, ""window_sec"": 30.0, ""throughput_norm"": 0.45, ""drop_rate_norm"": 0.34}, ""score"": 0.38, ""schedule_file"": ""model_schedules_rbrsybys.yaml""}"
"{""timestamp"": ""2026-01-05 11:01:56"", ""window_sec"": 30.0, ""combination"": ""combination_4"", ""models"": {""view1"": {""model"": ""resnet50_big"", ""execution"": ""CPU"", ""throughput_fps"": 3.77, ""avg_inference_time_ms"": 265.12, ""inference_count"": 61, ""avg_wait_to_preprocess_ms"": 0.0, ""dropped_frames_due_to_full_queue"": 0}, ""view2"": {""model"": ""resnet50_small"", ""execution"": ""CPU"", ""throughput_fps"": 3.78, ""avg_inference_time_ms"": 264.42, ""inference_count"": 61, ""avg_wait_to_preprocess_ms"": 0.0, ""dropped_frames_due_to_full_queue"": 0}, ""view3"": {""model"": ""yolov3_big"", ""execution"": ""NPU0"", ""throughput_fps"": 7.05, ""avg_inference_time_ms"": 141.75, ""inference_count"": 79, ""avg_wait_to_preprocess_ms"": 1797.28, ""dropped_frames_due_to_full_queue"": 197}, ""view4"": {""model"": ""yolov3_small"", ""execution"": ""CPU"", ""throughput_fps"": 0.88, ""avg_inference_time_ms"": 1142.02, ""inference_count"": 25, ""avg_wait_to_preprocess_ms"": 9836.31, ""dropped_frames_due_to_full_queue"": 344}}, ""total"": {""total_throughput_fps"": 15.48, ""avg_throughput_fps"": 3.87}, ""devices"": {""npu0"": {""queue_wait_ms_p95"": 0.0, ""t_preload_ms"": 33.52}, ""cpu"": {""queue_wait_ms_p95"": 9836.31}}, ""derived"": {""drop_rate_fps"": 18.0333, ""drop_count"": 541, ""window_sec"": 30.0, ""throughput_norm"": 0.41, ""drop_rate_norm"": 0.35}, ""score"": 0.34, ""schedule_file"": ""model_schedules_rbrsybys.yaml""}"
"{""timestamp"": ""2026-01-05 11:02:28"", ""window_sec"": 30.0, ""combination"": ""combination_5"", ""models"": {""view1"": {""model"": ""resnet50_big"", ""execution"": ""CPU"", ""throughput_fps"": 4.07, ""avg_inference_time_ms"": 245.61, ""inference_count"": 61, ""avg_wait_to_preprocess_ms"": 0.0, ""dropped_frames_due_to_full_queue"": 0}, ""view2"": {""model"": ""resnet50_small"", ""execution"": ""CPU"", ""throughput_fps"": 3.67, ""avg_inference_time_ms"": 272.52, ""inference_count"": 61, ""avg_wait_to_preprocess_ms"": 0.0, ""dropped_frames_due_to_full_queue"": 0}, ""view3"": {""model"": ""yolov3_big"", ""execution"": ""NPU0"", ""throughput_fps"": 8.09, ""avg_inference_time_ms"": 123.59, ""inference_count"": 96, ""avg_wait_to_preprocess_ms"": 1472.87, ""dropped_frames_due_to_full_queue"": 124}, ""view4"": {""model"": ""yolov3_small"", ""execution"": ""NPU1"", ""throughput_fps"": 8.97, ""avg_inference_time_ms"": 111.46, ""inference_count"": 101, ""avg_wait_to_preprocess_ms"": 1402.74, ""dropped_frames_due_to_full_queue"": 105}}, ""total"": {""total_throughput_fps"": 24.8, ""avg_throughput_fps"": 6.2}, ""devices"": {""npu1"": {""queue_wait_ms_p95"": 0.0, ""t_preload_ms"": 464.87}, ""npu0"": {""queue_wait_ms_p95"": 0.0, ""t_preload_ms"": 33.52}, ""cpu"": {""queue_wait_ms_p95"": 0.0}}, ""derived"": {""drop_rate_fps"": 7.6333, ""drop_count"": 229, ""window_sec"": 30.0, ""throughput_norm"": 0.66, ""drop_rate_norm"": 0.15}, ""score"": 0.63, ""schedule_file"": ""model_schedules_rbrsybys.yaml""}"
"{""timestamp"": ""2026-01-05 11:03:00"", ""window_sec"": 30.0, ""combination"": ""combination_6"", ""models"": {""view1"": {""model"": ""resnet50_big"", ""execution"": ""CPU"", ""throughput_fps"": 3.88, ""avg_inference_time_ms"": 257.46, ""inference_count"": 61, ""avg_wait_to_preprocess_ms"": 0.0, ""dropped_frames_due_to_full_queue"": 0}, ""view2"": {""model"": ""resnet50_small"", ""execution"": ""CPU"", ""throughput_fps"": 3.35, ""avg_inference_time_ms"": 298.1, ""inference_count"": 61, ""avg_wait_to_preprocess_ms"": 0.0, ""dropped_frames_due_to_full_queue"": 0}, ""view3"": {""model"": ""yolov3_big"", ""execution"": ""NPU1"", ""throughput_fps"": 6.76, ""avg_inference_time_ms"": 147.97, ""inference_count"": 75, ""avg_wait_to_preprocess_ms"": 1874.46, ""dropped_frames_due_to_full_queue"": 90}, ""view4"": {""model"": ""yolov3_small"", ""execution"": ""CPU"", ""throughput_fps"": 0.89, ""avg_inference_time_ms"": 1124.44, ""inference_count"": 25, ""avg_wait_to_preprocess_ms"": 9406.47, ""dropped_frames_due_to_full_queue"": 216}}, ""total"": {""total_throughput_fps"": 14.89, ""avg_throughput_fps"": 3.72}, ""devices"": {""npu1"": {""queue_wait_ms_p95"": 0.0, ""t_preload_ms"": 464.87}, ""cpu"": {""queue_wait_ms_p95"": 9406.47}}, ""derived"": {""drop_rate_fps"": 10.2, ""drop_count"": 306, ""window_sec"": 30.0, ""throughput_norm"": 0.4, ""drop_rate_norm"": 0.2}, ""score"": 0.36, ""schedule_file"": ""model_schedules_rbrsybys.yaml""}"
"{""timestamp"": ""2026-01-05 11:03:32"", ""window_sec"": 30.0, ""combination"": ""combination_7"", ""models"": {""view1"": {""model"": ""resnet50_big"", ""execution"": ""CPU"", ""throughput_fps"": 4.36, ""avg_inference_time_ms"": 229.38, ""inference_count"": 61, ""avg_wait_to_preprocess_ms"": 0.0, ""dropped_frames_due_to_full_queue"": 0}, ""view2"": {""model"": ""resnet50_small"", ""execution"": ""CPU"", ""throughput_fps"": 3.87, ""avg_inference_time_ms"": 258.19, ""inference_count"": 61, ""avg_wait_to_preprocess_ms"": 0.0, ""dropped_frames_due_to_full_queue"": 0}, ""view3"": {""model"": ""yolov3_big"", ""execution"": ""NPU1"", ""throughput_fps"": 7.17, ""avg_inference_time_ms"": 139.56, ""inference_count"": 83, ""avg_wait_to_preprocess_ms"": 1667.21, ""dropped_frames_due_to_full_queue"": 92}, ""view4"": {""model"": ""yolov3_small"", ""execution"": ""NPU0"", ""throughput_fps"": 10.31, ""avg_inference_time_ms"": 96.95, ""inference_count"": 113, ""avg_wait_to_preprocess_ms"": 580.63, ""dropped_frames_due_to_full_queue"": 26}}, ""total"": {""total_throughput_fps"": 25.71, ""avg_throughput_fps"": 6.43}, ""devices"": {""npu1"": {""queue_wait_ms_p95"": 0.0, ""t_preload_ms"": 464.87}, ""npu0"": {""queue_wait_ms_p95"": 0.0, ""t_preload_ms"": 33.52}, ""cpu"": {""queue_wait_ms_p95"": 0.0}}, ""derived"": {""drop_rate_fps"": 3.9333, ""drop_count"": 118, ""window_sec"": 30.0, ""throughput_norm"": 0.69, ""drop_rate_norm"": 0.08}, ""score"": 0.67, ""schedule_file"": ""model_schedules_rbrsybys.yaml""}"
"{""timestamp"": ""2026-01-05 11:04:04"", ""window_sec"": 30.0, ""combination"": ""combination_8"", ""models"": {""view1"": {""model"": ""resnet50_big"", ""execution"": ""CPU"", ""throughput_fps"": 4.57, ""avg_inference_time_ms"": 218.87, ""inference_count"": 61, ""avg_wait_to_preprocess_ms"": 0.0, ""dropped_frames_due_to_full_queue"": 0}, ""view2"": {""model"": ""resnet50_small"", ""execution"": ""NPU0"", ""throughput_fps"": 18.57, ""avg_inference_time_ms"": 53.84, ""inference_count"": 61, ""avg_wait_to_preprocess_ms"": 0.0, ""dropped_frames_due_to_full_queue"": 0}, ""view3"": {""model"": ""yolov3_big"", ""execution"": ""CPU"", ""throughput_fps"": 1.16, ""avg_inference_time_ms"": 859.97, ""inference_count"": 33, ""avg_wait_to_preprocess_ms"": 7612.09, ""dropped_frames_due_to_full_queue"": 171}, ""view4"": {""model"": ""yolov3_small"", ""execution"": ""CPU"", ""throughput_fps"": 1.16, ""avg_inference_time_ms"": 858.44, ""inference_count"": 33, ""avg_wait_to_preprocess_ms"": 7556.2, ""dropped_frames_due_to_full_queue"": 171}}, ""total"": {""total_throughput_fps"": 25.47, ""avg_throughput_fps"": 6.37}, ""devices"": {""npu0"": {""queue_wait_ms_p95"": 0.0, ""t_preload_ms"": 33.52}, ""cpu"": {""queue_wait_ms_p95"": 7612.09}}, ""derived"": {""drop_rate_fps"": 11.4, ""drop_count"": 342, ""window_sec"": 30.0, ""throughput_norm"": 0.68, ""drop_rate_norm"": 0.22}, ""score"": 0.64, ""schedule_file"": ""model_schedules_rbrsybys.yaml""}"
"{""timestamp"": ""2026-01-05 11:04:36"", ""window_sec"": 30.0, ""combination"": ""combination_9"", ""models"": {""view1"": {""model"": ""resnet50_big"", ""execution"": ""CPU"", ""throughput_fps"": 5.08, ""avg_inference_time_ms"": 196.98, ""inference_count"": 61, ""avg_wait_to_preprocess_ms"": 0.0, ""dropped_frames_due_to_full_queue"": 0}, ""view2"": {""model"": ""resnet50_small"", ""execution"": ""NPU0"", ""throughput_fps"": 18.42, ""avg_inference_time_ms"": 54.29, ""inference_count"": 61, ""avg_wait_to_preprocess_ms"": 0.0, ""dropped_frames_due_to_full_queue"": 0}, ""view3"": {""model"": ""yolov3_big"", ""execution"": ""CPU"", ""throughput_fps"": 1.65, ""avg_inference_time_ms"": 605.48, ""inference_count"": 47, ""avg_wait_to_preprocess_ms"": 5636.41, ""dropped_frames_due_to_full_queue"": 176}, ""view4"": {""model"": ""yolov3_small"", ""execution"": ""NPU1"", ""throughput_fps"": 9.85, ""avg_inference_time_ms"": 101.47, ""inference_count"": 102, ""avg_wait_to_preprocess_ms"": 389.77, ""dropped_frames_due_to_full_queue"": 19}}, ""total"": {""total_throughput_fps"": 35.0, ""avg_throughput_fps"": 8.75}, ""devices"": {""npu1"": {""queue_wait_ms_p95"": 0.0, ""t_preload_ms"": 464.87}, ""npu0"": {""queue_wait_ms_p95"": 0.0, ""t_preload_ms"": 33.52}, ""cpu"": {""queue_wait_ms_p95"": 5636.41}}, ""derived"": {""drop_rate_fps"": 6.5, ""drop_count"": 195, ""window_sec"": 30.0, ""throughput_norm"": 0.94, ""drop_rate_norm"": 0.13}, ""score"": 0.91, ""schedule_file"": ""model_schedules_rbrsybys.yaml""}"
"{""timestamp"": ""2026-01-05 11:05:11"", ""window_sec"": 30.0, ""combination"": ""combination_1"", ""models"": {""view1"": {""model"": ""resnet50_big"", ""execution"": ""CPU"", ""throughput_fps"": 4.3, ""avg_inference_time_ms"": 232.77, ""inference_count"": 121, ""avg_wait_to_preprocess_ms"": 0.0, ""dropped_frames_due_to_full_queue"": 0}, ""view2"": {""model"": ""resnet50_small"", ""execution"": ""CPU"", ""throughput_fps"": 4.05, ""avg_inference_time_ms"": 246.87, ""inference_count"": 118, ""avg_wait_to_preprocess_ms"": 0.0, ""dropped_frames_due_to_full_queue"": 0}, ""view3"": {""model"": ""yolov3_big"", ""execution"": ""CPU"", ""throughput_fps"": 0.64, ""avg_inference_time_ms"": 1571.47, ""inference_count"": 18, ""avg_wait_to_preprocess_ms"": 12072.79, ""dropped_frames_due_to_full_queue"": 779}, ""view4"": {""model"": ""yolov3_small"", ""execution"": ""CPU"", ""throughput_fps"": 0.65, ""avg_inference_time_ms"": 1544.36, ""inference_count"": 18, ""avg_wait_to_preprocess_ms"": 12008.45, ""dropped_frames_due_to_full_queue"": 779}}, ""total"": {""total_throughput_fps"": 9.63, ""avg_throughput_fps"": 2.41}, ""devices"": {""cpu"": {""queue_wait_ms_p95"": 12072.79}}, ""derived"": {""drop_rate_fps"": 51.9333, ""drop_count"": 1558, ""window_sec"": 30.0, ""throughput_norm"": 0.25, ""drop_rate_norm"": 1.0}, ""score"": 0.05, ""schedule_file"": ""model_schedules_rbrsybys_2x.yaml""}"
"{""timestamp"": ""2026-01-05 11:05:42"", ""window_sec"": 30.0, ""combination"": ""combination_10"", ""models"": {""view1"": {""model"": ""resnet50_big"", ""execution"": ""CPU"", ""throughput_fps"": 5.94, ""avg_inference_time_ms"": 168.28, ""inference_count"": 118, ""avg_wait_to_preprocess_ms"": 0.0, ""dropped_frames_due_to_full_queue"": 0}, ""view2"": {""model"": ""resnet50_small"", ""execution"": ""NPU0"", ""throughput_fps"": 19.89, ""avg_inference_time_ms"": 50.28, ""inference_count"": 118, ""avg_wait_to_preprocess_ms"": 0.0, ""dropped_frames_due_to_full_queue"": 0}, ""view3"": {""model"": ""yolov3_big"", ""execution"": ""NPU1"", ""throughput_fps"": 7.58, ""avg_inference_time_ms"": 131.94, ""inference_count"": 86, ""avg_wait_to_preprocess_ms"": 1654.75, ""dropped_frames_due_to_full_queue"": 622}, ""view4"": {""model"": ""yolov3_small"", ""execution"": ""CPU"", ""throughput_fps"": 1.3, ""avg_inference_time_ms"": 771.11, ""inference_count"": 36, ""avg_wait_to_preprocess_ms"": 6944.6, ""dropped_frames_due_to_full_queue"": 757}}, ""total"": {""total_throughput_fps"": 34.71, ""avg_throughput_fps"": 8.68}, ""devices"": {""npu0"": {""queue_wait_ms_p95"": 0.0, ""t_preload_ms"": 33.52}, ""cpu"": {""queue_wait_ms_p95"": 6944.6}, ""npu1"": {""queue_wait_ms_p95"": 0.0, ""t_preload_ms"": 464.87}}, ""derived"": {""drop_rate_fps"": 45.9667, ""drop_count"": 1379, ""window_sec"": 30.0, ""throughput_norm"": 0.92, ""drop_rate_norm"": 0.89}, ""score"": 0.74, ""schedule_file"": ""model_schedules_rbrsybys_2x.yaml""}"
"{""timestamp"": ""2026-01-05 11:06:13"", ""window_sec"": 30.0, ""combination"": ""combination_11"", ""models"": {""view1"": {""model"": ""resnet50_big"", ""execution"": ""CPU"", ""throughput_fps"": 6.0, ""avg_inference_time_ms"": 166.61, ""inference_count"": 118, ""avg_wait_to_preprocess_ms"": 0.0, ""dropped_frames_due_to_full_queue"": 0}, ""view2"": {""model"": ""resnet50_small"", ""execution"": ""NPU1"", ""throughput_fps"": 16.05, ""avg_inference_time_ms"": 62.3, ""inference_count"": 118, ""avg_wait_to_preprocess_ms"": 0.0, ""dropped_frames_due_to_full_queue"": 0}, ""view3"": {""model"": ""yolov3_big"", ""execution"": ""CPU"", ""throughput_fps"": 1.0, ""avg_inference_time_ms"": 999.65, ""inference_count"": 28, ""avg_wait_to_preprocess_ms"": 8790.3, ""dropped_frames_due_to_full_queue"": 759}, ""view4"": {""model"": ""yolov3_small"", ""execution"": ""CPU"", ""throughput_fps"": 1.0, ""avg_inference_time_ms"": 997.93, ""inference_count"": 28, ""avg_wait_to_preprocess_ms"": 8563.77, ""dropped_frames_due_to_full_queue"": 759}}, ""total"": {""total_throughput_fps"": 24.06, ""avg_throughput_fps"": 6.01}, ""devices"": {""cpu"": {""queue_wait_ms_p95"": 8790.3}, ""npu1"": {""queue_wait_ms_p95"": 0.0, ""t_preload_ms"": 464.87}}, ""derived"": {""drop_rate_fps"": 50.6, ""drop_count"": 1518, ""window_sec"": 30.0, ""throughput_norm"": 0.64, ""drop_rate_norm"": 0.97}, ""score"": 0.45, ""schedule_file"": ""model_schedules_rbrsybys_2x.yaml""}"
"{""timestamp"": ""2026-01-05 11:06:44"", ""window_sec"": 30.0, ""combination"": ""combination_12"", ""models"": {""view1"": {""model"": ""resnet50_big"", ""execution"": ""CPU"", ""throughput_fps"": 5.74, ""avg_inference_time_ms"": 174.37, ""inference_count"": 118, ""avg_wait_to_preprocess_ms"": 0.0, ""dropped_frames_due_to_full_queue"": 0}, ""view2"": {""model"": ""resnet50_small"", ""execution"": ""NPU1"", ""throughput_fps"": 16.27, ""avg_inference_time_ms"": 61.46, ""inference_count"": 118, ""avg_wait_to_preprocess_ms"": 0.0, ""dropped_frames_due_to_full_queue"": 0}, ""view3"": {""model"": ""yolov3_big"", ""execution"": ""CPU"", ""throughput_fps"": 1.03, ""avg_inference_time_ms"": 970.77, ""inference_count"": 29, ""avg_wait_to_preprocess_ms"": 8274.51, ""dropped_frames_due_to_full_queue"": 749}, ""view4"": {""model"": ""yolov3_small"", ""execution"": ""NPU0"", ""throughput_fps"": 10.3, ""avg_inference_time_ms"": 97.13, ""inference_count"": 107, ""avg_wait_to_preprocess_ms"": 1322.16, ""dropped_frames_due_to_full_queue"": 564}}, ""total"": {""total_throughput_fps"": 33.33, ""avg_throughput_fps"": 8.33}, ""devices"": {""npu0"": {""queue_wait_ms_p95"": 0.0, ""t_preload_ms"": 33.52}, ""cpu"": {""queue_wait_ms_p95"": 8274.51}, ""npu1"": {""queue_wait_ms_p95"": 0.0, ""t_preload_ms"": 464.87}}, ""derived"": {""drop_rate_fps"": 43.7667, ""drop_count"": 1313, ""window_sec"": 30.0, ""throughput_norm"": 0.88, ""drop_rate_norm"": 0.84}, ""score"": 0.71, ""schedule_file"": ""model_schedules_rbrsybys_2x.yaml""}"
"{""timestamp"": ""2026-01-05 11:07:16"", ""window_sec"": 30.0, ""combination"": ""combination_13"", ""models"": {""view1"": {""model"": ""resnet50_big"", ""execution"": ""CPU"", ""throughput_fps"": 5.56, ""avg_inference_time_ms"": 179.74, ""inference_count"": 118, ""avg_wait_to_preprocess_ms"": 0.0, ""dropped_frames_due_to_full_queue"": 0}, ""view2"": {""model"": ""resnet50_small"", ""execution"": ""NPU1"", ""throughput_fps"": 16.53, ""avg_inference_time_ms"": 60.49, ""inference_count"": 118, ""avg_wait_to_preprocess_ms"": 0.0, ""dropped_frames_due_to_full_queue"": 0}, ""view3"": {""model"": ""yolov3_big"", ""execution"": ""NPU0"", ""throughput_fps"": 8.2, ""avg_inference_time_ms"": 121.91, ""inference_count"": 92, ""avg_wait_to_preprocess_ms"": 1549.3, ""dropped_frames_due_to_full_queue"": 605}, ""view4"": {""model"": ""yolov3_small"", ""execution"": ""CPU"", ""throughput_fps"": 1.07, ""avg_inference_time_ms"": 935.74, ""inference_count"": 30, ""avg_wait_to_preprocess_ms"": 8189.09, ""dropped_frames_due_to_full_queue"": 758}}, ""total"": {""total_throughput_fps"": 31.37, ""avg_throughput_fps"": 7.84}, ""devices"": {""npu0"": {""queue_wait_ms_p95"": 0.0, ""t_preload_ms"": 33.52}, ""cpu"": {""queue_wait_ms_p95"": 8189.09}, ""npu1"": {""queue_wait_ms_p95"": 0.0, ""t_preload_ms"": 464.87}}, ""derived"": {""drop_rate_fps"": 45.4333, ""drop_count"": 1363, ""window_sec"": 30.0, ""throughput_norm"": 0.83, ""drop_rate_norm"": 0.87}, ""score"": 0.66, ""schedule_file"": ""model_schedules_rbrsybys_2x.yaml""}"
"{""timestamp"": ""2026-01-05 11:07:46"", ""window_sec"": 30.0, ""combination"": ""combination_14"", ""models"": {""view1"": {""model"": ""resnet50_big"", ""execution"": ""NPU0"", ""throughput_fps"": 16.53, ""avg_inference_time_ms"": 60.5, ""inference_count"": 118, ""avg_wait_to_preprocess_ms"": 0.0, ""dropped_frames_due_to_full_queue"": 0}, ""view2"": {""model"": ""resnet50_small"", ""execution"": ""CPU"", ""throughput_fps"": 4.9, ""avg_inference_time_ms"": 204.05, ""inference_count"": 118, ""avg_wait_to_preprocess_ms"": 0.0, ""dropped_frames_due_to_full_queue"": 0}, ""view3"": {""model"": ""yolov3_big"", ""execution"": ""CPU"", ""throughput_fps"": 0.94, ""avg_inference_time_ms"": 1068.3, ""inference_count"": 26, ""avg_wait_to_preprocess_ms"": 8933.56, ""dropped_frames_due_to_full_queue"": 758}, ""view4"": {""model"": ""yolov3_small"", ""execution"": ""CPU"", ""throughput_fps"": 0.93, ""avg_inference_time_ms"": 1071.09, ""inference_count"": 26, ""avg_wait_to_preprocess_ms"": 9070.03, ""dropped_frames_due_to_full_queue"": 758}}, ""total"": {""total_throughput_fps"": 23.3, ""avg_throughput_fps"": 5.83}, ""devices"": {""npu0"": {""queue_wait_ms_p95"": 0.0, ""t_preload_ms"": 33.52}, ""cpu"": {""queue_wait_ms_p95"": 9070.03}}, ""derived"": {""drop_rate_fps"": 50.5333, ""drop_count"": 1516, ""window_sec"": 30.0, ""throughput_norm"": 0.62, ""drop_rate_norm"": 0.97}, ""score"": 0.43, ""schedule_file"": ""model_schedules_rbrsybys_2x.yaml""}"
"{""timestamp"": ""2026-01-05 11:08:18"", ""window_sec"": 30.0, ""combination"": ""combination_15"", ""models"": {""view1"": {""model"": ""resnet50_big"", ""execution"": ""NPU0"", ""throughput_fps"": 16.36, ""avg_inference_time_ms"": 61.11, ""inference_count"": 118, ""avg_wait_to_preprocess_ms"": 0.0, ""dropped_frames_due_to_full_queue"": 0}, ""view2"": {""model"": ""resnet50_small"", ""execution"": ""CPU"", ""throughput_fps"": 5.27, ""avg_inference_time_ms"": 189.8, ""inference_count"": 117, ""avg_wait_to_preprocess_ms"": 0.0, ""dropped_frames_due_to_full_queue"": 0}, ""view3"": {""model"": ""yolov3_big"", ""execution"": ""CPU"", ""throughput_fps"": 1.03, ""avg_inference_time_ms"": 971.5, ""inference_count"": 29, ""avg_wait_to_preprocess_ms"": 8429.1, ""dropped_frames_due_to_full_queue"": 753}, ""view4"": {""model"": ""yolov3_small"", ""execution"": ""NPU1"", ""throughput_fps"": 9.41, ""avg_inference_time_ms"": 106.33, ""inference_count"": 101, ""avg_wait_to_preprocess_ms"": 1394.95, ""dropped_frames_due_to_full_queue"": 580}}, ""total"": {""total_throughput_fps"": 32.07, ""avg_throughput_fps"": 8.02}, ""devices"": {""npu0"": {""queue_wait_ms_p95"": 0.0, ""t_preload_ms"": 33.52}, ""cpu"": {""queue_wait_ms_p95"": 8429.1}, ""npu1"": {""queue_wait_ms_p95"": 0.0, ""t_preload_ms"": 464.87}}, ""derived"": {""drop_rate_fps"": 44.4333, ""drop_count"": 1333, ""window_sec"": 30.0, ""throughput_norm"": 0.85, ""drop_rate_norm"": 0.86}, ""score"": 0.68, ""schedule_file"": ""model_schedules_rbrsybys_2x.yaml""}"
"{""timestamp"": ""2026-01-05 11:08:48"", ""window_sec"": 30.0, ""combination"": ""combination_16"", ""models"": {""view1"": {""model"": ""resnet50_big"", ""execution"": ""NPU0"", ""throughput_fps"": 16.29, ""avg_inference_time_ms"": 61.38, ""inference_count"": 117, ""avg_wait_to_preprocess_ms"": 0.0, ""dropped_frames_due_to_full_queue"": 0}, ""view2"": {""model"": ""resnet50_small"", ""execution"": ""CPU"", ""throughput_fps"": 5.42, ""avg_inference_time_ms"": 184.59, ""inference_count"": 117, ""avg_wait_to_preprocess_ms"": 0.0, ""dropped_frames_due_to_full_queue"": 0}, ""view3"": {""model"": ""yolov3_big"", ""execution"": ""NPU1"", ""throughput_fps"": 7.43, ""avg_inference_time_ms"": 134.65, ""inference_count"": 84, ""avg_wait_to_preprocess_ms"": 1685.91, ""dropped_frames_due_to_full_queue"": 591}, ""view4"": {""model"": ""yolov3_small"", ""execution"": ""CPU"", ""throughput_fps"": 1.07, ""avg_inference_time_ms"": 933.35, ""inference_count"": 30, ""avg_wait_to_preprocess_ms"": 8076.84, ""dropped_frames_due_to_full_queue"": 728}}, ""total"": {""total_throughput_fps"": 30.21, ""avg_throughput_fps"": 7.55}, ""devices"": {""npu0"": {""queue_wait_ms_p95"": 0.0, ""t_preload_ms"": 33.52}, ""cpu"": {""queue_wait_ms_p95"": 8076.84}, ""npu1"": {""queue_wait_ms_p95"": 0.0, ""t_preload_ms"": 464.87}}, ""derived"": {""drop_rate_fps"": 43.9667, ""drop_count"": 1319, ""window_sec"": 30.0, ""throughput_norm"": 0.8, ""drop_rate_norm"": 0.85}, ""score"": 0.63, ""schedule_file"": ""model_schedules_rbrsybys_2x.yaml""}"
"{""timestamp"": ""2026-01-05 11:09:19"", ""window_sec"": 30.0, ""combination"": ""combination_17"", ""models"": {""view1"": {""model"": ""resnet50_big"", ""execution"": ""NPU0"", ""throughput_fps"": 16.78, ""avg_inference_time_ms"": 59.6, ""inference_count"": 118, ""avg_wait_to_preprocess_ms"": 0.0, ""dropped_frames_due_to_full_queue"": 0}, ""view2"": {""model"": ""resnet50_small"", ""execution"": ""NPU1"", ""throughput_fps"": 17.92, ""avg_inference_time_ms"": 55.8, ""inference_count"": 118, ""avg_wait_to_preprocess_ms"": 0.0, ""dropped_frames_due_to_full_queue"": 0}, ""view3"": {""model"": ""yolov3_big"", ""execution"": ""CPU"", ""throughput_fps"": 1.59, ""avg_inference_time_ms"": 628.96, ""inference_count"": 44, ""avg_wait_to_preprocess_ms"": 5896.84, ""dropped_frames_due_to_full_queue"": 685}, ""view4"": {""model"": ""yolov3_small"", ""execution"": ""CPU"", ""throughput_fps"": 1.56, ""avg_inference_time_ms"": 641.58, ""inference_count"": 43, ""avg_wait_to_preprocess_ms"": 5960.48, ""dropped_frames_due_to_full_queue"": 686}}, ""total"": {""total_throughput_fps"": 37.85, ""avg_throughput_fps"": 9.46}, ""devices"": {""npu0"": {""queue_wait_ms_p95"": 0.0, ""t_preload_ms"": 33.52}, ""cpu"": {""queue_wait_ms_p95"": 5960.48}, ""npu1"": {""queue_wait_ms_p95"": 0.0, ""t_preload_ms"": 464.87}}, ""derived"": {""drop_rate_fps"": 45.7, ""drop_count"": 1371, ""window_sec"": 30.0, ""throughput_norm"": 1.0, ""drop_rate_norm"": 0.88}, ""score"": 0.82, ""schedule_file"": ""model_schedules_rbrsybys_2x.yaml""}"
"{""timestamp"": ""2026-01-05 11:09:51"", ""window_sec"": 30.0, ""combination"": ""combination_18"", ""models"": {""view1"": {""model"": ""resnet50_big"", ""execution"": ""NPU1"", ""throughput_fps"": 15.41, ""avg_inference_time_ms"": 64.88, ""inference_count"": 117, ""avg_wait_to_preprocess_ms"": 0.0, ""dropped_frames_due_to_full_queue"": 0}, ""view2"": {""model"": ""resnet50_small"", ""execution"": ""CPU"", ""throughput_fps"": 4.99, ""avg_inference_time_ms"": 200.24, ""inference_count"": 116, ""avg_wait_to_preprocess_ms"": 0.0, ""dropped_frames_due_to_full_queue"": 0}, ""view3"": {""model"": ""yolov3_big"", ""execution"": ""CPU"", ""throughput_fps"": 0.86, ""avg_inference_time_ms"": 1163.82, ""inference_count"": 24, ""avg_wait_to_preprocess_ms"": 9731.54, ""dropped_frames_due_to_full_queue"": 625}, ""view4"": {""model"": ""yolov3_small"", ""execution"": ""CPU"", ""throughput_fps"": 0.84, ""avg_inference_time_ms"": 1193.72, ""inference_count"": 23, ""avg_wait_to_preprocess_ms"": 9962.08, ""dropped_frames_due_to_full_queue"": 626}}, ""total"": {""total_throughput_fps"": 22.1, ""avg_throughput_fps"": 5.53}, ""devices"": {""cpu"": {""queue_wait_ms_p95"": 9962.08}, ""npu1"": {""queue_wait_ms_p95"": 0.0, ""t_preload_ms"": 464.87}}, ""derived"": {""drop_rate_fps"": 41.7, ""drop_count"": 1251, ""window_sec"": 30.0, ""throughput_norm"": 0.58, ""drop_rate_norm"": 0.8}, ""score"": 0.42, ""schedule_file"": ""model_schedules_rbrsybys_2x.yaml""}"
"{""timestamp"": ""2026-01-05 11:10:21"", ""window_sec"": 30.0, ""combination"": ""combination_19"", ""models"": {""view1"": {""model"": ""resnet50_big"", ""execution"": ""NPU1"", ""throughput_fps"": 15.68, ""avg_inference_time_ms"": 63.78, ""inference_count"": 117, ""avg_wait_to_preprocess_ms"": 0.0, ""dropped_frames_due_to_full_queue"": 0}, ""view2"": {""model"": ""resnet50_small"", ""execution"": ""CPU"", ""throughput_fps"": 5.12, ""avg_inference_time_ms"": 195.44, ""inference_count"": 117, ""avg_wait_to_preprocess_ms"": 0.0, ""dropped_frames_due_to_full_queue"": 0}, ""view3"": {""model"": ""yolov3_big"", ""execution"": ""CPU"", ""throughput_fps"": 0.98, ""avg_inference_time_ms"": 1023.95, ""inference_count"": 27, ""avg_wait_to_preprocess_ms"": 8676.94, ""dropped_frames_due_to_full_queue"": 505}, ""view4"": {""model"": ""yolov3_small"", ""execution"": ""NPU0"", ""throughput_fps"": 10.29, ""avg_inference_time_ms"": 97.17, ""inference_count"": 109, ""avg_wait_to_preprocess_ms"": 1286.94, ""dropped_frames_due_to_full_queue"": 314}}, ""total"": {""total_throughput_fps"": 32.06, ""avg_throughput_fps"": 8.02}, ""devices"": {""npu0"": {""queue_wait_ms_p95"": 0.0, ""t_preload_ms"": 33.52}, ""cpu"": {""queue_wait_ms_p95"": 8676.94}, ""npu1"": {""queue_wait_ms_p95"": 0.0, ""t_preload_ms"": 464.87}}, ""derived"": {""drop_rate_fps"": 27.3, ""drop_count"": 819, ""window_sec"": 30.0, ""throughput_norm"": 0.85, ""drop_rate_norm"": 0.53}, ""score"": 0.74, ""schedule_file"": ""model_schedules_rbrsybys_2x.yaml""}"
"{""timestamp"": ""2026-01-05 11:10:54"", ""window_sec"": 30.0, ""combination"": ""combination_2"", ""models"": {""view1"": {""model"": ""resnet50_big"", ""execution"": ""CPU"", ""throughput_fps"": 3.34, ""avg_inference_time_ms"": 299.77, ""inference_count"": 98, ""avg_wait_to_preprocess_ms"": 0.0, ""dropped_frames_due_to_full_queue"": 0}, ""view2"": {""model"": ""resnet50_small"", ""execution"": ""CPU"", ""throughput_fps"": 3.92, ""avg_inference_time_ms"": 255.4, ""inference_count"": 115, ""avg_wait_to_preprocess_ms"": 0.0, ""dropped_frames_due_to_full_queue"": 0}, ""view3"": {""model"": ""yolov3_big"", ""execution"": ""CPU"", ""throughput_fps"": 0.6, ""avg_inference_time_ms"": 1664.47, ""inference_count"": 17, ""avg_wait_to_preprocess_ms"": 13073.71, ""dropped_frames_due_to_full_queue"": 454}, ""view4"": {""model"": ""yolov3_small"", ""execution"": ""NPU0"", ""throughput_fps"": 8.01, ""avg_inference_time_ms"": 124.86, ""inference_count"": 82, ""avg_wait_to_preprocess_ms"": 1739.94, ""dropped_frames_due_to_full_queue"": 307}}, ""total"": {""total_throughput_fps"": 15.86, ""avg_throughput_fps"": 3.97}, ""devices"": {""npu0"": {""queue_wait_ms_p95"": 0.0, ""t_preload_ms"": 33.52}, ""cpu"": {""queue_wait_ms_p95"": 13073.71}}, ""derived"": {""drop_rate_fps"": 25.3667, ""drop_count"": 761, ""window_sec"": 30.0, ""throughput_norm"": 0.42, ""drop_rate_norm"": 0.49}, ""score"": 0.32, ""schedule_file"": ""model_schedules_rbrsybys_2x.yaml""}"
"{""timestamp"": ""2026-01-05 11:11:26"", ""window_sec"": 30.0, ""combination"": ""combination_20"", ""models"": {""view1"": {""model"": ""resnet50_big"", ""execution"": ""NPU1"", ""throughput_fps"": 16.16, ""avg_inference_time_ms"": 61.87, ""inference_count"": 120, ""avg_wait_to_preprocess_ms"": 0.0, ""dropped_frames_due_to_full_queue"": 0}, ""view2"": {""model"": ""resnet50_small"", ""execution"": ""CPU"", ""throughput_fps"": 5.28, ""avg_inference_time_ms"": 189.28, ""inference_count"": 120, ""avg_wait_to_preprocess_ms"": 0.0, ""dropped_frames_due_to_full_queue"": 0}, ""view3"": {""model"": ""yolov3_big"", ""execution"": ""NPU0"", ""throughput_fps"": 7.83, ""avg_inference_time_ms"": 127.75, ""inference_count"": 93, ""avg_wait_to_preprocess_ms"": 1558.56, ""dropped_frames_due_to_full_queue"": 244}, ""view4"": {""model"": ""yolov3_small"", ""execution"": ""CPU"", ""throughput_fps"": 1.07, ""avg_inference_time_ms"": 934.7, ""inference_count"": 31, ""avg_wait_to_preprocess_ms"": 8223.11, ""dropped_frames_due_to_full_queue"": 398}}, ""total"": {""total_throughput_fps"": 30.34, ""avg_throughput_fps"": 7.59}, ""devices"": {""npu0"": {""queue_wait_ms_p95"": 0.0, ""t_preload_ms"": 33.52}, ""cpu"": {""queue_wait_ms_p95"": 8223.11}, ""npu1"": {""queue_wait_ms_p95"": 0.0, ""t_preload_ms"": 464.87}}, ""derived"": {""drop_rate_fps"": 21.4, ""drop_count"": 642, ""window_sec"": 30.0, ""throughput_norm"": 0.8, ""drop_rate_norm"": 0.41}, ""score"": 0.72, ""schedule_file"": ""model_schedules_rbrsybys_2x.yaml""}"
"{""timestamp"": ""2026-01-05 11:11:58"", ""window_sec"": 30.0, ""combination"": ""combination_21"", ""models"": {""view1"": {""model"": ""resnet50_big"", ""execution"": ""NPU1"", ""throughput_fps"": 16.34, ""avg_inference_time_ms"": 61.18, ""inference_count"": 121, ""avg_wait_to_preprocess_ms"": 0.0, ""dropped_frames_due_to_full_queue"": 0}, ""view2"": {""model"": ""resnet50_small"", ""execution"": ""NPU0"", ""throughput_fps"": 17.61, ""avg_inference_time_ms"": 56.79, ""inference_count"": 121, ""avg_wait_to_preprocess_ms"": 0.0, ""dropped_frames_due_to_full_queue"": 0}, ""view3"": {""model"": ""yolov3_big"", ""execution"": ""CPU"", ""throughput_fps"": 1.53, ""avg_inference_time_ms"": 652.78, ""inference_count"": 44, ""avg_wait_to_preprocess_ms"": 6107.84, ""dropped_frames_due_to_full_queue"": 388}, ""view4"": {""model"": ""yolov3_small"", ""execution"": ""CPU"", ""throughput_fps"": 1.53, ""avg_inference_time_ms"": 652.04, ""inference_count"": 44, ""avg_wait_to_preprocess_ms"": 6050.88, ""dropped_frames_due_to_full_queue"": 388}}, ""total"": {""total_throughput_fps"": 37.02, ""avg_throughput_fps"": 9.25}, ""devices"": {""npu0"": {""queue_wait_ms_p95"": 0.0, ""t_preload_ms"": 33.52}, ""cpu"": {""queue_wait_ms_p95"": 6107.84}, ""npu1"": {""queue_wait_ms_p95"": 0.0, ""t_preload_ms"": 464.87}}, ""derived"": {""drop_rate_fps"": 25.8667, ""drop_count"": 776, ""window_sec"": 30.0, ""throughput_norm"": 0.98, ""drop_rate_norm"": 0.5}, ""score"": 0.88, ""schedule_file"": ""model_schedules_rbrsybys_2x.yaml""}"
"{""timestamp"": ""2026-01-05 11:12:30"", ""window_sec"": 30.0, ""combination"": ""combination_3"", ""models"": {""view1"": {""model"": ""resnet50_big"", ""execution"": ""CPU"", ""throughput_fps"": 3.73, ""avg_inference_time_ms"": 267.95, ""inference_count"": 109, ""avg_wait_to_preprocess_ms"": 0.0, ""dropped_frames_due_to_full_queue"": 0}, ""view2"": {""model"": ""resnet50_small"", ""execution"": ""CPU"", ""throughput_fps"": 3.93, ""avg_inference_time_ms"": 254.39, ""inference_count"": 113, ""avg_wait_to_preprocess_ms"": 0.0, ""dropped_frames_due_to_full_queue"": 0}, ""view3"": {""model"": ""yolov3_big"", ""execution"": ""CPU"", ""throughput_fps"": 0.64, ""avg_inference_time_ms"": 1564.37, ""inference_count"": 18, ""avg_wait_to_preprocess_ms"": 12050.76, ""dropped_frames_due_to_full_queue"": 269}, ""view4"": {""model"": ""yolov3_small"", ""execution"": ""NPU1"", ""throughput_fps"": 7.48, ""avg_inference_time_ms"": 133.74, ""inference_count"": 78, ""avg_wait_to_preprocess_ms"": 1802.88, ""dropped_frames_due_to_full_queue"": 132}}, ""total"": {""total_throughput_fps"": 15.78, ""avg_throughput_fps"": 3.94}, ""devices"": {""cpu"": {""queue_wait_ms_p95"": 12050.76}, ""npu1"": {""queue_wait_ms_p95"": 0.0, ""t_preload_ms"": 464.87}}, ""derived"": {""drop_rate_fps"": 13.3667, ""drop_count"": 401, ""window_sec"": 30.0, ""throughput_norm"": 0.42, ""drop_rate_norm"": 0.26}, ""score"": 0.37, ""schedule_file"": ""model_schedules_rbrsybys_2x.yaml""}"
"{""timestamp"": ""2026-01-05 11:13:02"", ""window_sec"": 30.0, ""combination"": ""combination_4"", ""models"": {""view1"": {""model"": ""resnet50_big"", ""execution"": ""CPU"", ""throughput_fps"": 4.1, ""avg_inference_time_ms"": 244.17, ""inference_count"": 117, ""avg_wait_to_preprocess_ms"": 0.0, ""dropped_frames_due_to_full_queue"": 0}, ""view2"": {""model"": ""resnet50_small"", ""execution"": ""CPU"", ""throughput_fps"": 3.64, ""avg_inference_time_ms"": 274.9, ""inference_count"": 106, ""avg_wait_to_preprocess_ms"": 0.0, ""dropped_frames_due_to_full_queue"": 0}, ""view3"": {""model"": ""yolov3_big"", ""execution"": ""NPU0"", ""throughput_fps"": 6.91, ""avg_inference_time_ms"": 144.66, ""inference_count"": 73, ""avg_wait_to_preprocess_ms"": 1940.34, ""dropped_frames_due_to_full_queue"": 123}, ""view4"": {""model"": ""yolov3_small"", ""execution"": ""CPU"", ""throughput_fps"": 0.63, ""avg_inference_time_ms"": 1581.33, ""inference_count"": 18, ""avg_wait_to_preprocess_ms"": 11661.63, ""dropped_frames_due_to_full_queue"": 250}}, ""total"": {""total_throughput_fps"": 15.28, ""avg_throughput_fps"": 3.82}, ""devices"": {""npu0"": {""queue_wait_ms_p95"": 0.0, ""t_preload_ms"": 33.52}, ""cpu"": {""queue_wait_ms_p95"": 11661.63}}, ""derived"": {""drop_rate_fps"": 12.4333, ""drop_count"": 373, ""window_sec"": 30.0, ""throughput_norm"": 0.4, ""drop_rate_norm"": 0.24}, ""score"": 0.35, ""schedule_file"": ""model_schedules_rbrsybys_2x.yaml""}"
"{""timestamp"": ""2026-01-05 11:13:34"", ""window_sec"": 30.0, ""combination"": ""combination_5"", ""models"": {""view1"": {""model"": ""resnet50_big"", ""execution"": ""CPU"", ""throughput_fps"": 4.37, ""avg_inference_time_ms"": 228.95, ""inference_count"": 116, ""avg_wait_to_preprocess_ms"": 0.0, ""dropped_frames_due_to_full_queue"": 0}, ""view2"": {""model"": ""resnet50_small"", ""execution"": ""CPU"", ""throughput_fps"": 3.93, ""avg_inference_time_ms"": 254.69, ""inference_count"": 112, ""avg_wait_to_preprocess_ms"": 0.0, ""dropped_frames_due_to_full_queue"": 0}, ""view3"": {""model"": ""yolov3_big"", ""execution"": ""NPU0"", ""throughput_fps"": 7.18, ""avg_inference_time_ms"": 139.28, ""inference_count"": 78, ""avg_wait_to_preprocess_ms"": 1762.67, ""dropped_frames_due_to_full_queue"": 66}, ""view4"": {""model"": ""yolov3_small"", ""execution"": ""NPU1"", ""throughput_fps"": 8.82, ""avg_inference_time_ms"": 113.36, ""inference_count"": 94, ""avg_wait_to_preprocess_ms"": 1329.32, ""dropped_frames_due_to_full_queue"": 34}}, ""total"": {""total_throughput_fps"": 24.29, ""avg_throughput_fps"": 6.07}, ""devices"": {""npu0"": {""queue_wait_ms_p95"": 0.0, ""t_preload_ms"": 33.52}, ""cpu"": {""queue_wait_ms_p95"": 0.0}, ""npu1"": {""queue_wait_ms_p95"": 0.0, ""t_preload_ms"": 464.87}}, ""derived"": {""drop_rate_fps"": 3.3333, ""drop_count"": 100, ""window_sec"": 30.0, ""throughput_norm"": 0.64, ""drop_rate_norm"": 0.06}, ""score"": 0.63, ""schedule_file"": ""model_schedules_rbrsybys_2x.yaml""}"
"{""timestamp"": ""2026-01-05 11:14:06"", ""window_sec"": 30.0, ""combination"": ""combination_6"", ""models"": {""view1"": {""model"": ""resnet50_big"", ""execution"": ""CPU"", ""throughput_fps"": 3.63, ""avg_inference_time_ms"": 275.67, ""inference_count"": 106, ""avg_wait_to_preprocess_ms"": 0.0, ""dropped_frames_due_to_full_queue"": 0}, ""view2"": {""model"": ""resnet50_small"", ""execution"": ""CPU"", ""throughput_fps"": 4.03, ""avg_inference_time_ms"": 248.25, ""inference_count"": 117, ""avg_wait_to_preprocess_ms"": 0.0, ""dropped_frames_due_to_full_queue"": 0}, ""view3"": {""model"": ""yolov3_big"", ""execution"": ""NPU1"", ""throughput_fps"": 6.49, ""avg_inference_time_ms"": 154.04, ""inference_count"": 72, ""avg_wait_to_preprocess_ms"": 1896.97, ""dropped_frames_due_to_full_queue"": 47}, ""view4"": {""model"": ""yolov3_small"", ""execution"": ""CPU"", ""throughput_fps"": 0.64, ""avg_inference_time_ms"": 1557.2, ""inference_count"": 18, ""avg_wait_to_preprocess_ms"": 12590.91, ""dropped_frames_due_to_full_queue"": 172}}, ""total"": {""total_throughput_fps"": 14.79, ""avg_throughput_fps"": 3.7}, ""devices"": {""cpu"": {""queue_wait_ms_p95"": 12590.91}, ""npu1"": {""queue_wait_ms_p95"": 0.0, ""t_preload_ms"": 464.87}}, ""derived"": {""drop_rate_fps"": 7.3, ""drop_count"": 219, ""window_sec"": 30.0, ""throughput_norm"": 0.39, ""drop_rate_norm"": 0.14}, ""score"": 0.36, ""schedule_file"": ""model_schedules_rbrsybys_2x.yaml""}"
"{""timestamp"": ""2026-01-05 11:14:38"", ""window_sec"": 30.0, ""combination"": ""combination_7"", ""models"": {""view1"": {""model"": ""resnet50_big"", ""execution"": ""CPU"", ""throughput_fps"": 4.01, ""avg_inference_time_ms"": 249.56, ""inference_count"": 115, ""avg_wait_to_preprocess_ms"": 0.0, ""dropped_frames_due_to_full_queue"": 0}, ""view2"": {""model"": ""resnet50_small"", ""execution"": ""CPU"", ""throughput_fps"": 4.25, ""avg_inference_time_ms"": 235.56, ""inference_count"": 115, ""avg_wait_to_preprocess_ms"": 0.0, ""dropped_frames_due_to_full_queue"": 0}, ""view3"": {""model"": ""yolov3_big"", ""execution"": ""NPU1"", ""throughput_fps"": 6.46, ""avg_inference_time_ms"": 154.86, ""inference_count"": 71, ""avg_wait_to_preprocess_ms"": 1913.6, ""dropped_frames_due_to_full_queue"": 52}, ""view4"": {""model"": ""yolov3_small"", ""execution"": ""NPU0"", ""throughput_fps"": 9.27, ""avg_inference_time_ms"": 107.87, ""inference_count"": 93, ""avg_wait_to_preprocess_ms"": 484.44, ""dropped_frames_due_to_full_queue"": 7}}, ""total"": {""total_throughput_fps"": 23.98, ""avg_throughput_fps"": 6.0}, ""devices"": {""npu0"": {""queue_wait_ms_p95"": 0.0, ""t_preload_ms"": 33.52}, ""cpu"": {""queue_wait_ms_p95"": 0.0}, ""npu1"": {""queue_wait_ms_p95"": 0.0, ""t_preload_ms"": 464.87}}, ""derived"": {""drop_rate_fps"": 1.9667, ""drop_count"": 59, ""window_sec"": 30.0, ""throughput_norm"": 0.63, ""drop_rate_norm"": 0.04}, ""score"": 0.62, ""schedule_file"": ""model_schedules_rbrsybys_2x.yaml""}"
"{""timestamp"": ""2026-01-05 11:15:10"", ""window_sec"": 30.0, ""combination"": ""combination_8"", ""models"": {""view1"": {""model"": ""resnet50_big"", ""execution"": ""CPU"", ""throughput_fps"": 5.06, ""avg_inference_time_ms"": 197.59, ""inference_count"": 118, ""avg_wait_to_preprocess_ms"": 0.0, ""dropped_frames_due_to_full_queue"": 0}, ""view2"": {""model"": ""resnet50_small"", ""execution"": ""NPU0"", ""throughput_fps"": 18.26, ""avg_inference_time_ms"": 54.76, ""inference_count"": 118, ""avg_wait_to_preprocess_ms"": 0.0, ""dropped_frames_due_to_full_queue"": 0}, ""view3"": {""model"": ""yolov3_big"", ""execution"": ""CPU"", ""throughput_fps"": 0.87, ""avg_inference_time_ms"": 1151.43, ""inference_count"": 25, ""avg_wait_to_preprocess_ms"": 9777.97, ""dropped_frames_due_to_full_queue"": 151}, ""view4"": {""model"": ""yolov3_small"", ""execution"": ""CPU"", ""throughput_fps"": 0.88, ""avg_inference_time_ms"": 1136.15, ""inference_count"": 25, ""avg_wait_to_preprocess_ms"": 9523.13, ""dropped_frames_due_to_full_queue"": 151}}, ""total"": {""total_throughput_fps"": 25.07, ""avg_throughput_fps"": 6.27}, ""devices"": {""npu0"": {""queue_wait_ms_p95"": 0.0, ""t_preload_ms"": 33.52}, ""cpu"": {""queue_wait_ms_p95"": 9777.97}}, ""derived"": {""drop_rate_fps"": 10.0667, ""drop_count"": 302, ""window_sec"": 30.0, ""throughput_norm"": 0.66, ""drop_rate_norm"": 0.19}, ""score"": 0.62, ""schedule_file"": ""model_schedules_rbrsybys_2x.yaml""}"
"{""timestamp"": ""2026-01-05 11:15:42"", ""window_sec"": 30.0, ""combination"": ""combination_9"", ""models"": {""view1"": {""model"": ""resnet50_big"", ""execution"": ""CPU"", ""throughput_fps"": 5.4, ""avg_inference_time_ms"": 185.09, ""inference_count"": 117, ""avg_wait_to_preprocess_ms"": 0.0, ""dropped_frames_due_to_full_queue"": 0}, ""view2"": {""model"": ""resnet50_small"", ""execution"": ""NPU0"", ""throughput_fps"": 19.29, ""avg_inference_time_ms"": 51.84, ""inference_count"": 118, ""avg_wait_to_preprocess_ms"": 0.0, ""dropped_frames_due_to_full_queue"": 0}, ""view3"": {""model"": ""yolov3_big"", ""execution"": ""CPU"", ""throughput_fps"": 1.12, ""avg_inference_time_ms"": 889.56, ""inference_count"": 32, ""avg_wait_to_preprocess_ms"": 8144.21, ""dropped_frames_due_to_full_queue"": 140}, ""view4"": {""model"": ""yolov3_small"", ""execution"": ""NPU1"", ""throughput_fps"": 9.29, ""avg_inference_time_ms"": 107.6, ""inference_count"": 78, ""avg_wait_to_preprocess_ms"": 356.26, ""dropped_frames_due_to_full_queue"": 16}}, ""total"": {""total_throughput_fps"": 35.11, ""avg_throughput_fps"": 8.78}, ""devices"": {""npu0"": {""queue_wait_ms_p95"": 0.0, ""t_preload_ms"": 33.52}, ""cpu"": {""queue_wait_ms_p95"": 8144.21}, ""npu1"": {""queue_wait_ms_p95"": 0.0, ""t_preload_ms"": 464.87}}, ""derived"": {""drop_rate_fps"": 5.2, ""drop_count"": 156, ""window_sec"": 30.0, ""throughput_norm"": 0.93, ""drop_rate_norm"": 0.1}, ""score"": 0.91, ""schedule_file"": ""model_schedules_rbrsybys_2x.yaml""}"
"{""timestamp"": ""2026-01-05 11:27:23"", ""window_sec"": 30.0, ""combination"": ""combination_1"", ""models"": {""view1"": {""model"": ""resnet50_big"", ""execution"": ""CPU"", ""throughput_fps"": 4.24, ""avg_inference_time_ms"": 235.84, ""inference_count"": 124, ""avg_wait_to_preprocess_ms"": 0.0, ""dropped_frames_due_to_full_queue"": 0}, ""view2"": {""model"": ""resnet50_small"", ""execution"": ""CPU"", ""throughput_fps"": 4.65, ""avg_inference_time_ms"": 215.05, ""inference_count"": 136, ""avg_wait_to_preprocess_ms"": 0.0, ""dropped_frames_due_to_full_queue"": 0}, ""view3"": {""model"": ""yolov3_big"", ""execution"": ""CPU"", ""throughput_fps"": 0.68, ""avg_inference_time_ms"": 1462.04, ""inference_count"": 19, ""avg_wait_to_preprocess_ms"": 12077.88, ""dropped_frames_due_to_full_queue"": 773}, ""view4"": {""model"": ""yolov3_small"", ""execution"": ""CPU"", ""throughput_fps"": 0.66, ""avg_inference_time_ms"": 1507.45, ""inference_count"": 19, ""avg_wait_to_preprocess_ms"": 11746.55, ""dropped_frames_due_to_full_queue"": 773}}, ""total"": {""total_throughput_fps"": 10.24, ""avg_throughput_fps"": 2.56}, ""devices"": {""cpu"": {""queue_wait_ms_p95"": 12077.88}}, ""derived"": {""drop_rate_fps"": 51.5333, ""drop_count"": 1546, ""window_sec"": 30.0, ""throughput_norm"": 0.27, ""drop_rate_norm"": 1.0}, ""score"": 0.07, ""schedule_file"": ""model_schedules_rbrsybys_4x.yaml""}"
"{""timestamp"": ""2026-01-05 11:27:53"", ""window_sec"": 30.0, ""combination"": ""combination_10"", ""models"": {""view1"": {""model"": ""resnet50_big"", ""execution"": ""CPU"", ""throughput_fps"": 7.04, ""avg_inference_time_ms"": 142.08, ""inference_count"": 200, ""avg_wait_to_preprocess_ms"": 0.0, ""dropped_frames_due_to_full_queue"": 0}, ""view2"": {""model"": ""resnet50_small"", ""execution"": ""NPU0"", ""throughput_fps"": 19.44, ""avg_inference_time_ms"": 51.45, ""inference_count"": 232, ""avg_wait_to_preprocess_ms"": 0.0, ""dropped_frames_due_to_full_queue"": 0}, ""view3"": {""model"": ""yolov3_big"", ""execution"": ""NPU1"", ""throughput_fps"": 7.6, ""avg_inference_time_ms"": 131.55, ""inference_count"": 84, ""avg_wait_to_preprocess_ms"": 1691.0, ""dropped_frames_due_to_full_queue"": 624}, ""view4"": {""model"": ""yolov3_small"", ""execution"": ""CPU"", ""throughput_fps"": 1.04, ""avg_inference_time_ms"": 962.99, ""inference_count"": 29, ""avg_wait_to_preprocess_ms"": 8571.98, ""dropped_frames_due_to_full_queue"": 762}}, ""total"": {""total_throughput_fps"": 35.11, ""avg_throughput_fps"": 8.78}, ""devices"": {""npu1"": {""queue_wait_ms_p95"": 0.0, ""t_preload_ms"": 464.87}, ""cpu"": {""queue_wait_ms_p95"": 8571.98}, ""npu0"": {""queue_wait_ms_p95"": 0.0, ""t_preload_ms"": 33.52}}, ""derived"": {""drop_rate_fps"": 46.2, ""drop_count"": 1386, ""window_sec"": 30.0, ""throughput_norm"": 0.94, ""drop_rate_norm"": 0.9}, ""score"": 0.76, ""schedule_file"": ""model_schedules_rbrsybys_4x.yaml""}"
"{""timestamp"": ""2026-01-05 11:28:24"", ""window_sec"": 30.0, ""combination"": ""combination_11"", ""models"": {""view1"": {""model"": ""resnet50_big"", ""execution"": ""CPU"", ""throughput_fps"": 6.11, ""avg_inference_time_ms"": 163.61, ""inference_count"": 172, ""avg_wait_to_preprocess_ms"": 0.0, ""dropped_frames_due_to_full_queue"": 0}, ""view2"": {""model"": ""resnet50_small"", ""execution"": ""NPU1"", ""throughput_fps"": 15.76, ""avg_inference_time_ms"": 63.44, ""inference_count"": 231, ""avg_wait_to_preprocess_ms"": 0.0, ""dropped_frames_due_to_full_queue"": 0}, ""view3"": {""model"": ""yolov3_big"", ""execution"": ""CPU"", ""throughput_fps"": 0.84, ""avg_inference_time_ms"": 1191.13, ""inference_count"": 23, ""avg_wait_to_preprocess_ms"": 10076.7, ""dropped_frames_due_to_full_queue"": 766}, ""view4"": {""model"": ""yolov3_small"", ""execution"": ""CPU"", ""throughput_fps"": 0.93, ""avg_inference_time_ms"": 1070.73, ""inference_count"": 26, ""avg_wait_to_preprocess_ms"": 9157.91, ""dropped_frames_due_to_full_queue"": 763}}, ""total"": {""total_throughput_fps"": 23.65, ""avg_throughput_fps"": 5.91}, ""devices"": {""npu1"": {""queue_wait_ms_p95"": 0.0, ""t_preload_ms"": 464.87}, ""cpu"": {""queue_wait_ms_p95"": 10076.7}}, ""derived"": {""drop_rate_fps"": 50.9667, ""drop_count"": 1529, ""window_sec"": 30.0, ""throughput_norm"": 0.63, ""drop_rate_norm"": 0.99}, ""score"": 0.43, ""schedule_file"": ""model_schedules_rbrsybys_4x.yaml""}"
"{""timestamp"": ""2026-01-05 11:28:55"", ""window_sec"": 30.0, ""combination"": ""combination_12"", ""models"": {""view1"": {""model"": ""resnet50_big"", ""execution"": ""CPU"", ""throughput_fps"": 6.44, ""avg_inference_time_ms"": 155.24, ""inference_count"": 182, ""avg_wait_to_preprocess_ms"": 0.0, ""dropped_frames_due_to_full_queue"": 0}, ""view2"": {""model"": ""resnet50_small"", ""execution"": ""NPU1"", ""throughput_fps"": 16.04, ""avg_inference_time_ms"": 62.34, ""inference_count"": 231, ""avg_wait_to_preprocess_ms"": 0.0, ""dropped_frames_due_to_full_queue"": 0}, ""view3"": {""model"": ""yolov3_big"", ""execution"": ""CPU"", ""throughput_fps"": 0.94, ""avg_inference_time_ms"": 1067.65, ""inference_count"": 26, ""avg_wait_to_preprocess_ms"": 9198.04, ""dropped_frames_due_to_full_queue"": 760}, ""view4"": {""model"": ""yolov3_small"", ""execution"": ""NPU0"", ""throughput_fps"": 10.49, ""avg_inference_time_ms"": 95.29, ""inference_count"": 109, ""avg_wait_to_preprocess_ms"": 1297.77, ""dropped_frames_due_to_full_queue"": 568}}, ""total"": {""total_throughput_fps"": 33.91, ""avg_throughput_fps"": 8.48}, ""devices"": {""npu1"": {""queue_wait_ms_p95"": 0.0, ""t_preload_ms"": 464.87}, ""cpu"": {""queue_wait_ms_p95"": 9198.04}, ""npu0"": {""queue_wait_ms_p95"": 0.0, ""t_preload_ms"": 33.52}}, ""derived"": {""drop_rate_fps"": 44.2667, ""drop_count"": 1328, ""window_sec"": 30.0, ""throughput_norm"": 0.91, ""drop_rate_norm"": 0.86}, ""score"": 0.74, ""schedule_file"": ""model_schedules_rbrsybys_4x.yaml""}"
"{""timestamp"": ""2026-01-05 11:29:26"", ""window_sec"": 30.0, ""combination"": ""combination_13"", ""models"": {""view1"": {""model"": ""resnet50_big"", ""execution"": ""CPU"", ""throughput_fps"": 6.26, ""avg_inference_time_ms"": 159.74, ""inference_count"": 179, ""avg_wait_to_preprocess_ms"": 0.0, ""dropped_frames_due_to_full_queue"": 0}, ""view2"": {""model"": ""resnet50_small"", ""execution"": ""NPU1"", ""throughput_fps"": 16.11, ""avg_inference_time_ms"": 62.09, ""inference_count"": 230, ""avg_wait_to_preprocess_ms"": 0.0, ""dropped_frames_due_to_full_queue"": 0}, ""view3"": {""model"": ""yolov3_big"", ""execution"": ""NPU0"", ""throughput_fps"": 7.94, ""avg_inference_time_ms"": 125.89, ""inference_count"": 87, ""avg_wait_to_preprocess_ms"": 1620.67, ""dropped_frames_due_to_full_queue"": 608}, ""view4"": {""model"": ""yolov3_small"", ""execution"": ""CPU"", ""throughput_fps"": 1.04, ""avg_inference_time_ms"": 964.85, ""inference_count"": 29, ""avg_wait_to_preprocess_ms"": 8375.41, ""dropped_frames_due_to_full_queue"": 753}}, ""total"": {""total_throughput_fps"": 31.35, ""avg_throughput_fps"": 7.84}, ""devices"": {""npu1"": {""queue_wait_ms_p95"": 0.0, ""t_preload_ms"": 464.87}, ""cpu"": {""queue_wait_ms_p95"": 8375.41}, ""npu0"": {""queue_wait_ms_p95"": 0.0, ""t_preload_ms"": 33.52}}, ""derived"": {""drop_rate_fps"": 45.3667, ""drop_count"": 1361, ""window_sec"": 30.0, ""throughput_norm"": 0.84, ""drop_rate_norm"": 0.88}, ""score"": 0.66, ""schedule_file"": ""model_schedules_rbrsybys_4x.yaml""}"
"{""timestamp"": ""2026-01-05 11:29:57"", ""window_sec"": 30.0, ""combination"": ""combination_14"", ""models"": {""view1"": {""model"": ""resnet50_big"", ""execution"": ""NPU0"", ""throughput_fps"": 16.33, ""avg_inference_time_ms"": 61.25, ""inference_count"": 229, ""avg_wait_to_preprocess_ms"": 0.0, ""dropped_frames_due_to_full_queue"": 0}, ""view2"": {""model"": ""resnet50_small"", ""execution"": ""CPU"", ""throughput_fps"": 5.94, ""avg_inference_time_ms"": 168.27, ""inference_count"": 167, ""avg_wait_to_preprocess_ms"": 0.0, ""dropped_frames_due_to_full_queue"": 0}, ""view3"": {""model"": ""yolov3_big"", ""execution"": ""CPU"", ""throughput_fps"": 0.87, ""avg_inference_time_ms"": 1148.4, ""inference_count"": 24, ""avg_wait_to_preprocess_ms"": 9404.42, ""dropped_frames_due_to_full_queue"": 750}, ""view4"": {""model"": ""yolov3_small"", ""execution"": ""CPU"", ""throughput_fps"": 0.87, ""avg_inference_time_ms"": 1145.21, ""inference_count"": 24, ""avg_wait_to_preprocess_ms"": 9602.4, ""dropped_frames_due_to_full_queue"": 750}}, ""total"": {""total_throughput_fps"": 24.01, ""avg_throughput_fps"": 6.0}, ""devices"": {""cpu"": {""queue_wait_ms_p95"": 9602.4}, ""npu0"": {""queue_wait_ms_p95"": 0.0, ""t_preload_ms"": 33.52}}, ""derived"": {""drop_rate_fps"": 50.0, ""drop_count"": 1500, ""window_sec"": 30.0, ""throughput_norm"": 0.64, ""drop_rate_norm"": 0.97}, ""score"": 0.45, ""schedule_file"": ""model_schedules_rbrsybys_4x.yaml""}"
"{""timestamp"": ""2026-01-05 11:30:28"", ""window_sec"": 30.0, ""combination"": ""combination_15"", ""models"": {""view1"": {""model"": ""resnet50_big"", ""execution"": ""NPU0"", ""throughput_fps"": 16.66, ""avg_inference_time_ms"": 60.02, ""inference_count"": 228, ""avg_wait_to_preprocess_ms"": 0.0, ""dropped_frames_due_to_full_queue"": 0}, ""view2"": {""model"": ""resnet50_small"", ""execution"": ""CPU"", ""throughput_fps"": 5.88, ""avg_inference_time_ms"": 170.05, ""inference_count"": 166, ""avg_wait_to_preprocess_ms"": 0.0, ""dropped_frames_due_to_full_queue"": 0}, ""view3"": {""model"": ""yolov3_big"", ""execution"": ""CPU"", ""throughput_fps"": 0.95, ""avg_inference_time_ms"": 1055.49, ""inference_count"": 26, ""avg_wait_to_preprocess_ms"": 8952.35, ""dropped_frames_due_to_full_queue"": 717}, ""view4"": {""model"": ""yolov3_small"", ""execution"": ""NPU1"", ""throughput_fps"": 9.13, ""avg_inference_time_ms"": 109.48, ""inference_count"": 96, ""avg_wait_to_preprocess_ms"": 1468.71, ""dropped_frames_due_to_full_queue"": 551}}, ""total"": {""total_throughput_fps"": 32.62, ""avg_throughput_fps"": 8.16}, ""devices"": {""npu1"": {""queue_wait_ms_p95"": 0.0, ""t_preload_ms"": 464.87}, ""cpu"": {""queue_wait_ms_p95"": 8952.35}, ""npu0"": {""queue_wait_ms_p95"": 0.0, ""t_preload_ms"": 33.52}}, ""derived"": {""drop_rate_fps"": 42.2667, ""drop_count"": 1268, ""window_sec"": 30.0, ""throughput_norm"": 0.87, ""drop_rate_norm"": 0.82}, ""score"": 0.71, ""schedule_file"": ""model_schedules_rbrsybys_4x.yaml""}"
"{""timestamp"": ""2026-01-05 11:30:59"", ""window_sec"": 30.0, ""combination"": ""combination_16"", ""models"": {""view1"": {""model"": ""resnet50_big"", ""execution"": ""NPU0"", ""throughput_fps"": 16.49, ""avg_inference_time_ms"": 60.66, ""inference_count"": 228, ""avg_wait_to_preprocess_ms"": 0.0, ""dropped_frames_due_to_full_queue"": 0}, ""view2"": {""model"": ""resnet50_small"", ""execution"": ""CPU"", ""throughput_fps"": 6.37, ""avg_inference_time_ms"": 157.08, ""inference_count"": 180, ""avg_wait_to_preprocess_ms"": 0.0, ""dropped_frames_due_to_full_queue"": 0}, ""view3"": {""model"": ""yolov3_big"", ""execution"": ""NPU1"", ""throughput_fps"": 7.41, ""avg_inference_time_ms"": 135.03, ""inference_count"": 82, ""avg_wait_to_preprocess_ms"": 1713.77, ""dropped_frames_due_to_full_queue"": 533}, ""view4"": {""model"": ""yolov3_small"", ""execution"": ""CPU"", ""throughput_fps"": 0.9, ""avg_inference_time_ms"": 1105.29, ""inference_count"": 25, ""avg_wait_to_preprocess_ms"": 9114.25, ""dropped_frames_due_to_full_queue"": 672}}, ""total"": {""total_throughput_fps"": 31.16, ""avg_throughput_fps"": 7.79}, ""devices"": {""npu1"": {""queue_wait_ms_p95"": 0.0, ""t_preload_ms"": 464.87}, ""cpu"": {""queue_wait_ms_p95"": 9114.25}, ""npu0"": {""queue_wait_ms_p95"": 0.0, ""t_preload_ms"": 33.52}}, ""derived"": {""drop_rate_fps"": 40.1667, ""drop_count"": 1205, ""window_sec"": 30.0, ""throughput_norm"": 0.83, ""drop_rate_norm"": 0.78}, ""score"": 0.67, ""schedule_file"": ""model_schedules_rbrsybys_4x.yaml""}"
"{""timestamp"": ""2026-01-05 11:31:31"", ""window_sec"": 30.0, ""combination"": ""combination_17"", ""models"": {""view1"": {""model"": ""resnet50_big"", ""execution"": ""NPU0"", ""throughput_fps"": 16.88, ""avg_inference_time_ms"": 59.25, ""inference_count"": 230, ""avg_wait_to_preprocess_ms"": 0.0, ""dropped_frames_due_to_full_queue"": 0}, ""view2"": {""model"": ""resnet50_small"", ""execution"": ""NPU1"", ""throughput_fps"": 17.57, ""avg_inference_time_ms"": 56.92, ""inference_count"": 230, ""avg_wait_to_preprocess_ms"": 0.0, ""dropped_frames_due_to_full_queue"": 0}, ""view3"": {""model"": ""yolov3_big"", ""execution"": ""CPU"", ""throughput_fps"": 1.42, ""avg_inference_time_ms"": 702.51, ""inference_count"": 40, ""avg_wait_to_preprocess_ms"": 6460.3, ""dropped_frames_due_to_full_queue"": 618}, ""view4"": {""model"": ""yolov3_small"", ""execution"": ""CPU"", ""throughput_fps"": 1.43, ""avg_inference_time_ms"": 699.51, ""inference_count"": 40, ""avg_wait_to_preprocess_ms"": 6473.67, ""dropped_frames_due_to_full_queue"": 618}}, ""total"": {""total_throughput_fps"": 37.3, ""avg_throughput_fps"": 9.32}, ""devices"": {""cpu"": {""queue_wait_ms_p95"": 6473.67}, ""npu1"": {""queue_wait_ms_p95"": 0.0, ""t_preload_ms"": 464.87}, ""npu0"": {""queue_wait_ms_p95"": 0.0, ""t_preload_ms"": 33.52}}, ""derived"": {""drop_rate_fps"": 41.2, ""drop_count"": 1236, ""window_sec"": 30.0, ""throughput_norm"": 1.0, ""drop_rate_norm"": 0.8}, ""score"": 0.84, ""schedule_file"": ""model_schedules_rbrsybys_4x.yaml""}"
"{""timestamp"": ""2026-01-05 11:32:02"", ""window_sec"": 30.0, ""combination"": ""combination_18"", ""models"": {""view1"": {""model"": ""resnet50_big"", ""execution"": ""NPU1"", ""throughput_fps"": 15.53, ""avg_inference_time_ms"": 64.39, ""inference_count"": 224, ""avg_wait_to_preprocess_ms"": 0.0, ""dropped_frames_due_to_full_queue"": 0}, ""view2"": {""model"": ""resnet50_small"", ""execution"": ""CPU"", ""throughput_fps"": 5.43, ""avg_inference_time_ms"": 184.04, ""inference_count"": 154, ""avg_wait_to_preprocess_ms"": 0.0, ""dropped_frames_due_to_full_queue"": 0}, ""view3"": {""model"": ""yolov3_big"", ""execution"": ""CPU"", ""throughput_fps"": 0.8, ""avg_inference_time_ms"": 1244.33, ""inference_count"": 22, ""avg_wait_to_preprocess_ms"": 10468.19, ""dropped_frames_due_to_full_queue"": 542}, ""view4"": {""model"": ""yolov3_small"", ""execution"": ""CPU"", ""throughput_fps"": 0.8, ""avg_inference_time_ms"": 1246.34, ""inference_count"": 22, ""avg_wait_to_preprocess_ms"": 10340.49, ""dropped_frames_due_to_full_queue"": 542}}, ""total"": {""total_throughput_fps"": 22.57, ""avg_throughput_fps"": 5.64}, ""devices"": {""npu1"": {""queue_wait_ms_p95"": 0.0, ""t_preload_ms"": 464.87}, ""cpu"": {""queue_wait_ms_p95"": 10468.19}}, ""derived"": {""drop_rate_fps"": 36.1333, ""drop_count"": 1084, ""window_sec"": 30.0, ""throughput_norm"": 0.6, ""drop_rate_norm"": 0.7}, ""score"": 0.46, ""schedule_file"": ""model_schedules_rbrsybys_4x.yaml""}"
"{""timestamp"": ""2026-01-05 11:32:33"", ""window_sec"": 30.0, ""combination"": ""combination_19"", ""models"": {""view1"": {""model"": ""resnet50_big"", ""execution"": ""NPU1"", ""throughput_fps"": 15.94, ""avg_inference_time_ms"": 62.74, ""inference_count"": 223, ""avg_wait_to_preprocess_ms"": 0.0, ""dropped_frames_due_to_full_queue"": 0}, ""view2"": {""model"": ""resnet50_small"", ""execution"": ""CPU"", ""throughput_fps"": 6.05, ""avg_inference_time_ms"": 165.24, ""inference_count"": 173, ""avg_wait_to_preprocess_ms"": 0.0, ""dropped_frames_due_to_full_queue"": 0}, ""view3"": {""model"": ""yolov3_big"", ""execution"": ""CPU"", ""throughput_fps"": 0.93, ""avg_inference_time_ms"": 1075.19, ""inference_count"": 26, ""avg_wait_to_preprocess_ms"": 9158.92, ""dropped_frames_due_to_full_queue"": 382}, ""view4"": {""model"": ""yolov3_small"", ""execution"": ""NPU0"", ""throughput_fps"": 10.27, ""avg_inference_time_ms"": 97.39, ""inference_count"": 108, ""avg_wait_to_preprocess_ms"": 1289.95, ""dropped_frames_due_to_full_queue"": 193}}, ""total"": {""total_throughput_fps"": 33.19, ""avg_throughput_fps"": 8.3}, ""devices"": {""npu0"": {""queue_wait_ms_p95"": 0.0, ""t_preload_ms"": 33.52}, ""npu1"": {""queue_wait_ms_p95"": 0.0, ""t_preload_ms"": 464.87}, ""cpu"": {""queue_wait_ms_p95"": 9158.92}}, ""derived"": {""drop_rate_fps"": 19.1667, ""drop_count"": 575, ""window_sec"": 30.0, ""throughput_norm"": 0.89, ""drop_rate_norm"": 0.37}, ""score"": 0.82, ""schedule_file"": ""model_schedules_rbrsybys_4x.yaml""}"
"{""timestamp"": ""2026-01-05 11:33:05"", ""window_sec"": 30.0, ""combination"": ""combination_2"", ""models"": {""view1"": {""model"": ""resnet50_big"", ""execution"": ""CPU"", ""throughput_fps"": 4.07, ""avg_inference_time_ms"": 245.67, ""inference_count"": 120, ""avg_wait_to_preprocess_ms"": 0.0, ""dropped_frames_due_to_full_queue"": 0}, ""view2"": {""model"": ""resnet50_small"", ""execution"": ""CPU"", ""throughput_fps"": 3.87, ""avg_inference_time_ms"": 258.08, ""inference_count"": 114, ""avg_wait_to_preprocess_ms"": 0.0, ""dropped_frames_due_to_full_queue"": 0}, ""view3"": {""model"": ""yolov3_big"", ""execution"": ""CPU"", ""throughput_fps"": 0.61, ""avg_inference_time_ms"": 1647.82, ""inference_count"": 17, ""avg_wait_to_preprocess_ms"": 12975.83, ""dropped_frames_due_to_full_queue"": 398}, ""view4"": {""model"": ""yolov3_small"", ""execution"": ""NPU0"", ""throughput_fps"": 8.48, ""avg_inference_time_ms"": 117.96, ""inference_count"": 86, ""avg_wait_to_preprocess_ms"": 1675.69, ""dropped_frames_due_to_full_queue"": 243}}, ""total"": {""total_throughput_fps"": 17.03, ""avg_throughput_fps"": 4.26}, ""devices"": {""cpu"": {""queue_wait_ms_p95"": 12975.83}, ""npu0"": {""queue_wait_ms_p95"": 0.0, ""t_preload_ms"": 33.52}}, ""derived"": {""drop_rate_fps"": 21.3667, ""drop_count"": 641, ""window_sec"": 30.0, ""throughput_norm"": 0.46, ""drop_rate_norm"": 0.41}, ""score"": 0.38, ""schedule_file"": ""model_schedules_rbrsybys_4x.yaml""}"
"{""timestamp"": ""2026-01-05 11:33:36"", ""window_sec"": 30.0, ""combination"": ""combination_20"", ""models"": {""view1"": {""model"": ""resnet50_big"", ""execution"": ""NPU1"", ""throughput_fps"": 16.17, ""avg_inference_time_ms"": 61.86, ""inference_count"": 227, ""avg_wait_to_preprocess_ms"": 0.0, ""dropped_frames_due_to_full_queue"": 0}, ""view2"": {""model"": ""resnet50_small"", ""execution"": ""CPU"", ""throughput_fps"": 5.61, ""avg_inference_time_ms"": 178.29, ""inference_count"": 163, ""avg_wait_to_preprocess_ms"": 0.0, ""dropped_frames_due_to_full_queue"": 0}, ""view3"": {""model"": ""yolov3_big"", ""execution"": ""NPU0"", ""throughput_fps"": 7.68, ""avg_inference_time_ms"": 130.24, ""inference_count"": 89, ""avg_wait_to_preprocess_ms"": 1602.34, ""dropped_frames_due_to_full_queue"": 159}, ""view4"": {""model"": ""yolov3_small"", ""execution"": ""CPU"", ""throughput_fps"": 0.86, ""avg_inference_time_ms"": 1168.85, ""inference_count"": 24, ""avg_wait_to_preprocess_ms"": 10013.4, ""dropped_frames_due_to_full_queue"": 313}}, ""total"": {""total_throughput_fps"": 30.31, ""avg_throughput_fps"": 7.58}, ""devices"": {""npu0"": {""queue_wait_ms_p95"": 0.0, ""t_preload_ms"": 33.52}, ""npu1"": {""queue_wait_ms_p95"": 0.0, ""t_preload_ms"": 464.87}, ""cpu"": {""queue_wait_ms_p95"": 10013.4}}, ""derived"": {""drop_rate_fps"": 15.7333, ""drop_count"": 472, ""window_sec"": 30.0, ""throughput_norm"": 0.81, ""drop_rate_norm"": 0.31}, ""score"": 0.75, ""schedule_file"": ""model_schedules_rbrsybys_4x.yaml""}"
"{""timestamp"": ""2026-01-05 11:34:09"", ""window_sec"": 30.0, ""combination"": ""combination_21"", ""models"": {""view1"": {""model"": ""resnet50_big"", ""execution"": ""NPU1"", ""throughput_fps"": 16.45, ""avg_inference_time_ms"": 60.79, ""inference_count"": 234, ""avg_wait_to_preprocess_ms"": 0.0, ""dropped_frames_due_to_full_queue"": 0}, ""view2"": {""model"": ""resnet50_small"", ""execution"": ""NPU0"", ""throughput_fps"": 18.08, ""avg_inference_time_ms"": 55.3, ""inference_count"": 234, ""avg_wait_to_preprocess_ms"": 0.0, ""dropped_frames_due_to_full_queue"": 0}, ""view3"": {""model"": ""yolov3_big"", ""execution"": ""CPU"", ""throughput_fps"": 1.45, ""avg_inference_time_ms"": 689.23, ""inference_count"": 42, ""avg_wait_to_preprocess_ms"": 6329.98, ""dropped_frames_due_to_full_queue"": 310}, ""view4"": {""model"": ""yolov3_small"", ""execution"": ""CPU"", ""throughput_fps"": 1.42, ""avg_inference_time_ms"": 703.63, ""inference_count"": 41, ""avg_wait_to_preprocess_ms"": 6495.91, ""dropped_frames_due_to_full_queue"": 311}}, ""total"": {""total_throughput_fps"": 37.41, ""avg_throughput_fps"": 9.35}, ""devices"": {""cpu"": {""queue_wait_ms_p95"": 6495.91}, ""npu1"": {""queue_wait_ms_p95"": 0.0, ""t_preload_ms"": 464.87}, ""npu0"": {""queue_wait_ms_p95"": 0.0, ""t_preload_ms"": 33.52}}, ""derived"": {""drop_rate_fps"": 20.7, ""drop_count"": 621, ""window_sec"": 30.0, ""throughput_norm"": 1.0, ""drop_rate_norm"": 0.4}, ""score"": 0.92, ""schedule_file"": ""model_schedules_rbrsybys_4x.yaml""}"
"{""timestamp"": ""2026-01-05 11:34:41"", ""window_sec"": 30.0, ""combination"": ""combination_3"", ""models"": {""view1"": {""model"": ""resnet50_big"", ""execution"": ""CPU"", ""throughput_fps"": 4.0, ""avg_inference_time_ms"": 250.25, ""inference_count"": 118, ""avg_wait_to_preprocess_ms"": 0.0, ""dropped_frames_due_to_full_queue"": 0}, ""view2"": {""model"": ""resnet50_small"", ""execution"": ""CPU"", ""throughput_fps"": 3.49, ""avg_inference_time_ms"": 286.46, ""inference_count"": 103, ""avg_wait_to_preprocess_ms"": 0.0, ""dropped_frames_due_to_full_queue"": 0}, ""view3"": {""model"": ""yolov3_big"", ""execution"": ""CPU"", ""throughput_fps"": 0.65, ""avg_inference_time_ms"": 1547.57, ""inference_count"": 18, ""avg_wait_to_preprocess_ms"": 12238.0, ""dropped_frames_due_to_full_queue"": 250}, ""view4"": {""model"": ""yolov3_small"", ""execution"": ""NPU1"", ""throughput_fps"": 7.64, ""avg_inference_time_ms"": 130.92, ""inference_count"": 77, ""avg_wait_to_preprocess_ms"": 1802.63, ""dropped_frames_due_to_full_queue"": 114}}, ""total"": {""total_throughput_fps"": 15.77, ""avg_throughput_fps"": 3.94}, ""devices"": {""npu1"": {""queue_wait_ms_p95"": 0.0, ""t_preload_ms"": 464.87}, ""cpu"": {""queue_wait_ms_p95"": 12238.0}}, ""derived"": {""drop_rate_fps"": 12.1333, ""drop_count"": 364, ""window_sec"": 30.0, ""throughput_norm"": 0.42, ""drop_rate_norm"": 0.24}, ""score"": 0.37, ""schedule_file"": ""model_schedules_rbrsybys_4x.yaml""}"
"{""timestamp"": ""2026-01-05 11:35:13"", ""window_sec"": 30.0, ""combination"": ""combination_4"", ""models"": {""view1"": {""model"": ""resnet50_big"", ""execution"": ""CPU"", ""throughput_fps"": 4.41, ""avg_inference_time_ms"": 226.69, ""inference_count"": 130, ""avg_wait_to_preprocess_ms"": 0.0, ""dropped_frames_due_to_full_queue"": 0}, ""view2"": {""model"": ""resnet50_small"", ""execution"": ""CPU"", ""throughput_fps"": 4.42, ""avg_inference_time_ms"": 226.16, ""inference_count"": 130, ""avg_wait_to_preprocess_ms"": 0.0, ""dropped_frames_due_to_full_queue"": 0}, ""view3"": {""model"": ""yolov3_big"", ""execution"": ""NPU0"", ""throughput_fps"": 6.93, ""avg_inference_time_ms"": 144.22, ""inference_count"": 75, ""avg_wait_to_preprocess_ms"": 1871.51, ""dropped_frames_due_to_full_queue"": 109}, ""view4"": {""model"": ""yolov3_small"", ""execution"": ""CPU"", ""throughput_fps"": 0.64, ""avg_inference_time_ms"": 1558.43, ""inference_count"": 18, ""avg_wait_to_preprocess_ms"": 11893.53, ""dropped_frames_due_to_full_queue"": 241}}, ""total"": {""total_throughput_fps"": 16.41, ""avg_throughput_fps"": 4.1}, ""devices"": {""cpu"": {""queue_wait_ms_p95"": 11893.53}, ""npu0"": {""queue_wait_ms_p95"": 0.0, ""t_preload_ms"": 33.52}}, ""derived"": {""drop_rate_fps"": 11.6667, ""drop_count"": 350, ""window_sec"": 30.0, ""throughput_norm"": 0.44, ""drop_rate_norm"": 0.23}, ""score"": 0.39, ""schedule_file"": ""model_schedules_rbrsybys_4x.yaml""}"
"{""timestamp"": ""2026-01-05 11:35:45"", ""window_sec"": 30.0, ""combination"": ""combination_5"", ""models"": {""view1"": {""model"": ""resnet50_big"", ""execution"": ""CPU"", ""throughput_fps"": 4.59, ""avg_inference_time_ms"": 217.97, ""inference_count"": 135, ""avg_wait_to_preprocess_ms"": 0.0, ""dropped_frames_due_to_full_queue"": 0}, ""view2"": {""model"": ""resnet50_small"", ""execution"": ""CPU"", ""throughput_fps"": 4.55, ""avg_inference_time_ms"": 219.78, ""inference_count"": 134, ""avg_wait_to_preprocess_ms"": 0.0, ""dropped_frames_due_to_full_queue"": 0}, ""view3"": {""model"": ""yolov3_big"", ""execution"": ""NPU0"", ""throughput_fps"": 7.73, ""avg_inference_time_ms"": 129.32, ""inference_count"": 83, ""avg_wait_to_preprocess_ms"": 1090.84, ""dropped_frames_due_to_full_queue"": 20}, ""view4"": {""model"": ""yolov3_small"", ""execution"": ""NPU1"", ""throughput_fps"": 8.35, ""avg_inference_time_ms"": 119.79, ""inference_count"": 84, ""avg_wait_to_preprocess_ms"": 1017.78, ""dropped_frames_due_to_full_queue"": 17}}, ""total"": {""total_throughput_fps"": 25.22, ""avg_throughput_fps"": 6.3}, ""devices"": {""npu1"": {""queue_wait_ms_p95"": 0.0, ""t_preload_ms"": 464.87}, ""cpu"": {""queue_wait_ms_p95"": 0.0}, ""npu0"": {""queue_wait_ms_p95"": 0.0, ""t_preload_ms"": 33.52}}, ""derived"": {""drop_rate_fps"": 1.2333, ""drop_count"": 37, ""window_sec"": 30.0, ""throughput_norm"": 0.67, ""drop_rate_norm"": 0.02}, ""score"": 0.67, ""schedule_file"": ""model_schedules_rbrsybys_4x.yaml""}"
"{""timestamp"": ""2026-01-05 11:36:17"", ""window_sec"": 30.0, ""combination"": ""combination_6"", ""models"": {""view1"": {""model"": ""resnet50_big"", ""execution"": ""CPU"", ""throughput_fps"": 4.31, ""avg_inference_time_ms"": 232.14, ""inference_count"": 127, ""avg_wait_to_preprocess_ms"": 0.0, ""dropped_frames_due_to_full_queue"": 0}, ""view2"": {""model"": ""resnet50_small"", ""execution"": ""CPU"", ""throughput_fps"": 4.17, ""avg_inference_time_ms"": 239.98, ""inference_count"": 123, ""avg_wait_to_preprocess_ms"": 0.0, ""dropped_frames_due_to_full_queue"": 0}, ""view3"": {""model"": ""yolov3_big"", ""execution"": ""NPU1"", ""throughput_fps"": 6.43, ""avg_inference_time_ms"": 155.49, ""inference_count"": 71, ""avg_wait_to_preprocess_ms"": 1832.66, ""dropped_frames_due_to_full_queue"": 48}, ""view4"": {""model"": ""yolov3_small"", ""execution"": ""CPU"", ""throughput_fps"": 0.66, ""avg_inference_time_ms"": 1525.03, ""inference_count"": 18, ""avg_wait_to_preprocess_ms"": 12105.18, ""dropped_frames_due_to_full_queue"": 172}}, ""total"": {""total_throughput_fps"": 15.56, ""avg_throughput_fps"": 3.89}, ""devices"": {""npu1"": {""queue_wait_ms_p95"": 0.0, ""t_preload_ms"": 464.87}, ""cpu"": {""queue_wait_ms_p95"": 12105.18}}, ""derived"": {""drop_rate_fps"": 7.3333, ""drop_count"": 220, ""window_sec"": 30.0, ""throughput_norm"": 0.42, ""drop_rate_norm"": 0.14}, ""score"": 0.39, ""schedule_file"": ""model_schedules_rbrsybys_4x.yaml""}"
"{""timestamp"": ""2026-01-05 11:36:49"", ""window_sec"": 30.0, ""combination"": ""combination_7"", ""models"": {""view1"": {""model"": ""resnet50_big"", ""execution"": ""CPU"", ""throughput_fps"": 4.62, ""avg_inference_time_ms"": 216.23, ""inference_count"": 136, ""avg_wait_to_preprocess_ms"": 0.0, ""dropped_frames_due_to_full_queue"": 0}, ""view2"": {""model"": ""resnet50_small"", ""execution"": ""CPU"", ""throughput_fps"": 4.35, ""avg_inference_time_ms"": 230.0, ""inference_count"": 128, ""avg_wait_to_preprocess_ms"": 0.0, ""dropped_frames_due_to_full_queue"": 0}, ""view3"": {""model"": ""yolov3_big"", ""execution"": ""NPU1"", ""throughput_fps"": 6.58, ""avg_inference_time_ms"": 151.91, ""inference_count"": 72, ""avg_wait_to_preprocess_ms"": 1711.05, ""dropped_frames_due_to_full_queue"": 32}, ""view4"": {""model"": ""yolov3_small"", ""execution"": ""NPU0"", ""throughput_fps"": 9.5, ""avg_inference_time_ms"": 105.26, ""inference_count"": 81, ""avg_wait_to_preprocess_ms"": 425.18, ""dropped_frames_due_to_full_queue"": 14}}, ""total"": {""total_throughput_fps"": 25.06, ""avg_throughput_fps"": 6.26}, ""devices"": {""npu1"": {""queue_wait_ms_p95"": 0.0, ""t_preload_ms"": 464.87}, ""cpu"": {""queue_wait_ms_p95"": 0.0}, ""npu0"": {""queue_wait_ms_p95"": 0.0, ""t_preload_ms"": 33.52}}, ""derived"": {""drop_rate_fps"": 1.5333, ""drop_count"": 46, ""window_sec"": 30.0, ""throughput_norm"": 0.67, ""drop_rate_norm"": 0.03}, ""score"": 0.66, ""schedule_file"": ""model_schedules_rbrsybys_4x.yaml""}"
"{""timestamp"": ""2026-01-05 11:37:21"", ""window_sec"": 30.0, ""combination"": ""combination_8"", ""models"": {""view1"": {""model"": ""resnet50_big"", ""execution"": ""CPU"", ""throughput_fps"": 5.23, ""avg_inference_time_ms"": 191.19, ""inference_count"": 153, ""avg_wait_to_preprocess_ms"": 0.0, ""dropped_frames_due_to_full_queue"": 0}, ""view2"": {""model"": ""resnet50_small"", ""execution"": ""NPU0"", ""throughput_fps"": 18.21, ""avg_inference_time_ms"": 54.91, ""inference_count"": 216, ""avg_wait_to_preprocess_ms"": 0.0, ""dropped_frames_due_to_full_queue"": 0}, ""view3"": {""model"": ""yolov3_big"", ""execution"": ""CPU"", ""throughput_fps"": 0.81, ""avg_inference_time_ms"": 1238.31, ""inference_count"": 23, ""avg_wait_to_preprocess_ms"": 9878.22, ""dropped_frames_due_to_full_queue"": 138}, ""view4"": {""model"": ""yolov3_small"", ""execution"": ""CPU"", ""throughput_fps"": 0.79, ""avg_inference_time_ms"": 1265.56, ""inference_count"": 22, ""avg_wait_to_preprocess_ms"": 10428.24, ""dropped_frames_due_to_full_queue"": 139}}, ""total"": {""total_throughput_fps"": 25.04, ""avg_throughput_fps"": 6.26}, ""devices"": {""cpu"": {""queue_wait_ms_p95"": 10428.24}, ""npu0"": {""queue_wait_ms_p95"": 0.0, ""t_preload_ms"": 33.52}}, ""derived"": {""drop_rate_fps"": 9.2333, ""drop_count"": 277, ""window_sec"": 30.0, ""throughput_norm"": 0.67, ""drop_rate_norm"": 0.18}, ""score"": 0.63, ""schedule_file"": ""model_schedules_rbrsybys_4x.yaml""}"
"{""timestamp"": ""2026-01-05 11:37:53"", ""window_sec"": 30.0, ""combination"": ""combination_9"", ""models"": {""view1"": {""model"": ""resnet50_big"", ""execution"": ""CPU"", ""throughput_fps"": 6.22, ""avg_inference_time_ms"": 160.81, ""inference_count"": 180, ""avg_wait_to_preprocess_ms"": 0.0, ""dropped_frames_due_to_full_queue"": 0}, ""view2"": {""model"": ""resnet50_small"", ""execution"": ""NPU0"", ""throughput_fps"": 19.02, ""avg_inference_time_ms"": 52.57, ""inference_count"": 220, ""avg_wait_to_preprocess_ms"": 0.0, ""dropped_frames_due_to_full_queue"": 0}, ""view3"": {""model"": ""yolov3_big"", ""execution"": ""CPU"", ""throughput_fps"": 1.02, ""avg_inference_time_ms"": 985.1, ""inference_count"": 29, ""avg_wait_to_preprocess_ms"": 8526.73, ""dropped_frames_due_to_full_queue"": 103}, ""view4"": {""model"": ""yolov3_small"", ""execution"": ""NPU1"", ""throughput_fps"": 9.61, ""avg_inference_time_ms"": 104.04, ""inference_count"": 62, ""avg_wait_to_preprocess_ms"": 396.37, ""dropped_frames_due_to_full_queue"": 8}}, ""total"": {""total_throughput_fps"": 35.87, ""avg_throughput_fps"": 8.97}, ""devices"": {""npu1"": {""queue_wait_ms_p95"": 0.0, ""t_preload_ms"": 464.87}, ""cpu"": {""queue_wait_ms_p95"": 8526.73}, ""npu0"": {""queue_wait_ms_p95"": 0.0, ""t_preload_ms"": 33.52}}, ""derived"": {""drop_rate_fps"": 3.7, ""drop_count"": 111, ""window_sec"": 30.0, ""throughput_norm"": 0.96, ""drop_rate_norm"": 0.07}, ""score"": 0.95, ""schedule_file"": ""model_schedules_rbrsybys_4x.yaml""}"
"{""timestamp"": ""2026-01-05 11:38:27"", ""window_sec"": 30.0, ""combination"": ""combination_1"", ""models"": {""view1"": {""model"": ""yolov3_big"", ""execution"": ""CPU"", ""throughput_fps"": 1.54, ""avg_inference_time_ms"": 648.83, ""inference_count"": 43, ""avg_wait_to_preprocess_ms"": 6017.1, ""dropped_frames_due_to_full_queue"": 733}, ""view2"": {""model"": ""yolov3_small"", ""execution"": ""CPU"", ""throughput_fps"": 1.54, ""avg_inference_time_ms"": 648.41, ""inference_count"": 43, ""avg_wait_to_preprocess_ms"": 5969.24, ""dropped_frames_due_to_full_queue"": 729}, ""view3"": {""model"": ""resnet50_big"", ""execution"": ""CPU"", ""throughput_fps"": 6.29, ""avg_inference_time_ms"": 159.03, ""inference_count"": 60, ""avg_wait_to_preprocess_ms"": 0.0, ""dropped_frames_due_to_full_queue"": 0}}, ""total"": {""total_throughput_fps"": 9.37, ""avg_throughput_fps"": 3.12}, ""devices"": {""cpu"": {""queue_wait_ms_p95"": 6017.1}}, ""derived"": {""drop_rate_fps"": 48.7333, ""drop_count"": 1462, ""window_sec"": 30.0, ""throughput_norm"": 0.29, ""drop_rate_norm"": 1.0}, ""score"": 0.09, ""schedule_file"": ""model_schedules_rbybys.yaml""}"
"{""timestamp"": ""2026-01-05 11:38:58"", ""window_sec"": 30.0, ""combination"": ""combination_10"", ""models"": {""view1"": {""model"": ""yolov3_big"", ""execution"": ""NPU0"", ""throughput_fps"": 9.65, ""avg_inference_time_ms"": 103.62, ""inference_count"": 117, ""avg_wait_to_preprocess_ms"": 1215.24, ""dropped_frames_due_to_full_queue"": 460}, ""view2"": {""model"": ""yolov3_small"", ""execution"": ""NPU1"", ""throughput_fps"": 11.91, ""avg_inference_time_ms"": 83.97, ""inference_count"": 137, ""avg_wait_to_preprocess_ms"": 1041.81, ""dropped_frames_due_to_full_queue"": 406}, ""view3"": {""model"": ""resnet50_big"", ""execution"": ""CPU"", ""throughput_fps"": 10.96, ""avg_inference_time_ms"": 91.24, ""inference_count"": 60, ""avg_wait_to_preprocess_ms"": 0.0, ""dropped_frames_due_to_full_queue"": 0}}, ""total"": {""total_throughput_fps"": 32.52, ""avg_throughput_fps"": 10.84}, ""devices"": {""npu0"": {""queue_wait_ms_p95"": 0.0, ""t_preload_ms"": 33.52}, ""npu1"": {""queue_wait_ms_p95"": 0.0, ""t_preload_ms"": 464.87}, ""cpu"": {""queue_wait_ms_p95"": 0.0}}, ""derived"": {""drop_rate_fps"": 28.8667, ""drop_count"": 866, ""window_sec"": 30.0, ""throughput_norm"": 1.0, ""drop_rate_norm"": 0.59}, ""score"": 0.88, ""schedule_file"": ""model_schedules_rbybys.yaml""}"
"{""timestamp"": ""2026-01-05 11:39:29"", ""window_sec"": 30.0, ""combination"": ""combination_11"", ""models"": {""view1"": {""model"": ""yolov3_big"", ""execution"": ""NPU1"", ""throughput_fps"": 8.06, ""avg_inference_time_ms"": 124.12, ""inference_count"": 92, ""avg_wait_to_preprocess_ms"": 1541.14, ""dropped_frames_due_to_full_queue"": 518}, ""view2"": {""model"": ""yolov3_small"", ""execution"": ""CPU"", ""throughput_fps"": 2.25, ""avg_inference_time_ms"": 444.88, ""inference_count"": 63, ""avg_wait_to_preprocess_ms"": 4322.78, ""dropped_frames_due_to_full_queue"": 711}, ""view3"": {""model"": ""resnet50_big"", ""execution"": ""CPU"", ""throughput_fps"": 6.45, ""avg_inference_time_ms"": 154.92, ""inference_count"": 60, ""avg_wait_to_preprocess_ms"": 0.0, ""dropped_frames_due_to_full_queue"": 0}}, ""total"": {""total_throughput_fps"": 16.76, ""avg_throughput_fps"": 5.59}, ""devices"": {""cpu"": {""queue_wait_ms_p95"": 4322.78}, ""npu1"": {""queue_wait_ms_p95"": 0.0, ""t_preload_ms"": 464.87}}, ""derived"": {""drop_rate_fps"": 40.9667, ""drop_count"": 1229, ""window_sec"": 30.0, ""throughput_norm"": 0.52, ""drop_rate_norm"": 0.84}, ""score"": 0.35, ""schedule_file"": ""model_schedules_rbybys.yaml""}"
"{""timestamp"": ""2026-01-05 11:40:00"", ""window_sec"": 30.0, ""combination"": ""combination_12"", ""models"": {""view1"": {""model"": ""yolov3_big"", ""execution"": ""NPU1"", ""throughput_fps"": 8.62, ""avg_inference_time_ms"": 116.06, ""inference_count"": 101, ""avg_wait_to_preprocess_ms"": 1407.85, ""dropped_frames_due_to_full_queue"": 494}, ""view2"": {""model"": ""yolov3_small"", ""execution"": ""CPU"", ""throughput_fps"": 3.13, ""avg_inference_time_ms"": 319.32, ""inference_count"": 87, ""avg_wait_to_preprocess_ms"": 3182.17, ""dropped_frames_due_to_full_queue"": 673}, ""view3"": {""model"": ""resnet50_big"", ""execution"": ""NPU0"", ""throughput_fps"": 17.89, ""avg_inference_time_ms"": 55.89, ""inference_count"": 60, ""avg_wait_to_preprocess_ms"": 0.0, ""dropped_frames_due_to_full_queue"": 0}}, ""total"": {""total_throughput_fps"": 29.64, ""avg_throughput_fps"": 9.88}, ""devices"": {""cpu"": {""queue_wait_ms_p95"": 3182.17}, ""npu1"": {""queue_wait_ms_p95"": 0.0, ""t_preload_ms"": 464.87}, ""npu0"": {""queue_wait_ms_p95"": 0.0, ""t_preload_ms"": 33.52}}, ""derived"": {""drop_rate_fps"": 38.9, ""drop_count"": 1167, ""window_sec"": 30.0, ""throughput_norm"": 0.91, ""drop_rate_norm"": 0.8}, ""score"": 0.75, ""schedule_file"": ""model_schedules_rbybys.yaml""}"
"{""timestamp"": ""2026-01-05 11:40:31"", ""window_sec"": 30.0, ""combination"": ""combination_13"", ""models"": {""view1"": {""model"": ""yolov3_big"", ""execution"": ""NPU1"", ""throughput_fps"": 8.63, ""avg_inference_time_ms"": 115.91, ""inference_count"": 101, ""avg_wait_to_preprocess_ms"": 1402.4, ""dropped_frames_due_to_full_queue"": 499}, ""view2"": {""model"": ""yolov3_small"", ""execution"": ""NPU0"", ""throughput_fps"": 12.93, ""avg_inference_time_ms"": 77.36, ""inference_count"": 145, ""avg_wait_to_preprocess_ms"": 981.92, ""dropped_frames_due_to_full_queue"": 378}, ""view3"": {""model"": ""resnet50_big"", ""execution"": ""CPU"", ""throughput_fps"": 9.33, ""avg_inference_time_ms"": 107.16, ""inference_count"": 60, ""avg_wait_to_preprocess_ms"": 0.0, ""dropped_frames_due_to_full_queue"": 0}}, ""total"": {""total_throughput_fps"": 30.89, ""avg_throughput_fps"": 10.3}, ""devices"": {""npu0"": {""queue_wait_ms_p95"": 0.0, ""t_preload_ms"": 33.52}, ""npu1"": {""queue_wait_ms_p95"": 0.0, ""t_preload_ms"": 464.87}, ""cpu"": {""queue_wait_ms_p95"": 0.0}}, ""derived"": {""drop_rate_fps"": 29.2333, ""drop_count"": 877, ""window_sec"": 30.0, ""throughput_norm"": 0.95, ""drop_rate_norm"": 0.6}, ""score"": 0.83, ""schedule_file"": ""model_schedules_rbybys.yaml""}"
"{""timestamp"": ""2026-01-05 11:41:03"", ""window_sec"": 30.0, ""combination"": ""combination_2"", ""models"": {""view1"": {""model"": ""yolov3_big"", ""execution"": ""CPU"", ""throughput_fps"": 1.8, ""avg_inference_time_ms"": 554.44, ""inference_count"": 51, ""avg_wait_to_preprocess_ms"": 5206.7, ""dropped_frames_due_to_full_queue"": 715}, ""view2"": {""model"": ""yolov3_small"", ""execution"": ""CPU"", ""throughput_fps"": 1.84, ""avg_inference_time_ms"": 542.86, ""inference_count"": 52, ""avg_wait_to_preprocess_ms"": 5130.23, ""dropped_frames_due_to_full_queue"": 717}, ""view3"": {""model"": ""resnet50_big"", ""execution"": ""NPU0"", ""throughput_fps"": 18.99, ""avg_inference_time_ms"": 52.66, ""inference_count"": 60, ""avg_wait_to_preprocess_ms"": 0.0, ""dropped_frames_due_to_full_queue"": 0}}, ""total"": {""total_throughput_fps"": 22.64, ""avg_throughput_fps"": 7.55}, ""devices"": {""cpu"": {""queue_wait_ms_p95"": 5206.7}, ""npu0"": {""queue_wait_ms_p95"": 0.0, ""t_preload_ms"": 33.52}}, ""derived"": {""drop_rate_fps"": 47.7333, ""drop_count"": 1432, ""window_sec"": 30.0, ""throughput_norm"": 0.7, ""drop_rate_norm"": 0.98}, ""score"": 0.5, ""schedule_file"": ""model_schedules_rbybys.yaml""}"
"{""timestamp"": ""2026-01-05 11:41:33"", ""window_sec"": 30.0, ""combination"": ""combination_3"", ""models"": {""view1"": {""model"": ""yolov3_big"", ""execution"": ""CPU"", ""throughput_fps"": 1.75, ""avg_inference_time_ms"": 570.23, ""inference_count"": 49, ""avg_wait_to_preprocess_ms"": 5383.74, ""dropped_frames_due_to_full_queue"": 722}, ""view2"": {""model"": ""yolov3_small"", ""execution"": ""CPU"", ""throughput_fps"": 1.76, ""avg_inference_time_ms"": 568.33, ""inference_count"": 49, ""avg_wait_to_preprocess_ms"": 5314.23, ""dropped_frames_due_to_full_queue"": 725}, ""view3"": {""model"": ""resnet50_big"", ""execution"": ""NPU1"", ""throughput_fps"": 16.23, ""avg_inference_time_ms"": 61.63, ""inference_count"": 60, ""avg_wait_to_preprocess_ms"": 0.0, ""dropped_frames_due_to_full_queue"": 0}}, ""total"": {""total_throughput_fps"": 19.74, ""avg_throughput_fps"": 6.58}, ""devices"": {""cpu"": {""queue_wait_ms_p95"": 5383.74}, ""npu1"": {""queue_wait_ms_p95"": 0.0, ""t_preload_ms"": 464.87}}, ""derived"": {""drop_rate_fps"": 48.2333, ""drop_count"": 1447, ""window_sec"": 30.0, ""throughput_norm"": 0.61, ""drop_rate_norm"": 0.99}, ""score"": 0.41, ""schedule_file"": ""model_schedules_rbybys.yaml""}"
"{""timestamp"": ""2026-01-05 11:42:05"", ""window_sec"": 30.0, ""combination"": ""combination_4"", ""models"": {""view1"": {""model"": ""yolov3_big"", ""execution"": ""CPU"", ""throughput_fps"": 1.64, ""avg_inference_time_ms"": 610.75, ""inference_count"": 46, ""avg_wait_to_preprocess_ms"": 5609.3, ""dropped_frames_due_to_full_queue"": 716}, ""view2"": {""model"": ""yolov3_small"", ""execution"": ""NPU0"", ""throughput_fps"": 10.27, ""avg_inference_time_ms"": 97.32, ""inference_count"": 111, ""avg_wait_to_preprocess_ms"": 1273.15, ""dropped_frames_due_to_full_queue"": 442}, ""view3"": {""model"": ""resnet50_big"", ""execution"": ""CPU"", ""throughput_fps"": 5.29, ""avg_inference_time_ms"": 188.89, ""inference_count"": 60, ""avg_wait_to_preprocess_ms"": 0.0, ""dropped_frames_due_to_full_queue"": 0}}, ""total"": {""total_throughput_fps"": 17.21, ""avg_throughput_fps"": 5.74}, ""devices"": {""cpu"": {""queue_wait_ms_p95"": 5609.3}, ""npu0"": {""queue_wait_ms_p95"": 0.0, ""t_preload_ms"": 33.52}}, ""derived"": {""drop_rate_fps"": 38.6, ""drop_count"": 1158, ""window_sec"": 30.0, ""throughput_norm"": 0.53, ""drop_rate_norm"": 0.79}, ""score"": 0.37, ""schedule_file"": ""model_schedules_rbybys.yaml""}"
"{""timestamp"": ""2026-01-05 11:42:35"", ""window_sec"": 30.0, ""combination"": ""combination_5"", ""models"": {""view1"": {""model"": ""yolov3_big"", ""execution"": ""CPU"", ""throughput_fps"": 2.12, ""avg_inference_time_ms"": 471.13, ""inference_count"": 59, ""avg_wait_to_preprocess_ms"": 4515.51, ""dropped_frames_due_to_full_queue"": 719}, ""view2"": {""model"": ""yolov3_small"", ""execution"": ""NPU0"", ""throughput_fps"": 11.64, ""avg_inference_time_ms"": 85.89, ""inference_count"": 130, ""avg_wait_to_preprocess_ms"": 1091.68, ""dropped_frames_due_to_full_queue"": 391}, ""view3"": {""model"": ""resnet50_big"", ""execution"": ""NPU1"", ""throughput_fps"": 17.05, ""avg_inference_time_ms"": 58.67, ""inference_count"": 60, ""avg_wait_to_preprocess_ms"": 0.0, ""dropped_frames_due_to_full_queue"": 0}}, ""total"": {""total_throughput_fps"": 30.81, ""avg_throughput_fps"": 10.27}, ""devices"": {""cpu"": {""queue_wait_ms_p95"": 4515.51}, ""npu1"": {""queue_wait_ms_p95"": 0.0, ""t_preload_ms"": 464.87}, ""npu0"": {""queue_wait_ms_p95"": 0.0, ""t_preload_ms"": 33.52}}, ""derived"": {""drop_rate_fps"": 37.0, ""drop_count"": 1110, ""window_sec"": 30.0, ""throughput_norm"": 0.95, ""drop_rate_norm"": 0.76}, ""score"": 0.8, ""schedule_file"": ""model_schedules_rbybys.yaml""}"
"{""timestamp"": ""2026-01-05 11:43:06"", ""window_sec"": 30.0, ""combination"": ""combination_6"", ""models"": {""view1"": {""model"": ""yolov3_big"", ""execution"": ""CPU"", ""throughput_fps"": 1.68, ""avg_inference_time_ms"": 595.97, ""inference_count"": 47, ""avg_wait_to_preprocess_ms"": 5522.11, ""dropped_frames_due_to_full_queue"": 672}, ""view2"": {""model"": ""yolov3_small"", ""execution"": ""NPU1"", ""throughput_fps"": 9.39, ""avg_inference_time_ms"": 106.46, ""inference_count"": 100, ""avg_wait_to_preprocess_ms"": 1404.37, ""dropped_frames_due_to_full_queue"": 455}, ""view3"": {""model"": ""resnet50_big"", ""execution"": ""CPU"", ""throughput_fps"": 5.6, ""avg_inference_time_ms"": 178.48, ""inference_count"": 60, ""avg_wait_to_preprocess_ms"": 0.0, ""dropped_frames_due_to_full_queue"": 0}}, ""total"": {""total_throughput_fps"": 16.67, ""avg_throughput_fps"": 5.56}, ""devices"": {""cpu"": {""queue_wait_ms_p95"": 5522.11}, ""npu1"": {""queue_wait_ms_p95"": 0.0, ""t_preload_ms"": 464.87}}, ""derived"": {""drop_rate_fps"": 37.5667, ""drop_count"": 1127, ""window_sec"": 30.0, ""throughput_norm"": 0.51, ""drop_rate_norm"": 0.77}, ""score"": 0.36, ""schedule_file"": ""model_schedules_rbybys.yaml""}"
"{""timestamp"": ""2026-01-05 11:43:37"", ""window_sec"": 30.0, ""combination"": ""combination_7"", ""models"": {""view1"": {""model"": ""yolov3_big"", ""execution"": ""CPU"", ""throughput_fps"": 2.35, ""avg_inference_time_ms"": 425.99, ""inference_count"": 65, ""avg_wait_to_preprocess_ms"": 4141.35, ""dropped_frames_due_to_full_queue"": 700}, ""view2"": {""model"": ""yolov3_small"", ""execution"": ""NPU1"", ""throughput_fps"": 10.2, ""avg_inference_time_ms"": 98.0, ""inference_count"": 115, ""avg_wait_to_preprocess_ms"": 1229.68, ""dropped_frames_due_to_full_queue"": 436}, ""view3"": {""model"": ""resnet50_big"", ""execution"": ""NPU0"", ""throughput_fps"": 19.71, ""avg_inference_time_ms"": 50.73, ""inference_count"": 60, ""avg_wait_to_preprocess_ms"": 0.0, ""dropped_frames_due_to_full_queue"": 0}}, ""total"": {""total_throughput_fps"": 32.26, ""avg_throughput_fps"": 10.75}, ""devices"": {""cpu"": {""queue_wait_ms_p95"": 4141.35}, ""npu1"": {""queue_wait_ms_p95"": 0.0, ""t_preload_ms"": 464.87}, ""npu0"": {""queue_wait_ms_p95"": 0.0, ""t_preload_ms"": 33.52}}, ""derived"": {""drop_rate_fps"": 37.8667, ""drop_count"": 1136, ""window_sec"": 30.0, ""throughput_norm"": 0.99, ""drop_rate_norm"": 0.78}, ""score"": 0.83, ""schedule_file"": ""model_schedules_rbybys.yaml""}"
"{""timestamp"": ""2026-01-05 11:44:10"", ""window_sec"": 30.0, ""combination"": ""combination_8"", ""models"": {""view1"": {""model"": ""yolov3_big"", ""execution"": ""NPU0"", ""throughput_fps"": 8.03, ""avg_inference_time_ms"": 124.6, ""inference_count"": 95, ""avg_wait_to_preprocess_ms"": 1534.54, ""dropped_frames_due_to_full_queue"": 483}, ""view2"": {""model"": ""yolov3_small"", ""execution"": ""CPU"", ""throughput_fps"": 1.76, ""avg_inference_time_ms"": 566.92, ""inference_count"": 51, ""avg_wait_to_preprocess_ms"": 5352.94, ""dropped_frames_due_to_full_queue"": 693}, ""view3"": {""model"": ""resnet50_big"", ""execution"": ""CPU"", ""throughput_fps"": 5.66, ""avg_inference_time_ms"": 176.75, ""inference_count"": 62, ""avg_wait_to_preprocess_ms"": 0.0, ""dropped_frames_due_to_full_queue"": 0}}, ""total"": {""total_throughput_fps"": 15.45, ""avg_throughput_fps"": 5.15}, ""devices"": {""npu0"": {""queue_wait_ms_p95"": 0.0, ""t_preload_ms"": 33.52}, ""cpu"": {""queue_wait_ms_p95"": 5352.94}}, ""derived"": {""drop_rate_fps"": 39.2, ""drop_count"": 1176, ""window_sec"": 30.0, ""throughput_norm"": 0.48, ""drop_rate_norm"": 0.8}, ""score"": 0.32, ""schedule_file"": ""model_schedules_rbybys.yaml""}"
"{""timestamp"": ""2026-01-05 11:44:40"", ""window_sec"": 30.0, ""combination"": ""combination_9"", ""models"": {""view1"": {""model"": ""yolov3_big"", ""execution"": ""NPU0"", ""throughput_fps"": 8.84, ""avg_inference_time_ms"": 113.11, ""inference_count"": 104, ""avg_wait_to_preprocess_ms"": 1349.18, ""dropped_frames_due_to_full_queue"": 483}, ""view2"": {""model"": ""yolov3_small"", ""execution"": ""CPU"", ""throughput_fps"": 2.41, ""avg_inference_time_ms"": 415.71, ""inference_count"": 67, ""avg_wait_to_preprocess_ms"": 4044.13, ""dropped_frames_due_to_full_queue"": 691}, ""view3"": {""model"": ""resnet50_big"", ""execution"": ""NPU1"", ""throughput_fps"": 19.95, ""avg_inference_time_ms"": 50.13, ""inference_count"": 60, ""avg_wait_to_preprocess_ms"": 0.0, ""dropped_frames_due_to_full_queue"": 0}}, ""total"": {""total_throughput_fps"": 31.2, ""avg_throughput_fps"": 10.4}, ""devices"": {""npu0"": {""queue_wait_ms_p95"": 0.0, ""t_preload_ms"": 33.52}, ""npu1"": {""queue_wait_ms_p95"": 0.0, ""t_preload_ms"": 464.87}, ""cpu"": {""queue_wait_ms_p95"": 4044.13}}, ""derived"": {""drop_rate_fps"": 39.1333, ""drop_count"": 1174, ""window_sec"": 30.0, ""throughput_norm"": 0.96, ""drop_rate_norm"": 0.8}, ""score"": 0.8, ""schedule_file"": ""model_schedules_rbybys.yaml""}"
"{""timestamp"": ""2026-01-05 11:45:15"", ""window_sec"": 30.0, ""combination"": ""combination_1"", ""models"": {""view1"": {""model"": ""yolov3_big"", ""execution"": ""CPU"", ""throughput_fps"": 1.04, ""avg_inference_time_ms"": 961.35, ""inference_count"": 29, ""avg_wait_to_preprocess_ms"": 8459.76, ""dropped_frames_due_to_full_queue"": 760}, ""view2"": {""model"": ""yolov3_small"", ""execution"": ""CPU"", ""throughput_fps"": 1.08, ""avg_inference_time_ms"": 922.06, ""inference_count"": 30, ""avg_wait_to_preprocess_ms"": 8095.08, ""dropped_frames_due_to_full_queue"": 759}, ""view3"": {""model"": ""resnet50_big"", ""execution"": ""CPU"", ""throughput_fps"": 5.89, ""avg_inference_time_ms"": 169.9, ""inference_count"": 118, ""avg_wait_to_preprocess_ms"": 0.0, ""dropped_frames_due_to_full_queue"": 0}}, ""total"": {""total_throughput_fps"": 8.01, ""avg_throughput_fps"": 2.67}, ""devices"": {""cpu"": {""queue_wait_ms_p95"": 8459.76}}, ""derived"": {""drop_rate_fps"": 50.6333, ""drop_count"": 1519, ""window_sec"": 30.0, ""throughput_norm"": 0.24, ""drop_rate_norm"": 1.0}, ""score"": 0.04, ""schedule_file"": ""model_schedules_rbybys_2x.yaml""}"
"{""timestamp"": ""2026-01-05 11:45:46"", ""window_sec"": 30.0, ""combination"": ""combination_10"", ""models"": {""view1"": {""model"": ""yolov3_big"", ""execution"": ""NPU0"", ""throughput_fps"": 9.06, ""avg_inference_time_ms"": 110.34, ""inference_count"": 106, ""avg_wait_to_preprocess_ms"": 1337.88, ""dropped_frames_due_to_full_queue"": 600}, ""view2"": {""model"": ""yolov3_small"", ""execution"": ""NPU1"", ""throughput_fps"": 11.28, ""avg_inference_time_ms"": 88.69, ""inference_count"": 129, ""avg_wait_to_preprocess_ms"": 1103.16, ""dropped_frames_due_to_full_queue"": 555}, ""view3"": {""model"": ""resnet50_big"", ""execution"": ""CPU"", ""throughput_fps"": 11.42, ""avg_inference_time_ms"": 87.58, ""inference_count"": 118, ""avg_wait_to_preprocess_ms"": 0.0, ""dropped_frames_due_to_full_queue"": 0}}, ""total"": {""total_throughput_fps"": 31.76, ""avg_throughput_fps"": 10.59}, ""devices"": {""npu0"": {""queue_wait_ms_p95"": 0.0, ""t_preload_ms"": 33.52}, ""npu1"": {""queue_wait_ms_p95"": 0.0, ""t_preload_ms"": 464.87}, ""cpu"": {""queue_wait_ms_p95"": 0.0}}, ""derived"": {""drop_rate_fps"": 38.5, ""drop_count"": 1155, ""window_sec"": 30.0, ""throughput_norm"": 0.96, ""drop_rate_norm"": 0.76}, ""score"": 0.81, ""schedule_file"": ""model_schedules_rbybys_2x.yaml""}"
"{""timestamp"": ""2026-01-05 11:46:17"", ""window_sec"": 30.0, ""combination"": ""combination_11"", ""models"": {""view1"": {""model"": ""yolov3_big"", ""execution"": ""NPU1"", ""throughput_fps"": 7.29, ""avg_inference_time_ms"": 137.12, ""inference_count"": 80, ""avg_wait_to_preprocess_ms"": 1780.2, ""dropped_frames_due_to_full_queue"": 634}, ""view2"": {""model"": ""yolov3_small"", ""execution"": ""CPU"", ""throughput_fps"": 1.39, ""avg_inference_time_ms"": 719.42, ""inference_count"": 39, ""avg_wait_to_preprocess_ms"": 6565.01, ""dropped_frames_due_to_full_queue"": 753}, ""view3"": {""model"": ""resnet50_big"", ""execution"": ""CPU"", ""throughput_fps"": 6.5, ""avg_inference_time_ms"": 153.84, ""inference_count"": 118, ""avg_wait_to_preprocess_ms"": 0.0, ""dropped_frames_due_to_full_queue"": 0}}, ""total"": {""total_throughput_fps"": 15.18, ""avg_throughput_fps"": 5.06}, ""devices"": {""npu1"": {""queue_wait_ms_p95"": 0.0, ""t_preload_ms"": 464.87}, ""cpu"": {""queue_wait_ms_p95"": 6565.01}}, ""derived"": {""drop_rate_fps"": 46.2333, ""drop_count"": 1387, ""window_sec"": 30.0, ""throughput_norm"": 0.46, ""drop_rate_norm"": 0.91}, ""score"": 0.28, ""schedule_file"": ""model_schedules_rbybys_2x.yaml""}"
"{""timestamp"": ""2026-01-05 11:46:48"", ""window_sec"": 30.0, ""combination"": ""combination_12"", ""models"": {""view1"": {""model"": ""yolov3_big"", ""execution"": ""NPU1"", ""throughput_fps"": 8.52, ""avg_inference_time_ms"": 117.41, ""inference_count"": 99, ""avg_wait_to_preprocess_ms"": 1432.34, ""dropped_frames_due_to_full_queue"": 604}, ""view2"": {""model"": ""yolov3_small"", ""execution"": ""CPU"", ""throughput_fps"": 3.06, ""avg_inference_time_ms"": 327.09, ""inference_count"": 85, ""avg_wait_to_preprocess_ms"": 3277.97, ""dropped_frames_due_to_full_queue"": 718}, ""view3"": {""model"": ""resnet50_big"", ""execution"": ""NPU0"", ""throughput_fps"": 18.04, ""avg_inference_time_ms"": 55.44, ""inference_count"": 118, ""avg_wait_to_preprocess_ms"": 0.0, ""dropped_frames_due_to_full_queue"": 0}}, ""total"": {""total_throughput_fps"": 29.61, ""avg_throughput_fps"": 9.87}, ""devices"": {""npu0"": {""queue_wait_ms_p95"": 0.0, ""t_preload_ms"": 33.52}, ""npu1"": {""queue_wait_ms_p95"": 0.0, ""t_preload_ms"": 464.87}, ""cpu"": {""queue_wait_ms_p95"": 3277.97}}, ""derived"": {""drop_rate_fps"": 44.0667, ""drop_count"": 1322, ""window_sec"": 30.0, ""throughput_norm"": 0.89, ""drop_rate_norm"": 0.87}, ""score"": 0.72, ""schedule_file"": ""model_schedules_rbybys_2x.yaml""}"
"{""timestamp"": ""2026-01-05 11:47:19"", ""window_sec"": 30.0, ""combination"": ""combination_13"", ""models"": {""view1"": {""model"": ""yolov3_big"", ""execution"": ""NPU1"", ""throughput_fps"": 0.0, ""avg_inference_time_ms"": 0.0, ""inference_count"": 0, ""avg_wait_to_preprocess_ms"": 0.0, ""dropped_frames_due_to_full_queue"": 824}, ""view2"": {""model"": ""yolov3_small"", ""execution"": ""NPU0"", ""throughput_fps"": 12.99, ""avg_inference_time_ms"": 76.97, ""inference_count"": 148, ""avg_wait_to_preprocess_ms"": 958.86, ""dropped_frames_due_to_full_queue"": 528}, ""view3"": {""model"": ""resnet50_big"", ""execution"": ""CPU"", ""throughput_fps"": 17.34, ""avg_inference_time_ms"": 57.67, ""inference_count"": 119, ""avg_wait_to_preprocess_ms"": 0.0, ""dropped_frames_due_to_full_queue"": 0}}, ""total"": {""total_throughput_fps"": 30.33, ""avg_throughput_fps"": 10.11}, ""devices"": {""npu0"": {""queue_wait_ms_p95"": 0.0, ""t_preload_ms"": 33.52}, ""npu1"": {""queue_wait_ms_p95"": 0.0, ""t_preload_ms"": 464.87}, ""cpu"": {""queue_wait_ms_p95"": 0.0}}, ""derived"": {""drop_rate_fps"": 45.0667, ""drop_count"": 1352, ""window_sec"": 30.0, ""throughput_norm"": 0.91, ""drop_rate_norm"": 0.89}, ""score"": 0.73, ""schedule_file"": ""model_schedules_rbybys_2x.yaml""}"
"{""timestamp"": ""2026-01-05 11:47:51"", ""window_sec"": 30.0, ""combination"": ""combination_2"", ""models"": {""view1"": {""model"": ""yolov3_big"", ""execution"": ""CPU"", ""throughput_fps"": 1.78, ""avg_inference_time_ms"": 560.49, ""inference_count"": 50, ""avg_wait_to_preprocess_ms"": 5277.38, ""dropped_frames_due_to_full_queue"": 746}, ""view2"": {""model"": ""yolov3_small"", ""execution"": ""CPU"", ""throughput_fps"": 1.81, ""avg_inference_time_ms"": 551.24, ""inference_count"": 51, ""avg_wait_to_preprocess_ms"": 5243.25, ""dropped_frames_due_to_full_queue"": 746}, ""view3"": {""model"": ""resnet50_big"", ""execution"": ""NPU0"", ""throughput_fps"": 19.35, ""avg_inference_time_ms"": 51.68, ""inference_count"": 118, ""avg_wait_to_preprocess_ms"": 0.0, ""dropped_frames_due_to_full_queue"": 0}}, ""total"": {""total_throughput_fps"": 22.95, ""avg_throughput_fps"": 7.65}, ""devices"": {""npu0"": {""queue_wait_ms_p95"": 0.0, ""t_preload_ms"": 33.52}, ""cpu"": {""queue_wait_ms_p95"": 5277.38}}, ""derived"": {""drop_rate_fps"": 49.7333, ""drop_count"": 1492, ""window_sec"": 30.0, ""throughput_norm"": 0.69, ""drop_rate_norm"": 0.98}, ""score"": 0.49, ""schedule_file"": ""model_schedules_rbybys_2x.yaml""}"
"{""timestamp"": ""2026-01-05 11:48:21"", ""window_sec"": 30.0, ""combination"": ""combination_3"", ""models"": {""view1"": {""model"": ""yolov3_big"", ""execution"": ""CPU"", ""throughput_fps"": 1.76, ""avg_inference_time_ms"": 567.94, ""inference_count"": 49, ""avg_wait_to_preprocess_ms"": 5421.29, ""dropped_frames_due_to_full_queue"": 744}, ""view2"": {""model"": ""yolov3_small"", ""execution"": ""CPU"", ""throughput_fps"": 1.76, ""avg_inference_time_ms"": 568.69, ""inference_count"": 49, ""avg_wait_to_preprocess_ms"": 5318.47, ""dropped_frames_due_to_full_queue"": 744}, ""view3"": {""model"": ""resnet50_big"", ""execution"": ""NPU1"", ""throughput_fps"": 16.21, ""avg_inference_time_ms"": 61.67, ""inference_count"": 118, ""avg_wait_to_preprocess_ms"": 0.0, ""dropped_frames_due_to_full_queue"": 0}}, ""total"": {""total_throughput_fps"": 19.73, ""avg_throughput_fps"": 6.58}, ""devices"": {""npu1"": {""queue_wait_ms_p95"": 0.0, ""t_preload_ms"": 464.87}, ""cpu"": {""queue_wait_ms_p95"": 5421.29}}, ""derived"": {""drop_rate_fps"": 49.6, ""drop_count"": 1488, ""window_sec"": 30.0, ""throughput_norm"": 0.59, ""drop_rate_norm"": 0.98}, ""score"": 0.39, ""schedule_file"": ""model_schedules_rbybys_2x.yaml""}"
"{""timestamp"": ""2026-01-05 11:48:52"", ""window_sec"": 30.0, ""combination"": ""combination_4"", ""models"": {""view1"": {""model"": ""yolov3_big"", ""execution"": ""CPU"", ""throughput_fps"": 1.0, ""avg_inference_time_ms"": 1002.38, ""inference_count"": 28, ""avg_wait_to_preprocess_ms"": 8646.11, ""dropped_frames_due_to_full_queue"": 762}, ""view2"": {""model"": ""yolov3_small"", ""execution"": ""NPU0"", ""throughput_fps"": 9.53, ""avg_inference_time_ms"": 104.91, ""inference_count"": 98, ""avg_wait_to_preprocess_ms"": 1443.31, ""dropped_frames_due_to_full_queue"": 594}, ""view3"": {""model"": ""resnet50_big"", ""execution"": ""CPU"", ""throughput_fps"": 5.3, ""avg_inference_time_ms"": 188.72, ""inference_count"": 117, ""avg_wait_to_preprocess_ms"": 0.0, ""dropped_frames_due_to_full_queue"": 0}}, ""total"": {""total_throughput_fps"": 15.83, ""avg_throughput_fps"": 5.28}, ""devices"": {""npu0"": {""queue_wait_ms_p95"": 0.0, ""t_preload_ms"": 33.52}, ""cpu"": {""queue_wait_ms_p95"": 8646.11}}, ""derived"": {""drop_rate_fps"": 45.2, ""drop_count"": 1356, ""window_sec"": 30.0, ""throughput_norm"": 0.48, ""drop_rate_norm"": 0.89}, ""score"": 0.3, ""schedule_file"": ""model_schedules_rbybys_2x.yaml""}"
"{""timestamp"": ""2026-01-05 11:49:23"", ""window_sec"": 30.0, ""combination"": ""combination_5"", ""models"": {""view1"": {""model"": ""yolov3_big"", ""execution"": ""CPU"", ""throughput_fps"": 2.19, ""avg_inference_time_ms"": 456.32, ""inference_count"": 61, ""avg_wait_to_preprocess_ms"": 4391.3, ""dropped_frames_due_to_full_queue"": 734}, ""view2"": {""model"": ""yolov3_small"", ""execution"": ""NPU0"", ""throughput_fps"": 11.25, ""avg_inference_time_ms"": 88.9, ""inference_count"": 125, ""avg_wait_to_preprocess_ms"": 1138.72, ""dropped_frames_due_to_full_queue"": 546}, ""view3"": {""model"": ""resnet50_big"", ""execution"": ""NPU1"", ""throughput_fps"": 16.98, ""avg_inference_time_ms"": 58.89, ""inference_count"": 118, ""avg_wait_to_preprocess_ms"": 0.0, ""dropped_frames_due_to_full_queue"": 0}}, ""total"": {""total_throughput_fps"": 30.42, ""avg_throughput_fps"": 10.14}, ""devices"": {""npu0"": {""queue_wait_ms_p95"": 0.0, ""t_preload_ms"": 33.52}, ""npu1"": {""queue_wait_ms_p95"": 0.0, ""t_preload_ms"": 464.87}, ""cpu"": {""queue_wait_ms_p95"": 4391.3}}, ""derived"": {""drop_rate_fps"": 42.6667, ""drop_count"": 1280, ""window_sec"": 30.0, ""throughput_norm"": 0.92, ""drop_rate_norm"": 0.84}, ""score"": 0.75, ""schedule_file"": ""model_schedules_rbybys_2x.yaml""}"
"{""timestamp"": ""2026-01-05 11:49:54"", ""window_sec"": 30.0, ""combination"": ""combination_6"", ""models"": {""view1"": {""model"": ""yolov3_big"", ""execution"": ""CPU"", ""throughput_fps"": 1.03, ""avg_inference_time_ms"": 970.17, ""inference_count"": 29, ""avg_wait_to_preprocess_ms"": 8489.36, ""dropped_frames_due_to_full_queue"": 696}, ""view2"": {""model"": ""yolov3_small"", ""execution"": ""NPU1"", ""throughput_fps"": 8.71, ""avg_inference_time_ms"": 114.86, ""inference_count"": 92, ""avg_wait_to_preprocess_ms"": 1529.26, ""dropped_frames_due_to_full_queue"": 541}, ""view3"": {""model"": ""resnet50_big"", ""execution"": ""CPU"", ""throughput_fps"": 5.34, ""avg_inference_time_ms"": 187.29, ""inference_count"": 117, ""avg_wait_to_preprocess_ms"": 0.0, ""dropped_frames_due_to_full_queue"": 0}}, ""total"": {""total_throughput_fps"": 15.08, ""avg_throughput_fps"": 5.03}, ""devices"": {""npu1"": {""queue_wait_ms_p95"": 0.0, ""t_preload_ms"": 464.87}, ""cpu"": {""queue_wait_ms_p95"": 8489.36}}, ""derived"": {""drop_rate_fps"": 41.2333, ""drop_count"": 1237, ""window_sec"": 30.0, ""throughput_norm"": 0.45, ""drop_rate_norm"": 0.81}, ""score"": 0.29, ""schedule_file"": ""model_schedules_rbybys_2x.yaml""}"
"{""timestamp"": ""2026-01-05 11:50:25"", ""window_sec"": 30.0, ""combination"": ""combination_7"", ""models"": {""view1"": {""model"": ""yolov3_big"", ""execution"": ""CPU"", ""throughput_fps"": 2.37, ""avg_inference_time_ms"": 421.17, ""inference_count"": 66, ""avg_wait_to_preprocess_ms"": 4097.9, ""dropped_frames_due_to_full_queue"": 727}, ""view2"": {""model"": ""yolov3_small"", ""execution"": ""NPU1"", ""throughput_fps"": 10.62, ""avg_inference_time_ms"": 94.18, ""inference_count"": 120, ""avg_wait_to_preprocess_ms"": 1183.04, ""dropped_frames_due_to_full_queue"": 554}, ""view3"": {""model"": ""resnet50_big"", ""execution"": ""NPU0"", ""throughput_fps"": 20.23, ""avg_inference_time_ms"": 49.43, ""inference_count"": 118, ""avg_wait_to_preprocess_ms"": 0.0, ""dropped_frames_due_to_full_queue"": 0}}, ""total"": {""total_throughput_fps"": 33.22, ""avg_throughput_fps"": 11.07}, ""devices"": {""npu0"": {""queue_wait_ms_p95"": 0.0, ""t_preload_ms"": 33.52}, ""npu1"": {""queue_wait_ms_p95"": 0.0, ""t_preload_ms"": 464.87}, ""cpu"": {""queue_wait_ms_p95"": 4097.9}}, ""derived"": {""drop_rate_fps"": 42.7, ""drop_count"": 1281, ""window_sec"": 30.0, ""throughput_norm"": 1.0, ""drop_rate_norm"": 0.84}, ""score"": 0.83, ""schedule_file"": ""model_schedules_rbybys_2x.yaml""}"
"{""timestamp"": ""2026-01-05 11:50:57"", ""window_sec"": 30.0, ""combination"": ""combination_8"", ""models"": {""view1"": {""model"": ""yolov3_big"", ""execution"": ""NPU0"", ""throughput_fps"": 7.53, ""avg_inference_time_ms"": 132.76, ""inference_count"": 82, ""avg_wait_to_preprocess_ms"": 1712.15, ""dropped_frames_due_to_full_queue"": 469}, ""view2"": {""model"": ""yolov3_small"", ""execution"": ""CPU"", ""throughput_fps"": 1.03, ""avg_inference_time_ms"": 968.83, ""inference_count"": 29, ""avg_wait_to_preprocess_ms"": 8574.12, ""dropped_frames_due_to_full_queue"": 603}, ""view3"": {""model"": ""resnet50_big"", ""execution"": ""CPU"", ""throughput_fps"": 5.47, ""avg_inference_time_ms"": 182.76, ""inference_count"": 117, ""avg_wait_to_preprocess_ms"": 0.0, ""dropped_frames_due_to_full_queue"": 0}}, ""total"": {""total_throughput_fps"": 14.04, ""avg_throughput_fps"": 4.68}, ""devices"": {""npu0"": {""queue_wait_ms_p95"": 0.0, ""t_preload_ms"": 33.52}, ""cpu"": {""queue_wait_ms_p95"": 8574.12}}, ""derived"": {""drop_rate_fps"": 35.7333, ""drop_count"": 1072, ""window_sec"": 30.0, ""throughput_norm"": 0.42, ""drop_rate_norm"": 0.71}, ""score"": 0.28, ""schedule_file"": ""model_schedules_rbybys_2x.yaml""}"
"{""timestamp"": ""2026-01-05 11:51:27"", ""window_sec"": 30.0, ""combination"": ""combination_9"", ""models"": {""view1"": {""model"": ""yolov3_big"", ""execution"": ""NPU0"", ""throughput_fps"": 8.68, ""avg_inference_time_ms"": 115.16, ""inference_count"": 101, ""avg_wait_to_preprocess_ms"": 1401.93, ""dropped_frames_due_to_full_queue"": 508}, ""view2"": {""model"": ""yolov3_small"", ""execution"": ""CPU"", ""throughput_fps"": 2.47, ""avg_inference_time_ms"": 405.1, ""inference_count"": 68, ""avg_wait_to_preprocess_ms"": 3941.01, ""dropped_frames_due_to_full_queue"": 641}, ""view3"": {""model"": ""resnet50_big"", ""execution"": ""NPU1"", ""throughput_fps"": 19.44, ""avg_inference_time_ms"": 51.44, ""inference_count"": 118, ""avg_wait_to_preprocess_ms"": 0.0, ""dropped_frames_due_to_full_queue"": 0}}, ""total"": {""total_throughput_fps"": 30.59, ""avg_throughput_fps"": 10.2}, ""devices"": {""npu0"": {""queue_wait_ms_p95"": 0.0, ""t_preload_ms"": 33.52}, ""npu1"": {""queue_wait_ms_p95"": 0.0, ""t_preload_ms"": 464.87}, ""cpu"": {""queue_wait_ms_p95"": 3941.01}}, ""derived"": {""drop_rate_fps"": 38.3, ""drop_count"": 1149, ""window_sec"": 30.0, ""throughput_norm"": 0.92, ""drop_rate_norm"": 0.76}, ""score"": 0.77, ""schedule_file"": ""model_schedules_rbybys_2x.yaml""}"
"{""timestamp"": ""2026-01-05 11:58:51"", ""window_sec"": 30.0, ""combination"": ""combination_1"", ""models"": {""view1"": {""model"": ""yolov3_big"", ""execution"": ""CPU"", ""throughput_fps"": 0.97, ""avg_inference_time_ms"": 1029.6, ""inference_count"": 28, ""avg_wait_to_preprocess_ms"": 8855.39, ""dropped_frames_due_to_full_queue"": 791}, ""view2"": {""model"": ""yolov3_small"", ""execution"": ""CPU"", ""throughput_fps"": 0.94, ""avg_inference_time_ms"": 1063.92, ""inference_count"": 27, ""avg_wait_to_preprocess_ms"": 9186.46, ""dropped_frames_due_to_full_queue"": 792}, ""view3"": {""model"": ""resnet50_big"", ""execution"": ""CPU"", ""throughput_fps"": 6.89, ""avg_inference_time_ms"": 145.07, ""inference_count"": 199, ""avg_wait_to_preprocess_ms"": 0.0, ""dropped_frames_due_to_full_queue"": 0}}, ""total"": {""total_throughput_fps"": 8.8, ""avg_throughput_fps"": 2.93}, ""devices"": {""cpu"": {""queue_wait_ms_p95"": 9186.46}}, ""derived"": {""drop_rate_fps"": 52.7667, ""drop_count"": 1583, ""window_sec"": 30.0, ""throughput_norm"": 0.27, ""drop_rate_norm"": 1.0}, ""score"": 0.07, ""schedule_file"": ""model_schedules_rbybys_4x.yaml""}"
"{""timestamp"": ""2026-01-05 11:59:22"", ""window_sec"": 30.0, ""combination"": ""combination_10"", ""models"": {""view1"": {""model"": ""yolov3_big"", ""execution"": ""NPU0"", ""throughput_fps"": 8.62, ""avg_inference_time_ms"": 115.99, ""inference_count"": 99, ""avg_wait_to_preprocess_ms"": 1431.54, ""dropped_frames_due_to_full_queue"": 592}, ""view2"": {""model"": ""yolov3_small"", ""execution"": ""NPU1"", ""throughput_fps"": 9.36, ""avg_inference_time_ms"": 106.85, ""inference_count"": 101, ""avg_wait_to_preprocess_ms"": 1402.19, ""dropped_frames_due_to_full_queue"": 588}, ""view3"": {""model"": ""resnet50_big"", ""execution"": ""CPU"", ""throughput_fps"": 8.89, ""avg_inference_time_ms"": 112.43, ""inference_count"": 232, ""avg_wait_to_preprocess_ms"": 0.0, ""dropped_frames_due_to_full_queue"": 0}}, ""total"": {""total_throughput_fps"": 26.87, ""avg_throughput_fps"": 8.96}, ""devices"": {""cpu"": {""queue_wait_ms_p95"": 0.0}, ""npu1"": {""queue_wait_ms_p95"": 0.0, ""t_preload_ms"": 464.87}, ""npu0"": {""queue_wait_ms_p95"": 0.0, ""t_preload_ms"": 33.52}}, ""derived"": {""drop_rate_fps"": 39.3333, ""drop_count"": 1180, ""window_sec"": 30.0, ""throughput_norm"": 0.84, ""drop_rate_norm"": 0.75}, ""score"": 0.69, ""schedule_file"": ""model_schedules_rbybys_4x.yaml""}"
"{""timestamp"": ""2026-01-05 11:59:53"", ""window_sec"": 30.0, ""combination"": ""combination_11"", ""models"": {""view1"": {""model"": ""yolov3_big"", ""execution"": ""NPU1"", ""throughput_fps"": 7.24, ""avg_inference_time_ms"": 138.18, ""inference_count"": 80, ""avg_wait_to_preprocess_ms"": 1760.41, ""dropped_frames_due_to_full_queue"": 641}, ""view2"": {""model"": ""yolov3_small"", ""execution"": ""CPU"", ""throughput_fps"": 1.14, ""avg_inference_time_ms"": 878.98, ""inference_count"": 32, ""avg_wait_to_preprocess_ms"": 7733.8, ""dropped_frames_due_to_full_queue"": 769}, ""view3"": {""model"": ""resnet50_big"", ""execution"": ""CPU"", ""throughput_fps"": 7.4, ""avg_inference_time_ms"": 135.14, ""inference_count"": 209, ""avg_wait_to_preprocess_ms"": 0.0, ""dropped_frames_due_to_full_queue"": 0}}, ""total"": {""total_throughput_fps"": 15.77, ""avg_throughput_fps"": 5.26}, ""devices"": {""cpu"": {""queue_wait_ms_p95"": 7733.8}, ""npu1"": {""queue_wait_ms_p95"": 0.0, ""t_preload_ms"": 464.87}}, ""derived"": {""drop_rate_fps"": 47.0, ""drop_count"": 1410, ""window_sec"": 30.0, ""throughput_norm"": 0.49, ""drop_rate_norm"": 0.89}, ""score"": 0.31, ""schedule_file"": ""model_schedules_rbybys_4x.yaml""}"
"{""timestamp"": ""2026-01-05 12:00:24"", ""window_sec"": 30.0, ""combination"": ""combination_12"", ""models"": {""view1"": {""model"": ""yolov3_big"", ""execution"": ""NPU1"", ""throughput_fps"": 8.41, ""avg_inference_time_ms"": 118.92, ""inference_count"": 98, ""avg_wait_to_preprocess_ms"": 1449.51, ""dropped_frames_due_to_full_queue"": 607}, ""view2"": {""model"": ""yolov3_small"", ""execution"": ""CPU"", ""throughput_fps"": 2.52, ""avg_inference_time_ms"": 397.18, ""inference_count"": 70, ""avg_wait_to_preprocess_ms"": 3886.19, ""dropped_frames_due_to_full_queue"": 733}, ""view3"": {""model"": ""resnet50_big"", ""execution"": ""NPU0"", ""throughput_fps"": 18.06, ""avg_inference_time_ms"": 55.38, ""inference_count"": 232, ""avg_wait_to_preprocess_ms"": 0.0, ""dropped_frames_due_to_full_queue"": 0}}, ""total"": {""total_throughput_fps"": 28.98, ""avg_throughput_fps"": 9.66}, ""devices"": {""cpu"": {""queue_wait_ms_p95"": 3886.19}, ""npu1"": {""queue_wait_ms_p95"": 0.0, ""t_preload_ms"": 464.87}, ""npu0"": {""queue_wait_ms_p95"": 0.0, ""t_preload_ms"": 33.52}}, ""derived"": {""drop_rate_fps"": 44.6667, ""drop_count"": 1340, ""window_sec"": 30.0, ""throughput_norm"": 0.9, ""drop_rate_norm"": 0.85}, ""score"": 0.73, ""schedule_file"": ""model_schedules_rbybys_4x.yaml""}"
"{""timestamp"": ""2026-01-05 12:00:55"", ""window_sec"": 30.0, ""combination"": ""combination_13"", ""models"": {""view1"": {""model"": ""yolov3_big"", ""execution"": ""NPU1"", ""throughput_fps"": 7.82, ""avg_inference_time_ms"": 127.8, ""inference_count"": 92, ""avg_wait_to_preprocess_ms"": 1549.09, ""dropped_frames_due_to_full_queue"": 604}, ""view2"": {""model"": ""yolov3_small"", ""execution"": ""NPU0"", ""throughput_fps"": 10.05, ""avg_inference_time_ms"": 99.5, ""inference_count"": 106, ""avg_wait_to_preprocess_ms"": 1331.08, ""dropped_frames_due_to_full_queue"": 574}, ""view3"": {""model"": ""resnet50_big"", ""execution"": ""CPU"", ""throughput_fps"": 8.46, ""avg_inference_time_ms"": 118.22, ""inference_count"": 231, ""avg_wait_to_preprocess_ms"": 0.0, ""dropped_frames_due_to_full_queue"": 0}}, ""total"": {""total_throughput_fps"": 26.33, ""avg_throughput_fps"": 8.78}, ""devices"": {""cpu"": {""queue_wait_ms_p95"": 0.0}, ""npu1"": {""queue_wait_ms_p95"": 0.0, ""t_preload_ms"": 464.87}, ""npu0"": {""queue_wait_ms_p95"": 0.0, ""t_preload_ms"": 33.52}}, ""derived"": {""drop_rate_fps"": 39.2667, ""drop_count"": 1178, ""window_sec"": 30.0, ""throughput_norm"": 0.82, ""drop_rate_norm"": 0.74}, ""score"": 0.67, ""schedule_file"": ""model_schedules_rbybys_4x.yaml""}"
"{""timestamp"": ""2026-01-05 12:01:27"", ""window_sec"": 30.0, ""combination"": ""combination_2"", ""models"": {""view1"": {""model"": ""yolov3_big"", ""execution"": ""CPU"", ""throughput_fps"": 1.68, ""avg_inference_time_ms"": 596.66, ""inference_count"": 47, ""avg_wait_to_preprocess_ms"": 5623.83, ""dropped_frames_due_to_full_queue"": 749}, ""view2"": {""model"": ""yolov3_small"", ""execution"": ""CPU"", ""throughput_fps"": 1.7, ""avg_inference_time_ms"": 586.92, ""inference_count"": 48, ""avg_wait_to_preprocess_ms"": 5521.06, ""dropped_frames_due_to_full_queue"": 748}, ""view3"": {""model"": ""resnet50_big"", ""execution"": ""NPU0"", ""throughput_fps"": 19.55, ""avg_inference_time_ms"": 51.15, ""inference_count"": 232, ""avg_wait_to_preprocess_ms"": 0.0, ""dropped_frames_due_to_full_queue"": 0}}, ""total"": {""total_throughput_fps"": 22.93, ""avg_throughput_fps"": 7.64}, ""devices"": {""cpu"": {""queue_wait_ms_p95"": 5623.83}, ""npu0"": {""queue_wait_ms_p95"": 0.0, ""t_preload_ms"": 33.52}}, ""derived"": {""drop_rate_fps"": 49.9, ""drop_count"": 1497, ""window_sec"": 30.0, ""throughput_norm"": 0.71, ""drop_rate_norm"": 0.95}, ""score"": 0.52, ""schedule_file"": ""model_schedules_rbybys_4x.yaml""}"
"{""timestamp"": ""2026-01-05 12:01:57"", ""window_sec"": 30.0, ""combination"": ""combination_3"", ""models"": {""view1"": {""model"": ""yolov3_big"", ""execution"": ""CPU"", ""throughput_fps"": 1.68, ""avg_inference_time_ms"": 595.79, ""inference_count"": 47, ""avg_wait_to_preprocess_ms"": 5637.81, ""dropped_frames_due_to_full_queue"": 749}, ""view2"": {""model"": ""yolov3_small"", ""execution"": ""CPU"", ""throughput_fps"": 1.65, ""avg_inference_time_ms"": 605.6, ""inference_count"": 46, ""avg_wait_to_preprocess_ms"": 5689.64, ""dropped_frames_due_to_full_queue"": 750}, ""view3"": {""model"": ""resnet50_big"", ""execution"": ""NPU1"", ""throughput_fps"": 16.5, ""avg_inference_time_ms"": 60.59, ""inference_count"": 232, ""avg_wait_to_preprocess_ms"": 0.0, ""dropped_frames_due_to_full_queue"": 0}}, ""total"": {""total_throughput_fps"": 19.83, ""avg_throughput_fps"": 6.61}, ""devices"": {""cpu"": {""queue_wait_ms_p95"": 5689.64}, ""npu1"": {""queue_wait_ms_p95"": 0.0, ""t_preload_ms"": 464.87}}, ""derived"": {""drop_rate_fps"": 49.9667, ""drop_count"": 1499, ""window_sec"": 30.0, ""throughput_norm"": 0.62, ""drop_rate_norm"": 0.95}, ""score"": 0.43, ""schedule_file"": ""model_schedules_rbybys_4x.yaml""}"
"{""timestamp"": ""2026-01-05 12:02:29"", ""window_sec"": 30.0, ""combination"": ""combination_4"", ""models"": {""view1"": {""model"": ""yolov3_big"", ""execution"": ""CPU"", ""throughput_fps"": 0.93, ""avg_inference_time_ms"": 1076.59, ""inference_count"": 26, ""avg_wait_to_preprocess_ms"": 9115.36, ""dropped_frames_due_to_full_queue"": 764}, ""view2"": {""model"": ""yolov3_small"", ""execution"": ""NPU0"", ""throughput_fps"": 9.57, ""avg_inference_time_ms"": 104.47, ""inference_count"": 99, ""avg_wait_to_preprocess_ms"": 1426.2, ""dropped_frames_due_to_full_queue"": 592}, ""view3"": {""model"": ""resnet50_big"", ""execution"": ""CPU"", ""throughput_fps"": 6.41, ""avg_inference_time_ms"": 155.93, ""inference_count"": 182, ""avg_wait_to_preprocess_ms"": 0.0, ""dropped_frames_due_to_full_queue"": 0}}, ""total"": {""total_throughput_fps"": 16.91, ""avg_throughput_fps"": 5.64}, ""devices"": {""cpu"": {""queue_wait_ms_p95"": 9115.36}, ""npu0"": {""queue_wait_ms_p95"": 0.0, ""t_preload_ms"": 33.52}}, ""derived"": {""drop_rate_fps"": 45.2, ""drop_count"": 1356, ""window_sec"": 30.0, ""throughput_norm"": 0.53, ""drop_rate_norm"": 0.86}, ""score"": 0.36, ""schedule_file"": ""model_schedules_rbybys_4x.yaml""}"
"{""timestamp"": ""2026-01-05 12:02:59"", ""window_sec"": 30.0, ""combination"": ""combination_5"", ""models"": {""view1"": {""model"": ""yolov3_big"", ""execution"": ""CPU"", ""throughput_fps"": 1.97, ""avg_inference_time_ms"": 506.74, ""inference_count"": 55, ""avg_wait_to_preprocess_ms"": 4842.29, ""dropped_frames_due_to_full_queue"": 734}, ""view2"": {""model"": ""yolov3_small"", ""execution"": ""NPU0"", ""throughput_fps"": 11.4, ""avg_inference_time_ms"": 87.75, ""inference_count"": 126, ""avg_wait_to_preprocess_ms"": 1132.02, ""dropped_frames_due_to_full_queue"": 538}, ""view3"": {""model"": ""resnet50_big"", ""execution"": ""NPU1"", ""throughput_fps"": 17.1, ""avg_inference_time_ms"": 58.47, ""inference_count"": 231, ""avg_wait_to_preprocess_ms"": 0.0, ""dropped_frames_due_to_full_queue"": 0}}, ""total"": {""total_throughput_fps"": 30.47, ""avg_throughput_fps"": 10.16}, ""devices"": {""cpu"": {""queue_wait_ms_p95"": 4842.29}, ""npu1"": {""queue_wait_ms_p95"": 0.0, ""t_preload_ms"": 464.87}, ""npu0"": {""queue_wait_ms_p95"": 0.0, ""t_preload_ms"": 33.52}}, ""derived"": {""drop_rate_fps"": 42.4, ""drop_count"": 1272, ""window_sec"": 30.0, ""throughput_norm"": 0.95, ""drop_rate_norm"": 0.8}, ""score"": 0.79, ""schedule_file"": ""model_schedules_rbybys_4x.yaml""}"
"{""timestamp"": ""2026-01-05 12:03:30"", ""window_sec"": 30.0, ""combination"": ""combination_6"", ""models"": {""view1"": {""model"": ""yolov3_big"", ""execution"": ""CPU"", ""throughput_fps"": 0.93, ""avg_inference_time_ms"": 1073.79, ""inference_count"": 26, ""avg_wait_to_preprocess_ms"": 9027.49, ""dropped_frames_due_to_full_queue"": 619}, ""view2"": {""model"": ""yolov3_small"", ""execution"": ""NPU1"", ""throughput_fps"": 8.57, ""avg_inference_time_ms"": 116.67, ""inference_count"": 90, ""avg_wait_to_preprocess_ms"": 1570.12, ""dropped_frames_due_to_full_queue"": 466}, ""view3"": {""model"": ""resnet50_big"", ""execution"": ""CPU"", ""throughput_fps"": 5.82, ""avg_inference_time_ms"": 171.93, ""inference_count"": 164, ""avg_wait_to_preprocess_ms"": 0.0, ""dropped_frames_due_to_full_queue"": 0}}, ""total"": {""total_throughput_fps"": 15.32, ""avg_throughput_fps"": 5.11}, ""devices"": {""cpu"": {""queue_wait_ms_p95"": 9027.49}, ""npu1"": {""queue_wait_ms_p95"": 0.0, ""t_preload_ms"": 464.87}}, ""derived"": {""drop_rate_fps"": 36.1667, ""drop_count"": 1085, ""window_sec"": 30.0, ""throughput_norm"": 0.48, ""drop_rate_norm"": 0.69}, ""score"": 0.34, ""schedule_file"": ""model_schedules_rbybys_4x.yaml""}"
"{""timestamp"": ""2026-01-05 12:04:01"", ""window_sec"": 30.0, ""combination"": ""combination_7"", ""models"": {""view1"": {""model"": ""yolov3_big"", ""execution"": ""CPU"", ""throughput_fps"": 2.01, ""avg_inference_time_ms"": 496.63, ""inference_count"": 56, ""avg_wait_to_preprocess_ms"": 4762.19, ""dropped_frames_due_to_full_queue"": 735}, ""view2"": {""model"": ""yolov3_small"", ""execution"": ""NPU1"", ""throughput_fps"": 10.35, ""avg_inference_time_ms"": 96.62, ""inference_count"": 116, ""avg_wait_to_preprocess_ms"": 1225.89, ""dropped_frames_due_to_full_queue"": 560}, ""view3"": {""model"": ""resnet50_big"", ""execution"": ""NPU0"", ""throughput_fps"": 19.81, ""avg_inference_time_ms"": 50.49, ""inference_count"": 231, ""avg_wait_to_preprocess_ms"": 0.0, ""dropped_frames_due_to_full_queue"": 0}}, ""total"": {""total_throughput_fps"": 32.17, ""avg_throughput_fps"": 10.72}, ""devices"": {""cpu"": {""queue_wait_ms_p95"": 4762.19}, ""npu1"": {""queue_wait_ms_p95"": 0.0, ""t_preload_ms"": 464.87}, ""npu0"": {""queue_wait_ms_p95"": 0.0, ""t_preload_ms"": 33.52}}, ""derived"": {""drop_rate_fps"": 43.1667, ""drop_count"": 1295, ""window_sec"": 30.0, ""throughput_norm"": 1.0, ""drop_rate_norm"": 0.82}, ""score"": 0.84, ""schedule_file"": ""model_schedules_rbybys_4x.yaml""}"
"{""timestamp"": ""2026-01-05 12:04:32"", ""window_sec"": 30.0, ""combination"": ""combination_8"", ""models"": {""view1"": {""model"": ""yolov3_big"", ""execution"": ""NPU0"", ""throughput_fps"": 7.53, ""avg_inference_time_ms"": 132.75, ""inference_count"": 81, ""avg_wait_to_preprocess_ms"": 1742.1, ""dropped_frames_due_to_full_queue"": 453}, ""view2"": {""model"": ""yolov3_small"", ""execution"": ""CPU"", ""throughput_fps"": 1.04, ""avg_inference_time_ms"": 961.41, ""inference_count"": 29, ""avg_wait_to_preprocess_ms"": 8237.39, ""dropped_frames_due_to_full_queue"": 585}, ""view3"": {""model"": ""resnet50_big"", ""execution"": ""CPU"", ""throughput_fps"": 6.7, ""avg_inference_time_ms"": 149.34, ""inference_count"": 189, ""avg_wait_to_preprocess_ms"": 0.0, ""dropped_frames_due_to_full_queue"": 0}}, ""total"": {""total_throughput_fps"": 15.27, ""avg_throughput_fps"": 5.09}, ""devices"": {""cpu"": {""queue_wait_ms_p95"": 8237.39}, ""npu0"": {""queue_wait_ms_p95"": 0.0, ""t_preload_ms"": 33.52}}, ""derived"": {""drop_rate_fps"": 34.6, ""drop_count"": 1038, ""window_sec"": 30.0, ""throughput_norm"": 0.47, ""drop_rate_norm"": 0.66}, ""score"": 0.34, ""schedule_file"": ""model_schedules_rbybys_4x.yaml""}"
"{""timestamp"": ""2026-01-05 12:05:03"", ""window_sec"": 30.0, ""combination"": ""combination_9"", ""models"": {""view1"": {""model"": ""yolov3_big"", ""execution"": ""NPU0"", ""throughput_fps"": 8.65, ""avg_inference_time_ms"": 115.64, ""inference_count"": 100, ""avg_wait_to_preprocess_ms"": 1411.71, ""dropped_frames_due_to_full_queue"": 492}, ""view2"": {""model"": ""yolov3_small"", ""execution"": ""CPU"", ""throughput_fps"": 2.27, ""avg_inference_time_ms"": 441.47, ""inference_count"": 63, ""avg_wait_to_preprocess_ms"": 4295.53, ""dropped_frames_due_to_full_queue"": 628}, ""view3"": {""model"": ""resnet50_big"", ""execution"": ""NPU1"", ""throughput_fps"": 19.38, ""avg_inference_time_ms"": 51.6, ""inference_count"": 231, ""avg_wait_to_preprocess_ms"": 0.0, ""dropped_frames_due_to_full_queue"": 0}}, ""total"": {""total_throughput_fps"": 30.29, ""avg_throughput_fps"": 10.1}, ""devices"": {""cpu"": {""queue_wait_ms_p95"": 4295.53}, ""npu1"": {""queue_wait_ms_p95"": 0.0, ""t_preload_ms"": 464.87}, ""npu0"": {""queue_wait_ms_p95"": 0.0, ""t_preload_ms"": 33.52}}, ""derived"": {""drop_rate_fps"": 37.3333, ""drop_count"": 1120, ""window_sec"": 30.0, ""throughput_norm"": 0.94, ""drop_rate_norm"": 0.71}, ""score"": 0.8, ""schedule_file"": ""model_schedules_rbybys_4x.yaml""}"
"{""timestamp"": ""2026-01-05 12:05:38"", ""window_sec"": 30.0, ""combination"": ""combination_1"", ""models"": {""view1"": {""model"": ""resnet50_small"", ""execution"": ""CPU"", ""throughput_fps"": 35.26, ""avg_inference_time_ms"": 28.36, ""inference_count"": 945, ""avg_wait_to_preprocess_ms"": 0.0, ""dropped_frames_due_to_full_queue"": 0}}, ""total"": {""total_throughput_fps"": 35.26, ""avg_throughput_fps"": 35.26}, ""devices"": {""cpu"": {""queue_wait_ms_p95"": 0.0}}, ""derived"": {""drop_rate_fps"": 0.0, ""drop_count"": 0, ""window_sec"": 30.0, ""throughput_norm"": 1.0, ""drop_rate_norm"": 0.0}, ""score"": 1.0, ""schedule_file"": ""model_schedules_rs.yaml""}"
"{""timestamp"": ""2026-01-05 12:06:09"", ""window_sec"": 30.0, ""combination"": ""combination_2"", ""models"": {""view1"": {""model"": ""resnet50_small"", ""execution"": ""NPU0"", ""throughput_fps"": 20.8, ""avg_inference_time_ms"": 48.09, ""inference_count"": 582, ""avg_wait_to_preprocess_ms"": 0.0, ""dropped_frames_due_to_full_queue"": 0}}, ""total"": {""total_throughput_fps"": 20.8, ""avg_throughput_fps"": 20.8}, ""devices"": {""npu0"": {""queue_wait_ms_p95"": 0.0, ""t_preload_ms"": 33.52}}, ""derived"": {""drop_rate_fps"": 0.0, ""drop_count"": 0, ""window_sec"": 30.0, ""throughput_norm"": 0.59, ""drop_rate_norm"": 0.0}, ""score"": 0.59, ""schedule_file"": ""model_schedules_rs.yaml""}"
"{""timestamp"": ""2026-01-05 12:06:40"", ""window_sec"": 30.0, ""combination"": ""combination_3"", ""models"": {""view1"": {""model"": ""resnet50_small"", ""execution"": ""NPU1"", ""throughput_fps"": 24.05, ""avg_inference_time_ms"": 41.58, ""inference_count"": 529, ""avg_wait_to_preprocess_ms"": 0.0, ""dropped_frames_due_to_full_queue"": 0}}, ""total"": {""total_throughput_fps"": 24.05, ""avg_throughput_fps"": 24.05}, ""devices"": {""npu1"": {""queue_wait_ms_p95"": 0.0, ""t_preload_ms"": 464.87}}, ""derived"": {""drop_rate_fps"": 0.0, ""drop_count"": 0, ""window_sec"": 30.0, ""throughput_norm"": 0.68, ""drop_rate_norm"": 0.0}, ""score"": 0.68, ""schedule_file"": ""model_schedules_rs.yaml""}"
"{""timestamp"": ""2026-01-05 12:07:15"", ""window_sec"": 30.0, ""combination"": ""combination_1"", ""models"": {""view1"": {""model"": ""resnet50_small"", ""execution"": ""CPU"", ""throughput_fps"": 42.29, ""avg_inference_time_ms"": 23.65, ""inference_count"": 1110, ""avg_wait_to_preprocess_ms"": 0.0, ""dropped_frames_due_to_full_queue"": 0}}, ""total"": {""total_throughput_fps"": 42.29, ""avg_throughput_fps"": 42.29}, ""devices"": {""cpu"": {""queue_wait_ms_p95"": 0.0}}, ""derived"": {""drop_rate_fps"": 0.0, ""drop_count"": 0, ""window_sec"": 30.0, ""throughput_norm"": 1.0, ""drop_rate_norm"": 0.0}, ""score"": 1.0, ""schedule_file"": ""model_schedules_rs_2x.yaml""}"
"{""timestamp"": ""2026-01-05 12:07:46"", ""window_sec"": 30.0, ""combination"": ""combination_2"", ""models"": {""view1"": {""model"": ""resnet50_small"", ""execution"": ""NPU0"", ""throughput_fps"": 20.77, ""avg_inference_time_ms"": 48.15, ""inference_count"": 582, ""avg_wait_to_preprocess_ms"": 0.0, ""dropped_frames_due_to_full_queue"": 0}}, ""total"": {""total_throughput_fps"": 20.77, ""avg_throughput_fps"": 20.77}, ""devices"": {""npu0"": {""queue_wait_ms_p95"": 0.0, ""t_preload_ms"": 33.52}}, ""derived"": {""drop_rate_fps"": 0.0, ""drop_count"": 0, ""window_sec"": 30.0, ""throughput_norm"": 0.49, ""drop_rate_norm"": 0.0}, ""score"": 0.49, ""schedule_file"": ""model_schedules_rs_2x.yaml""}"
"{""timestamp"": ""2026-01-05 12:08:17"", ""window_sec"": 30.0, ""combination"": ""combination_3"", ""models"": {""view1"": {""model"": ""resnet50_small"", ""execution"": ""NPU1"", ""throughput_fps"": 23.99, ""avg_inference_time_ms"": 41.68, ""inference_count"": 661, ""avg_wait_to_preprocess_ms"": 0.0, ""dropped_frames_due_to_full_queue"": 0}}, ""total"": {""total_throughput_fps"": 23.99, ""avg_throughput_fps"": 23.99}, ""devices"": {""npu1"": {""queue_wait_ms_p95"": 0.0, ""t_preload_ms"": 464.87}}, ""derived"": {""drop_rate_fps"": 0.0, ""drop_count"": 0, ""window_sec"": 30.0, ""throughput_norm"": 0.57, ""drop_rate_norm"": 0.0}, ""score"": 0.57, ""schedule_file"": ""model_schedules_rs_2x.yaml""}"
"{""timestamp"": ""2026-01-05 12:10:29"", ""window_sec"": 30.0, ""combination"": ""combination_1"", ""models"": {""view1"": {""model"": ""resnet50_small"", ""execution"": ""CPU"", ""throughput_fps"": 42.16, ""avg_inference_time_ms"": 23.72, ""inference_count"": 1112, ""avg_wait_to_preprocess_ms"": 0.0, ""dropped_frames_due_to_full_queue"": 0}}, ""total"": {""total_throughput_fps"": 42.16, ""avg_throughput_fps"": 42.16}, ""devices"": {""cpu"": {""queue_wait_ms_p95"": 0.0}}, ""derived"": {""drop_rate_fps"": 0.0, ""drop_count"": 0, ""window_sec"": 30.0, ""throughput_norm"": 1.0, ""drop_rate_norm"": 0.0}, ""score"": 1.0, ""schedule_file"": ""model_schedules_rs_4x.yaml""}"
"{""timestamp"": ""2026-01-05 12:11:00"", ""window_sec"": 30.0, ""combination"": ""combination_2"", ""models"": {""view1"": {""model"": ""resnet50_small"", ""execution"": ""NPU0"", ""throughput_fps"": 20.76, ""avg_inference_time_ms"": 48.18, ""inference_count"": 580, ""avg_wait_to_preprocess_ms"": 0.0, ""dropped_frames_due_to_full_queue"": 0}}, ""total"": {""total_throughput_fps"": 20.76, ""avg_throughput_fps"": 20.76}, ""devices"": {""npu0"": {""queue_wait_ms_p95"": 0.0, ""t_preload_ms"": 33.52}}, ""derived"": {""drop_rate_fps"": 0.0, ""drop_count"": 0, ""window_sec"": 30.0, ""throughput_norm"": 0.49, ""drop_rate_norm"": 0.0}, ""score"": 0.49, ""schedule_file"": ""model_schedules_rs_4x.yaml""}"
"{""timestamp"": ""2026-01-05 12:11:31"", ""window_sec"": 30.0, ""combination"": ""combination_3"", ""models"": {""view1"": {""model"": ""resnet50_small"", ""execution"": ""NPU1"", ""throughput_fps"": 24.01, ""avg_inference_time_ms"": 41.65, ""inference_count"": 662, ""avg_wait_to_preprocess_ms"": 0.0, ""dropped_frames_due_to_full_queue"": 0}}, ""total"": {""total_throughput_fps"": 24.01, ""avg_throughput_fps"": 24.01}, ""devices"": {""npu1"": {""queue_wait_ms_p95"": 0.0, ""t_preload_ms"": 464.87}}, ""derived"": {""drop_rate_fps"": 0.0, ""drop_count"": 0, ""window_sec"": 30.0, ""throughput_norm"": 0.57, ""drop_rate_norm"": 0.0}, ""score"": 0.57, ""schedule_file"": ""model_schedules_rs_4x.yaml""}"
"{""timestamp"": ""2026-01-05 12:12:06"", ""window_sec"": 30.0, ""combination"": ""combination_1"", ""models"": {""view1"": {""model"": ""yolov3_big"", ""execution"": ""CPU"", ""throughput_fps"": 3.63, ""avg_inference_time_ms"": 275.3, ""inference_count"": 101, ""avg_wait_to_preprocess_ms"": 2711.01, ""dropped_frames_due_to_full_queue"": 643}, ""view2"": {""model"": ""resnet50_small"", ""execution"": ""CPU"", ""throughput_fps"": 7.98, ""avg_inference_time_ms"": 125.28, ""inference_count"": 60, ""avg_wait_to_preprocess_ms"": 0.0, ""dropped_frames_due_to_full_queue"": 0}}, ""total"": {""total_throughput_fps"": 11.61, ""avg_throughput_fps"": 5.81}, ""devices"": {""cpu"": {""queue_wait_ms_p95"": 2711.01}}, ""derived"": {""drop_rate_fps"": 21.4333, ""drop_count"": 643, ""window_sec"": 30.0, ""throughput_norm"": 0.32, ""drop_rate_norm"": 1.0}, ""score"": 0.12, ""schedule_file"": ""model_schedules_rsyb.yaml""}"
"{""timestamp"": ""2026-01-05 12:12:37"", ""window_sec"": 30.0, ""combination"": ""combination_2"", ""models"": {""view1"": {""model"": ""yolov3_big"", ""execution"": ""CPU"", ""throughput_fps"": 4.62, ""avg_inference_time_ms"": 216.39, ""inference_count"": 127, ""avg_wait_to_preprocess_ms"": 2209.12, ""dropped_frames_due_to_full_queue"": 600}, ""view2"": {""model"": ""resnet50_small"", ""execution"": ""NPU0"", ""throughput_fps"": 18.65, ""avg_inference_time_ms"": 53.62, ""inference_count"": 60, ""avg_wait_to_preprocess_ms"": 0.0, ""dropped_frames_due_to_full_queue"": 0}}, ""total"": {""total_throughput_fps"": 23.27, ""avg_throughput_fps"": 11.64}, ""devices"": {""cpu"": {""queue_wait_ms_p95"": 2209.12}, ""npu0"": {""queue_wait_ms_p95"": 0.0, ""t_preload_ms"": 33.52}}, ""derived"": {""drop_rate_fps"": 20.0, ""drop_count"": 600, ""window_sec"": 30.0, ""throughput_norm"": 0.64, ""drop_rate_norm"": 0.93}, ""score"": 0.45, ""schedule_file"": ""model_schedules_rsyb.yaml""}"
"{""timestamp"": ""2026-01-05 12:13:08"", ""window_sec"": 30.0, ""combination"": ""combination_3"", ""models"": {""view1"": {""model"": ""yolov3_big"", ""execution"": ""CPU"", ""throughput_fps"": 4.7, ""avg_inference_time_ms"": 212.83, ""inference_count"": 130, ""avg_wait_to_preprocess_ms"": 2160.8, ""dropped_frames_due_to_full_queue"": 613}, ""view2"": {""model"": ""resnet50_small"", ""execution"": ""NPU1"", ""throughput_fps"": 21.42, ""avg_inference_time_ms"": 46.69, ""inference_count"": 60, ""avg_wait_to_preprocess_ms"": 0.0, ""dropped_frames_due_to_full_queue"": 0}}, ""total"": {""total_throughput_fps"": 26.11, ""avg_throughput_fps"": 13.06}, ""devices"": {""cpu"": {""queue_wait_ms_p95"": 2160.8}, ""npu1"": {""queue_wait_ms_p95"": 0.0, ""t_preload_ms"": 464.87}}, ""derived"": {""drop_rate_fps"": 20.4333, ""drop_count"": 613, ""window_sec"": 30.0, ""throughput_norm"": 0.71, ""drop_rate_norm"": 0.95}, ""score"": 0.52, ""schedule_file"": ""model_schedules_rsyb.yaml""}"
"{""timestamp"": ""2026-01-05 12:13:39"", ""window_sec"": 30.0, ""combination"": ""combination_4"", ""models"": {""view1"": {""model"": ""yolov3_big"", ""execution"": ""NPU0"", ""throughput_fps"": 10.08, ""avg_inference_time_ms"": 99.25, ""inference_count"": 125, ""avg_wait_to_preprocess_ms"": 1141.44, ""dropped_frames_due_to_full_queue"": 449}, ""view2"": {""model"": ""resnet50_small"", ""execution"": ""CPU"", ""throughput_fps"": 20.64, ""avg_inference_time_ms"": 48.46, ""inference_count"": 60, ""avg_wait_to_preprocess_ms"": 0.0, ""dropped_frames_due_to_full_queue"": 0}}, ""total"": {""total_throughput_fps"": 30.71, ""avg_throughput_fps"": 15.36}, ""devices"": {""cpu"": {""queue_wait_ms_p95"": 0.0}, ""npu0"": {""queue_wait_ms_p95"": 0.0, ""t_preload_ms"": 33.52}}, ""derived"": {""drop_rate_fps"": 14.9667, ""drop_count"": 449, ""window_sec"": 30.0, ""throughput_norm"": 0.84, ""drop_rate_norm"": 0.7}, ""score"": 0.7, ""schedule_file"": ""model_schedules_rsyb.yaml""}"
"{""timestamp"": ""2026-01-05 12:14:10"", ""window_sec"": 30.0, ""combination"": ""combination_5"", ""models"": {""view1"": {""model"": ""yolov3_big"", ""execution"": ""NPU0"", ""throughput_fps"": 10.46, ""avg_inference_time_ms"": 95.59, ""inference_count"": 128, ""avg_wait_to_preprocess_ms"": 1109.47, ""dropped_frames_due_to_full_queue"": 452}, ""view2"": {""model"": ""resnet50_small"", ""execution"": ""NPU1"", ""throughput_fps"": 23.1, ""avg_inference_time_ms"": 43.29, ""inference_count"": 60, ""avg_wait_to_preprocess_ms"": 0.0, ""dropped_frames_due_to_full_queue"": 0}}, ""total"": {""total_throughput_fps"": 33.56, ""avg_throughput_fps"": 16.78}, ""devices"": {""npu1"": {""queue_wait_ms_p95"": 0.0, ""t_preload_ms"": 464.87}, ""npu0"": {""queue_wait_ms_p95"": 0.0, ""t_preload_ms"": 33.52}}, ""derived"": {""drop_rate_fps"": 15.0667, ""drop_count"": 452, ""window_sec"": 30.0, ""throughput_norm"": 0.92, ""drop_rate_norm"": 0.7}, ""score"": 0.78, ""schedule_file"": ""model_schedules_rsyb.yaml""}"
"{""timestamp"": ""2026-01-05 12:14:41"", ""window_sec"": 30.0, ""combination"": ""combination_6"", ""models"": {""view1"": {""model"": ""yolov3_big"", ""execution"": ""NPU1"", ""throughput_fps"": 9.31, ""avg_inference_time_ms"": 107.46, ""inference_count"": 114, ""avg_wait_to_preprocess_ms"": 1246.75, ""dropped_frames_due_to_full_queue"": 479}, ""view2"": {""model"": ""resnet50_small"", ""execution"": ""CPU"", ""throughput_fps"": 27.23, ""avg_inference_time_ms"": 36.72, ""inference_count"": 60, ""avg_wait_to_preprocess_ms"": 0.0, ""dropped_frames_due_to_full_queue"": 0}}, ""total"": {""total_throughput_fps"": 36.54, ""avg_throughput_fps"": 18.27}, ""devices"": {""cpu"": {""queue_wait_ms_p95"": 0.0}, ""npu1"": {""queue_wait_ms_p95"": 0.0, ""t_preload_ms"": 464.87}}, ""derived"": {""drop_rate_fps"": 15.9667, ""drop_count"": 479, ""window_sec"": 30.0, ""throughput_norm"": 1.0, ""drop_rate_norm"": 0.74}, ""score"": 0.85, ""schedule_file"": ""model_schedules_rsyb.yaml""}"
"{""timestamp"": ""2026-01-05 12:15:12"", ""window_sec"": 30.0, ""combination"": ""combination_7"", ""models"": {""view1"": {""model"": ""yolov3_big"", ""execution"": ""NPU1"", ""throughput_fps"": 9.57, ""avg_inference_time_ms"": 104.47, ""inference_count"": 118, ""avg_wait_to_preprocess_ms"": 1204.36, ""dropped_frames_due_to_full_queue"": 480}, ""view2"": {""model"": ""resnet50_small"", ""execution"": ""NPU0"", ""throughput_fps"": 19.94, ""avg_inference_time_ms"": 50.15, ""inference_count"": 60, ""avg_wait_to_preprocess_ms"": 0.0, ""dropped_frames_due_to_full_queue"": 0}}, ""total"": {""total_throughput_fps"": 29.51, ""avg_throughput_fps"": 14.76}, ""devices"": {""npu1"": {""queue_wait_ms_p95"": 0.0, ""t_preload_ms"": 464.87}, ""npu0"": {""queue_wait_ms_p95"": 0.0, ""t_preload_ms"": 33.52}}, ""derived"": {""drop_rate_fps"": 16.0, ""drop_count"": 480, ""window_sec"": 30.0, ""throughput_norm"": 0.81, ""drop_rate_norm"": 0.75}, ""score"": 0.66, ""schedule_file"": ""model_schedules_rsyb.yaml""}"
"{""timestamp"": ""2026-01-05 12:15:48"", ""window_sec"": 30.0, ""combination"": ""combination_1"", ""models"": {""view1"": {""model"": ""yolov3_big"", ""execution"": ""CPU"", ""throughput_fps"": 2.57, ""avg_inference_time_ms"": 388.87, ""inference_count"": 74, ""avg_wait_to_preprocess_ms"": 3786.05, ""dropped_frames_due_to_full_queue"": 748}, ""view2"": {""model"": ""resnet50_small"", ""execution"": ""CPU"", ""throughput_fps"": 8.58, ""avg_inference_time_ms"": 116.51, ""inference_count"": 121, ""avg_wait_to_preprocess_ms"": 0.0, ""dropped_frames_due_to_full_queue"": 0}}, ""total"": {""total_throughput_fps"": 11.15, ""avg_throughput_fps"": 5.58}, ""devices"": {""cpu"": {""queue_wait_ms_p95"": 3786.05}}, ""derived"": {""drop_rate_fps"": 24.9333, ""drop_count"": 748, ""window_sec"": 30.0, ""throughput_norm"": 0.27, ""drop_rate_norm"": 1.0}, ""score"": 0.07, ""schedule_file"": ""model_schedules_rsyb_2x.yaml""}"
"{""timestamp"": ""2026-01-05 12:16:19"", ""window_sec"": 30.0, ""combination"": ""combination_2"", ""models"": {""view1"": {""model"": ""yolov3_big"", ""execution"": ""CPU"", ""throughput_fps"": 4.32, ""avg_inference_time_ms"": 231.43, ""inference_count"": 119, ""avg_wait_to_preprocess_ms"": 2339.99, ""dropped_frames_due_to_full_queue"": 710}, ""view2"": {""model"": ""resnet50_small"", ""execution"": ""NPU0"", ""throughput_fps"": 19.15, ""avg_inference_time_ms"": 52.21, ""inference_count"": 119, ""avg_wait_to_preprocess_ms"": 0.0, ""dropped_frames_due_to_full_queue"": 0}}, ""total"": {""total_throughput_fps"": 23.47, ""avg_throughput_fps"": 11.74}, ""devices"": {""npu0"": {""queue_wait_ms_p95"": 0.0, ""t_preload_ms"": 33.52}, ""cpu"": {""queue_wait_ms_p95"": 2339.99}}, ""derived"": {""drop_rate_fps"": 23.6667, ""drop_count"": 710, ""window_sec"": 30.0, ""throughput_norm"": 0.57, ""drop_rate_norm"": 0.95}, ""score"": 0.38, ""schedule_file"": ""model_schedules_rsyb_2x.yaml""}"
"{""timestamp"": ""2026-01-05 12:16:50"", ""window_sec"": 30.0, ""combination"": ""combination_3"", ""models"": {""view1"": {""model"": ""yolov3_big"", ""execution"": ""CPU"", ""throughput_fps"": 4.34, ""avg_inference_time_ms"": 230.44, ""inference_count"": 120, ""avg_wait_to_preprocess_ms"": 2344.03, ""dropped_frames_due_to_full_queue"": 710}, ""view2"": {""model"": ""resnet50_small"", ""execution"": ""NPU1"", ""throughput_fps"": 18.92, ""avg_inference_time_ms"": 52.86, ""inference_count"": 119, ""avg_wait_to_preprocess_ms"": 0.0, ""dropped_frames_due_to_full_queue"": 0}}, ""total"": {""total_throughput_fps"": 23.26, ""avg_throughput_fps"": 11.63}, ""devices"": {""cpu"": {""queue_wait_ms_p95"": 2344.03}, ""npu1"": {""queue_wait_ms_p95"": 0.0, ""t_preload_ms"": 464.87}}, ""derived"": {""drop_rate_fps"": 23.6667, ""drop_count"": 710, ""window_sec"": 30.0, ""throughput_norm"": 0.57, ""drop_rate_norm"": 0.95}, ""score"": 0.38, ""schedule_file"": ""model_schedules_rsyb_2x.yaml""}"
"{""timestamp"": ""2026-01-05 12:17:21"", ""window_sec"": 30.0, ""combination"": ""combination_4"", ""models"": {""view1"": {""model"": ""yolov3_big"", ""execution"": ""NPU0"", ""throughput_fps"": 9.69, ""avg_inference_time_ms"": 103.19, ""inference_count"": 119, ""avg_wait_to_preprocess_ms"": 1193.55, ""dropped_frames_due_to_full_queue"": 596}, ""view2"": {""model"": ""resnet50_small"", ""execution"": ""CPU"", ""throughput_fps"": 23.47, ""avg_inference_time_ms"": 42.62, ""inference_count"": 119, ""avg_wait_to_preprocess_ms"": 0.0, ""dropped_frames_due_to_full_queue"": 0}}, ""total"": {""total_throughput_fps"": 33.16, ""avg_throughput_fps"": 16.58}, ""devices"": {""npu0"": {""queue_wait_ms_p95"": 0.0, ""t_preload_ms"": 33.52}, ""cpu"": {""queue_wait_ms_p95"": 0.0}}, ""derived"": {""drop_rate_fps"": 19.8667, ""drop_count"": 596, ""window_sec"": 30.0, ""throughput_norm"": 0.81, ""drop_rate_norm"": 0.8}, ""score"": 0.65, ""schedule_file"": ""model_schedules_rsyb_2x.yaml""}"
"{""timestamp"": ""2026-01-05 12:17:52"", ""window_sec"": 30.0, ""combination"": ""combination_5"", ""models"": {""view1"": {""model"": ""yolov3_big"", ""execution"": ""NPU0"", ""throughput_fps"": 10.45, ""avg_inference_time_ms"": 95.7, ""inference_count"": 128, ""avg_wait_to_preprocess_ms"": 1110.66, ""dropped_frames_due_to_full_queue"": 591}, ""view2"": {""model"": ""resnet50_small"", ""execution"": ""NPU1"", ""throughput_fps"": 19.92, ""avg_inference_time_ms"": 50.21, ""inference_count"": 119, ""avg_wait_to_preprocess_ms"": 0.0, ""dropped_frames_due_to_full_queue"": 0}}, ""total"": {""total_throughput_fps"": 30.37, ""avg_throughput_fps"": 15.18}, ""devices"": {""npu0"": {""queue_wait_ms_p95"": 0.0, ""t_preload_ms"": 33.52}, ""npu1"": {""queue_wait_ms_p95"": 0.0, ""t_preload_ms"": 464.87}}, ""derived"": {""drop_rate_fps"": 19.7, ""drop_count"": 591, ""window_sec"": 30.0, ""throughput_norm"": 0.74, ""drop_rate_norm"": 0.79}, ""score"": 0.58, ""schedule_file"": ""model_schedules_rsyb_2x.yaml""}"
"{""timestamp"": ""2026-01-05 12:18:23"", ""window_sec"": 30.0, ""combination"": ""combination_6"", ""models"": {""view1"": {""model"": ""yolov3_big"", ""execution"": ""NPU1"", ""throughput_fps"": 9.5, ""avg_inference_time_ms"": 105.24, ""inference_count"": 113, ""avg_wait_to_preprocess_ms"": 1263.07, ""dropped_frames_due_to_full_queue"": 611}, ""view2"": {""model"": ""resnet50_small"", ""execution"": ""CPU"", ""throughput_fps"": 31.5, ""avg_inference_time_ms"": 31.75, ""inference_count"": 119, ""avg_wait_to_preprocess_ms"": 0.0, ""dropped_frames_due_to_full_queue"": 0}}, ""total"": {""total_throughput_fps"": 41.0, ""avg_throughput_fps"": 20.5}, ""devices"": {""npu1"": {""queue_wait_ms_p95"": 0.0, ""t_preload_ms"": 464.87}, ""cpu"": {""queue_wait_ms_p95"": 0.0}}, ""derived"": {""drop_rate_fps"": 20.3667, ""drop_count"": 611, ""window_sec"": 30.0, ""throughput_norm"": 1.0, ""drop_rate_norm"": 0.82}, ""score"": 0.84, ""schedule_file"": ""model_schedules_rsyb_2x.yaml""}"
"{""timestamp"": ""2026-01-05 12:18:54"", ""window_sec"": 30.0, ""combination"": ""combination_7"", ""models"": {""view1"": {""model"": ""yolov3_big"", ""execution"": ""NPU1"", ""throughput_fps"": 9.54, ""avg_inference_time_ms"": 104.79, ""inference_count"": 117, ""avg_wait_to_preprocess_ms"": 1212.23, ""dropped_frames_due_to_full_queue"": 613}, ""view2"": {""model"": ""resnet50_small"", ""execution"": ""NPU0"", ""throughput_fps"": 20.08, ""avg_inference_time_ms"": 49.8, ""inference_count"": 119, ""avg_wait_to_preprocess_ms"": 0.0, ""dropped_frames_due_to_full_queue"": 0}}, ""total"": {""total_throughput_fps"": 29.63, ""avg_throughput_fps"": 14.81}, ""devices"": {""npu0"": {""queue_wait_ms_p95"": 0.0, ""t_preload_ms"": 33.52}, ""npu1"": {""queue_wait_ms_p95"": 0.0, ""t_preload_ms"": 464.87}}, ""derived"": {""drop_rate_fps"": 20.4333, ""drop_count"": 613, ""window_sec"": 30.0, ""throughput_norm"": 0.72, ""drop_rate_norm"": 0.82}, ""score"": 0.56, ""schedule_file"": ""model_schedules_rsyb_2x.yaml""}"
"{""timestamp"": ""2026-01-05 12:23:10"", ""window_sec"": 30.0, ""combination"": ""combination_1"", ""models"": {""view1"": {""model"": ""yolov3_big"", ""execution"": ""CPU"", ""throughput_fps"": 1.75, ""avg_inference_time_ms"": 572.48, ""inference_count"": 49, ""avg_wait_to_preprocess_ms"": 5373.86, ""dropped_frames_due_to_full_queue"": 757}, ""view2"": {""model"": ""resnet50_small"", ""execution"": ""CPU"", ""throughput_fps"": 10.94, ""avg_inference_time_ms"": 91.37, ""inference_count"": 233, ""avg_wait_to_preprocess_ms"": 0.0, ""dropped_frames_due_to_full_queue"": 0}}, ""total"": {""total_throughput_fps"": 12.69, ""avg_throughput_fps"": 6.35}, ""devices"": {""cpu"": {""queue_wait_ms_p95"": 5373.86}}, ""derived"": {""drop_rate_fps"": 25.2333, ""drop_count"": 757, ""window_sec"": 30.0, ""throughput_norm"": 0.42, ""drop_rate_norm"": 1.0}, ""score"": 0.22, ""schedule_file"": ""model_schedules_rsyb_4x.yaml""}"
"{""timestamp"": ""2026-01-05 12:23:41"", ""window_sec"": 30.0, ""combination"": ""combination_2"", ""models"": {""view1"": {""model"": ""yolov3_big"", ""execution"": ""CPU"", ""throughput_fps"": 4.11, ""avg_inference_time_ms"": 243.31, ""inference_count"": 114, ""avg_wait_to_preprocess_ms"": 2455.16, ""dropped_frames_due_to_full_queue"": 707}, ""view2"": {""model"": ""resnet50_small"", ""execution"": ""NPU0"", ""throughput_fps"": 18.74, ""avg_inference_time_ms"": 53.36, ""inference_count"": 234, ""avg_wait_to_preprocess_ms"": 0.0, ""dropped_frames_due_to_full_queue"": 0}}, ""total"": {""total_throughput_fps"": 22.85, ""avg_throughput_fps"": 11.42}, ""devices"": {""npu0"": {""queue_wait_ms_p95"": 0.0, ""t_preload_ms"": 33.52}, ""cpu"": {""queue_wait_ms_p95"": 2455.16}}, ""derived"": {""drop_rate_fps"": 23.5667, ""drop_count"": 707, ""window_sec"": 30.0, ""throughput_norm"": 0.75, ""drop_rate_norm"": 0.93}, ""score"": 0.56, ""schedule_file"": ""model_schedules_rsyb_4x.yaml""}"
"{""timestamp"": ""2026-01-05 12:24:12"", ""window_sec"": 30.0, ""combination"": ""combination_3"", ""models"": {""view1"": {""model"": ""yolov3_big"", ""execution"": ""CPU"", ""throughput_fps"": 4.17, ""avg_inference_time_ms"": 239.53, ""inference_count"": 115, ""avg_wait_to_preprocess_ms"": 2429.13, ""dropped_frames_due_to_full_queue"": 705}, ""view2"": {""model"": ""resnet50_small"", ""execution"": ""NPU1"", ""throughput_fps"": 18.51, ""avg_inference_time_ms"": 54.03, ""inference_count"": 234, ""avg_wait_to_preprocess_ms"": 0.0, ""dropped_frames_due_to_full_queue"": 0}}, ""total"": {""total_throughput_fps"": 22.68, ""avg_throughput_fps"": 11.34}, ""devices"": {""cpu"": {""queue_wait_ms_p95"": 2429.13}, ""npu1"": {""queue_wait_ms_p95"": 0.0, ""t_preload_ms"": 464.87}}, ""derived"": {""drop_rate_fps"": 23.5, ""drop_count"": 705, ""window_sec"": 30.0, ""throughput_norm"": 0.75, ""drop_rate_norm"": 0.93}, ""score"": 0.56, ""schedule_file"": ""model_schedules_rsyb_4x.yaml""}"
"{""timestamp"": ""2026-01-05 12:24:43"", ""window_sec"": 30.0, ""combination"": ""combination_4"", ""models"": {""view1"": {""model"": ""yolov3_big"", ""execution"": ""NPU0"", ""throughput_fps"": 9.18, ""avg_inference_time_ms"": 108.9, ""inference_count"": 108, ""avg_wait_to_preprocess_ms"": 1318.93, ""dropped_frames_due_to_full_queue"": 604}, ""view2"": {""model"": ""resnet50_small"", ""execution"": ""CPU"", ""throughput_fps"": 20.65, ""avg_inference_time_ms"": 48.43, ""inference_count"": 234, ""avg_wait_to_preprocess_ms"": 0.0, ""dropped_frames_due_to_full_queue"": 0}}, ""total"": {""total_throughput_fps"": 29.83, ""avg_throughput_fps"": 14.92}, ""devices"": {""npu0"": {""queue_wait_ms_p95"": 0.0, ""t_preload_ms"": 33.52}, ""cpu"": {""queue_wait_ms_p95"": 0.0}}, ""derived"": {""drop_rate_fps"": 20.1333, ""drop_count"": 604, ""window_sec"": 30.0, ""throughput_norm"": 0.98, ""drop_rate_norm"": 0.8}, ""score"": 0.82, ""schedule_file"": ""model_schedules_rsyb_4x.yaml""}"
"{""timestamp"": ""2026-01-05 12:25:14"", ""window_sec"": 30.0, ""combination"": ""combination_5"", ""models"": {""view1"": {""model"": ""yolov3_big"", ""execution"": ""NPU0"", ""throughput_fps"": 10.41, ""avg_inference_time_ms"": 96.07, ""inference_count"": 127, ""avg_wait_to_preprocess_ms"": 1121.58, ""dropped_frames_due_to_full_queue"": 591}, ""view2"": {""model"": ""resnet50_small"", ""execution"": ""NPU1"", ""throughput_fps"": 20.03, ""avg_inference_time_ms"": 49.92, ""inference_count"": 234, ""avg_wait_to_preprocess_ms"": 0.0, ""dropped_frames_due_to_full_queue"": 0}}, ""total"": {""total_throughput_fps"": 30.44, ""avg_throughput_fps"": 15.22}, ""devices"": {""npu0"": {""queue_wait_ms_p95"": 0.0, ""t_preload_ms"": 33.52}, ""npu1"": {""queue_wait_ms_p95"": 0.0, ""t_preload_ms"": 464.87}}, ""derived"": {""drop_rate_fps"": 19.7, ""drop_count"": 591, ""window_sec"": 30.0, ""throughput_norm"": 1.0, ""drop_rate_norm"": 0.78}, ""score"": 0.84, ""schedule_file"": ""model_schedules_rsyb_4x.yaml""}"
"{""timestamp"": ""2026-01-05 12:25:45"", ""window_sec"": 30.0, ""combination"": ""combination_6"", ""models"": {""view1"": {""model"": ""yolov3_big"", ""execution"": ""NPU1"", ""throughput_fps"": 8.54, ""avg_inference_time_ms"": 117.14, ""inference_count"": 100, ""avg_wait_to_preprocess_ms"": 1424.13, ""dropped_frames_due_to_full_queue"": 613}, ""view2"": {""model"": ""resnet50_small"", ""execution"": ""CPU"", ""throughput_fps"": 16.72, ""avg_inference_time_ms"": 59.8, ""inference_count"": 233, ""avg_wait_to_preprocess_ms"": 0.0, ""dropped_frames_due_to_full_queue"": 0}}, ""total"": {""total_throughput_fps"": 25.26, ""avg_throughput_fps"": 12.63}, ""devices"": {""cpu"": {""queue_wait_ms_p95"": 0.0}, ""npu1"": {""queue_wait_ms_p95"": 0.0, ""t_preload_ms"": 464.87}}, ""derived"": {""drop_rate_fps"": 20.4333, ""drop_count"": 613, ""window_sec"": 30.0, ""throughput_norm"": 0.83, ""drop_rate_norm"": 0.81}, ""score"": 0.67, ""schedule_file"": ""model_schedules_rsyb_4x.yaml""}"
"{""timestamp"": ""2026-01-05 12:26:16"", ""window_sec"": 30.0, ""combination"": ""combination_7"", ""models"": {""view1"": {""model"": ""yolov3_big"", ""execution"": ""NPU1"", ""throughput_fps"": 9.45, ""avg_inference_time_ms"": 105.79, ""inference_count"": 116, ""avg_wait_to_preprocess_ms"": 1227.68, ""dropped_frames_due_to_full_queue"": 612}, ""view2"": {""model"": ""resnet50_small"", ""execution"": ""NPU0"", ""throughput_fps"": 19.89, ""avg_inference_time_ms"": 50.27, ""inference_count"": 234, ""avg_wait_to_preprocess_ms"": 0.0, ""dropped_frames_due_to_full_queue"": 0}}, ""total"": {""total_throughput_fps"": 29.35, ""avg_throughput_fps"": 14.67}, ""devices"": {""npu0"": {""queue_wait_ms_p95"": 0.0, ""t_preload_ms"": 33.52}, ""npu1"": {""queue_wait_ms_p95"": 0.0, ""t_preload_ms"": 464.87}}, ""derived"": {""drop_rate_fps"": 20.4, ""drop_count"": 612, ""window_sec"": 30.0, ""throughput_norm"": 0.96, ""drop_rate_norm"": 0.81}, ""score"": 0.8, ""schedule_file"": ""model_schedules_rsyb_4x.yaml""}"
"{""timestamp"": ""2026-01-05 12:26:51"", ""window_sec"": 30.0, ""combination"": ""combination_1"", ""models"": {""view1"": {""model"": ""resnet50_small"", ""execution"": ""CPU"", ""throughput_fps"": 6.44, ""avg_inference_time_ms"": 155.31, ""inference_count"": 60, ""avg_wait_to_preprocess_ms"": 0.0, ""dropped_frames_due_to_full_queue"": 0}, ""view2"": {""model"": ""yolov3_big"", ""execution"": ""CPU"", ""throughput_fps"": 1.52, ""avg_inference_time_ms"": 657.31, ""inference_count"": 42, ""avg_wait_to_preprocess_ms"": 6026.88, ""dropped_frames_due_to_full_queue"": 740}, ""view3"": {""model"": ""yolov3_small"", ""execution"": ""CPU"", ""throughput_fps"": 1.52, ""avg_inference_time_ms"": 659.34, ""inference_count"": 42, ""avg_wait_to_preprocess_ms"": 6106.95, ""dropped_frames_due_to_full_queue"": 728}}, ""total"": {""total_throughput_fps"": 9.48, ""avg_throughput_fps"": 3.16}, ""devices"": {""cpu"": {""queue_wait_ms_p95"": 6106.95}}, ""derived"": {""drop_rate_fps"": 48.9333, ""drop_count"": 1468, ""window_sec"": 30.0, ""throughput_norm"": 0.29, ""drop_rate_norm"": 1.0}, ""score"": 0.09, ""schedule_file"": ""model_schedules_rsybys.yaml""}"
"{""timestamp"": ""2026-01-05 12:27:22"", ""window_sec"": 30.0, ""combination"": ""combination_10"", ""models"": {""view1"": {""model"": ""resnet50_small"", ""execution"": ""NPU0"", ""throughput_fps"": 18.23, ""avg_inference_time_ms"": 54.86, ""inference_count"": 60, ""avg_wait_to_preprocess_ms"": 0.0, ""dropped_frames_due_to_full_queue"": 0}, ""view2"": {""model"": ""yolov3_big"", ""execution"": ""NPU1"", ""throughput_fps"": 8.62, ""avg_inference_time_ms"": 116.03, ""inference_count"": 99, ""avg_wait_to_preprocess_ms"": 1429.43, ""dropped_frames_due_to_full_queue"": 503}, ""view3"": {""model"": ""yolov3_small"", ""execution"": ""CPU"", ""throughput_fps"": 3.35, ""avg_inference_time_ms"": 298.6, ""inference_count"": 92, ""avg_wait_to_preprocess_ms"": 2994.13, ""dropped_frames_due_to_full_queue"": 663}}, ""total"": {""total_throughput_fps"": 30.2, ""avg_throughput_fps"": 10.07}, ""devices"": {""npu1"": {""queue_wait_ms_p95"": 0.0, ""t_preload_ms"": 464.87}, ""cpu"": {""queue_wait_ms_p95"": 2994.13}, ""npu0"": {""queue_wait_ms_p95"": 0.0, ""t_preload_ms"": 33.52}}, ""derived"": {""drop_rate_fps"": 38.8667, ""drop_count"": 1166, ""window_sec"": 30.0, ""throughput_norm"": 0.93, ""drop_rate_norm"": 0.79}, ""score"": 0.77, ""schedule_file"": ""model_schedules_rsybys.yaml""}"
"{""timestamp"": ""2026-01-05 12:27:53"", ""window_sec"": 30.0, ""combination"": ""combination_11"", ""models"": {""view1"": {""model"": ""resnet50_small"", ""execution"": ""NPU1"", ""throughput_fps"": 16.87, ""avg_inference_time_ms"": 59.26, ""inference_count"": 60, ""avg_wait_to_preprocess_ms"": 0.0, ""dropped_frames_due_to_full_queue"": 0}, ""view2"": {""model"": ""yolov3_big"", ""execution"": ""CPU"", ""throughput_fps"": 1.92, ""avg_inference_time_ms"": 519.62, ""inference_count"": 54, ""avg_wait_to_preprocess_ms"": 4936.5, ""dropped_frames_due_to_full_queue"": 722}, ""view3"": {""model"": ""yolov3_small"", ""execution"": ""CPU"", ""throughput_fps"": 1.89, ""avg_inference_time_ms"": 528.9, ""inference_count"": 53, ""avg_wait_to_preprocess_ms"": 5010.87, ""dropped_frames_due_to_full_queue"": 720}}, ""total"": {""total_throughput_fps"": 20.69, ""avg_throughput_fps"": 6.9}, ""devices"": {""npu1"": {""queue_wait_ms_p95"": 0.0, ""t_preload_ms"": 464.87}, ""cpu"": {""queue_wait_ms_p95"": 5010.87}}, ""derived"": {""drop_rate_fps"": 48.0667, ""drop_count"": 1442, ""window_sec"": 30.0, ""throughput_norm"": 0.64, ""drop_rate_norm"": 0.98}, ""score"": 0.44, ""schedule_file"": ""model_schedules_rsybys.yaml""}"
"{""timestamp"": ""2026-01-05 12:28:24"", ""window_sec"": 30.0, ""combination"": ""combination_12"", ""models"": {""view1"": {""model"": ""resnet50_small"", ""execution"": ""NPU1"", ""throughput_fps"": 17.38, ""avg_inference_time_ms"": 57.54, ""inference_count"": 60, ""avg_wait_to_preprocess_ms"": 0.0, ""dropped_frames_due_to_full_queue"": 0}, ""view2"": {""model"": ""yolov3_big"", ""execution"": ""CPU"", ""throughput_fps"": 2.64, ""avg_inference_time_ms"": 379.15, ""inference_count"": 73, ""avg_wait_to_preprocess_ms"": 3681.29, ""dropped_frames_due_to_full_queue"": 687}, ""view3"": {""model"": ""yolov3_small"", ""execution"": ""NPU0"", ""throughput_fps"": 11.79, ""avg_inference_time_ms"": 84.82, ""inference_count"": 128, ""avg_wait_to_preprocess_ms"": 1107.61, ""dropped_frames_due_to_full_queue"": 389}}, ""total"": {""total_throughput_fps"": 31.81, ""avg_throughput_fps"": 10.6}, ""devices"": {""npu1"": {""queue_wait_ms_p95"": 0.0, ""t_preload_ms"": 464.87}, ""cpu"": {""queue_wait_ms_p95"": 3681.29}, ""npu0"": {""queue_wait_ms_p95"": 0.0, ""t_preload_ms"": 33.52}}, ""derived"": {""drop_rate_fps"": 35.8667, ""drop_count"": 1076, ""window_sec"": 30.0, ""throughput_norm"": 0.98, ""drop_rate_norm"": 0.73}, ""score"": 0.83, ""schedule_file"": ""model_schedules_rsybys.yaml""}"
"{""timestamp"": ""2026-01-05 12:28:55"", ""window_sec"": 30.0, ""combination"": ""combination_13"", ""models"": {""view1"": {""model"": ""resnet50_small"", ""execution"": ""NPU1"", ""throughput_fps"": 18.0, ""avg_inference_time_ms"": 55.57, ""inference_count"": 60, ""avg_wait_to_preprocess_ms"": 0.0, ""dropped_frames_due_to_full_queue"": 0}, ""view2"": {""model"": ""yolov3_big"", ""execution"": ""NPU0"", ""throughput_fps"": 8.84, ""avg_inference_time_ms"": 113.11, ""inference_count"": 102, ""avg_wait_to_preprocess_ms"": 1391.4, ""dropped_frames_due_to_full_queue"": 485}, ""view3"": {""model"": ""yolov3_small"", ""execution"": ""CPU"", ""throughput_fps"": 3.02, ""avg_inference_time_ms"": 331.54, ""inference_count"": 84, ""avg_wait_to_preprocess_ms"": 3293.81, ""dropped_frames_due_to_full_queue"": 671}}, ""total"": {""total_throughput_fps"": 29.85, ""avg_throughput_fps"": 9.95}, ""devices"": {""npu1"": {""queue_wait_ms_p95"": 0.0, ""t_preload_ms"": 464.87}, ""cpu"": {""queue_wait_ms_p95"": 3293.81}, ""npu0"": {""queue_wait_ms_p95"": 0.0, ""t_preload_ms"": 33.52}}, ""derived"": {""drop_rate_fps"": 38.5333, ""drop_count"": 1156, ""window_sec"": 30.0, ""throughput_norm"": 0.92, ""drop_rate_norm"": 0.79}, ""score"": 0.76, ""schedule_file"": ""model_schedules_rsybys.yaml""}"
"{""timestamp"": ""2026-01-05 12:29:26"", ""window_sec"": 30.0, ""combination"": ""combination_2"", ""models"": {""view1"": {""model"": ""resnet50_small"", ""execution"": ""CPU"", ""throughput_fps"": 5.82, ""avg_inference_time_ms"": 171.73, ""inference_count"": 60, ""avg_wait_to_preprocess_ms"": 0.0, ""dropped_frames_due_to_full_queue"": 0}, ""view2"": {""model"": ""yolov3_big"", ""execution"": ""CPU"", ""throughput_fps"": 1.79, ""avg_inference_time_ms"": 558.06, ""inference_count"": 50, ""avg_wait_to_preprocess_ms"": 5244.65, ""dropped_frames_due_to_full_queue"": 717}, ""view3"": {""model"": ""yolov3_small"", ""execution"": ""NPU0"", ""throughput_fps"": 10.76, ""avg_inference_time_ms"": 92.95, ""inference_count"": 113, ""avg_wait_to_preprocess_ms"": 1250.89, ""dropped_frames_due_to_full_queue"": 434}}, ""total"": {""total_throughput_fps"": 18.37, ""avg_throughput_fps"": 6.12}, ""devices"": {""cpu"": {""queue_wait_ms_p95"": 5244.65}, ""npu0"": {""queue_wait_ms_p95"": 0.0, ""t_preload_ms"": 33.52}}, ""derived"": {""drop_rate_fps"": 38.3667, ""drop_count"": 1151, ""window_sec"": 30.0, ""throughput_norm"": 0.56, ""drop_rate_norm"": 0.78}, ""score"": 0.4, ""schedule_file"": ""model_schedules_rsybys.yaml""}"
"{""timestamp"": ""2026-01-05 12:29:58"", ""window_sec"": 30.0, ""combination"": ""combination_3"", ""models"": {""view1"": {""model"": ""resnet50_small"", ""execution"": ""CPU"", ""throughput_fps"": 5.69, ""avg_inference_time_ms"": 175.82, ""inference_count"": 60, ""avg_wait_to_preprocess_ms"": 0.0, ""dropped_frames_due_to_full_queue"": 0}, ""view2"": {""model"": ""yolov3_big"", ""execution"": ""CPU"", ""throughput_fps"": 1.81, ""avg_inference_time_ms"": 551.13, ""inference_count"": 51, ""avg_wait_to_preprocess_ms"": 5198.33, ""dropped_frames_due_to_full_queue"": 717}, ""view3"": {""model"": ""yolov3_small"", ""execution"": ""NPU1"", ""throughput_fps"": 9.45, ""avg_inference_time_ms"": 105.84, ""inference_count"": 101, ""avg_wait_to_preprocess_ms"": 1403.45, ""dropped_frames_due_to_full_queue"": 482}}, ""total"": {""total_throughput_fps"": 16.95, ""avg_throughput_fps"": 5.65}, ""devices"": {""npu1"": {""queue_wait_ms_p95"": 0.0, ""t_preload_ms"": 464.87}, ""cpu"": {""queue_wait_ms_p95"": 5198.33}}, ""derived"": {""drop_rate_fps"": 39.9667, ""drop_count"": 1199, ""window_sec"": 30.0, ""throughput_norm"": 0.52, ""drop_rate_norm"": 0.82}, ""score"": 0.36, ""schedule_file"": ""model_schedules_rsybys.yaml""}"
"{""timestamp"": ""2026-01-05 12:30:28"", ""window_sec"": 30.0, ""combination"": ""combination_4"", ""models"": {""view1"": {""model"": ""resnet50_small"", ""execution"": ""CPU"", ""throughput_fps"": 5.49, ""avg_inference_time_ms"": 182.23, ""inference_count"": 60, ""avg_wait_to_preprocess_ms"": 0.0, ""dropped_frames_due_to_full_queue"": 0}, ""view2"": {""model"": ""yolov3_big"", ""execution"": ""NPU0"", ""throughput_fps"": 8.1, ""avg_inference_time_ms"": 123.42, ""inference_count"": 93, ""avg_wait_to_preprocess_ms"": 1520.3, ""dropped_frames_due_to_full_queue"": 497}, ""view3"": {""model"": ""yolov3_small"", ""execution"": ""CPU"", ""throughput_fps"": 1.91, ""avg_inference_time_ms"": 524.17, ""inference_count"": 53, ""avg_wait_to_preprocess_ms"": 5003.74, ""dropped_frames_due_to_full_queue"": 714}}, ""total"": {""total_throughput_fps"": 15.5, ""avg_throughput_fps"": 5.17}, ""devices"": {""cpu"": {""queue_wait_ms_p95"": 5003.74}, ""npu0"": {""queue_wait_ms_p95"": 0.0, ""t_preload_ms"": 33.52}}, ""derived"": {""drop_rate_fps"": 40.3667, ""drop_count"": 1211, ""window_sec"": 30.0, ""throughput_norm"": 0.48, ""drop_rate_norm"": 0.82}, ""score"": 0.32, ""schedule_file"": ""model_schedules_rsybys.yaml""}"
"{""timestamp"": ""2026-01-05 12:30:59"", ""window_sec"": 30.0, ""combination"": ""combination_5"", ""models"": {""view1"": {""model"": ""resnet50_small"", ""execution"": ""CPU"", ""throughput_fps"": 8.47, ""avg_inference_time_ms"": 118.1, ""inference_count"": 60, ""avg_wait_to_preprocess_ms"": 0.0, ""dropped_frames_due_to_full_queue"": 0}, ""view2"": {""model"": ""yolov3_big"", ""execution"": ""NPU0"", ""throughput_fps"": 9.09, ""avg_inference_time_ms"": 109.95, ""inference_count"": 108, ""avg_wait_to_preprocess_ms"": 1316.78, ""dropped_frames_due_to_full_queue"": 468}, ""view3"": {""model"": ""yolov3_small"", ""execution"": ""NPU1"", ""throughput_fps"": 11.18, ""avg_inference_time_ms"": 89.45, ""inference_count"": 128, ""avg_wait_to_preprocess_ms"": 1108.96, ""dropped_frames_due_to_full_queue"": 383}}, ""total"": {""total_throughput_fps"": 28.74, ""avg_throughput_fps"": 9.58}, ""devices"": {""npu1"": {""queue_wait_ms_p95"": 0.0, ""t_preload_ms"": 464.87}, ""cpu"": {""queue_wait_ms_p95"": 0.0}, ""npu0"": {""queue_wait_ms_p95"": 0.0, ""t_preload_ms"": 33.52}}, ""derived"": {""drop_rate_fps"": 28.3667, ""drop_count"": 851, ""window_sec"": 30.0, ""throughput_norm"": 0.88, ""drop_rate_norm"": 0.58}, ""score"": 0.76, ""schedule_file"": ""model_schedules_rsybys.yaml""}"
"{""timestamp"": ""2026-01-05 12:31:30"", ""window_sec"": 30.0, ""combination"": ""combination_6"", ""models"": {""view1"": {""model"": ""resnet50_small"", ""execution"": ""CPU"", ""throughput_fps"": 5.86, ""avg_inference_time_ms"": 170.72, ""inference_count"": 60, ""avg_wait_to_preprocess_ms"": 0.0, ""dropped_frames_due_to_full_queue"": 0}, ""view2"": {""model"": ""yolov3_big"", ""execution"": ""NPU1"", ""throughput_fps"": 7.71, ""avg_inference_time_ms"": 129.73, ""inference_count"": 88, ""avg_wait_to_preprocess_ms"": 1606.96, ""dropped_frames_due_to_full_queue"": 522}, ""view3"": {""model"": ""yolov3_small"", ""execution"": ""CPU"", ""throughput_fps"": 1.91, ""avg_inference_time_ms"": 522.48, ""inference_count"": 53, ""avg_wait_to_preprocess_ms"": 4920.66, ""dropped_frames_due_to_full_queue"": 708}}, ""total"": {""total_throughput_fps"": 15.48, ""avg_throughput_fps"": 5.16}, ""devices"": {""npu1"": {""queue_wait_ms_p95"": 0.0, ""t_preload_ms"": 464.87}, ""cpu"": {""queue_wait_ms_p95"": 4920.66}}, ""derived"": {""drop_rate_fps"": 41.0, ""drop_count"": 1230, ""window_sec"": 30.0, ""throughput_norm"": 0.48, ""drop_rate_norm"": 0.84}, ""score"": 0.31, ""schedule_file"": ""model_schedules_rsybys.yaml""}"
"{""timestamp"": ""2026-01-05 12:32:01"", ""window_sec"": 30.0, ""combination"": ""combination_7"", ""models"": {""view1"": {""model"": ""resnet50_small"", ""execution"": ""CPU"", ""throughput_fps"": 8.44, ""avg_inference_time_ms"": 118.46, ""inference_count"": 60, ""avg_wait_to_preprocess_ms"": 0.0, ""dropped_frames_due_to_full_queue"": 0}, ""view2"": {""model"": ""yolov3_big"", ""execution"": ""NPU1"", ""throughput_fps"": 8.33, ""avg_inference_time_ms"": 120.1, ""inference_count"": 98, ""avg_wait_to_preprocess_ms"": 1446.36, ""dropped_frames_due_to_full_queue"": 496}, ""view3"": {""model"": ""yolov3_small"", ""execution"": ""NPU0"", ""throughput_fps"": 12.24, ""avg_inference_time_ms"": 81.68, ""inference_count"": 137, ""avg_wait_to_preprocess_ms"": 1033.91, ""dropped_frames_due_to_full_queue"": 359}}, ""total"": {""total_throughput_fps"": 29.01, ""avg_throughput_fps"": 9.67}, ""devices"": {""npu1"": {""queue_wait_ms_p95"": 0.0, ""t_preload_ms"": 464.87}, ""cpu"": {""queue_wait_ms_p95"": 0.0}, ""npu0"": {""queue_wait_ms_p95"": 0.0, ""t_preload_ms"": 33.52}}, ""derived"": {""drop_rate_fps"": 28.5, ""drop_count"": 855, ""window_sec"": 30.0, ""throughput_norm"": 0.89, ""drop_rate_norm"": 0.58}, ""score"": 0.77, ""schedule_file"": ""model_schedules_rsybys.yaml""}"
"{""timestamp"": ""2026-01-05 12:32:33"", ""window_sec"": 30.0, ""combination"": ""combination_8"", ""models"": {""view1"": {""model"": ""resnet50_small"", ""execution"": ""NPU0"", ""throughput_fps"": 19.7, ""avg_inference_time_ms"": 50.77, ""inference_count"": 60, ""avg_wait_to_preprocess_ms"": 0.0, ""dropped_frames_due_to_full_queue"": 0}, ""view2"": {""model"": ""yolov3_big"", ""execution"": ""CPU"", ""throughput_fps"": 1.72, ""avg_inference_time_ms"": 582.5, ""inference_count"": 48, ""avg_wait_to_preprocess_ms"": 5428.4, ""dropped_frames_due_to_full_queue"": 663}, ""view3"": {""model"": ""yolov3_small"", ""execution"": ""CPU"", ""throughput_fps"": 1.71, ""avg_inference_time_ms"": 585.52, ""inference_count"": 48, ""avg_wait_to_preprocess_ms"": 5477.57, ""dropped_frames_due_to_full_queue"": 661}}, ""total"": {""total_throughput_fps"": 23.12, ""avg_throughput_fps"": 7.71}, ""devices"": {""cpu"": {""queue_wait_ms_p95"": 5477.57}, ""npu0"": {""queue_wait_ms_p95"": 0.0, ""t_preload_ms"": 33.52}}, ""derived"": {""drop_rate_fps"": 44.1333, ""drop_count"": 1324, ""window_sec"": 30.0, ""throughput_norm"": 0.71, ""drop_rate_norm"": 0.9}, ""score"": 0.53, ""schedule_file"": ""model_schedules_rsybys.yaml""}"
"{""timestamp"": ""2026-01-05 12:33:03"", ""window_sec"": 30.0, ""combination"": ""combination_9"", ""models"": {""view1"": {""model"": ""resnet50_small"", ""execution"": ""NPU0"", ""throughput_fps"": 19.67, ""avg_inference_time_ms"": 50.83, ""inference_count"": 60, ""avg_wait_to_preprocess_ms"": 0.0, ""dropped_frames_due_to_full_queue"": 0}, ""view2"": {""model"": ""yolov3_big"", ""execution"": ""CPU"", ""throughput_fps"": 2.38, ""avg_inference_time_ms"": 420.68, ""inference_count"": 66, ""avg_wait_to_preprocess_ms"": 4095.37, ""dropped_frames_due_to_full_queue"": 690}, ""view3"": {""model"": ""yolov3_small"", ""execution"": ""NPU1"", ""throughput_fps"": 10.5, ""avg_inference_time_ms"": 95.21, ""inference_count"": 119, ""avg_wait_to_preprocess_ms"": 1187.47, ""dropped_frames_due_to_full_queue"": 421}}, ""total"": {""total_throughput_fps"": 32.55, ""avg_throughput_fps"": 10.85}, ""devices"": {""npu1"": {""queue_wait_ms_p95"": 0.0, ""t_preload_ms"": 464.87}, ""cpu"": {""queue_wait_ms_p95"": 4095.37}, ""npu0"": {""queue_wait_ms_p95"": 0.0, ""t_preload_ms"": 33.52}}, ""derived"": {""drop_rate_fps"": 37.0333, ""drop_count"": 1111, ""window_sec"": 30.0, ""throughput_norm"": 1.0, ""drop_rate_norm"": 0.76}, ""score"": 0.85, ""schedule_file"": ""model_schedules_rsybys.yaml""}"
"{""timestamp"": ""2026-01-05 12:33:39"", ""window_sec"": 30.0, ""combination"": ""combination_1"", ""models"": {""view1"": {""model"": ""resnet50_small"", ""execution"": ""CPU"", ""throughput_fps"": 6.27, ""avg_inference_time_ms"": 159.53, ""inference_count"": 118, ""avg_wait_to_preprocess_ms"": 0.0, ""dropped_frames_due_to_full_queue"": 0}, ""view2"": {""model"": ""yolov3_big"", ""execution"": ""CPU"", ""throughput_fps"": 1.04, ""avg_inference_time_ms"": 962.63, ""inference_count"": 29, ""avg_wait_to_preprocess_ms"": 8095.45, ""dropped_frames_due_to_full_queue"": 762}, ""view3"": {""model"": ""yolov3_small"", ""execution"": ""CPU"", ""throughput_fps"": 1.07, ""avg_inference_time_ms"": 932.41, ""inference_count"": 30, ""avg_wait_to_preprocess_ms"": 8297.48, ""dropped_frames_due_to_full_queue"": 761}}, ""total"": {""total_throughput_fps"": 8.38, ""avg_throughput_fps"": 2.79}, ""devices"": {""cpu"": {""queue_wait_ms_p95"": 8297.48}}, ""derived"": {""drop_rate_fps"": 50.7667, ""drop_count"": 1523, ""window_sec"": 30.0, ""throughput_norm"": 0.25, ""drop_rate_norm"": 1.0}, ""score"": 0.05, ""schedule_file"": ""model_schedules_rsybys_2x.yaml""}"
"{""timestamp"": ""2026-01-05 12:34:09"", ""window_sec"": 30.0, ""combination"": ""combination_10"", ""models"": {""view1"": {""model"": ""resnet50_small"", ""execution"": ""NPU0"", ""throughput_fps"": 21.21, ""avg_inference_time_ms"": 47.15, ""inference_count"": 119, ""avg_wait_to_preprocess_ms"": 0.0, ""dropped_frames_due_to_full_queue"": 0}, ""view2"": {""model"": ""yolov3_big"", ""execution"": ""NPU1"", ""throughput_fps"": 8.83, ""avg_inference_time_ms"": 113.28, ""inference_count"": 103, ""avg_wait_to_preprocess_ms"": 1383.15, ""dropped_frames_due_to_full_queue"": 606}, ""view3"": {""model"": ""yolov3_small"", ""execution"": ""CPU"", ""throughput_fps"": 3.2, ""avg_inference_time_ms"": 312.89, ""inference_count"": 89, ""avg_wait_to_preprocess_ms"": 3117.83, ""dropped_frames_due_to_full_queue"": 722}}, ""total"": {""total_throughput_fps"": 33.23, ""avg_throughput_fps"": 11.08}, ""devices"": {""cpu"": {""queue_wait_ms_p95"": 3117.83}, ""npu0"": {""queue_wait_ms_p95"": 0.0, ""t_preload_ms"": 33.52}, ""npu1"": {""queue_wait_ms_p95"": 0.0, ""t_preload_ms"": 464.87}}, ""derived"": {""drop_rate_fps"": 44.2667, ""drop_count"": 1328, ""window_sec"": 30.0, ""throughput_norm"": 1.0, ""drop_rate_norm"": 0.87}, ""score"": 0.83, ""schedule_file"": ""model_schedules_rsybys_2x.yaml""}"
"{""timestamp"": ""2026-01-05 12:34:40"", ""window_sec"": 30.0, ""combination"": ""combination_11"", ""models"": {""view1"": {""model"": ""resnet50_small"", ""execution"": ""NPU1"", ""throughput_fps"": 16.98, ""avg_inference_time_ms"": 58.89, ""inference_count"": 119, ""avg_wait_to_preprocess_ms"": 0.0, ""dropped_frames_due_to_full_queue"": 0}, ""view2"": {""model"": ""yolov3_big"", ""execution"": ""CPU"", ""throughput_fps"": 1.9, ""avg_inference_time_ms"": 526.05, ""inference_count"": 53, ""avg_wait_to_preprocess_ms"": 4980.44, ""dropped_frames_due_to_full_queue"": 751}, ""view3"": {""model"": ""yolov3_small"", ""execution"": ""CPU"", ""throughput_fps"": 1.86, ""avg_inference_time_ms"": 536.29, ""inference_count"": 52, ""avg_wait_to_preprocess_ms"": 5129.72, ""dropped_frames_due_to_full_queue"": 752}}, ""total"": {""total_throughput_fps"": 20.75, ""avg_throughput_fps"": 6.92}, ""devices"": {""cpu"": {""queue_wait_ms_p95"": 5129.72}, ""npu1"": {""queue_wait_ms_p95"": 0.0, ""t_preload_ms"": 464.87}}, ""derived"": {""drop_rate_fps"": 50.1, ""drop_count"": 1503, ""window_sec"": 30.0, ""throughput_norm"": 0.62, ""drop_rate_norm"": 0.99}, ""score"": 0.42, ""schedule_file"": ""model_schedules_rsybys_2x.yaml""}"
"{""timestamp"": ""2026-01-05 12:35:11"", ""window_sec"": 30.0, ""combination"": ""combination_12"", ""models"": {""view1"": {""model"": ""resnet50_small"", ""execution"": ""NPU1"", ""throughput_fps"": 17.77, ""avg_inference_time_ms"": 56.28, ""inference_count"": 118, ""avg_wait_to_preprocess_ms"": 0.0, ""dropped_frames_due_to_full_queue"": 0}, ""view2"": {""model"": ""yolov3_big"", ""execution"": ""CPU"", ""throughput_fps"": 2.51, ""avg_inference_time_ms"": 397.96, ""inference_count"": 70, ""avg_wait_to_preprocess_ms"": 3883.65, ""dropped_frames_due_to_full_queue"": 734}, ""view3"": {""model"": ""yolov3_small"", ""execution"": ""NPU0"", ""throughput_fps"": 12.19, ""avg_inference_time_ms"": 82.04, ""inference_count"": 135, ""avg_wait_to_preprocess_ms"": 1053.78, ""dropped_frames_due_to_full_queue"": 534}}, ""total"": {""total_throughput_fps"": 32.47, ""avg_throughput_fps"": 10.82}, ""devices"": {""cpu"": {""queue_wait_ms_p95"": 3883.65}, ""npu0"": {""queue_wait_ms_p95"": 0.0, ""t_preload_ms"": 33.52}, ""npu1"": {""queue_wait_ms_p95"": 0.0, ""t_preload_ms"": 464.87}}, ""derived"": {""drop_rate_fps"": 42.2667, ""drop_count"": 1268, ""window_sec"": 30.0, ""throughput_norm"": 0.98, ""drop_rate_norm"": 0.83}, ""score"": 0.81, ""schedule_file"": ""model_schedules_rsybys_2x.yaml""}"
"{""timestamp"": ""2026-01-05 12:35:42"", ""window_sec"": 30.0, ""combination"": ""combination_13"", ""models"": {""view1"": {""model"": ""resnet50_small"", ""execution"": ""NPU1"", ""throughput_fps"": 18.02, ""avg_inference_time_ms"": 55.5, ""inference_count"": 118, ""avg_wait_to_preprocess_ms"": 0.0, ""dropped_frames_due_to_full_queue"": 0}, ""view2"": {""model"": ""yolov3_big"", ""execution"": ""NPU0"", ""throughput_fps"": 9.25, ""avg_inference_time_ms"": 108.1, ""inference_count"": 109, ""avg_wait_to_preprocess_ms"": 1307.37, ""dropped_frames_due_to_full_queue"": 590}, ""view3"": {""model"": ""yolov3_small"", ""execution"": ""CPU"", ""throughput_fps"": 2.94, ""avg_inference_time_ms"": 339.7, ""inference_count"": 82, ""avg_wait_to_preprocess_ms"": 3373.03, ""dropped_frames_due_to_full_queue"": 725}}, ""total"": {""total_throughput_fps"": 30.21, ""avg_throughput_fps"": 10.07}, ""devices"": {""cpu"": {""queue_wait_ms_p95"": 3373.03}, ""npu0"": {""queue_wait_ms_p95"": 0.0, ""t_preload_ms"": 33.52}, ""npu1"": {""queue_wait_ms_p95"": 0.0, ""t_preload_ms"": 464.87}}, ""derived"": {""drop_rate_fps"": 43.8333, ""drop_count"": 1315, ""window_sec"": 30.0, ""throughput_norm"": 0.91, ""drop_rate_norm"": 0.86}, ""score"": 0.74, ""schedule_file"": ""model_schedules_rsybys_2x.yaml""}"
"{""timestamp"": ""2026-01-05 12:36:13"", ""window_sec"": 30.0, ""combination"": ""combination_2"", ""models"": {""view1"": {""model"": ""resnet50_small"", ""execution"": ""CPU"", ""throughput_fps"": 5.77, ""avg_inference_time_ms"": 173.26, ""inference_count"": 118, ""avg_wait_to_preprocess_ms"": 0.0, ""dropped_frames_due_to_full_queue"": 0}, ""view2"": {""model"": ""yolov3_big"", ""execution"": ""CPU"", ""throughput_fps"": 1.11, ""avg_inference_time_ms"": 900.04, ""inference_count"": 31, ""avg_wait_to_preprocess_ms"": 7863.91, ""dropped_frames_due_to_full_queue"": 757}, ""view3"": {""model"": ""yolov3_small"", ""execution"": ""NPU0"", ""throughput_fps"": 9.85, ""avg_inference_time_ms"": 101.53, ""inference_count"": 101, ""avg_wait_to_preprocess_ms"": 1400.99, ""dropped_frames_due_to_full_queue"": 586}}, ""total"": {""total_throughput_fps"": 16.73, ""avg_throughput_fps"": 5.58}, ""devices"": {""cpu"": {""queue_wait_ms_p95"": 7863.91}, ""npu0"": {""queue_wait_ms_p95"": 0.0, ""t_preload_ms"": 33.52}}, ""derived"": {""drop_rate_fps"": 44.7667, ""drop_count"": 1343, ""window_sec"": 30.0, ""throughput_norm"": 0.5, ""drop_rate_norm"": 0.88}, ""score"": 0.32, ""schedule_file"": ""model_schedules_rsybys_2x.yaml""}"
"{""timestamp"": ""2026-01-05 12:36:44"", ""window_sec"": 30.0, ""combination"": ""combination_3"", ""models"": {""view1"": {""model"": ""resnet50_small"", ""execution"": ""CPU"", ""throughput_fps"": 5.55, ""avg_inference_time_ms"": 180.19, ""inference_count"": 118, ""avg_wait_to_preprocess_ms"": 0.0, ""dropped_frames_due_to_full_queue"": 0}, ""view2"": {""model"": ""yolov3_big"", ""execution"": ""CPU"", ""throughput_fps"": 1.0, ""avg_inference_time_ms"": 1002.5, ""inference_count"": 28, ""avg_wait_to_preprocess_ms"": 8495.25, ""dropped_frames_due_to_full_queue"": 756}, ""view3"": {""model"": ""yolov3_small"", ""execution"": ""NPU1"", ""throughput_fps"": 8.88, ""avg_inference_time_ms"": 112.59, ""inference_count"": 91, ""avg_wait_to_preprocess_ms"": 1560.73, ""dropped_frames_due_to_full_queue"": 603}}, ""total"": {""total_throughput_fps"": 15.43, ""avg_throughput_fps"": 5.14}, ""devices"": {""cpu"": {""queue_wait_ms_p95"": 8495.25}, ""npu1"": {""queue_wait_ms_p95"": 0.0, ""t_preload_ms"": 464.87}}, ""derived"": {""drop_rate_fps"": 45.3, ""drop_count"": 1359, ""window_sec"": 30.0, ""throughput_norm"": 0.46, ""drop_rate_norm"": 0.89}, ""score"": 0.28, ""schedule_file"": ""model_schedules_rsybys_2x.yaml""}"
"{""timestamp"": ""2026-01-05 12:37:15"", ""window_sec"": 30.0, ""combination"": ""combination_4"", ""models"": {""view1"": {""model"": ""resnet50_small"", ""execution"": ""CPU"", ""throughput_fps"": 5.79, ""avg_inference_time_ms"": 172.58, ""inference_count"": 118, ""avg_wait_to_preprocess_ms"": 0.0, ""dropped_frames_due_to_full_queue"": 0}, ""view2"": {""model"": ""yolov3_big"", ""execution"": ""NPU0"", ""throughput_fps"": 7.57, ""avg_inference_time_ms"": 132.1, ""inference_count"": 83, ""avg_wait_to_preprocess_ms"": 1689.14, ""dropped_frames_due_to_full_queue"": 623}, ""view3"": {""model"": ""yolov3_small"", ""execution"": ""CPU"", ""throughput_fps"": 1.14, ""avg_inference_time_ms"": 874.67, ""inference_count"": 32, ""avg_wait_to_preprocess_ms"": 7737.96, ""dropped_frames_due_to_full_queue"": 757}}, ""total"": {""total_throughput_fps"": 14.51, ""avg_throughput_fps"": 4.84}, ""devices"": {""cpu"": {""queue_wait_ms_p95"": 7737.96}, ""npu0"": {""queue_wait_ms_p95"": 0.0, ""t_preload_ms"": 33.52}}, ""derived"": {""drop_rate_fps"": 46.0, ""drop_count"": 1380, ""window_sec"": 30.0, ""throughput_norm"": 0.44, ""drop_rate_norm"": 0.91}, ""score"": 0.26, ""schedule_file"": ""model_schedules_rsybys_2x.yaml""}"
"{""timestamp"": ""2026-01-05 12:37:46"", ""window_sec"": 30.0, ""combination"": ""combination_5"", ""models"": {""view1"": {""model"": ""resnet50_small"", ""execution"": ""CPU"", ""throughput_fps"": 6.87, ""avg_inference_time_ms"": 145.61, ""inference_count"": 118, ""avg_wait_to_preprocess_ms"": 0.0, ""dropped_frames_due_to_full_queue"": 0}, ""view2"": {""model"": ""yolov3_big"", ""execution"": ""NPU0"", ""throughput_fps"": 8.03, ""avg_inference_time_ms"": 124.6, ""inference_count"": 90, ""avg_wait_to_preprocess_ms"": 1561.94, ""dropped_frames_due_to_full_queue"": 613}, ""view3"": {""model"": ""yolov3_small"", ""execution"": ""NPU1"", ""throughput_fps"": 10.13, ""avg_inference_time_ms"": 98.68, ""inference_count"": 112, ""avg_wait_to_preprocess_ms"": 1261.71, ""dropped_frames_due_to_full_queue"": 569}}, ""total"": {""total_throughput_fps"": 25.03, ""avg_throughput_fps"": 8.34}, ""devices"": {""cpu"": {""queue_wait_ms_p95"": 0.0}, ""npu0"": {""queue_wait_ms_p95"": 0.0, ""t_preload_ms"": 33.52}, ""npu1"": {""queue_wait_ms_p95"": 0.0, ""t_preload_ms"": 464.87}}, ""derived"": {""drop_rate_fps"": 39.4, ""drop_count"": 1182, ""window_sec"": 30.0, ""throughput_norm"": 0.75, ""drop_rate_norm"": 0.78}, ""score"": 0.59, ""schedule_file"": ""model_schedules_rsybys_2x.yaml""}"
"{""timestamp"": ""2026-01-05 12:38:17"", ""window_sec"": 30.0, ""combination"": ""combination_6"", ""models"": {""view1"": {""model"": ""resnet50_small"", ""execution"": ""CPU"", ""throughput_fps"": 5.42, ""avg_inference_time_ms"": 184.48, ""inference_count"": 117, ""avg_wait_to_preprocess_ms"": 0.0, ""dropped_frames_due_to_full_queue"": 0}, ""view2"": {""model"": ""yolov3_big"", ""execution"": ""NPU1"", ""throughput_fps"": 7.01, ""avg_inference_time_ms"": 142.67, ""inference_count"": 77, ""avg_wait_to_preprocess_ms"": 1823.29, ""dropped_frames_due_to_full_queue"": 540}, ""view3"": {""model"": ""yolov3_small"", ""execution"": ""CPU"", ""throughput_fps"": 1.04, ""avg_inference_time_ms"": 963.83, ""inference_count"": 29, ""avg_wait_to_preprocess_ms"": 8250.65, ""dropped_frames_due_to_full_queue"": 665}}, ""total"": {""total_throughput_fps"": 13.47, ""avg_throughput_fps"": 4.49}, ""devices"": {""cpu"": {""queue_wait_ms_p95"": 8250.65}, ""npu1"": {""queue_wait_ms_p95"": 0.0, ""t_preload_ms"": 464.87}}, ""derived"": {""drop_rate_fps"": 40.1667, ""drop_count"": 1205, ""window_sec"": 30.0, ""throughput_norm"": 0.41, ""drop_rate_norm"": 0.79}, ""score"": 0.25, ""schedule_file"": ""model_schedules_rsybys_2x.yaml""}"
"{""timestamp"": ""2026-01-05 12:38:48"", ""window_sec"": 30.0, ""combination"": ""combination_7"", ""models"": {""view1"": {""model"": ""resnet50_small"", ""execution"": ""CPU"", ""throughput_fps"": 7.34, ""avg_inference_time_ms"": 136.19, ""inference_count"": 118, ""avg_wait_to_preprocess_ms"": 0.0, ""dropped_frames_due_to_full_queue"": 0}, ""view2"": {""model"": ""yolov3_big"", ""execution"": ""NPU1"", ""throughput_fps"": 7.68, ""avg_inference_time_ms"": 130.18, ""inference_count"": 88, ""avg_wait_to_preprocess_ms"": 1605.03, ""dropped_frames_due_to_full_queue"": 568}, ""view3"": {""model"": ""yolov3_small"", ""execution"": ""NPU0"", ""throughput_fps"": 11.01, ""avg_inference_time_ms"": 90.82, ""inference_count"": 122, ""avg_wait_to_preprocess_ms"": 1162.96, ""dropped_frames_due_to_full_queue"": 500}}, ""total"": {""total_throughput_fps"": 26.03, ""avg_throughput_fps"": 8.68}, ""devices"": {""cpu"": {""queue_wait_ms_p95"": 0.0}, ""npu0"": {""queue_wait_ms_p95"": 0.0, ""t_preload_ms"": 33.52}, ""npu1"": {""queue_wait_ms_p95"": 0.0, ""t_preload_ms"": 464.87}}, ""derived"": {""drop_rate_fps"": 35.6, ""drop_count"": 1068, ""window_sec"": 30.0, ""throughput_norm"": 0.78, ""drop_rate_norm"": 0.7}, ""score"": 0.64, ""schedule_file"": ""model_schedules_rsybys_2x.yaml""}"
"{""timestamp"": ""2026-01-05 12:39:19"", ""window_sec"": 30.0, ""combination"": ""combination_8"", ""models"": {""view1"": {""model"": ""resnet50_small"", ""execution"": ""NPU0"", ""throughput_fps"": 16.55, ""avg_inference_time_ms"": 60.41, ""inference_count"": 118, ""avg_wait_to_preprocess_ms"": 0.0, ""dropped_frames_due_to_full_queue"": 0}, ""view2"": {""model"": ""yolov3_big"", ""execution"": ""CPU"", ""throughput_fps"": 1.65, ""avg_inference_time_ms"": 605.41, ""inference_count"": 46, ""avg_wait_to_preprocess_ms"": 5729.38, ""dropped_frames_due_to_full_queue"": 661}, ""view3"": {""model"": ""yolov3_small"", ""execution"": ""CPU"", ""throughput_fps"": 1.59, ""avg_inference_time_ms"": 627.86, ""inference_count"": 44, ""avg_wait_to_preprocess_ms"": 5919.1, ""dropped_frames_due_to_full_queue"": 663}}, ""total"": {""total_throughput_fps"": 19.8, ""avg_throughput_fps"": 6.6}, ""devices"": {""cpu"": {""queue_wait_ms_p95"": 5919.1}, ""npu0"": {""queue_wait_ms_p95"": 0.0, ""t_preload_ms"": 33.52}}, ""derived"": {""drop_rate_fps"": 44.1333, ""drop_count"": 1324, ""window_sec"": 30.0, ""throughput_norm"": 0.6, ""drop_rate_norm"": 0.87}, ""score"": 0.43, ""schedule_file"": ""model_schedules_rsybys_2x.yaml""}"
"{""timestamp"": ""2026-01-05 12:39:50"", ""window_sec"": 30.0, ""combination"": ""combination_9"", ""models"": {""view1"": {""model"": ""resnet50_small"", ""execution"": ""NPU0"", ""throughput_fps"": 17.43, ""avg_inference_time_ms"": 57.37, ""inference_count"": 118, ""avg_wait_to_preprocess_ms"": 0.0, ""dropped_frames_due_to_full_queue"": 0}, ""view2"": {""model"": ""yolov3_big"", ""execution"": ""CPU"", ""throughput_fps"": 2.28, ""avg_inference_time_ms"": 438.49, ""inference_count"": 63, ""avg_wait_to_preprocess_ms"": 4238.6, ""dropped_frames_due_to_full_queue"": 679}, ""view3"": {""model"": ""yolov3_small"", ""execution"": ""NPU1"", ""throughput_fps"": 10.25, ""avg_inference_time_ms"": 97.58, ""inference_count"": 118, ""avg_wait_to_preprocess_ms"": 1205.14, ""dropped_frames_due_to_full_queue"": 507}}, ""total"": {""total_throughput_fps"": 29.96, ""avg_throughput_fps"": 9.99}, ""devices"": {""cpu"": {""queue_wait_ms_p95"": 4238.6}, ""npu0"": {""queue_wait_ms_p95"": 0.0, ""t_preload_ms"": 33.52}, ""npu1"": {""queue_wait_ms_p95"": 0.0, ""t_preload_ms"": 464.87}}, ""derived"": {""drop_rate_fps"": 39.5333, ""drop_count"": 1186, ""window_sec"": 30.0, ""throughput_norm"": 0.9, ""drop_rate_norm"": 0.78}, ""score"": 0.74, ""schedule_file"": ""model_schedules_rsybys_2x.yaml""}"
"{""timestamp"": ""2026-01-05 12:47:12"", ""window_sec"": 30.0, ""combination"": ""combination_1"", ""models"": {""view1"": {""model"": ""resnet50_small"", ""execution"": ""CPU"", ""throughput_fps"": 7.25, ""avg_inference_time_ms"": 137.92, ""inference_count"": 203, ""avg_wait_to_preprocess_ms"": 0.0, ""dropped_frames_due_to_full_queue"": 0}, ""view2"": {""model"": ""yolov3_big"", ""execution"": ""CPU"", ""throughput_fps"": 0.97, ""avg_inference_time_ms"": 1029.4, ""inference_count"": 27, ""avg_wait_to_preprocess_ms"": 8827.51, ""dropped_frames_due_to_full_queue"": 767}, ""view3"": {""model"": ""yolov3_small"", ""execution"": ""CPU"", ""throughput_fps"": 0.97, ""avg_inference_time_ms"": 1032.8, ""inference_count"": 27, ""avg_wait_to_preprocess_ms"": 8794.25, ""dropped_frames_due_to_full_queue"": 767}}, ""total"": {""total_throughput_fps"": 9.19, ""avg_throughput_fps"": 3.06}, ""devices"": {""cpu"": {""queue_wait_ms_p95"": 8827.51}}, ""derived"": {""drop_rate_fps"": 51.1333, ""drop_count"": 1534, ""window_sec"": 30.0, ""throughput_norm"": 0.29, ""drop_rate_norm"": 1.0}, ""score"": 0.09, ""schedule_file"": ""model_schedules_rsybys_4x.yaml""}"
"{""timestamp"": ""2026-01-05 12:47:43"", ""window_sec"": 30.0, ""combination"": ""combination_10"", ""models"": {""view1"": {""model"": ""resnet50_small"", ""execution"": ""NPU0"", ""throughput_fps"": 20.86, ""avg_inference_time_ms"": 47.93, ""inference_count"": 233, ""avg_wait_to_preprocess_ms"": 0.0, ""dropped_frames_due_to_full_queue"": 0}, ""view2"": {""model"": ""yolov3_big"", ""execution"": ""NPU1"", ""throughput_fps"": 8.4, ""avg_inference_time_ms"": 119.01, ""inference_count"": 97, ""avg_wait_to_preprocess_ms"": 1459.41, ""dropped_frames_due_to_full_queue"": 612}, ""view3"": {""model"": ""yolov3_small"", ""execution"": ""CPU"", ""throughput_fps"": 2.78, ""avg_inference_time_ms"": 359.61, ""inference_count"": 77, ""avg_wait_to_preprocess_ms"": 3536.94, ""dropped_frames_due_to_full_queue"": 729}}, ""total"": {""total_throughput_fps"": 32.05, ""avg_throughput_fps"": 10.68}, ""devices"": {""npu0"": {""queue_wait_ms_p95"": 0.0, ""t_preload_ms"": 33.52}, ""npu1"": {""queue_wait_ms_p95"": 0.0, ""t_preload_ms"": 464.87}, ""cpu"": {""queue_wait_ms_p95"": 3536.94}}, ""derived"": {""drop_rate_fps"": 44.7, ""drop_count"": 1341, ""window_sec"": 30.0, ""throughput_norm"": 1.0, ""drop_rate_norm"": 0.87}, ""score"": 0.83, ""schedule_file"": ""model_schedules_rsybys_4x.yaml""}"
"{""timestamp"": ""2026-01-05 12:48:14"", ""window_sec"": 30.0, ""combination"": ""combination_11"", ""models"": {""view1"": {""model"": ""resnet50_small"", ""execution"": ""NPU1"", ""throughput_fps"": 17.04, ""avg_inference_time_ms"": 58.68, ""inference_count"": 233, ""avg_wait_to_preprocess_ms"": 0.0, ""dropped_frames_due_to_full_queue"": 0}, ""view2"": {""model"": ""yolov3_big"", ""execution"": ""CPU"", ""throughput_fps"": 1.69, ""avg_inference_time_ms"": 591.17, ""inference_count"": 47, ""avg_wait_to_preprocess_ms"": 5586.54, ""dropped_frames_due_to_full_queue"": 750}, ""view3"": {""model"": ""yolov3_small"", ""execution"": ""CPU"", ""throughput_fps"": 1.69, ""avg_inference_time_ms"": 590.72, ""inference_count"": 47, ""avg_wait_to_preprocess_ms"": 5545.02, ""dropped_frames_due_to_full_queue"": 750}}, ""total"": {""total_throughput_fps"": 20.43, ""avg_throughput_fps"": 6.81}, ""devices"": {""npu1"": {""queue_wait_ms_p95"": 0.0, ""t_preload_ms"": 464.87}, ""cpu"": {""queue_wait_ms_p95"": 5586.54}}, ""derived"": {""drop_rate_fps"": 50.0, ""drop_count"": 1500, ""window_sec"": 30.0, ""throughput_norm"": 0.64, ""drop_rate_norm"": 0.98}, ""score"": 0.44, ""schedule_file"": ""model_schedules_rsybys_4x.yaml""}"
"{""timestamp"": ""2026-01-05 12:48:45"", ""window_sec"": 30.0, ""combination"": ""combination_12"", ""models"": {""view1"": {""model"": ""resnet50_small"", ""execution"": ""NPU1"", ""throughput_fps"": 17.27, ""avg_inference_time_ms"": 57.91, ""inference_count"": 232, ""avg_wait_to_preprocess_ms"": 0.0, ""dropped_frames_due_to_full_queue"": 0}, ""view2"": {""model"": ""yolov3_big"", ""execution"": ""CPU"", ""throughput_fps"": 2.3, ""avg_inference_time_ms"": 435.35, ""inference_count"": 64, ""avg_wait_to_preprocess_ms"": 4197.18, ""dropped_frames_due_to_full_queue"": 732}, ""view3"": {""model"": ""yolov3_small"", ""execution"": ""NPU0"", ""throughput_fps"": 11.35, ""avg_inference_time_ms"": 88.09, ""inference_count"": 123, ""avg_wait_to_preprocess_ms"": 1154.33, ""dropped_frames_due_to_full_queue"": 550}}, ""total"": {""total_throughput_fps"": 30.92, ""avg_throughput_fps"": 10.31}, ""devices"": {""npu0"": {""queue_wait_ms_p95"": 0.0, ""t_preload_ms"": 33.52}, ""npu1"": {""queue_wait_ms_p95"": 0.0, ""t_preload_ms"": 464.87}, ""cpu"": {""queue_wait_ms_p95"": 4197.18}}, ""derived"": {""drop_rate_fps"": 42.7333, ""drop_count"": 1282, ""window_sec"": 30.0, ""throughput_norm"": 0.96, ""drop_rate_norm"": 0.84}, ""score"": 0.79, ""schedule_file"": ""model_schedules_rsybys_4x.yaml""}"
"{""timestamp"": ""2026-01-05 12:49:16"", ""window_sec"": 30.0, ""combination"": ""combination_13"", ""models"": {""view1"": {""model"": ""resnet50_small"", ""execution"": ""NPU1"", ""throughput_fps"": 17.59, ""avg_inference_time_ms"": 56.87, ""inference_count"": 232, ""avg_wait_to_preprocess_ms"": 0.0, ""dropped_frames_due_to_full_queue"": 0}, ""view2"": {""model"": ""yolov3_big"", ""execution"": ""NPU0"", ""throughput_fps"": 9.17, ""avg_inference_time_ms"": 109.04, ""inference_count"": 105, ""avg_wait_to_preprocess_ms"": 1350.99, ""dropped_frames_due_to_full_queue"": 589}, ""view3"": {""model"": ""yolov3_small"", ""execution"": ""CPU"", ""throughput_fps"": 2.59, ""avg_inference_time_ms"": 385.45, ""inference_count"": 72, ""avg_wait_to_preprocess_ms"": 3800.46, ""dropped_frames_due_to_full_queue"": 727}}, ""total"": {""total_throughput_fps"": 29.35, ""avg_throughput_fps"": 9.78}, ""devices"": {""npu0"": {""queue_wait_ms_p95"": 0.0, ""t_preload_ms"": 33.52}, ""npu1"": {""queue_wait_ms_p95"": 0.0, ""t_preload_ms"": 464.87}, ""cpu"": {""queue_wait_ms_p95"": 3800.46}}, ""derived"": {""drop_rate_fps"": 43.8667, ""drop_count"": 1316, ""window_sec"": 30.0, ""throughput_norm"": 0.92, ""drop_rate_norm"": 0.86}, ""score"": 0.75, ""schedule_file"": ""model_schedules_rsybys_4x.yaml""}"
"{""timestamp"": ""2026-01-05 12:49:47"", ""window_sec"": 30.0, ""combination"": ""combination_2"", ""models"": {""view1"": {""model"": ""resnet50_small"", ""execution"": ""CPU"", ""throughput_fps"": 6.47, ""avg_inference_time_ms"": 154.68, ""inference_count"": 183, ""avg_wait_to_preprocess_ms"": 0.0, ""dropped_frames_due_to_full_queue"": 0}, ""view2"": {""model"": ""yolov3_big"", ""execution"": ""CPU"", ""throughput_fps"": 0.99, ""avg_inference_time_ms"": 1006.42, ""inference_count"": 28, ""avg_wait_to_preprocess_ms"": 8731.41, ""dropped_frames_due_to_full_queue"": 758}, ""view3"": {""model"": ""yolov3_small"", ""execution"": ""NPU0"", ""throughput_fps"": 9.73, ""avg_inference_time_ms"": 102.8, ""inference_count"": 100, ""avg_wait_to_preprocess_ms"": 1419.63, ""dropped_frames_due_to_full_queue"": 587}}, ""total"": {""total_throughput_fps"": 17.19, ""avg_throughput_fps"": 5.73}, ""devices"": {""npu0"": {""queue_wait_ms_p95"": 0.0, ""t_preload_ms"": 33.52}, ""cpu"": {""queue_wait_ms_p95"": 8731.41}}, ""derived"": {""drop_rate_fps"": 44.8333, ""drop_count"": 1345, ""window_sec"": 30.0, ""throughput_norm"": 0.54, ""drop_rate_norm"": 0.88}, ""score"": 0.36, ""schedule_file"": ""model_schedules_rsybys_4x.yaml""}"
"{""timestamp"": ""2026-01-05 12:50:18"", ""window_sec"": 30.0, ""combination"": ""combination_3"", ""models"": {""view1"": {""model"": ""resnet50_small"", ""execution"": ""CPU"", ""throughput_fps"": 6.45, ""avg_inference_time_ms"": 154.95, ""inference_count"": 183, ""avg_wait_to_preprocess_ms"": 0.0, ""dropped_frames_due_to_full_queue"": 0}, ""view2"": {""model"": ""yolov3_big"", ""execution"": ""CPU"", ""throughput_fps"": 1.04, ""avg_inference_time_ms"": 958.02, ""inference_count"": 29, ""avg_wait_to_preprocess_ms"": 8391.05, ""dropped_frames_due_to_full_queue"": 755}, ""view3"": {""model"": ""yolov3_small"", ""execution"": ""NPU1"", ""throughput_fps"": 8.87, ""avg_inference_time_ms"": 112.76, ""inference_count"": 93, ""avg_wait_to_preprocess_ms"": 1517.37, ""dropped_frames_due_to_full_queue"": 598}}, ""total"": {""total_throughput_fps"": 16.37, ""avg_throughput_fps"": 5.46}, ""devices"": {""npu1"": {""queue_wait_ms_p95"": 0.0, ""t_preload_ms"": 464.87}, ""cpu"": {""queue_wait_ms_p95"": 8391.05}}, ""derived"": {""drop_rate_fps"": 45.1, ""drop_count"": 1353, ""window_sec"": 30.0, ""throughput_norm"": 0.51, ""drop_rate_norm"": 0.88}, ""score"": 0.33, ""schedule_file"": ""model_schedules_rsybys_4x.yaml""}"
"{""timestamp"": ""2026-01-05 12:50:49"", ""window_sec"": 30.0, ""combination"": ""combination_4"", ""models"": {""view1"": {""model"": ""resnet50_small"", ""execution"": ""CPU"", ""throughput_fps"": 6.48, ""avg_inference_time_ms"": 154.22, ""inference_count"": 183, ""avg_wait_to_preprocess_ms"": 0.0, ""dropped_frames_due_to_full_queue"": 0}, ""view2"": {""model"": ""yolov3_big"", ""execution"": ""NPU0"", ""throughput_fps"": 7.38, ""avg_inference_time_ms"": 135.41, ""inference_count"": 80, ""avg_wait_to_preprocess_ms"": 1756.85, ""dropped_frames_due_to_full_queue"": 630}, ""view3"": {""model"": ""yolov3_small"", ""execution"": ""CPU"", ""throughput_fps"": 1.0, ""avg_inference_time_ms"": 997.96, ""inference_count"": 28, ""avg_wait_to_preprocess_ms"": 8617.54, ""dropped_frames_due_to_full_queue"": 762}}, ""total"": {""total_throughput_fps"": 14.87, ""avg_throughput_fps"": 4.96}, ""devices"": {""npu0"": {""queue_wait_ms_p95"": 0.0, ""t_preload_ms"": 33.52}, ""cpu"": {""queue_wait_ms_p95"": 8617.54}}, ""derived"": {""drop_rate_fps"": 46.4, ""drop_count"": 1392, ""window_sec"": 30.0, ""throughput_norm"": 0.46, ""drop_rate_norm"": 0.91}, ""score"": 0.28, ""schedule_file"": ""model_schedules_rsybys_4x.yaml""}"
"{""timestamp"": ""2026-01-05 12:51:20"", ""window_sec"": 30.0, ""combination"": ""combination_5"", ""models"": {""view1"": {""model"": ""resnet50_small"", ""execution"": ""CPU"", ""throughput_fps"": 7.49, ""avg_inference_time_ms"": 133.46, ""inference_count"": 211, ""avg_wait_to_preprocess_ms"": 0.0, ""dropped_frames_due_to_full_queue"": 0}, ""view2"": {""model"": ""yolov3_big"", ""execution"": ""NPU0"", ""throughput_fps"": 8.36, ""avg_inference_time_ms"": 119.64, ""inference_count"": 96, ""avg_wait_to_preprocess_ms"": 1479.94, ""dropped_frames_due_to_full_queue"": 579}, ""view3"": {""model"": ""yolov3_small"", ""execution"": ""NPU1"", ""throughput_fps"": 8.84, ""avg_inference_time_ms"": 113.16, ""inference_count"": 94, ""avg_wait_to_preprocess_ms"": 1510.38, ""dropped_frames_due_to_full_queue"": 582}}, ""total"": {""total_throughput_fps"": 24.69, ""avg_throughput_fps"": 8.23}, ""devices"": {""npu1"": {""queue_wait_ms_p95"": 0.0, ""t_preload_ms"": 464.87}, ""npu0"": {""queue_wait_ms_p95"": 0.0, ""t_preload_ms"": 33.52}, ""cpu"": {""queue_wait_ms_p95"": 0.0}}, ""derived"": {""drop_rate_fps"": 38.7, ""drop_count"": 1161, ""window_sec"": 30.0, ""throughput_norm"": 0.77, ""drop_rate_norm"": 0.76}, ""score"": 0.62, ""schedule_file"": ""model_schedules_rsybys_4x.yaml""}"
"{""timestamp"": ""2026-01-05 12:51:51"", ""window_sec"": 30.0, ""combination"": ""combination_6"", ""models"": {""view1"": {""model"": ""resnet50_small"", ""execution"": ""CPU"", ""throughput_fps"": 6.29, ""avg_inference_time_ms"": 158.94, ""inference_count"": 177, ""avg_wait_to_preprocess_ms"": 0.0, ""dropped_frames_due_to_full_queue"": 0}, ""view2"": {""model"": ""yolov3_big"", ""execution"": ""NPU1"", ""throughput_fps"": 6.91, ""avg_inference_time_ms"": 144.66, ""inference_count"": 75, ""avg_wait_to_preprocess_ms"": 1885.34, ""dropped_frames_due_to_full_queue"": 592}, ""view3"": {""model"": ""yolov3_small"", ""execution"": ""CPU"", ""throughput_fps"": 1.0, ""avg_inference_time_ms"": 996.92, ""inference_count"": 28, ""avg_wait_to_preprocess_ms"": 8593.43, ""dropped_frames_due_to_full_queue"": 713}}, ""total"": {""total_throughput_fps"": 14.21, ""avg_throughput_fps"": 4.74}, ""devices"": {""npu1"": {""queue_wait_ms_p95"": 0.0, ""t_preload_ms"": 464.87}, ""cpu"": {""queue_wait_ms_p95"": 8593.43}}, ""derived"": {""drop_rate_fps"": 43.5, ""drop_count"": 1305, ""window_sec"": 30.0, ""throughput_norm"": 0.44, ""drop_rate_norm"": 0.85}, ""score"": 0.27, ""schedule_file"": ""model_schedules_rsybys_4x.yaml""}"
"{""timestamp"": ""2026-01-05 12:52:22"", ""window_sec"": 30.0, ""combination"": ""combination_7"", ""models"": {""view1"": {""model"": ""resnet50_small"", ""execution"": ""CPU"", ""throughput_fps"": 7.08, ""avg_inference_time_ms"": 141.18, ""inference_count"": 200, ""avg_wait_to_preprocess_ms"": 0.0, ""dropped_frames_due_to_full_queue"": 0}, ""view2"": {""model"": ""yolov3_big"", ""execution"": ""NPU1"", ""throughput_fps"": 7.17, ""avg_inference_time_ms"": 139.48, ""inference_count"": 79, ""avg_wait_to_preprocess_ms"": 1788.04, ""dropped_frames_due_to_full_queue"": 524}, ""view3"": {""model"": ""yolov3_small"", ""execution"": ""NPU0"", ""throughput_fps"": 10.7, ""avg_inference_time_ms"": 93.42, ""inference_count"": 114, ""avg_wait_to_preprocess_ms"": 1242.55, ""dropped_frames_due_to_full_queue"": 454}}, ""total"": {""total_throughput_fps"": 24.96, ""avg_throughput_fps"": 8.32}, ""devices"": {""npu1"": {""queue_wait_ms_p95"": 0.0, ""t_preload_ms"": 464.87}, ""npu0"": {""queue_wait_ms_p95"": 0.0, ""t_preload_ms"": 33.52}, ""cpu"": {""queue_wait_ms_p95"": 0.0}}, ""derived"": {""drop_rate_fps"": 32.6, ""drop_count"": 978, ""window_sec"": 30.0, ""throughput_norm"": 0.78, ""drop_rate_norm"": 0.64}, ""score"": 0.65, ""schedule_file"": ""model_schedules_rsybys_4x.yaml""}"
"{""timestamp"": ""2026-01-05 12:52:54"", ""window_sec"": 30.0, ""combination"": ""combination_8"", ""models"": {""view1"": {""model"": ""resnet50_small"", ""execution"": ""NPU0"", ""throughput_fps"": 18.83, ""avg_inference_time_ms"": 53.11, ""inference_count"": 230, ""avg_wait_to_preprocess_ms"": 0.0, ""dropped_frames_due_to_full_queue"": 0}, ""view2"": {""model"": ""yolov3_big"", ""execution"": ""CPU"", ""throughput_fps"": 1.54, ""avg_inference_time_ms"": 648.91, ""inference_count"": 43, ""avg_wait_to_preprocess_ms"": 5993.75, ""dropped_frames_due_to_full_queue"": 625}, ""view3"": {""model"": ""yolov3_small"", ""execution"": ""CPU"", ""throughput_fps"": 1.57, ""avg_inference_time_ms"": 635.17, ""inference_count"": 44, ""avg_wait_to_preprocess_ms"": 5908.47, ""dropped_frames_due_to_full_queue"": 624}}, ""total"": {""total_throughput_fps"": 21.94, ""avg_throughput_fps"": 7.31}, ""devices"": {""npu0"": {""queue_wait_ms_p95"": 0.0, ""t_preload_ms"": 33.52}, ""cpu"": {""queue_wait_ms_p95"": 5993.75}}, ""derived"": {""drop_rate_fps"": 41.6333, ""drop_count"": 1249, ""window_sec"": 30.0, ""throughput_norm"": 0.68, ""drop_rate_norm"": 0.81}, ""score"": 0.52, ""schedule_file"": ""model_schedules_rsybys_4x.yaml""}"
"{""timestamp"": ""2026-01-05 12:53:24"", ""window_sec"": 30.0, ""combination"": ""combination_9"", ""models"": {""view1"": {""model"": ""resnet50_small"", ""execution"": ""NPU0"", ""throughput_fps"": 19.69, ""avg_inference_time_ms"": 50.79, ""inference_count"": 229, ""avg_wait_to_preprocess_ms"": 0.0, ""dropped_frames_due_to_full_queue"": 0}, ""view2"": {""model"": ""yolov3_big"", ""execution"": ""CPU"", ""throughput_fps"": 1.98, ""avg_inference_time_ms"": 505.24, ""inference_count"": 55, ""avg_wait_to_preprocess_ms"": 4792.82, ""dropped_frames_due_to_full_queue"": 639}, ""view3"": {""model"": ""yolov3_small"", ""execution"": ""NPU1"", ""throughput_fps"": 10.4, ""avg_inference_time_ms"": 96.11, ""inference_count"": 118, ""avg_wait_to_preprocess_ms"": 1200.44, ""dropped_frames_due_to_full_queue"": 459}}, ""total"": {""total_throughput_fps"": 32.07, ""avg_throughput_fps"": 10.69}, ""devices"": {""npu1"": {""queue_wait_ms_p95"": 0.0, ""t_preload_ms"": 464.87}, ""npu0"": {""queue_wait_ms_p95"": 0.0, ""t_preload_ms"": 33.52}, ""cpu"": {""queue_wait_ms_p95"": 4792.82}}, ""derived"": {""drop_rate_fps"": 36.6, ""drop_count"": 1098, ""window_sec"": 30.0, ""throughput_norm"": 1.0, ""drop_rate_norm"": 0.72}, ""score"": 0.86, ""schedule_file"": ""model_schedules_rsybys_4x.yaml""}"
"{""timestamp"": ""2026-01-05 12:53:59"", ""window_sec"": 30.0, ""combination"": ""combination_1"", ""models"": {""view1"": {""model"": ""yolov3_big"", ""execution"": ""CPU"", ""throughput_fps"": 5.06, ""avg_inference_time_ms"": 197.47, ""inference_count"": 140, ""avg_wait_to_preprocess_ms"": 1691.67, ""dropped_frames_due_to_full_queue"": 53}}, ""total"": {""total_throughput_fps"": 5.06, ""avg_throughput_fps"": 5.06}, ""devices"": {""cpu"": {""queue_wait_ms_p95"": 1691.67}}, ""derived"": {""drop_rate_fps"": 1.7667, ""drop_count"": 53, ""window_sec"": 30.0, ""throughput_norm"": 0.52, ""drop_rate_norm"": 0.57}, ""score"": 0.41, ""schedule_file"": ""model_schedules_yb.yaml""}"
"{""timestamp"": ""2026-01-05 12:54:30"", ""window_sec"": 30.0, ""combination"": ""combination_2"", ""models"": {""view1"": {""model"": ""yolov3_big"", ""execution"": ""NPU0"", ""throughput_fps"": 9.6, ""avg_inference_time_ms"": 104.14, ""inference_count"": 258, ""avg_wait_to_preprocess_ms"": 1085.98, ""dropped_frames_due_to_full_queue"": 61}}, ""total"": {""total_throughput_fps"": 9.6, ""avg_throughput_fps"": 9.6}, ""devices"": {""npu0"": {""queue_wait_ms_p95"": 0.0, ""t_preload_ms"": 33.52}}, ""derived"": {""drop_rate_fps"": 2.0333, ""drop_count"": 61, ""window_sec"": 30.0, ""throughput_norm"": 0.99, ""drop_rate_norm"": 0.66}, ""score"": 0.86, ""schedule_file"": ""model_schedules_yb.yaml""}"
"{""timestamp"": ""2026-01-05 12:55:01"", ""window_sec"": 30.0, ""combination"": ""combination_3"", ""models"": {""view1"": {""model"": ""yolov3_big"", ""execution"": ""NPU1"", ""throughput_fps"": 9.71, ""avg_inference_time_ms"": 103.02, ""inference_count"": 121, ""avg_wait_to_preprocess_ms"": 1170.21, ""dropped_frames_due_to_full_queue"": 93}}, ""total"": {""total_throughput_fps"": 9.71, ""avg_throughput_fps"": 9.71}, ""devices"": {""npu1"": {""queue_wait_ms_p95"": 0.0, ""t_preload_ms"": 464.87}}, ""derived"": {""drop_rate_fps"": 3.1, ""drop_count"": 93, ""window_sec"": 30.0, ""throughput_norm"": 1.0, ""drop_rate_norm"": 1.0}, ""score"": 0.8, ""schedule_file"": ""model_schedules_yb.yaml""}"
"{""timestamp"": ""2026-01-05 12:55:36"", ""window_sec"": 30.0, ""combination"": ""combination_1"", ""models"": {""view1"": {""model"": ""yolov3_big"", ""execution"": ""CPU"", ""throughput_fps"": 5.15, ""avg_inference_time_ms"": 194.29, ""inference_count"": 143, ""avg_wait_to_preprocess_ms"": 1933.62, ""dropped_frames_due_to_full_queue"": 387}}, ""total"": {""total_throughput_fps"": 5.15, ""avg_throughput_fps"": 5.15}, ""devices"": {""cpu"": {""queue_wait_ms_p95"": 1933.62}}, ""derived"": {""drop_rate_fps"": 12.9, ""drop_count"": 387, ""window_sec"": 30.0, ""throughput_norm"": 0.53, ""drop_rate_norm"": 1.0}, ""score"": 0.33, ""schedule_file"": ""model_schedules_yb_2x.yaml""}"
"{""timestamp"": ""2026-01-05 12:56:07"", ""window_sec"": 30.0, ""combination"": ""combination_2"", ""models"": {""view1"": {""model"": ""yolov3_big"", ""execution"": ""NPU0"", ""throughput_fps"": 9.66, ""avg_inference_time_ms"": 103.5, ""inference_count"": 258, ""avg_wait_to_preprocess_ms"": 1100.32, ""dropped_frames_due_to_full_queue"": 327}}, ""total"": {""total_throughput_fps"": 9.66, ""avg_throughput_fps"": 9.66}, ""devices"": {""npu0"": {""queue_wait_ms_p95"": 0.0, ""t_preload_ms"": 33.52}}, ""derived"": {""drop_rate_fps"": 10.9, ""drop_count"": 327, ""window_sec"": 30.0, ""throughput_norm"": 0.99, ""drop_rate_norm"": 0.84}, ""score"": 0.82, ""schedule_file"": ""model_schedules_yb_2x.yaml""}"
"{""timestamp"": ""2026-01-05 12:56:38"", ""window_sec"": 30.0, ""combination"": ""combination_3"", ""models"": {""view1"": {""model"": ""yolov3_big"", ""execution"": ""NPU1"", ""throughput_fps"": 9.77, ""avg_inference_time_ms"": 102.39, ""inference_count"": 121, ""avg_wait_to_preprocess_ms"": 1169.54, ""dropped_frames_due_to_full_queue"": 359}}, ""total"": {""total_throughput_fps"": 9.77, ""avg_throughput_fps"": 9.77}, ""devices"": {""npu1"": {""queue_wait_ms_p95"": 0.0, ""t_preload_ms"": 464.87}}, ""derived"": {""drop_rate_fps"": 11.9667, ""drop_count"": 359, ""window_sec"": 30.0, ""throughput_norm"": 1.0, ""drop_rate_norm"": 0.93}, ""score"": 0.81, ""schedule_file"": ""model_schedules_yb_2x.yaml""}"
"{""timestamp"": ""2026-01-05 12:58:50"", ""window_sec"": 30.0, ""combination"": ""combination_1"", ""models"": {""view1"": {""model"": ""yolov3_big"", ""execution"": ""CPU"", ""throughput_fps"": 5.06, ""avg_inference_time_ms"": 197.6, ""inference_count"": 140, ""avg_wait_to_preprocess_ms"": 1994.85, ""dropped_frames_due_to_full_queue"": 548}}, ""total"": {""total_throughput_fps"": 5.06, ""avg_throughput_fps"": 5.06}, ""devices"": {""cpu"": {""queue_wait_ms_p95"": 1994.85}}, ""derived"": {""drop_rate_fps"": 18.2667, ""drop_count"": 548, ""window_sec"": 30.0, ""throughput_norm"": 0.52, ""drop_rate_norm"": 0.9}, ""score"": 0.34, ""schedule_file"": ""model_schedules_yb_4x.yaml""}"
"{""timestamp"": ""2026-01-05 12:59:21"", ""window_sec"": 30.0, ""combination"": ""combination_2"", ""models"": {""view1"": {""model"": ""yolov3_big"", ""execution"": ""NPU0"", ""throughput_fps"": 9.66, ""avg_inference_time_ms"": 103.53, ""inference_count"": 258, ""avg_wait_to_preprocess_ms"": 1106.55, ""dropped_frames_due_to_full_queue"": 594}}, ""total"": {""total_throughput_fps"": 9.66, ""avg_throughput_fps"": 9.66}, ""devices"": {""npu0"": {""queue_wait_ms_p95"": 0.0, ""t_preload_ms"": 33.52}}, ""derived"": {""drop_rate_fps"": 19.8, ""drop_count"": 594, ""window_sec"": 30.0, ""throughput_norm"": 0.99, ""drop_rate_norm"": 0.97}, ""score"": 0.8, ""schedule_file"": ""model_schedules_yb_4x.yaml""}"
"{""timestamp"": ""2026-01-05 12:59:52"", ""window_sec"": 30.0, ""combination"": ""combination_3"", ""models"": {""view1"": {""model"": ""yolov3_big"", ""execution"": ""NPU1"", ""throughput_fps"": 9.77, ""avg_inference_time_ms"": 102.39, ""inference_count"": 121, ""avg_wait_to_preprocess_ms"": 1176.45, ""dropped_frames_due_to_full_queue"": 610}}, ""total"": {""total_throughput_fps"": 9.77, ""avg_throughput_fps"": 9.77}, ""devices"": {""npu1"": {""queue_wait_ms_p95"": 0.0, ""t_preload_ms"": 464.87}}, ""derived"": {""drop_rate_fps"": 20.3333, ""drop_count"": 610, ""window_sec"": 30.0, ""throughput_norm"": 1.0, ""drop_rate_norm"": 1.0}, ""score"": 0.8, ""schedule_file"": ""model_schedules_yb_4x.yaml""}"
"{""timestamp"": ""2026-01-05 13:00:27"", ""window_sec"": 30.0, ""combination"": ""combination_1"", ""models"": {""view1"": {""model"": ""yolov3_big"", ""execution"": ""CPU"", ""throughput_fps"": 2.02, ""avg_inference_time_ms"": 493.96, ""inference_count"": 56, ""avg_wait_to_preprocess_ms"": 4711.57, ""dropped_frames_due_to_full_queue"": 722}, ""view2"": {""model"": ""yolov3_small"", ""execution"": ""CPU"", ""throughput_fps"": 2.03, ""avg_inference_time_ms"": 493.69, ""inference_count"": 56, ""avg_wait_to_preprocess_ms"": 4700.88, ""dropped_frames_due_to_full_queue"": 722}}, ""total"": {""total_throughput_fps"": 4.05, ""avg_throughput_fps"": 2.03}, ""devices"": {""cpu"": {""queue_wait_ms_p95"": 4711.57}}, ""derived"": {""drop_rate_fps"": 48.1333, ""drop_count"": 1444, ""window_sec"": 30.0, ""throughput_norm"": 0.17, ""drop_rate_norm"": 1.0}, ""score"": -0.03, ""schedule_file"": ""model_schedules_ybys.yaml""}"
"{""timestamp"": ""2026-01-05 13:00:58"", ""window_sec"": 30.0, ""combination"": ""combination_2"", ""models"": {""view1"": {""model"": ""yolov3_big"", ""execution"": ""CPU"", ""throughput_fps"": 2.98, ""avg_inference_time_ms"": 335.53, ""inference_count"": 83, ""avg_wait_to_preprocess_ms"": 3329.59, ""dropped_frames_due_to_full_queue"": 682}, ""view2"": {""model"": ""yolov3_small"", ""execution"": ""NPU0"", ""throughput_fps"": 12.11, ""avg_inference_time_ms"": 82.6, ""inference_count"": 132, ""avg_wait_to_preprocess_ms"": 1079.73, ""dropped_frames_due_to_full_queue"": 398}}, ""total"": {""total_throughput_fps"": 15.09, ""avg_throughput_fps"": 7.54}, ""devices"": {""cpu"": {""queue_wait_ms_p95"": 3329.59}, ""npu0"": {""queue_wait_ms_p95"": 0.0, ""t_preload_ms"": 33.52}}, ""derived"": {""drop_rate_fps"": 36.0, ""drop_count"": 1080, ""window_sec"": 30.0, ""throughput_norm"": 0.64, ""drop_rate_norm"": 0.75}, ""score"": 0.49, ""schedule_file"": ""model_schedules_ybys.yaml""}"
"{""timestamp"": ""2026-01-05 13:01:29"", ""window_sec"": 30.0, ""combination"": ""combination_3"", ""models"": {""view1"": {""model"": ""yolov3_big"", ""execution"": ""CPU"", ""throughput_fps"": 3.13, ""avg_inference_time_ms"": 319.22, ""inference_count"": 87, ""avg_wait_to_preprocess_ms"": 3171.31, ""dropped_frames_due_to_full_queue"": 681}, ""view2"": {""model"": ""yolov3_small"", ""execution"": ""NPU1"", ""throughput_fps"": 10.64, ""avg_inference_time_ms"": 93.96, ""inference_count"": 117, ""avg_wait_to_preprocess_ms"": 1216.86, ""dropped_frames_due_to_full_queue"": 429}}, ""total"": {""total_throughput_fps"": 13.78, ""avg_throughput_fps"": 6.89}, ""devices"": {""cpu"": {""queue_wait_ms_p95"": 3171.31}, ""npu1"": {""queue_wait_ms_p95"": 0.0, ""t_preload_ms"": 464.87}}, ""derived"": {""drop_rate_fps"": 37.0, ""drop_count"": 1110, ""window_sec"": 30.0, ""throughput_norm"": 0.59, ""drop_rate_norm"": 0.77}, ""score"": 0.44, ""schedule_file"": ""model_schedules_ybys.yaml""}"
"{""timestamp"": ""2026-01-05 13:02:00"", ""window_sec"": 30.0, ""combination"": ""combination_4"", ""models"": {""view1"": {""model"": ""yolov3_big"", ""execution"": ""NPU0"", ""throughput_fps"": 9.25, ""avg_inference_time_ms"": 108.09, ""inference_count"": 108, ""avg_wait_to_preprocess_ms"": 1321.73, ""dropped_frames_due_to_full_queue"": 477}, ""view2"": {""model"": ""yolov3_small"", ""execution"": ""CPU"", ""throughput_fps"": 3.38, ""avg_inference_time_ms"": 295.81, ""inference_count"": 94, ""avg_wait_to_preprocess_ms"": 2960.25, ""dropped_frames_due_to_full_queue"": 660}}, ""total"": {""total_throughput_fps"": 12.63, ""avg_throughput_fps"": 6.32}, ""devices"": {""cpu"": {""queue_wait_ms_p95"": 2960.25}, ""npu0"": {""queue_wait_ms_p95"": 0.0, ""t_preload_ms"": 33.52}}, ""derived"": {""drop_rate_fps"": 37.9, ""drop_count"": 1137, ""window_sec"": 30.0, ""throughput_norm"": 0.54, ""drop_rate_norm"": 0.79}, ""score"": 0.38, ""schedule_file"": ""model_schedules_ybys.yaml""}"
"{""timestamp"": ""2026-01-05 13:02:31"", ""window_sec"": 30.0, ""combination"": ""combination_5"", ""models"": {""view1"": {""model"": ""yolov3_big"", ""execution"": ""NPU0"", ""throughput_fps"": 0.0, ""avg_inference_time_ms"": 0.0, ""inference_count"": 0, ""avg_wait_to_preprocess_ms"": 0.0, ""dropped_frames_due_to_full_queue"": 849}, ""view2"": {""model"": ""yolov3_small"", ""execution"": ""NPU1"", ""throughput_fps"": 13.26, ""avg_inference_time_ms"": 75.42, ""inference_count"": 157, ""avg_wait_to_preprocess_ms"": 907.15, ""dropped_frames_due_to_full_queue"": 376}}, ""total"": {""total_throughput_fps"": 13.26, ""avg_throughput_fps"": 6.63}, ""devices"": {""npu1"": {""queue_wait_ms_p95"": 0.0, ""t_preload_ms"": 464.87}, ""npu0"": {""queue_wait_ms_p95"": 0.0, ""t_preload_ms"": 33.52}}, ""derived"": {""drop_rate_fps"": 40.8333, ""drop_count"": 1225, ""window_sec"": 30.0, ""throughput_norm"": 0.56, ""drop_rate_norm"": 0.85}, ""score"": 0.39, ""schedule_file"": ""model_schedules_ybys.yaml""}"
"{""timestamp"": ""2026-01-05 13:03:02"", ""window_sec"": 30.0, ""combination"": ""combination_6"", ""models"": {""view1"": {""model"": ""yolov3_big"", ""execution"": ""NPU1"", ""throughput_fps"": 8.39, ""avg_inference_time_ms"": 119.25, ""inference_count"": 97, ""avg_wait_to_preprocess_ms"": 1472.19, ""dropped_frames_due_to_full_queue"": 508}, ""view2"": {""model"": ""yolov3_small"", ""execution"": ""CPU"", ""throughput_fps"": 3.53, ""avg_inference_time_ms"": 283.36, ""inference_count"": 98, ""avg_wait_to_preprocess_ms"": 2828.94, ""dropped_frames_due_to_full_queue"": 660}}, ""total"": {""total_throughput_fps"": 11.91, ""avg_throughput_fps"": 5.96}, ""devices"": {""cpu"": {""queue_wait_ms_p95"": 2828.94}, ""npu1"": {""queue_wait_ms_p95"": 0.0, ""t_preload_ms"": 464.87}}, ""derived"": {""drop_rate_fps"": 38.9333, ""drop_count"": 1168, ""window_sec"": 30.0, ""throughput_norm"": 0.51, ""drop_rate_norm"": 0.81}, ""score"": 0.35, ""schedule_file"": ""model_schedules_ybys.yaml""}"
"{""timestamp"": ""2026-01-05 13:03:33"", ""window_sec"": 30.0, ""combination"": ""combination_7"", ""models"": {""view1"": {""model"": ""yolov3_big"", ""execution"": ""NPU1"", ""throughput_fps"": 9.38, ""avg_inference_time_ms"": 106.58, ""inference_count"": 114, ""avg_wait_to_preprocess_ms"": 1246.09, ""dropped_frames_due_to_full_queue"": 496}, ""view2"": {""model"": ""yolov3_small"", ""execution"": ""NPU0"", ""throughput_fps"": 14.09, ""avg_inference_time_ms"": 71.0, ""inference_count"": 163, ""avg_wait_to_preprocess_ms"": 873.22, ""dropped_frames_due_to_full_queue"": 363}}, ""total"": {""total_throughput_fps"": 23.47, ""avg_throughput_fps"": 11.73}, ""devices"": {""npu1"": {""queue_wait_ms_p95"": 0.0, ""t_preload_ms"": 464.87}, ""npu0"": {""queue_wait_ms_p95"": 0.0, ""t_preload_ms"": 33.52}}, ""derived"": {""drop_rate_fps"": 28.6333, ""drop_count"": 859, ""window_sec"": 30.0, ""throughput_norm"": 1.0, ""drop_rate_norm"": 0.59}, ""score"": 0.88, ""schedule_file"": ""model_schedules_ybys.yaml""}"
"{""timestamp"": ""2026-01-05 13:04:08"", ""window_sec"": 30.0, ""combination"": ""combination_1"", ""models"": {""view1"": {""model"": ""yolov3_big"", ""execution"": ""CPU"", ""throughput_fps"": 2.0, ""avg_inference_time_ms"": 500.57, ""inference_count"": 55, ""avg_wait_to_preprocess_ms"": 4808.12, ""dropped_frames_due_to_full_queue"": 746}, ""view2"": {""model"": ""yolov3_small"", ""execution"": ""CPU"", ""throughput_fps"": 1.85, ""avg_inference_time_ms"": 540.92, ""inference_count"": 51, ""avg_wait_to_preprocess_ms"": 5144.39, ""dropped_frames_due_to_full_queue"": 750}}, ""total"": {""total_throughput_fps"": 3.85, ""avg_throughput_fps"": 1.92}, ""devices"": {""cpu"": {""queue_wait_ms_p95"": 5144.39}}, ""derived"": {""drop_rate_fps"": 49.8667, ""drop_count"": 1496, ""window_sec"": 30.0, ""throughput_norm"": 0.16, ""drop_rate_norm"": 1.0}, ""score"": -0.04, ""schedule_file"": ""model_schedules_ybys_2x.yaml""}"
"{""timestamp"": ""2026-01-05 13:04:39"", ""window_sec"": 30.0, ""combination"": ""combination_2"", ""models"": {""view1"": {""model"": ""yolov3_big"", ""execution"": ""CPU"", ""throughput_fps"": 2.84, ""avg_inference_time_ms"": 352.55, ""inference_count"": 79, ""avg_wait_to_preprocess_ms"": 3448.64, ""dropped_frames_due_to_full_queue"": 735}, ""view2"": {""model"": ""yolov3_small"", ""execution"": ""NPU0"", ""throughput_fps"": 12.07, ""avg_inference_time_ms"": 82.88, ""inference_count"": 132, ""avg_wait_to_preprocess_ms"": 1083.92, ""dropped_frames_due_to_full_queue"": 551}}, ""total"": {""total_throughput_fps"": 14.9, ""avg_throughput_fps"": 7.45}, ""devices"": {""npu0"": {""queue_wait_ms_p95"": 0.0, ""t_preload_ms"": 33.52}, ""cpu"": {""queue_wait_ms_p95"": 3448.64}}, ""derived"": {""drop_rate_fps"": 42.8667, ""drop_count"": 1286, ""window_sec"": 30.0, ""throughput_norm"": 0.63, ""drop_rate_norm"": 0.86}, ""score"": 0.46, ""schedule_file"": ""model_schedules_ybys_2x.yaml""}"
"{""timestamp"": ""2026-01-05 13:05:10"", ""window_sec"": 30.0, ""combination"": ""combination_3"", ""models"": {""view1"": {""model"": ""yolov3_big"", ""execution"": ""CPU"", ""throughput_fps"": 3.12, ""avg_inference_time_ms"": 320.57, ""inference_count"": 87, ""avg_wait_to_preprocess_ms"": 3188.21, ""dropped_frames_due_to_full_queue"": 721}, ""view2"": {""model"": ""yolov3_small"", ""execution"": ""NPU1"", ""throughput_fps"": 10.43, ""avg_inference_time_ms"": 95.87, ""inference_count"": 116, ""avg_wait_to_preprocess_ms"": 1225.92, ""dropped_frames_due_to_full_queue"": 576}}, ""total"": {""total_throughput_fps"": 13.55, ""avg_throughput_fps"": 6.78}, ""devices"": {""npu1"": {""queue_wait_ms_p95"": 0.0, ""t_preload_ms"": 464.87}, ""cpu"": {""queue_wait_ms_p95"": 3188.21}}, ""derived"": {""drop_rate_fps"": 43.2333, ""drop_count"": 1297, ""window_sec"": 30.0, ""throughput_norm"": 0.57, ""drop_rate_norm"": 0.87}, ""score"": 0.4, ""schedule_file"": ""model_schedules_ybys_2x.yaml""}"
"{""timestamp"": ""2026-01-05 13:05:41"", ""window_sec"": 30.0, ""combination"": ""combination_4"", ""models"": {""view1"": {""model"": ""yolov3_big"", ""execution"": ""NPU0"", ""throughput_fps"": 9.26, ""avg_inference_time_ms"": 108.01, ""inference_count"": 108, ""avg_wait_to_preprocess_ms"": 1327.24, ""dropped_frames_due_to_full_queue"": 601}, ""view2"": {""model"": ""yolov3_small"", ""execution"": ""CPU"", ""throughput_fps"": 3.28, ""avg_inference_time_ms"": 304.49, ""inference_count"": 91, ""avg_wait_to_preprocess_ms"": 3050.39, ""dropped_frames_due_to_full_queue"": 725}}, ""total"": {""total_throughput_fps"": 12.54, ""avg_throughput_fps"": 6.27}, ""devices"": {""npu0"": {""queue_wait_ms_p95"": 0.0, ""t_preload_ms"": 33.52}, ""cpu"": {""queue_wait_ms_p95"": 3050.39}}, ""derived"": {""drop_rate_fps"": 44.2, ""drop_count"": 1326, ""window_sec"": 30.0, ""throughput_norm"": 0.53, ""drop_rate_norm"": 0.89}, ""score"": 0.35, ""schedule_file"": ""model_schedules_ybys_2x.yaml""}"
"{""timestamp"": ""2026-01-05 13:06:12"", ""window_sec"": 30.0, ""combination"": ""combination_5"", ""models"": {""view1"": {""model"": ""yolov3_big"", ""execution"": ""NPU0"", ""throughput_fps"": 10.5, ""avg_inference_time_ms"": 95.23, ""inference_count"": 130, ""avg_wait_to_preprocess_ms"": 1096.14, ""dropped_frames_due_to_full_queue"": 592}, ""view2"": {""model"": ""yolov3_small"", ""execution"": ""NPU1"", ""throughput_fps"": 0.0, ""avg_inference_time_ms"": 0.0, ""inference_count"": 0, ""avg_wait_to_preprocess_ms"": 0.0, ""dropped_frames_due_to_full_queue"": 852}}, ""total"": {""total_throughput_fps"": 10.5, ""avg_throughput_fps"": 5.25}, ""devices"": {""npu0"": {""queue_wait_ms_p95"": 0.0, ""t_preload_ms"": 33.52}, ""npu1"": {""queue_wait_ms_p95"": 0.0, ""t_preload_ms"": 464.87}}, ""derived"": {""drop_rate_fps"": 48.1333, ""drop_count"": 1444, ""window_sec"": 30.0, ""throughput_norm"": 0.44, ""drop_rate_norm"": 0.97}, ""score"": 0.25, ""schedule_file"": ""model_schedules_ybys_2x.yaml""}"
"{""timestamp"": ""2026-01-05 13:06:43"", ""window_sec"": 30.0, ""combination"": ""combination_6"", ""models"": {""view1"": {""model"": ""yolov3_big"", ""execution"": ""NPU1"", ""throughput_fps"": 8.75, ""avg_inference_time_ms"": 114.23, ""inference_count"": 102, ""avg_wait_to_preprocess_ms"": 1402.33, ""dropped_frames_due_to_full_queue"": 618}, ""view2"": {""model"": ""yolov3_small"", ""execution"": ""CPU"", ""throughput_fps"": 3.53, ""avg_inference_time_ms"": 283.48, ""inference_count"": 98, ""avg_wait_to_preprocess_ms"": 2833.34, ""dropped_frames_due_to_full_queue"": 723}}, ""total"": {""total_throughput_fps"": 12.28, ""avg_throughput_fps"": 6.14}, ""devices"": {""npu1"": {""queue_wait_ms_p95"": 0.0, ""t_preload_ms"": 464.87}, ""cpu"": {""queue_wait_ms_p95"": 2833.34}}, ""derived"": {""drop_rate_fps"": 44.7, ""drop_count"": 1341, ""window_sec"": 30.0, ""throughput_norm"": 0.52, ""drop_rate_norm"": 0.9}, ""score"": 0.34, ""schedule_file"": ""model_schedules_ybys_2x.yaml""}"
"{""timestamp"": ""2026-01-05 13:07:14"", ""window_sec"": 30.0, ""combination"": ""combination_7"", ""models"": {""view1"": {""model"": ""yolov3_big"", ""execution"": ""NPU1"", ""throughput_fps"": 9.49, ""avg_inference_time_ms"": 105.33, ""inference_count"": 115, ""avg_wait_to_preprocess_ms"": 1239.13, ""dropped_frames_due_to_full_queue"": 614}, ""view2"": {""model"": ""yolov3_small"", ""execution"": ""NPU0"", ""throughput_fps"": 14.28, ""avg_inference_time_ms"": 70.02, ""inference_count"": 165, ""avg_wait_to_preprocess_ms"": 862.02, ""dropped_frames_due_to_full_queue"": 514}}, ""total"": {""total_throughput_fps"": 23.78, ""avg_throughput_fps"": 11.89}, ""devices"": {""npu0"": {""queue_wait_ms_p95"": 0.0, ""t_preload_ms"": 33.52}, ""npu1"": {""queue_wait_ms_p95"": 0.0, ""t_preload_ms"": 464.87}}, ""derived"": {""drop_rate_fps"": 37.6, ""drop_count"": 1128, ""window_sec"": 30.0, ""throughput_norm"": 1.0, ""drop_rate_norm"": 0.75}, ""score"": 0.85, ""schedule_file"": ""model_schedules_ybys_2x.yaml""}"
"{""timestamp"": ""2026-01-05 13:11:30"", ""window_sec"": 30.0, ""combination"": ""combination_1"", ""models"": {""view1"": {""model"": ""yolov3_big"", ""execution"": ""CPU"", ""throughput_fps"": 2.06, ""avg_inference_time_ms"": 485.14, ""inference_count"": 57, ""avg_wait_to_preprocess_ms"": 4660.0, ""dropped_frames_due_to_full_queue"": 746}, ""view2"": {""model"": ""yolov3_small"", ""execution"": ""CPU"", ""throughput_fps"": 2.02, ""avg_inference_time_ms"": 496.26, ""inference_count"": 56, ""avg_wait_to_preprocess_ms"": 4764.82, ""dropped_frames_due_to_full_queue"": 747}}, ""total"": {""total_throughput_fps"": 4.08, ""avg_throughput_fps"": 2.04}, ""devices"": {""cpu"": {""queue_wait_ms_p95"": 4764.82}}, ""derived"": {""drop_rate_fps"": 49.7667, ""drop_count"": 1493, ""window_sec"": 30.0, ""throughput_norm"": 0.17, ""drop_rate_norm"": 1.0}, ""score"": -0.03, ""schedule_file"": ""model_schedules_ybys_4x.yaml""}"
"{""timestamp"": ""2026-01-05 13:12:01"", ""window_sec"": 30.0, ""combination"": ""combination_2"", ""models"": {""view1"": {""model"": ""yolov3_big"", ""execution"": ""CPU"", ""throughput_fps"": 3.07, ""avg_inference_time_ms"": 325.47, ""inference_count"": 85, ""avg_wait_to_preprocess_ms"": 3220.48, ""dropped_frames_due_to_full_queue"": 730}, ""view2"": {""model"": ""yolov3_small"", ""execution"": ""NPU0"", ""throughput_fps"": 12.37, ""avg_inference_time_ms"": 80.86, ""inference_count"": 138, ""avg_wait_to_preprocess_ms"": 1032.92, ""dropped_frames_due_to_full_queue"": 540}}, ""total"": {""total_throughput_fps"": 15.44, ""avg_throughput_fps"": 7.72}, ""devices"": {""cpu"": {""queue_wait_ms_p95"": 3220.48}, ""npu0"": {""queue_wait_ms_p95"": 0.0, ""t_preload_ms"": 33.52}}, ""derived"": {""drop_rate_fps"": 42.3333, ""drop_count"": 1270, ""window_sec"": 30.0, ""throughput_norm"": 0.65, ""drop_rate_norm"": 0.85}, ""score"": 0.48, ""schedule_file"": ""model_schedules_ybys_4x.yaml""}"
"{""timestamp"": ""2026-01-05 13:12:32"", ""window_sec"": 30.0, ""combination"": ""combination_3"", ""models"": {""view1"": {""model"": ""yolov3_big"", ""execution"": ""CPU"", ""throughput_fps"": 3.13, ""avg_inference_time_ms"": 319.87, ""inference_count"": 87, ""avg_wait_to_preprocess_ms"": 3156.64, ""dropped_frames_due_to_full_queue"": 729}, ""view2"": {""model"": ""yolov3_small"", ""execution"": ""NPU1"", ""throughput_fps"": 11.48, ""avg_inference_time_ms"": 87.1, ""inference_count"": 129, ""avg_wait_to_preprocess_ms"": 1100.66, ""dropped_frames_due_to_full_queue"": 558}}, ""total"": {""total_throughput_fps"": 14.61, ""avg_throughput_fps"": 7.3}, ""devices"": {""cpu"": {""queue_wait_ms_p95"": 3156.64}, ""npu1"": {""queue_wait_ms_p95"": 0.0, ""t_preload_ms"": 464.87}}, ""derived"": {""drop_rate_fps"": 42.9, ""drop_count"": 1287, ""window_sec"": 30.0, ""throughput_norm"": 0.62, ""drop_rate_norm"": 0.86}, ""score"": 0.45, ""schedule_file"": ""model_schedules_ybys_4x.yaml""}"
"{""timestamp"": ""2026-01-05 13:13:03"", ""window_sec"": 30.0, ""combination"": ""combination_4"", ""models"": {""view1"": {""model"": ""yolov3_big"", ""execution"": ""NPU0"", ""throughput_fps"": 9.29, ""avg_inference_time_ms"": 107.64, ""inference_count"": 110, ""avg_wait_to_preprocess_ms"": 1298.51, ""dropped_frames_due_to_full_queue"": 597}, ""view2"": {""model"": ""yolov3_small"", ""execution"": ""CPU"", ""throughput_fps"": 3.45, ""avg_inference_time_ms"": 290.12, ""inference_count"": 96, ""avg_wait_to_preprocess_ms"": 2894.89, ""dropped_frames_due_to_full_queue"": 720}}, ""total"": {""total_throughput_fps"": 12.74, ""avg_throughput_fps"": 6.37}, ""devices"": {""cpu"": {""queue_wait_ms_p95"": 2894.89}, ""npu0"": {""queue_wait_ms_p95"": 0.0, ""t_preload_ms"": 33.52}}, ""derived"": {""drop_rate_fps"": 43.9, ""drop_count"": 1317, ""window_sec"": 30.0, ""throughput_norm"": 0.54, ""drop_rate_norm"": 0.88}, ""score"": 0.36, ""schedule_file"": ""model_schedules_ybys_4x.yaml""}"
"{""timestamp"": ""2026-01-05 13:13:34"", ""window_sec"": 30.0, ""combination"": ""combination_5"", ""models"": {""view1"": {""model"": ""yolov3_big"", ""execution"": ""NPU0"", ""throughput_fps"": 10.38, ""avg_inference_time_ms"": 96.38, ""inference_count"": 127, ""avg_wait_to_preprocess_ms"": 1121.68, ""dropped_frames_due_to_full_queue"": 592}, ""view2"": {""model"": ""yolov3_small"", ""execution"": ""NPU1"", ""throughput_fps"": 12.9, ""avg_inference_time_ms"": 77.5, ""inference_count"": 152, ""avg_wait_to_preprocess_ms"": 939.31, ""dropped_frames_due_to_full_queue"": 543}}, ""total"": {""total_throughput_fps"": 23.28, ""avg_throughput_fps"": 11.64}, ""devices"": {""npu1"": {""queue_wait_ms_p95"": 0.0, ""t_preload_ms"": 464.87}, ""npu0"": {""queue_wait_ms_p95"": 0.0, ""t_preload_ms"": 33.52}}, ""derived"": {""drop_rate_fps"": 37.8333, ""drop_count"": 1135, ""window_sec"": 30.0, ""throughput_norm"": 0.98, ""drop_rate_norm"": 0.76}, ""score"": 0.83, ""schedule_file"": ""model_schedules_ybys_4x.yaml""}"
"{""timestamp"": ""2026-01-05 13:14:05"", ""window_sec"": 30.0, ""combination"": ""combination_6"", ""models"": {""view1"": {""model"": ""yolov3_big"", ""execution"": ""NPU1"", ""throughput_fps"": 8.66, ""avg_inference_time_ms"": 115.54, ""inference_count"": 102, ""avg_wait_to_preprocess_ms"": 1399.55, ""dropped_frames_due_to_full_queue"": 614}, ""view2"": {""model"": ""yolov3_small"", ""execution"": ""CPU"", ""throughput_fps"": 3.57, ""avg_inference_time_ms"": 279.89, ""inference_count"": 99, ""avg_wait_to_preprocess_ms"": 2805.79, ""dropped_frames_due_to_full_queue"": 718}}, ""total"": {""total_throughput_fps"": 12.23, ""avg_throughput_fps"": 6.11}, ""devices"": {""cpu"": {""queue_wait_ms_p95"": 2805.79}, ""npu1"": {""queue_wait_ms_p95"": 0.0, ""t_preload_ms"": 464.87}}, ""derived"": {""drop_rate_fps"": 44.4, ""drop_count"": 1332, ""window_sec"": 30.0, ""throughput_norm"": 0.52, ""drop_rate_norm"": 0.89}, ""score"": 0.34, ""schedule_file"": ""model_schedules_ybys_4x.yaml""}"
"{""timestamp"": ""2026-01-05 13:14:36"", ""window_sec"": 30.0, ""combination"": ""combination_7"", ""models"": {""view1"": {""model"": ""yolov3_big"", ""execution"": ""NPU1"", ""throughput_fps"": 9.39, ""avg_inference_time_ms"": 106.54, ""inference_count"": 114, ""avg_wait_to_preprocess_ms"": 1247.58, ""dropped_frames_due_to_full_queue"": 614}, ""view2"": {""model"": ""yolov3_small"", ""execution"": ""NPU0"", ""throughput_fps"": 14.27, ""avg_inference_time_ms"": 70.07, ""inference_count"": 165, ""avg_wait_to_preprocess_ms"": 866.84, ""dropped_frames_due_to_full_queue"": 513}}, ""total"": {""total_throughput_fps"": 23.66, ""avg_throughput_fps"": 11.83}, ""devices"": {""npu1"": {""queue_wait_ms_p95"": 0.0, ""t_preload_ms"": 464.87}, ""npu0"": {""queue_wait_ms_p95"": 0.0, ""t_preload_ms"": 33.52}}, ""derived"": {""drop_rate_fps"": 37.5667, ""drop_count"": 1127, ""window_sec"": 30.0, ""throughput_norm"": 1.0, ""drop_rate_norm"": 0.75}, ""score"": 0.85, ""schedule_file"": ""model_schedules_ybys_4x.yaml""}"
"{""timestamp"": ""2026-01-05 13:15:11"", ""window_sec"": 30.0, ""combination"": ""combination_1"", ""models"": {""view1"": {""model"": ""yolov3_small"", ""execution"": ""CPU"", ""throughput_fps"": 5.06, ""avg_inference_time_ms"": 197.61, ""inference_count"": 140, ""avg_wait_to_preprocess_ms"": 1708.6, ""dropped_frames_due_to_full_queue"": 48}}, ""total"": {""total_throughput_fps"": 5.06, ""avg_throughput_fps"": 5.06}, ""devices"": {""cpu"": {""queue_wait_ms_p95"": 1708.6}}, ""derived"": {""drop_rate_fps"": 1.6, ""drop_count"": 48, ""window_sec"": 30.0, ""throughput_norm"": 0.35, ""drop_rate_norm"": 0.35}, ""score"": 0.28, ""schedule_file"": ""model_schedules_ys.yaml""}"
"{""timestamp"": ""2026-01-05 13:15:42"", ""window_sec"": 30.0, ""combination"": ""combination_2"", ""models"": {""view1"": {""model"": ""yolov3_small"", ""execution"": ""NPU0"", ""throughput_fps"": 14.65, ""avg_inference_time_ms"": 68.26, ""inference_count"": 173, ""avg_wait_to_preprocess_ms"": 821.38, ""dropped_frames_due_to_full_queue"": 139}}, ""total"": {""total_throughput_fps"": 14.65, ""avg_throughput_fps"": 14.65}, ""devices"": {""npu0"": {""queue_wait_ms_p95"": 0.0, ""t_preload_ms"": 33.52}}, ""derived"": {""drop_rate_fps"": 4.6333, ""drop_count"": 139, ""window_sec"": 30.0, ""throughput_norm"": 1.0, ""drop_rate_norm"": 1.0}, ""score"": 0.8, ""schedule_file"": ""model_schedules_ys.yaml""}"
"{""timestamp"": ""2026-01-05 13:16:13"", ""window_sec"": 30.0, ""combination"": ""combination_3"", ""models"": {""view1"": {""model"": ""yolov3_small"", ""execution"": ""NPU1"", ""throughput_fps"": 13.29, ""avg_inference_time_ms"": 75.26, ""inference_count"": 145, ""avg_wait_to_preprocess_ms"": 176.08, ""dropped_frames_due_to_full_queue"": 4}}, ""total"": {""total_throughput_fps"": 13.29, ""avg_throughput_fps"": 13.29}, ""devices"": {""npu1"": {""queue_wait_ms_p95"": 0.0, ""t_preload_ms"": 464.87}}, ""derived"": {""drop_rate_fps"": 0.1333, ""drop_count"": 4, ""window_sec"": 30.0, ""throughput_norm"": 0.91, ""drop_rate_norm"": 0.03}, ""score"": 0.9, ""schedule_file"": ""model_schedules_ys.yaml""}"
"{""timestamp"": ""2026-01-05 13:16:48"", ""window_sec"": 30.0, ""combination"": ""combination_1"", ""models"": {""view1"": {""model"": ""yolov3_small"", ""execution"": ""CPU"", ""throughput_fps"": 4.9, ""avg_inference_time_ms"": 204.12, ""inference_count"": 136, ""avg_wait_to_preprocess_ms"": 2040.74, ""dropped_frames_due_to_full_queue"": 413}}, ""total"": {""total_throughput_fps"": 4.9, ""avg_throughput_fps"": 4.9}, ""devices"": {""cpu"": {""queue_wait_ms_p95"": 2040.74}}, ""derived"": {""drop_rate_fps"": 13.7667, ""drop_count"": 413, ""window_sec"": 30.0, ""throughput_norm"": 0.33, ""drop_rate_norm"": 1.0}, ""score"": 0.13, ""schedule_file"": ""model_schedules_ys_2x.yaml""}"
"{""timestamp"": ""2026-01-05 13:17:19"", ""window_sec"": 30.0, ""combination"": ""combination_2"", ""models"": {""view1"": {""model"": ""yolov3_small"", ""execution"": ""NPU0"", ""throughput_fps"": 14.65, ""avg_inference_time_ms"": 68.25, ""inference_count"": 172, ""avg_wait_to_preprocess_ms"": 829.46, ""dropped_frames_due_to_full_queue"": 393}}, ""total"": {""total_throughput_fps"": 14.65, ""avg_throughput_fps"": 14.65}, ""devices"": {""npu0"": {""queue_wait_ms_p95"": 0.0, ""t_preload_ms"": 33.52}}, ""derived"": {""drop_rate_fps"": 13.1, ""drop_count"": 393, ""window_sec"": 30.0, ""throughput_norm"": 1.0, ""drop_rate_norm"": 0.95}, ""score"": 0.81, ""schedule_file"": ""model_schedules_ys_2x.yaml""}"
"{""timestamp"": ""2026-01-05 13:17:50"", ""window_sec"": 30.0, ""combination"": ""combination_3"", ""models"": {""view1"": {""model"": ""yolov3_small"", ""execution"": ""NPU1"", ""throughput_fps"": 13.2, ""avg_inference_time_ms"": 75.76, ""inference_count"": 157, ""avg_wait_to_preprocess_ms"": 903.97, ""dropped_frames_due_to_full_queue"": 225}}, ""total"": {""total_throughput_fps"": 13.2, ""avg_throughput_fps"": 13.2}, ""devices"": {""npu1"": {""queue_wait_ms_p95"": 0.0, ""t_preload_ms"": 464.87}}, ""derived"": {""drop_rate_fps"": 7.5, ""drop_count"": 225, ""window_sec"": 30.0, ""throughput_norm"": 0.9, ""drop_rate_norm"": 0.54}, ""score"": 0.79, ""schedule_file"": ""model_schedules_ys_2x.yaml""}"
"{""timestamp"": ""2026-01-05 13:20:02"", ""window_sec"": 30.0, ""combination"": ""combination_1"", ""models"": {""view1"": {""model"": ""yolov3_small"", ""execution"": ""CPU"", ""throughput_fps"": 4.87, ""avg_inference_time_ms"": 205.37, ""inference_count"": 134, ""avg_wait_to_preprocess_ms"": 2069.27, ""dropped_frames_due_to_full_queue"": 556}}, ""total"": {""total_throughput_fps"": 4.87, ""avg_throughput_fps"": 4.87}, ""devices"": {""cpu"": {""queue_wait_ms_p95"": 2069.27}}, ""derived"": {""drop_rate_fps"": 18.5333, ""drop_count"": 556, ""window_sec"": 30.0, ""throughput_norm"": 0.33, ""drop_rate_norm"": 1.0}, ""score"": 0.13, ""schedule_file"": ""model_schedules_ys_4x.yaml""}"
"{""timestamp"": ""2026-01-05 13:20:33"", ""window_sec"": 30.0, ""combination"": ""combination_2"", ""models"": {""view1"": {""model"": ""yolov3_small"", ""execution"": ""NPU0"", ""throughput_fps"": 14.56, ""avg_inference_time_ms"": 68.67, ""inference_count"": 172, ""avg_wait_to_preprocess_ms"": 827.98, ""dropped_frames_due_to_full_queue"": 505}}, ""total"": {""total_throughput_fps"": 14.56, ""avg_throughput_fps"": 14.56}, ""devices"": {""npu0"": {""queue_wait_ms_p95"": 0.0, ""t_preload_ms"": 33.52}}, ""derived"": {""drop_rate_fps"": 16.8333, ""drop_count"": 505, ""window_sec"": 30.0, ""throughput_norm"": 1.0, ""drop_rate_norm"": 0.91}, ""score"": 0.82, ""schedule_file"": ""model_schedules_ys_4x.yaml""}"
"{""timestamp"": ""2026-01-05 13:21:04"", ""window_sec"": 30.0, ""combination"": ""combination_3"", ""models"": {""view1"": {""model"": ""yolov3_small"", ""execution"": ""NPU1"", ""throughput_fps"": 13.26, ""avg_inference_time_ms"": 75.44, ""inference_count"": 158, ""avg_wait_to_preprocess_ms"": 902.69, ""dropped_frames_due_to_full_queue"": 535}}, ""total"": {""total_throughput_fps"": 13.26, ""avg_throughput_fps"": 13.26}, ""devices"": {""npu1"": {""queue_wait_ms_p95"": 0.0, ""t_preload_ms"": 464.87}}, ""derived"": {""drop_rate_fps"": 17.8333, ""drop_count"": 535, ""window_sec"": 30.0, ""throughput_norm"": 0.91, ""drop_rate_norm"": 0.96}, ""score"": 0.72, ""schedule_file"": ""model_schedules_ys_4x.yaml""}"
