bg_level,n_streams,placement_name,placement_spec,mean_sap,worst_sap,sap_var,mean_map,worst_map,mean_latency,frame_skip_total,n_active_streams,wall_sec,s0_dev,s0_sid,s0_sap,s0_sap_s,s0_sap_m,s0_sap_l,s0_map,s0_lat,s0_skip,s1_dev,s1_sid,s1_sap,s1_sap_s,s1_sap_m,s1_sap_l,s1_map,s1_lat,s1_skip,s2_dev,s2_sid,s2_sap,s2_sap_s,s2_sap_m,s2_sap_l,s2_map,s2_lat,s2_skip,s3_dev,s3_sid,s3_sap,s3_sap_s,s3_sap_m,s3_sap_l,s3_map,s3_lat,s3_skip,s4_dev,s4_sid,s4_sap,s4_sap_s,s4_sap_m,s4_sap_l,s4_map,s4_lat,s4_skip,s5_dev,s5_sid,s5_sap,s5_sap_s,s5_sap_m,s5_sap_l,s5_map,s5_lat,s5_skip,s6_dev,s6_sid,s6_sap,s6_sap_s,s6_sap_m,s6_sap_l,s6_map,s6_lat,s6_skip,s7_dev,s7_sid,s7_sap,s7_sap_s,s7_sap_m,s7_sap_l,s7_map,s7_lat,s7_skip
L1,2,Naive_allGPU+Oracle,"[""GPU"", ""GPU""]",0.1382,0.1209,0.000301,0.2404,0.1492,20.63,2.5,2,10.1,GPU,2,0.1209,0.0164,0.1737,0.576,0.1492,21.25,1.4,GPU,3,0.1556,0.0034,0.2571,0.3489,0.3315,20.0,1.1,,,,,,,,,,,,,,,,,,,,,,,,,,,,,,,,,,,,,,,,,,,,,,,,,,,,,,
L1,2,SizeAware+Oracle,"[""NPU"", ""GPU""]",0.1319,0.109,0.000526,0.2322,0.1329,20.33,2.7,2,10.3,NPU,2,0.109,0.0113,0.1425,0.5658,0.1329,19.04,0.2,GPU,3,0.1549,0.0035,0.2569,0.3477,0.3315,21.62,2.5,,,,,,,,,,,,,,,,,,,,,,,,,,,,,,,,,,,,,,,,,,,,,,,,,,,,,,
L1,2,SizeBlindRev+Oracle,"[""GPU"", ""NPU""]",0.1212,0.1209,0.0,0.2195,0.1492,20.13,0.7,2,10.2,GPU,2,0.1209,0.0164,0.1741,0.576,0.1492,21.7,0.7,NPU,3,0.1214,0.0005,0.1816,0.339,0.2899,18.57,0.0,,,,,,,,,,,,,,,,,,,,,,,,,,,,,,,,,,,,,,,,,,,,,,,,,,,,,,
L1,2,Oracle,"[""NPU"", ""NPU""]",0.1152,0.109,3.9e-05,0.2114,0.1329,17.66,0.0,2,8.3,NPU,2,0.109,0.0113,0.1426,0.5659,0.1329,17.79,0.0,NPU,3,0.1214,0.0005,0.1816,0.339,0.2899,17.53,0.0,,,,,,,,,,,,,,,,,,,,,,,,,,,,,,,,,,,,,,,,,,,,,,,,,,,,,,
L1,3,Naive_allGPU+Oracle,"[""GPU"", ""GPU"", ""GPU""]",0.1598,0.1178,0.001403,0.2332,0.1492,24.21,27.1,3,11.6,GPU,2,0.1178,0.0161,0.1669,0.5274,0.1492,24.31,8.4,GPU,22,0.2088,0.0014,0.1935,0.642,0.2189,24.14,9.9,GPU,3,0.1528,0.0036,0.2508,0.33,0.3315,24.17,8.8,,,,,,,,,,,,,,,,,,,,,,,,,,,,,,,,,,,,,,,,,,,,,
L1,3,SizeAware+Oracle,"[""NPU"", ""NPU"", ""GPU""]",0.1519,0.109,0.001133,0.2214,0.1329,19.79,1.3,3,10.7,NPU,2,0.109,0.0113,0.1426,0.5659,0.1329,18.46,0.0,NPU,22,0.1912,0.001,0.1733,0.614,0.1996,18.65,0.0,GPU,3,0.1553,0.0035,0.2571,0.3455,0.3315,22.27,1.3,,,,,,,,,,,,,,,,,,,,,,,,,,,,,,,,,,,,,,,,,,,,,
L1,3,SizeBlindRev+Oracle,"[""GPU"", ""GPU"", ""NPU""]",0.1504,0.1187,0.001844,0.2191,0.1491,21.69,10.7,3,11.0,GPU,2,0.1187,0.0161,0.1678,0.5631,0.1491,23.18,5.9,GPU,22,0.2111,0.0014,0.1916,0.6463,0.2183,23.23,4.7,NPU,3,0.1214,0.0005,0.1816,0.339,0.2899,18.66,0.0,,,,,,,,,,,,,,,,,,,,,,,,,,,,,,,,,,,,,,,,,,,,,
L1,3,Oracle,"[""NPU"", ""GPU"", ""GPU""]",0.1567,0.109,0.001745,0.2278,0.1329,22.16,10.8,3,11.1,NPU,2,0.109,0.0113,0.1426,0.5659,0.1329,19.77,0.0,GPU,22,0.2108,0.0014,0.1931,0.6457,0.2189,23.39,5.2,GPU,3,0.1504,0.0035,0.257,0.3249,0.3315,23.31,5.6,,,,,,,,,,,,,,,,,,,,,,,,,,,,,,,,,,,,,,,,,,,,,
L1,3,Oracle,"[""GPU"", ""NPU"", ""GPU""]",0.1543,0.1188,0.000875,0.2268,0.1492,22.11,8.8,3,11.2,GPU,2,0.1188,0.0163,0.1689,0.5717,0.1492,23.55,4.8,NPU,22,0.1912,0.001,0.1733,0.614,0.1996,19.75,0.0,GPU,3,0.1528,0.0034,0.2568,0.3422,0.3315,23.04,4.0,,,,,,,,,,,,,,,,,,,,,,,,,,,,,,,,,,,,,,,,,,,,,
L1,3,Oracle,"[""NPU"", ""GPU"", ""NPU""]",0.147,0.109,0.002049,0.2139,0.1329,20.18,5.6,3,11.2,NPU,2,0.109,0.0113,0.1426,0.5659,0.1329,18.6,0.0,GPU,22,0.2106,0.0014,0.193,0.6456,0.2189,23.34,5.6,NPU,3,0.1214,0.0005,0.1816,0.339,0.2899,18.59,0.0,,,,,,,,,,,,,,,,,,,,,,,,,,,,,,,,,,,,,,,,,,,,,
L1,3,Oracle,"[""GPU"", ""NPU"", ""NPU""]",0.1439,0.1191,0.00112,0.2129,0.1492,20.0,4.1,3,11.0,GPU,2,0.1191,0.0162,0.1698,0.5647,0.1492,23.45,4.1,NPU,22,0.1912,0.001,0.1733,0.614,0.1996,18.41,0.0,NPU,3,0.1214,0.0005,0.1816,0.339,0.2899,18.15,0.0,,,,,,,,,,,,,,,,,,,,,,,,,,,,,,,,,,,,,,,,,,,,,
L1,3,Oracle,"[""NPU"", ""NPU"", ""NPU""]",0.1406,0.109,0.00131,0.2075,0.1329,17.98,0.0,3,8.6,NPU,2,0.109,0.0113,0.1426,0.5659,0.1329,18.06,0.0,NPU,22,0.1912,0.001,0.1733,0.614,0.1996,18.01,0.0,NPU,3,0.1214,0.0005,0.1816,0.339,0.2899,17.88,0.0,,,,,,,,,,,,,,,,,,,,,,,,,,,,,,,,,,,,,,,,,,,,,
L1,4,Naive_allGPU+Oracle,"[""GPU"", ""GPU"", ""GPU"", ""GPU""]",0.1253,0.0821,0.002135,0.2313,0.1408,32.84,171.6,4,14.8,GPU,2,0.0996,0.0145,0.1212,0.4348,0.1408,32.97,45.1,GPU,22,0.2024,0.0015,0.1912,0.6184,0.2057,33.03,44.6,GPU,3,0.1172,0.0026,0.217,0.2444,0.3127,32.69,40.3,GPU,21,0.0821,0.0087,0.016,0.2167,0.2661,32.68,41.6,,,,,,,,,,,,,,,,,,,,,,,,,,,,,,,,,,,,
L1,4,SizeAware+Oracle,"[""NPU"", ""NPU"", ""GPU"", ""GPU""]",0.1402,0.109,0.001123,0.2376,0.1329,22.43,14.1,4,11.9,NPU,2,0.109,0.0113,0.1426,0.5659,0.1329,20.0,0.0,NPU,22,0.1912,0.001,0.1733,0.614,0.1996,20.44,0.0,GPU,3,0.1493,0.0034,0.2534,0.342,0.3315,24.7,7.0,GPU,21,0.1114,0.01,0.0432,0.2558,0.2865,24.57,7.1,,,,,,,,,,,,,,,,,,,,,,,,,,,,,,,,,,,,
L1,4,SizeBlindRev+Oracle,"[""GPU"", ""GPU"", ""NPU"", ""NPU""]",0.1336,0.0836,0.00219,0.2212,0.1492,21.67,12.4,4,11.5,GPU,2,0.119,0.016,0.1694,0.5724,0.1492,23.89,5.9,GPU,22,0.2104,0.0015,0.1926,0.6454,0.2189,23.95,6.3,NPU,3,0.1214,0.0005,0.1816,0.339,0.2899,19.62,0.2,NPU,21,0.0836,0.0014,0.0244,0.2127,0.2268,19.21,0.0,,,,,,,,,,,,,,,,,,,,,,,,,,,,,,,,,,,,
L1,4,Oracle,"[""NPU"", ""GPU"", ""GPU"", ""GPU""]",0.1384,0.1023,0.001706,0.2407,0.1329,25.09,52.6,4,12.9,NPU,2,0.109,0.0113,0.1426,0.5659,0.1329,19.95,0.0,GPU,22,0.2066,0.0014,0.1917,0.6345,0.2154,27.32,21.4,GPU,3,0.1359,0.0034,0.243,0.3152,0.3285,26.57,16.3,GPU,21,0.1023,0.0099,0.0335,0.2459,0.286,26.51,14.9,,,,,,,,,,,,,,,,,,,,,,,,,,,,,,,,,,,,
L1,4,Oracle,"[""GPU"", ""NPU"", ""GPU"", ""GPU""]",0.1348,0.099,0.001245,0.2404,0.1487,25.69,58.4,4,13.1,GPU,2,0.1122,0.0156,0.1544,0.5276,0.1487,27.45,18.6,NPU,22,0.1912,0.001,0.1733,0.614,0.1996,20.54,0.0,GPU,3,0.1367,0.003,0.2449,0.2938,0.3275,27.48,20.5,GPU,21,0.099,0.01,0.0306,0.2423,0.2858,27.3,19.3,,,,,,,,,,,,,,,,,,,,,,,,,,,,,,,,,,,,
L1,4,Oracle,"[""GPU"", ""GPU"", ""NPU"", ""GPU""]",0.135,0.103,0.001749,0.2348,0.147,25.72,63.4,4,13.1,GPU,2,0.109,0.0163,0.1466,0.5038,0.147,28.07,22.3,GPU,22,0.2065,0.0014,0.1921,0.6321,0.2165,27.75,21.9,NPU,3,0.1214,0.0005,0.1816,0.339,0.2899,20.0,0.0,GPU,21,0.103,0.0099,0.0341,0.2464,0.2859,27.06,19.2,,,,,,,,,,,,,,,,,,,,,,,,,,,,,,,,,,,,
L1,4,Oracle,"[""GPU"", ""GPU"", ""GPU"", ""NPU""]",0.1329,0.0836,0.001976,0.2303,0.1478,26.12,71.3,4,13.4,GPU,2,0.1096,0.015,0.1473,0.5026,0.1478,28.3,22.5,GPU,22,0.2031,0.0014,0.1925,0.6266,0.2159,28.09,24.3,GPU,3,0.1353,0.0035,0.2328,0.2977,0.3306,28.18,24.3,NPU,21,0.0836,0.0014,0.0244,0.2127,0.2268,19.89,0.2,,,,,,,,,,,,,,,,,,,,,,,,,,,,,,,,,,,,
L1,4,Oracle,"[""NPU"", ""GPU"", ""NPU"", ""GPU""]",0.1374,0.1088,0.001729,0.232,0.1329,22.05,15.2,4,11.6,NPU,2,0.1088,0.0113,0.1415,0.5606,0.1329,20.08,0.5,GPU,22,0.2089,0.0014,0.1926,0.6399,0.2189,24.31,8.5,NPU,3,0.1214,0.0005,0.1816,0.339,0.2899,19.87,0.0,GPU,21,0.1105,0.0099,0.0438,0.255,0.2865,23.92,6.2,,,,,,,,,,,,,,,,,,,,,,,,,,,,,,,,,,,,
L1,4,Oracle,"[""NPU"", ""GPU"", ""GPU"", ""NPU""]",0.1372,0.0834,0.002255,0.2275,0.1329,21.78,14.4,4,11.5,NPU,2,0.109,0.0113,0.1425,0.5659,0.1329,19.93,0.2,GPU,22,0.2096,0.0014,0.1929,0.6415,0.2189,23.96,7.0,GPU,3,0.1468,0.0034,0.2502,0.3317,0.3315,23.83,7.0,NPU,21,0.0834,0.0014,0.0242,0.2126,0.2268,19.42,0.2,,,,,,,,,,,,,,,,,,,,,,,,,,,,,,,,,,,,
L1,4,Oracle,"[""GPU"", ""NPU"", ""NPU"", ""GPU""]",0.1356,0.1111,0.00105,0.2313,0.1492,22.29,14.6,4,11.6,GPU,2,0.1189,0.0161,0.1702,0.554,0.1492,24.43,6.4,NPU,22,0.1914,0.001,0.1733,0.6141,0.1996,20.39,0.4,NPU,3,0.1211,0.0005,0.1808,0.3389,0.2899,19.97,0.2,GPU,21,0.1111,0.01,0.0444,0.2551,0.2865,24.36,7.5,,,,,,,,,,,,,,,,,,,,,,,,,,,,,,,,,,,,
L1,4,Oracle,"[""GPU"", ""NPU"", ""GPU"", ""NPU""]",0.135,0.0836,0.001554,0.2268,0.1492,21.93,15.2,4,11.6,GPU,2,0.1184,0.0162,0.168,0.5556,0.1492,23.99,6.6,NPU,22,0.1912,0.001,0.1734,0.6139,0.1996,20.07,0.4,GPU,3,0.1467,0.0035,0.2456,0.308,0.3315,24.19,8.1,NPU,21,0.0836,0.0014,0.0244,0.2127,0.2268,19.48,0.0,,,,,,,,,,,,,,,,,,,,,,,,,,,,,,,,,,,,
L1,4,Oracle,"[""NPU"", ""NPU"", ""NPU"", ""GPU""]",0.1332,0.109,0.001147,0.2272,0.1329,20.53,5.2,4,11.2,NPU,2,0.109,0.0114,0.1424,0.5656,0.1329,19.5,0.2,NPU,22,0.1912,0.001,0.1733,0.614,0.1996,19.54,0.0,NPU,3,0.1214,0.0005,0.1816,0.3389,0.2899,19.43,0.2,GPU,21,0.111,0.01,0.0413,0.2576,0.2865,23.65,4.8,,,,,,,,,,,,,,,,,,,,,,,,,,,,,,,,,,,,
L1,4,Oracle,"[""NPU"", ""NPU"", ""GPU"", ""NPU""]",0.1345,0.0834,0.001719,0.2227,0.1329,20.41,3.2,4,11.2,NPU,2,0.109,0.0113,0.1426,0.5659,0.1329,19.65,0.0,NPU,22,0.1912,0.001,0.1733,0.6139,0.1996,19.39,0.2,GPU,3,0.1544,0.0034,0.2559,0.3474,0.3315,23.29,2.5,NPU,21,0.0834,0.0014,0.0244,0.2126,0.2268,19.29,0.5,,,,,,,,,,,,,,,,,,,,,,,,,,,,,,,,,,,,
L1,4,Oracle,"[""NPU"", ""GPU"", ""NPU"", ""NPU""]",0.1311,0.0836,0.002306,0.2171,0.1329,20.28,3.2,4,11.1,NPU,2,0.1089,0.0113,0.1423,0.5656,0.1329,19.47,0.2,GPU,22,0.2109,0.0014,0.1928,0.6448,0.2189,23.14,2.7,NPU,3,0.1209,0.0004,0.1816,0.3378,0.2899,19.27,0.2,NPU,21,0.0836,0.0014,0.0244,0.2127,0.2268,19.23,0.0,,,,,,,,,,,,,,,,,,,,,,,,,,,,,,,,,,,,
L1,4,Oracle,"[""GPU"", ""NPU"", ""NPU"", ""NPU""]",0.129,0.0836,0.00152,0.2164,0.1492,20.38,3.4,4,11.2,GPU,2,0.1196,0.0163,0.1713,0.569,0.1492,23.55,3.4,NPU,22,0.1912,0.001,0.1733,0.614,0.1996,19.68,0.0,NPU,3,0.1214,0.0005,0.1816,0.339,0.2899,19.12,0.0,NPU,21,0.0836,0.0014,0.0244,0.2127,0.2268,19.15,0.0,,,,,,,,,,,,,,,,,,,,,,,,,,,,,,,,,,,,
L1,4,Oracle,"[""NPU"", ""NPU"", ""NPU"", ""NPU""]",0.1263,0.0836,0.001591,0.2123,0.1329,18.75,0.0,4,9.0,NPU,2,0.109,0.0113,0.1426,0.5659,0.1329,18.76,0.0,NPU,22,0.1912,0.001,0.1733,0.614,0.1996,18.84,0.0,NPU,3,0.1214,0.0005,0.1816,0.339,0.2899,18.77,0.0,NPU,21,0.0836,0.0014,0.0244,0.2127,0.2268,18.62,0.0,,,,,,,,,,,,,,,,,,,,,,,,,,,,,,,,,,,,
L1,5,Naive_allGPU+Oracle,"[""GPU"", ""GPU"", ""GPU"", ""GPU"", ""GPU""]",0.1227,0.0743,0.002109,0.1966,0.1192,38.64,288.7,1,23.2,GPU,2,0.0909,0.013,0.1029,0.4019,0.1192,40.64,63.0,GPU,22,0.1939,0.0015,0.1902,0.5926,0.1724,41.6,66.4,GPU,13,0.1595,0.0087,0.0948,0.3631,0.2079,28.37,27.6,GPU,3,0.0948,0.0021,0.1902,0.2373,0.2559,41.54,65.7,GPU,21,0.0743,0.0083,0.0147,0.1962,0.2275,41.06,66.1,,,,,,,,,,,,,,,,,,,,,,,,,,,
L1,5,SizeAware+Oracle,"[""NPU"", ""NPU"", ""NPU"", ""GPU"", ""GPU""]",0.1436,0.098,0.001517,0.2343,0.1329,23.42,44.1,5,17.4,NPU,2,0.109,0.0114,0.1423,0.5658,0.1329,21.02,0.5,NPU,22,0.1912,0.001,0.1733,0.6139,0.1996,21.09,0.4,NPU,13,0.1874,0.0038,0.086,0.3993,0.2209,19.31,0.3,GPU,3,0.1325,0.0032,0.243,0.2892,0.3315,27.98,22.5,GPU,21,0.098,0.0099,0.0274,0.2448,0.2865,27.72,20.3,,,,,,,,,,,,,,,,,,,,,,,,,,,
L1,5,SizeBlindRev+Oracle,"[""GPU"", ""GPU"", ""GPU"", ""NPU"", ""NPU""]",0.1362,0.0836,0.001966,0.219,0.1393,25.54,84.0,5,22.3,GPU,2,0.1017,0.0151,0.13,0.4816,0.1393,31.15,33.5,GPU,22,0.2021,0.0015,0.1917,0.6164,0.2084,30.57,31.8,GPU,13,0.1723,0.0091,0.099,0.3791,0.2304,25.3,18.5,NPU,3,0.1213,0.0005,0.1816,0.3389,0.2899,20.49,0.2,NPU,21,0.0836,0.0014,0.0244,0.2127,0.2268,20.2,0.0,,,,,,,,,,,,,,,,,,,,,,,,,,,
L1,5,Oracle,"[""NPU"", ""GPU"", ""GPU"", ""GPU"", ""GPU""]",0.1304,0.0781,0.001921,0.2142,0.1329,31.21,187.8,2,23.5,NPU,2,0.109,0.0113,0.1426,0.5659,0.1329,20.59,0.0,GPU,22,0.2012,0.0013,0.1912,0.61,0.1927,36.48,54.5,GPU,13,0.1582,0.0094,0.0927,0.3624,0.2097,27.45,27.1,GPU,3,0.1055,0.0025,0.2032,0.2401,0.2908,35.87,52.7,GPU,21,0.0781,0.0084,0.0169,0.207,0.2451,35.68,53.5,,,,,,,,,,,,,,,,,,,,,,,,,,,
L1,5,Oracle,"[""GPU"", ""NPU"", ""GPU"", ""GPU"", ""GPU""]",0.1243,0.077,0.001876,0.2111,0.1268,31.57,190.8,2,23.0,GPU,2,0.094,0.0141,0.1105,0.4282,0.1268,36.73,53.9,NPU,22,0.1912,0.001,0.1733,0.614,0.1996,20.58,0.0,GPU,13,0.1587,0.0087,0.0973,0.3635,0.21,27.06,26.3,GPU,3,0.1007,0.0025,0.2028,0.1927,0.2767,36.33,52.6,GPU,21,0.077,0.0086,0.0144,0.2029,0.2423,37.14,58.0,,,,,,,,,,,,,,,,,,,,,,,,,,,
L1,5,Oracle,"[""GPU"", ""GPU"", ""NPU"", ""GPU"", ""GPU""]",0.1289,0.0739,0.002591,0.2077,0.1219,35.96,270.1,1,17.6,GPU,2,0.0913,0.013,0.1015,0.4304,0.1219,40.12,68.1,GPU,22,0.1934,0.0014,0.1893,0.5887,0.1789,39.91,65.8,NPU,13,0.1874,0.0038,0.0861,0.3991,0.2209,19.66,0.0,GPU,3,0.0984,0.0018,0.188,0.1811,0.2799,40.08,65.6,GPU,21,0.0739,0.0081,0.0141,0.1939,0.2367,40.06,70.5,,,,,,,,,,,,,,,,,,,,,,,,,,,
L1,5,Oracle,"[""GPU"", ""GPU"", ""GPU"", ""NPU"", ""GPU""]",0.1297,0.0753,0.00194,0.2108,0.1286,31.33,185.1,2,22.9,GPU,2,0.0947,0.0146,0.114,0.434,0.1286,36.29,52.8,GPU,22,0.197,0.0013,0.1893,0.6024,0.1916,36.5,53.6,GPU,13,0.1601,0.0088,0.095,0.3654,0.2088,26.9,25.8,NPU,3,0.1213,0.0005,0.1816,0.3388,0.2899,20.27,0.2,GPU,21,0.0753,0.0091,0.0144,0.201,0.2351,36.69,52.7,,,,,,,,,,,,,,,,,,,,,,,,,,,
L1,5,Oracle,"[""GPU"", ""GPU"", ""GPU"", ""GPU"", ""NPU""]",0.1313,0.0836,0.002025,0.2161,0.1345,30.14,171.2,4,22.9,GPU,2,0.0972,0.0146,0.1181,0.4334,0.1345,34.43,47.6,GPU,22,0.2011,0.0015,0.1893,0.6123,0.1993,35.18,51.1,GPU,13,0.1669,0.0092,0.0993,0.3714,0.2195,26.36,23.8,GPU,3,0.1079,0.0022,0.2066,0.2758,0.3003,34.51,48.6,NPU,21,0.0836,0.0014,0.0244,0.2127,0.2268,20.24,0.0,,,,,,,,,,,,,,,,,,,,,,,,,,,
L1,5,Oracle,"[""NPU"", ""NPU"", ""GPU"", ""GPU"", ""GPU""]",0.134,0.0831,0.001677,0.2286,0.1329,25.85,90.4,5,22.0,NPU,2,0.109,0.0113,0.1426,0.5658,0.1329,20.95,0.5,NPU,22,0.1912,0.001,0.1733,0.6139,0.1996,21.09,0.4,GPU,13,0.1727,0.009,0.1007,0.3788,0.2333,24.98,17.5,GPU,3,0.1142,0.0025,0.2214,0.2325,0.3088,31.25,36.1,GPU,21,0.0831,0.0099,0.0183,0.2177,0.2683,30.96,35.9,,,,,,,,,,,,,,,,,,,,,,,,,,,
L1,5,Oracle,"[""NPU"", ""GPU"", ""NPU"", ""GPU"", ""GPU""]",0.1367,0.0803,0.002317,0.2224,0.1329,28.59,141.0,5,17.5,NPU,2,0.109,0.0113,0.1426,0.5659,0.1329,20.98,0.0,GPU,22,0.2009,0.0014,0.1904,0.6106,0.2015,34.0,45.8,NPU,13,0.1874,0.0038,0.0861,0.3991,0.2209,19.51,0.0,GPU,3,0.1061,0.0023,0.2063,0.2193,0.2965,34.3,46.4,GPU,21,0.0803,0.0092,0.016,0.2129,0.2602,34.15,48.8,,,,,,,,,,,,,,,,,,,,,,,,,,,
L1,5,Oracle,"[""NPU"", ""GPU"", ""GPU"", ""NPU"", ""GPU""]",0.1374,0.0834,0.001876,0.2257,0.1329,25.61,87.9,5,22.3,NPU,2,0.109,0.0113,0.1426,0.5659,0.1329,20.47,0.0,GPU,22,0.2037,0.0015,0.1914,0.62,0.2082,31.22,36.4,GPU,13,0.1693,0.009,0.1015,0.3759,0.2309,24.95,16.8,NPU,3,0.1214,0.0005,0.1816,0.339,0.2899,20.32,0.0,GPU,21,0.0834,0.0097,0.0175,0.221,0.2668,31.11,34.7,,,,,,,,,,,,,,,,,,,,,,,,,,,
L1,5,Oracle,"[""NPU"", ""GPU"", ""GPU"", ""GPU"", ""NPU""]",0.1363,0.0836,0.002024,0.223,0.1329,24.85,75.9,5,21.3,NPU,2,0.109,0.0113,0.1426,0.5659,0.1329,20.57,0.0,GPU,22,0.2051,0.0015,0.1917,0.6255,0.2106,29.87,30.8,GPU,13,0.1718,0.0089,0.1016,0.3805,0.2269,24.05,15.0,GPU,3,0.112,0.0026,0.225,0.2267,0.3175,29.76,30.1,NPU,21,0.0836,0.0014,0.0244,0.2127,0.2268,20.02,0.0,,,,,,,,,,,,,,,,,,,,,,,,,,,
L1,5,Oracle,"[""GPU"", ""NPU"", ""NPU"", ""GPU"", ""GPU""]",0.1389,0.091,0.001794,0.2343,0.1461,26.41,99.2,5,17.2,GPU,2,0.1028,0.0145,0.131,0.465,0.1461,30.96,34.3,NPU,22,0.1912,0.001,0.1733,0.614,0.1996,20.84,0.0,NPU,13,0.1874,0.0038,0.0861,0.3991,0.2209,19.13,0.0,GPU,3,0.1222,0.0032,0.2223,0.2631,0.3238,30.59,32.2,GPU,21,0.091,0.0096,0.0236,0.2304,0.281,30.53,32.6,,,,,,,,,,,,,,,,,,,,,,,,,,,
L1,5,Oracle,"[""GPU"", ""NPU"", ""GPU"", ""NPU"", ""GPU""]",0.1352,0.0884,0.001546,0.2284,0.1448,25.0,80.5,5,21.2,GPU,2,0.1043,0.0157,0.1346,0.4847,0.1448,29.34,30.1,NPU,22,0.1912,0.001,0.1733,0.614,0.1996,21.04,0.0,GPU,13,0.1706,0.0092,0.1018,0.3775,0.2346,23.79,15.0,NPU,3,0.1214,0.0005,0.1816,0.339,0.2899,20.43,0.0,GPU,21,0.0884,0.0098,0.0218,0.227,0.273,30.39,35.5,,,,,,,,,,,,,,,,,,,,,,,,,,,
L1,5,Oracle,"[""GPU"", ""NPU"", ""GPU"", ""GPU"", ""NPU""]",0.134,0.0836,0.00181,0.2225,0.1428,25.11,86.9,5,21.5,GPU,2,0.103,0.0158,0.1329,0.4747,0.1428,30.32,33.3,NPU,22,0.1912,0.001,0.1733,0.614,0.1996,20.82,0.0,GPU,13,0.1775,0.0092,0.1021,0.3844,0.2318,24.15,17.1,GPU,3,0.1146,0.0032,0.2222,0.2467,0.3116,30.28,36.5,NPU,21,0.0836,0.0014,0.0244,0.2127,0.2268,19.96,0.0,,,,,,,,,,,,,,,,,,,,,,,,,,,
L1,5,Oracle,"[""GPU"", ""GPU"", ""NPU"", ""NPU"", ""GPU""]",0.1385,0.0827,0.00229,0.223,0.1393,27.97,131.7,5,17.4,GPU,2,0.0987,0.0147,0.1223,0.4371,0.1393,33.59,45.6,GPU,22,0.2023,0.0014,0.1902,0.6136,0.2035,33.14,43.2,NPU,13,0.1874,0.0038,0.0861,0.3991,0.2209,19.36,0.0,NPU,3,0.1213,0.0005,0.1814,0.339,0.2899,20.33,0.2,GPU,21,0.0827,0.0092,0.0188,0.215,0.2613,33.4,42.6,,,,,,,,,,,,,,,,,,,,,,,,,,,
L1,5,Oracle,"[""GPU"", ""GPU"", ""NPU"", ""GPU"", ""NPU""]",0.1378,0.0836,0.002322,0.2228,0.1436,26.79,111.8,5,17.4,GPU,2,0.1019,0.015,0.1272,0.4607,0.1436,31.33,36.3,GPU,22,0.2033,0.0014,0.1899,0.6186,0.2108,31.77,39.6,NPU,13,0.1874,0.0038,0.0861,0.3991,0.2209,19.42,0.0,GPU,3,0.1128,0.0026,0.2172,0.2518,0.312,31.38,35.9,NPU,21,0.0836,0.0014,0.0244,0.2127,0.2268,20.05,0.0,,,,,,,,,,,,,,,,,,,,,,,,,,,
L1,5,Oracle,"[""NPU"", ""NPU"", ""GPU"", ""NPU"", ""GPU""]",0.141,0.0965,0.001611,0.2299,0.1329,22.33,31.3,5,20.3,NPU,2,0.1089,0.0113,0.1417,0.564,0.1329,21.01,0.7,NPU,22,0.1909,0.0009,0.1734,0.6127,0.1996,20.79,0.7,GPU,13,0.1875,0.0091,0.1055,0.3952,0.2413,22.37,9.8,NPU,3,0.1212,0.0005,0.1815,0.3386,0.2899,20.81,0.9,GPU,21,0.0965,0.0098,0.0271,0.241,0.286,26.69,19.2,,,,,,,,,,,,,,,,,,,,,,,,,,,
L1,5,Oracle,"[""NPU"", ""NPU"", ""GPU"", ""GPU"", ""NPU""]",0.14,0.0836,0.001716,0.226,0.1329,22.1,30.9,5,20.3,NPU,2,0.109,0.0113,0.1426,0.5659,0.1329,20.61,0.0,NPU,22,0.1912,0.001,0.1733,0.614,0.1996,20.56,0.0,GPU,13,0.1821,0.0092,0.1059,0.3896,0.2413,22.5,10.8,GPU,3,0.1341,0.0031,0.2454,0.3062,0.3293,26.66,20.1,NPU,21,0.0836,0.0014,0.0244,0.2127,0.2268,20.18,0.0,,,,,,,,,,,,,,,,,,,,,,,,,,,
L1,5,Oracle,"[""NPU"", ""GPU"", ""NPU"", ""NPU"", ""GPU""]",0.1437,0.0943,0.00199,0.2297,0.1329,22.98,39.3,5,16.9,NPU,2,0.109,0.0113,0.1426,0.5659,0.1329,20.59,0.0,GPU,22,0.2061,0.0014,0.1908,0.6305,0.2189,27.64,22.4,NPU,13,0.1874,0.0038,0.0861,0.3991,0.2209,18.81,0.0,NPU,3,0.1214,0.0005,0.1816,0.339,0.2899,20.55,0.0,GPU,21,0.0943,0.0103,0.0248,0.2394,0.2861,27.33,16.9,,,,,,,,,,,,,,,,,,,,,,,,,,,
L1,5,Oracle,"[""NPU"", ""GPU"", ""NPU"", ""GPU"", ""NPU""]",0.1459,0.0836,0.002129,0.226,0.1329,23.48,34.4,5,18.7,NPU,2,0.109,0.0113,0.1426,0.5659,0.1329,20.83,0.0,GPU,22,0.2065,0.0017,0.1924,0.632,0.2189,27.66,17.6,NPU,13,0.1874,0.0038,0.0859,0.399,0.2209,20.92,0.1,GPU,3,0.1428,0.0034,0.2465,0.318,0.3304,27.48,16.7,NPU,21,0.0836,0.0014,0.0244,0.2127,0.2268,20.53,0.0,,,,,,,,,,,,,,,,,,,,,,,,,,,
L1,5,Oracle,"[""NPU"", ""GPU"", ""GPU"", ""NPU"", ""NPU""]",0.1408,0.0836,0.002165,0.2215,0.1329,22.24,29.6,5,20.3,NPU,2,0.109,0.0113,0.1426,0.5659,0.1329,20.73,0.0,GPU,22,0.2068,0.0014,0.1917,0.6329,0.2167,26.9,20.6,GPU,13,0.1833,0.0093,0.1072,0.39,0.2413,22.46,8.7,NPU,3,0.1212,0.0005,0.1816,0.3389,0.2899,20.54,0.2,NPU,21,0.0836,0.0014,0.0244,0.2127,0.2268,20.57,0.0,,,,,,,,,,,,,,,,,,,,,,,,,,,
L1,5,Oracle,"[""GPU"", ""NPU"", ""NPU"", ""NPU"", ""GPU""]",0.1411,0.0961,0.001617,0.2287,0.1487,23.22,42.8,5,17.0,GPU,2,0.1093,0.0164,0.1473,0.5141,0.1487,27.95,19.5,NPU,22,0.1912,0.001,0.1733,0.614,0.1996,20.77,0.0,NPU,13,0.1874,0.0038,0.0861,0.3991,0.2209,18.91,0.0,NPU,3,0.1214,0.0005,0.1816,0.339,0.2899,20.4,0.0,GPU,21,0.0961,0.0098,0.0292,0.2363,0.2845,28.05,23.4,,,,,,,,,,,,,,,,,,,,,,,,,,,
L1,5,Oracle,"[""GPU"", ""NPU"", ""NPU"", ""GPU"", ""NPU""]",0.142,0.0836,0.001759,0.2253,0.1487,22.8,32.8,5,16.9,GPU,2,0.113,0.0159,0.1556,0.5348,0.1487,27.21,16.2,NPU,22,0.1912,0.001,0.1733,0.614,0.1996,20.74,0.0,NPU,13,0.1874,0.0038,0.0861,0.3991,0.2209,18.79,0.0,GPU,3,0.1346,0.0034,0.2402,0.3068,0.3302,26.97,16.5,NPU,21,0.0836,0.0014,0.0244,0.2127,0.2268,20.29,0.0,,,,,,,,,,,,,,,,,,,,,,,,,,,
L1,5,Oracle,"[""GPU"", ""NPU"", ""GPU"", ""NPU"", ""NPU""]",0.1386,0.0836,0.001833,0.2211,0.148,22.15,29.6,5,20.1,GPU,2,0.1105,0.0161,0.1511,0.5141,0.148,26.71,20.3,NPU,22,0.1912,0.001,0.1733,0.614,0.1996,20.87,0.0,GPU,13,0.1864,0.0094,0.1072,0.3932,0.241,22.19,9.3,NPU,3,0.1214,0.0005,0.1816,0.339,0.2899,20.62,0.0,NPU,21,0.0836,0.0014,0.0244,0.2127,0.2268,20.36,0.0,,,,,,,,,,,,,,,,,,,,,,,,,,,
L1,5,Oracle,"[""GPU"", ""GPU"", ""NPU"", ""NPU"", ""NPU""]",0.1422,0.0836,0.002257,0.2211,0.1487,23.0,40.3,5,16.9,GPU,2,0.1103,0.016,0.1498,0.5356,0.1487,27.99,20.4,GPU,22,0.2082,0.0015,0.1915,0.6368,0.2189,27.69,19.8,NPU,13,0.1874,0.0038,0.086,0.399,0.2209,18.87,0.1,NPU,3,0.1214,0.0005,0.1816,0.339,0.2899,20.29,0.0,NPU,21,0.0836,0.0014,0.0244,0.2127,0.2268,20.14,0.0,,,,,,,,,,,,,,,,,,,,,,,,,,,
L1,5,Oracle,"[""NPU"", ""NPU"", ""NPU"", ""NPU"", ""GPU""]",0.143,0.1058,0.001461,0.226,0.1329,21.09,10.0,5,17.0,NPU,2,0.109,0.0113,0.1426,0.5659,0.1329,20.43,0.0,NPU,22,0.1912,0.001,0.1733,0.614,0.1996,20.51,0.0,NPU,13,0.1874,0.0038,0.0861,0.3991,0.2209,18.85,0.0,NPU,3,0.1214,0.0005,0.1816,0.339,0.2899,20.38,0.0,GPU,21,0.1058,0.0101,0.0374,0.2505,0.2865,25.26,10.0,,,,,,,,,,,,,,,,,,,,,,,,,,,
L1,5,Oracle,"[""NPU"", ""NPU"", ""NPU"", ""GPU"", ""NPU""]",0.1443,0.0836,0.001806,0.2224,0.1329,21.06,6.8,5,16.9,NPU,2,0.109,0.0113,0.1426,0.5659,0.1329,20.41,0.0,NPU,22,0.1912,0.001,0.1733,0.614,0.1996,20.45,0.2,NPU,13,0.1874,0.0038,0.0861,0.3991,0.2209,18.78,0.0,GPU,3,0.1504,0.0034,0.2553,0.3181,0.3315,25.27,6.5,NPU,21,0.0836,0.0014,0.0244,0.2127,0.2268,20.38,0.0,,,,,,,,,,,,,,,,,,,,,,,,,,,
L1,5,Oracle,"[""NPU"", ""NPU"", ""GPU"", ""NPU"", ""NPU""]",0.1398,0.0836,0.001997,0.2181,0.1329,20.41,2.2,5,19.0,NPU,2,0.109,0.0113,0.1426,0.5659,0.1329,20.25,0.0,NPU,22,0.1912,0.001,0.1733,0.614,0.1996,20.45,0.0,GPU,13,0.1936,0.0094,0.109,0.4025,0.2415,21.03,2.2,NPU,3,0.1214,0.0005,0.1816,0.339,0.2899,20.28,0.0,NPU,21,0.0836,0.0014,0.0244,0.2127,0.2268,20.02,0.0,,,,,,,,,,,,,,,,,,,,,,,,,,,
L1,5,Oracle,"[""NPU"", ""GPU"", ""NPU"", ""NPU"", ""NPU""]",0.1422,0.0836,0.002307,0.2179,0.1329,21.23,7.9,5,16.9,NPU,2,0.109,0.0113,0.1426,0.5659,0.1329,20.59,0.0,GPU,22,0.2094,0.0014,0.1929,0.6416,0.2189,25.81,7.9,NPU,13,0.1874,0.0038,0.0861,0.3991,0.2209,18.78,0.0,NPU,3,0.1214,0.0005,0.1816,0.339,0.2899,20.49,0.0,NPU,21,0.0836,0.0014,0.0244,0.2127,0.2268,20.5,0.0,,,,,,,,,,,,,,,,,,,,,,,,,,,
L1,5,Oracle,"[""GPU"", ""NPU"", ""NPU"", ""NPU"", ""NPU""]",0.1404,0.0836,0.001774,0.2173,0.1492,20.85,7.5,5,16.7,GPU,2,0.1183,0.016,0.1689,0.5558,0.1492,25.39,7.5,NPU,22,0.1912,0.001,0.1733,0.614,0.1996,20.24,0.0,NPU,13,0.1874,0.0038,0.0861,0.3991,0.2209,18.55,0.0,NPU,3,0.1214,0.0005,0.1816,0.339,0.2899,20.18,0.0,NPU,21,0.0836,0.0014,0.0244,0.2127,0.2268,19.91,0.0,,,,,,,,,,,,,,,,,,,,,,,,,,,
L1,6,Naive_allGPU+Oracle,"[""GPU"", ""GPU"", ""GPU"", ""GPU"", ""GPU"", ""GPU""]",0.1553,0.0665,0.010143,0.2068,0.096,43.83,382.9,2,23.7,GPU,2,0.0847,0.0119,0.0902,0.3784,0.096,51.92,83.5,GPU,22,0.1866,0.001,0.1881,0.5697,0.1481,48.67,77.6,GPU,13,0.1484,0.0086,0.0918,0.3497,0.1851,30.88,31.0,GPU,3,0.0853,0.0018,0.1674,0.1562,0.2145,51.59,79.7,GPU,21,0.0665,0.0075,0.0116,0.1784,0.193,48.7,79.2,GPU,14,0.3604,0.0574,0.2061,0.5584,0.4041,31.24,31.9,,,,,,,,,,,,,,,,,,
L1,6,SizeAware+Oracle,"[""NPU"", ""NPU"", ""NPU"", ""GPU"", ""GPU"", ""GPU""]",0.18,0.0778,0.012955,0.2587,0.1329,26.75,125.9,4,23.2,NPU,2,0.109,0.0113,0.1422,0.5659,0.1329,21.6,0.2,NPU,22,0.1912,0.001,0.1734,0.614,0.1996,21.57,0.2,NPU,13,0.1874,0.0038,0.0861,0.3991,0.2209,20.04,0.0,GPU,3,0.0991,0.0023,0.1974,0.2199,0.2808,35.21,50.8,GPU,21,0.0778,0.0095,0.0148,0.2081,0.2406,35.56,51.8,GPU,14,0.4156,0.0571,0.2113,0.6281,0.4776,26.54,22.9,,,,,,,,,,,,,,,,,,
L1,6,SizeBlindRev+Oracle,"[""GPU"", ""GPU"", ""GPU"", ""NPU"", ""NPU"", ""NPU""]",0.1793,0.0829,0.012343,0.2526,0.1313,26.47,127.7,4,23.1,GPU,2,0.0962,0.0141,0.1171,0.4483,0.1313,34.87,52.2,GPU,22,0.2,0.0014,0.1893,0.608,0.1978,35.06,50.9,GPU,13,0.1644,0.0089,0.0986,0.3698,0.2189,26.6,23.8,NPU,3,0.1212,0.0005,0.1814,0.339,0.2899,21.22,0.2,NPU,21,0.0829,0.0014,0.0235,0.212,0.2268,21.15,0.5,NPU,14,0.4113,0.0137,0.199,0.6552,0.4512,19.92,0.1,,,,,,,,,,,,,,,,,,
L1,6,Oracle,"[""NPU"", ""GPU"", ""GPU"", ""GPU"", ""GPU"", ""GPU""]",0.1633,0.0687,0.010432,0.2184,0.1329,35.99,289.2,3,23.5,NPU,2,0.109,0.0113,0.1426,0.5659,0.1329,20.69,0.0,GPU,22,0.1894,0.0012,0.1891,0.5753,0.1551,46.48,76.2,GPU,13,0.1489,0.0088,0.0922,0.3503,0.178,30.42,32.9,GPU,3,0.09,0.0016,0.1825,0.1639,0.2307,44.86,74.0,GPU,21,0.0687,0.0087,0.0114,0.1861,0.1904,43.77,73.0,GPU,14,0.3741,0.0556,0.2065,0.5754,0.4233,29.75,33.0,,,,,,,,,,,,,,,,,,
L1,6,Oracle,"[""GPU"", ""NPU"", ""GPU"", ""GPU"", ""GPU"", ""GPU""]",0.1605,0.0672,0.011721,0.2213,0.1032,37.12,292.8,3,23.6,GPU,2,0.0857,0.0124,0.0934,0.3897,0.1032,47.53,76.2,NPU,22,0.1912,0.001,0.1733,0.614,0.1996,20.61,0.0,GPU,13,0.1528,0.0087,0.0921,0.3558,0.1892,30.43,32.0,GPU,3,0.0838,0.0026,0.1742,0.1577,0.2181,47.36,74.2,GPU,21,0.0672,0.008,0.0112,0.1821,0.1849,47.32,80.4,GPU,14,0.3822,0.0553,0.2087,0.5859,0.4328,29.44,30.0,,,,,,,,,,,,,,,,,,
L1,6,Oracle,"[""GPU"", ""GPU"", ""NPU"", ""GPU"", ""GPU"", ""GPU""]",0.1604,0.0669,0.010293,0.2083,0.0955,43.23,378.5,2,23.8,GPU,2,0.0836,0.0116,0.0907,0.379,0.0955,51.77,86.2,GPU,22,0.1855,0.001,0.1885,0.563,0.1379,52.35,87.8,NPU,13,0.1874,0.0038,0.0861,0.3991,0.2209,19.75,0.1,GPU,3,0.0803,0.0015,0.1618,0.1593,0.213,51.27,84.4,GPU,21,0.0669,0.0072,0.0112,0.1777,0.1814,52.94,86.3,GPU,14,0.3587,0.0559,0.2049,0.5566,0.4013,31.32,33.7,,,,,,,,,,,,,,,,,,
L1,6,Oracle,"[""GPU"", ""GPU"", ""GPU"", ""NPU"", ""GPU"", ""GPU""]",0.1643,0.0696,0.010413,0.2275,0.1032,36.46,293.9,3,23.7,GPU,2,0.0856,0.0122,0.0942,0.382,0.1032,47.02,76.6,GPU,22,0.1908,0.0013,0.1889,0.5821,0.1603,46.12,75.5,GPU,13,0.1433,0.0086,0.0925,0.3444,0.1768,30.4,34.0,NPU,3,0.1214,0.0005,0.1816,0.339,0.2899,20.61,0.0,GPU,21,0.0696,0.0079,0.0117,0.1879,0.2057,44.52,76.0,GPU,14,0.3749,0.0548,0.2075,0.5766,0.429,30.1,31.8,,,,,,,,,,,,,,,,,,
L1,6,Oracle,"[""GPU"", ""GPU"", ""GPU"", ""GPU"", ""NPU"", ""GPU""]",0.1635,0.0836,0.010966,0.2244,0.1081,36.1,291.7,3,23.6,GPU,2,0.0872,0.0121,0.0955,0.3948,0.1081,45.22,74.0,GPU,22,0.1905,0.0012,0.1891,0.5794,0.1599,46.29,78.2,GPU,13,0.15,0.0088,0.0937,0.3509,0.1835,30.0,32.0,GPU,3,0.0891,0.0023,0.188,0.2186,0.2317,45.61,76.5,NPU,21,0.0836,0.0014,0.0244,0.2127,0.2268,19.99,0.2,GPU,14,0.3806,0.0558,0.2071,0.5832,0.4364,29.5,30.9,,,,,,,,,,,,,,,,,,
L1,6,Oracle,"[""GPU"", ""GPU"", ""GPU"", ""GPU"", ""GPU"", ""NPU""]",0.165,0.0681,0.013924,0.2155,0.0989,42.06,380.0,2,23.7,GPU,2,0.0851,0.0117,0.0898,0.3834,0.0989,51.15,89.4,GPU,22,0.1877,0.001,0.1893,0.5688,0.1431,50.75,86.2,GPU,13,0.1528,0.0087,0.0914,0.3537,0.1927,31.13,33.8,GPU,3,0.0848,0.0021,0.1703,0.1341,0.2159,50.0,85.0,GPU,21,0.0681,0.0076,0.0116,0.1806,0.1914,49.86,85.7,NPU,14,0.4113,0.0136,0.1991,0.6555,0.4512,19.45,0.1,,,,,,,,,,,,,,,,,,
L1,6,Oracle,"[""GPU"", ""GPU"", ""NPU"", ""GPU"", ""NPU"", ""GPU""]",0.1729,0.0836,0.011618,0.2392,0.1159,32.47,242.5,3,23.6,GPU,2,0.0893,0.0127,0.1005,0.4006,0.1159,41.97,72.7,GPU,22,0.1939,0.0016,0.1877,0.5907,0.174,41.92,69.5,NPU,13,0.1874,0.0038,0.0861,0.3991,0.2209,19.76,0.0,GPU,3,0.0921,0.002,0.1856,0.1724,0.2454,42.1,69.9,NPU,21,0.0836,0.0014,0.0244,0.2127,0.2268,20.54,0.0,GPU,14,0.391,0.0556,0.2094,0.5967,0.4519,28.53,30.4,,,,,,,,,,,,,,,,,,
L1,6,Oracle,"[""NPU"", ""GPU"", ""NPU"", ""GPU"", ""GPU"", ""GPU""]",0.1734,0.0732,0.010886,0.2402,0.1329,32.74,250.8,3,23.7,NPU,2,0.109,0.0113,0.1426,0.5659,0.1329,21.13,0.0,GPU,22,0.1922,0.0013,0.1875,0.5903,0.1713,42.8,72.8,NPU,13,0.1874,0.0038,0.0861,0.3991,0.2209,19.84,0.0,GPU,3,0.0946,0.0022,0.188,0.1514,0.258,41.75,72.9,GPU,21,0.0732,0.0085,0.014,0.1962,0.2175,41.79,72.2,GPU,14,0.384,0.057,0.2086,0.5891,0.4404,29.14,32.9,,,,,,,,,,,,,,,,,,
L1,6,Oracle,"[""NPU"", ""NPU"", ""GPU"", ""GPU"", ""GPU"", ""GPU""]",0.1689,0.0737,0.011793,0.2373,0.1329,29.96,186.9,4,23.9,NPU,2,0.109,0.0113,0.1422,0.5659,0.1329,21.08,0.2,NPU,22,0.1912,0.001,0.1733,0.614,0.1996,21.37,0.2,GPU,13,0.147,0.0088,0.0957,0.3508,0.1842,29.15,28.9,GPU,3,0.0959,0.0021,0.2003,0.158,0.2446,40.43,66.5,GPU,21,0.0737,0.0087,0.0134,0.1979,0.2068,38.94,63.6,GPU,14,0.3965,0.0564,0.2094,0.6042,0.4554,28.79,27.5,,,,,,,,,,,,,,,,,,
L1,6,Oracle,"[""GPU"", ""GPU"", ""NPU"", ""GPU"", ""GPU"", ""NPU""]",0.1714,0.0699,0.013851,0.2272,0.1044,38.26,339.3,2,17.7,GPU,2,0.0859,0.0128,0.0928,0.3918,0.1044,47.75,83.5,GPU,22,0.1885,0.0014,0.188,0.5719,0.1525,47.95,84.6,NPU,13,0.1874,0.0038,0.0861,0.3991,0.2209,19.69,0.0,GPU,3,0.0855,0.002,0.1675,0.1649,0.2306,47.19,84.3,GPU,21,0.0699,0.0079,0.0126,0.1836,0.2035,47.52,86.8,NPU,14,0.4113,0.0136,0.199,0.6555,0.4512,19.44,0.1,,,,,,,,,,,,,,,,,,
L1,6,Oracle,"[""NPU"", ""GPU"", ""GPU"", ""GPU"", ""GPU"", ""NPU""]",0.171,0.0695,0.013115,0.2317,0.1329,33.95,267.4,3,23.9,NPU,2,0.109,0.0113,0.1426,0.5659,0.1329,21.36,0.0,GPU,22,0.1918,0.0011,0.1875,0.5834,0.1642,44.86,78.9,GPU,13,0.1506,0.0087,0.0931,0.3522,0.1903,30.04,34.4,GPU,3,0.0939,0.0027,0.1787,0.1832,0.2453,43.83,76.2,GPU,21,0.0695,0.008,0.0125,0.1871,0.2062,43.7,77.9,NPU,14,0.4113,0.0136,0.199,0.6555,0.4512,19.92,0.1,,,,,,,,,,,,,,,,,,
L1,6,Oracle,"[""NPU"", ""GPU"", ""GPU"", ""GPU"", ""NPU"", ""GPU""]",0.1732,0.0823,0.012069,0.2407,0.1329,29.12,165.8,4,23.4,NPU,2,0.1088,0.0113,0.1414,0.5658,0.1329,20.92,0.7,GPU,22,0.1999,0.0014,0.1912,0.605,0.1839,38.62,57.5,GPU,13,0.1487,0.0087,0.0955,0.3528,0.1888,28.19,26.9,GPU,3,0.0965,0.003,0.1927,0.1814,0.2513,38.74,56.4,NPU,21,0.0823,0.0014,0.0239,0.2107,0.2268,20.57,0.5,GPU,14,0.403,0.0563,0.2113,0.6114,0.4607,27.7,23.9,,,,,,,,,,,,,,,,,,
L1,6,Oracle,"[""GPU"", ""GPU"", ""NPU"", ""NPU"", ""GPU"", ""GPU""]",0.1717,0.0672,0.010528,0.2373,0.1128,33.84,269.1,3,24.5,GPU,2,0.088,0.0125,0.0951,0.396,0.1128,43.41,78.0,GPU,22,0.1891,0.0011,0.1893,0.5777,0.1622,44.56,78.1,NPU,13,0.1874,0.0038,0.0861,0.3991,0.2209,19.96,0.1,NPU,3,0.1214,0.0005,0.1816,0.339,0.2899,20.7,0.2,GPU,21,0.0672,0.0082,0.0118,0.1829,0.2069,43.89,79.5,GPU,14,0.3771,0.0554,0.2081,0.5797,0.431,30.49,33.2,,,,,,,,,,,,,,,,,,
L1,6,Oracle,"[""NPU"", ""GPU"", ""GPU"", ""NPU"", ""GPU"", ""GPU""]",0.1744,0.07,0.01132,0.2424,0.1329,30.21,180.7,4,23.9,NPU,2,0.109,0.0113,0.1426,0.5659,0.1329,21.92,0.0,GPU,22,0.1959,0.0013,0.1886,0.5953,0.1817,40.08,61.9,GPU,13,0.1539,0.0087,0.0957,0.3582,0.1868,29.05,29.3,NPU,3,0.1214,0.0005,0.1816,0.339,0.2899,21.73,0.0,GPU,21,0.07,0.009,0.0127,0.1892,0.2065,39.79,62.6,GPU,14,0.3959,0.0562,0.2095,0.6024,0.4565,28.7,26.9,,,,,,,,,,,,,,,,,,
L1,6,Oracle,"[""GPU"", ""NPU"", ""NPU"", ""GPU"", ""GPU"", ""GPU""]",0.1678,0.0704,0.011352,0.2357,0.1106,34.27,265.1,3,25.0,GPU,2,0.0882,0.0125,0.0963,0.4007,0.1106,45.0,78.7,NPU,22,0.1912,0.001,0.1732,0.6139,0.1996,21.43,0.2,NPU,13,0.1874,0.0038,0.0861,0.3987,0.2209,20.14,0.2,GPU,3,0.0893,0.0025,0.1841,0.1958,0.24,44.0,74.0,GPU,21,0.0704,0.0083,0.0126,0.188,0.2081,43.9,76.3,GPU,14,0.3804,0.0578,0.2087,0.5834,0.4349,31.13,35.6,,,,,,,,,,,,,,,,,,
L1,6,Oracle,"[""GPU"", ""GPU"", ""GPU"", ""NPU"", ""NPU"", ""GPU""]",0.1735,0.0836,0.011299,0.2449,0.1168,29.77,185.2,4,23.6,GPU,2,0.09,0.0139,0.1042,0.3998,0.1168,40.22,67.0,GPU,22,0.1967,0.0013,0.189,0.5985,0.1837,39.2,61.1,GPU,13,0.1543,0.0087,0.0956,0.3582,0.1971,28.66,28.2,NPU,3,0.1214,0.0005,0.1818,0.3389,0.2899,21.28,0.2,NPU,21,0.0836,0.0014,0.0244,0.2127,0.2268,20.71,0.0,GPU,14,0.3951,0.0559,0.2107,0.6019,0.4552,28.53,28.8,,,,,,,,,,,,,,,,,,
L1,6,Oracle,"[""GPU"", ""GPU"", ""GPU"", ""GPU"", ""NPU"", ""NPU""]",0.1716,0.0836,0.013164,0.2358,0.1171,32.94,260.6,3,23.8,GPU,2,0.0897,0.0131,0.0998,0.4009,0.1171,41.98,73.8,GPU,22,0.1947,0.001,0.1886,0.5893,0.1742,42.52,76.4,GPU,13,0.1584,0.0088,0.0943,0.3616,0.1994,29.34,32.4,GPU,3,0.092,0.0022,0.1897,0.1645,0.246,43.48,78.0,NPU,21,0.0836,0.0014,0.0244,0.2127,0.2268,20.5,0.0,NPU,14,0.4114,0.0136,0.199,0.6555,0.4512,19.83,0.0,,,,,,,,,,,,,,,,,,
L1,6,Oracle,"[""GPU"", ""NPU"", ""GPU"", ""NPU"", ""GPU"", ""GPU""]",0.1699,0.0708,0.011817,0.2439,0.1163,30.2,192.5,4,23.7,GPU,2,0.0899,0.0132,0.1034,0.3992,0.1163,40.72,67.8,NPU,22,0.1909,0.001,0.1734,0.6131,0.1996,21.64,1.1,GPU,13,0.1498,0.0086,0.0954,0.3538,0.1899,28.92,29.5,NPU,3,0.1214,0.0005,0.1811,0.339,0.2899,21.02,0.4,GPU,21,0.0708,0.0086,0.0124,0.1923,0.2087,40.54,64.6,GPU,14,0.3968,0.057,0.2094,0.6028,0.4586,28.36,28.9,,,,,,,,,,,,,,,,,,
L1,6,Oracle,"[""GPU"", ""GPU"", ""NPU"", ""GPU"", ""NPU"", ""NPU""]",0.1792,0.0836,0.012772,0.2507,0.1278,28.77,181.0,3,18.0,GPU,2,0.0922,0.013,0.1066,0.4099,0.1278,37.97,63.2,GPU,22,0.1968,0.0012,0.19,0.597,0.1925,37.36,59.0,NPU,13,0.1874,0.0038,0.0861,0.3991,0.2209,19.96,0.0,GPU,3,0.104,0.0025,0.2075,0.1996,0.2848,36.75,58.9,NPU,21,0.0836,0.0014,0.0244,0.2127,0.2268,20.62,0.0,NPU,14,0.4114,0.0136,0.199,0.6555,0.4512,19.95,0.0,,,,,,,,,,,,,,,,,,
L1,6,Oracle,"[""GPU"", ""NPU"", ""GPU"", ""NPU"", ""NPU"", ""GPU""]",0.1806,0.0833,0.012984,0.2564,0.1319,24.88,86.1,6,22.5,GPU,2,0.0986,0.0151,0.1262,0.4567,0.1319,32.99,43.8,NPU,22,0.1913,0.001,0.1734,0.614,0.1996,21.69,0.4,GPU,13,0.1678,0.0091,0.1003,0.3752,0.2135,26.04,21.5,NPU,3,0.1215,0.0005,0.1816,0.339,0.2899,21.41,0.2,NPU,21,0.0833,0.0014,0.0244,0.2124,0.2268,21.28,0.7,GPU,14,0.4213,0.0556,0.2126,0.6357,0.4768,25.84,19.4,,,,,,,,,,,,,,,,,,
L1,6,Oracle,"[""NPU"", ""NPU"", ""GPU"", ""NPU"", ""GPU"", ""GPU""]",0.181,0.0792,0.012623,0.262,0.1329,24.92,88.0,6,22.4,NPU,2,0.109,0.0113,0.1426,0.5659,0.1329,21.63,0.0,NPU,22,0.1912,0.001,0.1733,0.6139,0.1996,21.69,0.2,GPU,13,0.1669,0.009,0.0996,0.3738,0.2218,26.0,21.9,NPU,3,0.1212,0.0005,0.1814,0.3389,0.2899,21.7,0.2,GPU,21,0.0792,0.0096,0.0168,0.212,0.2493,32.9,45.4,GPU,14,0.4183,0.0568,0.2118,0.6313,0.4784,25.57,20.3,,,,,,,,,,,,,,,,,,
L1,6,Oracle,"[""NPU"", ""NPU"", ""GPU"", ""GPU"", ""NPU"", ""GPU""]",0.1773,0.0836,0.012813,0.253,0.1329,24.83,87.5,6,21.9,NPU,2,0.1089,0.0113,0.1423,0.5658,0.1329,21.56,0.2,NPU,22,0.1912,0.001,0.1733,0.614,0.1996,21.71,0.0,GPU,13,0.1604,0.0088,0.0991,0.3677,0.2054,25.76,21.4,GPU,3,0.1028,0.003,0.2166,0.1919,0.2785,33.48,45.2,NPU,21,0.0836,0.0014,0.0244,0.2127,0.2268,21.19,0.0,GPU,14,0.4169,0.0571,0.2119,0.63,0.4748,25.25,20.7,,,,,,,,,,,,,,,,,,
L1,6,Oracle,"[""NPU"", ""NPU"", ""GPU"", ""GPU"", ""GPU"", ""NPU""]",0.1744,0.0778,0.012652,0.2483,0.1329,27.07,137.5,4,23.1,NPU,2,0.1089,0.0114,0.1421,0.5658,0.1329,21.42,0.5,NPU,22,0.191,0.0009,0.1733,0.6139,0.1996,21.41,0.9,GPU,13,0.1575,0.0087,0.0971,0.363,0.1983,27.37,26.3,GPU,3,0.0998,0.0025,0.2055,0.2106,0.2721,36.07,55.1,GPU,21,0.0778,0.0091,0.0147,0.2082,0.2357,36.22,54.7,NPU,14,0.4114,0.0136,0.199,0.6555,0.4512,19.9,0.0,,,,,,,,,,,,,,,,,,
L1,6,Oracle,"[""GPU"", ""NPU"", ""GPU"", ""NPU"", ""GPU"", ""NPU""]",0.1758,0.0766,0.012514,0.2504,0.1319,26.47,121.9,5,23.0,GPU,2,0.0969,0.0141,0.1176,0.4633,0.1319,34.81,47.4,NPU,22,0.1913,0.001,0.1733,0.614,0.1996,21.42,0.2,GPU,13,0.1575,0.0091,0.0978,0.3629,0.1984,26.66,23.6,NPU,3,0.1214,0.0005,0.1816,0.339,0.2899,21.16,0.0,GPU,21,0.0766,0.0098,0.0155,0.2064,0.2317,35.04,50.5,NPU,14,0.4113,0.0136,0.199,0.6555,0.4512,19.73,0.1,,,,,,,,,,,,,,,,,,
L1,6,Oracle,"[""NPU"", ""GPU"", ""GPU"", ""NPU"", ""GPU"", ""NPU""]",0.1799,0.0754,0.012262,0.254,0.1329,26.71,126.8,4,23.0,NPU,2,0.1088,0.0113,0.142,0.5655,0.1329,21.72,0.7,GPU,22,0.1995,0.0014,0.1906,0.6083,0.1965,35.32,50.1,GPU,13,0.1632,0.0088,0.0977,0.3692,0.2157,26.86,24.3,NPU,3,0.1214,0.0005,0.1816,0.339,0.2899,21.3,0.0,GPU,21,0.0754,0.0091,0.0145,0.2041,0.2377,35.09,51.4,NPU,14,0.4113,0.0136,0.199,0.6555,0.4512,19.95,0.2,,,,,,,,,,,,,,,,,,
L1,6,Oracle,"[""NPU"", ""GPU"", ""GPU"", ""GPU"", ""NPU"", ""NPU""]",0.179,0.0836,0.01244,0.2523,0.1329,26.21,115.0,6,23.2,NPU,2,0.1089,0.0113,0.1423,0.5658,0.1329,21.32,0.5,GPU,22,0.2018,0.0014,0.1903,0.6149,0.2011,34.23,47.4,GPU,13,0.1664,0.0088,0.0991,0.3729,0.2189,26.8,22.9,GPU,3,0.1018,0.003,0.208,0.2196,0.2831,34.21,44.3,NPU,21,0.0836,0.0014,0.0244,0.2127,0.2268,20.85,0.0,NPU,14,0.4114,0.0136,0.199,0.6555,0.4512,19.82,0.0,,,,,,,,,,,,,,,,,,
L1,6,Oracle,"[""GPU"", ""GPU"", ""NPU"", ""NPU"", ""NPU"", ""GPU""]",0.1829,0.0836,0.012268,0.258,0.1314,26.5,125.9,4,23.2,GPU,2,0.0952,0.0145,0.1161,0.428,0.1314,35.65,52.1,GPU,22,0.1989,0.0014,0.1905,0.6036,0.1984,34.92,51.5,NPU,13,0.1874,0.0038,0.0861,0.3991,0.2209,19.68,0.0,NPU,3,0.1213,0.0005,0.1816,0.3388,0.2899,21.25,0.4,NPU,21,0.0836,0.0014,0.0246,0.2127,0.2268,21.02,0.2,GPU,14,0.4109,0.0574,0.2113,0.6233,0.4805,26.46,21.6,,,,,,,,,,,,,,,,,,
L1,6,Oracle,"[""GPU"", ""NPU"", ""NPU"", ""GPU"", ""GPU"", ""NPU""]",0.1759,0.0739,0.013139,0.2523,0.1253,29.6,200.6,3,18.0,GPU,2,0.0916,0.0134,0.1066,0.4183,0.1253,38.78,69.1,NPU,22,0.1913,0.001,0.1734,0.614,0.1996,21.75,0.2,NPU,13,0.1874,0.0038,0.0861,0.3991,0.2209,19.87,0.0,GPU,3,0.1004,0.002,0.2002,0.2088,0.2744,38.57,65.9,GPU,21,0.0739,0.0083,0.0148,0.1965,0.2423,38.66,65.3,NPU,14,0.4109,0.0137,0.199,0.6551,0.4512,19.95,0.1,,,,,,,,,,,,,,,,,,
L1,6,Oracle,"[""GPU"", ""NPU"", ""NPU"", ""NPU"", ""GPU"", ""NPU""]",0.1814,0.081,0.012224,0.2602,0.1381,25.2,90.3,6,18.1,GPU,2,0.0986,0.0145,0.1202,0.4636,0.1381,33.59,46.0,NPU,22,0.1912,0.001,0.1733,0.614,0.1996,22.16,0.0,NPU,13,0.1863,0.0038,0.0859,0.3979,0.2209,19.94,0.5,NPU,3,0.1205,0.0004,0.1816,0.2985,0.2899,22.09,0.9,GPU,21,0.081,0.0092,0.0169,0.2136,0.2614,33.43,42.6,NPU,14,0.4107,0.0137,0.1991,0.6547,0.4512,19.99,0.2,,,,,,,,,,,,,,,,,,
L1,6,Oracle,"[""GPU"", ""NPU"", ""NPU"", ""NPU"", ""NPU"", ""GPU""]",0.1836,0.0836,0.012802,0.2609,0.1394,24.26,70.0,6,24.0,GPU,2,0.0995,0.0147,0.1251,0.4628,0.1394,32.75,45.0,NPU,22,0.1909,0.001,0.1733,0.6134,0.1996,22.22,0.9,NPU,13,0.1866,0.0038,0.086,0.3982,0.2209,20.2,0.2,NPU,3,0.1211,0.0005,0.1817,0.3382,0.2899,21.8,0.2,NPU,21,0.0836,0.0014,0.0246,0.2127,0.2268,21.7,0.9,GPU,14,0.4198,0.0562,0.2109,0.6301,0.489,26.87,22.7,,,,,,,,,,,,,,,,,,
L1,6,Oracle,"[""GPU"", ""GPU"", ""NPU"", ""NPU"", ""NPU"", ""NPU""]",0.1834,0.0833,0.012169,0.2549,0.1378,25.7,107.7,4,18.5,GPU,2,0.0971,0.0152,0.1168,0.4579,0.1378,34.63,52.0,GPU,22,0.2007,0.0015,0.1906,0.6101,0.203,35.04,54.2,NPU,13,0.1874,0.0038,0.0861,0.3989,0.2209,20.25,0.2,NPU,3,0.1214,0.0005,0.1816,0.339,0.2899,21.94,0.0,NPU,21,0.0833,0.0014,0.0244,0.2122,0.2268,21.92,0.7,NPU,14,0.4101,0.0134,0.199,0.6541,0.4512,20.42,0.6,,,,,,,,,,,,,,,,,,
L1,6,Oracle,"[""NPU"", ""GPU"", ""NPU"", ""GPU"", ""NPU"", ""NPU""]",0.1829,0.0835,0.012269,0.2572,0.1329,25.5,101.2,5,18.3,NPU,2,0.1089,0.0113,0.1421,0.5649,0.1329,22.12,0.2,GPU,22,0.2009,0.0014,0.1895,0.612,0.206,34.15,48.3,NPU,13,0.1874,0.0038,0.0861,0.3989,0.2209,20.31,0.3,GPU,3,0.1055,0.0018,0.2062,0.2403,0.3055,34.72,51.7,NPU,21,0.0835,0.0014,0.0245,0.2126,0.2268,21.68,0.2,NPU,14,0.4108,0.0136,0.199,0.6549,0.4512,20.01,0.3,,,,,,,,,,,,,,,,,,
L1,6,Oracle,"[""NPU"", ""GPU"", ""NPU"", ""NPU"", ""NPU"", ""GPU""]",0.1872,0.0834,0.012824,0.2606,0.1329,23.94,62.2,6,22.8,NPU,2,0.109,0.0113,0.1426,0.5659,0.1329,22.02,0.0,GPU,22,0.1992,0.0016,0.1911,0.6084,0.2079,32.05,42.3,NPU,13,0.1874,0.0038,0.0861,0.3989,0.2209,20.07,0.3,NPU,3,0.1214,0.0005,0.1816,0.3389,0.2899,22.08,0.2,NPU,21,0.0834,0.0014,0.0244,0.2124,0.2268,21.72,0.2,GPU,14,0.423,0.0564,0.213,0.6388,0.485,25.71,19.1,,,,,,,,,,,,,,,,,,
L1,6,Oracle,"[""NPU"", ""NPU"", ""GPU"", ""NPU"", ""NPU"", ""GPU""]",0.1834,0.0836,0.013163,0.2619,0.1329,22.42,30.7,6,21.4,NPU,2,0.1089,0.0113,0.1421,0.5658,0.1329,21.77,0.2,NPU,22,0.1912,0.001,0.1733,0.6142,0.1996,21.93,0.2,GPU,13,0.1683,0.0092,0.1019,0.3769,0.2318,23.93,15.3,NPU,3,0.1214,0.0005,0.1816,0.339,0.2899,21.71,0.0,NPU,21,0.0836,0.0014,0.0244,0.2127,0.2268,21.6,0.0,GPU,14,0.427,0.0568,0.2125,0.6441,0.4901,23.58,14.9,,,,,,,,,,,,,,,,,,
L1,6,Oracle,"[""NPU"", ""GPU"", ""NPU"", ""NPU"", ""GPU"", ""NPU""]",0.1867,0.0901,0.011747,0.264,0.1329,24.17,71.5,6,17.8,NPU,2,0.109,0.0113,0.1426,0.5659,0.1329,21.45,0.0,GPU,22,0.2022,0.0014,0.1908,0.6167,0.2122,31.49,34.8,NPU,13,0.1874,0.0038,0.0861,0.3991,0.2209,19.5,0.0,NPU,3,0.1203,0.0005,0.181,0.3389,0.2899,21.59,0.2,GPU,21,0.0901,0.0103,0.0241,0.229,0.2767,31.41,36.3,NPU,14,0.4113,0.0136,0.1991,0.6554,0.4512,19.58,0.1,,,,,,,,,,,,,,,,,,
L1,6,Oracle,"[""NPU"", ""NPU"", ""GPU"", ""NPU"", ""GPU"", ""NPU""]",0.1824,0.087,0.011791,0.2627,0.1329,23.92,56.2,6,22.6,NPU,2,0.1088,0.0113,0.1417,0.5644,0.1329,22.23,0.5,NPU,22,0.1912,0.001,0.1733,0.6138,0.1996,22.49,0.4,GPU,13,0.1746,0.0093,0.1006,0.3811,0.2311,25.37,17.6,NPU,3,0.1215,0.0005,0.1817,0.339,0.2899,22.14,0.4,GPU,21,0.087,0.0098,0.0208,0.2217,0.2717,31.23,36.9,NPU,14,0.4113,0.0138,0.199,0.6554,0.4512,20.07,0.3,,,,,,,,,,,,,,,,,,
L1,6,Oracle,"[""GPU"", ""NPU"", ""GPU"", ""NPU"", ""NPU"", ""NPU""]",0.1807,0.0835,0.012061,0.2571,0.1437,23.2,47.7,6,22.2,GPU,2,0.1028,0.0154,0.1339,0.4666,0.1437,30.09,31.2,NPU,22,0.1911,0.001,0.1733,0.6138,0.1996,21.92,0.7,GPU,13,0.175,0.0091,0.1023,0.383,0.2315,24.82,14.9,NPU,3,0.1205,0.0005,0.1816,0.3374,0.2899,21.41,0.4,NPU,21,0.0835,0.0014,0.0244,0.2123,0.2268,21.24,0.2,NPU,14,0.4111,0.0136,0.1991,0.6551,0.4512,19.74,0.2,,,,,,,,,,,,,,,,,,
L1,6,Oracle,"[""NPU"", ""NPU"", ""NPU"", ""NPU"", ""GPU"", ""GPU""]",0.1866,0.0828,0.013234,0.2665,0.1329,23.39,50.0,6,22.2,NPU,2,0.1088,0.0115,0.1421,0.5625,0.1329,22.03,0.9,NPU,22,0.191,0.001,0.1733,0.6131,0.1996,21.86,0.4,NPU,13,0.1874,0.0038,0.0861,0.3991,0.2209,19.92,0.2,NPU,3,0.1215,0.0005,0.1816,0.339,0.2899,21.65,0.2,GPU,21,0.0828,0.0098,0.0175,0.2191,0.2634,30.25,33.5,GPU,14,0.4281,0.0576,0.213,0.6452,0.4921,24.65,14.7,,,,,,,,,,,,,,,,,,
L1,6,Oracle,"[""NPU"", ""NPU"", ""NPU"", ""GPU"", ""NPU"", ""GPU""]",0.1864,0.0836,0.013071,0.2657,0.1329,23.23,45.8,6,22.5,NPU,2,0.109,0.0114,0.1422,0.5659,0.1329,21.38,0.2,NPU,22,0.1911,0.001,0.1734,0.6136,0.1996,21.82,0.2,NPU,13,0.1866,0.0038,0.0861,0.3982,0.2209,19.93,0.1,GPU,3,0.1215,0.0031,0.2318,0.2565,0.3239,29.92,28.5,NPU,21,0.0836,0.0014,0.0244,0.2127,0.2268,21.34,0.0,GPU,14,0.4265,0.0578,0.2123,0.6433,0.49,24.96,16.7,,,,,,,,,,,,,,,,,,
L1,6,Oracle,"[""NPU"", ""GPU"", ""GPU"", ""NPU"", ""NPU"", ""NPU""]",0.1843,0.0832,0.011977,0.2593,0.1329,23.15,47.4,6,22.3,NPU,2,0.1089,0.0114,0.1423,0.5655,0.1329,21.66,0.7,GPU,22,0.2041,0.0015,0.1916,0.6234,0.2141,30.09,30.7,GPU,13,0.177,0.0091,0.1009,0.3849,0.2409,24.78,14.8,NPU,3,0.1214,0.0005,0.1815,0.3389,0.2899,21.47,0.2,NPU,21,0.0832,0.0012,0.0244,0.2123,0.2268,21.1,0.7,NPU,14,0.4114,0.0136,0.199,0.6551,0.4512,19.78,0.2,,,,,,,,,,,,,,,,,,
L1,8,Naive_allGPU+Oracle,"[""GPU"", ""GPU"", ""GPU"", ""GPU"", ""GPU"", ""GPU"", ""GPU"", ""GPU""]",0.1525,0.0584,0.007069,0.1597,0.0715,57.89,585.0,2,24.9,GPU,2,0.0754,0.0096,0.0768,0.347,0.0715,72.27,95.2,GPU,22,0.1819,0.0011,0.1861,0.5477,0.1127,65.23,91.5,GPU,13,0.1346,0.0087,0.0851,0.332,0.1677,36.42,33.3,GPU,16,0.1704,0.0064,0.4876,0.2673,0.1406,68.36,94.4,GPU,3,0.0639,0.0014,0.1277,0.1067,0.1537,69.81,92.2,GPU,21,0.0584,0.0068,0.0091,0.1564,0.1428,68.03,93.6,GPU,14,0.3218,0.0593,0.2026,0.5079,0.3573,36.17,31.4,GPU,4,0.2137,0.0,0.1317,0.5332,0.1313,46.83,53.5
L1,8,SizeAware+Oracle,"[""NPU"", ""NPU"", ""NPU"", ""NPU"", ""GPU"", ""GPU"", ""GPU"", ""GPU""]",0.1948,0.0602,0.011763,0.2313,0.1329,33.82,262.4,5,24.3,NPU,2,0.1087,0.0113,0.1406,0.5647,0.1329,23.41,1.6,NPU,22,0.1917,0.001,0.1733,0.613,0.1996,23.9,2.5,NPU,13,0.1872,0.0038,0.0858,0.3989,0.2209,21.21,0.5,NPU,16,0.3556,0.0051,0.4687,0.68,0.3906,23.26,2.3,GPU,3,0.0779,0.0024,0.1658,0.1257,0.1907,53.33,87.4,GPU,21,0.0602,0.008,0.01,0.1667,0.1561,52.72,83.4,GPU,14,0.364,0.0573,0.2072,0.562,0.4075,32.29,33.1,GPU,4,0.2132,0.0,0.1302,0.5316,0.1517,40.47,51.7
L1,8,SizeBlindRev+Oracle,"[""GPU"", ""GPU"", ""GPU"", ""GPU"", ""NPU"", ""NPU"", ""NPU"", ""NPU""]",0.1767,0.0828,0.009667,0.2173,0.0933,35.1,308.7,5,24.1,GPU,2,0.0828,0.012,0.0894,0.3696,0.0933,52.93,90.7,GPU,22,0.1841,0.0013,0.1873,0.559,0.142,51.73,89.2,GPU,13,0.1426,0.0085,0.0906,0.3435,0.1653,32.16,35.3,GPU,16,0.1851,0.0069,0.5451,0.3144,0.1642,52.67,89.7,NPU,3,0.1204,0.0005,0.1808,0.3374,0.2899,23.91,1.8,NPU,21,0.0834,0.0014,0.0245,0.2124,0.2268,23.16,0.2,NPU,14,0.4102,0.0134,0.199,0.6545,0.4512,21.37,0.8,NPU,4,0.2051,0.0,0.082,0.5464,0.2059,22.89,0.9
L1,8,Oracle,"[""NPU"", ""GPU"", ""GPU"", ""GPU"", ""GPU"", ""GPU"", ""GPU"", ""GPU""]",0.1586,0.0588,0.00694,0.1692,0.1143,50.33,490.4,3,24.9,NPU,2,0.109,0.0113,0.1426,0.5659,0.1329,21.05,0.0,GPU,22,0.1812,0.001,0.187,0.5463,0.1143,68.07,93.1,GPU,13,0.1342,0.008,0.085,0.332,0.1638,36.14,34.3,GPU,16,0.1683,0.0079,0.5164,0.2632,0.1332,65.09,93.7,GPU,3,0.0693,0.0017,0.1501,0.1248,0.1611,65.51,90.7,GPU,21,0.0588,0.0072,0.009,0.1592,0.1442,65.58,92.6,GPU,14,0.3346,0.0576,0.2042,0.5234,0.3697,35.58,34.0,GPU,4,0.2129,0.0,0.1299,0.5344,0.1347,45.6,52.0
L1,8,Oracle,"[""GPU"", ""NPU"", ""GPU"", ""GPU"", ""GPU"", ""GPU"", ""GPU"", ""GPU""]",0.1564,0.0582,0.007748,0.1726,0.0736,49.18,480.0,3,24.7,GPU,2,0.0759,0.0104,0.0763,0.3482,0.0736,65.01,95.6,NPU,22,0.191,0.001,0.1734,0.6138,0.1996,21.6,0.4,GPU,13,0.1291,0.0079,0.0867,0.3296,0.1537,35.11,32.4,GPU,16,0.175,0.0072,0.5064,0.2784,0.1356,65.75,88.0,GPU,3,0.0699,0.0021,0.1464,0.0921,0.1688,62.33,89.4,GPU,21,0.0582,0.0065,0.009,0.1601,0.1441,63.49,91.5,GPU,14,0.3374,0.0559,0.205,0.5235,0.3714,35.22,31.9,GPU,4,0.2143,0.0,0.1326,0.5355,0.1341,44.93,50.8
L1,8,Oracle,"[""GPU"", ""GPU"", ""NPU"", ""GPU"", ""GPU"", ""GPU"", ""GPU"", ""GPU""]",0.1601,0.0581,0.007147,0.1673,0.0734,55.71,556.6,3,24.3,GPU,2,0.0763,0.0091,0.0762,0.3548,0.0734,69.68,94.8,GPU,22,0.1765,0.0011,0.1866,0.5358,0.1096,67.09,91.8,NPU,13,0.1874,0.0038,0.0861,0.3991,0.2209,20.01,0.0,GPU,16,0.1743,0.0062,0.5223,0.2599,0.141,68.41,98.0,GPU,3,0.069,0.0014,0.127,0.1186,0.159,70.14,95.3,GPU,21,0.0581,0.0065,0.0086,0.156,0.146,69.25,96.4,GPU,14,0.3257,0.0555,0.203,0.5138,0.3584,35.23,32.0,GPU,4,0.2131,0.0,0.1297,0.533,0.1302,45.85,48.3
L1,8,Oracle,"[""GPU"", ""GPU"", ""GPU"", ""NPU"", ""GPU"", ""GPU"", ""GPU"", ""GPU""]",0.1778,0.0581,0.012068,0.1929,0.0749,49.83,491.9,3,24.9,GPU,2,0.0771,0.0106,0.0769,0.359,0.0749,67.17,94.6,GPU,22,0.1805,0.001,0.1878,0.5468,0.117,63.72,91.6,GPU,13,0.1296,0.0083,0.0847,0.3285,0.1503,36.0,32.6,NPU,16,0.3591,0.0051,0.4956,0.6831,0.3906,20.81,0.0,GPU,3,0.0711,0.0015,0.1437,0.1393,0.1642,66.39,95.1,GPU,21,0.0581,0.0062,0.0092,0.1602,0.1403,63.82,94.4,GPU,14,0.3333,0.059,0.2039,0.5223,0.3697,35.61,32.8,GPU,4,0.2136,0.0,0.1307,0.5323,0.1367,45.1,50.9
L1,8,Oracle,"[""GPU"", ""GPU"", ""GPU"", ""GPU"", ""NPU"", ""GPU"", ""GPU"", ""GPU""]",0.1597,0.0549,0.006679,0.1741,0.0752,50.02,492.3,3,24.7,GPU,2,0.0775,0.0108,0.0794,0.3552,0.0752,66.76,92.5,GPU,22,0.1782,0.001,0.1859,0.5403,0.1135,66.06,94.2,GPU,13,0.1264,0.0083,0.0853,0.3256,0.1482,35.68,33.4,GPU,16,0.1736,0.0066,0.5094,0.2763,0.1331,65.95,94.5,NPU,3,0.1214,0.0005,0.1816,0.339,0.2899,20.88,0.0,GPU,21,0.0549,0.0069,0.0083,0.152,0.1293,65.07,94.1,GPU,14,0.332,0.0557,0.2029,0.5168,0.3678,35.35,32.7,GPU,4,0.2135,0.0,0.1325,0.5323,0.1363,44.38,50.9
L1,8,Oracle,"[""GPU"", ""GPU"", ""GPU"", ""GPU"", ""GPU"", ""NPU"", ""GPU"", ""GPU""]",0.1569,0.0695,0.007116,0.1728,0.0747,50.38,489.1,3,24.9,GPU,2,0.0764,0.0104,0.0751,0.3528,0.0747,66.16,92.2,GPU,22,0.18,0.0009,0.1869,0.5426,0.1165,63.68,93.4,GPU,13,0.1231,0.0081,0.0856,0.3221,0.149,35.72,31.4,GPU,16,0.1721,0.0063,0.507,0.2695,0.1463,67.31,93.5,GPU,3,0.0695,0.0021,0.142,0.1254,0.1649,68.05,94.1,NPU,21,0.0836,0.0014,0.0244,0.2127,0.2268,20.67,0.0,GPU,14,0.3367,0.0563,0.2023,0.5268,0.3718,35.52,33.0,GPU,4,0.2135,0.0,0.1322,0.5322,0.1323,45.94,51.6
L1,8,Oracle,"[""GPU"", ""GPU"", ""GPU"", ""GPU"", ""GPU"", ""GPU"", ""NPU"", ""GPU""]",0.1609,0.0583,0.01176,0.1684,0.0695,57.3,563.7,2,24.3,GPU,2,0.0746,0.0098,0.0711,0.3465,0.0695,71.55,97.3,GPU,22,0.1807,0.0009,0.184,0.5399,0.1058,71.22,95.3,GPU,13,0.1277,0.0082,0.0841,0.3253,0.1564,36.22,31.1,GPU,16,0.1561,0.0072,0.4818,0.2346,0.1267,72.06,96.3,GPU,3,0.0653,0.0019,0.1335,0.1198,0.1602,71.96,97.9,GPU,21,0.0583,0.0061,0.009,0.1554,0.1486,70.16,95.4,NPU,14,0.4114,0.0136,0.199,0.6555,0.4512,19.92,0.0,GPU,4,0.213,0.0,0.1299,0.5313,0.1286,45.29,50.4
L1,8,Oracle,"[""GPU"", ""GPU"", ""GPU"", ""GPU"", ""GPU"", ""GPU"", ""GPU"", ""NPU""]",0.1532,0.0547,0.007332,0.1686,0.0774,53.18,527.6,3,23.9,GPU,2,0.0769,0.0097,0.0739,0.356,0.0774,66.65,93.7,GPU,22,0.1795,0.0008,0.1839,0.5369,0.1065,69.19,92.9,GPU,13,0.1298,0.0082,0.0855,0.3289,0.1542,34.86,30.3,GPU,16,0.1764,0.0066,0.4997,0.2737,0.1406,66.35,95.6,GPU,3,0.0712,0.0014,0.1373,0.1466,0.1626,65.83,90.2,GPU,21,0.0547,0.0065,0.0088,0.1504,0.1354,67.82,95.0,GPU,14,0.332,0.0518,0.2045,0.5215,0.3659,34.16,29.8,NPU,4,0.2047,0.0,0.0816,0.5458,0.2059,20.62,0.2
L1,8,Oracle,"[""GPU"", ""GPU"", ""GPU"", ""NPU"", ""GPU"", ""GPU"", ""NPU"", ""GPU""]",0.186,0.0572,0.015784,0.2019,0.0743,49.09,469.0,4,24.3,GPU,2,0.0757,0.0096,0.0757,0.3511,0.0743,67.64,97.0,GPU,22,0.174,0.001,0.1853,0.5279,0.1057,69.62,95.3,GPU,13,0.1285,0.0083,0.0862,0.3267,0.1543,35.24,33.1,NPU,16,0.3565,0.0051,0.4957,0.6795,0.3906,21.08,0.5,GPU,3,0.0701,0.002,0.145,0.0989,0.1619,69.04,97.5,GPU,21,0.0572,0.0066,0.0083,0.1577,0.1399,66.18,95.6,NPU,14,0.4113,0.0137,0.199,0.6554,0.4512,20.02,0.2,GPU,4,0.2146,0.0,0.1298,0.5344,0.1369,43.93,49.8
L1,8,Oracle,"[""NPU"", ""GPU"", ""GPU"", ""GPU"", ""NPU"", ""GPU"", ""GPU"", ""GPU""]",0.1673,0.0601,0.006685,0.1907,0.1228,41.59,391.7,4,25.0,NPU,2,0.1089,0.0113,0.1424,0.5624,0.1329,22.03,0.2,GPU,22,0.1846,0.0012,0.187,0.5552,0.1228,60.17,90.7,GPU,13,0.1233,0.0086,0.0874,0.3238,0.1481,34.23,34.3,GPU,16,0.1817,0.0067,0.4983,0.3048,0.1552,57.48,90.2,NPU,3,0.1208,0.0005,0.1813,0.3389,0.2899,21.67,0.2,GPU,21,0.0601,0.0074,0.0095,0.1621,0.1482,59.95,90.7,GPU,14,0.3457,0.0562,0.205,0.5387,0.3859,34.33,32.7,GPU,4,0.2137,0.0,0.1292,0.5327,0.1423,42.87,52.7
L1,8,Oracle,"[""NPU"", ""NPU"", ""GPU"", ""GPU"", ""GPU"", ""GPU"", ""GPU"", ""GPU""]",0.1639,0.0611,0.007292,0.1894,0.1329,41.48,394.5,4,24.8,NPU,2,0.109,0.0113,0.1422,0.5656,0.1329,21.78,0.5,NPU,22,0.1912,0.001,0.1734,0.614,0.1996,21.85,0.4,GPU,13,0.1362,0.0084,0.0864,0.3357,0.1677,34.65,35.2,GPU,16,0.1765,0.0081,0.5192,0.2869,0.1465,60.13,92.5,GPU,3,0.0779,0.002,0.1617,0.1267,0.1902,57.6,90.9,GPU,21,0.0611,0.0064,0.0096,0.1663,0.1488,57.96,85.5,GPU,14,0.3461,0.0549,0.2063,0.531,0.3866,34.32,35.0,GPU,4,0.2135,0.0,0.1304,0.5321,0.1427,43.54,54.4
L1,8,Oracle,"[""GPU"", ""GPU"", ""GPU"", ""GPU"", ""NPU"", ""GPU"", ""NPU"", ""GPU""]",0.1697,0.0561,0.010704,0.1873,0.0762,47.98,461.2,4,24.3,GPU,2,0.0774,0.0105,0.0767,0.3574,0.0762,65.27,95.7,GPU,22,0.1796,0.0008,0.1861,0.5451,0.1127,65.43,93.8,GPU,13,0.1297,0.0083,0.0876,0.3281,0.1507,34.63,32.3,GPU,16,0.1698,0.0065,0.5274,0.2608,0.142,66.7,96.6,NPU,3,0.1214,0.0005,0.1816,0.339,0.2899,21.49,0.0,GPU,21,0.0561,0.0069,0.0087,0.1551,0.1396,66.53,93.7,NPU,14,0.4112,0.0136,0.199,0.6554,0.4512,20.08,0.1,GPU,4,0.2127,0.0,0.1327,0.5298,0.1362,43.74,49.1
L1,8,Oracle,"[""GPU"", ""NPU"", ""GPU"", ""NPU"", ""GPU"", ""GPU"", ""GPU"", ""GPU""]",0.1802,0.0585,0.012514,0.2072,0.078,42.01,383.2,5,24.7,GPU,2,0.0769,0.0108,0.0791,0.3543,0.078,62.36,93.0,NPU,22,0.1911,0.001,0.1734,0.6133,0.1996,21.71,0.2,GPU,13,0.1252,0.0086,0.0871,0.3197,0.1541,34.25,31.8,NPU,16,0.3591,0.0051,0.4953,0.6826,0.3906,21.24,0.2,GPU,3,0.073,0.0022,0.1537,0.1291,0.1664,59.43,88.4,GPU,21,0.0585,0.0069,0.0091,0.1616,0.1376,61.42,87.5,GPU,14,0.3443,0.0567,0.205,0.5336,0.3835,33.99,32.6,GPU,4,0.2131,0.0,0.1326,0.5312,0.1474,41.7,49.3
L1,8,Oracle,"[""GPU"", ""NPU"", ""NPU"", ""GPU"", ""GPU"", ""GPU"", ""GPU"", ""GPU""]",0.1662,0.0581,0.007777,0.1843,0.0796,45.94,457.7,4,24.2,GPU,2,0.0785,0.0101,0.0814,0.358,0.0796,62.26,93.1,NPU,22,0.1912,0.001,0.1734,0.6139,0.1996,21.61,0.4,NPU,13,0.1866,0.0038,0.086,0.3983,0.2209,19.85,0.2,GPU,16,0.1857,0.0064,0.5185,0.2917,0.1471,59.97,93.8,GPU,3,0.0739,0.0021,0.15,0.1185,0.171,62.06,93.2,GPU,21,0.0581,0.0071,0.0095,0.1576,0.1425,64.05,95.7,GPU,14,0.3411,0.0558,0.2041,0.5338,0.3768,33.86,31.3,GPU,4,0.2142,0.0,0.1322,0.5345,0.1366,43.86,49.9
L1,8,Oracle,"[""GPU"", ""GPU"", ""GPU"", ""GPU"", ""NPU"", ""NPU"", ""GPU"", ""GPU""]",0.1685,0.0787,0.0068,0.1958,0.0811,41.56,380.9,4,24.8,GPU,2,0.0787,0.0116,0.0821,0.3575,0.0811,60.06,89.7,GPU,22,0.1841,0.0015,0.1888,0.5546,0.1262,58.2,86.1,GPU,13,0.1274,0.0084,0.087,0.3271,0.1558,34.84,32.6,GPU,16,0.1897,0.006,0.5177,0.3165,0.1589,59.45,88.6,NPU,3,0.1214,0.0005,0.1816,0.339,0.2899,21.24,0.0,NPU,21,0.0836,0.0014,0.0244,0.2127,0.2268,21.02,0.0,GPU,14,0.3485,0.0543,0.2049,0.5419,0.3875,34.44,32.8,GPU,4,0.2145,0.0,0.1327,0.5335,0.1402,43.2,51.1
L1,8,Oracle,"[""NPU"", ""GPU"", ""GPU"", ""GPU"", ""GPU"", ""NPU"", ""GPU"", ""GPU""]",0.1651,0.073,0.007195,0.1893,0.1284,40.74,381.9,4,24.8,NPU,2,0.1089,0.0113,0.142,0.5659,0.1329,21.69,0.2,GPU,22,0.1813,0.0009,0.187,0.5525,0.1284,58.04,89.5,GPU,13,0.1282,0.0085,0.088,0.328,0.1616,34.31,33.1,GPU,16,0.1797,0.0065,0.5146,0.3022,0.1485,59.05,87.7,GPU,3,0.073,0.0025,0.158,0.1467,0.1773,56.49,87.5,NPU,21,0.0836,0.0014,0.0244,0.2127,0.2268,20.94,0.2,GPU,14,0.3524,0.0554,0.2044,0.5457,0.3897,33.98,33.4,GPU,4,0.2138,0.0,0.1328,0.5327,0.1494,41.43,50.2
L1,8,Oracle,"[""GPU"", ""GPU"", ""GPU"", ""GPU"", ""GPU"", ""NPU"", ""GPU"", ""NPU""]",0.156,0.069,0.00697,0.1824,0.0756,46.22,436.1,4,24.1,GPU,2,0.0768,0.0098,0.0772,0.3552,0.0756,65.87,93.7,GPU,22,0.1798,0.0011,0.1854,0.5442,0.1141,64.95,94.8,GPU,13,0.1221,0.0081,0.0859,0.3206,0.1547,34.5,31.7,GPU,16,0.177,0.0062,0.506,0.2836,0.1452,64.23,93.8,GPU,3,0.069,0.0016,0.1497,0.1097,0.1652,64.45,91.0,NPU,21,0.0836,0.0014,0.0244,0.2127,0.2268,20.76,0.0,GPU,14,0.3353,0.0564,0.2049,0.525,0.3715,34.07,31.1,NPU,4,0.2047,0.0,0.0816,0.5458,0.2059,20.94,0.0
L1,8,Oracle,"[""GPU"", ""GPU"", ""NPU"", ""GPU"", ""GPU"", ""GPU"", ""GPU"", ""NPU""]",0.1572,0.0571,0.006865,0.1748,0.0724,53.19,509.1,3,24.1,GPU,2,0.076,0.0096,0.0754,0.3528,0.0724,70.58,96.8,GPU,22,0.1752,0.001,0.1856,0.5301,0.1018,70.68,96.9,NPU,13,0.1874,0.0038,0.0862,0.399,0.2209,20.22,0.2,GPU,16,0.1611,0.0058,0.5049,0.2381,0.135,71.87,96.9,GPU,3,0.0724,0.0021,0.1473,0.0947,0.1655,67.3,90.6,GPU,21,0.0571,0.0069,0.0093,0.1545,0.1408,68.7,97.0,GPU,14,0.3234,0.0546,0.2038,0.5099,0.3563,34.82,30.4,NPU,4,0.2045,0.0,0.0815,0.5439,0.2059,21.3,0.3
L1,8,Oracle,"[""NPU"", ""GPU"", ""GPU"", ""NPU"", ""GPU"", ""GPU"", ""GPU"", ""GPU""]",0.1816,0.0587,0.011717,0.2024,0.1165,42.87,383.9,5,24.9,NPU,2,0.109,0.0113,0.1426,0.5647,0.1329,21.37,0.5,GPU,22,0.1811,0.001,0.1871,0.5403,0.1165,63.62,90.5,GPU,13,0.1195,0.0086,0.0858,0.3191,0.151,35.6,32.7,NPU,16,0.3591,0.0051,0.4954,0.6832,0.3906,21.11,0.2,GPU,3,0.0719,0.002,0.1463,0.1126,0.1609,62.49,91.7,GPU,21,0.0587,0.0066,0.0087,0.162,0.1423,60.86,85.5,GPU,14,0.3393,0.054,0.2052,0.5338,0.3807,34.73,33.1,GPU,4,0.2139,0.0,0.1298,0.5348,0.1447,43.21,49.8
L1,8,Oracle,"[""GPU"", ""GPU"", ""NPU"", ""NPU"", ""GPU"", ""GPU"", ""GPU"", ""GPU""]",0.1863,0.058,0.012092,0.2038,0.077,46.6,457.7,4,24.2,GPU,2,0.0777,0.01,0.0778,0.3637,0.077,64.29,94.2,GPU,22,0.1818,0.0014,0.1861,0.5497,0.1168,62.53,93.7,NPU,13,0.1874,0.0038,0.0861,0.399,0.2209,20.04,0.1,NPU,16,0.3564,0.0051,0.4954,0.6793,0.3906,20.81,0.2,GPU,3,0.0696,0.0014,0.1372,0.1165,0.1673,63.36,92.1,GPU,21,0.058,0.0069,0.009,0.1593,0.1428,64.48,96.2,GPU,14,0.3447,0.0551,0.2056,0.536,0.3786,33.71,32.1,GPU,4,0.2149,0.0,0.1328,0.5363,0.1367,43.62,49.1
L1,8,Oracle,"[""NPU"", ""NPU"", ""GPU"", ""GPU"", ""NPU"", ""GPU"", ""GPU"", ""GPU""]",0.1714,0.0591,0.00739,0.207,0.1329,35.46,291.1,5,24.8,NPU,2,0.1088,0.0114,0.1417,0.5654,0.1329,22.4,0.7,NPU,22,0.1907,0.001,0.1735,0.6127,0.1996,22.4,0.9,GPU,13,0.1306,0.0083,0.0879,0.3311,0.1565,33.93,33.1,GPU,16,0.1861,0.0072,0.526,0.321,0.1668,54.43,87.2,NPU,3,0.1213,0.0005,0.1814,0.3388,0.2899,22.21,0.9,GPU,21,0.0591,0.0072,0.0107,0.1629,0.1521,54.7,85.3,GPU,14,0.3613,0.0567,0.2071,0.5573,0.407,32.97,32.1,GPU,4,0.2135,0.0,0.1328,0.5339,0.1512,40.61,50.9
L1,8,Oracle,"[""NPU"", ""NPU"", ""GPU"", ""NPU"", ""GPU"", ""GPU"", ""GPU"", ""GPU""]",0.1874,0.0609,0.012254,0.2214,0.1329,35.38,284.8,6,24.8,NPU,2,0.1088,0.0113,0.1421,0.5657,0.1329,22.21,0.2,NPU,22,0.1915,0.001,0.1733,0.6143,0.1996,22.35,0.4,GPU,13,0.1295,0.0079,0.0887,0.3297,0.1605,33.48,32.7,NPU,16,0.3591,0.0051,0.4956,0.6824,0.3906,21.64,0.2,GPU,3,0.076,0.0028,0.1659,0.128,0.1819,54.85,84.4,GPU,21,0.0609,0.0082,0.0096,0.1675,0.1497,54.27,85.4,GPU,14,0.3605,0.0575,0.2066,0.5575,0.4061,33.18,32.0,GPU,4,0.213,0.0,0.1328,0.5337,0.1499,41.11,49.4
L1,8,Oracle,"[""NPU"", ""NPU"", ""GPU"", ""GPU"", ""GPU"", ""GPU"", ""GPU"", ""NPU""]",0.1609,0.0567,0.007446,0.1923,0.1329,38.69,326.7,5,23.9,NPU,2,0.1088,0.0113,0.1412,0.5658,0.1329,22.89,1.1,NPU,22,0.191,0.001,0.1733,0.6135,0.1996,22.82,0.9,GPU,13,0.1239,0.0084,0.0881,0.3255,0.1534,33.11,31.2,GPU,16,0.1806,0.0069,0.5142,0.2991,0.1393,60.78,87.7,GPU,3,0.0756,0.0018,0.1592,0.1061,0.1768,57.56,88.0,GPU,21,0.0567,0.0075,0.0096,0.1565,0.1432,57.58,87.0,GPU,14,0.3457,0.0545,0.2051,0.5393,0.3873,32.71,30.4,NPU,4,0.2047,0.0,0.0816,0.5458,0.2059,22.06,0.3
L1,8,Oracle,"[""NPU"", ""GPU"", ""GPU"", ""NPU"", ""GPU"", ""GPU"", ""NPU"", ""GPU""]",0.1922,0.058,0.014682,0.2158,0.1267,40.37,358.9,5,24.4,NPU,2,0.1089,0.0113,0.1419,0.5656,0.1329,22.26,0.7,GPU,22,0.1797,0.0015,0.1863,0.5459,0.1267,58.26,88.2,GPU,13,0.1377,0.0085,0.0877,0.339,0.1668,34.62,33.0,NPU,16,0.3557,0.0051,0.4957,0.6776,0.3906,22.05,0.9,GPU,3,0.0722,0.0023,0.1528,0.0927,0.1698,62.12,94.5,GPU,21,0.058,0.0075,0.0088,0.1595,0.1438,60.6,91.4,NPU,14,0.4107,0.0136,0.199,0.655,0.4512,20.63,0.3,GPU,4,0.2146,0.0,0.1302,0.536,0.1442,42.39,49.8
L1,8,Oracle,"[""NPU"", ""GPU"", ""GPU"", ""NPU"", ""GPU"", ""GPU"", ""GPU"", ""NPU""]",0.1848,0.0606,0.011428,0.2187,0.1312,37.56,330.7,5,24.0,NPU,2,0.1087,0.0114,0.1417,0.5619,0.1329,22.44,0.9,GPU,22,0.1839,0.0012,0.1864,0.5584,0.1312,56.29,87.7,GPU,13,0.1368,0.0085,0.0897,0.3374,0.1652,32.94,31.9,NPU,16,0.3588,0.0051,0.4956,0.6824,0.3906,21.9,0.5,GPU,3,0.0786,0.0018,0.1656,0.1059,0.1851,56.56,91.4,GPU,21,0.0606,0.0075,0.01,0.1645,0.1538,55.85,86.0,GPU,14,0.3458,0.0549,0.2057,0.5398,0.3852,32.76,32.0,NPU,4,0.2054,0.0,0.0821,0.5469,0.2059,21.71,0.5
L1,8,Oracle,"[""GPU"", ""NPU"", ""GPU"", ""GPU"", ""NPU"", ""GPU"", ""GPU"", ""NPU""]",0.1665,0.0589,0.00774,0.2071,0.0856,37.01,321.4,5,23.9,GPU,2,0.0799,0.0121,0.0864,0.3632,0.0856,54.87,85.7,NPU,22,0.1913,0.001,0.1732,0.6141,0.1996,22.79,1.3,GPU,13,0.1331,0.0082,0.0887,0.3346,0.1672,32.53,31.8,GPU,16,0.1836,0.0066,0.5243,0.3177,0.1548,54.44,87.5,NPU,3,0.1215,0.0005,0.1816,0.339,0.2899,22.19,0.2,GPU,21,0.0589,0.0075,0.0107,0.1633,0.1516,55.51,83.3,GPU,14,0.3598,0.0567,0.206,0.5568,0.402,32.08,30.8,NPU,4,0.2043,0.0,0.0815,0.5451,0.2059,21.7,0.6
L1,8,Oracle,"[""GPU"", ""GPU"", ""NPU"", ""NPU"", ""GPU"", ""GPU"", ""NPU"", ""GPU""]",0.1959,0.0614,0.014992,0.2198,0.0826,42.25,423.2,3,20.2,GPU,2,0.0788,0.0109,0.08,0.3658,0.0826,57.96,91.4,GPU,22,0.1799,0.0014,0.185,0.5538,0.1268,58.6,90.8,NPU,13,0.1874,0.0038,0.0861,0.3991,0.2209,20.26,0.0,NPU,16,0.3591,0.0051,0.4956,0.6822,0.3906,21.22,0.2,GPU,3,0.0757,0.002,0.1523,0.1475,0.1825,59.16,93.6,GPU,21,0.0614,0.0074,0.0098,0.1654,0.1603,58.05,94.9,NPU,14,0.4113,0.0137,0.199,0.6555,0.4512,20.19,0.1,GPU,4,0.2136,0.0,0.1317,0.5341,0.1433,42.54,52.1
L1,8,Oracle,"[""GPU"", ""GPU"", ""GPU"", ""GPU"", ""NPU"", ""GPU"", ""NPU"", ""NPU""]",0.1682,0.0588,0.010556,0.1984,0.08,43.04,412.2,4,24.3,GPU,2,0.0784,0.0112,0.0813,0.3623,0.08,61.87,94.1,GPU,22,0.1791,0.0015,0.1854,0.5446,0.1169,61.91,91.4,GPU,13,0.1257,0.0083,0.0879,0.3249,0.1497,34.2,32.8,GPU,16,0.1686,0.0062,0.524,0.2687,0.1464,60.79,96.4,NPU,3,0.1192,0.0005,0.1809,0.3288,0.2899,21.96,1.3,GPU,21,0.0588,0.0067,0.0098,0.1601,0.147,61.47,94.6,NPU,14,0.4105,0.0137,0.1991,0.6545,0.4512,20.33,0.6,NPU,4,0.2053,0.0,0.0816,0.547,0.2059,21.82,0.9
L1,8,Oracle,"[""GPU"", ""NPU"", ""GPU"", ""GPU"", ""GPU"", ""GPU"", ""NPU"", ""NPU""]",0.1651,0.058,0.011423,0.1939,0.0803,43.49,407.4,4,24.3,GPU,2,0.0789,0.0103,0.0821,0.3617,0.0803,62.48,95.4,NPU,22,0.1912,0.001,0.1733,0.614,0.1996,22.16,0.0,GPU,13,0.1309,0.0085,0.0879,0.3304,0.1518,34.15,32.9,GPU,16,0.171,0.0073,0.5142,0.2711,0.1337,63.69,94.8,GPU,3,0.0738,0.002,0.1599,0.1138,0.1745,61.65,91.0,GPU,21,0.058,0.0074,0.0104,0.16,0.1544,61.7,92.8,NPU,14,0.4113,0.0136,0.1991,0.6561,0.4512,20.38,0.1,NPU,4,0.2054,0.0,0.082,0.5467,0.2059,21.75,0.5
L1,8,Oracle,"[""NPU"", ""GPU"", ""GPU"", ""NPU"", ""GPU"", ""NPU"", ""GPU"", ""GPU""]",0.1892,0.0761,0.0115,0.2235,0.1329,34.84,275.3,6,24.6,NPU,2,0.1088,0.0113,0.1415,0.5651,0.1329,22.23,0.9,GPU,22,0.1814,0.0011,0.1884,0.5465,0.1356,53.9,79.4,GPU,13,0.1324,0.0086,0.0885,0.3338,0.1557,33.55,32.7,NPU,16,0.3591,0.0051,0.4956,0.6831,0.3906,21.63,0.0,GPU,3,0.0761,0.0017,0.1632,0.1347,0.187,52.68,82.7,NPU,21,0.0832,0.0014,0.0241,0.2125,0.2268,21.92,0.2,GPU,14,0.3588,0.0555,0.2065,0.5551,0.4074,32.78,31.8,GPU,4,0.2138,0.0,0.1293,0.5334,0.1522,40.02,47.6
L1,8,Oracle,"[""GPU"", ""GPU"", ""NPU"", ""GPU"", ""GPU"", ""GPU"", ""NPU"", ""NPU""]",0.17,0.0553,0.011359,0.1887,0.0761,49.81,480.9,3,18.4,GPU,2,0.0782,0.0099,0.0794,0.3589,0.0761,67.13,95.1,GPU,22,0.1784,0.0008,0.1852,0.5384,0.1106,66.54,95.7,NPU,13,0.1874,0.0038,0.0859,0.3991,0.2209,20.31,0.1,GPU,16,0.1719,0.006,0.5109,0.2647,0.1376,67.25,98.5,GPU,3,0.0721,0.0017,0.1524,0.1107,0.1739,65.76,93.3,GPU,21,0.0553,0.0061,0.0079,0.151,0.1335,69.1,96.9,NPU,14,0.4109,0.0136,0.1991,0.6552,0.4512,20.33,0.5,NPU,4,0.2056,0.0,0.0821,0.5474,0.2059,22.04,0.9
L1,8,Oracle,"[""GPU"", ""GPU"", ""NPU"", ""GPU"", ""NPU"", ""GPU"", ""NPU"", ""GPU""]",0.178,0.0588,0.010405,0.1968,0.0774,45.25,435.2,4,20.1,GPU,2,0.0775,0.0105,0.0794,0.3546,0.0774,63.39,95.7,GPU,22,0.181,0.001,0.1863,0.5493,0.1127,65.2,93.8,NPU,13,0.1875,0.0038,0.086,0.399,0.2209,20.61,0.3,GPU,16,0.1739,0.0059,0.5187,0.2706,0.143,62.54,96.3,NPU,3,0.1209,0.0005,0.1813,0.339,0.2899,21.88,0.7,GPU,21,0.0588,0.0062,0.0086,0.1568,0.1408,64.13,98.6,NPU,14,0.411,0.0136,0.199,0.6552,0.4512,20.54,0.5,GPU,4,0.2135,0.0,0.1312,0.5339,0.1382,43.72,49.3
L1,8,Oracle,"[""GPU"", ""NPU"", ""GPU"", ""GPU"", ""NPU"", ""GPU"", ""NPU"", ""NPU""]",0.1724,0.0605,0.010389,0.2115,0.086,36.88,312.0,5,24.2,GPU,2,0.0799,0.0112,0.0817,0.3664,0.086,57.05,90.5,NPU,22,0.191,0.001,0.1733,0.6138,0.1996,23.35,1.3,GPU,13,0.1376,0.0087,0.0895,0.3376,0.1658,33.47,32.6,GPU,16,0.1737,0.0067,0.546,0.2927,0.1492,56.69,92.1,NPU,3,0.1212,0.0005,0.182,0.338,0.2899,22.64,0.9,GPU,21,0.0605,0.0074,0.0103,0.1636,0.1446,58.33,93.2,NPU,14,0.4108,0.0137,0.199,0.6547,0.4512,21.05,0.6,NPU,4,0.2043,0.0,0.0821,0.545,0.2059,22.42,0.8
L1,8,Oracle,"[""NPU"", ""GPU"", ""GPU"", ""NPU"", ""GPU"", ""NPU"", ""NPU"", ""GPU""]",0.1975,0.0808,0.013775,0.232,0.1329,33.32,250.3,6,24.4,NPU,2,0.1089,0.0113,0.1418,0.5579,0.1329,23.07,0.5,GPU,22,0.1872,0.0011,0.1862,0.5673,0.1435,51.71,81.0,GPU,13,0.1373,0.0083,0.0902,0.3392,0.1667,32.7,31.7,NPU,16,0.3586,0.0051,0.4955,0.6826,0.3906,22.71,0.2,GPU,3,0.0808,0.0024,0.1667,0.1411,0.192,52.79,86.5,NPU,21,0.083,0.0014,0.0236,0.2122,0.2268,22.87,1.4,NPU,14,0.4113,0.0135,0.1991,0.6554,0.4512,20.92,0.2,GPU,4,0.2131,0.0,0.1323,0.5314,0.1523,39.79,48.8
L1,8,Oracle,"[""GPU"", ""GPU"", ""NPU"", ""NPU"", ""NPU"", ""GPU"", ""GPU"", ""NPU""]",0.1948,0.0599,0.011411,0.2379,0.089,35.25,295.1,5,24.1,GPU,2,0.0809,0.0113,0.0852,0.3654,0.089,53.77,86.2,GPU,22,0.1848,0.001,0.1876,0.5562,0.1405,52.76,86.2,NPU,13,0.1874,0.0038,0.0861,0.3991,0.2209,21.14,0.1,NPU,16,0.3579,0.0051,0.4957,0.6801,0.3906,22.64,0.7,NPU,3,0.1203,0.0005,0.1809,0.3382,0.2899,23.34,1.3,GPU,21,0.0599,0.0075,0.0101,0.1677,0.1602,53.76,87.8,GPU,14,0.3613,0.0571,0.2071,0.5594,0.4059,31.99,31.6,NPU,4,0.206,0.0,0.0816,0.5479,0.2059,22.59,1.2
L1,8,Oracle,"[""GPU"", ""NPU"", ""NPU"", ""NPU"", ""NPU"", ""GPU"", ""GPU"", ""GPU""]",0.1981,0.0641,0.011478,0.242,0.094,33.33,256.5,6,24.2,GPU,2,0.0822,0.0123,0.0879,0.3698,0.094,51.73,85.0,NPU,22,0.1912,0.001,0.1733,0.614,0.1996,23.38,0.0,NPU,13,0.1873,0.0038,0.0859,0.3989,0.2209,21.1,0.6,NPU,16,0.3584,0.0051,0.494,0.6797,0.3906,23.22,1.6,NPU,3,0.121,0.0005,0.182,0.3378,0.2899,22.99,1.1,GPU,21,0.0641,0.0073,0.011,0.1743,0.1698,53.14,87.0,GPU,14,0.3666,0.0567,0.2061,0.5648,0.416,31.7,32.2,GPU,4,0.2143,0.0,0.1322,0.5341,0.1556,39.37,48.9
L1,8,Oracle,"[""NPU"", ""GPU"", ""NPU"", ""GPU"", ""NPU"", ""GPU"", ""NPU"", ""GPU""]",0.1842,0.0604,0.009675,0.2101,0.1293,38.03,329.8,4,20.2,NPU,2,0.1088,0.0113,0.1416,0.565,0.1329,23.16,0.9,GPU,22,0.1852,0.0012,0.1875,0.5588,0.1293,57.71,92.1,NPU,13,0.1871,0.0038,0.0852,0.3989,0.2209,20.94,0.5,GPU,16,0.1865,0.0068,0.5357,0.3071,0.1574,57.3,90.7,NPU,3,0.1204,0.0005,0.181,0.3378,0.2899,22.97,1.3,GPU,21,0.0604,0.0071,0.0094,0.1665,0.153,59.38,92.2,NPU,14,0.411,0.0134,0.199,0.6552,0.4512,20.93,0.6,GPU,4,0.2137,0.0,0.1322,0.5327,0.1464,41.83,51.5
L1,8,Oracle,"[""GPU"", ""NPU"", ""NPU"", ""GPU"", ""GPU"", ""GPU"", ""NPU"", ""NPU""]",0.1757,0.0624,0.010966,0.2115,0.0915,38.56,376.3,4,18.9,GPU,2,0.0823,0.0116,0.0864,0.3721,0.0915,54.76,92.1,NPU,22,0.1916,0.001,0.1733,0.6143,0.1996,23.52,1.3,NPU,13,0.1874,0.0038,0.0861,0.3991,0.2209,20.81,0.2,GPU,16,0.1885,0.0077,0.5406,0.313,0.1617,55.26,96.4,GPU,3,0.078,0.0016,0.1613,0.1429,0.1955,54.47,91.8,GPU,21,0.0624,0.0071,0.0108,0.1686,0.1655,56.25,93.0,NPU,14,0.4107,0.0136,0.199,0.6548,0.4512,20.91,0.8,NPU,4,0.2046,0.0,0.0816,0.5458,0.2059,22.51,0.6
L1,8,Oracle,"[""NPU"", ""GPU"", ""GPU"", ""NPU"", ""NPU"", ""GPU"", ""GPU"", ""NPU""]",0.1924,0.0601,0.011358,0.2366,0.1329,32.02,224.2,6,23.8,NPU,2,0.1089,0.0113,0.1417,0.5659,0.1329,23.17,0.9,GPU,22,0.181,0.0011,0.1879,0.5505,0.1393,51.27,78.3,GPU,13,0.1381,0.0086,0.0904,0.3409,0.1621,31.4,29.8,NPU,16,0.3583,0.0051,0.4951,0.6813,0.3906,22.61,0.7,NPU,3,0.1208,0.0005,0.1814,0.3381,0.2899,22.88,1.1,GPU,21,0.0601,0.0073,0.0104,0.1662,0.1596,51.33,82.4,GPU,14,0.367,0.0554,0.208,0.5653,0.4123,31.27,30.3,NPU,4,0.2047,0.0,0.0816,0.5459,0.2059,22.21,0.8
L1,8,Oracle,"[""NPU"", ""GPU"", ""NPU"", ""GPU"", ""NPU"", ""GPU"", ""GPU"", ""NPU""]",0.1789,0.0623,0.007008,0.2158,0.1329,35.32,307.1,5,24.2,NPU,2,0.1088,0.0113,0.1417,0.5614,0.1329,22.98,1.4,GPU,22,0.1866,0.0015,0.1885,0.5633,0.1382,53.15,88.8,NPU,13,0.1874,0.0038,0.0859,0.3988,0.2209,20.96,0.3,GPU,16,0.1995,0.0068,0.5317,0.3339,0.1692,53.6,89.4,NPU,3,0.1214,0.0005,0.1816,0.339,0.2899,23.56,0.9,GPU,21,0.0623,0.0079,0.0106,0.1688,0.1666,53.64,90.9,GPU,14,0.3607,0.0547,0.2069,0.558,0.4028,32.11,33.6,NPU,4,0.2043,0.0,0.0816,0.5437,0.2059,22.57,1.7
L1,8,Oracle,"[""NPU"", ""GPU"", ""NPU"", ""NPU"", ""GPU"", ""GPU"", ""NPU"", ""GPU""]",0.2003,0.0611,0.014091,0.2277,0.1295,37.32,333.8,4,20.2,NPU,2,0.1087,0.0112,0.1412,0.565,0.1329,22.91,1.1,GPU,22,0.1839,0.0011,0.1858,0.5605,0.1295,56.95,92.3,NPU,13,0.1873,0.0038,0.0859,0.3988,0.2209,20.81,0.5,NPU,16,0.3597,0.0051,0.4961,0.6834,0.3906,22.67,0.7,GPU,3,0.0785,0.0019,0.1674,0.1383,0.1855,56.4,91.5,GPU,21,0.0611,0.0072,0.0107,0.1676,0.1611,57.19,94.6,NPU,14,0.4104,0.0137,0.1989,0.6545,0.4512,20.84,0.7,GPU,4,0.2131,0.0,0.1323,0.5335,0.1496,40.81,52.3
L1,8,Oracle,"[""NPU"", ""NPU"", ""GPU"", ""GPU"", ""NPU"", ""NPU"", ""GPU"", ""GPU""]",0.1769,0.0826,0.007145,0.2194,0.1329,30.48,170.1,7,24.1,NPU,2,0.1089,0.0114,0.1416,0.5649,0.1329,23.42,0.9,NPU,22,0.1906,0.001,0.1729,0.6124,0.1996,23.44,1.6,GPU,13,0.1397,0.0083,0.0921,0.3432,0.1596,31.44,27.4,GPU,16,0.1899,0.0073,0.5325,0.3455,0.1671,49.54,69.9,NPU,3,0.1196,0.0005,0.1799,0.3378,0.2899,23.44,1.3,NPU,21,0.0826,0.0014,0.0239,0.211,0.2268,22.97,1.1,GPU,14,0.3699,0.0555,0.2078,0.5733,0.4229,31.17,26.9,GPU,4,0.214,0.0,0.1292,0.5356,0.1563,38.38,40.8
L2,2,Naive_allGPU+Oracle,"[""GPU"", ""GPU""]",0.096,0.0914,2.1e-05,0.1967,0.1245,40.32,135.8,0,15.7,GPU,2,0.0914,0.0127,0.1,0.4095,0.1245,39.88,67.1,GPU,3,0.1006,0.0026,0.1985,0.1793,0.2689,40.77,68.7,,,,,,,,,,,,,,,,,,,,,,,,,,,,,,,,,,,,,,,,,,,,,,,,,,,,,,
L2,2,SizeAware+Oracle,"[""NPU"", ""GPU""]",0.0971,0.0871,0.000101,0.2181,0.1242,34.93,109.7,0,15.7,NPU,2,0.0871,0.0092,0.0931,0.4119,0.1242,35.18,58.9,GPU,3,0.1072,0.0021,0.2079,0.2242,0.312,34.68,50.8,,,,,,,,,,,,,,,,,,,,,,,,,,,,,,,,,,,,,,,,,,,,,,,,,,,,,,
L2,2,SizeBlindRev+Oracle,"[""GPU"", ""NPU""]",0.0874,0.0782,8.5e-05,0.2054,0.1427,35.19,110.7,1,15.7,GPU,2,0.0967,0.0138,0.1132,0.4373,0.1427,34.22,48.1,NPU,3,0.0782,0.0003,0.1466,0.1981,0.2681,36.16,62.6,,,,,,,,,,,,,,,,,,,,,,,,,,,,,,,,,,,,,,,,,,,,,,,,,,,,,,
L2,2,Oracle,"[""NPU"", ""NPU""]",0.0943,0.0914,9e-06,0.2054,0.1325,29.98,55.9,2,13.9,NPU,2,0.0973,0.0109,0.1172,0.4644,0.1325,30.09,28.1,NPU,3,0.0914,0.0002,0.1633,0.2327,0.2782,29.87,27.8,,,,,,,,,,,,,,,,,,,,,,,,,,,,,,,,,,,,,,,,,,,,,,,,,,,,,,
L2,3,Naive_allGPU+Oracle,"[""GPU"", ""GPU"", ""GPU""]",0.1215,0.0854,0.002483,0.1637,0.1044,47.27,234.0,0,15.8,GPU,2,0.0854,0.0118,0.0934,0.3835,0.1044,47.57,77.1,GPU,22,0.1919,0.0011,0.1894,0.5837,0.1577,45.39,76.3,GPU,3,0.0871,0.0021,0.1732,0.1755,0.2289,48.83,80.6,,,,,,,,,,,,,,,,,,,,,,,,,,,,,,,,,,,,,,,,,,,,,
L2,3,SizeAware+Oracle,"[""NPU"", ""NPU"", ""GPU""]",0.1227,0.0834,0.001695,0.2006,0.1131,37.22,194.8,0,15.7,NPU,2,0.0834,0.0091,0.0828,0.405,0.1131,39.66,76.7,NPU,22,0.1796,0.0009,0.1714,0.5635,0.1814,35.47,57.8,GPU,3,0.1051,0.0017,0.1986,0.2187,0.3073,36.55,60.4,,,,,,,,,,,,,,,,,,,,,,,,,,,,,,,,,,,,,,,,,,,,,
L2,3,SizeBlindRev+Oracle,"[""GPU"", ""GPU"", ""NPU""]",0.1188,0.0765,0.00271,0.1762,0.1095,42.45,225.4,0,15.8,GPU,2,0.0878,0.0128,0.0951,0.3941,0.1095,45.41,80.8,GPU,22,0.1921,0.0011,0.1891,0.5835,0.1654,44.05,77.1,NPU,3,0.0765,0.0002,0.1517,0.1827,0.2538,37.89,67.5,,,,,,,,,,,,,,,,,,,,,,,,,,,,,,,,,,,,,,,,,,,,,
L2,3,Oracle,"[""NPU"", ""GPU"", ""GPU""]",0.1229,0.0859,0.002328,0.1788,0.1227,40.95,211.8,0,15.8,NPU,2,0.0859,0.0097,0.0876,0.4134,0.1227,35.96,57.3,GPU,22,0.1911,0.001,0.1889,0.579,0.164,44.12,77.7,GPU,3,0.0918,0.0021,0.1853,0.2016,0.2498,42.77,76.8,,,,,,,,,,,,,,,,,,,,,,,,,,,,,,,,,,,,,,,,,,,,,
L2,3,Oracle,"[""GPU"", ""NPU"", ""GPU""]",0.1199,0.0885,0.001666,0.1797,0.115,41.5,217.5,0,15.8,GPU,2,0.0885,0.0122,0.0956,0.3942,0.115,42.97,73.6,NPU,22,0.1775,0.001,0.1708,0.5575,0.1738,38.02,68.1,GPU,3,0.0936,0.0022,0.1931,0.1768,0.2504,43.5,75.8,,,,,,,,,,,,,,,,,,,,,,,,,,,,,,,,,,,,,,,,,,,,,
L2,3,Oracle,"[""NPU"", ""GPU"", ""NPU""]",0.1221,0.0817,0.002774,0.1948,0.1257,35.72,171.0,0,15.8,NPU,2,0.0881,0.0097,0.0932,0.4374,0.1257,34.09,50.1,GPU,22,0.1964,0.0013,0.1901,0.598,0.1873,38.26,66.9,NPU,3,0.0817,0.0003,0.1468,0.221,0.2716,34.8,53.9,,,,,,,,,,,,,,,,,,,,,,,,,,,,,,,,,,,,,,,,,,,,,
L2,3,Oracle,"[""GPU"", ""NPU"", ""NPU""]",0.1204,0.0915,0.001632,0.1966,0.1298,36.53,182.2,1,15.8,GPU,2,0.0922,0.0136,0.1047,0.4201,0.1298,38.82,67.9,NPU,22,0.1776,0.0009,0.171,0.5588,0.1754,37.48,70.0,NPU,3,0.0915,0.0003,0.1622,0.2515,0.2847,33.28,44.3,,,,,,,,,,,,,,,,,,,,,,,,,,,,,,,,,,,,,,,,,,,,,
L2,3,Oracle,"[""NPU"", ""NPU"", ""NPU""]",0.1163,0.0809,0.001943,0.1942,0.1261,34.95,175.1,0,15.5,NPU,2,0.0895,0.0097,0.0918,0.4373,0.1261,35.11,60.5,NPU,22,0.1784,0.001,0.1716,0.5627,0.1818,35.35,60.0,NPU,3,0.0809,0.0002,0.1536,0.2095,0.2746,34.4,54.5,,,,,,,,,,,,,,,,,,,,,,,,,,,,,,,,,,,,,,,,,,,,,
L2,4,Naive_allGPU+Oracle,"[""GPU"", ""GPU"", ""GPU"", ""GPU""]",0.1044,0.0646,0.002325,0.1536,0.0815,54.92,312.7,0,15.8,GPU,2,0.0795,0.0104,0.0777,0.3674,0.0815,61.6,84.2,GPU,22,0.1868,0.0009,0.1871,0.5635,0.1379,54.03,74.4,GPU,3,0.0866,0.002,0.1773,0.1587,0.2164,52.6,78.0,GPU,21,0.0646,0.0074,0.0114,0.1738,0.1785,51.47,76.1,,,,,,,,,,,,,,,,,,,,,,,,,,,,,,,,,,,,
L2,4,SizeAware+Oracle,"[""NPU"", ""NPU"", ""GPU"", ""GPU""]",0.1031,0.0663,0.001817,0.1772,0.1148,43.6,304.7,0,15.8,NPU,2,0.0844,0.0094,0.0867,0.406,0.1148,38.44,66.9,NPU,22,0.1757,0.001,0.1695,0.5526,0.1666,39.91,73.4,GPU,3,0.0859,0.0021,0.1668,0.1573,0.2312,47.5,82.3,GPU,21,0.0663,0.0074,0.0125,0.1779,0.1963,48.53,82.1,,,,,,,,,,,,,,,,,,,,,,,,,,,,,,,,,,,,
L2,4,SizeBlindRev+Oracle,"[""GPU"", ""GPU"", ""NPU"", ""NPU""]",0.1006,0.0531,0.002693,0.1751,0.1044,42.81,307.5,0,15.8,GPU,2,0.0857,0.0116,0.0925,0.3835,0.1044,47.96,83.3,GPU,22,0.1882,0.001,0.1883,0.5773,0.1593,46.24,80.5,NPU,3,0.0756,0.0003,0.1466,0.2014,0.2466,38.31,71.7,NPU,21,0.0531,0.0004,0.0055,0.1587,0.1899,38.73,72.1,,,,,,,,,,,,,,,,,,,,,,,,,,,,,,,,,,,,
L2,4,Oracle,"[""NPU"", ""GPU"", ""GPU"", ""GPU""]",0.1047,0.0676,0.002195,0.1624,0.1088,49.33,324.2,0,15.8,NPU,2,0.0821,0.009,0.0811,0.3956,0.1088,41.28,77.7,GPU,22,0.1851,0.0009,0.1877,0.5626,0.137,53.29,81.8,GPU,3,0.0839,0.0021,0.1676,0.1698,0.2099,51.7,83.6,GPU,21,0.0676,0.0078,0.0129,0.1798,0.1936,51.04,81.1,,,,,,,,,,,,,,,,,,,,,,,,,,,,,,,,,,,,
L2,4,Oracle,"[""GPU"", ""NPU"", ""GPU"", ""GPU""]",0.1022,0.0646,0.001892,0.1656,0.0934,49.09,325.2,0,15.8,GPU,2,0.0825,0.0113,0.0871,0.376,0.0934,54.17,83.8,NPU,22,0.1762,0.001,0.1706,0.5496,0.1637,40.22,77.7,GPU,3,0.0853,0.0016,0.1702,0.146,0.2177,50.06,80.9,GPU,21,0.0646,0.0075,0.0112,0.1761,0.1877,51.94,82.8,,,,,,,,,,,,,,,,,,,,,,,,,,,,,,,,,,,,
L2,4,Oracle,"[""GPU"", ""GPU"", ""NPU"", ""GPU""]",0.1024,0.0658,0.002385,0.1697,0.0923,48.87,322.1,0,15.8,GPU,2,0.0828,0.011,0.0866,0.3794,0.0923,54.52,87.0,GPU,22,0.1864,0.0013,0.1871,0.5711,0.1468,49.79,81.6,NPU,3,0.0748,0.0002,0.1526,0.1868,0.2486,38.65,69.9,GPU,21,0.0658,0.0075,0.0108,0.1763,0.1913,52.53,83.6,,,,,,,,,,,,,,,,,,,,,,,,,,,,,,,,,,,,
L2,4,Oracle,"[""GPU"", ""GPU"", ""GPU"", ""NPU""]",0.1002,0.0527,0.002511,0.1594,0.0944,48.77,317.9,0,15.8,GPU,2,0.0827,0.011,0.088,0.3756,0.0944,52.71,83.0,GPU,22,0.1846,0.0011,0.1888,0.5596,0.1389,52.1,83.7,GPU,3,0.081,0.0021,0.1571,0.1446,0.2061,52.53,81.7,NPU,21,0.0527,0.0014,0.0054,0.156,0.1981,37.74,69.5,,,,,,,,,,,,,,,,,,,,,,,,,,,,,,,,,,,,
L2,4,Oracle,"[""NPU"", ""GPU"", ""NPU"", ""GPU""]",0.1045,0.0679,0.002289,0.1774,0.1156,42.61,293.3,0,15.8,NPU,2,0.0851,0.009,0.0882,0.4205,0.1156,37.19,61.1,GPU,22,0.1867,0.0011,0.1881,0.5698,0.1443,50.14,88.1,NPU,3,0.0785,0.0003,0.1512,0.2133,0.2537,36.73,61.6,GPU,21,0.0679,0.0076,0.0124,0.1813,0.1962,46.37,82.5,,,,,,,,,,,,,,,,,,,,,,,,,,,,,,,,,,,,
L2,4,Oracle,"[""NPU"", ""GPU"", ""GPU"", ""NPU""]",0.1054,0.0567,0.002619,0.1746,0.1123,42.59,298.9,0,15.8,NPU,2,0.0835,0.0092,0.0846,0.3986,0.1123,39.42,73.2,GPU,22,0.1914,0.0013,0.189,0.5776,0.1547,47.52,84.5,GPU,3,0.0898,0.0016,0.1705,0.1639,0.2289,47.08,81.0,NPU,21,0.0567,0.0004,0.0077,0.1635,0.2024,36.35,60.2,,,,,,,,,,,,,,,,,,,,,,,,,,,,,,,,,,,,
L2,4,Oracle,"[""GPU"", ""NPU"", ""NPU"", ""GPU""]",0.1028,0.0708,0.001869,0.1809,0.1042,43.56,309.1,0,15.8,GPU,2,0.0858,0.0121,0.0901,0.3889,0.1042,48.36,84.4,NPU,22,0.1771,0.0009,0.1712,0.5529,0.168,39.98,73.1,NPU,3,0.0774,0.0003,0.145,0.2021,0.249,38.85,69.9,GPU,21,0.0708,0.0078,0.0131,0.1864,0.2023,47.04,81.7,,,,,,,,,,,,,,,,,,,,,,,,,,,,,,,,,,,,
L2,4,Oracle,"[""GPU"", ""NPU"", ""GPU"", ""NPU""]",0.1011,0.0564,0.002085,0.1736,0.1045,43.4,303.4,0,15.9,GPU,2,0.0859,0.012,0.0908,0.3883,0.1045,48.04,85.7,NPU,22,0.1775,0.0009,0.1709,0.5527,0.1645,40.35,79.5,GPU,3,0.0845,0.0022,0.1727,0.148,0.2186,49.18,82.9,NPU,21,0.0564,0.0014,0.007,0.1646,0.2069,36.03,55.3,,,,,,,,,,,,,,,,,,,,,,,,,,,,,,,,,,,,
L2,4,Oracle,"[""NPU"", ""NPU"", ""NPU"", ""GPU""]",0.1016,0.0695,0.001819,0.185,0.1165,39.07,278.8,0,15.7,NPU,2,0.0844,0.0094,0.0861,0.4194,0.1165,37.59,66.5,NPU,22,0.1749,0.0009,0.1718,0.5517,0.1667,39.01,69.9,NPU,3,0.0775,0.0003,0.1454,0.1959,0.2519,36.46,60.7,GPU,21,0.0695,0.0083,0.0124,0.1876,0.2048,43.2,81.7,,,,,,,,,,,,,,,,,,,,,,,,,,,,,,,,,,,,
L2,4,Oracle,"[""NPU"", ""NPU"", ""GPU"", ""NPU""]",0.103,0.059,0.001935,0.1881,0.1211,38.39,262.9,0,15.8,NPU,2,0.085,0.0088,0.0872,0.4063,0.1211,37.0,62.7,NPU,22,0.1762,0.001,0.1712,0.5535,0.1713,38.5,71.0,GPU,3,0.0918,0.0019,0.1836,0.1721,0.2522,42.62,76.3,NPU,21,0.059,0.0004,0.0094,0.1657,0.2076,35.45,52.9,,,,,,,,,,,,,,,,,,,,,,,,,,,,,,,,,,,,
L2,4,Oracle,"[""NPU"", ""GPU"", ""NPU"", ""NPU""]",0.1032,0.0559,0.002759,0.1914,0.1185,37.67,248.3,0,15.8,NPU,2,0.0862,0.0094,0.0895,0.4381,0.1185,36.43,57.1,GPU,22,0.1921,0.0013,0.19,0.584,0.1747,41.48,75.1,NPU,3,0.0787,0.0004,0.1521,0.2341,0.266,36.8,59.7,NPU,21,0.0559,0.0005,0.0068,0.1623,0.2065,35.98,56.4,,,,,,,,,,,,,,,,,,,,,,,,,,,,,,,,,,,,
L2,4,Oracle,"[""GPU"", ""NPU"", ""NPU"", ""NPU""]",0.1,0.0572,0.002142,0.1878,0.1159,38.12,269.5,0,15.6,GPU,2,0.0893,0.0125,0.0999,0.3982,0.1159,42.71,82.5,NPU,22,0.1777,0.0009,0.1714,0.5603,0.18,36.43,63.7,NPU,3,0.0759,0.0003,0.1481,0.1893,0.2538,37.47,64.6,NPU,21,0.0572,0.0004,0.0089,0.1642,0.2015,35.85,58.7,,,,,,,,,,,,,,,,,,,,,,,,,,,,,,,,,,,,
L2,4,Oracle,"[""NPU"", ""NPU"", ""NPU"", ""NPU""]",0.1019,0.0589,0.002166,0.1968,0.1262,34.5,209.0,2,15.7,NPU,2,0.0899,0.0102,0.0955,0.4485,0.1262,34.29,51.5,NPU,22,0.1802,0.001,0.1719,0.5677,0.1865,34.02,47.6,NPU,3,0.0787,0.0002,0.1409,0.2183,0.261,37.11,67.4,NPU,21,0.0589,0.0006,0.0072,0.1731,0.2133,32.58,42.6,,,,,,,,,,,,,,,,,,,,,,,,,,,,,,,,,,,,
L2,5,Naive_allGPU+Oracle,"[""GPU"", ""GPU"", ""GPU"", ""GPU"", ""GPU""]",0.0977,0.0523,0.001962,0.1306,0.0742,61.24,387.6,1,28.2,GPU,2,0.0755,0.0099,0.0763,0.351,0.0742,65.69,83.2,GPU,22,0.1781,0.0009,0.1881,0.5381,0.1111,65.41,87.0,GPU,13,0.1103,0.008,0.0797,0.2986,0.1455,40.57,45.2,GPU,3,0.0725,0.002,0.1496,0.1572,0.1844,64.99,84.6,GPU,21,0.0523,0.007,0.0089,0.1471,0.1377,69.55,87.7,,,,,,,,,,,,,,,,,,,,,,,,,,,
L2,5,SizeAware+Oracle,"[""NPU"", ""NPU"", ""NPU"", ""GPU"", ""GPU""]",0.1093,0.0608,0.001856,0.1712,0.111,45.07,374.9,1,28.8,NPU,2,0.0835,0.0087,0.0822,0.4007,0.111,40.8,79.8,NPU,22,0.1723,0.001,0.1703,0.5409,0.1598,39.64,67.2,NPU,13,0.1482,0.0037,0.0613,0.3269,0.2102,34.98,48.9,GPU,3,0.0815,0.0022,0.1654,0.1232,0.2073,54.06,90.0,GPU,21,0.0608,0.007,0.0103,0.1664,0.1678,55.88,89.0,,,,,,,,,,,,,,,,,,,,,,,,,,,
L2,5,SizeBlindRev+Oracle,"[""GPU"", ""GPU"", ""GPU"", ""NPU"", ""NPU""]",0.1005,0.0516,0.002137,0.1546,0.0821,49.02,382.2,1,28.7,GPU,2,0.0785,0.0098,0.0795,0.3604,0.0821,61.77,92.3,GPU,22,0.1817,0.0013,0.1868,0.5528,0.1239,59.46,88.9,GPU,13,0.1195,0.0081,0.0783,0.3117,0.1619,41.41,49.8,NPU,3,0.0713,0.0002,0.1437,0.1992,0.2281,41.38,78.4,NPU,21,0.0516,0.0004,0.0059,0.1537,0.1768,41.07,72.9,,,,,,,,,,,,,,,,,,,,,,,,,,,
L2,5,Oracle,"[""NPU"", ""GPU"", ""GPU"", ""GPU"", ""GPU""]",0.1041,0.056,0.002128,0.1423,0.11,55.48,383.3,1,28.5,NPU,2,0.0828,0.0086,0.0834,0.4006,0.11,40.56,73.4,GPU,22,0.1789,0.0012,0.1861,0.5417,0.1125,67.24,85.4,GPU,13,0.135,0.0079,0.0773,0.3202,0.1741,42.02,48.7,GPU,3,0.0677,0.0015,0.13,0.0963,0.176,58.86,85.3,GPU,21,0.056,0.0064,0.0099,0.1519,0.139,68.7,90.4,,,,,,,,,,,,,,,,,,,,,,,,,,,
L2,5,Oracle,"[""GPU"", ""NPU"", ""GPU"", ""GPU"", ""GPU""]",0.0995,0.062,0.001691,0.1416,0.0752,55.23,382.6,1,28.3,GPU,2,0.0761,0.0094,0.0722,0.364,0.0752,65.04,87.9,NPU,22,0.1743,0.001,0.1701,0.5467,0.1613,40.93,73.1,GPU,13,0.1127,0.0082,0.0775,0.2991,0.1513,41.6,48.5,GPU,3,0.0725,0.0017,0.1503,0.1098,0.1635,65.05,87.9,GPU,21,0.062,0.0069,0.0104,0.1643,0.1567,63.52,85.1,,,,,,,,,,,,,,,,,,,,,,,,,,,
L2,5,Oracle,"[""GPU"", ""GPU"", ""NPU"", ""GPU"", ""GPU""]",0.1072,0.0578,0.002305,0.1408,0.0782,59.15,406.6,0,29.3,GPU,2,0.0775,0.0102,0.0752,0.3599,0.0782,64.14,88.7,GPU,22,0.1787,0.001,0.1858,0.5386,0.1093,68.04,84.8,NPU,13,0.1502,0.0034,0.0614,0.3321,0.1981,36.46,59.1,GPU,3,0.072,0.0017,0.1434,0.1084,0.1767,62.22,85.4,GPU,21,0.0578,0.0066,0.0099,0.1584,0.1417,64.9,88.5,,,,,,,,,,,,,,,,,,,,,,,,,,,
L2,5,Oracle,"[""GPU"", ""GPU"", ""GPU"", ""NPU"", ""GPU""]",0.1026,0.0558,0.00204,0.1501,0.0834,53.82,379.6,1,28.2,GPU,2,0.0783,0.011,0.0793,0.3627,0.0834,60.02,87.2,GPU,22,0.1802,0.001,0.1842,0.5431,0.1174,62.29,87.0,GPU,13,0.1256,0.0079,0.0764,0.3123,0.1646,41.91,47.0,NPU,3,0.0731,0.0003,0.1371,0.206,0.2334,40.7,71.4,GPU,21,0.0558,0.0071,0.0092,0.1525,0.1516,64.19,87.0,,,,,,,,,,,,,,,,,,,,,,,,,,,
L2,5,Oracle,"[""GPU"", ""GPU"", ""GPU"", ""GPU"", ""NPU""]",0.1017,0.0528,0.001997,0.1452,0.0812,54.73,377.2,1,28.3,GPU,2,0.0781,0.0096,0.0785,0.3623,0.0812,61.7,85.3,GPU,22,0.1755,0.0008,0.1837,0.5294,0.1063,68.18,86.0,GPU,13,0.1293,0.0072,0.078,0.3193,0.1721,40.93,46.2,GPU,3,0.0729,0.0021,0.1579,0.1768,0.1819,62.56,87.1,NPU,21,0.0528,0.0007,0.006,0.1555,0.1847,40.28,72.6,,,,,,,,,,,,,,,,,,,,,,,,,,,
L2,5,Oracle,"[""NPU"", ""NPU"", ""GPU"", ""GPU"", ""GPU""]",0.1051,0.0584,0.001854,0.1541,0.1071,48.53,389.1,0,28.4,NPU,2,0.0821,0.0089,0.0791,0.3999,0.1071,41.94,82.2,NPU,22,0.1748,0.0009,0.1698,0.55,0.1543,42.74,77.1,GPU,13,0.1343,0.0084,0.0803,0.3223,0.1626,39.76,50.8,GPU,3,0.076,0.0014,0.1579,0.1148,0.1866,59.62,87.9,GPU,21,0.0584,0.0071,0.0096,0.1594,0.16,58.57,91.1,,,,,,,,,,,,,,,,,,,,,,,,,,,
L2,5,Oracle,"[""NPU"", ""GPU"", ""NPU"", ""GPU"", ""GPU""]",0.1069,0.0618,0.001808,0.152,0.1028,52.41,412.5,0,29.3,NPU,2,0.0818,0.0091,0.081,0.391,0.1028,43.01,80.1,GPU,22,0.1767,0.001,0.1857,0.5369,0.1123,62.57,90.1,NPU,13,0.1345,0.0035,0.0601,0.3151,0.1904,36.84,61.3,GPU,3,0.0797,0.0014,0.1478,0.134,0.1924,58.61,89.5,GPU,21,0.0618,0.0067,0.0097,0.1643,0.162,61.01,91.6,,,,,,,,,,,,,,,,,,,,,,,,,,,
L2,5,Oracle,"[""NPU"", ""GPU"", ""GPU"", ""NPU"", ""GPU""]",0.1036,0.0589,0.001963,0.1569,0.1069,48.65,380.7,0,28.6,NPU,2,0.0818,0.0088,0.0808,0.3975,0.1069,41.75,76.9,GPU,22,0.1815,0.0011,0.1876,0.5536,0.1244,59.45,85.8,GPU,13,0.1223,0.0078,0.0792,0.3065,0.1576,39.95,51.1,NPU,3,0.0733,0.0003,0.14,0.1995,0.2363,40.89,76.1,GPU,21,0.0589,0.007,0.01,0.1596,0.1592,61.21,90.7,,,,,,,,,,,,,,,,,,,,,,,,,,,
L2,5,Oracle,"[""NPU"", ""GPU"", ""GPU"", ""GPU"", ""NPU""]",0.1025,0.0522,0.00199,0.1527,0.1069,47.54,380.7,0,28.6,NPU,2,0.0821,0.0091,0.0806,0.391,0.1069,41.98,79.0,GPU,22,0.1802,0.001,0.1878,0.5463,0.1247,57.55,93.3,GPU,13,0.1206,0.008,0.0748,0.3039,0.153,41.7,52.9,GPU,3,0.0773,0.0019,0.1483,0.1731,0.1923,57.66,90.4,NPU,21,0.0522,0.0004,0.0062,0.153,0.1866,38.79,65.1,,,,,,,,,,,,,,,,,,,,,,,,,,,
L2,5,Oracle,"[""GPU"", ""NPU"", ""NPU"", ""GPU"", ""GPU""]",0.107,0.0628,0.001944,0.1526,0.0858,52.72,407.0,0,29.3,GPU,2,0.0793,0.0104,0.0808,0.3648,0.0858,59.81,87.8,NPU,22,0.1755,0.001,0.1713,0.5413,0.153,44.31,83.1,NPU,13,0.1425,0.0033,0.0608,0.3252,0.1891,36.63,59.2,GPU,3,0.0748,0.0014,0.148,0.1171,0.1839,60.77,87.4,GPU,21,0.0628,0.0071,0.0102,0.1653,0.1513,62.07,89.4,,,,,,,,,,,,,,,,,,,,,,,,,,,
L2,5,Oracle,"[""GPU"", ""NPU"", ""GPU"", ""NPU"", ""GPU""]",0.1018,0.0587,0.001746,0.1582,0.0818,48.97,376.2,0,28.4,GPU,2,0.0784,0.0103,0.0781,0.3638,0.0818,61.69,87.3,NPU,22,0.1727,0.001,0.1701,0.5459,0.1622,40.19,71.4,GPU,13,0.125,0.0081,0.08,0.3145,0.1573,39.9,51.1,NPU,3,0.0742,0.0003,0.1367,0.2078,0.2379,41.48,78.0,GPU,21,0.0587,0.0072,0.0094,0.1601,0.1519,61.57,88.4,,,,,,,,,,,,,,,,,,,,,,,,,,,
L2,5,Oracle,"[""GPU"", ""NPU"", ""GPU"", ""GPU"", ""NPU""]",0.1022,0.0528,0.001875,0.1556,0.0858,48.92,384.8,0,28.5,GPU,2,0.0802,0.0107,0.082,0.3664,0.0858,59.1,87.0,NPU,22,0.1742,0.0008,0.1698,0.5451,0.1559,43.35,81.4,GPU,13,0.1271,0.0079,0.0764,0.3179,0.1631,40.47,52.1,GPU,3,0.0769,0.0019,0.1479,0.146,0.1816,60.49,88.8,NPU,21,0.0528,0.0012,0.006,0.155,0.1913,41.2,75.4,,,,,,,,,,,,,,,,,,,,,,,,,,,
L2,5,Oracle,"[""GPU"", ""GPU"", ""NPU"", ""NPU"", ""GPU""]",0.1078,0.0633,0.002137,0.1573,0.0823,50.79,388.0,1,27.9,GPU,2,0.0796,0.0107,0.0786,0.3706,0.0823,60.9,88.5,GPU,22,0.1786,0.001,0.1869,0.5443,0.1205,61.44,92.6,NPU,13,0.1468,0.0035,0.0682,0.3526,0.1841,33.51,40.2,NPU,3,0.0706,0.0002,0.1289,0.1647,0.2275,42.78,81.7,GPU,21,0.0633,0.007,0.0123,0.1696,0.1719,55.34,85.1,,,,,,,,,,,,,,,,,,,,,,,,,,,
L2,5,Oracle,"[""GPU"", ""GPU"", ""NPU"", ""GPU"", ""NPU""]",0.1083,0.0523,0.002412,0.1565,0.0863,49.84,380.2,1,28.8,GPU,2,0.0803,0.0107,0.0805,0.3667,0.0863,58.64,88.5,GPU,22,0.1837,0.001,0.1862,0.5554,0.1239,59.59,91.3,NPU,13,0.1473,0.0032,0.0623,0.3311,0.1933,34.73,49.7,GPU,3,0.0777,0.0013,0.1537,0.1121,0.1959,57.87,88.2,NPU,21,0.0523,0.0007,0.005,0.1562,0.1829,38.36,62.5,,,,,,,,,,,,,,,,,,,,,,,,,,,
L2,5,Oracle,"[""NPU"", ""NPU"", ""GPU"", ""NPU"", ""GPU""]",0.1068,0.0645,0.00198,0.1715,0.104,42.73,361.6,0,28.4,NPU,2,0.0809,0.0084,0.0797,0.3889,0.104,42.16,76.9,NPU,22,0.1798,0.001,0.1709,0.5614,0.1721,38.49,69.3,GPU,13,0.137,0.008,0.078,0.3258,0.1712,38.93,51.4,NPU,3,0.0721,0.0004,0.1403,0.1768,0.2291,41.55,78.4,GPU,21,0.0645,0.0071,0.0117,0.1741,0.181,52.54,85.6,,,,,,,,,,,,,,,,,,,,,,,,,,,
L2,5,Oracle,"[""NPU"", ""NPU"", ""GPU"", ""GPU"", ""NPU""]",0.1062,0.0531,0.001992,0.1675,0.105,42.73,358.7,0,28.4,NPU,2,0.0813,0.0089,0.0797,0.3922,0.105,41.99,78.7,NPU,22,0.1755,0.001,0.1709,0.5475,0.1632,40.38,70.8,GPU,13,0.1395,0.0083,0.0809,0.3229,0.1748,39.18,51.5,GPU,3,0.0816,0.0019,0.1592,0.1398,0.2086,52.84,88.0,NPU,21,0.0531,0.0006,0.005,0.1565,0.1859,39.27,69.6,,,,,,,,,,,,,,,,,,,,,,,,,,,
L2,5,Oracle,"[""NPU"", ""GPU"", ""NPU"", ""NPU"", ""GPU""]",0.1086,0.0631,0.002141,0.1696,0.1111,45.36,379.6,0,29.0,NPU,2,0.0828,0.009,0.084,0.4023,0.1111,39.85,73.7,GPU,22,0.1828,0.001,0.1848,0.5583,0.129,55.75,89.1,NPU,13,0.1423,0.0031,0.0618,0.3235,0.1999,35.29,53.2,NPU,3,0.0722,0.0002,0.1425,0.1869,0.2413,39.08,73.1,GPU,21,0.0631,0.0071,0.01,0.1685,0.1668,56.85,90.5,,,,,,,,,,,,,,,,,,,,,,,,,,,
L2,5,Oracle,"[""NPU"", ""GPU"", ""NPU"", ""GPU"", ""NPU""]",0.1107,0.0521,0.002379,0.1684,0.1112,44.87,379.0,0,29.3,NPU,2,0.0832,0.0091,0.0837,0.3959,0.1112,40.55,75.7,GPU,22,0.1879,0.0011,0.1894,0.5641,0.1353,55.27,90.6,NPU,13,0.1444,0.0037,0.0595,0.3277,0.1942,35.46,54.4,GPU,3,0.0859,0.0025,0.1774,0.1456,0.2128,53.26,87.1,NPU,21,0.0521,0.0004,0.0056,0.1541,0.1884,39.83,71.2,,,,,,,,,,,,,,,,,,,,,,,,,,,
L2,5,Oracle,"[""NPU"", ""GPU"", ""GPU"", ""NPU"", ""NPU""]",0.1048,0.0501,0.002235,0.1612,0.1092,44.06,367.8,0,28.9,NPU,2,0.0831,0.0087,0.0825,0.4018,0.1092,40.31,70.2,GPU,22,0.1811,0.0017,0.189,0.5477,0.1295,56.56,88.6,GPU,13,0.1356,0.0073,0.0787,0.3132,0.1703,40.45,55.3,NPU,3,0.0742,0.0002,0.152,0.1922,0.2234,42.51,81.4,NPU,21,0.0501,0.0005,0.0051,0.1514,0.1735,40.47,72.4,,,,,,,,,,,,,,,,,,,,,,,,,,,
L2,5,Oracle,"[""GPU"", ""NPU"", ""NPU"", ""NPU"", ""GPU""]",0.1122,0.0596,0.002555,0.1803,0.0751,45.61,319.9,2,25.8,GPU,2,0.0764,0.0093,0.0746,0.3559,0.0751,66.86,93.6,NPU,22,0.1827,0.0011,0.1728,0.5738,0.1894,33.79,46.4,NPU,13,0.1635,0.0038,0.0748,0.3642,0.2158,29.41,28.8,NPU,3,0.0786,0.0002,0.1496,0.1965,0.2701,35.15,55.6,GPU,21,0.0596,0.0067,0.0089,0.16,0.1513,62.86,95.4,,,,,,,,,,,,,,,,,,,,,,,,,,,
L2,5,Oracle,"[""GPU"", ""NPU"", ""NPU"", ""GPU"", ""NPU""]",0.1077,0.0535,0.002208,0.1661,0.0853,46.13,385.5,0,29.0,GPU,2,0.0799,0.0117,0.0806,0.3672,0.0853,58.82,93.6,NPU,22,0.1781,0.001,0.1706,0.5553,0.165,41.19,74.7,NPU,13,0.1474,0.0037,0.0603,0.3349,0.192,35.66,55.6,GPU,3,0.0795,0.0022,0.163,0.1424,0.2008,54.93,89.1,NPU,21,0.0535,0.0004,0.0073,0.1558,0.1873,40.03,72.4,,,,,,,,,,,,,,,,,,,,,,,,,,,
L2,5,Oracle,"[""GPU"", ""NPU"", ""GPU"", ""NPU"", ""NPU""]",0.1042,0.0511,0.002064,0.1731,0.0903,43.04,353.2,0,28.5,GPU,2,0.0813,0.0107,0.0817,0.3731,0.0903,55.76,90.0,NPU,22,0.1749,0.0009,0.1697,0.5484,0.1596,41.8,79.0,GPU,13,0.138,0.0083,0.0815,0.3274,0.1792,39.08,50.7,NPU,3,0.0755,0.0002,0.1495,0.1878,0.2487,38.36,63.0,NPU,21,0.0511,0.0004,0.0063,0.1511,0.1876,40.22,70.6,,,,,,,,,,,,,,,,,,,,,,,,,,,
L2,5,Oracle,"[""GPU"", ""GPU"", ""NPU"", ""NPU"", ""NPU""]",0.1058,0.0513,0.002373,0.1652,0.0934,45.33,400.0,0,29.5,GPU,2,0.0816,0.0102,0.082,0.3746,0.0934,54.49,89.1,GPU,22,0.1836,0.001,0.1865,0.559,0.1353,54.25,91.6,NPU,13,0.1399,0.0029,0.0591,0.3177,0.1821,36.52,64.0,NPU,3,0.0728,0.0002,0.143,0.2163,0.235,41.34,80.2,NPU,21,0.0513,0.0005,0.0061,0.154,0.18,40.06,75.1,,,,,,,,,,,,,,,,,,,,,,,,,,,
L2,5,Oracle,"[""NPU"", ""NPU"", ""NPU"", ""NPU"", ""GPU""]",0.1093,0.065,0.002017,0.1791,0.1112,40.94,384.7,0,29.4,NPU,2,0.083,0.0094,0.0842,0.3988,0.1112,40.03,78.1,NPU,22,0.1763,0.0009,0.1721,0.5511,0.1674,39.95,74.1,NPU,13,0.1494,0.0033,0.06,0.3282,0.1977,35.82,59.4,NPU,3,0.0728,0.0002,0.1443,0.2078,0.2439,40.05,79.0,GPU,21,0.065,0.0073,0.0113,0.1753,0.1753,48.85,94.1,,,,,,,,,,,,,,,,,,,,,,,,,,,
L2,5,Oracle,"[""NPU"", ""NPU"", ""NPU"", ""GPU"", ""NPU""]",0.1093,0.0533,0.002038,0.1811,0.1138,40.49,364.1,0,29.0,NPU,2,0.0835,0.0087,0.0835,0.3992,0.1138,39.81,74.0,NPU,22,0.1773,0.001,0.1705,0.5548,0.1631,41.09,76.0,NPU,13,0.1452,0.0031,0.0622,0.3389,0.2033,35.32,55.0,GPU,3,0.0874,0.0018,0.1777,0.1681,0.2302,47.55,85.8,NPU,21,0.0533,0.0004,0.0063,0.1567,0.1949,38.68,73.3,,,,,,,,,,,,,,,,,,,,,,,,,,,
L2,5,Oracle,"[""NPU"", ""NPU"", ""GPU"", ""NPU"", ""NPU""]",0.1058,0.054,0.002082,0.1831,0.1133,37.88,313.5,0,27.9,NPU,2,0.0845,0.0086,0.0879,0.4014,0.1133,38.37,70.0,NPU,22,0.1777,0.001,0.1714,0.5601,0.1738,37.7,65.9,GPU,13,0.1389,0.0085,0.0802,0.3323,0.1841,38.44,50.9,NPU,3,0.0741,0.0003,0.1382,0.1838,0.246,37.86,66.5,NPU,21,0.054,0.0006,0.006,0.1603,0.1981,37.02,60.2,,,,,,,,,,,,,,,,,,,,,,,,,,,
L2,5,Oracle,"[""NPU"", ""GPU"", ""NPU"", ""NPU"", ""NPU""]",0.1101,0.0542,0.002452,0.181,0.1106,40.06,344.6,1,28.6,NPU,2,0.0836,0.0086,0.0828,0.4042,0.1106,40.03,77.2,GPU,22,0.1887,0.0015,0.19,0.5715,0.1472,49.8,87.4,NPU,13,0.1455,0.0037,0.0646,0.3366,0.1977,33.99,47.8,NPU,3,0.0785,0.0003,0.1627,0.1952,0.2494,38.47,67.0,NPU,21,0.0542,0.0004,0.0063,0.1579,0.2002,38.02,65.3,,,,,,,,,,,,,,,,,,,,,,,,,,,
L2,5,Oracle,"[""GPU"", ""NPU"", ""NPU"", ""NPU"", ""NPU""]",0.1066,0.0529,0.00207,0.1807,0.1047,39.87,345.9,0,28.7,GPU,2,0.0856,0.0117,0.0922,0.3833,0.1047,48.12,86.2,NPU,22,0.1741,0.0008,0.1704,0.5484,0.1639,40.06,71.4,NPU,13,0.1451,0.0036,0.0647,0.3299,0.1897,34.23,51.0,NPU,3,0.0752,0.0002,0.149,0.1949,0.245,38.47,69.4,NPU,21,0.0529,0.0005,0.0063,0.1576,0.2002,38.49,67.9,,,,,,,,,,,,,,,,,,,,,,,,,,,
L2,6,Naive_allGPU+Oracle,"[""GPU"", ""GPU"", ""GPU"", ""GPU"", ""GPU"", ""GPU""]",0.1264,0.0546,0.006818,0.1457,0.0622,70.72,489.1,0,29.7,GPU,2,0.0694,0.0087,0.0683,0.3321,0.0622,81.09,87.7,GPU,22,0.1688,0.0011,0.1842,0.4969,0.0871,83.93,87.3,GPU,13,0.1143,0.0069,0.0595,0.3061,0.1433,51.25,71.8,GPU,3,0.0621,0.0011,0.1207,0.1058,0.1522,79.06,89.5,GPU,21,0.0546,0.0057,0.0095,0.1414,0.1213,77.45,82.8,GPU,14,0.289,0.0523,0.1952,0.4603,0.3082,51.54,69.9,,,,,,,,,,,,,,,,,,
L2,6,SizeAware+Oracle,"[""NPU"", ""NPU"", ""NPU"", ""GPU"", ""GPU"", ""GPU""]",0.1366,0.0532,0.007829,0.1758,0.0988,52.44,480.4,0,29.4,NPU,2,0.0796,0.008,0.0771,0.3818,0.0988,46.13,87.5,NPU,22,0.1733,0.0012,0.1703,0.5417,0.1506,44.28,82.9,NPU,13,0.1359,0.0036,0.0602,0.314,0.1749,37.76,63.9,GPU,3,0.0664,0.0015,0.1368,0.0992,0.1554,71.1,95.9,GPU,21,0.0532,0.0063,0.0081,0.145,0.1238,71.27,92.9,GPU,14,0.3113,0.0538,0.1998,0.4941,0.3516,44.08,57.3,,,,,,,,,,,,,,,,,,
L2,6,SizeBlindRev+Oracle,"[""GPU"", ""GPU"", ""GPU"", ""NPU"", ""NPU"", ""NPU""]",0.1386,0.0509,0.009449,0.1855,0.0716,51.33,481.3,0,29.7,GPU,2,0.0756,0.0094,0.0742,0.3516,0.0716,70.88,96.8,GPU,22,0.1785,0.0009,0.1849,0.5407,0.1059,70.81,96.8,GPU,13,0.1193,0.0075,0.067,0.3042,0.1418,45.03,66.0,NPU,3,0.072,0.0002,0.1464,0.1766,0.2297,41.85,79.7,NPU,21,0.0509,0.0007,0.0053,0.1503,0.1754,41.65,79.3,NPU,14,0.3351,0.0132,0.187,0.5418,0.3884,37.79,62.7,,,,,,,,,,,,,,,,,,
L2,6,Oracle,"[""NPU"", ""GPU"", ""GPU"", ""GPU"", ""GPU"", ""GPU""]",0.1257,0.0496,0.008208,0.1498,0.091,64.91,509.7,0,29.7,NPU,2,0.08,0.0092,0.0778,0.3838,0.1021,43.99,84.1,GPU,22,0.1675,0.0012,0.1844,0.5101,0.091,82.04,96.3,GPU,13,0.0983,0.0073,0.0617,0.2657,0.1253,51.13,73.8,GPU,3,0.0507,0.0016,0.0944,0.0828,0.119,81.49,93.0,GPU,21,0.0496,0.006,0.008,0.1389,0.1331,82.32,93.2,GPU,14,0.3081,0.0544,0.1954,0.4801,0.3282,48.46,69.4,,,,,,,,,,,,,,,,,,
L2,6,Oracle,"[""GPU"", ""NPU"", ""GPU"", ""GPU"", ""GPU"", ""GPU""]",0.1273,0.0528,0.007195,0.1542,0.0653,63.73,503.6,0,29.8,GPU,2,0.0725,0.0096,0.0727,0.3355,0.0653,78.76,90.6,NPU,22,0.1747,0.0009,0.1693,0.5471,0.1512,43.28,82.0,GPU,13,0.103,0.0072,0.0589,0.2731,0.1258,53.2,75.6,GPU,3,0.0661,0.0026,0.1341,0.0846,0.1431,78.6,94.7,GPU,21,0.0528,0.0057,0.0086,0.1423,0.1211,78.45,88.6,GPU,14,0.2947,0.0539,0.1948,0.4781,0.3189,50.11,72.1,,,,,,,,,,,,,,,,,,
L2,6,Oracle,"[""GPU"", ""GPU"", ""NPU"", ""GPU"", ""GPU"", ""GPU""]",0.1334,0.0545,0.007039,0.1642,0.066,63.6,467.9,0,29.6,GPU,2,0.0723,0.0098,0.0702,0.3376,0.066,75.09,90.1,GPU,22,0.1693,0.0009,0.1847,0.5054,0.0941,77.6,90.6,NPU,13,0.1417,0.0037,0.0605,0.3324,0.189,35.93,54.5,GPU,3,0.0664,0.001,0.1441,0.1207,0.1585,76.09,91.7,GPU,21,0.0545,0.0063,0.0104,0.1483,0.1385,71.48,85.9,GPU,14,0.296,0.0553,0.1963,0.4797,0.3392,45.41,55.1,,,,,,,,,,,,,,,,,,
L2,6,Oracle,"[""GPU"", ""GPU"", ""GPU"", ""NPU"", ""GPU"", ""GPU""]",0.1289,0.0492,0.00656,0.1595,0.0662,62.81,506.6,0,29.8,GPU,2,0.0722,0.0097,0.0686,0.3364,0.0662,75.81,94.9,GPU,22,0.1768,0.001,0.1856,0.5346,0.1031,73.01,93.5,GPU,13,0.1187,0.007,0.0632,0.2872,0.1451,52.2,74.7,NPU,3,0.0723,0.0003,0.1403,0.1994,0.2315,42.54,76.5,GPU,21,0.0492,0.0059,0.0069,0.1332,0.1083,81.7,92.3,GPU,14,0.2844,0.052,0.1939,0.4636,0.3028,51.61,74.8,,,,,,,,,,,,,,,,,,
L2,6,Oracle,"[""GPU"", ""GPU"", ""GPU"", ""GPU"", ""NPU"", ""GPU""]",0.1269,0.0522,0.007512,0.1604,0.0679,61.48,490.9,0,29.6,GPU,2,0.0729,0.0091,0.0694,0.3415,0.0679,73.16,91.6,GPU,22,0.1732,0.0007,0.1824,0.5231,0.0926,78.71,92.1,GPU,13,0.1043,0.0072,0.0631,0.2763,0.1472,50.32,67.9,GPU,3,0.0604,0.0009,0.1242,0.1151,0.1543,75.92,93.1,NPU,21,0.0522,0.0004,0.0052,0.1545,0.1843,40.85,76.1,GPU,14,0.2986,0.0557,0.1949,0.4856,0.3163,49.91,70.1,,,,,,,,,,,,,,,,,,
L2,6,Oracle,"[""GPU"", ""GPU"", ""GPU"", ""GPU"", ""GPU"", ""NPU""]",0.1338,0.0468,0.0107,0.1621,0.0665,66.69,481.0,0,29.5,GPU,2,0.0719,0.0086,0.0652,0.3376,0.0665,77.7,93.5,GPU,22,0.1784,0.0009,0.1846,0.5332,0.1016,75.02,91.7,GPU,13,0.0991,0.007,0.0656,0.28,0.1367,47.59,61.5,GPU,3,0.062,0.0015,0.1316,0.0765,0.1421,78.83,87.1,GPU,21,0.0468,0.0056,0.0073,0.1309,0.1196,85.36,94.2,NPU,14,0.3446,0.0134,0.1887,0.5498,0.406,35.62,53.0,,,,,,,,,,,,,,,,,,
L2,6,Oracle,"[""GPU"", ""GPU"", ""NPU"", ""GPU"", ""NPU"", ""GPU""]",0.1304,0.0483,0.007566,0.1627,0.0649,59.55,483.6,0,29.6,GPU,2,0.0717,0.0088,0.0679,0.336,0.0649,74.73,93.5,GPU,22,0.1676,0.001,0.1832,0.506,0.0932,80.8,95.8,NPU,13,0.1296,0.0037,0.0576,0.297,0.1708,38.23,64.7,GPU,3,0.0636,0.001,0.1255,0.0827,0.1474,74.71,92.4,NPU,21,0.0483,0.0003,0.0051,0.1447,0.1608,43.14,79.2,GPU,14,0.3018,0.0534,0.1971,0.4757,0.339,45.71,57.9,,,,,,,,,,,,,,,,,,
L2,6,Oracle,"[""NPU"", ""GPU"", ""NPU"", ""GPU"", ""GPU"", ""GPU""]",0.1362,0.0522,0.008021,0.1662,0.0941,58.34,479.2,0,29.3,NPU,2,0.0809,0.0083,0.078,0.3965,0.1007,44.43,83.0,GPU,22,0.1706,0.001,0.182,0.5107,0.0941,77.66,97.7,NPU,13,0.1366,0.003,0.0607,0.3188,0.1788,36.55,56.7,GPU,3,0.0631,0.002,0.1314,0.088,0.1415,73.48,93.3,GPU,21,0.0522,0.0059,0.0076,0.1416,0.1268,74.08,94.4,GPU,14,0.3136,0.055,0.199,0.5128,0.3556,43.86,54.2,,,,,,,,,,,,,,,,,,
L2,6,Oracle,"[""NPU"", ""NPU"", ""GPU"", ""GPU"", ""GPU"", ""GPU""]",0.1256,0.0534,0.007297,0.1591,0.0984,58.06,498.0,0,29.8,NPU,2,0.0796,0.0088,0.0761,0.3831,0.0984,45.11,82.4,NPU,22,0.174,0.0008,0.1702,0.5451,0.1474,45.53,84.0,GPU,13,0.0929,0.0071,0.0599,0.2716,0.121,50.42,72.0,GPU,3,0.0592,0.0021,0.1153,0.1134,0.1425,76.92,93.5,GPU,21,0.0534,0.0059,0.0082,0.1447,0.1287,80.64,96.4,GPU,14,0.2948,0.0546,0.1937,0.4764,0.3167,49.71,69.8,,,,,,,,,,,,,,,,,,
L2,6,Oracle,"[""GPU"", ""GPU"", ""NPU"", ""GPU"", ""GPU"", ""NPU""]",0.1399,0.0538,0.009271,0.169,0.0693,61.94,494.2,0,29.5,GPU,2,0.073,0.0093,0.0686,0.3369,0.0693,71.57,91.8,GPU,22,0.1724,0.0014,0.185,0.5185,0.0964,76.85,94.9,NPU,13,0.1442,0.0031,0.0597,0.3331,0.1877,37.14,61.9,GPU,3,0.0641,0.0012,0.1273,0.0915,0.1469,75.72,90.6,GPU,21,0.0538,0.006,0.0076,0.1477,0.1275,72.94,96.7,NPU,14,0.332,0.0133,0.188,0.5362,0.3863,37.4,58.3,,,,,,,,,,,,,,,,,,
L2,6,Oracle,"[""NPU"", ""GPU"", ""GPU"", ""GPU"", ""GPU"", ""NPU""]",0.1326,0.0513,0.009648,0.1598,0.098,61.08,491.3,0,29.5,NPU,2,0.0797,0.0083,0.077,0.3821,0.098,46.34,86.8,GPU,22,0.1762,0.0011,0.185,0.5327,0.1022,73.09,91.9,GPU,13,0.1022,0.008,0.0682,0.2799,0.1334,45.1,59.4,GPU,3,0.0545,0.0016,0.1069,0.0896,0.1203,83.59,93.1,GPU,21,0.0513,0.0057,0.0081,0.1422,0.1278,79.9,95.8,NPU,14,0.3315,0.013,0.1863,0.5371,0.377,38.49,64.2,,,,,,,,,,,,,,,,,,
L2,6,Oracle,"[""NPU"", ""GPU"", ""GPU"", ""GPU"", ""NPU"", ""GPU""]",0.1295,0.0504,0.007166,0.167,0.101,55.75,476.8,0,29.8,NPU,2,0.0807,0.0095,0.0795,0.3861,0.1024,43.59,78.4,GPU,22,0.1765,0.0011,0.1846,0.5315,0.101,74.12,91.2,GPU,13,0.1073,0.0076,0.0622,0.2829,0.1424,50.38,72.1,GPU,3,0.0664,0.0011,0.1287,0.1271,0.1607,74.19,89.2,NPU,21,0.0504,0.0003,0.0061,0.1471,0.1757,42.7,77.2,GPU,14,0.2959,0.0543,0.1971,0.4723,0.32,49.52,68.8,,,,,,,,,,,,,,,,,,
L2,6,Oracle,"[""GPU"", ""GPU"", ""NPU"", ""NPU"", ""GPU"", ""GPU""]",0.1333,0.054,0.007082,0.1726,0.0687,58.97,482.7,0,29.6,GPU,2,0.074,0.0096,0.0754,0.3381,0.0687,73.91,93.8,GPU,22,0.1612,0.0009,0.1831,0.4942,0.0921,78.4,95.8,NPU,13,0.1395,0.003,0.0628,0.3205,0.1831,36.67,55.0,NPU,3,0.0705,0.0003,0.1413,0.15,0.2188,43.69,82.9,GPU,21,0.054,0.0067,0.0079,0.1473,0.1338,75.73,94.4,GPU,14,0.3004,0.0584,0.1981,0.4807,0.3393,45.4,60.8,,,,,,,,,,,,,,,,,,
L2,6,Oracle,"[""NPU"", ""GPU"", ""GPU"", ""NPU"", ""GPU"", ""GPU""]",0.1337,0.0525,0.007198,0.1703,0.1023,57.01,490.8,0,29.8,NPU,2,0.0808,0.0086,0.078,0.3932,0.1023,43.83,78.1,GPU,22,0.1743,0.001,0.1834,0.523,0.1043,72.95,90.1,GPU,13,0.122,0.0067,0.06,0.2883,0.1531,51.91,74.9,NPU,3,0.0711,0.0003,0.145,0.2066,0.2244,42.24,76.2,GPU,21,0.0525,0.0054,0.0084,0.1409,0.1201,81.09,95.0,GPU,14,0.3013,0.0522,0.1942,0.4803,0.3176,50.03,76.5,,,,,,,,,,,,,,,,,,
L2,6,Oracle,"[""GPU"", ""NPU"", ""NPU"", ""GPU"", ""GPU"", ""GPU""]",0.1349,0.0526,0.007988,0.1664,0.0613,61.95,486.6,0,29.5,GPU,2,0.0712,0.009,0.0661,0.3383,0.0613,79.09,94.4,NPU,22,0.1723,0.0009,0.1708,0.5376,0.1424,46.32,86.0,NPU,13,0.1412,0.0034,0.0588,0.3293,0.1856,37.0,59.1,GPU,3,0.0626,0.0015,0.1203,0.0898,0.1449,83.09,94.4,GPU,21,0.0526,0.0057,0.0081,0.1419,0.1132,81.75,96.2,GPU,14,0.3093,0.0593,0.1966,0.4942,0.3512,44.46,56.6,,,,,,,,,,,,,,,,,,
L2,6,Oracle,"[""GPU"", ""GPU"", ""GPU"", ""NPU"", ""NPU"", ""GPU""]",0.1273,0.0494,0.008049,0.1679,0.0617,56.72,496.4,0,29.9,GPU,2,0.0706,0.0093,0.0625,0.336,0.0617,82.04,96.2,GPU,22,0.174,0.001,0.1849,0.5298,0.1014,72.27,93.5,GPU,13,0.0954,0.007,0.0611,0.2705,0.1245,50.94,73.5,NPU,3,0.0676,0.0004,0.1331,0.1949,0.2205,43.04,81.1,NPU,21,0.0494,0.0004,0.0049,0.1481,0.1721,42.83,79.6,GPU,14,0.3069,0.0548,0.1983,0.4954,0.3274,49.19,72.4,,,,,,,,,,,,,,,,,,
L2,6,Oracle,"[""GPU"", ""GPU"", ""GPU"", ""GPU"", ""NPU"", ""NPU""]",0.1341,0.0504,0.009889,0.1694,0.0693,57.16,485.0,0,29.7,GPU,2,0.0737,0.0088,0.0677,0.3445,0.0693,72.02,94.4,GPU,22,0.1731,0.001,0.1836,0.5299,0.1043,70.01,95.2,GPU,13,0.1052,0.007,0.0636,0.2808,0.1327,46.43,60.5,GPU,3,0.0644,0.0014,0.1358,0.1025,0.1465,74.26,92.1,NPU,21,0.0504,0.0004,0.005,0.1504,0.1728,42.69,77.7,NPU,14,0.3378,0.0121,0.1883,0.5373,0.391,37.55,65.1,,,,,,,,,,,,,,,,,,
L2,6,Oracle,"[""GPU"", ""NPU"", ""GPU"", ""NPU"", ""GPU"", ""GPU""]",0.1317,0.0557,0.007615,0.1723,0.0646,57.72,501.2,0,29.7,GPU,2,0.0721,0.0087,0.067,0.3353,0.0646,78.33,95.2,NPU,22,0.1743,0.0011,0.1698,0.5402,0.1453,45.12,84.0,GPU,13,0.1123,0.007,0.0609,0.281,0.1387,51.5,72.4,NPU,3,0.0697,0.0004,0.1386,0.1569,0.2192,45.25,85.5,GPU,21,0.0557,0.0066,0.0085,0.1508,0.1405,76.94,96.0,GPU,14,0.3058,0.0562,0.1992,0.4951,0.3257,49.16,67.9,,,,,,,,,,,,,,,,,,
L2,6,Oracle,"[""GPU"", ""GPU"", ""NPU"", ""GPU"", ""NPU"", ""NPU""]",0.1391,0.0479,0.009393,0.1769,0.0685,56.54,476.4,0,29.7,GPU,2,0.0735,0.0087,0.0659,0.3465,0.0685,74.68,93.8,GPU,22,0.1764,0.0008,0.1867,0.5326,0.1044,71.64,96.8,NPU,13,0.1373,0.0037,0.0632,0.3314,0.1762,35.98,51.5,GPU,3,0.0673,0.0011,0.1388,0.1062,0.1534,77.27,97.1,NPU,21,0.0479,0.0004,0.0046,0.1452,0.169,42.44,79.5,NPU,14,0.332,0.0122,0.1884,0.5323,0.3899,37.22,57.7,,,,,,,,,,,,,,,,,,
L2,6,Oracle,"[""GPU"", ""NPU"", ""GPU"", ""NPU"", ""NPU"", ""GPU""]",0.1304,0.0515,0.007387,0.1813,0.0671,50.99,485.9,0,29.9,GPU,2,0.0734,0.01,0.0713,0.3462,0.0671,74.83,96.6,NPU,22,0.1749,0.0009,0.17,0.5461,0.1532,44.13,81.8,GPU,13,0.114,0.0076,0.0605,0.308,0.1456,50.03,75.5,NPU,3,0.0686,0.0004,0.1305,0.1888,0.2233,43.25,78.3,NPU,21,0.0515,0.0004,0.0057,0.1517,0.1874,42.86,79.5,GPU,14,0.3001,0.0558,0.1936,0.4961,0.3113,50.84,74.1,,,,,,,,,,,,,,,,,,
L2,6,Oracle,"[""NPU"", ""NPU"", ""GPU"", ""NPU"", ""GPU"", ""GPU""]",0.1311,0.0542,0.00745,0.1721,0.1004,51.1,489.4,0,29.7,NPU,2,0.0799,0.0087,0.0773,0.3874,0.1004,44.29,82.8,NPU,22,0.1731,0.001,0.1707,0.5381,0.1442,45.85,85.5,GPU,13,0.0997,0.0073,0.063,0.2514,0.1294,51.91,76.9,NPU,3,0.0746,0.0003,0.1497,0.1961,0.2248,43.05,76.0,GPU,21,0.0542,0.006,0.0079,0.1482,0.1196,70.17,96.7,GPU,14,0.305,0.0558,0.194,0.5031,0.3143,51.34,71.5,,,,,,,,,,,,,,,,,,
L2,6,Oracle,"[""NPU"", ""NPU"", ""GPU"", ""GPU"", ""NPU"", ""GPU""]",0.1303,0.0498,0.007375,0.1724,0.0988,51.52,495.3,0,29.8,NPU,2,0.0796,0.0085,0.0748,0.3895,0.0988,44.92,84.5,NPU,22,0.1726,0.0009,0.1695,0.5392,0.1453,45.33,85.0,GPU,13,0.1172,0.0076,0.0635,0.3003,0.1486,50.5,77.8,GPU,3,0.063,0.0013,0.1316,0.1213,0.1467,74.63,94.5,NPU,21,0.0498,0.0004,0.0055,0.1501,0.1787,43.79,79.3,GPU,14,0.2998,0.0548,0.1954,0.4805,0.3164,49.94,74.3,,,,,,,,,,,,,,,,,,
L2,6,Oracle,"[""NPU"", ""NPU"", ""GPU"", ""GPU"", ""GPU"", ""NPU""]",0.1355,0.0543,0.009255,0.1787,0.102,52.63,479.8,0,29.5,NPU,2,0.081,0.0085,0.0759,0.3938,0.102,43.58,80.2,NPU,22,0.1732,0.0008,0.1705,0.5433,0.1513,43.97,83.4,GPU,13,0.1082,0.0073,0.0677,0.2797,0.1411,46.31,66.1,GPU,3,0.0641,0.0025,0.1367,0.1236,0.1631,68.75,92.3,GPU,21,0.0543,0.0058,0.0095,0.1481,0.1311,75.1,94.9,NPU,14,0.3322,0.0128,0.1864,0.5449,0.3835,38.07,62.9,,,,,,,,,,,,,,,,,,
L2,6,Oracle,"[""GPU"", ""NPU"", ""GPU"", ""NPU"", ""GPU"", ""NPU""]",0.1387,0.0527,0.009359,0.1869,0.072,52.97,487.4,0,29.6,GPU,2,0.0757,0.0093,0.0735,0.3521,0.072,70.54,97.9,NPU,22,0.1736,0.0009,0.1705,0.5391,0.1438,45.94,86.9,GPU,13,0.122,0.0073,0.0683,0.2996,0.1593,45.36,64.1,NPU,3,0.0725,0.0003,0.1488,0.1713,0.2229,43.04,79.6,GPU,21,0.0527,0.006,0.009,0.1434,0.1359,75.5,97.8,NPU,14,0.3359,0.0128,0.1876,0.5317,0.3876,37.42,61.2,,,,,,,,,,,,,,,,,,
L2,6,Oracle,"[""NPU"", ""GPU"", ""GPU"", ""NPU"", ""GPU"", ""NPU""]",0.1386,0.0541,0.009327,0.1821,0.0984,53.85,477.1,0,29.6,NPU,2,0.0802,0.0085,0.0766,0.3863,0.1011,44.69,81.7,GPU,22,0.1705,0.001,0.1867,0.5161,0.0984,75.06,96.7,GPU,13,0.1204,0.0073,0.0685,0.3023,0.1503,46.29,64.6,NPU,3,0.0695,0.0002,0.1374,0.1813,0.2171,44.77,82.9,GPU,21,0.0541,0.0059,0.0085,0.1479,0.1354,75.56,96.1,NPU,14,0.3368,0.012,0.1879,0.5505,0.3901,36.76,55.2,,,,,,,,,,,,,,,,,,
L2,6,Oracle,"[""NPU"", ""GPU"", ""GPU"", ""GPU"", ""NPU"", ""NPU""]",0.139,0.0498,0.009894,0.1792,0.1014,52.53,471.5,0,29.6,NPU,2,0.0801,0.0079,0.0778,0.389,0.1014,44.19,83.2,GPU,22,0.1777,0.001,0.1853,0.5388,0.1064,71.23,96.4,GPU,13,0.1171,0.0081,0.0674,0.2983,0.1503,45.79,63.3,GPU,3,0.0678,0.0018,0.1428,0.0803,0.153,75.45,97.2,NPU,21,0.0498,0.0008,0.0053,0.1485,0.1708,41.89,76.7,NPU,14,0.3412,0.0135,0.1885,0.556,0.3935,36.63,54.7,,,,,,,,,,,,,,,,,,
L2,6,Oracle,"[""GPU"", ""GPU"", ""NPU"", ""NPU"", ""NPU"", ""GPU""]",0.1365,0.0482,0.007957,0.1808,0.0721,51.71,478.4,0,29.6,GPU,2,0.0763,0.0091,0.0758,0.3548,0.0721,69.45,93.2,GPU,22,0.1781,0.001,0.1879,0.5322,0.1078,69.42,93.3,NPU,13,0.1359,0.0032,0.0607,0.32,0.1743,38.23,62.3,NPU,3,0.0701,0.0003,0.138,0.2081,0.2244,43.63,82.3,NPU,21,0.0482,0.0007,0.0046,0.144,0.1638,44.18,84.1,GPU,14,0.3102,0.0542,0.1982,0.4972,0.3423,45.33,63.1,,,,,,,,,,,,,,,,,,
L2,6,Oracle,"[""GPU"", ""NPU"", ""NPU"", ""GPU"", ""GPU"", ""NPU""]",0.144,0.054,0.010549,0.1862,0.0698,55.1,436.6,2,27.2,GPU,2,0.0755,0.0101,0.0717,0.3508,0.0698,74.87,94.4,NPU,22,0.1738,0.0012,0.1703,0.54,0.1536,43.4,75.5,NPU,13,0.1434,0.0033,0.0666,0.3455,0.188,33.72,43.0,GPU,3,0.0649,0.0011,0.1362,0.1037,0.1512,73.99,94.6,GPU,21,0.054,0.0061,0.0083,0.1486,0.1456,71.91,91.0,NPU,14,0.3522,0.0117,0.1923,0.5734,0.4089,32.68,38.2,,,,,,,,,,,,,,,,,,
L2,6,Oracle,"[""GPU"", ""NPU"", ""NPU"", ""NPU"", ""GPU"", ""NPU""]",0.1413,0.0566,0.009178,0.1947,0.073,49.3,485.7,0,29.6,GPU,2,0.0756,0.0097,0.0718,0.3528,0.073,68.55,94.5,NPU,22,0.1713,0.0009,0.1699,0.5338,0.1466,44.46,84.0,NPU,13,0.1359,0.0037,0.058,0.3156,0.1818,37.55,66.0,NPU,3,0.0724,0.0003,0.1406,0.1971,0.2343,43.44,83.0,GPU,21,0.0566,0.007,0.0093,0.1578,0.1451,64.54,94.4,NPU,14,0.336,0.0112,0.1877,0.532,0.3873,37.24,63.9,,,,,,,,,,,,,,,,,,
L2,6,Oracle,"[""GPU"", ""NPU"", ""NPU"", ""NPU"", ""NPU"", ""GPU""]",0.1402,0.0531,0.008242,0.1982,0.0764,46.36,454.5,0,29.6,GPU,2,0.0771,0.0101,0.0758,0.3577,0.0764,68.17,97.0,NPU,22,0.1743,0.0009,0.1699,0.5456,0.1525,44.57,84.2,NPU,13,0.1457,0.0031,0.0632,0.3302,0.1961,37.32,60.4,NPU,3,0.0716,0.0002,0.1398,0.1675,0.222,43.09,76.4,NPU,21,0.0531,0.0004,0.0065,0.156,0.1841,40.66,73.2,GPU,14,0.3191,0.0563,0.1989,0.4999,0.3578,44.36,63.3,,,,,,,,,,,,,,,,,,
L2,6,Oracle,"[""GPU"", ""GPU"", ""NPU"", ""NPU"", ""NPU"", ""NPU""]",0.1427,0.0512,0.009312,0.1962,0.0773,48.42,472.7,0,29.8,GPU,2,0.0769,0.0099,0.075,0.3549,0.0773,66.27,98.0,GPU,22,0.1787,0.0013,0.1868,0.5416,0.1125,65.91,95.8,NPU,13,0.1412,0.0037,0.0608,0.3229,0.1871,36.92,59.4,NPU,3,0.073,0.0002,0.147,0.1571,0.2274,42.5,78.5,NPU,21,0.0512,0.0006,0.0051,0.1518,0.1816,41.47,76.9,NPU,14,0.3351,0.0118,0.1866,0.5368,0.3915,37.48,64.1,,,,,,,,,,,,,,,,,,
L2,6,Oracle,"[""NPU"", ""GPU"", ""NPU"", ""GPU"", ""NPU"", ""NPU""]",0.142,0.0487,0.009571,0.1882,0.1066,48.28,452.8,0,29.1,NPU,2,0.0824,0.0085,0.0829,0.399,0.1082,41.43,73.4,GPU,22,0.1745,0.0008,0.1849,0.5267,0.1066,67.51,95.0,NPU,13,0.1371,0.0037,0.0627,0.3155,0.1875,36.5,58.2,GPU,3,0.07,0.0015,0.1389,0.0972,0.1695,65.02,94.3,NPU,21,0.0487,0.0004,0.0049,0.1471,0.1622,42.95,78.7,NPU,14,0.3393,0.0125,0.1916,0.5579,0.3952,36.29,53.3,,,,,,,,,,,,,,,,,,
L2,6,Oracle,"[""NPU"", ""GPU"", ""NPU"", ""NPU"", ""NPU"", ""GPU""]",0.1406,0.0538,0.007817,0.1921,0.1051,43.42,396.4,1,29.1,NPU,2,0.0828,0.0087,0.0838,0.4002,0.1099,39.6,70.4,GPU,22,0.1744,0.0009,0.1859,0.5253,0.1051,68.23,96.4,NPU,13,0.145,0.0038,0.0731,0.3526,0.1858,30.39,30.5,NPU,3,0.0728,0.0002,0.1384,0.1815,0.2235,39.69,69.1,NPU,21,0.0538,0.0004,0.0056,0.1601,0.185,37.9,67.4,GPU,14,0.3146,0.0549,0.1991,0.5094,0.3431,44.69,62.6,,,,,,,,,,,,,,,,,,
L2,6,Oracle,"[""NPU"", ""NPU"", ""GPU"", ""NPU"", ""NPU"", ""GPU""]",0.1338,0.0539,0.007805,0.19,0.1051,44.82,464.5,0,29.9,NPU,2,0.081,0.0083,0.0794,0.391,0.1051,42.87,77.4,NPU,22,0.1729,0.001,0.1703,0.5445,0.1501,43.27,80.3,GPU,13,0.1122,0.0071,0.0622,0.2852,0.1396,48.45,76.3,NPU,3,0.071,0.0002,0.14,0.1568,0.2209,44.22,81.3,NPU,21,0.0539,0.0003,0.0072,0.1558,0.1913,42.19,75.2,GPU,14,0.3119,0.0553,0.194,0.4914,0.333,47.96,74.0,,,,,,,,,,,,,,,,,,
L2,6,Oracle,"[""NPU"", ""GPU"", ""NPU"", ""NPU"", ""GPU"", ""NPU""]",0.1415,0.0546,0.009311,0.191,0.101,49.79,476.7,0,29.6,NPU,2,0.0804,0.0081,0.0814,0.3922,0.1012,44.3,84.1,GPU,22,0.1713,0.001,0.1886,0.5175,0.101,69.83,97.0,NPU,13,0.1326,0.0037,0.0582,0.3135,0.1843,37.37,64.5,NPU,3,0.0716,0.0002,0.1445,0.1715,0.2233,42.77,75.6,GPU,21,0.0546,0.0062,0.009,0.1503,0.1432,67.15,95.0,NPU,14,0.3383,0.0134,0.1876,0.5461,0.3931,37.35,60.5,,,,,,,,,,,,,,,,,,
L2,6,Oracle,"[""NPU"", ""NPU"", ""GPU"", ""NPU"", ""GPU"", ""NPU""]",0.1391,0.0537,0.009209,0.1921,0.1051,46.38,451.0,0,29.3,NPU,2,0.0818,0.0086,0.0801,0.3884,0.1051,42.62,77.2,NPU,22,0.1716,0.0009,0.1701,0.5391,0.1467,43.95,79.4,GPU,13,0.1227,0.0077,0.0722,0.3091,0.1552,43.26,60.4,NPU,3,0.0697,0.0002,0.1367,0.1501,0.2245,43.4,79.7,GPU,21,0.0537,0.0063,0.0081,0.1485,0.1358,68.25,97.4,NPU,14,0.3354,0.0136,0.188,0.5387,0.3856,36.83,56.8,,,,,,,,,,,,,,,,,,
L2,6,Oracle,"[""GPU"", ""NPU"", ""GPU"", ""NPU"", ""NPU"", ""NPU""]",0.1416,0.0524,0.009898,0.1988,0.078,45.46,456.9,0,29.4,GPU,2,0.0775,0.0099,0.0756,0.3583,0.078,64.67,95.7,NPU,22,0.1738,0.0008,0.1706,0.5461,0.1547,43.5,81.6,GPU,13,0.1312,0.0075,0.0681,0.3179,0.1614,44.4,66.0,NPU,3,0.0704,0.0003,0.1351,0.1572,0.2216,42.75,80.1,NPU,21,0.0524,0.0004,0.0059,0.1539,0.1829,41.03,77.9,NPU,14,0.3443,0.0114,0.1883,0.5642,0.394,36.42,55.7,,,,,,,,,,,,,,,,,,
L2,6,Oracle,"[""NPU"", ""NPU"", ""NPU"", ""NPU"", ""GPU"", ""GPU""]",0.1401,0.0566,0.007966,0.1969,0.1016,45.84,454.0,0,29.4,NPU,2,0.0808,0.0088,0.0796,0.3928,0.1016,44.53,85.2,NPU,22,0.1748,0.0009,0.1704,0.5461,0.1587,42.77,81.6,NPU,13,0.141,0.0036,0.0608,0.3142,0.1882,36.63,57.3,NPU,3,0.0705,0.0006,0.1509,0.1877,0.2204,42.66,77.9,GPU,21,0.0566,0.007,0.0086,0.1559,0.1522,65.08,95.2,GPU,14,0.3169,0.0547,0.1982,0.5015,0.3607,43.36,56.8,,,,,,,,,,,,,,,,,,
L2,6,Oracle,"[""NPU"", ""NPU"", ""NPU"", ""GPU"", ""NPU"", ""GPU""]",0.1397,0.0492,0.008419,0.1888,0.1048,46.73,454.4,0,29.6,NPU,2,0.0813,0.0083,0.0769,0.387,0.1048,42.48,79.8,NPU,22,0.1747,0.0009,0.1698,0.5447,0.1527,43.78,79.9,NPU,13,0.1432,0.0038,0.0627,0.3198,0.1857,36.49,56.8,GPU,3,0.0692,0.0016,0.1413,0.1355,0.1653,69.95,96.9,NPU,21,0.0492,0.0007,0.0053,0.1471,0.1731,43.13,79.4,GPU,14,0.3206,0.0568,0.1993,0.5064,0.3514,44.54,61.7,,,,,,,,,,,,,,,,,,
L2,6,Oracle,"[""NPU"", ""GPU"", ""GPU"", ""NPU"", ""NPU"", ""NPU""]",0.1415,0.0492,0.009646,0.1964,0.1,46.25,451.3,0,29.4,NPU,2,0.0802,0.0086,0.0785,0.3805,0.1,44.89,82.4,GPU,22,0.179,0.0008,0.189,0.5409,0.1094,67.72,95.6,GPU,13,0.1286,0.0077,0.071,0.3063,0.1649,44.1,63.0,NPU,3,0.0722,0.0002,0.1447,0.2076,0.229,42.45,78.5,NPU,21,0.0492,0.0006,0.0055,0.1492,0.1799,41.59,76.0,NPU,14,0.3396,0.0137,0.188,0.547,0.3953,36.75,55.9,,,,,,,,,,,,,,,,,,
L2,8,Naive_allGPU+Oracle,"[""GPU"", ""GPU"", ""GPU"", ""GPU"", ""GPU"", ""GPU"", ""GPU"", ""GPU""]",0.1193,0.0443,0.005177,0.1062,0.0454,92.24,688.7,0,29.9,GPU,2,0.0575,0.0061,0.0459,0.2757,0.0454,112.61,95.4,GPU,22,0.1539,0.0017,0.1794,0.4479,0.0651,111.58,93.7,GPU,13,0.0793,0.0079,0.0589,0.2533,0.1093,56.28,74.1,GPU,16,0.1127,0.0059,0.3145,0.1476,0.0856,112.16,87.4,GPU,3,0.0443,0.0016,0.0985,0.0703,0.0966,99.7,88.8,GPU,21,0.0497,0.0046,0.0071,0.1259,0.0905,115.34,91.6,GPU,14,0.2432,0.0543,0.1883,0.3971,0.2668,58.03,73.2,GPU,4,0.2138,0.0,0.1306,0.5338,0.0905,72.26,84.5
L2,8,SizeAware+Oracle,"[""NPU"", ""NPU"", ""NPU"", ""NPU"", ""GPU"", ""GPU"", ""GPU"", ""GPU""]",0.1532,0.0449,0.007919,0.1529,0.0857,66.73,681.1,0,29.8,NPU,2,0.0767,0.0089,0.0721,0.3706,0.0887,50.95,90.5,NPU,22,0.1693,0.0009,0.1688,0.5228,0.129,50.98,89.0,NPU,13,0.1277,0.0033,0.0558,0.2979,0.1763,40.62,70.3,NPU,16,0.2958,0.004,0.4675,0.4941,0.2725,49.0,85.5,GPU,3,0.0466,0.0011,0.0908,0.0629,0.1014,109.12,97.3,GPU,21,0.0449,0.0045,0.0067,0.1198,0.0857,107.86,99.1,GPU,14,0.2495,0.0523,0.194,0.4148,0.2789,54.09,62.2,GPU,4,0.2155,0.0,0.132,0.5372,0.091,71.21,87.3
L2,8,SizeBlindRev+Oracle,"[""GPU"", ""GPU"", ""GPU"", ""GPU"", ""NPU"", ""NPU"", ""NPU"", ""NPU""]",0.1335,0.0466,0.007644,0.1491,0.0479,69.71,660.3,0,29.6,GPU,2,0.0633,0.0075,0.057,0.2968,0.0479,106.28,100.0,GPU,22,0.1577,0.0007,0.1799,0.4598,0.0674,107.65,97.3,GPU,13,0.0832,0.0066,0.0595,0.2647,0.1077,51.09,61.5,GPU,16,0.119,0.0059,0.3914,0.148,0.0803,115.6,99.1,NPU,3,0.0693,0.0004,0.1402,0.1569,0.1985,48.01,82.9,NPU,21,0.0466,0.0005,0.0048,0.1399,0.1624,47.95,87.2,NPU,14,0.3234,0.0135,0.1884,0.5291,0.3651,39.42,62.6,NPU,4,0.2052,0.0,0.0818,0.5472,0.1632,41.66,69.6
L2,8,Oracle,"[""NPU"", ""GPU"", ""GPU"", ""GPU"", ""GPU"", ""GPU"", ""GPU"", ""GPU""]",0.123,0.04,0.005265,0.1104,0.0576,88.24,689.7,0,29.7,NPU,2,0.0799,0.0086,0.0791,0.3839,0.0995,45.69,83.0,GPU,22,0.1518,0.0007,0.1786,0.4526,0.0576,127.31,95.7,GPU,13,0.0817,0.0063,0.0549,0.2465,0.1042,59.38,75.0,GPU,16,0.1275,0.0054,0.3901,0.163,0.0895,112.39,94.3,GPU,3,0.0403,0.0011,0.0697,0.0551,0.0989,109.32,94.5,GPU,21,0.04,0.0053,0.0058,0.1094,0.0884,115.68,95.2,GPU,14,0.247,0.0519,0.19,0.4226,0.2647,55.08,67.6,GPU,4,0.2158,0.0,0.1321,0.5373,0.0808,81.09,84.3
L2,8,Oracle,"[""GPU"", ""NPU"", ""GPU"", ""GPU"", ""GPU"", ""GPU"", ""GPU"", ""GPU""]",0.1215,0.0425,0.005603,0.1151,0.0461,87.73,694.4,0,29.7,GPU,2,0.0605,0.007,0.0491,0.2904,0.0461,107.31,95.5,NPU,22,0.1743,0.001,0.1697,0.5423,0.1458,46.96,84.8,GPU,13,0.084,0.0061,0.0528,0.2551,0.111,58.1,74.9,GPU,16,0.1055,0.0051,0.4086,0.1364,0.0805,122.56,97.0,GPU,3,0.0441,0.0011,0.0962,0.0532,0.1076,117.07,97.2,GPU,21,0.0425,0.0038,0.0068,0.1143,0.0828,116.87,92.0,GPU,14,0.249,0.0526,0.1904,0.4182,0.2593,58.33,70.8,GPU,4,0.2118,0.0,0.1325,0.5287,0.0874,74.61,82.1
L2,8,Oracle,"[""GPU"", ""GPU"", ""NPU"", ""GPU"", ""GPU"", ""GPU"", ""GPU"", ""GPU""]",0.1262,0.038,0.005416,0.1156,0.0465,89.7,689.7,0,29.6,GPU,2,0.0599,0.008,0.0592,0.2756,0.0465,107.37,93.8,GPU,22,0.1579,0.0015,0.1784,0.4544,0.0685,113.2,98.2,NPU,13,0.1377,0.0033,0.0565,0.3231,0.1746,39.2,68.6,GPU,16,0.1057,0.0069,0.3686,0.1349,0.0776,109.8,93.7,GPU,3,0.046,0.0014,0.0853,0.0729,0.1066,109.49,97.4,GPU,21,0.038,0.0051,0.006,0.1015,0.076,114.89,93.2,GPU,14,0.2508,0.0567,0.1911,0.4124,0.2822,52.25,63.6,GPU,4,0.2135,0.0,0.1317,0.5359,0.0924,71.37,81.1
L2,8,Oracle,"[""GPU"", ""GPU"", ""GPU"", ""NPU"", ""GPU"", ""GPU"", ""GPU"", ""GPU""]",0.1399,0.0385,0.008582,0.1296,0.0468,85.35,690.5,0,29.8,GPU,2,0.0601,0.007,0.052,0.2889,0.0468,108.35,97.4,GPU,22,0.1558,0.0009,0.1811,0.4424,0.066,112.14,96.1,GPU,13,0.0675,0.0067,0.0559,0.2326,0.1044,58.37,73.5,NPU,16,0.2917,0.0047,0.3728,0.4995,0.2874,45.74,83.4,GPU,3,0.051,0.0011,0.1018,0.064,0.1054,106.92,91.6,GPU,21,0.0385,0.0045,0.007,0.1053,0.0877,115.48,98.0,GPU,14,0.2397,0.0565,0.1849,0.4062,0.2554,58.87,69.7,GPU,4,0.2148,0.0,0.1298,0.5365,0.0836,76.9,80.7
L2,8,Oracle,"[""GPU"", ""GPU"", ""GPU"", ""GPU"", ""NPU"", ""GPU"", ""GPU"", ""GPU""]",0.1247,0.0433,0.005226,0.1207,0.0507,83.71,705.9,0,29.7,GPU,2,0.0616,0.0071,0.0583,0.286,0.0507,101.98,98.3,GPU,22,0.1627,0.0009,0.1792,0.4866,0.0731,102.52,96.6,GPU,13,0.0773,0.0067,0.0547,0.2268,0.1058,58.7,74.6,GPU,16,0.113,0.0061,0.3507,0.1451,0.0801,121.67,99.0,NPU,3,0.0729,0.0003,0.1469,0.1785,0.2187,43.94,83.9,GPU,21,0.0433,0.0051,0.0068,0.1198,0.078,113.58,98.1,GPU,14,0.2556,0.0536,0.1896,0.4305,0.2655,56.42,72.8,GPU,4,0.2116,0.0,0.1322,0.5303,0.0937,70.87,82.6
L2,8,Oracle,"[""GPU"", ""GPU"", ""GPU"", ""GPU"", ""GPU"", ""NPU"", ""GPU"", ""GPU""]",0.1198,0.0417,0.005148,0.1128,0.0509,86.94,696.7,0,29.8,GPU,2,0.063,0.006,0.0559,0.3035,0.0509,109.12,96.5,GPU,22,0.157,0.0004,0.1749,0.4654,0.0697,108.16,96.5,GPU,13,0.0744,0.0069,0.055,0.252,0.1046,58.08,75.5,GPU,16,0.1172,0.0056,0.3489,0.1506,0.0796,115.03,90.9,GPU,3,0.0417,0.0011,0.0815,0.0608,0.0951,122.89,96.0,NPU,21,0.0499,0.0004,0.0046,0.1497,0.1698,43.24,80.4,GPU,14,0.2404,0.0546,0.1887,0.4062,0.2533,60.35,75.1,GPU,4,0.2146,0.0,0.13,0.5381,0.0792,78.61,85.9
L2,8,Oracle,"[""GPU"", ""GPU"", ""GPU"", ""GPU"", ""GPU"", ""GPU"", ""NPU"", ""GPU""]",0.1321,0.0405,0.008652,0.1221,0.0535,86.88,701.4,0,29.7,GPU,2,0.0639,0.0078,0.0606,0.2987,0.0535,100.6,96.8,GPU,22,0.1638,0.0007,0.1772,0.4673,0.067,112.95,97.2,GPU,13,0.0852,0.0069,0.0554,0.2658,0.1144,56.22,74.4,GPU,16,0.1162,0.0068,0.4232,0.1517,0.0941,94.6,92.4,GPU,3,0.0458,0.0009,0.0864,0.0593,0.0982,111.51,96.4,GPU,21,0.0405,0.0053,0.0067,0.1086,0.0917,107.66,95.6,NPU,14,0.3292,0.0111,0.1875,0.5317,0.3722,38.17,61.2,GPU,4,0.2122,0.0,0.1321,0.5315,0.0857,73.3,87.6
L2,8,Oracle,"[""GPU"", ""GPU"", ""GPU"", ""GPU"", ""GPU"", ""GPU"", ""GPU"", ""NPU""]",0.1193,0.0427,0.004569,0.1155,0.0468,86.09,698.9,0,29.9,GPU,2,0.0604,0.007,0.0565,0.2835,0.0468,105.21,94.6,GPU,22,0.1615,0.0013,0.1787,0.4782,0.0686,110.44,98.3,GPU,13,0.0851,0.0062,0.0566,0.2548,0.1122,56.88,72.7,GPU,16,0.116,0.0056,0.3466,0.1616,0.0824,108.19,92.0,GPU,3,0.0531,0.0015,0.0945,0.0685,0.117,98.05,93.0,GPU,21,0.0427,0.0051,0.0057,0.1187,0.0793,109.36,96.3,GPU,14,0.2325,0.0553,0.1858,0.4042,0.2582,58.17,76.1,NPU,4,0.2033,0.0,0.0818,0.5442,0.1592,42.39,75.9
L2,8,Oracle,"[""GPU"", ""GPU"", ""GPU"", ""NPU"", ""GPU"", ""GPU"", ""NPU"", ""GPU""]",0.1499,0.0422,0.011419,0.1427,0.0398,83.87,691.1,0,29.7,GPU,2,0.0559,0.0064,0.0439,0.2713,0.0398,124.63,99.0,GPU,22,0.1595,0.0009,0.18,0.4721,0.0709,99.01,97.5,GPU,13,0.0679,0.0072,0.0554,0.2545,0.1064,53.95,63.6,NPU,16,0.2937,0.0041,0.4436,0.4925,0.2877,45.99,82.6,GPU,3,0.0422,0.0012,0.0797,0.0647,0.0977,127.53,99.0,GPU,21,0.048,0.0048,0.0067,0.1266,0.0897,106.0,96.5,NPU,14,0.3209,0.0109,0.1856,0.5117,0.3626,39.87,65.2,GPU,4,0.2115,0.0,0.1319,0.5282,0.0869,73.94,87.8
L2,8,Oracle,"[""NPU"", ""GPU"", ""GPU"", ""GPU"", ""NPU"", ""GPU"", ""GPU"", ""GPU""]",0.1203,0.0379,0.004675,0.1203,0.0639,81.8,692.6,0,29.8,NPU,2,0.0779,0.0082,0.0745,0.374,0.0911,48.87,87.5,GPU,22,0.1483,0.0008,0.176,0.4368,0.0639,119.62,96.0,GPU,13,0.0669,0.0059,0.0521,0.233,0.0986,60.96,76.2,GPU,16,0.1137,0.0057,0.4123,0.1452,0.0861,114.8,97.1,NPU,3,0.0673,0.0003,0.1306,0.1542,0.1991,47.5,84.1,GPU,21,0.0379,0.0047,0.0054,0.1037,0.0817,126.06,95.7,GPU,14,0.2364,0.0501,0.1876,0.3915,0.2601,58.28,70.2,GPU,4,0.2143,0.0,0.1288,0.5348,0.0814,78.36,85.7
L2,8,Oracle,"[""NPU"", ""NPU"", ""GPU"", ""GPU"", ""GPU"", ""GPU"", ""GPU"", ""GPU""]",0.1178,0.0418,0.005271,0.116,0.0699,82.61,688.4,0,29.8,NPU,2,0.0778,0.0083,0.0703,0.3785,0.0925,48.27,84.0,NPU,22,0.1729,0.0009,0.1705,0.5334,0.1377,49.18,87.7,GPU,13,0.0746,0.0061,0.0548,0.2479,0.1118,58.41,70.1,GPU,16,0.0839,0.0049,0.2823,0.1072,0.0699,116.93,93.6,GPU,3,0.0418,0.0014,0.0867,0.0516,0.102,115.8,96.3,GPU,21,0.0422,0.0044,0.0068,0.1116,0.0809,134.02,97.8,GPU,14,0.2347,0.0518,0.1871,0.4005,0.2529,58.75,71.4,GPU,4,0.2146,0.0,0.1296,0.5367,0.0801,79.48,87.6
L2,8,Oracle,"[""GPU"", ""GPU"", ""GPU"", ""GPU"", ""NPU"", ""GPU"", ""NPU"", ""GPU""]",0.132,0.0438,0.00806,0.1313,0.0448,83.04,699.0,0,29.8,GPU,2,0.0614,0.0075,0.0549,0.2933,0.0448,115.29,100.0,GPU,22,0.1529,0.001,0.1808,0.4507,0.0674,117.89,97.2,GPU,13,0.0689,0.0072,0.0548,0.2381,0.1047,55.15,67.6,GPU,16,0.1282,0.0066,0.4148,0.171,0.091,106.29,98.2,NPU,3,0.0654,0.0003,0.1259,0.1553,0.2058,47.79,87.8,GPU,21,0.0438,0.0046,0.0072,0.114,0.0809,109.2,95.3,NPU,14,0.3226,0.0122,0.1859,0.5185,0.3668,39.7,65.9,GPU,4,0.2128,0.0,0.1329,0.533,0.0888,73.02,86.8
L2,8,Oracle,"[""GPU"", ""NPU"", ""GPU"", ""NPU"", ""GPU"", ""GPU"", ""GPU"", ""GPU""]",0.1431,0.0384,0.008394,0.1377,0.0411,81.77,692.8,0,29.9,GPU,2,0.0569,0.0062,0.0486,0.2757,0.0411,133.6,95.6,NPU,22,0.1714,0.0009,0.1698,0.5287,0.1365,48.89,85.6,GPU,13,0.0885,0.0056,0.0505,0.2622,0.114,61.93,74.8,NPU,16,0.2871,0.0035,0.4241,0.4901,0.273,47.9,88.4,GPU,3,0.0465,0.0006,0.0975,0.092,0.1132,106.19,95.0,GPU,21,0.0384,0.0058,0.0065,0.1045,0.0821,116.51,97.1,GPU,14,0.2432,0.051,0.1874,0.4238,0.2563,59.52,72.4,GPU,4,0.2129,0.0,0.1326,0.532,0.0853,79.62,84.0
L2,8,Oracle,"[""GPU"", ""NPU"", ""NPU"", ""GPU"", ""GPU"", ""GPU"", ""GPU"", ""GPU""]",0.13,0.0453,0.005122,0.1246,0.0416,85.19,707.3,0,29.9,GPU,2,0.0563,0.0065,0.0466,0.2677,0.0416,130.51,98.9,NPU,22,0.1708,0.0009,0.1699,0.531,0.1385,48.6,88.3,NPU,13,0.1395,0.0037,0.0582,0.3152,0.1844,40.17,68.7,GPU,16,0.1264,0.0053,0.3889,0.1619,0.0926,108.81,97.3,GPU,3,0.0453,0.0016,0.081,0.0655,0.101,107.34,97.3,GPU,21,0.0459,0.0049,0.0064,0.119,0.0841,114.06,99.0,GPU,14,0.2408,0.0504,0.1892,0.4065,0.2697,55.46,67.6,GPU,4,0.2151,0.0,0.1328,0.5349,0.0848,76.58,90.2
L2,8,Oracle,"[""GPU"", ""GPU"", ""GPU"", ""GPU"", ""NPU"", ""NPU"", ""GPU"", ""GPU""]",0.122,0.0501,0.004166,0.1256,0.043,79.48,694.9,0,29.8,GPU,2,0.0597,0.0064,0.0509,0.2824,0.043,114.64,99.0,GPU,22,0.1551,0.0008,0.1799,0.4527,0.066,115.33,98.1,GPU,13,0.0909,0.0063,0.052,0.2599,0.1104,60.48,77.0,GPU,16,0.1137,0.0058,0.3695,0.1478,0.0818,111.97,95.4,NPU,3,0.0675,0.0001,0.1411,0.1378,0.207,47.53,83.2,NPU,21,0.0501,0.0012,0.0062,0.1484,0.1723,45.82,79.4,GPU,14,0.2264,0.0564,0.185,0.3937,0.2419,60.82,74.7,GPU,4,0.2129,0.0,0.1322,0.5329,0.0828,79.26,88.1
L2,8,Oracle,"[""NPU"", ""GPU"", ""GPU"", ""GPU"", ""GPU"", ""NPU"", ""GPU"", ""GPU""]",0.1219,0.0459,0.004997,0.118,0.0644,78.07,680.3,0,29.9,NPU,2,0.0788,0.008,0.0758,0.385,0.0969,46.42,82.4,GPU,22,0.1504,0.0017,0.182,0.4466,0.0644,108.17,92.0,GPU,13,0.0732,0.0063,0.0555,0.2463,0.1034,59.0,73.2,GPU,16,0.1205,0.0061,0.3923,0.1532,0.0831,115.05,98.2,GPU,3,0.0459,0.0018,0.0949,0.0584,0.092,115.78,99.0,NPU,21,0.0476,0.0005,0.0055,0.1433,0.1579,45.97,80.3,GPU,14,0.2445,0.0539,0.188,0.4083,0.2627,58.89,73.3,GPU,4,0.2147,0.0,0.1327,0.536,0.0839,75.28,81.9
L2,8,Oracle,"[""GPU"", ""GPU"", ""GPU"", ""GPU"", ""GPU"", ""NPU"", ""GPU"", ""NPU""]",0.1165,0.0398,0.004887,0.1228,0.043,84.81,696.5,0,29.9,GPU,2,0.0569,0.0062,0.0498,0.269,0.043,123.39,98.9,GPU,22,0.1589,0.0011,0.1788,0.4632,0.0702,106.99,95.7,GPU,13,0.0819,0.0061,0.0552,0.2444,0.1119,59.75,75.4,GPU,16,0.106,0.0056,0.3834,0.1249,0.0793,118.36,96.1,GPU,3,0.0398,0.0011,0.0689,0.0656,0.0909,124.69,96.9,NPU,21,0.048,0.0004,0.0048,0.1434,0.1649,46.1,84.5,GPU,14,0.2339,0.0535,0.1849,0.3988,0.265,56.41,72.8,NPU,4,0.2064,0.0,0.0817,0.5489,0.1577,42.8,76.2
L2,8,Oracle,"[""GPU"", ""GPU"", ""NPU"", ""GPU"", ""GPU"", ""GPU"", ""GPU"", ""NPU""]",0.125,0.0404,0.004893,0.1273,0.0465,85.37,679.6,0,29.7,GPU,2,0.0608,0.0074,0.0519,0.2897,0.0465,114.11,95.3,GPU,22,0.1559,0.0006,0.1771,0.4569,0.0666,114.91,95.3,NPU,13,0.1415,0.003,0.0579,0.3278,0.1825,39.78,66.8,GPU,16,0.1109,0.0048,0.4025,0.1447,0.0838,103.7,94.9,GPU,3,0.045,0.0011,0.0988,0.0555,0.1084,106.64,99.1,GPU,21,0.0404,0.0049,0.0073,0.111,0.0886,107.16,94.6,GPU,14,0.2441,0.0539,0.1895,0.403,0.2876,53.24,60.2,NPU,4,0.2016,0.0,0.0816,0.5397,0.1545,43.43,73.4
L2,8,Oracle,"[""NPU"", ""GPU"", ""GPU"", ""NPU"", ""GPU"", ""GPU"", ""GPU"", ""GPU""]",0.1456,0.0429,0.007996,0.1333,0.068,78.03,700.6,0,30.0,NPU,2,0.0782,0.0082,0.0759,0.3723,0.094,48.11,86.4,GPU,22,0.1572,0.0009,0.1761,0.4689,0.068,107.08,98.1,GPU,13,0.0935,0.0064,0.0573,0.2592,0.1154,56.9,70.2,NPU,16,0.2947,0.0046,0.4361,0.4881,0.27,48.99,91.3,GPU,3,0.0429,0.0011,0.071,0.0749,0.096,117.77,96.9,GPU,21,0.0446,0.005,0.008,0.1189,0.088,108.99,95.3,GPU,14,0.2405,0.0525,0.188,0.4127,0.2483,61.7,78.3,GPU,4,0.2134,0.0,0.1285,0.5329,0.087,74.69,83.9
L2,8,Oracle,"[""GPU"", ""GPU"", ""NPU"", ""NPU"", ""GPU"", ""GPU"", ""GPU"", ""GPU""]",0.1443,0.0381,0.008012,0.1329,0.0422,92.63,701.1,0,29.8,GPU,2,0.056,0.0051,0.0484,0.2678,0.0422,130.83,100.0,GPU,22,0.1445,0.0008,0.1784,0.4145,0.0586,129.47,98.9,NPU,13,0.13,0.0037,0.0568,0.3018,0.1684,40.32,69.5,NPU,16,0.2919,0.004,0.4762,0.4835,0.2745,47.75,87.3,GPU,3,0.0381,0.0011,0.0826,0.0472,0.0871,132.31,98.9,GPU,21,0.0449,0.0044,0.0063,0.1179,0.0846,126.74,96.8,GPU,14,0.2358,0.0524,0.1922,0.3993,0.2676,53.51,61.4,GPU,4,0.2136,0.0,0.1307,0.537,0.0805,80.13,88.2
L2,8,Oracle,"[""NPU"", ""NPU"", ""GPU"", ""GPU"", ""NPU"", ""GPU"", ""GPU"", ""GPU""]",0.1247,0.0426,0.004756,0.128,0.0768,73.86,691.0,0,29.8,NPU,2,0.0765,0.0078,0.0733,0.3696,0.0874,50.71,87.9,NPU,22,0.1685,0.001,0.1692,0.5246,0.1297,51.57,90.4,GPU,13,0.083,0.0061,0.0528,0.2666,0.1021,58.84,73.0,GPU,16,0.1089,0.008,0.4038,0.1301,0.0768,125.21,100.0,NPU,3,0.0634,0.0001,0.1258,0.145,0.1956,49.69,89.6,GPU,21,0.0426,0.0052,0.0057,0.1168,0.0873,119.91,95.1,GPU,14,0.2401,0.0566,0.187,0.404,0.2609,58.24,71.7,GPU,4,0.2143,0.0,0.1317,0.5349,0.0842,76.73,83.3
L2,8,Oracle,"[""NPU"", ""NPU"", ""GPU"", ""NPU"", ""GPU"", ""GPU"", ""GPU"", ""GPU""]",0.1457,0.0424,0.008259,0.1434,0.0846,71.55,696.7,0,29.8,NPU,2,0.0772,0.008,0.0695,0.3695,0.0892,50.74,89.6,NPU,22,0.1717,0.0008,0.168,0.535,0.1391,48.81,87.5,GPU,13,0.0799,0.0058,0.0512,0.2376,0.1005,63.13,79.7,NPU,16,0.2924,0.0047,0.4195,0.4941,0.2828,46.76,85.3,GPU,3,0.0454,0.0011,0.0859,0.0582,0.0978,113.8,99.1,GPU,21,0.0424,0.0049,0.0065,0.117,0.0919,114.43,99.1,GPU,14,0.2437,0.0531,0.1897,0.4153,0.2611,57.74,71.9,GPU,4,0.2128,0.0,0.1297,0.5322,0.0846,76.95,84.5
L2,8,Oracle,"[""NPU"", ""NPU"", ""GPU"", ""GPU"", ""GPU"", ""GPU"", ""GPU"", ""NPU""]",0.1224,0.0415,0.004777,0.1264,0.0764,76.79,699.5,0,29.8,NPU,2,0.0791,0.0092,0.0759,0.3808,0.0952,47.36,84.7,NPU,22,0.1704,0.001,0.1697,0.5293,0.1403,47.37,84.2,GPU,13,0.0799,0.0059,0.0543,0.2413,0.1072,59.69,78.8,GPU,16,0.122,0.0062,0.4113,0.1481,0.0817,117.33,98.0,GPU,3,0.0415,0.0017,0.091,0.0519,0.0972,121.04,98.0,GPU,21,0.0462,0.0045,0.0064,0.1207,0.0764,119.93,100.0,GPU,14,0.24,0.0564,0.1885,0.4055,0.2571,57.41,75.3,NPU,4,0.2003,0.0,0.0817,0.538,0.1563,44.17,80.5
L2,8,Oracle,"[""NPU"", ""GPU"", ""GPU"", ""NPU"", ""GPU"", ""GPU"", ""NPU"", ""GPU""]",0.1512,0.0418,0.010511,0.1432,0.0574,78.4,694.4,0,29.7,NPU,2,0.0772,0.0082,0.074,0.3731,0.0893,50.13,87.1,GPU,22,0.145,0.0007,0.1767,0.4338,0.0574,128.42,97.8,GPU,13,0.0838,0.0068,0.057,0.2532,0.113,57.25,70.5,NPU,16,0.2899,0.0043,0.4134,0.4891,0.2696,48.98,90.1,GPU,3,0.0427,0.0017,0.0798,0.0595,0.0935,118.1,100.0,GPU,21,0.0418,0.0045,0.0064,0.1126,0.0766,114.48,98.1,NPU,14,0.316,0.0119,0.1875,0.5105,0.3568,39.77,63.8,GPU,4,0.2135,0.0,0.129,0.533,0.0891,70.09,86.9
L2,8,Oracle,"[""NPU"", ""GPU"", ""GPU"", ""NPU"", ""GPU"", ""GPU"", ""GPU"", ""NPU""]",0.145,0.0427,0.007963,0.1453,0.0684,73.13,681.2,0,29.8,NPU,2,0.0791,0.0081,0.076,0.4026,0.0957,48.06,83.9,GPU,22,0.1632,0.0009,0.1763,0.4846,0.0684,114.57,98.1,GPU,13,0.0845,0.0069,0.0556,0.2589,0.1071,57.25,71.8,NPU,16,0.292,0.0046,0.4049,0.4945,0.2836,46.26,84.5,GPU,3,0.0467,0.001,0.106,0.0595,0.1023,103.79,95.8,GPU,21,0.0427,0.0056,0.0069,0.1125,0.0847,114.0,98.1,GPU,14,0.2419,0.0529,0.187,0.4082,0.2641,57.65,73.7,NPU,4,0.2102,0.0,0.0845,0.5539,0.1568,43.45,75.4
L2,8,Oracle,"[""GPU"", ""NPU"", ""GPU"", ""GPU"", ""NPU"", ""GPU"", ""GPU"", ""NPU""]",0.1249,0.0445,0.005195,0.1327,0.0416,76.99,702.3,0,29.8,GPU,2,0.0577,0.0066,0.0473,0.2752,0.0416,126.59,99.0,NPU,22,0.171,0.0008,0.169,0.5274,0.1355,50.22,88.6,GPU,13,0.0835,0.0067,0.0554,0.2653,0.1104,56.34,72.3,GPU,16,0.1179,0.006,0.3845,0.1533,0.0807,112.23,96.3,NPU,3,0.0656,0.0005,0.13,0.169,0.1924,50.64,89.9,GPU,21,0.0445,0.0045,0.0072,0.1197,0.0824,116.76,98.0,GPU,14,0.2548,0.0574,0.1901,0.4273,0.2691,57.35,76.6,NPU,4,0.2042,0.0,0.0826,0.545,0.1497,45.79,81.6
L2,8,Oracle,"[""GPU"", ""GPU"", ""NPU"", ""NPU"", ""GPU"", ""GPU"", ""NPU"", ""GPU""]",0.1581,0.0414,0.010491,0.1492,0.0463,80.86,668.1,0,29.3,GPU,2,0.0611,0.0052,0.0527,0.2935,0.0463,114.72,98.1,GPU,22,0.1602,0.0005,0.1787,0.4826,0.0714,105.83,95.7,NPU,13,0.1288,0.0037,0.06,0.3132,0.1633,38.15,57.7,NPU,16,0.2865,0.0043,0.4123,0.4812,0.269,48.16,87.5,GPU,3,0.0471,0.0007,0.0997,0.0729,0.1019,111.84,96.3,GPU,21,0.0414,0.0039,0.006,0.1096,0.0732,124.14,97.8,NPU,14,0.326,0.0131,0.1879,0.53,0.3732,38.74,56.6,GPU,4,0.2133,0.0,0.132,0.5322,0.0953,65.29,78.5
L2,8,Oracle,"[""GPU"", ""GPU"", ""GPU"", ""GPU"", ""NPU"", ""GPU"", ""NPU"", ""NPU""]",0.132,0.0387,0.007758,0.1401,0.0457,80.2,683.8,0,29.7,GPU,2,0.0616,0.0061,0.0499,0.2965,0.0457,113.48,98.1,GPU,22,0.1541,0.0008,0.1801,0.4494,0.0651,112.79,98.1,GPU,13,0.0894,0.007,0.0591,0.2597,0.1177,51.26,60.4,GPU,16,0.1199,0.0057,0.4145,0.141,0.0815,117.33,98.0,NPU,3,0.066,0.0004,0.1296,0.158,0.2078,47.23,89.6,GPU,21,0.0387,0.0043,0.0064,0.1081,0.0823,116.87,98.1,NPU,14,0.3232,0.0135,0.1878,0.5253,0.367,39.35,64.3,NPU,4,0.2029,0.0,0.0838,0.5424,0.154,43.32,77.3
L2,8,Oracle,"[""GPU"", ""NPU"", ""GPU"", ""GPU"", ""GPU"", ""GPU"", ""NPU"", ""NPU""]",0.1247,0.038,0.008528,0.1327,0.0427,82.76,673.6,0,29.6,GPU,2,0.0589,0.0064,0.0486,0.2822,0.0427,122.73,98.0,NPU,22,0.1695,0.001,0.1701,0.5276,0.1309,50.61,89.1,GPU,13,0.0709,0.0066,0.0587,0.2449,0.1172,52.32,61.0,GPU,16,0.1002,0.0066,0.4065,0.1175,0.0755,118.38,95.0,GPU,3,0.0401,0.0011,0.0702,0.0522,0.0892,123.12,96.9,GPU,21,0.038,0.0053,0.0065,0.1082,0.0921,111.55,96.4,NPU,14,0.3193,0.0128,0.185,0.5241,0.359,39.81,64.2,NPU,4,0.2011,0.0,0.0821,0.5416,0.1552,43.58,73.1
L2,8,Oracle,"[""NPU"", ""GPU"", ""GPU"", ""NPU"", ""GPU"", ""NPU"", ""GPU"", ""GPU""]",0.1438,0.0456,0.007939,0.1405,0.0648,74.26,702.9,0,29.9,NPU,2,0.0775,0.0086,0.0711,0.377,0.0914,49.72,88.0,GPU,22,0.1501,0.0013,0.1794,0.4569,0.0648,115.94,98.2,GPU,13,0.0842,0.0064,0.0526,0.2546,0.1062,63.86,79.4,NPU,16,0.2925,0.0036,0.4679,0.4808,0.2703,49.85,87.6,GPU,3,0.0457,0.0005,0.0897,0.0554,0.1046,124.03,99.0,NPU,21,0.0456,0.0004,0.0042,0.139,0.1524,50.0,88.6,GPU,14,0.2384,0.0544,0.1888,0.4037,0.2544,60.11,77.7,GPU,4,0.2161,0.0,0.132,0.5381,0.0801,80.54,84.5
L2,8,Oracle,"[""GPU"", ""GPU"", ""NPU"", ""GPU"", ""GPU"", ""GPU"", ""NPU"", ""NPU""]",0.1364,0.0441,0.007888,0.1349,0.046,86.57,690.7,0,29.0,GPU,2,0.0615,0.0068,0.0498,0.2977,0.046,118.12,100.0,GPU,22,0.1645,0.0006,0.1763,0.4913,0.0725,109.32,98.3,NPU,13,0.1295,0.0033,0.0573,0.3169,0.1637,39.02,61.3,GPU,16,0.1202,0.0061,0.4105,0.1425,0.0842,114.75,98.1,GPU,3,0.0441,0.0016,0.0745,0.0639,0.1038,112.03,98.2,GPU,21,0.0449,0.0042,0.0063,0.1179,0.0897,117.31,96.1,NPU,14,0.3236,0.0113,0.1872,0.5292,0.3621,38.64,58.6,NPU,4,0.2031,0.0,0.0834,0.5446,0.1571,43.39,80.1
L2,8,Oracle,"[""GPU"", ""GPU"", ""NPU"", ""GPU"", ""NPU"", ""GPU"", ""NPU"", ""GPU""]",0.1382,0.042,0.007474,0.1381,0.0471,83.33,689.5,0,29.6,GPU,2,0.0626,0.0068,0.0533,0.2968,0.0471,116.42,97.2,GPU,22,0.1505,0.0009,0.1789,0.4401,0.0634,114.87,99.0,NPU,13,0.1316,0.0033,0.0573,0.3162,0.1716,40.04,70.8,GPU,16,0.1186,0.0057,0.3486,0.1557,0.0856,121.1,98.0,NPU,3,0.0652,0.0003,0.1297,0.1485,0.2049,48.71,87.8,GPU,21,0.042,0.0049,0.0062,0.1131,0.0832,117.93,97.0,NPU,14,0.3197,0.011,0.1867,0.524,0.3553,39.75,65.8,GPU,4,0.2156,0.0,0.1298,0.538,0.0939,67.82,73.9
L2,8,Oracle,"[""GPU"", ""NPU"", ""GPU"", ""GPU"", ""NPU"", ""GPU"", ""NPU"", ""NPU""]",0.13,0.0424,0.00728,0.1422,0.041,75.15,674.5,0,29.8,GPU,2,0.0579,0.0067,0.0503,0.2749,0.041,123.88,98.9,NPU,22,0.1712,0.0011,0.1683,0.5343,0.1354,49.78,85.8,GPU,13,0.0765,0.007,0.0604,0.2536,0.1098,51.85,62.7,GPU,16,0.1183,0.006,0.3581,0.1459,0.0789,119.42,98.0,NPU,3,0.0653,0.0002,0.1311,0.1782,0.1931,50.92,88.0,GPU,21,0.0424,0.0045,0.0058,0.1134,0.0835,118.67,98.0,NPU,14,0.3075,0.0115,0.1842,0.5021,0.3487,41.13,67.7,NPU,4,0.2008,0.0,0.0841,0.54,0.1467,45.59,75.3
L2,8,Oracle,"[""NPU"", ""GPU"", ""GPU"", ""NPU"", ""GPU"", ""NPU"", ""NPU"", ""GPU""]",0.1532,0.0395,0.010401,0.1526,0.0672,69.14,675.7,0,29.6,NPU,2,0.0766,0.0084,0.0719,0.3653,0.0872,51.27,87.9,GPU,22,0.1629,0.0007,0.1814,0.4787,0.0672,118.38,100.0,GPU,13,0.0835,0.006,0.0575,0.252,0.1135,55.07,69.6,NPU,16,0.2841,0.0046,0.4027,0.4759,0.2653,49.07,82.5,GPU,3,0.0395,0.0009,0.0786,0.0557,0.0898,114.77,99.0,NPU,21,0.0472,0.0003,0.005,0.1413,0.1509,49.21,87.6,NPU,14,0.319,0.0124,0.1868,0.5235,0.3636,39.66,60.8,GPU,4,0.2131,0.0,0.1323,0.5315,0.0829,75.69,88.2
L2,8,Oracle,"[""GPU"", ""GPU"", ""NPU"", ""NPU"", ""NPU"", ""GPU"", ""GPU"", ""NPU""]",0.1458,0.038,0.007652,0.1539,0.0415,76.28,673.7,0,29.8,GPU,2,0.0578,0.0061,0.048,0.2801,0.0415,131.36,100.0,GPU,22,0.1526,0.0007,0.1769,0.4513,0.0623,120.36,99.0,NPU,13,0.1175,0.0029,0.0592,0.3118,0.1552,39.26,59.2,NPU,16,0.2967,0.0048,0.4446,0.4948,0.2676,49.38,92.6,NPU,3,0.0644,0.0004,0.1334,0.1189,0.1843,49.27,90.8,GPU,21,0.038,0.0042,0.0061,0.1054,0.0847,123.63,100.0,GPU,14,0.2387,0.0523,0.1894,0.4102,0.2842,53.1,59.4,NPU,4,0.2003,0.0,0.0819,0.5379,0.1514,43.86,72.6
L2,8,Oracle,"[""GPU"", ""NPU"", ""NPU"", ""NPU"", ""NPU"", ""GPU"", ""GPU"", ""GPU""]",0.1515,0.0431,0.007436,0.1556,0.0452,68.38,678.8,0,29.6,GPU,2,0.0606,0.0073,0.0535,0.2876,0.0452,120.33,98.0,NPU,22,0.1696,0.001,0.1704,0.5232,0.1302,52.35,89.1,NPU,13,0.1276,0.0033,0.057,0.3088,0.1624,40.26,68.5,NPU,16,0.2844,0.0046,0.363,0.4851,0.2573,49.19,87.8,NPU,3,0.0647,0.0005,0.1341,0.1494,0.1902,49.04,82.8,GPU,21,0.0431,0.0052,0.0074,0.1175,0.0931,111.37,98.2,GPU,14,0.2497,0.0553,0.1908,0.4176,0.2754,52.73,66.6,GPU,4,0.2124,0.0,0.1333,0.53,0.0908,71.76,87.8
L2,8,Oracle,"[""NPU"", ""GPU"", ""NPU"", ""GPU"", ""NPU"", ""GPU"", ""NPU"", ""GPU""]",0.1415,0.0482,0.007103,0.1422,0.0691,72.05,675.1,0,29.6,NPU,2,0.0771,0.0078,0.0729,0.3808,0.0892,49.61,84.9,GPU,22,0.1591,0.0013,0.18,0.4665,0.0691,105.36,98.3,NPU,13,0.1308,0.0037,0.0566,0.3198,0.1604,40.09,65.8,GPU,16,0.1211,0.0056,0.4084,0.1594,0.0867,110.51,100.0,NPU,3,0.0626,0.0002,0.1317,0.1519,0.1867,50.61,87.9,GPU,21,0.0482,0.0053,0.0064,0.1252,0.0899,113.14,96.3,NPU,14,0.3198,0.0123,0.1879,0.5189,0.3626,39.83,63.8,GPU,4,0.2131,0.0,0.1327,0.5327,0.093,67.26,78.1
L2,8,Oracle,"[""GPU"", ""NPU"", ""NPU"", ""GPU"", ""GPU"", ""GPU"", ""NPU"", ""NPU""]",0.1348,0.0425,0.007896,0.1416,0.046,81.23,698.8,0,29.9,GPU,2,0.0611,0.0066,0.0513,0.2913,0.046,117.61,97.2,NPU,22,0.169,0.001,0.1694,0.5248,0.1295,51.58,92.2,NPU,13,0.128,0.0037,0.0568,0.3024,0.1656,39.84,66.7,GPU,16,0.1085,0.007,0.3806,0.1379,0.0751,123.19,100.0,GPU,3,0.0425,0.0008,0.0812,0.0539,0.1021,122.47,100.0,GPU,21,0.0445,0.0052,0.0057,0.1223,0.0949,111.17,100.0,NPU,14,0.3197,0.0131,0.1857,0.5193,0.3623,40.61,69.6,NPU,4,0.2052,0.0,0.0846,0.5462,0.1573,43.37,73.2
L2,8,Oracle,"[""NPU"", ""GPU"", ""GPU"", ""NPU"", ""NPU"", ""GPU"", ""GPU"", ""NPU""]",0.1474,0.0438,0.007304,0.1559,0.0669,67.18,707.2,0,29.9,NPU,2,0.0778,0.0082,0.074,0.3739,0.0921,48.8,90.0,GPU,22,0.1551,0.0009,0.1794,0.4501,0.0669,112.14,98.2,GPU,13,0.0946,0.0067,0.0522,0.2469,0.116,63.07,81.6,NPU,16,0.2894,0.0045,0.4476,0.4865,0.2808,47.38,89.0,NPU,3,0.0652,0.0003,0.1306,0.1534,0.1958,49.61,88.5,GPU,21,0.0438,0.0048,0.0059,0.1191,0.0928,111.98,100.0,GPU,14,0.2432,0.0509,0.187,0.4169,0.2519,59.72,81.5,NPU,4,0.2099,0.0,0.0825,0.5543,0.1507,44.7,78.4
L2,8,Oracle,"[""NPU"", ""GPU"", ""NPU"", ""GPU"", ""NPU"", ""GPU"", ""GPU"", ""NPU""]",0.1304,0.0442,0.004522,0.1419,0.068,71.39,681.4,0,29.6,NPU,2,0.0779,0.0085,0.0735,0.3729,0.0887,51.1,92.1,GPU,22,0.1565,0.0008,0.1735,0.4696,0.068,111.36,99.1,NPU,13,0.1266,0.0032,0.0553,0.3116,0.1656,40.59,65.4,GPU,16,0.113,0.0069,0.4202,0.1429,0.0808,110.44,99.1,NPU,3,0.0656,0.0004,0.134,0.1573,0.1977,49.25,88.4,GPU,21,0.0442,0.0047,0.0065,0.1203,0.0861,112.87,98.1,GPU,14,0.2522,0.0532,0.1934,0.4219,0.2993,48.73,52.1,NPU,4,0.2076,0.0,0.0843,0.5477,0.1491,46.78,87.1
L2,8,Oracle,"[""NPU"", ""GPU"", ""NPU"", ""NPU"", ""GPU"", ""GPU"", ""NPU"", ""GPU""]",0.1598,0.041,0.010007,0.158,0.065,74.35,685.7,0,29.7,NPU,2,0.0764,0.0086,0.0704,0.3687,0.0874,52.34,88.1,GPU,22,0.1553,0.0006,0.1784,0.455,0.065,116.31,98.1,NPU,13,0.1346,0.003,0.0553,0.3091,0.1783,41.18,73.8,NPU,16,0.2848,0.0046,0.3835,0.4783,0.2756,49.38,88.6,GPU,3,0.0486,0.001,0.0982,0.1014,0.11,114.91,99.1,GPU,21,0.041,0.0054,0.0068,0.1121,0.0839,115.33,100.0,NPU,14,0.3261,0.0137,0.1866,0.5297,0.3684,37.97,57.5,GPU,4,0.2117,0.0,0.1294,0.5306,0.0953,67.41,80.5
L2,8,Oracle,"[""NPU"", ""NPU"", ""GPU"", ""GPU"", ""NPU"", ""NPU"", ""GPU"", ""GPU""]",0.1289,0.0485,0.004812,0.1379,0.0846,61.98,674.2,0,29.8,NPU,2,0.0777,0.008,0.0741,0.3749,0.0926,49.13,87.1,NPU,22,0.1709,0.0009,0.1693,0.5307,0.1332,50.75,88.2,GPU,13,0.0858,0.0065,0.0557,0.2511,0.1069,55.72,70.8,GPU,16,0.124,0.0062,0.3907,0.1625,0.0846,109.84,98.2,NPU,3,0.0627,0.0003,0.1241,0.1675,0.1846,51.27,88.9,NPU,21,0.0485,0.0004,0.0048,0.1439,0.1506,48.73,82.0,GPU,14,0.2482,0.0528,0.1896,0.4274,0.2649,56.21,71.2,GPU,4,0.2134,0.0,0.1322,0.5322,0.0858,74.16,87.9
