{
  "timestamp": "20250822_064239",
  "images": 1000,
  "cpu": {
    "top1": 0.796,
    "top5": 0.958,
    "elapsed_sec": 23.48133635520935
  },
  "npu": {
    "model": "resnet50_small",
    "top1": 0.001,
    "top5": 0.004,
    "elapsed_sec": 47.937469482421875
  }
}