{
  "timestamp": "20250822_084241",
  "images": 1000,
  "cpu": {
    "top1": 0.796,
    "top5": 0.958,
    "elapsed_sec": 22.17406177520752
  },
  "npu": {
    "model": "resnet50_small",
    "top1": 0.413,
    "top5": 0.477,
    "elapsed_sec": 49.80172276496887
  }
}