{
  "timestamp": "20250826_052129",
  "images": 1000,
  "cpu": {
    "top1": 0.731,
    "top5": 0.914,
    "elapsed_sec": 16.445364236831665
  },
  "npu": {
    "model": "resnet50_small",
    "top1": 0.413,
    "top5": 0.478,
    "elapsed_sec": 49.88564682006836
  }
}