{
  "timestamp": "20250905-024852",
  "device": "npu",
  "model": "/workspace/multimodel-scheduling/models/yolov3_small/model/yolov3_small.onnx",
  "data_dir": "/workspace/multimodel-scheduling/datasets/coco",
  "num_images": 100,
  "conf_thr": 0.3,
  "iou_thr": 0.5,
  "threads": null,
  "timing_ms": {
    "preprocess_avg": 2.9464149475097656,
    "preprocess_p95": 3.508615493774414,
    "inference_avg": 66.99338912963867,
    "inference_p95": 68.64951848983765,
    "postprocess_avg": 0.4247736930847168,
    "postprocess_p95": 0.6005167961120601
  },
  "metrics": {
    "mAP@[.5:.95]": 0.15357830717937157,
    "mAP@0.5": 0.24161703264689782,
    "mAP@0.75": 0.1742108345887043,
    "mAP_small": 0.05797837244027198,
    "mAP_medium": 0.1894329746121052,
    "mAP_large": 0.2333166631459588,
    "AR1": 0.11772089696747005,
    "AR10": 0.16024413069166252,
    "AR100": 0.1603710774263831,
    "AR_small": 0.061347820618807364,
    "AR_medium": 0.19394957983193276,
    "AR_large": 0.23799315998329154
  },
  "detections_json": "/workspace/multimodel-scheduling/results/yolov3_coco_dets_npu_20250905-024852.json"
}