{
  "timestamp": "20250822-074727",
  "device": "cpu",
  "model": "/workspace/multimodel-scheduling/models/yolov3_big/model/yolov3_big.onnx",
  "data_dir": "/workspace/multimodel-scheduling/datasets/coco",
  "num_images": 100,
  "conf_thr": 0.3,
  "iou_thr": 0.5,
  "threads": 1,
  "timing_ms": {
    "preprocess_avg": 2.572009563446045,
    "preprocess_p95": 2.6720046997070312,
    "inference_avg": 1115.8619403839111,
    "inference_p95": 1123.6859202384949,
    "postprocess_avg": 3.194260597229004,
    "postprocess_p95": 3.8978576660156246
  },
  "metrics": {
    "mAP@[.5:.95]": 0.5198938418833156,
    "mAP@0.5": 0.6757271926327606,
    "mAP@0.75": 0.5786553002241015,
    "mAP_small": 0.28929871879236674,
    "mAP_medium": 0.5523841029853072,
    "mAP_large": 0.7360708789949708,
    "AR1": 0.4211636455169619,
    "AR10": 0.5574042827392083,
    "AR100": 0.5578116247101544,
    "AR_small": 0.30866787170174503,
    "AR_medium": 0.5876088617265088,
    "AR_large": 0.756219977025898
  },
  "detections_json": "/workspace/multimodel-scheduling/results/yolov3_coco_dets_cpu_20250822-074727.json"
}