{
  "timestamp": "20250822-074727",
  "images": 100,
  "cpu": {
    "mAP": 0.5198938418833156,
    "mAP50": 0.6757271926327606
  },
  "npu": {
    "mAP": 0.14671772079612,
    "mAP50": 0.26096986437210656
  }
}