{
  "timestamp": "20250826-013601",
  "cpu": {
    "timestamp": "20250826-013601",
    "device": "cpu",
    "model": "/workspace/multimodel-scheduling/models/yolov3_small/model/yolov3_small.onnx",
    "data_dir": "/workspace/multimodel-scheduling/datasets/coco",
    "num_images": 100,
    "conf_thr": 0.2,
    "iou_thr": 0.5,
    "threads": 1,
    "timing_ms": {
      "preprocess_avg": 2.825300693511963,
      "preprocess_p95": 4.949891567230224,
      "inference_avg": 1028.1726336479187,
      "inference_p95": 1357.8671216964722,
      "postprocess_avg": 1.3811922073364258,
      "postprocess_p95": 3.237509727478027
    },
    "metrics": {
      "mAP@[.5:.95]": 0.4105331020961319,
      "mAP@0.5": 0.6270918117861382,
      "mAP@0.75": 0.4629608147097751,
      "mAP_small": 0.2090076253416215,
      "mAP_medium": 0.42160926034854873,
      "mAP_large": 0.5741027021180001,
      "AR1": 0.34312543854632616,
      "AR10": 0.4342352591431947,
      "AR100": 0.4343923066500655,
      "AR_small": 0.21324037646202593,
      "AR_medium": 0.43280578898225963,
      "AR_large": 0.5984317564745196
    },
    "detections_json": "/workspace/multimodel-scheduling/results/yolov3_coco_dets_cpu_20250826-013601.json"
  },
  "npu": {
    "timestamp": "20250826-013601",
    "device": "npu",
    "model": "/workspace/multimodel-scheduling/models/yolov3_small/model/yolov3_small.onnx",
    "data_dir": "/workspace/multimodel-scheduling/datasets/coco",
    "num_images": 100,
    "conf_thr": 0.2,
    "iou_thr": 0.5,
    "threads": null,
    "timing_ms": {
      "preprocess_avg": 4.489848613739014,
      "preprocess_p95": 10.385632514953613,
      "inference_avg": 81.26590013504028,
      "inference_p95": 106.80060386657713,
      "postprocess_avg": 0.5438351631164551,
      "postprocess_p95": 1.0138630867004386
    },
    "metrics": {
      "mAP@[.5:.95]": 0.16384898632205713,
      "mAP@0.5": 0.26282346351407415,
      "mAP@0.75": 0.18062814298621072,
      "mAP_small": 0.06379878916228615,
      "mAP_medium": 0.20349712723528465,
      "mAP_large": 0.24382752673231742,
      "AR1": 0.12049867474524782,
      "AR10": 0.1709708025932461,
      "AR100": 0.17160978963682677,
      "AR_small": 0.06805227309645573,
      "AR_medium": 0.2084029369323487,
      "AR_large": 0.25263131787802845
    },
    "detections_json": "/workspace/multimodel-scheduling/results/yolov3_coco_dets_npu_20250826-013601.json"
  }
}