{
  "timestamp": "20250825-113453",
  "images": 100,
  "cpu": {
    "mAP": 0.4100518039663189,
    "mAP50": 0.6254416467696365
  },
  "npu": {
    "mAP": 0.15357830717937157,
    "mAP50": 0.24161703264689782
  }
}