{
  "timestamp": "20250825-112047",
  "device": "npu",
  "model": "/workspace/multimodel-scheduling/models/yolov3_small/model/yolov3_small.onnx",
  "data_dir": "/workspace/multimodel-scheduling/datasets/coco",
  "num_images": 100,
  "conf_thr": 0.3,
  "iou_thr": 0.5,
  "threads": null,
  "timing_ms": {
    "preprocess_avg": 0.9020757675170898,
    "preprocess_p95": 1.047825813293456,
    "inference_avg": 75.96623420715332,
    "inference_p95": 86.1592173576355,
    "postprocess_avg": 0.40319204330444336,
    "postprocess_p95": 0.6350517272949218
  },
  "metrics": {
    "mAP@[.5:.95]": 0.14671772079612,
    "mAP@0.5": 0.26096986437210656,
    "mAP@0.75": 0.12567271528436896,
    "mAP_small": 0.05679843462481086,
    "mAP_medium": 0.131604725598482,
    "mAP_large": 0.26243004778938506,
    "AR1": 0.1184878551018145,
    "AR10": 0.15873436898953852,
    "AR100": 0.15873436898953852,
    "AR_small": 0.06207871275617962,
    "AR_medium": 0.1364171122994652,
    "AR_large": 0.27579600041771096
  },
  "detections_json": "/workspace/multimodel-scheduling/results/yolov3_coco_dets_npu_20250825-112047.json"
}