{
  "timestamp": "20250825-061725",
  "cpu": {
    "timestamp": "20250825-061725",
    "device": "cpu",
    "model": "/workspace/multimodel-scheduling/models/yolov3_big/model/yolov3_big.onnx",
    "data_dir": "/workspace/multimodel-scheduling/datasets/coco",
    "num_images": 100,
    "conf_thr": 0.3,
    "iou_thr": 0.5,
    "threads": 1,
    "timing_ms": {
      "preprocess_avg": 4.88961935043335,
      "preprocess_p95": 6.626677513122559,
      "inference_avg": 1026.4282941818237,
      "inference_p95": 1206.2516808509827,
      "postprocess_avg": 1.2930703163146973,
      "postprocess_p95": 3.389286994934082
    },
    "metrics": {
      "mAP@[.5:.95]": 0.42190481258953627,
      "mAP@0.5": 0.6441804187779075,
      "mAP@0.75": 0.47640523402334517,
      "mAP_small": 0.21073766761898913,
      "mAP_medium": 0.4268442540993914,
      "mAP_large": 0.6086218756442641,
      "AR1": 0.3499447727614937,
      "AR10": 0.44075650106490777,
      "AR100": 0.4420246596828897,
      "AR_small": 0.21555119769773676,
      "AR_medium": 0.4394227994227994,
      "AR_large": 0.6355597326649958
    },
    "detections_json": "/workspace/multimodel-scheduling/results/yolov3_coco_dets_cpu_20250825-061725.json"
  },
  "npu": {
    "timestamp": "20250825-061725",
    "device": "npu",
    "model": "/workspace/multimodel-scheduling/models/yolov3_big/model/yolov3_big.onnx",
    "data_dir": "/workspace/multimodel-scheduling/datasets/coco",
    "num_images": 100,
    "conf_thr": 0.3,
    "iou_thr": 0.5,
    "threads": null,
    "timing_ms": {
      "preprocess_avg": 0.8857607841491699,
      "preprocess_p95": 1.0581016540527344,
      "inference_avg": 75.01721858978271,
      "inference_p95": 84.32339429855347,
      "postprocess_avg": 0.3780531883239746,
      "postprocess_p95": 0.6098031997680664
    },
    "metrics": {
      "mAP@[.5:.95]": 0.14671772079612,
      "mAP@0.5": 0.26096986437210656,
      "mAP@0.75": 0.12567271528436896,
      "mAP_small": 0.05679843462481086,
      "mAP_medium": 0.131604725598482,
      "mAP_large": 0.26243004778938506,
      "AR1": 0.1184878551018145,
      "AR10": 0.15873436898953852,
      "AR100": 0.15873436898953852,
      "AR_small": 0.06207871275617962,
      "AR_medium": 0.1364171122994652,
      "AR_large": 0.27579600041771096
    },
    "detections_json": "/workspace/multimodel-scheduling/results/yolov3_coco_dets_npu_20250825-061725.json"
  }
}