{
  "timestamp": "20250825-145859",
  "device": "cpu",
  "model": "/home/msyu/PycharmProjects/multimodel-scheduling/models/yolov3_big/model/yolov3_big.onnx",
  "data_dir": "/home/msyu/PycharmProjects/multimodel-scheduling/datasets/coco",
  "num_images": 100,
  "conf_thr": 0.3,
  "iou_thr": 0.5,
  "threads": 1,
  "timing_ms": {
    "preprocess_avg": 4.095592498779297,
    "preprocess_p95": 5.289816856384277,
    "inference_avg": 883.1027793884277,
    "inference_p95": 891.0494327545166,
    "postprocess_avg": 0.7695317268371582,
    "postprocess_p95": 2.6610493659973145
  },
  "metrics": {
    "mAP@[.5:.95]": 0.42190481258953627,
    "mAP@0.5": 0.6441804187779075,
    "mAP@0.75": 0.47640523402334517,
    "mAP_small": 0.21073766761898913,
    "mAP_medium": 0.4268442540993914,
    "mAP_large": 0.6086218756442641,
    "AR1": 0.3499447727614937,
    "AR10": 0.44075650106490777,
    "AR100": 0.4420246596828897,
    "AR_small": 0.21555119769773676,
    "AR_medium": 0.4394227994227994,
    "AR_large": 0.6355597326649958
  },
  "detections_json": "/home/msyu/PycharmProjects/multimodel-scheduling/results/yolov3_coco_dets_20250825-145859.json"
}