{
  "timestamp": "20250824-185743",
  "device": "cpu",
  "model": "/Users/msyu/PycharmProjects/multimodel-scheduling/models/yolov3_small/model/yolov3_small.onnx",
  "data_dir": "/Users/msyu/PycharmProjects/multimodel-scheduling/datasets/coco",
  "num_images": 100,
  "conf_thr": 0.3,
  "iou_thr": 0.5,
  "threads": 1,
  "timing_ms": {
    "preprocess_avg": 4.423646926879883,
    "preprocess_p95": 5.805027484893798,
    "inference_avg": 1422.0010304450989,
    "inference_p95": 1456.1331033706665,
    "postprocess_avg": 168.94195795059204,
    "postprocess_p95": 1489.5204663276672
  },
  "metrics": {
    "mAP@[.5:.95]": 0.42520223822058956,
    "mAP@0.5": 0.6532174284383935,
    "mAP@0.75": 0.47669461138393787,
    "mAP_small": 0.21511596259134352,
    "mAP_medium": 0.42801993795907123,
    "mAP_large": 0.6092413371763948,
    "AR1": 0.35179662461334554,
    "AR10": 0.4429555751389818,
    "AR100": 0.4457052152384452,
    "AR_small": 0.22864643579297483,
    "AR_medium": 0.4423639758933876,
    "AR_large": 0.6355597326649958
  },
  "detections_json": "/Users/msyu/PycharmProjects/multimodel-scheduling/results/yolov3_coco_dets_20250824-185741.json"
}