{
  "timestamp": "20250826-013601",
  "images": 100,
  "cpu": {
    "mAP": 0.4105331020961319,
    "mAP50": 0.6270918117861382
  },
  "npu": {
    "mAP": 0.16384898632205713,
    "mAP50": 0.26282346351407415
  }
}