{
  "timestamp": "20250825-091133",
  "cpu": {
    "timestamp": "20250825-091133",
    "device": "cpu",
    "model": "/workspace/multimodel-scheduling/models/yolov3_small/model/yolov3_small.onnx",
    "data_dir": "/workspace/multimodel-scheduling/datasets/coco",
    "num_images": 100,
    "conf_thr": 0.3,
    "iou_thr": 0.5,
    "threads": 1,
    "timing_ms": {
      "preprocess_avg": 2.620258331298828,
      "preprocess_p95": 2.8567075729370117,
      "inference_avg": 1020.5467939376831,
      "inference_p95": 1044.8393821716309,
      "postprocess_avg": 1.3232970237731934,
      "postprocess_p95": 3.347182273864746
    },
    "metrics": {
      "mAP@[.5:.95]": 0.4100518039663189,
      "mAP@0.5": 0.6254416467696365,
      "mAP@0.75": 0.46247951657996217,
      "mAP_small": 0.2090076253416215,
      "mAP_medium": 0.4214539506999368,
      "mAP_large": 0.5692897208198702,
      "AR1": 0.34312543854632616,
      "AR10": 0.4334945184024539,
      "AR100": 0.4336515659093247,
      "AR_small": 0.21324037646202593,
      "AR_medium": 0.4326423902894491,
      "AR_large": 0.5911400898078529
    },
    "detections_json": "/workspace/multimodel-scheduling/results/yolov3_coco_dets_cpu_20250825-091133.json"
  },
  "npu": {
    "timestamp": "20250825-091133",
    "device": "npu",
    "model": "/workspace/multimodel-scheduling/models/yolov3_small/model/yolov3_small.onnx",
    "data_dir": "/workspace/multimodel-scheduling/datasets/coco",
    "num_images": 100,
    "conf_thr": 0.3,
    "iou_thr": 0.5,
    "threads": null,
    "timing_ms": {
      "preprocess_avg": 1.004478931427002,
      "preprocess_p95": 1.6437411308288572,
      "inference_avg": 76.90937995910645,
      "inference_p95": 88.33712339401245,
      "postprocess_avg": 0.435183048248291,
      "postprocess_p95": 0.7375597953796387
    },
    "metrics": {
      "mAP@[.5:.95]": 0.14671772079612,
      "mAP@0.5": 0.26096986437210656,
      "mAP@0.75": 0.12567271528436896,
      "mAP_small": 0.05679843462481086,
      "mAP_medium": 0.131604725598482,
      "mAP_large": 0.26243004778938506,
      "AR1": 0.1184878551018145,
      "AR10": 0.15873436898953852,
      "AR100": 0.15873436898953852,
      "AR_small": 0.06207871275617962,
      "AR_medium": 0.1364171122994652,
      "AR_large": 0.27579600041771096
    },
    "detections_json": "/workspace/multimodel-scheduling/results/yolov3_coco_dets_npu_20250825-091133.json"
  }
}