{
  "timestamp": "20250825-061514",
  "device": "cpu",
  "model": "/workspace/multimodel-scheduling/models/yolov3_big/model/yolov3_big.onnx",
  "data_dir": "/workspace/multimodel-scheduling/datasets/coco",
  "num_images": 100,
  "conf_thr": 0.3,
  "iou_thr": 0.5,
  "threads": 1,
  "timing_ms": {
    "preprocess_avg": 5.065901279449463,
    "preprocess_p95": 8.18502902984619,
    "inference_avg": 1031.483871936798,
    "inference_p95": 1224.4694471359253,
    "postprocess_avg": 1.350710391998291,
    "postprocess_p95": 3.5586476325988765
  },
  "metrics": {
    "mAP@[.5:.95]": 0.42190481258953627,
    "mAP@0.5": 0.6441804187779075,
    "mAP@0.75": 0.47640523402334517,
    "mAP_small": 0.21073766761898913,
    "mAP_medium": 0.4268442540993914,
    "mAP_large": 0.6086218756442641,
    "AR1": 0.3499447727614937,
    "AR10": 0.44075650106490777,
    "AR100": 0.4420246596828897,
    "AR_small": 0.21555119769773676,
    "AR_medium": 0.4394227994227994,
    "AR_large": 0.6355597326649958
  },
  "detections_json": "/workspace/multimodel-scheduling/results/yolov3_coco_dets_cpu_20250825-061514.json"
}