{
  "timestamp": "20250822-085043",
  "device": "npu",
  "model": "/workspace/multimodel-scheduling/models/yolov3_big/model/yolov3_big.onnx",
  "data_dir": "/workspace/multimodel-scheduling/datasets/coco",
  "num_images": 100,
  "conf_thr": 0.3,
  "iou_thr": 0.5,
  "threads": null,
  "timing_ms": {
    "preprocess_avg": 0.8712291717529297,
    "preprocess_p95": 0.963461399078369,
    "inference_avg": 74.49742794036865,
    "inference_p95": 83.95508527755737,
    "postprocess_avg": 0.3675651550292969,
    "postprocess_p95": 0.6060957908630371
  },
  "metrics": {
    "mAP@[.5:.95]": 0.14671772079612,
    "mAP@0.5": 0.26096986437210656,
    "mAP@0.75": 0.12567271528436896,
    "mAP_small": 0.05679843462481086,
    "mAP_medium": 0.131604725598482,
    "mAP_large": 0.26243004778938506,
    "AR1": 0.1184878551018145,
    "AR10": 0.15873436898953852,
    "AR100": 0.15873436898953852,
    "AR_small": 0.06207871275617962,
    "AR_medium": 0.1364171122994652,
    "AR_large": 0.27579600041771096
  },
  "detections_json": "/workspace/multimodel-scheduling/results/yolov3_coco_dets_npu_20250822-085043.json"
}