{
  "timestamp": "20250825-090047",
  "images": 100,
  "cpu": {
    "mAP": null,
    "mAP50": null
  },
  "npu": {
    "mAP": 0.14671772079612,
    "mAP50": 0.26096986437210656
  }
}