{
  "timestamp": "20250825-090609",
  "device": "cpu",
  "model": "/workspace/multimodel-scheduling/models/yolov3_small/model/yolov3_small.onnx",
  "data_dir": "/workspace/multimodel-scheduling/datasets/coco",
  "num_images": 100,
  "conf_thr": 0.3,
  "iou_thr": 0.5,
  "threads": 1,
  "timing_ms": {
    "preprocess_avg": 2.9010438919067383,
    "preprocess_p95": 5.3551316261291495,
    "inference_avg": 1073.6195516586304,
    "inference_p95": 1502.3292422294617,
    "postprocess_avg": 1.9097137451171875,
    "postprocess_p95": 3.0834197998046875
  },
  "metrics": {},
  "detections_json": null
}