{
  "timestamp": "20250825-090609",
  "cpu": {
    "timestamp": "20250825-090609",
    "device": "cpu",
    "model": "/workspace/multimodel-scheduling/models/yolov3_small/model/yolov3_small.onnx",
    "data_dir": "/workspace/multimodel-scheduling/datasets/coco",
    "num_images": 100,
    "conf_thr": 0.3,
    "iou_thr": 0.5,
    "threads": 1,
    "timing_ms": {
      "preprocess_avg": 2.9010438919067383,
      "preprocess_p95": 5.3551316261291495,
      "inference_avg": 1073.6195516586304,
      "inference_p95": 1502.3292422294617,
      "postprocess_avg": 1.9097137451171875,
      "postprocess_p95": 3.0834197998046875
    },
    "metrics": {},
    "detections_json": null
  },
  "npu": {
    "timestamp": "20250825-090609",
    "device": "npu",
    "model": "/workspace/multimodel-scheduling/models/yolov3_small/model/yolov3_small.onnx",
    "data_dir": "/workspace/multimodel-scheduling/datasets/coco",
    "num_images": 100,
    "conf_thr": 0.3,
    "iou_thr": 0.5,
    "threads": null,
    "timing_ms": {
      "preprocess_avg": 0.9340000152587891,
      "preprocess_p95": 1.3416886329650877,
      "inference_avg": 76.15724086761475,
      "inference_p95": 86.89357042312622,
      "postprocess_avg": 0.406343936920166,
      "postprocess_p95": 0.7498979568481444
    },
    "metrics": {
      "mAP@[.5:.95]": 0.14671772079612,
      "mAP@0.5": 0.26096986437210656,
      "mAP@0.75": 0.12567271528436896,
      "mAP_small": 0.05679843462481086,
      "mAP_medium": 0.131604725598482,
      "mAP_large": 0.26243004778938506,
      "AR1": 0.1184878551018145,
      "AR10": 0.15873436898953852,
      "AR100": 0.15873436898953852,
      "AR_small": 0.06207871275617962,
      "AR_medium": 0.1364171122994652,
      "AR_large": 0.27579600041771096
    },
    "detections_json": "/workspace/multimodel-scheduling/results/yolov3_coco_dets_npu_20250825-090609.json"
  }
}