{
  "timestamp": "20250825-113453",
  "device": "cpu",
  "model": "/workspace/multimodel-scheduling/models/yolov3_small/model/yolov3_small.onnx",
  "data_dir": "/workspace/multimodel-scheduling/datasets/coco",
  "num_images": 100,
  "conf_thr": 0.3,
  "iou_thr": 0.5,
  "threads": 1,
  "timing_ms": {
    "preprocess_avg": 2.632110118865967,
    "preprocess_p95": 2.923274040222168,
    "inference_avg": 1026.0022735595703,
    "inference_p95": 1049.0645170211792,
    "postprocess_avg": 1.3431715965270996,
    "postprocess_p95": 3.4862637519836426
  },
  "metrics": {
    "mAP@[.5:.95]": 0.4100518039663189,
    "mAP@0.5": 0.6254416467696365,
    "mAP@0.75": 0.46247951657996217,
    "mAP_small": 0.2090076253416215,
    "mAP_medium": 0.4214539506999368,
    "mAP_large": 0.5692897208198702,
    "AR1": 0.34312543854632616,
    "AR10": 0.4334945184024539,
    "AR100": 0.4336515659093247,
    "AR_small": 0.21324037646202593,
    "AR_medium": 0.4326423902894491,
    "AR_large": 0.5911400898078529
  },
  "detections_json": "/workspace/multimodel-scheduling/results/yolov3_coco_dets_cpu_20250825-113453.json"
}