{
  "timestamp": "20250825-113453",
  "device": "npu",
  "model": "/workspace/multimodel-scheduling/models/yolov3_small/model/yolov3_small.onnx",
  "data_dir": "/workspace/multimodel-scheduling/datasets/coco",
  "num_images": 100,
  "conf_thr": 0.3,
  "iou_thr": 0.5,
  "threads": null,
  "timing_ms": {
    "preprocess_avg": 3.237638473510742,
    "preprocess_p95": 4.43202257156372,
    "inference_avg": 76.04959964752197,
    "inference_p95": 85.88579893112183,
    "postprocess_avg": 0.4354095458984375,
    "postprocess_p95": 0.7082819938659666
  },
  "metrics": {
    "mAP@[.5:.95]": 0.15357830717937157,
    "mAP@0.5": 0.24161703264689782,
    "mAP@0.75": 0.1742108345887043,
    "mAP_small": 0.05797837244027198,
    "mAP_medium": 0.1894329746121052,
    "mAP_large": 0.2333166631459588,
    "AR1": 0.11772089696747005,
    "AR10": 0.16024413069166252,
    "AR100": 0.1603710774263831,
    "AR_small": 0.061347820618807364,
    "AR_medium": 0.19394957983193276,
    "AR_large": 0.23799315998329154
  },
  "detections_json": "/workspace/multimodel-scheduling/results/yolov3_coco_dets_npu_20250825-113453.json"
}