{
  "timestamp": "20250825-112047",
  "images": 100,
  "cpu": {
    "mAP": 0.4100518039663189,
    "mAP50": 0.6254416467696365
  },
  "npu": {
    "mAP": 0.14671772079612,
    "mAP50": 0.26096986437210656
  }
}