{
  "timestamp": "20250825-090047",
  "cpu": {
    "timestamp": "20250825-090047",
    "device": "cpu",
    "model": "/workspace/multimodel-scheduling/models/yolov3_small/model/yolov3_small.onnx",
    "data_dir": "/workspace/multimodel-scheduling/datasets/coco",
    "num_images": 100,
    "conf_thr": 0.3,
    "iou_thr": 0.5,
    "threads": 1,
    "timing_ms": {
      "preprocess_avg": 2.72705078125,
      "preprocess_p95": 3.438866138458252,
      "inference_avg": 1048.0929970741272,
      "inference_p95": 1263.9994382858274,
      "postprocess_avg": 1.7272257804870605,
      "postprocess_p95": 2.3199558258056636
    },
    "metrics": {},
    "detections_json": null
  },
  "npu": {
    "timestamp": "20250825-090047",
    "device": "npu",
    "model": "/workspace/multimodel-scheduling/models/yolov3_small/model/yolov3_small.onnx",
    "data_dir": "/workspace/multimodel-scheduling/datasets/coco",
    "num_images": 100,
    "conf_thr": 0.3,
    "iou_thr": 0.5,
    "threads": null,
    "timing_ms": {
      "preprocess_avg": 1.8647074699401855,
      "preprocess_p95": 5.261921882629392,
      "inference_avg": 87.18442916870117,
      "inference_p95": 120.63835859298706,
      "postprocess_avg": 0.6081581115722656,
      "postprocess_p95": 0.9561896324157714
    },
    "metrics": {
      "mAP@[.5:.95]": 0.14671772079612,
      "mAP@0.5": 0.26096986437210656,
      "mAP@0.75": 0.12567271528436896,
      "mAP_small": 0.05679843462481086,
      "mAP_medium": 0.131604725598482,
      "mAP_large": 0.26243004778938506,
      "AR1": 0.1184878551018145,
      "AR10": 0.15873436898953852,
      "AR100": 0.15873436898953852,
      "AR_small": 0.06207871275617962,
      "AR_medium": 0.1364171122994652,
      "AR_large": 0.27579600041771096
    },
    "detections_json": "/workspace/multimodel-scheduling/results/yolov3_coco_dets_npu_20250825-090047.json"
  }
}