{
  "timestamp": "20250825-085351",
  "device": "npu",
  "model": "/workspace/multimodel-scheduling/models/yolov3_small/model/yolov3_small.onnx",
  "data_dir": "/workspace/multimodel-scheduling/datasets/coco",
  "num_images": 100,
  "conf_thr": 0.3,
  "iou_thr": 0.5,
  "threads": null,
  "timing_ms": {
    "preprocess_avg": 0.9537744522094727,
    "preprocess_p95": 1.583874225616455,
    "inference_avg": 75.57767391204834,
    "inference_p95": 85.21028757095337,
    "postprocess_avg": 0.39591073989868164,
    "postprocess_p95": 0.6491661071777343
  },
  "metrics": {
    "mAP@[.5:.95]": 0.14474457980820757,
    "mAP@0.5": 0.2563821339425185,
    "mAP@0.75": 0.12480306591886438,
    "mAP_small": 0.05679843462481086,
    "mAP_medium": 0.131604725598482,
    "mAP_large": 0.25692699304003636,
    "AR1": 0.11799544573131328,
    "AR10": 0.15615862628570393,
    "AR100": 0.15615862628570393,
    "AR_small": 0.06207871275617962,
    "AR_medium": 0.1364171122994652,
    "AR_large": 0.26886069340016705
  },
  "detections_json": "/workspace/multimodel-scheduling/results/yolov3_coco_dets_npu_20250825-085351.json"
}