{
  "timestamp": "20250825-061514",
  "images": 100,
  "cpu": {
    "mAP": 0.42190481258953627,
    "mAP50": 0.6441804187779075
  },
  "npu": {
    "mAP": 0.14671772079612,
    "mAP50": 0.26096986437210656
  }
}