{
  "timestamp": "20250825-103017",
  "device": "cpu",
  "model": "/home/msyu/PycharmProjects/multimodel-scheduling/models/yolov3_small/model/yolov3_small.onnx",
  "data_dir": "/home/msyu/PycharmProjects/multimodel-scheduling/datasets/coco",
  "num_images": 100,
  "conf_thr": 0.3,
  "iou_thr": 0.5,
  "threads": 1,
  "timing_ms": {
    "preprocess_avg": 4.411675930023193,
    "preprocess_p95": 7.9897284507751465,
    "inference_avg": 916.0328125953674,
    "inference_p95": 1143.7056660652158,
    "postprocess_avg": 0.9389352798461914,
    "postprocess_p95": 2.5336265563964844
  },
  "metrics": {
    "mAP@[.5:.95]": 0.4167476878769433,
    "mAP@0.5": 0.6333517262995988,
    "mAP@0.75": 0.47110016920313763,
    "mAP_small": 0.21073766761898913,
    "mAP_medium": 0.42605224212508475,
    "mAP_large": 0.5693204455012498,
    "AR1": 0.3457009456009999,
    "AR10": 0.43530897020071024,
    "AR100": 0.43546601770758103,
    "AR_small": 0.21555119769773676,
    "AR_medium": 0.43713521772345304,
    "AR_large": 0.5916609231411862
  },
  "detections_json": "/home/msyu/PycharmProjects/multimodel-scheduling/results/yolov3_coco_dets_20250825-103016.json"
}