run_id,group,N,placement,k,rep,gpu_skip_pct,npu_skip_pct,worst_sap,mean_sap,median_sap,p10_sap,sap_small,sap_medium,sap_large,deadline_margin_ms_mean,per_stream_json,t_start,t_end,period_ms,fps,detector,dataset,timestamp
rev30_1782625012,N4,4,GGGG,0,0,0.0,0.0,0.1149,0.15075,0.13855,0.11685,0.00782,0.16808,0.4587,-18.346,"[{""stream_id"": 0, ""sid"": 2, ""device"": ""GPU"", ""sap"": 0.12141, ""sap_s"": 0.01638, ""sap_m"": 0.17493, ""sap_l"": 0.5773, ""skip"": 0.0, ""eff_mean_ms"": 15.185, ""infer_mean_ms"": 15.185}, {""stream_id"": 1, ""sid"": 22, ""device"": ""GPU"", ""sap"": 0.21102, ""sap_s"": 0.00143, ""sap_m"": 0.19304, ""sap_l"": 0.64696, ""skip"": 0.0, ""eff_mean_ms"": 15.011, ""infer_mean_ms"": 15.011}, {""stream_id"": 2, ""sid"": 3, ""device"": ""GPU"", ""sap"": 0.15568, ""sap_s"": 0.00345, ""sap_m"": 0.2575, ""sap_l"": 0.34881, ""skip"": 0.0, ""eff_mean_ms"": 14.944, ""infer_mean_ms"": 14.943}, {""stream_id"": 3, ""sid"": 21, ""device"": ""GPU"", ""sap"": 0.1149, ""sap_s"": 0.01001, ""sap_m"": 0.04686, ""sap_l"": 0.26173, ""skip"": 0.0, ""eff_mean_ms"": 14.808, ""infer_mean_ms"": 14.808}]",1782625016.324,1782625025.429,33.333,30.0,yolo11s,argoverse-hd-val,1782625025
rev30_1782625012,N4,4,GGNG,0,0,0.0,1.35,0.1149,0.14187,0.12079,0.11648,0.00927,0.13828,0.49533,-19.089,"[{""stream_id"": 0, ""sid"": 2, ""device"": ""GPU"", ""sap"": 0.12141, ""sap_s"": 0.01638, ""sap_m"": 0.17493, ""sap_l"": 0.5773, ""skip"": 0.0, ""eff_mean_ms"": 14.384, ""infer_mean_ms"": 14.384}, {""stream_id"": 1, ""sid"": 22, ""device"": ""GPU"", ""sap"": 0.21102, ""sap_s"": 0.00143, ""sap_m"": 0.19304, ""sap_l"": 0.64696, ""skip"": 0.0, ""eff_mean_ms"": 14.336, ""infer_mean_ms"": 14.335}, {""stream_id"": 2, ""sid"": 3, ""device"": ""NPU"", ""sap"": 0.12016, ""sap_s"": 0.00049, ""sap_m"": 0.18109, ""sap_l"": 0.32192, ""skip"": 1.35, ""eff_mean_ms"": 17.815, ""infer_mean_ms"": 17.815}, {""stream_id"": 3, ""sid"": 21, ""device"": ""GPU"", ""sap"": 0.1149, ""sap_s"": 0.01001, ""sap_m"": 0.04686, ""sap_l"": 0.26173, ""skip"": 0.0, ""eff_mean_ms"": 14.012, ""infer_mean_ms"": 14.012}]",1782625025.429,1782625035.715,33.333,30.0,yolo11s,argoverse-hd-val,1782625035
rev30_1782625012,N4,4,GGNN,0,0,0.0,2.27,0.08243,0.1337,0.12068,0.09368,0.0089,0.18399,0.61213,-20.671,"[{""stream_id"": 0, ""sid"": 2, ""device"": ""GPU"", ""sap"": 0.12141, ""sap_s"": 0.01638, ""sap_m"": 0.17493, ""sap_l"": 0.5773, ""skip"": 0.0, ""eff_mean_ms"": 12.764, ""infer_mean_ms"": 12.764}, {""stream_id"": 1, ""sid"": 22, ""device"": ""GPU"", ""sap"": 0.21102, ""sap_s"": 0.00143, ""sap_m"": 0.19304, ""sap_l"": 0.64696, ""skip"": 0.0, ""eff_mean_ms"": 12.56, ""infer_mean_ms"": 12.56}, {""stream_id"": 2, ""sid"": 3, ""device"": ""NPU"", ""sap"": 0.11994, ""sap_s"": 0.00049, ""sap_m"": 0.18133, ""sap_l"": 0.33648, ""skip"": 1.8, ""eff_mean_ms"": 17.41, ""infer_mean_ms"": 17.409}, {""stream_id"": 3, ""sid"": 21, ""device"": ""NPU"", ""sap"": 0.08243, ""sap_s"": 0.0014, ""sap_m"": 0.02376, ""sap_l"": 0.21112, ""skip"": 2.73, ""eff_mean_ms"": 17.509, ""infer_mean_ms"": 17.509}]",1782625035.715,1782625045.585,33.333,30.0,yolo11s,argoverse-hd-val,1782625045
rev30_1782625012,N4,4,GNNN,0,0,0.0,0.75,0.08342,0.12878,0.12023,0.09411,0.01638,0.17493,0.5773,-21.798,"[{""stream_id"": 0, ""sid"": 2, ""device"": ""GPU"", ""sap"": 0.12141, ""sap_s"": 0.01638, ""sap_m"": 0.17493, ""sap_l"": 0.5773, ""skip"": 0.0, ""eff_mean_ms"": 11.535, ""infer_mean_ms"": 11.534}, {""stream_id"": 1, ""sid"": 22, ""device"": ""NPU"", ""sap"": 0.19122, ""sap_s"": 0.00101, ""sap_m"": 0.17332, ""sap_l"": 0.61386, ""skip"": 0.22, ""eff_mean_ms"": 17.749, ""infer_mean_ms"": 17.749}, {""stream_id"": 2, ""sid"": 3, ""device"": ""NPU"", ""sap"": 0.11905, ""sap_s"": 0.00053, ""sap_m"": 0.18118, ""sap_l"": 0.32907, ""skip"": 1.8, ""eff_mean_ms"": 20.951, ""infer_mean_ms"": 20.951}, {""stream_id"": 3, ""sid"": 21, ""device"": ""NPU"", ""sap"": 0.08342, ""sap_s"": 0.0014, ""sap_m"": 0.0245, ""sap_l"": 0.21254, ""skip"": 0.23, ""eff_mean_ms"": 17.492, ""infer_mean_ms"": 17.492}]",1782625045.585,1782625056.919,33.333,30.0,yolo11s,argoverse-hd-val,1782625056
rev30_1782625012,N4,4,NNNN,0,0,0.0,0.23,0.08371,0.12632,0.11517,0.0913,0.00356,0.13048,0.43287,-16.093,"[{""stream_id"": 0, ""sid"": 2, ""device"": ""NPU"", ""sap"": 0.109, ""sap_s"": 0.01134, ""sap_m"": 0.14256, ""sap_l"": 0.56587, ""skip"": 0.0, ""eff_mean_ms"": 17.268, ""infer_mean_ms"": 17.268}, {""stream_id"": 1, ""sid"": 22, ""device"": ""NPU"", ""sap"": 0.19124, ""sap_s"": 0.00101, ""sap_m"": 0.17333, ""sap_l"": 0.61399, ""skip"": 0.45, ""eff_mean_ms"": 17.227, ""infer_mean_ms"": 17.226}, {""stream_id"": 2, ""sid"": 3, ""device"": ""NPU"", ""sap"": 0.12134, ""sap_s"": 0.00049, ""sap_m"": 0.18159, ""sap_l"": 0.33882, ""skip"": 0.22, ""eff_mean_ms"": 17.076, ""infer_mean_ms"": 17.075}, {""stream_id"": 3, ""sid"": 21, ""device"": ""NPU"", ""sap"": 0.08371, ""sap_s"": 0.0014, ""sap_m"": 0.02445, ""sap_l"": 0.21281, ""skip"": 0.23, ""eff_mean_ms"": 17.391, ""infer_mean_ms"": 17.39}]",1782625056.919,1782625066.623,33.333,30.0,yolo11s,argoverse-hd-val,1782625066
rev30_1782625012,N4,4,GGGG,0,1,0.0,0.0,0.1149,0.15075,0.13855,0.11685,0.00782,0.16808,0.4587,-18.686,"[{""stream_id"": 0, ""sid"": 2, ""device"": ""GPU"", ""sap"": 0.12141, ""sap_s"": 0.01638, ""sap_m"": 0.17493, ""sap_l"": 0.5773, ""skip"": 0.0, ""eff_mean_ms"": 14.825, ""infer_mean_ms"": 14.824}, {""stream_id"": 1, ""sid"": 22, ""device"": ""GPU"", ""sap"": 0.21102, ""sap_s"": 0.00143, ""sap_m"": 0.19304, ""sap_l"": 0.64696, ""skip"": 0.0, ""eff_mean_ms"": 14.729, ""infer_mean_ms"": 14.729}, {""stream_id"": 2, ""sid"": 3, ""device"": ""GPU"", ""sap"": 0.15568, ""sap_s"": 0.00345, ""sap_m"": 0.2575, ""sap_l"": 0.34881, ""skip"": 0.0, ""eff_mean_ms"": 14.573, ""infer_mean_ms"": 14.573}, {""stream_id"": 3, ""sid"": 21, ""device"": ""GPU"", ""sap"": 0.1149, ""sap_s"": 0.01001, ""sap_m"": 0.04686, ""sap_l"": 0.26173, ""skip"": 0.0, ""eff_mean_ms"": 14.463, ""infer_mean_ms"": 14.463}]",1782625066.623,1782625075.517,33.333,30.0,yolo11s,argoverse-hd-val,1782625075
rev30_1782625012,N4,4,GGNG,0,1,0.0,2.47,0.1149,0.14176,0.12055,0.11634,0.00927,0.13828,0.49533,-19.295,"[{""stream_id"": 0, ""sid"": 2, ""device"": ""GPU"", ""sap"": 0.12141, ""sap_s"": 0.01638, ""sap_m"": 0.17493, ""sap_l"": 0.5773, ""skip"": 0.0, ""eff_mean_ms"": 14.183, ""infer_mean_ms"": 14.183}, {""stream_id"": 1, ""sid"": 22, ""device"": ""GPU"", ""sap"": 0.21102, ""sap_s"": 0.00143, ""sap_m"": 0.19304, ""sap_l"": 0.64696, ""skip"": 0.0, ""eff_mean_ms"": 14.13, ""infer_mean_ms"": 14.129}, {""stream_id"": 2, ""sid"": 3, ""device"": ""NPU"", ""sap"": 0.11969, ""sap_s"": 0.00049, ""sap_m"": 0.18121, ""sap_l"": 0.3375, ""skip"": 2.47, ""eff_mean_ms"": 17.409, ""infer_mean_ms"": 17.408}, {""stream_id"": 3, ""sid"": 21, ""device"": ""GPU"", ""sap"": 0.1149, ""sap_s"": 0.01001, ""sap_m"": 0.04686, ""sap_l"": 0.26173, ""skip"": 0.0, ""eff_mean_ms"": 13.802, ""infer_mean_ms"": 13.802}]",1782625075.517,1782625085.595,33.333,30.0,yolo11s,argoverse-hd-val,1782625085
rev30_1782625012,N4,4,GGNN,0,1,0.0,2.04,0.082,0.13378,0.12104,0.0936,0.0089,0.18399,0.61213,-20.933,"[{""stream_id"": 0, ""sid"": 2, ""device"": ""GPU"", ""sap"": 0.12141, ""sap_s"": 0.01638, ""sap_m"": 0.17493, ""sap_l"": 0.5773, ""skip"": 0.0, ""eff_mean_ms"": 12.268, ""infer_mean_ms"": 12.268}, {""stream_id"": 1, ""sid"": 22, ""device"": ""GPU"", ""sap"": 0.21102, ""sap_s"": 0.00143, ""sap_m"": 0.19304, ""sap_l"": 0.64696, ""skip"": 0.0, ""eff_mean_ms"": 12.532, ""infer_mean_ms"": 12.532}, {""stream_id"": 2, ""sid"": 3, ""device"": ""NPU"", ""sap"": 0.12067, ""sap_s"": 0.00053, ""sap_m"": 0.18262, ""sap_l"": 0.33732, ""skip"": 1.8, ""eff_mean_ms"": 16.899, ""infer_mean_ms"": 16.899}, {""stream_id"": 3, ""sid"": 21, ""device"": ""NPU"", ""sap"": 0.082, ""sap_s"": 0.0014, ""sap_m"": 0.0221, ""sap_l"": 0.21132, ""skip"": 2.28, ""eff_mean_ms"": 16.734, ""infer_mean_ms"": 16.733}]",1782625085.595,1782625095.252,33.333,30.0,yolo11s,argoverse-hd-val,1782625095
rev30_1782625012,N4,4,GNNN,0,1,0.0,1.12,0.08282,0.12902,0.12104,0.09418,0.01638,0.17493,0.5773,-22.171,"[{""stream_id"": 0, ""sid"": 2, ""device"": ""GPU"", ""sap"": 0.12141, ""sap_s"": 0.01638, ""sap_m"": 0.17493, ""sap_l"": 0.5773, ""skip"": 0.0, ""eff_mean_ms"": 11.162, ""infer_mean_ms"": 11.162}, {""stream_id"": 1, ""sid"": 22, ""device"": ""NPU"", ""sap"": 0.19118, ""sap_s"": 0.001, ""sap_m"": 0.17335, ""sap_l"": 0.6136, ""skip"": 1.57, ""eff_mean_ms"": 17.216, ""infer_mean_ms"": 17.215}, {""stream_id"": 2, ""sid"": 3, ""device"": ""NPU"", ""sap"": 0.12068, ""sap_s"": 0.00049, ""sap_m"": 0.18094, ""sap_l"": 0.33776, ""skip"": 1.12, ""eff_mean_ms"": 16.916, ""infer_mean_ms"": 16.916}, {""stream_id"": 3, ""sid"": 21, ""device"": ""NPU"", ""sap"": 0.08282, ""sap_s"": 0.00056, ""sap_m"": 0.02338, ""sap_l"": 0.21223, ""skip"": 0.68, ""eff_mean_ms"": 16.858, ""infer_mean_ms"": 16.858}]",1782625095.252,1782625104.89,33.333,30.0,yolo11s,argoverse-hd-val,1782625104
rev30_1782625012,N4,4,NNNN,0,1,0.0,0.23,0.0836,0.12635,0.11518,0.09119,0.00356,0.13043,0.43269,-16.351,"[{""stream_id"": 0, ""sid"": 2, ""device"": ""NPU"", ""sap"": 0.10891, ""sap_s"": 0.01131, ""sap_m"": 0.14237, ""sap_l"": 0.56525, ""skip"": 0.46, ""eff_mean_ms"": 17.217, ""infer_mean_ms"": 17.216}, {""stream_id"": 1, ""sid"": 22, ""device"": ""NPU"", ""sap"": 0.19145, ""sap_s"": 0.00102, ""sap_m"": 0.17333, ""sap_l"": 0.61384, ""skip"": 0.45, ""eff_mean_ms"": 17.252, ""infer_mean_ms"": 17.251}, {""stream_id"": 2, ""sid"": 3, ""device"": ""NPU"", ""sap"": 0.12145, ""sap_s"": 0.00049, ""sap_m"": 0.18159, ""sap_l"": 0.33898, ""skip"": 0.0, ""eff_mean_ms"": 16.734, ""infer_mean_ms"": 16.734}, {""stream_id"": 3, ""sid"": 21, ""device"": ""NPU"", ""sap"": 0.0836, ""sap_s"": 0.0014, ""sap_m"": 0.02445, ""sap_l"": 0.21271, ""skip"": 0.0, ""eff_mean_ms"": 16.727, ""infer_mean_ms"": 16.726}]",1782625104.89,1782625114.581,33.333,30.0,yolo11s,argoverse-hd-val,1782625114
rev30_1782625012,N4,4,GGGG,0,2,0.0,0.0,0.1149,0.15075,0.13855,0.11685,0.00782,0.16808,0.4587,-18.457,"[{""stream_id"": 0, ""sid"": 2, ""device"": ""GPU"", ""sap"": 0.12141, ""sap_s"": 0.01638, ""sap_m"": 0.17493, ""sap_l"": 0.5773, ""skip"": 0.0, ""eff_mean_ms"": 15.117, ""infer_mean_ms"": 15.117}, {""stream_id"": 1, ""sid"": 22, ""device"": ""GPU"", ""sap"": 0.21102, ""sap_s"": 0.00143, ""sap_m"": 0.19304, ""sap_l"": 0.64696, ""skip"": 0.0, ""eff_mean_ms"": 14.826, ""infer_mean_ms"": 14.825}, {""stream_id"": 2, ""sid"": 3, ""device"": ""GPU"", ""sap"": 0.15568, ""sap_s"": 0.00345, ""sap_m"": 0.2575, ""sap_l"": 0.34881, ""skip"": 0.0, ""eff_mean_ms"": 14.832, ""infer_mean_ms"": 14.832}, {""stream_id"": 3, ""sid"": 21, ""device"": ""GPU"", ""sap"": 0.1149, ""sap_s"": 0.01001, ""sap_m"": 0.04686, ""sap_l"": 0.26173, ""skip"": 0.0, ""eff_mean_ms"": 14.732, ""infer_mean_ms"": 14.732}]",1782625114.581,1782625123.519,33.333,30.0,yolo11s,argoverse-hd-val,1782625123
rev30_1782625012,N4,4,GGNG,0,2,0.0,2.47,0.1149,0.14167,0.12039,0.11624,0.00927,0.13828,0.49533,-19.332,"[{""stream_id"": 0, ""sid"": 2, ""device"": ""GPU"", ""sap"": 0.12141, ""sap_s"": 0.01638, ""sap_m"": 0.17493, ""sap_l"": 0.5773, ""skip"": 0.0, ""eff_mean_ms"": 14.142, ""infer_mean_ms"": 14.142}, {""stream_id"": 1, ""sid"": 22, ""device"": ""GPU"", ""sap"": 0.21102, ""sap_s"": 0.00143, ""sap_m"": 0.19304, ""sap_l"": 0.64696, ""skip"": 0.0, ""eff_mean_ms"": 14.013, ""infer_mean_ms"": 14.013}, {""stream_id"": 2, ""sid"": 3, ""device"": ""NPU"", ""sap"": 0.11937, ""sap_s"": 0.00049, ""sap_m"": 0.18146, ""sap_l"": 0.33518, ""skip"": 2.47, ""eff_mean_ms"": 17.909, ""infer_mean_ms"": 17.909}, {""stream_id"": 3, ""sid"": 21, ""device"": ""GPU"", ""sap"": 0.1149, ""sap_s"": 0.01001, ""sap_m"": 0.04686, ""sap_l"": 0.26173, ""skip"": 0.0, ""eff_mean_ms"": 13.849, ""infer_mean_ms"": 13.849}]",1782625123.519,1782625133.794,33.333,30.0,yolo11s,argoverse-hd-val,1782625133
rev30_1782625012,N4,4,GGNN,0,2,0.0,1.7,0.08238,0.13341,0.12013,0.09332,0.0089,0.18399,0.61213,-21.313,"[{""stream_id"": 0, ""sid"": 2, ""device"": ""GPU"", ""sap"": 0.12141, ""sap_s"": 0.01638, ""sap_m"": 0.17493, ""sap_l"": 0.5773, ""skip"": 0.0, ""eff_mean_ms"": 11.972, ""infer_mean_ms"": 11.971}, {""stream_id"": 1, ""sid"": 22, ""device"": ""GPU"", ""sap"": 0.21102, ""sap_s"": 0.00143, ""sap_m"": 0.19304, ""sap_l"": 0.64696, ""skip"": 0.0, ""eff_mean_ms"": 12.069, ""infer_mean_ms"": 12.068}, {""stream_id"": 2, ""sid"": 3, ""device"": ""NPU"", ""sap"": 0.11884, ""sap_s"": 0.00045, ""sap_m"": 0.18193, ""sap_l"": 0.33437, ""skip"": 1.8, ""eff_mean_ms"": 16.663, ""infer_mean_ms"": 16.663}, {""stream_id"": 3, ""sid"": 21, ""device"": ""NPU"", ""sap"": 0.08238, ""sap_s"": 0.0014, ""sap_m"": 0.02365, ""sap_l"": 0.21102, ""skip"": 1.59, ""eff_mean_ms"": 16.788, ""infer_mean_ms"": 16.788}]",1782625133.794,1782625143.287,33.333,30.0,yolo11s,argoverse-hd-val,1782625143
rev30_1782625012,N4,4,GNNN,0,2,0.0,0.75,0.083,0.12892,0.12103,0.0943,0.01638,0.17493,0.5773,-22.267,"[{""stream_id"": 0, ""sid"": 2, ""device"": ""GPU"", ""sap"": 0.12141, ""sap_s"": 0.01638, ""sap_m"": 0.17493, ""sap_l"": 0.5773, ""skip"": 0.0, ""eff_mean_ms"": 11.066, ""infer_mean_ms"": 11.066}, {""stream_id"": 1, ""sid"": 22, ""device"": ""NPU"", ""sap"": 0.19063, ""sap_s"": 0.00101, ""sap_m"": 0.17345, ""sap_l"": 0.6121, ""skip"": 1.35, ""eff_mean_ms"": 17.651, ""infer_mean_ms"": 17.651}, {""stream_id"": 2, ""sid"": 3, ""device"": ""NPU"", ""sap"": 0.12065, ""sap_s"": 0.00049, ""sap_m"": 0.18131, ""sap_l"": 0.33878, ""skip"": 0.67, ""eff_mean_ms"": 16.96, ""infer_mean_ms"": 16.959}, {""stream_id"": 3, ""sid"": 21, ""device"": ""NPU"", ""sap"": 0.083, ""sap_s"": 0.0014, ""sap_m"": 0.02398, ""sap_l"": 0.21224, ""skip"": 0.23, ""eff_mean_ms"": 16.733, ""infer_mean_ms"": 16.733}]",1782625143.287,1782625153.087,33.333,30.0,yolo11s,argoverse-hd-val,1782625153
rev30_1782625012,N4,4,NNNN,0,2,0.0,0.34,0.08338,0.12626,0.11522,0.09106,0.00353,0.13045,0.43251,-16.197,"[{""stream_id"": 0, ""sid"": 2, ""device"": ""NPU"", ""sap"": 0.10898, ""sap_s"": 0.01137, ""sap_m"": 0.14237, ""sap_l"": 0.56449, ""skip"": 0.23, ""eff_mean_ms"": 17.388, ""infer_mean_ms"": 17.387}, {""stream_id"": 1, ""sid"": 22, ""device"": ""NPU"", ""sap"": 0.19124, ""sap_s"": 0.00101, ""sap_m"": 0.17337, ""sap_l"": 0.61392, ""skip"": 0.22, ""eff_mean_ms"": 17.048, ""infer_mean_ms"": 17.048}, {""stream_id"": 2, ""sid"": 3, ""device"": ""NPU"", ""sap"": 0.12146, ""sap_s"": 0.00049, ""sap_m"": 0.1816, ""sap_l"": 0.33895, ""skip"": 0.22, ""eff_mean_ms"": 17.248, ""infer_mean_ms"": 17.247}, {""stream_id"": 3, ""sid"": 21, ""device"": ""NPU"", ""sap"": 0.08338, ""sap_s"": 0.00125, ""sap_m"": 0.02444, ""sap_l"": 0.21268, ""skip"": 0.68, ""eff_mean_ms"": 16.861, ""infer_mean_ms"": 16.861}]",1782625153.087,1782625162.77,33.333,30.0,yolo11s,argoverse-hd-val,1782625162
rev30_1782625012,N4,4,GGGG,1,0,28.56,0.0,0.09666,0.13346,0.1165,0.09975,0.00725,0.14687,0.4045,-4.488,"[{""stream_id"": 0, ""sid"": 2, ""device"": ""GPU"", ""sap"": 0.10695, ""sap_s"": 0.01524, ""sap_m"": 0.13716, ""sap_l"": 0.46604, ""skip"": 28.47, ""eff_mean_ms"": 28.861, ""infer_mean_ms"": 28.86}, {""stream_id"": 1, ""sid"": 22, ""device"": ""GPU"", ""sap"": 0.20418, ""sap_s"": 0.00137, ""sap_m"": 0.19133, ""sap_l"": 0.62907, ""skip"": 26.09, ""eff_mean_ms"": 28.388, ""infer_mean_ms"": 28.388}, {""stream_id"": 2, ""sid"": 3, ""device"": ""GPU"", ""sap"": 0.12605, ""sap_s"": 0.00292, ""sap_m"": 0.22995, ""sap_l"": 0.28651, ""skip"": 32.02, ""eff_mean_ms"": 29.314, ""infer_mean_ms"": 29.313}, {""stream_id"": 3, ""sid"": 21, ""device"": ""GPU"", ""sap"": 0.09666, ""sap_s"": 0.00947, ""sap_m"": 0.02903, ""sap_l"": 0.23638, ""skip"": 27.66, ""eff_mean_ms"": 28.819, ""infer_mean_ms"": 28.819}]",1782625162.77,1782625178.398,33.333,30.0,yolo11s,argoverse-hd-val,1782625178
rev30_1782625012,N4,4,GGNG,1,0,14.21,0.22,0.09752,0.1351,0.11661,0.10194,0.00924,0.12453,0.47109,-8.287,"[{""stream_id"": 0, ""sid"": 2, ""device"": ""GPU"", ""sap"": 0.11224, ""sap_s"": 0.01634, ""sap_m"": 0.15405, ""sap_l"": 0.52861, ""skip"": 14.16, ""eff_mean_ms"": 25.035, ""infer_mean_ms"": 25.035}, {""stream_id"": 1, ""sid"": 22, ""device"": ""GPU"", ""sap"": 0.20965, ""sap_s"": 0.00143, ""sap_m"": 0.19212, ""sap_l"": 0.64189, ""skip"": 11.96, ""eff_mean_ms"": 24.935, ""infer_mean_ms"": 24.935}, {""stream_id"": 2, ""sid"": 3, ""device"": ""NPU"", ""sap"": 0.12099, ""sap_s"": 0.00053, ""sap_m"": 0.18153, ""sap_l"": 0.338, ""skip"": 0.22, ""eff_mean_ms"": 16.682, ""infer_mean_ms"": 16.681}, {""stream_id"": 3, ""sid"": 21, ""device"": ""GPU"", ""sap"": 0.09752, ""sap_s"": 0.00995, ""sap_m"": 0.02742, ""sap_l"": 0.24277, ""skip"": 16.51, ""eff_mean_ms"": 25.169, ""infer_mean_ms"": 25.168}]",1782625178.398,1782625192.349,33.333,30.0,yolo11s,argoverse-hd-val,1782625192
rev30_1782625012,N4,4,GGNN,1,0,8.26,0.45,0.08352,0.13261,0.11877,0.09346,0.00888,0.17841,0.59903,-10.268,"[{""stream_id"": 0, ""sid"": 2, ""device"": ""GPU"", ""sap"": 0.11666, ""sap_s"": 0.01632, ""sap_m"": 0.16427, ""sap_l"": 0.5562, ""skip"": 7.29, ""eff_mean_ms"": 23.019, ""infer_mean_ms"": 23.019}, {""stream_id"": 1, ""sid"": 22, ""device"": ""GPU"", ""sap"": 0.20936, ""sap_s"": 0.00143, ""sap_m"": 0.19255, ""sap_l"": 0.64186, ""skip"": 9.23, ""eff_mean_ms"": 23.112, ""infer_mean_ms"": 23.112}, {""stream_id"": 2, ""sid"": 3, ""device"": ""NPU"", ""sap"": 0.12088, ""sap_s"": 0.00049, ""sap_m"": 0.18157, ""sap_l"": 0.3382, ""skip"": 0.67, ""eff_mean_ms"": 16.561, ""infer_mean_ms"": 16.561}, {""stream_id"": 3, ""sid"": 21, ""device"": ""NPU"", ""sap"": 0.08352, ""sap_s"": 0.0014, ""sap_m"": 0.02443, ""sap_l"": 0.21265, ""skip"": 0.23, ""eff_mean_ms"": 16.401, ""infer_mean_ms"": 16.401}]",1782625192.349,1782625205.344,33.333,30.0,yolo11s,argoverse-hd-val,1782625205
rev30_1782625012,N4,4,GNNN,1,0,11.87,1.5,0.0831,0.12761,0.11831,0.0928,0.01615,0.16125,0.53897,-9.734,"[{""stream_id"": 0, ""sid"": 2, ""device"": ""GPU"", ""sap"": 0.11545, ""sap_s"": 0.01615, ""sap_m"": 0.16125, ""sap_l"": 0.53897, ""skip"": 11.87, ""eff_mean_ms"": 23.599, ""infer_mean_ms"": 23.598}, {""stream_id"": 1, ""sid"": 22, ""device"": ""NPU"", ""sap"": 0.19072, ""sap_s"": 0.00101, ""sap_m"": 0.17321, ""sap_l"": 0.61312, ""skip"": 2.02, ""eff_mean_ms"": 17.483, ""infer_mean_ms"": 17.483}, {""stream_id"": 2, ""sid"": 3, ""device"": ""NPU"", ""sap"": 0.12117, ""sap_s"": 0.00049, ""sap_m"": 0.18507, ""sap_l"": 0.33756, ""skip"": 1.35, ""eff_mean_ms"": 16.942, ""infer_mean_ms"": 16.942}, {""stream_id"": 3, ""sid"": 21, ""device"": ""NPU"", ""sap"": 0.0831, ""sap_s"": 0.0014, ""sap_m"": 0.02384, ""sap_l"": 0.21188, ""skip"": 1.14, ""eff_mean_ms"": 17.056, ""infer_mean_ms"": 17.056}]",1782625205.344,1782625218.273,33.333,30.0,yolo11s,argoverse-hd-val,1782625218
rev30_1782625012,N4,4,NNNN,1,0,0.0,0.68,0.08236,0.12589,0.11505,0.09032,0.00356,0.12956,0.43199,-15.564,"[{""stream_id"": 0, ""sid"": 2, ""device"": ""NPU"", ""sap"": 0.1089, ""sap_s"": 0.01134, ""sap_m"": 0.14006, ""sap_l"": 0.5645, ""skip"": 0.91, ""eff_mean_ms"": 17.947, ""infer_mean_ms"": 17.946}, {""stream_id"": 1, ""sid"": 22, ""device"": ""NPU"", ""sap"": 0.1911, ""sap_s"": 0.00101, ""sap_m"": 0.17328, ""sap_l"": 0.61328, ""skip"": 0.67, ""eff_mean_ms"": 18.001, ""infer_mean_ms"": 18.001}, {""stream_id"": 2, ""sid"": 3, ""device"": ""NPU"", ""sap"": 0.12119, ""sap_s"": 0.00049, ""sap_m"": 0.18142, ""sap_l"": 0.33898, ""skip"": 0.22, ""eff_mean_ms"": 17.698, ""infer_mean_ms"": 17.698}, {""stream_id"": 3, ""sid"": 21, ""device"": ""NPU"", ""sap"": 0.08236, ""sap_s"": 0.0014, ""sap_m"": 0.02347, ""sap_l"": 0.2112, ""skip"": 0.91, ""eff_mean_ms"": 17.432, ""infer_mean_ms"": 17.431}]",1782625218.274,1782625228.646,33.333,30.0,yolo11s,argoverse-hd-val,1782625228
rev30_1782625012,N4,4,GGGG,1,1,23.57,0.0,0.09751,0.13621,0.11997,0.10137,0.00741,0.15323,0.4189,-5.994,"[{""stream_id"": 0, ""sid"": 2, ""device"": ""GPU"", ""sap"": 0.11037, ""sap_s"": 0.01552, ""sap_m"": 0.14747, ""sap_l"": 0.53174, ""skip"": 20.47, ""eff_mean_ms"": 26.921, ""infer_mean_ms"": 26.92}, {""stream_id"": 1, ""sid"": 22, ""device"": ""GPU"", ""sap"": 0.20739, ""sap_s"": 0.0014, ""sap_m"": 0.19167, ""sap_l"": 0.63641, ""skip"": 20.82, ""eff_mean_ms"": 27.078, ""infer_mean_ms"": 27.075}, {""stream_id"": 2, ""sid"": 3, ""device"": ""GPU"", ""sap"": 0.12957, ""sap_s"": 0.00317, ""sap_m"": 0.2431, ""sap_l"": 0.26972, ""skip"": 27.0, ""eff_mean_ms"": 27.524, ""infer_mean_ms"": 27.524}, {""stream_id"": 3, ""sid"": 21, ""device"": ""GPU"", ""sap"": 0.09751, ""sap_s"": 0.00956, ""sap_m"": 0.03067, ""sap_l"": 0.23772, ""skip"": 26.0, ""eff_mean_ms"": 27.835, ""infer_mean_ms"": 27.835}]",1782625228.647,1782625243.82,33.333,30.0,yolo11s,argoverse-hd-val,1782625243
rev30_1782625012,N4,4,GGNG,1,1,13.03,0.22,0.1089,0.13851,0.11767,0.11041,0.00912,0.13053,0.48029,-8.392,"[{""stream_id"": 0, ""sid"": 2, ""device"": ""GPU"", ""sap"": 0.11392, ""sap_s"": 0.01612, ""sap_m"": 0.15846, ""sap_l"": 0.54503, ""skip"": 13.7, ""eff_mean_ms"": 25.066, ""infer_mean_ms"": 25.065}, {""stream_id"": 1, ""sid"": 22, ""device"": ""GPU"", ""sap"": 0.2098, ""sap_s"": 0.00142, ""sap_m"": 0.19239, ""sap_l"": 0.64175, ""skip"": 13.29, ""eff_mean_ms"": 25.008, ""infer_mean_ms"": 25.007}, {""stream_id"": 2, ""sid"": 3, ""device"": ""NPU"", ""sap"": 0.12142, ""sap_s"": 0.00049, ""sap_m"": 0.18159, ""sap_l"": 0.33892, ""skip"": 0.22, ""eff_mean_ms"": 16.83, ""infer_mean_ms"": 16.83}, {""stream_id"": 3, ""sid"": 21, ""device"": ""GPU"", ""sap"": 0.1089, ""sap_s"": 0.00981, ""sap_m"": 0.04074, ""sap_l"": 0.25409, ""skip"": 12.1, ""eff_mean_ms"": 24.749, ""infer_mean_ms"": 24.749}]",1782625243.82,1782625257.858,33.333,30.0,yolo11s,argoverse-hd-val,1782625257
rev30_1782625012,N4,4,GGNN,1,1,9.07,0.68,0.08333,0.13253,0.11883,0.09339,0.00867,0.17857,0.5974,-10.085,"[{""stream_id"": 0, ""sid"": 2, ""device"": ""GPU"", ""sap"": 0.11686, ""sap_s"": 0.01592, ""sap_m"": 0.16532, ""sap_l"": 0.55195, ""skip"": 7.55, ""eff_mean_ms"": 23.139, ""infer_mean_ms"": 23.138}, {""stream_id"": 1, ""sid"": 22, ""device"": ""GPU"", ""sap"": 0.2091, ""sap_s"": 0.00141, ""sap_m"": 0.19183, ""sap_l"": 0.64285, ""skip"": 10.59, ""eff_mean_ms"": 23.357, ""infer_mean_ms"": 23.356}, {""stream_id"": 2, ""sid"": 3, ""device"": ""NPU"", ""sap"": 0.12081, ""sap_s"": 0.00049, ""sap_m"": 0.18082, ""sap_l"": 0.33845, ""skip"": 0.67, ""eff_mean_ms"": 17.471, ""infer_mean_ms"": 17.471}, {""stream_id"": 3, ""sid"": 21, ""device"": ""NPU"", ""sap"": 0.08333, ""sap_s"": 0.0014, ""sap_m"": 0.02444, ""sap_l"": 0.21198, ""skip"": 0.68, ""eff_mean_ms"": 16.506, ""infer_mean_ms"": 16.505}]",1782625257.858,1782625270.993,33.333,30.0,yolo11s,argoverse-hd-val,1782625270
rev30_1782625012,N4,4,GNNN,1,1,7.76,0.6,0.08311,0.12809,0.11902,0.09337,0.01601,0.16703,0.56534,-10.306,"[{""stream_id"": 0, ""sid"": 2, ""device"": ""GPU"", ""sap"": 0.1173, ""sap_s"": 0.01601, ""sap_m"": 0.16703, ""sap_l"": 0.56534, ""skip"": 7.76, ""eff_mean_ms"": 23.027, ""infer_mean_ms"": 23.027}, {""stream_id"": 1, ""sid"": 22, ""device"": ""NPU"", ""sap"": 0.19118, ""sap_s"": 0.00101, ""sap_m"": 0.17331, ""sap_l"": 0.61388, ""skip"": 0.45, ""eff_mean_ms"": 17.587, ""infer_mean_ms"": 17.586}, {""stream_id"": 2, ""sid"": 3, ""device"": ""NPU"", ""sap"": 0.12075, ""sap_s"": 0.00049, ""sap_m"": 0.18087, ""sap_l"": 0.31826, ""skip"": 0.67, ""eff_mean_ms"": 17.545, ""infer_mean_ms"": 17.544}, {""stream_id"": 3, ""sid"": 21, ""device"": ""NPU"", ""sap"": 0.08311, ""sap_s"": 0.0014, ""sap_m"": 0.02429, ""sap_l"": 0.21209, ""skip"": 0.68, ""eff_mean_ms"": 19.053, ""infer_mean_ms"": 19.053}]",1782625270.994,1782625283.664,33.333,30.0,yolo11s,argoverse-hd-val,1782625283
rev30_1782625012,N4,4,NNNN,1,1,0.0,1.3,0.0827,0.12536,0.11378,0.09045,0.00351,0.12915,0.43124,-15.586,"[{""stream_id"": 0, ""sid"": 2, ""device"": ""NPU"", ""sap"": 0.10854, ""sap_s"": 0.01117, ""sap_m"": 0.14088, ""sap_l"": 0.56121, ""skip"": 1.82, ""eff_mean_ms"": 17.982, ""infer_mean_ms"": 17.982}, {""stream_id"": 1, ""sid"": 22, ""device"": ""NPU"", ""sap"": 0.1912, ""sap_s"": 0.00105, ""sap_m"": 0.17341, ""sap_l"": 0.61382, ""skip"": 0.9, ""eff_mean_ms"": 17.689, ""infer_mean_ms"": 17.688}, {""stream_id"": 2, ""sid"": 3, ""device"": ""NPU"", ""sap"": 0.11901, ""sap_s"": 0.00042, ""sap_m"": 0.17873, ""sap_l"": 0.33786, ""skip"": 1.12, ""eff_mean_ms"": 17.817, ""infer_mean_ms"": 17.817}, {""stream_id"": 3, ""sid"": 21, ""device"": ""NPU"", ""sap"": 0.0827, ""sap_s"": 0.0014, ""sap_m"": 0.02356, ""sap_l"": 0.21207, ""skip"": 1.37, ""eff_mean_ms"": 17.5, ""infer_mean_ms"": 17.5}]",1782625283.665,1782625293.949,33.333,30.0,yolo11s,argoverse-hd-val,1782625293
rev30_1782625012,N4,4,GGGG,1,2,23.17,0.0,0.09791,0.13602,0.12163,0.10137,0.00741,0.15024,0.41979,-5.927,"[{""stream_id"": 0, ""sid"": 2, ""device"": ""GPU"", ""sap"": 0.10945, ""sap_s"": 0.01593, ""sap_m"": 0.14363, ""sap_l"": 0.50934, ""skip"": 20.93, ""eff_mean_ms"": 27.118, ""infer_mean_ms"": 27.118}, {""stream_id"": 1, ""sid"": 22, ""device"": ""GPU"", ""sap"": 0.20292, ""sap_s"": 0.00141, ""sap_m"": 0.19269, ""sap_l"": 0.62578, ""skip"": 25.52, ""eff_mean_ms"": 27.884, ""infer_mean_ms"": 27.884}, {""stream_id"": 2, ""sid"": 3, ""device"": ""GPU"", ""sap"": 0.1338, ""sap_s"": 0.00287, ""sap_m"": 0.23604, ""sap_l"": 0.30244, ""skip"": 23.09, ""eff_mean_ms"": 27.371, ""infer_mean_ms"": 27.371}, {""stream_id"": 3, ""sid"": 21, ""device"": ""GPU"", ""sap"": 0.09791, ""sap_s"": 0.00944, ""sap_m"": 0.02862, ""sap_l"": 0.24158, ""skip"": 23.15, ""eff_mean_ms"": 27.254, ""infer_mean_ms"": 27.254}]",1782625293.949,1782625309.095,33.333,30.0,yolo11s,argoverse-hd-val,1782625309
rev30_1782625012,N4,4,GGNG,1,2,13.08,0.67,0.10604,0.13756,0.11769,0.1087,0.00916,0.13,0.47537,-8.186,"[{""stream_id"": 0, ""sid"": 2, ""device"": ""GPU"", ""sap"": 0.11491, ""sap_s"": 0.01603, ""sap_m"": 0.16035, ""sap_l"": 0.53495, ""skip"": 11.95, ""eff_mean_ms"": 25.088, ""infer_mean_ms"": 25.088}, {""stream_id"": 1, ""sid"": 22, ""device"": ""GPU"", ""sap"": 0.20881, ""sap_s"": 0.00144, ""sap_m"": 0.19272, ""sap_l"": 0.63926, ""skip"": 14.74, ""eff_mean_ms"": 25.316, ""infer_mean_ms"": 25.315}, {""stream_id"": 2, ""sid"": 3, ""device"": ""NPU"", ""sap"": 0.12047, ""sap_s"": 0.00049, ""sap_m"": 0.18139, ""sap_l"": 0.32746, ""skip"": 0.67, ""eff_mean_ms"": 17.206, ""infer_mean_ms"": 17.205}, {""stream_id"": 3, ""sid"": 21, ""device"": ""GPU"", ""sap"": 0.10604, ""sap_s"": 0.01, ""sap_m"": 0.03693, ""sap_l"": 0.25189, ""skip"": 12.56, ""eff_mean_ms"": 25.037, ""infer_mean_ms"": 25.037}]",1782625309.095,1782625323.261,33.333,30.0,yolo11s,argoverse-hd-val,1782625323
rev30_1782625012,N4,4,GGNN,1,2,12.14,0.12,0.08343,0.13207,0.11752,0.09248,0.00873,0.17427,0.59533,-9.556,"[{""stream_id"": 0, ""sid"": 2, ""device"": ""GPU"", ""sap"": 0.11358, ""sap_s"": 0.01603, ""sap_m"": 0.15678, ""sap_l"": 0.54817, ""skip"": 13.7, ""eff_mean_ms"": 23.943, ""infer_mean_ms"": 23.943}, {""stream_id"": 1, ""sid"": 22, ""device"": ""GPU"", ""sap"": 0.20984, ""sap_s"": 0.00144, ""sap_m"": 0.19175, ""sap_l"": 0.6425, ""skip"": 10.59, ""eff_mean_ms"": 23.612, ""infer_mean_ms"": 23.612}, {""stream_id"": 2, ""sid"": 3, ""device"": ""NPU"", ""sap"": 0.12145, ""sap_s"": 0.00049, ""sap_m"": 0.18159, ""sap_l"": 0.33898, ""skip"": 0.0, ""eff_mean_ms"": 16.782, ""infer_mean_ms"": 16.781}, {""stream_id"": 3, ""sid"": 21, ""device"": ""NPU"", ""sap"": 0.08343, ""sap_s"": 0.0014, ""sap_m"": 0.02445, ""sap_l"": 0.21271, ""skip"": 0.23, ""eff_mean_ms"": 16.56, ""infer_mean_ms"": 16.56}]",1782625323.261,1782625336.526,33.333,30.0,yolo11s,argoverse-hd-val,1782625336
rev30_1782625012,N4,4,GNNN,1,2,11.42,1.13,0.0828,0.12794,0.11885,0.09284,0.01623,0.16355,0.55212,-10.101,"[{""stream_id"": 0, ""sid"": 2, ""device"": ""GPU"", ""sap"": 0.11625, ""sap_s"": 0.01623, ""sap_m"": 0.16355, ""sap_l"": 0.55212, ""skip"": 11.42, ""eff_mean_ms"": 23.232, ""infer_mean_ms"": 23.232}, {""stream_id"": 1, ""sid"": 22, ""device"": ""NPU"", ""sap"": 0.19125, ""sap_s"": 0.001, ""sap_m"": 0.17323, ""sap_l"": 0.61356, ""skip"": 1.35, ""eff_mean_ms"": 17.631, ""infer_mean_ms"": 17.631}, {""stream_id"": 2, ""sid"": 3, ""device"": ""NPU"", ""sap"": 0.12145, ""sap_s"": 0.00045, ""sap_m"": 0.18159, ""sap_l"": 0.33892, ""skip"": 0.45, ""eff_mean_ms"": 17.134, ""infer_mean_ms"": 17.133}, {""stream_id"": 3, ""sid"": 21, ""device"": ""NPU"", ""sap"": 0.0828, ""sap_s"": 0.0014, ""sap_m"": 0.02434, ""sap_l"": 0.21105, ""skip"": 1.59, ""eff_mean_ms"": 17.089, ""infer_mean_ms"": 17.089}]",1782625336.527,1782625349.298,33.333,30.0,yolo11s,argoverse-hd-val,1782625349
rev30_1782625012,N4,4,NNNN,1,2,0.0,1.02,0.0833,0.12605,0.11482,0.09093,0.00356,0.13012,0.43238,-15.579,"[{""stream_id"": 0, ""sid"": 2, ""device"": ""NPU"", ""sap"": 0.10872, ""sap_s"": 0.01132, ""sap_m"": 0.14154, ""sap_l"": 0.56501, ""skip"": 1.37, ""eff_mean_ms"": 17.893, ""infer_mean_ms"": 17.893}, {""stream_id"": 1, ""sid"": 22, ""device"": ""NPU"", ""sap"": 0.19127, ""sap_s"": 0.00101, ""sap_m"": 0.17331, ""sap_l"": 0.61391, ""skip"": 1.12, ""eff_mean_ms"": 18.094, ""infer_mean_ms"": 18.093}, {""stream_id"": 2, ""sid"": 3, ""device"": ""NPU"", ""sap"": 0.12092, ""sap_s"": 0.00049, ""sap_m"": 0.18154, ""sap_l"": 0.33826, ""skip"": 0.9, ""eff_mean_ms"": 17.461, ""infer_mean_ms"": 17.46}, {""stream_id"": 3, ""sid"": 21, ""device"": ""NPU"", ""sap"": 0.0833, ""sap_s"": 0.0014, ""sap_m"": 0.02411, ""sap_l"": 0.21235, ""skip"": 0.68, ""eff_mean_ms"": 17.568, ""infer_mean_ms"": 17.567}]",1782625349.299,1782625359.705,33.333,30.0,yolo11s,argoverse-hd-val,1782625359
rev30_1782625012,N4,4,GGGG,1,3,22.67,0.0,0.09822,0.13855,0.12407,0.10208,0.00731,0.15382,0.43156,-6.498,"[{""stream_id"": 0, ""sid"": 2, ""device"": ""GPU"", ""sap"": 0.11109, ""sap_s"": 0.01563, ""sap_m"": 0.14686, ""sap_l"": 0.52654, ""skip"": 23.04, ""eff_mean_ms"": 26.913, ""infer_mean_ms"": 26.912}, {""stream_id"": 1, ""sid"": 22, ""device"": ""GPU"", ""sap"": 0.20783, ""sap_s"": 0.00159, ""sap_m"": 0.19313, ""sap_l"": 0.6372, ""skip"": 22.07, ""eff_mean_ms"": 27.005, ""infer_mean_ms"": 27.005}, {""stream_id"": 2, ""sid"": 3, ""device"": ""GPU"", ""sap"": 0.13705, ""sap_s"": 0.00312, ""sap_m"": 0.24552, ""sap_l"": 0.32184, ""skip"": 21.09, ""eff_mean_ms"": 26.383, ""infer_mean_ms"": 26.383}, {""stream_id"": 3, ""sid"": 21, ""device"": ""GPU"", ""sap"": 0.09822, ""sap_s"": 0.00888, ""sap_m"": 0.02976, ""sap_l"": 0.24066, ""skip"": 24.48, ""eff_mean_ms"": 27.04, ""infer_mean_ms"": 27.04}]",1782625359.706,1782625374.484,33.333,30.0,yolo11s,argoverse-hd-val,1782625374
rev30_1782625012,N4,4,GGNG,1,3,15.6,0.67,0.10006,0.13558,0.11657,0.10374,0.00932,0.12574,0.47244,-7.997,"[{""stream_id"": 0, ""sid"": 2, ""device"": ""GPU"", ""sap"": 0.11233, ""sap_s"": 0.01619, ""sap_m"": 0.15464, ""sap_l"": 0.53184, ""skip"": 15.98, ""eff_mean_ms"": 25.425, ""infer_mean_ms"": 25.425}, {""stream_id"": 1, ""sid"": 22, ""device"": ""GPU"", ""sap"": 0.20913, ""sap_s"": 0.00147, ""sap_m"": 0.19205, ""sap_l"": 0.63894, ""skip"": 16.89, ""eff_mean_ms"": 25.527, ""infer_mean_ms"": 25.526}, {""stream_id"": 2, ""sid"": 3, ""device"": ""NPU"", ""sap"": 0.1208, ""sap_s"": 0.00049, ""sap_m"": 0.18043, ""sap_l"": 0.33891, ""skip"": 0.67, ""eff_mean_ms"": 16.812, ""infer_mean_ms"": 16.811}, {""stream_id"": 3, ""sid"": 21, ""device"": ""GPU"", ""sap"": 0.10006, ""sap_s"": 0.0103, ""sap_m"": 0.03053, ""sap_l"": 0.24653, ""skip"": 13.93, ""eff_mean_ms"": 25.057, ""infer_mean_ms"": 25.057}]",1782625374.484,1782625388.7,33.333,30.0,yolo11s,argoverse-hd-val,1782625388
rev30_1782625012,N4,4,GGNN,1,3,11.59,0.34,0.08351,0.13229,0.11779,0.09267,0.00865,0.1762,0.59,-9.6,"[{""stream_id"": 0, ""sid"": 2, ""device"": ""GPU"", ""sap"": 0.11405, ""sap_s"": 0.01586, ""sap_m"": 0.15989, ""sap_l"": 0.53743, ""skip"": 11.44, ""eff_mean_ms"": 23.77, ""infer_mean_ms"": 23.77}, {""stream_id"": 1, ""sid"": 22, ""device"": ""GPU"", ""sap"": 0.21007, ""sap_s"": 0.00144, ""sap_m"": 0.19251, ""sap_l"": 0.64257, ""skip"": 11.74, ""eff_mean_ms"": 23.697, ""infer_mean_ms"": 23.697}, {""stream_id"": 2, ""sid"": 3, ""device"": ""NPU"", ""sap"": 0.12152, ""sap_s"": 0.00049, ""sap_m"": 0.18187, ""sap_l"": 0.33908, ""skip"": 0.45, ""eff_mean_ms"": 16.574, ""infer_mean_ms"": 16.573}, {""stream_id"": 3, ""sid"": 21, ""device"": ""NPU"", ""sap"": 0.08351, ""sap_s"": 0.0014, ""sap_m"": 0.02447, ""sap_l"": 0.21279, ""skip"": 0.23, ""eff_mean_ms"": 16.583, ""infer_mean_ms"": 16.582}]",1782625388.7,1782625401.979,33.333,30.0,yolo11s,argoverse-hd-val,1782625401
rev30_1782625012,N4,4,GNNN,1,3,7.06,0.68,0.08291,0.12804,0.11907,0.09304,0.01603,0.16632,0.56524,-10.63,"[{""stream_id"": 0, ""sid"": 2, ""device"": ""GPU"", ""sap"": 0.11668, ""sap_s"": 0.01603, ""sap_m"": 0.16632, ""sap_l"": 0.56524, ""skip"": 7.06, ""eff_mean_ms"": 22.703, ""infer_mean_ms"": 22.703}, {""stream_id"": 1, ""sid"": 22, ""device"": ""NPU"", ""sap"": 0.1911, ""sap_s"": 0.001, ""sap_m"": 0.17336, ""sap_l"": 0.61325, ""skip"": 0.22, ""eff_mean_ms"": 17.519, ""infer_mean_ms"": 17.519}, {""stream_id"": 2, ""sid"": 3, ""device"": ""NPU"", ""sap"": 0.12146, ""sap_s"": 0.00049, ""sap_m"": 0.18113, ""sap_l"": 0.33898, ""skip"": 0.45, ""eff_mean_ms"": 17.085, ""infer_mean_ms"": 17.085}, {""stream_id"": 3, ""sid"": 21, ""device"": ""NPU"", ""sap"": 0.08291, ""sap_s"": 0.0014, ""sap_m"": 0.02403, ""sap_l"": 0.21186, ""skip"": 1.37, ""eff_mean_ms"": 17.21, ""infer_mean_ms"": 17.209}]",1782625401.979,1782625414.454,33.333,30.0,yolo11s,argoverse-hd-val,1782625414
rev30_1782625012,N4,4,NNNN,1,3,0.0,1.41,0.08267,0.12597,0.11499,0.09048,0.0033,0.12994,0.43208,-15.401,"[{""stream_id"": 0, ""sid"": 2, ""device"": ""NPU"", ""sap"": 0.10871, ""sap_s"": 0.01129, ""sap_m"": 0.14097, ""sap_l"": 0.56454, ""skip"": 1.59, ""eff_mean_ms"": 18.087, ""infer_mean_ms"": 18.087}, {""stream_id"": 1, ""sid"": 22, ""device"": ""NPU"", ""sap"": 0.19122, ""sap_s"": 0.00101, ""sap_m"": 0.17349, ""sap_l"": 0.61319, ""skip"": 1.12, ""eff_mean_ms"": 18.089, ""infer_mean_ms"": 18.089}, {""stream_id"": 2, ""sid"": 3, ""device"": ""NPU"", ""sap"": 0.12127, ""sap_s"": 0.00049, ""sap_m"": 0.18122, ""sap_l"": 0.33869, ""skip"": 1.8, ""eff_mean_ms"": 17.602, ""infer_mean_ms"": 17.602}, {""stream_id"": 3, ""sid"": 21, ""device"": ""NPU"", ""sap"": 0.08267, ""sap_s"": 0.00041, ""sap_m"": 0.02408, ""sap_l"": 0.2119, ""skip"": 1.14, ""eff_mean_ms"": 17.953, ""infer_mean_ms"": 17.953}]",1782625414.455,1782625424.826,33.333,30.0,yolo11s,argoverse-hd-val,1782625424
rev30_1782625012,N4,4,GGGG,1,4,21.75,0.0,0.10301,0.13927,0.12391,0.10486,0.0076,0.15291,0.40749,-6.311,"[{""stream_id"": 0, ""sid"": 2, ""device"": ""GPU"", ""sap"": 0.10918, ""sap_s"": 0.016, ""sap_m"": 0.14287, ""sap_l"": 0.48839, ""skip"": 21.3, ""eff_mean_ms"": 26.895, ""infer_mean_ms"": 26.895}, {""stream_id"": 1, ""sid"": 22, ""device"": ""GPU"", ""sap"": 0.20627, ""sap_s"": 0.00144, ""sap_m"": 0.19112, ""sap_l"": 0.63323, ""skip"": 23.17, ""eff_mean_ms"": 27.252, ""infer_mean_ms"": 27.252}, {""stream_id"": 2, ""sid"": 3, ""device"": ""GPU"", ""sap"": 0.13863, ""sap_s"": 0.0034, ""sap_m"": 0.24182, ""sap_l"": 0.26319, ""skip"": 20.51, ""eff_mean_ms"": 26.734, ""infer_mean_ms"": 26.734}, {""stream_id"": 3, ""sid"": 21, ""device"": ""GPU"", ""sap"": 0.10301, ""sap_s"": 0.00957, ""sap_m"": 0.03583, ""sap_l"": 0.24514, ""skip"": 22.01, ""eff_mean_ms"": 27.208, ""infer_mean_ms"": 27.207}]",1782625424.826,1782625439.827,33.333,30.0,yolo11s,argoverse-hd-val,1782625439
rev30_1782625012,N4,4,GGNG,1,4,11.69,0.0,0.1025,0.1365,0.11793,0.10608,0.00912,0.12771,0.47306,-8.758,"[{""stream_id"": 0, ""sid"": 2, ""device"": ""GPU"", ""sap"": 0.11442, ""sap_s"": 0.01593, ""sap_m"": 0.15842, ""sap_l"": 0.53393, ""skip"": 10.09, ""eff_mean_ms"": 24.583, ""infer_mean_ms"": 24.583}, {""stream_id"": 1, ""sid"": 22, ""device"": ""GPU"", ""sap"": 0.20761, ""sap_s"": 0.00143, ""sap_m"": 0.19166, ""sap_l"": 0.63715, ""skip"": 14.48, ""eff_mean_ms"": 24.689, ""infer_mean_ms"": 24.689}, {""stream_id"": 2, ""sid"": 3, ""device"": ""NPU"", ""sap"": 0.12145, ""sap_s"": 0.00049, ""sap_m"": 0.18159, ""sap_l"": 0.33898, ""skip"": 0.0, ""eff_mean_ms"": 16.475, ""infer_mean_ms"": 16.475}, {""stream_id"": 3, ""sid"": 21, ""device"": ""GPU"", ""sap"": 0.1025, ""sap_s"": 0.01, ""sap_m"": 0.03305, ""sap_l"": 0.24811, ""skip"": 10.5, ""eff_mean_ms"": 24.455, ""infer_mean_ms"": 24.454}]",1782625439.827,1782625453.74,33.333,30.0,yolo11s,argoverse-hd-val,1782625453
rev30_1782625012,N4,4,GGNN,1,4,9.75,0.34,0.08323,0.13227,0.11777,0.09263,0.00869,0.176,0.59237,-9.976,"[{""stream_id"": 0, ""sid"": 2, ""device"": ""GPU"", ""sap"": 0.11456, ""sap_s"": 0.01592, ""sap_m"": 0.15949, ""sap_l"": 0.54154, ""skip"": 10.27, ""eff_mean_ms"": 23.402, ""infer_mean_ms"": 23.401}, {""stream_id"": 1, ""sid"": 22, ""device"": ""GPU"", ""sap"": 0.21029, ""sap_s"": 0.00145, ""sap_m"": 0.19251, ""sap_l"": 0.64319, ""skip"": 9.23, ""eff_mean_ms"": 23.313, ""infer_mean_ms"": 23.312}, {""stream_id"": 2, ""sid"": 3, ""device"": ""NPU"", ""sap"": 0.12099, ""sap_s"": 0.00053, ""sap_m"": 0.18153, ""sap_l"": 0.338, ""skip"": 0.45, ""eff_mean_ms"": 16.768, ""infer_mean_ms"": 16.767}, {""stream_id"": 3, ""sid"": 21, ""device"": ""NPU"", ""sap"": 0.08323, ""sap_s"": 0.0014, ""sap_m"": 0.02412, ""sap_l"": 0.21253, ""skip"": 0.23, ""eff_mean_ms"": 16.19, ""infer_mean_ms"": 16.189}]",1782625453.74,1782625466.881,33.333,30.0,yolo11s,argoverse-hd-val,1782625466
rev30_1782625012,N4,4,GNNN,1,4,7.31,0.83,0.08361,0.12821,0.11893,0.09397,0.01619,0.16723,0.56917,-10.909,"[{""stream_id"": 0, ""sid"": 2, ""device"": ""GPU"", ""sap"": 0.11814, ""sap_s"": 0.01619, ""sap_m"": 0.16723, ""sap_l"": 0.56917, ""skip"": 7.31, ""eff_mean_ms"": 22.424, ""infer_mean_ms"": 22.424}, {""stream_id"": 1, ""sid"": 22, ""device"": ""NPU"", ""sap"": 0.19139, ""sap_s"": 0.00105, ""sap_m"": 0.17328, ""sap_l"": 0.61414, ""skip"": 1.12, ""eff_mean_ms"": 17.544, ""infer_mean_ms"": 17.543}, {""stream_id"": 2, ""sid"": 3, ""device"": ""NPU"", ""sap"": 0.11972, ""sap_s"": 0.00049, ""sap_m"": 0.17839, ""sap_l"": 0.3385, ""skip"": 0.9, ""eff_mean_ms"": 17.283, ""infer_mean_ms"": 17.283}, {""stream_id"": 3, ""sid"": 21, ""device"": ""NPU"", ""sap"": 0.08361, ""sap_s"": 0.0014, ""sap_m"": 0.02445, ""sap_l"": 0.21275, ""skip"": 0.46, ""eff_mean_ms"": 17.008, ""infer_mean_ms"": 17.008}]",1782625466.881,1782625479.234,33.333,30.0,yolo11s,argoverse-hd-val,1782625479
rev30_1782625012,N4,4,NNNN,1,4,0.0,1.24,0.08365,0.12577,0.11444,0.09122,0.00354,0.13035,0.42953,-15.55,"[{""stream_id"": 0, ""sid"": 2, ""device"": ""NPU"", ""sap"": 0.10889, ""sap_s"": 0.01131, ""sap_m"": 0.14195, ""sap_l"": 0.55744, ""skip"": 0.91, ""eff_mean_ms"": 17.686, ""infer_mean_ms"": 17.686}, {""stream_id"": 1, ""sid"": 22, ""device"": ""NPU"", ""sap"": 0.19055, ""sap_s"": 0.001, ""sap_m"": 0.17338, ""sap_l"": 0.61151, ""skip"": 1.12, ""eff_mean_ms"": 17.954, ""infer_mean_ms"": 17.954}, {""stream_id"": 2, ""sid"": 3, ""device"": ""NPU"", ""sap"": 0.11998, ""sap_s"": 0.00043, ""sap_m"": 0.1814, ""sap_l"": 0.33653, ""skip"": 1.35, ""eff_mean_ms"": 17.584, ""infer_mean_ms"": 17.583}, {""stream_id"": 3, ""sid"": 21, ""device"": ""NPU"", ""sap"": 0.08365, ""sap_s"": 0.0014, ""sap_m"": 0.02468, ""sap_l"": 0.21262, ""skip"": 1.59, ""eff_mean_ms"": 17.911, ""infer_mean_ms"": 17.911}]",1782625479.234,1782625489.557,33.333,30.0,yolo11s,argoverse-hd-val,1782625489
rev30_1782625012,N4,4,GGGG,1,5,22.07,0.0,0.10418,0.14014,0.12552,0.10632,0.00735,0.15609,0.4238,-6.265,"[{""stream_id"": 0, ""sid"": 2, ""device"": ""GPU"", ""sap"": 0.1113, ""sap_s"": 0.01568, ""sap_m"": 0.14972, ""sap_l"": 0.52986, ""skip"": 22.69, ""eff_mean_ms"": 27.191, ""infer_mean_ms"": 27.191}, {""stream_id"": 1, ""sid"": 22, ""device"": ""GPU"", ""sap"": 0.20535, ""sap_s"": 0.00145, ""sap_m"": 0.1921, ""sap_l"": 0.63132, ""skip"": 22.88, ""eff_mean_ms"": 27.4, ""infer_mean_ms"": 27.399}, {""stream_id"": 2, ""sid"": 3, ""device"": ""GPU"", ""sap"": 0.13974, ""sap_s"": 0.00285, ""sap_m"": 0.24434, ""sap_l"": 0.28863, ""skip"": 21.32, ""eff_mean_ms"": 26.956, ""infer_mean_ms"": 26.956}, {""stream_id"": 3, ""sid"": 21, ""device"": ""GPU"", ""sap"": 0.10418, ""sap_s"": 0.00942, ""sap_m"": 0.03818, ""sap_l"": 0.24541, ""skip"": 21.38, ""eff_mean_ms"": 26.728, ""infer_mean_ms"": 26.727}]",1782625489.557,1782625504.523,33.333,30.0,yolo11s,argoverse-hd-val,1782625504
rev30_1782625012,N4,4,GGNG,1,5,13.43,0.45,0.10446,0.13716,0.11735,0.10717,0.00917,0.12808,0.46936,-8.41,"[{""stream_id"": 0, ""sid"": 2, ""device"": ""GPU"", ""sap"": 0.11349, ""sap_s"": 0.01585, ""sap_m"": 0.1576, ""sap_l"": 0.519, ""skip"": 13.04, ""eff_mean_ms"": 24.953, ""infer_mean_ms"": 24.952}, {""stream_id"": 1, ""sid"": 22, ""device"": ""GPU"", ""sap"": 0.20948, ""sap_s"": 0.00143, ""sap_m"": 0.19212, ""sap_l"": 0.64055, ""skip"": 13.32, ""eff_mean_ms"": 25.036, ""infer_mean_ms"": 25.036}, {""stream_id"": 2, ""sid"": 3, ""device"": ""NPU"", ""sap"": 0.12122, ""sap_s"": 0.00049, ""sap_m"": 0.18159, ""sap_l"": 0.33883, ""skip"": 0.45, ""eff_mean_ms"": 16.868, ""infer_mean_ms"": 16.868}, {""stream_id"": 3, ""sid"": 21, ""device"": ""GPU"", ""sap"": 0.10446, ""sap_s"": 0.01022, ""sap_m"": 0.03451, ""sap_l"": 0.24852, ""skip"": 13.93, ""eff_mean_ms"": 24.782, ""infer_mean_ms"": 24.782}]",1782625504.523,1782625518.455,33.333,30.0,yolo11s,argoverse-hd-val,1782625518
rev30_1782625012,N4,4,GGNN,1,5,9.42,0.46,0.08319,0.13298,0.11914,0.09335,0.00881,0.17887,0.59816,-9.998,"[{""stream_id"": 0, ""sid"": 2, ""device"": ""GPU"", ""sap"": 0.11705, ""sap_s"": 0.01621, ""sap_m"": 0.165, ""sap_l"": 0.55156, ""skip"": 9.13, ""eff_mean_ms"": 23.389, ""infer_mean_ms"": 23.389}, {""stream_id"": 1, ""sid"": 22, ""device"": ""GPU"", ""sap"": 0.21046, ""sap_s"": 0.00141, ""sap_m"": 0.19274, ""sap_l"": 0.64476, ""skip"": 9.71, ""eff_mean_ms"": 23.281, ""infer_mean_ms"": 23.28}, {""stream_id"": 2, ""sid"": 3, ""device"": ""NPU"", ""sap"": 0.12123, ""sap_s"": 0.00049, ""sap_m"": 0.18162, ""sap_l"": 0.33858, ""skip"": 0.45, ""eff_mean_ms"": 16.559, ""infer_mean_ms"": 16.558}, {""stream_id"": 3, ""sid"": 21, ""device"": ""NPU"", ""sap"": 0.08319, ""sap_s"": 0.0014, ""sap_m"": 0.02444, ""sap_l"": 0.21206, ""skip"": 0.46, ""eff_mean_ms"": 16.206, ""infer_mean_ms"": 16.206}]",1782625518.456,1782625531.536,33.333,30.0,yolo11s,argoverse-hd-val,1782625531
rev30_1782625012,N4,4,GNNN,1,5,10.02,1.2,0.08257,0.12735,0.11824,0.09251,0.0159,0.16328,0.5553,-10.067,"[{""stream_id"": 0, ""sid"": 2, ""device"": ""GPU"", ""sap"": 0.11569, ""sap_s"": 0.0159, ""sap_m"": 0.16328, ""sap_l"": 0.5553, ""skip"": 10.02, ""eff_mean_ms"": 23.266, ""infer_mean_ms"": 23.265}, {""stream_id"": 1, ""sid"": 22, ""device"": ""NPU"", ""sap"": 0.19034, ""sap_s"": 0.001, ""sap_m"": 0.17334, ""sap_l"": 0.61204, ""skip"": 0.9, ""eff_mean_ms"": 19.051, ""infer_mean_ms"": 19.05}, {""stream_id"": 2, ""sid"": 3, ""device"": ""NPU"", ""sap"": 0.12078, ""sap_s"": 0.00045, ""sap_m"": 0.18079, ""sap_l"": 0.33818, ""skip"": 1.57, ""eff_mean_ms"": 17.54, ""infer_mean_ms"": 17.539}, {""stream_id"": 3, ""sid"": 21, ""device"": ""NPU"", ""sap"": 0.08257, ""sap_s"": 0.00139, ""sap_m"": 0.02389, ""sap_l"": 0.21106, ""skip"": 1.14, ""eff_mean_ms"": 17.334, ""infer_mean_ms"": 17.334}]",1782625531.537,1782625544.376,33.333,30.0,yolo11s,argoverse-hd-val,1782625544
rev30_1782625012,N4,4,NNNN,1,5,0.0,0.85,0.0834,0.12599,0.11473,0.09105,0.00356,0.13021,0.43221,-15.968,"[{""stream_id"": 0, ""sid"": 2, ""device"": ""NPU"", ""sap"": 0.10889, ""sap_s"": 0.01134, ""sap_m"": 0.1421, ""sap_l"": 0.56443, ""skip"": 0.91, ""eff_mean_ms"": 17.55, ""infer_mean_ms"": 17.55}, {""stream_id"": 1, ""sid"": 22, ""device"": ""NPU"", ""sap"": 0.19108, ""sap_s"": 0.001, ""sap_m"": 0.17336, ""sap_l"": 0.61349, ""skip"": 0.9, ""eff_mean_ms"": 17.396, ""infer_mean_ms"": 17.395}, {""stream_id"": 2, ""sid"": 3, ""device"": ""NPU"", ""sap"": 0.12057, ""sap_s"": 0.00049, ""sap_m"": 0.18091, ""sap_l"": 0.33829, ""skip"": 0.9, ""eff_mean_ms"": 17.224, ""infer_mean_ms"": 17.224}, {""stream_id"": 3, ""sid"": 21, ""device"": ""NPU"", ""sap"": 0.0834, ""sap_s"": 0.0014, ""sap_m"": 0.02446, ""sap_l"": 0.21263, ""skip"": 0.68, ""eff_mean_ms"": 17.29, ""infer_mean_ms"": 17.289}]",1782625544.376,1782625554.456,33.333,30.0,yolo11s,argoverse-hd-val,1782625554
rev30_1782625012,N4,4,GGGG,1,6,27.51,0.0,0.09741,0.13618,0.1199,0.10027,0.00723,0.14795,0.41853,-4.77,"[{""stream_id"": 0, ""sid"": 2, ""device"": ""GPU"", ""sap"": 0.10694, ""sap_s"": 0.01505, ""sap_m"": 0.13563, ""sap_l"": 0.4946, ""skip"": 28.31, ""eff_mean_ms"": 28.366, ""infer_mean_ms"": 28.366}, {""stream_id"": 1, ""sid"": 22, ""device"": ""GPU"", ""sap"": 0.20749, ""sap_s"": 0.00144, ""sap_m"": 0.19338, ""sap_l"": 0.63253, ""skip"": 25.17, ""eff_mean_ms"": 28.579, ""infer_mean_ms"": 28.579}, {""stream_id"": 2, ""sid"": 3, ""device"": ""GPU"", ""sap"": 0.13287, ""sap_s"": 0.00299, ""sap_m"": 0.23143, ""sap_l"": 0.31226, ""skip"": 27.63, ""eff_mean_ms"": 28.313, ""infer_mean_ms"": 28.311}, {""stream_id"": 3, ""sid"": 21, ""device"": ""GPU"", ""sap"": 0.09741, ""sap_s"": 0.00945, ""sap_m"": 0.03134, ""sap_l"": 0.23474, ""skip"": 28.94, ""eff_mean_ms"": 28.997, ""infer_mean_ms"": 28.997}]",1782625554.456,1782625570.01,33.333,30.0,yolo11s,argoverse-hd-val,1782625570
rev30_1782625012,N4,4,GGNG,1,6,14.26,0.22,0.10246,0.13689,0.11825,0.10625,0.00909,0.12878,0.48084,-8.255,"[{""stream_id"": 0, ""sid"": 2, ""device"": ""GPU"", ""sap"": 0.11509, ""sap_s"": 0.0161, ""sap_m"": 0.16144, ""sap_l"": 0.55475, ""skip"": 14.02, ""eff_mean_ms"": 25.167, ""infer_mean_ms"": 25.167}, {""stream_id"": 1, ""sid"": 22, ""device"": ""GPU"", ""sap"": 0.2086, ""sap_s"": 0.00143, ""sap_m"": 0.19176, ""sap_l"": 0.64006, ""skip"": 13.74, ""eff_mean_ms"": 25.019, ""infer_mean_ms"": 25.018}, {""stream_id"": 2, ""sid"": 3, ""device"": ""NPU"", ""sap"": 0.12142, ""sap_s"": 0.00049, ""sap_m"": 0.18159, ""sap_l"": 0.33892, ""skip"": 0.22, ""eff_mean_ms"": 16.282, ""infer_mean_ms"": 16.282}, {""stream_id"": 3, ""sid"": 21, ""device"": ""GPU"", ""sap"": 0.10246, ""sap_s"": 0.00973, ""sap_m"": 0.03314, ""sap_l"": 0.2477, ""skip"": 15.03, ""eff_mean_ms"": 25.049, ""infer_mean_ms"": 25.048}]",1782625570.01,1782625584.077,33.333,30.0,yolo11s,argoverse-hd-val,1782625584
rev30_1782625012,N4,4,GGNN,1,6,10.42,0.45,0.08349,0.13231,0.11844,0.09324,0.00879,0.17789,0.595,-9.669,"[{""stream_id"": 0, ""sid"": 2, ""device"": ""GPU"", ""sap"": 0.11598, ""sap_s"": 0.01615, ""sap_m"": 0.16357, ""sap_l"": 0.54943, ""skip"": 10.25, ""eff_mean_ms"": 23.71, ""infer_mean_ms"": 23.709}, {""stream_id"": 1, ""sid"": 22, ""device"": ""GPU"", ""sap"": 0.20884, ""sap_s"": 0.00142, ""sap_m"": 0.19222, ""sap_l"": 0.64057, ""skip"": 10.59, ""eff_mean_ms"": 23.619, ""infer_mean_ms"": 23.619}, {""stream_id"": 2, ""sid"": 3, ""device"": ""NPU"", ""sap"": 0.12091, ""sap_s"": 0.00049, ""sap_m"": 0.18103, ""sap_l"": 0.33058, ""skip"": 0.67, ""eff_mean_ms"": 17.281, ""infer_mean_ms"": 17.28}, {""stream_id"": 3, ""sid"": 21, ""device"": ""NPU"", ""sap"": 0.08349, ""sap_s"": 0.0014, ""sap_m"": 0.02445, ""sap_l"": 0.21279, ""skip"": 0.23, ""eff_mean_ms"": 17.118, ""infer_mean_ms"": 17.118}]",1782625584.078,1782625597.333,33.333,30.0,yolo11s,argoverse-hd-val,1782625597
rev30_1782625012,N4,4,GNNN,1,6,6.16,1.43,0.08277,0.12869,0.12018,0.09365,0.0162,0.1704,0.5726,-9.96,"[{""stream_id"": 0, ""sid"": 2, ""device"": ""GPU"", ""sap"": 0.11905, ""sap_s"": 0.0162, ""sap_m"": 0.1704, ""sap_l"": 0.5726, ""skip"": 6.16, ""eff_mean_ms"": 23.373, ""infer_mean_ms"": 23.373}, {""stream_id"": 1, ""sid"": 22, ""device"": ""NPU"", ""sap"": 0.19165, ""sap_s"": 0.001, ""sap_m"": 0.1733, ""sap_l"": 0.61356, ""skip"": 1.35, ""eff_mean_ms"": 18.678, ""infer_mean_ms"": 18.677}, {""stream_id"": 2, ""sid"": 3, ""device"": ""NPU"", ""sap"": 0.1213, ""sap_s"": 0.00049, ""sap_m"": 0.18159, ""sap_l"": 0.33849, ""skip"": 1.12, ""eff_mean_ms"": 17.695, ""infer_mean_ms"": 17.695}, {""stream_id"": 3, ""sid"": 21, ""device"": ""NPU"", ""sap"": 0.08277, ""sap_s"": 0.00125, ""sap_m"": 0.02376, ""sap_l"": 0.21172, ""skip"": 1.82, ""eff_mean_ms"": 20.973, ""infer_mean_ms"": 20.972}]",1782625597.333,1782625610.162,33.333,30.0,yolo11s,argoverse-hd-val,1782625610
rev30_1782625012,N4,4,NNNN,1,6,0.0,1.75,0.08319,0.1259,0.11483,0.09082,0.00357,0.12975,0.43196,-13.085,"[{""stream_id"": 0, ""sid"": 2, ""device"": ""NPU"", ""sap"": 0.10862, ""sap_s"": 0.01133, ""sap_m"": 0.14107, ""sap_l"": 0.56489, ""skip"": 1.14, ""eff_mean_ms"": 20.784, ""infer_mean_ms"": 20.783}, {""stream_id"": 1, ""sid"": 22, ""device"": ""NPU"", ""sap"": 0.19075, ""sap_s"": 0.00106, ""sap_m"": 0.17334, ""sap_l"": 0.61231, ""skip"": 2.47, ""eff_mean_ms"": 20.555, ""infer_mean_ms"": 20.554}, {""stream_id"": 2, ""sid"": 3, ""device"": ""NPU"", ""sap"": 0.12104, ""sap_s"": 0.00049, ""sap_m"": 0.18017, ""sap_l"": 0.33895, ""skip"": 1.35, ""eff_mean_ms"": 18.624, ""infer_mean_ms"": 18.624}, {""stream_id"": 3, ""sid"": 21, ""device"": ""NPU"", ""sap"": 0.08319, ""sap_s"": 0.0014, ""sap_m"": 0.02442, ""sap_l"": 0.21167, ""skip"": 2.05, ""eff_mean_ms"": 21.03, ""infer_mean_ms"": 21.03}]",1782625610.162,1782625621.705,33.333,30.0,yolo11s,argoverse-hd-val,1782625621
rev30_1782625012,N4,4,GGGG,1,7,25.68,0.0,0.09568,0.13503,0.11815,0.0987,0.00708,0.14714,0.41234,-5.337,"[{""stream_id"": 0, ""sid"": 2, ""device"": ""GPU"", ""sap"": 0.10575, ""sap_s"": 0.01561, ""sap_m"": 0.13607, ""sap_l"": 0.49284, ""skip"": 28.81, ""eff_mean_ms"": 28.737, ""infer_mean_ms"": 28.736}, {""stream_id"": 1, ""sid"": 22, ""device"": ""GPU"", ""sap"": 0.20814, ""sap_s"": 0.00136, ""sap_m"": 0.19147, ""sap_l"": 0.63588, ""skip"": 24.71, ""eff_mean_ms"": 27.746, ""infer_mean_ms"": 27.746}, {""stream_id"": 2, ""sid"": 3, ""device"": ""GPU"", ""sap"": 0.13054, ""sap_s"": 0.0022, ""sap_m"": 0.23264, ""sap_l"": 0.28566, ""skip"": 25.06, ""eff_mean_ms"": 27.767, ""infer_mean_ms"": 27.767}, {""stream_id"": 3, ""sid"": 21, ""device"": ""GPU"", ""sap"": 0.09568, ""sap_s"": 0.00915, ""sap_m"": 0.02839, ""sap_l"": 0.23498, ""skip"": 24.13, ""eff_mean_ms"": 27.737, ""infer_mean_ms"": 27.734}]",1782625621.706,1782625637.002,33.333,30.0,yolo11s,argoverse-hd-val,1782625637
rev30_1782625012,N4,4,GGNG,1,7,11.9,0.9,0.10082,0.13637,0.11761,0.10516,0.00919,0.12896,0.48006,-8.286,"[{""stream_id"": 0, ""sid"": 2, ""device"": ""GPU"", ""sap"": 0.11529, ""sap_s"": 0.01611, ""sap_m"": 0.16219, ""sap_l"": 0.55176, ""skip"": 13.01, ""eff_mean_ms"": 25.034, ""infer_mean_ms"": 25.034}, {""stream_id"": 1, ""sid"": 22, ""device"": ""GPU"", ""sap"": 0.20944, ""sap_s"": 0.00142, ""sap_m"": 0.19331, ""sap_l"": 0.64143, ""skip"": 11.49, ""eff_mean_ms"": 25.163, ""infer_mean_ms"": 25.162}, {""stream_id"": 2, ""sid"": 3, ""device"": ""NPU"", ""sap"": 0.11994, ""sap_s"": 0.00049, ""sap_m"": 0.1799, ""sap_l"": 0.3384, ""skip"": 0.9, ""eff_mean_ms"": 20.606, ""infer_mean_ms"": 20.605}, {""stream_id"": 3, ""sid"": 21, ""device"": ""GPU"", ""sap"": 0.10082, ""sap_s"": 0.01004, ""sap_m"": 0.03139, ""sap_l"": 0.24699, ""skip"": 11.19, ""eff_mean_ms"": 24.944, ""infer_mean_ms"": 24.944}]",1782625637.003,1782625651.043,33.333,30.0,yolo11s,argoverse-hd-val,1782625651
rev30_1782625012,N4,4,GGNN,1,7,8.28,0.23,0.08337,0.13285,0.11904,0.0934,0.00876,0.17816,0.60347,-10.106,"[{""stream_id"": 0, ""sid"": 2, ""device"": ""GPU"", ""sap"": 0.1168, ""sap_s"": 0.01609, ""sap_m"": 0.16372, ""sap_l"": 0.56206, ""skip"": 7.78, ""eff_mean_ms"": 23.201, ""infer_mean_ms"": 23.201}, {""stream_id"": 1, ""sid"": 22, ""device"": ""GPU"", ""sap"": 0.20993, ""sap_s"": 0.00142, ""sap_m"": 0.19259, ""sap_l"": 0.64487, ""skip"": 8.78, ""eff_mean_ms"": 23.253, ""infer_mean_ms"": 23.251}, {""stream_id"": 2, ""sid"": 3, ""device"": ""NPU"", ""sap"": 0.12129, ""sap_s"": 0.00049, ""sap_m"": 0.18157, ""sap_l"": 0.33876, ""skip"": 0.22, ""eff_mean_ms"": 16.52, ""infer_mean_ms"": 16.52}, {""stream_id"": 3, ""sid"": 21, ""device"": ""NPU"", ""sap"": 0.08337, ""sap_s"": 0.0014, ""sap_m"": 0.02411, ""sap_l"": 0.21245, ""skip"": 0.23, ""eff_mean_ms"": 16.587, ""infer_mean_ms"": 16.587}]",1782625651.044,1782625664.198,33.333,30.0,yolo11s,argoverse-hd-val,1782625664
rev30_1782625012,N4,4,GNNN,1,7,10.73,0.45,0.08336,0.12784,0.11844,0.09306,0.01638,0.16305,0.53164,-10.35,"[{""stream_id"": 0, ""sid"": 2, ""device"": ""GPU"", ""sap"": 0.11568, ""sap_s"": 0.01638, ""sap_m"": 0.16305, ""sap_l"": 0.53164, ""skip"": 10.73, ""eff_mean_ms"": 22.983, ""infer_mean_ms"": 22.982}, {""stream_id"": 1, ""sid"": 22, ""device"": ""NPU"", ""sap"": 0.19114, ""sap_s"": 0.00101, ""sap_m"": 0.17332, ""sap_l"": 0.61366, ""skip"": 0.45, ""eff_mean_ms"": 17.248, ""infer_mean_ms"": 17.247}, {""stream_id"": 2, ""sid"": 3, ""device"": ""NPU"", ""sap"": 0.12119, ""sap_s"": 0.00049, ""sap_m"": 0.18159, ""sap_l"": 0.3384, ""skip"": 0.45, ""eff_mean_ms"": 16.994, ""infer_mean_ms"": 16.993}, {""stream_id"": 3, ""sid"": 21, ""device"": ""NPU"", ""sap"": 0.08336, ""sap_s"": 0.0014, ""sap_m"": 0.02445, ""sap_l"": 0.21255, ""skip"": 0.46, ""eff_mean_ms"": 16.952, ""infer_mean_ms"": 16.951}]",1782625664.199,1782625676.903,33.333,30.0,yolo11s,argoverse-hd-val,1782625676
rev30_1782625012,N4,4,NNNN,1,7,0.0,1.98,0.08265,0.12566,0.11479,0.09041,0.0035,0.12984,0.42889,-14.034,"[{""stream_id"": 0, ""sid"": 2, ""device"": ""NPU"", ""sap"": 0.10851, ""sap_s"": 0.01137, ""sap_m"": 0.14016, ""sap_l"": 0.55484, ""skip"": 2.73, ""eff_mean_ms"": 18.84, ""infer_mean_ms"": 18.84}, {""stream_id"": 1, ""sid"": 22, ""device"": ""NPU"", ""sap"": 0.19043, ""sap_s"": 0.00089, ""sap_m"": 0.17357, ""sap_l"": 0.61171, ""skip"": 2.02, ""eff_mean_ms"": 18.839, ""infer_mean_ms"": 18.839}, {""stream_id"": 2, ""sid"": 3, ""device"": ""NPU"", ""sap"": 0.12107, ""sap_s"": 0.00049, ""sap_m"": 0.18167, ""sap_l"": 0.33762, ""skip"": 1.12, ""eff_mean_ms"": 18.501, ""infer_mean_ms"": 18.501}, {""stream_id"": 3, ""sid"": 21, ""device"": ""NPU"", ""sap"": 0.08265, ""sap_s"": 0.00126, ""sap_m"": 0.02396, ""sap_l"": 0.21137, ""skip"": 2.05, ""eff_mean_ms"": 21.016, ""infer_mean_ms"": 21.016}]",1782625676.903,1782625688.472,33.333,30.0,yolo11s,argoverse-hd-val,1782625688
rev30_1782625012,N4,4,GGGG,1,8,24.95,0.0,0.09872,0.13685,0.12226,0.10194,0.00726,0.15099,0.41811,-5.456,"[{""stream_id"": 0, ""sid"": 2, ""device"": ""GPU"", ""sap"": 0.10944, ""sap_s"": 0.01473, ""sap_m"": 0.14759, ""sap_l"": 0.51926, ""skip"": 24.13, ""eff_mean_ms"": 28.058, ""infer_mean_ms"": 28.058}, {""stream_id"": 1, ""sid"": 22, ""device"": ""GPU"", ""sap"": 0.20416, ""sap_s"": 0.00132, ""sap_m"": 0.19169, ""sap_l"": 0.62741, ""skip"": 25.4, ""eff_mean_ms"": 28.208, ""infer_mean_ms"": 28.207}, {""stream_id"": 2, ""sid"": 3, ""device"": ""GPU"", ""sap"": 0.13509, ""sap_s"": 0.00325, ""sap_m"": 0.23638, ""sap_l"": 0.28267, ""skip"": 25.68, ""eff_mean_ms"": 27.465, ""infer_mean_ms"": 27.465}, {""stream_id"": 3, ""sid"": 21, ""device"": ""GPU"", ""sap"": 0.09872, ""sap_s"": 0.00974, ""sap_m"": 0.02831, ""sap_l"": 0.24308, ""skip"": 24.6, ""eff_mean_ms"": 27.778, ""infer_mean_ms"": 27.778}]",1782625688.472,1782625703.801,33.333,30.0,yolo11s,argoverse-hd-val,1782625703
rev30_1782625012,N4,4,GGNG,1,8,14.84,0.22,0.10223,0.13597,0.11613,0.10527,0.00915,0.12604,0.47071,-7.891,"[{""stream_id"": 0, ""sid"": 2, ""device"": ""GPU"", ""sap"": 0.11236, ""sap_s"": 0.01606, ""sap_m"": 0.15329, ""sap_l"": 0.52235, ""skip"": 17.28, ""eff_mean_ms"": 25.573, ""infer_mean_ms"": 25.573}, {""stream_id"": 1, ""sid"": 22, ""device"": ""GPU"", ""sap"": 0.2094, ""sap_s"": 0.00146, ""sap_m"": 0.19241, ""sap_l"": 0.64082, ""skip"": 13.26, ""eff_mean_ms"": 25.448, ""infer_mean_ms"": 25.447}, {""stream_id"": 2, ""sid"": 3, ""device"": ""NPU"", ""sap"": 0.1199, ""sap_s"": 0.00049, ""sap_m"": 0.17882, ""sap_l"": 0.33889, ""skip"": 0.22, ""eff_mean_ms"": 16.613, ""infer_mean_ms"": 16.613}, {""stream_id"": 3, ""sid"": 21, ""device"": ""GPU"", ""sap"": 0.10223, ""sap_s"": 0.00993, ""sap_m"": 0.03243, ""sap_l"": 0.24897, ""skip"": 13.99, ""eff_mean_ms"": 25.306, ""infer_mean_ms"": 25.306}]",1782625703.801,1782625717.991,33.333,30.0,yolo11s,argoverse-hd-val,1782625717
rev30_1782625012,N4,4,GGNN,1,8,8.26,1.02,0.08352,0.13207,0.1179,0.09355,0.00879,0.17795,0.60241,-9.24,"[{""stream_id"": 0, ""sid"": 2, ""device"": ""GPU"", ""sap"": 0.11696, ""sap_s"": 0.01614, ""sap_m"": 0.16356, ""sap_l"": 0.56491, ""skip"": 7.06, ""eff_mean_ms"": 24.09, ""infer_mean_ms"": 24.089}, {""stream_id"": 1, ""sid"": 22, ""device"": ""GPU"", ""sap"": 0.20898, ""sap_s"": 0.00143, ""sap_m"": 0.19233, ""sap_l"": 0.63991, ""skip"": 9.46, ""eff_mean_ms"": 24.097, ""infer_mean_ms"": 24.097}, {""stream_id"": 2, ""sid"": 3, ""device"": ""NPU"", ""sap"": 0.11884, ""sap_s"": 0.00045, ""sap_m"": 0.17828, ""sap_l"": 0.33704, ""skip"": 1.57, ""eff_mean_ms"": 21.746, ""infer_mean_ms"": 21.746}, {""stream_id"": 3, ""sid"": 21, ""device"": ""NPU"", ""sap"": 0.08352, ""sap_s"": 0.00155, ""sap_m"": 0.02445, ""sap_l"": 0.21251, ""skip"": 0.46, ""eff_mean_ms"": 17.206, ""infer_mean_ms"": 17.206}]",1782625717.991,1782625731.453,33.333,30.0,yolo11s,argoverse-hd-val,1782625731
rev30_1782625012,N4,4,GNNN,1,8,9.13,1.28,0.08346,0.12788,0.11847,0.0935,0.01634,0.16551,0.55119,-9.561,"[{""stream_id"": 0, ""sid"": 2, ""device"": ""GPU"", ""sap"": 0.11694, ""sap_s"": 0.01634, ""sap_m"": 0.16551, ""sap_l"": 0.55119, ""skip"": 9.13, ""eff_mean_ms"": 23.772, ""infer_mean_ms"": 23.771}, {""stream_id"": 1, ""sid"": 22, ""device"": ""NPU"", ""sap"": 0.19111, ""sap_s"": 0.00101, ""sap_m"": 0.17326, ""sap_l"": 0.61323, ""skip"": 1.35, ""eff_mean_ms"": 17.793, ""infer_mean_ms"": 17.793}, {""stream_id"": 2, ""sid"": 3, ""device"": ""NPU"", ""sap"": 0.12001, ""sap_s"": 0.00049, ""sap_m"": 0.18127, ""sap_l"": 0.33756, ""skip"": 1.8, ""eff_mean_ms"": 22.133, ""infer_mean_ms"": 22.133}, {""stream_id"": 3, ""sid"": 21, ""device"": ""NPU"", ""sap"": 0.08346, ""sap_s"": 0.0014, ""sap_m"": 0.02445, ""sap_l"": 0.21238, ""skip"": 0.68, ""eff_mean_ms"": 17.277, ""infer_mean_ms"": 17.277}]",1782625731.453,1782625744.427,33.333,30.0,yolo11s,argoverse-hd-val,1782625744
rev30_1782625012,N4,4,NNNN,1,8,0.0,1.58,0.08261,0.12508,0.11353,0.09043,0.00356,0.129,0.42868,-13.603,"[{""stream_id"": 0, ""sid"": 2, ""device"": ""NPU"", ""sap"": 0.10868, ""sap_s"": 0.01134, ""sap_m"": 0.14108, ""sap_l"": 0.56503, ""skip"": 1.14, ""eff_mean_ms"": 18.771, ""infer_mean_ms"": 18.77}, {""stream_id"": 1, ""sid"": 22, ""device"": ""NPU"", ""sap"": 0.19068, ""sap_s"": 0.001, ""sap_m"": 0.17328, ""sap_l"": 0.61307, ""skip"": 2.25, ""eff_mean_ms"": 20.626, ""infer_mean_ms"": 20.626}, {""stream_id"": 2, ""sid"": 3, ""device"": ""NPU"", ""sap"": 0.11837, ""sap_s"": 0.00049, ""sap_m"": 0.17739, ""sap_l"": 0.32516, ""skip"": 1.35, ""eff_mean_ms"": 18.484, ""infer_mean_ms"": 18.484}, {""stream_id"": 3, ""sid"": 21, ""device"": ""NPU"", ""sap"": 0.08261, ""sap_s"": 0.0014, ""sap_m"": 0.02426, ""sap_l"": 0.21147, ""skip"": 1.59, ""eff_mean_ms"": 21.04, ""infer_mean_ms"": 21.04}]",1782625744.427,1782625756.013,33.333,30.0,yolo11s,argoverse-hd-val,1782625756
rev30_1782625012,N4,4,GGGG,1,9,23.03,0.0,0.09005,0.135,0.12179,0.09641,0.0075,0.15089,0.4147,-6.015,"[{""stream_id"": 0, ""sid"": 2, ""device"": ""GPU"", ""sap"": 0.11125, ""sap_s"": 0.01554, ""sap_m"": 0.14679, ""sap_l"": 0.50712, ""skip"": 21.76, ""eff_mean_ms"": 27.103, ""infer_mean_ms"": 27.103}, {""stream_id"": 1, ""sid"": 22, ""device"": ""GPU"", ""sap"": 0.20635, ""sap_s"": 0.00164, ""sap_m"": 0.19201, ""sap_l"": 0.62991, ""skip"": 22.76, ""eff_mean_ms"": 27.724, ""infer_mean_ms"": 27.723}, {""stream_id"": 2, ""sid"": 3, ""device"": ""GPU"", ""sap"": 0.13233, ""sap_s"": 0.00351, ""sap_m"": 0.2417, ""sap_l"": 0.29171, ""skip"": 22.32, ""eff_mean_ms"": 27.085, ""infer_mean_ms"": 27.085}, {""stream_id"": 3, ""sid"": 21, ""device"": ""GPU"", ""sap"": 0.09005, ""sap_s"": 0.00933, ""sap_m"": 0.02305, ""sap_l"": 0.23006, ""skip"": 25.29, ""eff_mean_ms"": 27.363, ""infer_mean_ms"": 27.363}]",1782625756.014,1782625771.134,33.333,30.0,yolo11s,argoverse-hd-val,1782625771
rev30_1782625012,N4,4,GGNG,1,9,13.71,0.22,0.10066,0.13642,0.11789,0.10485,0.00915,0.12705,0.47644,-8.505,"[{""stream_id"": 0, ""sid"": 2, ""device"": ""GPU"", ""sap"": 0.11462, ""sap_s"": 0.01597, ""sap_m"": 0.15959, ""sap_l"": 0.54195, ""skip"": 12.36, ""eff_mean_ms"": 24.803, ""infer_mean_ms"": 24.803}, {""stream_id"": 1, ""sid"": 22, ""device"": ""GPU"", ""sap"": 0.20925, ""sap_s"": 0.00142, ""sap_m"": 0.19086, ""sap_l"": 0.64092, ""skip"": 13.96, ""eff_mean_ms"": 24.775, ""infer_mean_ms"": 24.775}, {""stream_id"": 2, ""sid"": 3, ""device"": ""NPU"", ""sap"": 0.12116, ""sap_s"": 0.00049, ""sap_m"": 0.18158, ""sap_l"": 0.33832, ""skip"": 0.22, ""eff_mean_ms"": 16.621, ""infer_mean_ms"": 16.621}, {""stream_id"": 3, ""sid"": 21, ""device"": ""GPU"", ""sap"": 0.10066, ""sap_s"": 0.01006, ""sap_m"": 0.0307, ""sap_l"": 0.24644, ""skip"": 14.81, ""eff_mean_ms"": 24.907, ""infer_mean_ms"": 24.907}]",1782625771.135,1782625785.079,33.333,30.0,yolo11s,argoverse-hd-val,1782625785
rev30_1782625012,N4,4,GGNN,1,9,10.79,0.68,0.08346,0.13249,0.11897,0.09337,0.00883,0.17803,0.59844,-9.339,"[{""stream_id"": 0, ""sid"": 2, ""device"": ""GPU"", ""sap"": 0.11649, ""sap_s"": 0.01622, ""sap_m"": 0.16385, ""sap_l"": 0.55709, ""skip"": 11.21, ""eff_mean_ms"": 23.852, ""infer_mean_ms"": 23.852}, {""stream_id"": 1, ""sid"": 22, ""device"": ""GPU"", ""sap"": 0.20856, ""sap_s"": 0.00144, ""sap_m"": 0.19222, ""sap_l"": 0.63978, ""skip"": 10.36, ""eff_mean_ms"": 24.137, ""infer_mean_ms"": 24.137}, {""stream_id"": 2, ""sid"": 3, ""device"": ""NPU"", ""sap"": 0.12145, ""sap_s"": 0.00049, ""sap_m"": 0.18112, ""sap_l"": 0.33897, ""skip"": 0.45, ""eff_mean_ms"": 16.86, ""infer_mean_ms"": 16.859}, {""stream_id"": 3, ""sid"": 21, ""device"": ""NPU"", ""sap"": 0.08346, ""sap_s"": 0.0014, ""sap_m"": 0.02462, ""sap_l"": 0.21226, ""skip"": 0.91, ""eff_mean_ms"": 17.63, ""infer_mean_ms"": 17.63}]",1782625785.079,1782625798.621,33.333,30.0,yolo11s,argoverse-hd-val,1782625798
rev30_1782625012,N4,4,GNNN,1,9,8.9,1.43,0.08351,0.12815,0.11896,0.0936,0.01634,0.16574,0.56007,-9.041,"[{""stream_id"": 0, ""sid"": 2, ""device"": ""GPU"", ""sap"": 0.11714, ""sap_s"": 0.01634, ""sap_m"": 0.16574, ""sap_l"": 0.56007, ""skip"": 8.9, ""eff_mean_ms"": 24.292, ""infer_mean_ms"": 24.292}, {""stream_id"": 1, ""sid"": 22, ""device"": ""NPU"", ""sap"": 0.19117, ""sap_s"": 0.001, ""sap_m"": 0.17321, ""sap_l"": 0.61361, ""skip"": 1.35, ""eff_mean_ms"": 18.048, ""infer_mean_ms"": 18.048}, {""stream_id"": 2, ""sid"": 3, ""device"": ""NPU"", ""sap"": 0.12078, ""sap_s"": 0.00049, ""sap_m"": 0.17887, ""sap_l"": 0.33807, ""skip"": 2.02, ""eff_mean_ms"": 21.796, ""infer_mean_ms"": 21.796}, {""stream_id"": 3, ""sid"": 21, ""device"": ""NPU"", ""sap"": 0.08351, ""sap_s"": 0.0014, ""sap_m"": 0.02475, ""sap_l"": 0.2124, ""skip"": 0.91, ""eff_mean_ms"": 17.455, ""infer_mean_ms"": 17.454}]",1782625798.622,1782625811.836,33.333,30.0,yolo11s,argoverse-hd-val,1782625811
rev30_1782625012,N4,4,NNNN,1,9,0.0,2.21,0.08307,0.12567,0.1145,0.09077,0.00351,0.12951,0.42804,-13.993,"[{""stream_id"": 0, ""sid"": 2, ""device"": ""NPU"", ""sap"": 0.10873, ""sap_s"": 0.0112, ""sap_m"": 0.1409, ""sap_l"": 0.5522, ""skip"": 1.37, ""eff_mean_ms"": 18.497, ""infer_mean_ms"": 18.497}, {""stream_id"": 1, ""sid"": 22, ""device"": ""NPU"", ""sap"": 0.19063, ""sap_s"": 0.00094, ""sap_m"": 0.1733, ""sap_l"": 0.61115, ""skip"": 3.6, ""eff_mean_ms"": 22.427, ""infer_mean_ms"": 22.427}, {""stream_id"": 2, ""sid"": 3, ""device"": ""NPU"", ""sap"": 0.12027, ""sap_s"": 0.00049, ""sap_m"": 0.17948, ""sap_l"": 0.33759, ""skip"": 1.8, ""eff_mean_ms"": 18.3, ""infer_mean_ms"": 18.3}, {""stream_id"": 3, ""sid"": 21, ""device"": ""NPU"", ""sap"": 0.08307, ""sap_s"": 0.0014, ""sap_m"": 0.02438, ""sap_l"": 0.21123, ""skip"": 2.05, ""eff_mean_ms"": 18.136, ""infer_mean_ms"": 18.136}]",1782625811.836,1782625824.135,33.333,30.0,yolo11s,argoverse-hd-val,1782625824
rev30_1782625012,N4,4,GGGG,2,0,42.25,0.0,0.08645,0.12559,0.10694,0.09001,0.0063,0.13711,0.38701,-0.174,"[{""stream_id"": 0, ""sid"": 2, ""device"": ""GPU"", ""sap"": 0.09831, ""sap_s"": 0.01368, ""sap_m"": 0.11884, ""sap_l"": 0.46344, ""skip"": 40.35, ""eff_mean_ms"": 33.149, ""infer_mean_ms"": 33.149}, {""stream_id"": 1, ""sid"": 22, ""device"": ""GPU"", ""sap"": 0.20202, ""sap_s"": 0.0014, ""sap_m"": 0.19163, ""sap_l"": 0.61507, ""skip"": 41.63, ""eff_mean_ms"": 33.41, ""infer_mean_ms"": 33.409}, {""stream_id"": 2, ""sid"": 3, ""device"": ""GPU"", ""sap"": 0.11558, ""sap_s"": 0.00169, ""sap_m"": 0.21509, ""sap_l"": 0.2504, ""skip"": 43.38, ""eff_mean_ms"": 33.037, ""infer_mean_ms"": 33.036}, {""stream_id"": 3, ""sid"": 21, ""device"": ""GPU"", ""sap"": 0.08645, ""sap_s"": 0.00842, ""sap_m"": 0.02287, ""sap_l"": 0.21915, ""skip"": 43.63, ""eff_mean_ms"": 33.043, ""infer_mean_ms"": 33.043}]",1782625824.135,1782625840.903,33.333,30.0,yolo11s,argoverse-hd-val,1782625840
rev30_1782625012,N4,4,GGNG,2,0,34.95,0.0,0.08288,0.12851,0.11247,0.08906,0.00868,0.11376,0.44538,-3.049,"[{""stream_id"": 0, ""sid"": 2, ""device"": ""GPU"", ""sap"": 0.10348, ""sap_s"": 0.01512, ""sap_m"": 0.13199, ""sap_l"": 0.4883, ""skip"": 35.55, ""eff_mean_ms"": 30.209, ""infer_mean_ms"": 30.208}, {""stream_id"": 1, ""sid"": 22, ""device"": ""GPU"", ""sap"": 0.20621, ""sap_s"": 0.00135, ""sap_m"": 0.19106, ""sap_l"": 0.63037, ""skip"": 34.52, ""eff_mean_ms"": 30.415, ""infer_mean_ms"": 30.415}, {""stream_id"": 2, ""sid"": 3, ""device"": ""NPU"", ""sap"": 0.12145, ""sap_s"": 0.00049, ""sap_m"": 0.18159, ""sap_l"": 0.33898, ""skip"": 0.0, ""eff_mean_ms"": 16.626, ""infer_mean_ms"": 16.626}, {""stream_id"": 3, ""sid"": 21, ""device"": ""GPU"", ""sap"": 0.08288, ""sap_s"": 0.00956, ""sap_m"": 0.01823, ""sap_l"": 0.21748, ""skip"": 34.77, ""eff_mean_ms"": 30.228, ""infer_mean_ms"": 30.228}]",1782625840.903,1782625856.871,33.333,30.0,yolo11s,argoverse-hd-val,1782625856
rev30_1782625012,N4,4,GGNN,2,0,25.22,0.12,0.08362,0.12963,0.11292,0.08985,0.00844,0.1648,0.56868,-6.109,"[{""stream_id"": 0, ""sid"": 2, ""device"": ""GPU"", ""sap"": 0.10439, ""sap_s"": 0.01546, ""sap_m"": 0.13806, ""sap_l"": 0.50001, ""skip"": 26.54, ""eff_mean_ms"": 27.531, ""infer_mean_ms"": 27.53}, {""stream_id"": 1, ""sid"": 22, ""device"": ""GPU"", ""sap"": 0.20907, ""sap_s"": 0.00143, ""sap_m"": 0.19154, ""sap_l"": 0.63735, ""skip"": 23.9, ""eff_mean_ms"": 26.917, ""infer_mean_ms"": 26.916}, {""stream_id"": 2, ""sid"": 3, ""device"": ""NPU"", ""sap"": 0.12145, ""sap_s"": 0.00049, ""sap_m"": 0.18159, ""sap_l"": 0.33898, ""skip"": 0.0, ""eff_mean_ms"": 16.068, ""infer_mean_ms"": 16.068}, {""stream_id"": 3, ""sid"": 21, ""device"": ""NPU"", ""sap"": 0.08362, ""sap_s"": 0.0014, ""sap_m"": 0.02445, ""sap_l"": 0.21268, ""skip"": 0.23, ""eff_mean_ms"": 16.272, ""infer_mean_ms"": 16.271}]",1782625856.871,1782625871.488,33.333,30.0,yolo11s,argoverse-hd-val,1782625871
rev30_1782625012,N4,4,GNNN,2,0,20.55,0.3,0.08301,0.12578,0.11444,0.09043,0.01557,0.14269,0.52256,-7.851,"[{""stream_id"": 0, ""sid"": 2, ""device"": ""GPU"", ""sap"": 0.10775, ""sap_s"": 0.01557, ""sap_m"": 0.14269, ""sap_l"": 0.52256, ""skip"": 20.55, ""eff_mean_ms"": 25.482, ""infer_mean_ms"": 25.482}, {""stream_id"": 1, ""sid"": 22, ""device"": ""NPU"", ""sap"": 0.19122, ""sap_s"": 0.00101, ""sap_m"": 0.17334, ""sap_l"": 0.61396, ""skip"": 0.22, ""eff_mean_ms"": 18.275, ""infer_mean_ms"": 18.275}, {""stream_id"": 2, ""sid"": 3, ""device"": ""NPU"", ""sap"": 0.12114, ""sap_s"": 0.00049, ""sap_m"": 0.1816, ""sap_l"": 0.33832, ""skip"": 0.22, ""eff_mean_ms"": 16.988, ""infer_mean_ms"": 16.987}, {""stream_id"": 3, ""sid"": 21, ""device"": ""NPU"", ""sap"": 0.08301, ""sap_s"": 0.0014, ""sap_m"": 0.02389, ""sap_l"": 0.21248, ""skip"": 0.46, ""eff_mean_ms"": 17.013, ""infer_mean_ms"": 17.012}]",1782625871.488,1782625885.26,33.333,30.0,yolo11s,argoverse-hd-val,1782625885
rev30_1782625012,N4,4,NNNN,2,0,0.0,0.91,0.08339,0.1258,0.11433,0.09098,0.00353,0.12942,0.43222,-15.855,"[{""stream_id"": 0, ""sid"": 2, ""device"": ""NPU"", ""sap"": 0.1087, ""sap_s"": 0.01124, ""sap_m"": 0.14134, ""sap_l"": 0.56335, ""skip"": 1.37, ""eff_mean_ms"": 17.705, ""infer_mean_ms"": 17.705}, {""stream_id"": 1, ""sid"": 22, ""device"": ""NPU"", ""sap"": 0.19114, ""sap_s"": 0.001, ""sap_m"": 0.17343, ""sap_l"": 0.61397, ""skip"": 1.35, ""eff_mean_ms"": 17.741, ""infer_mean_ms"": 17.741}, {""stream_id"": 2, ""sid"": 3, ""device"": ""NPU"", ""sap"": 0.11997, ""sap_s"": 0.00049, ""sap_m"": 0.17852, ""sap_l"": 0.33891, ""skip"": 0.67, ""eff_mean_ms"": 17.108, ""infer_mean_ms"": 17.107}, {""stream_id"": 3, ""sid"": 21, ""device"": ""NPU"", ""sap"": 0.08339, ""sap_s"": 0.0014, ""sap_m"": 0.0244, ""sap_l"": 0.21264, ""skip"": 0.23, ""eff_mean_ms"": 17.361, ""infer_mean_ms"": 17.361}]",1782625885.261,1782625895.487,33.333,30.0,yolo11s,argoverse-hd-val,1782625895
rev30_1782625012,N4,4,GGGG,2,1,44.96,0.0,0.08392,0.12429,0.10644,0.08839,0.00664,0.13234,0.39423,0.358,"[{""stream_id"": 0, ""sid"": 2, ""device"": ""GPU"", ""sap"": 0.09883, ""sap_s"": 0.01355, ""sap_m"": 0.11713, ""sap_l"": 0.47226, ""skip"": 45.36, ""eff_mean_ms"": 34.063, ""infer_mean_ms"": 34.063}, {""stream_id"": 1, ""sid"": 22, ""device"": ""GPU"", ""sap"": 0.20035, ""sap_s"": 0.00138, ""sap_m"": 0.19016, ""sap_l"": 0.61285, ""skip"": 45.72, ""eff_mean_ms"": 33.672, ""infer_mean_ms"": 33.672}, {""stream_id"": 2, ""sid"": 3, ""device"": ""GPU"", ""sap"": 0.11405, ""sap_s"": 0.00286, ""sap_m"": 0.20302, ""sap_l"": 0.27494, ""skip"": 42.16, ""eff_mean_ms"": 33.111, ""infer_mean_ms"": 33.111}, {""stream_id"": 3, ""sid"": 21, ""device"": ""GPU"", ""sap"": 0.08392, ""sap_s"": 0.00879, ""sap_m"": 0.01905, ""sap_l"": 0.21688, ""skip"": 46.6, ""eff_mean_ms"": 33.921, ""infer_mean_ms"": 33.921}]",1782625895.488,1782625912.397,33.333,30.0,yolo11s,argoverse-hd-val,1782625912
rev30_1782625012,N4,4,GGNG,2,1,34.69,0.0,0.08279,0.12817,0.1117,0.08854,0.00885,0.1121,0.44304,-3.091,"[{""stream_id"": 0, ""sid"": 2, ""device"": ""GPU"", ""sap"": 0.10196, ""sap_s"": 0.01548, ""sap_m"": 0.12876, ""sap_l"": 0.48154, ""skip"": 36.71, ""eff_mean_ms"": 30.409, ""infer_mean_ms"": 30.409}, {""stream_id"": 1, ""sid"": 22, ""device"": ""GPU"", ""sap"": 0.2065, ""sap_s"": 0.00148, ""sap_m"": 0.19082, ""sap_l"": 0.62798, ""skip"": 34.92, ""eff_mean_ms"": 30.239, ""infer_mean_ms"": 30.239}, {""stream_id"": 2, ""sid"": 3, ""device"": ""NPU"", ""sap"": 0.12145, ""sap_s"": 0.00049, ""sap_m"": 0.18159, ""sap_l"": 0.33898, ""skip"": 0.0, ""eff_mean_ms"": 15.735, ""infer_mean_ms"": 15.734}, {""stream_id"": 3, ""sid"": 21, ""device"": ""GPU"", ""sap"": 0.08279, ""sap_s"": 0.00959, ""sap_m"": 0.01673, ""sap_l"": 0.2196, ""skip"": 32.45, ""eff_mean_ms"": 30.08, ""infer_mean_ms"": 30.08}]",1782625912.397,1782625928.278,33.333,30.0,yolo11s,argoverse-hd-val,1782625928
rev30_1782625012,N4,4,GGNN,2,1,23.1,0.12,0.08362,0.1301,0.11417,0.0906,0.00858,0.16623,0.57651,-6.395,"[{""stream_id"": 0, ""sid"": 2, ""device"": ""GPU"", ""sap"": 0.10689, ""sap_s"": 0.01577, ""sap_m"": 0.14165, ""sap_l"": 0.51628, ""skip"": 23.93, ""eff_mean_ms"": 27.112, ""infer_mean_ms"": 27.112}, {""stream_id"": 1, ""sid"": 22, ""device"": ""GPU"", ""sap"": 0.20845, ""sap_s"": 0.0014, ""sap_m"": 0.1908, ""sap_l"": 0.63675, ""skip"": 22.27, ""eff_mean_ms"": 26.765, ""infer_mean_ms"": 26.765}, {""stream_id"": 2, ""sid"": 3, ""device"": ""NPU"", ""sap"": 0.12145, ""sap_s"": 0.00049, ""sap_m"": 0.18159, ""sap_l"": 0.33898, ""skip"": 0.0, ""eff_mean_ms"": 16.205, ""infer_mean_ms"": 16.205}, {""stream_id"": 3, ""sid"": 21, ""device"": ""NPU"", ""sap"": 0.08362, ""sap_s"": 0.0014, ""sap_m"": 0.02444, ""sap_l"": 0.21272, ""skip"": 0.23, ""eff_mean_ms"": 16.029, ""infer_mean_ms"": 16.029}]",1782625928.278,1782625942.796,33.333,30.0,yolo11s,argoverse-hd-val,1782625942
rev30_1782625012,N4,4,GNNN,2,1,22.12,0.3,0.08286,0.12583,0.1146,0.09036,0.01558,0.14441,0.50256,-7.873,"[{""stream_id"": 0, ""sid"": 2, ""device"": ""GPU"", ""sap"": 0.10785, ""sap_s"": 0.01558, ""sap_m"": 0.14441, ""sap_l"": 0.50256, ""skip"": 22.12, ""eff_mean_ms"": 25.46, ""infer_mean_ms"": 25.46}, {""stream_id"": 1, ""sid"": 22, ""device"": ""NPU"", ""sap"": 0.19124, ""sap_s"": 0.00101, ""sap_m"": 0.17333, ""sap_l"": 0.61395, ""skip"": 0.0, ""eff_mean_ms"": 17.269, ""infer_mean_ms"": 17.268}, {""stream_id"": 2, ""sid"": 3, ""device"": ""NPU"", ""sap"": 0.12136, ""sap_s"": 0.00049, ""sap_m"": 0.1817, ""sap_l"": 0.3384, ""skip"": 0.22, ""eff_mean_ms"": 18.414, ""infer_mean_ms"": 18.414}, {""stream_id"": 3, ""sid"": 21, ""device"": ""NPU"", ""sap"": 0.08286, ""sap_s"": 0.0014, ""sap_m"": 0.02377, ""sap_l"": 0.21172, ""skip"": 0.68, ""eff_mean_ms"": 17.408, ""infer_mean_ms"": 17.407}]",1782625942.796,1782625956.555,33.333,30.0,yolo11s,argoverse-hd-val,1782625956
rev30_1782625012,N4,4,NNNN,2,1,0.0,0.85,0.08245,0.1258,0.1148,0.09034,0.00356,0.12987,0.43219,-14.98,"[{""stream_id"": 0, ""sid"": 2, ""device"": ""NPU"", ""sap"": 0.10876, ""sap_s"": 0.01135, ""sap_m"": 0.14123, ""sap_l"": 0.56567, ""skip"": 0.91, ""eff_mean_ms"": 19.587, ""infer_mean_ms"": 19.587}, {""stream_id"": 1, ""sid"": 22, ""device"": ""NPU"", ""sap"": 0.19115, ""sap_s"": 0.00099, ""sap_m"": 0.17321, ""sap_l"": 0.61353, ""skip"": 0.9, ""eff_mean_ms"": 18.205, ""infer_mean_ms"": 18.205}, {""stream_id"": 2, ""sid"": 3, ""device"": ""NPU"", ""sap"": 0.12085, ""sap_s"": 0.00049, ""sap_m"": 0.18162, ""sap_l"": 0.33771, ""skip"": 0.67, ""eff_mean_ms"": 17.688, ""infer_mean_ms"": 17.687}, {""stream_id"": 3, ""sid"": 21, ""device"": ""NPU"", ""sap"": 0.08245, ""sap_s"": 0.0014, ""sap_m"": 0.0234, ""sap_l"": 0.21187, ""skip"": 0.91, ""eff_mean_ms"": 17.933, ""infer_mean_ms"": 17.933}]",1782625956.555,1782625967.498,33.333,30.0,yolo11s,argoverse-hd-val,1782625967
rev30_1782625012,N4,4,GGGG,2,2,45.84,0.0,0.0843,0.12497,0.1067,0.08789,0.0064,0.13733,0.36461,0.49,"[{""stream_id"": 0, ""sid"": 2, ""device"": ""GPU"", ""sap"": 0.09625, ""sap_s"": 0.01377, ""sap_m"": 0.11467, ""sap_l"": 0.42602, ""skip"": 49.24, ""eff_mean_ms"": 34.904, ""infer_mean_ms"": 34.904}, {""stream_id"": 1, ""sid"": 22, ""device"": ""GPU"", ""sap"": 0.20216, ""sap_s"": 0.0014, ""sap_m"": 0.19115, ""sap_l"": 0.61483, ""skip"": 42.86, ""eff_mean_ms"": 33.157, ""infer_mean_ms"": 33.156}, {""stream_id"": 2, ""sid"": 3, ""device"": ""GPU"", ""sap"": 0.11716, ""sap_s"": 0.00198, ""sap_m"": 0.22239, ""sap_l"": 0.20279, ""skip"": 45.3, ""eff_mean_ms"": 33.169, ""infer_mean_ms"": 33.169}, {""stream_id"": 3, ""sid"": 21, ""device"": ""GPU"", ""sap"": 0.0843, ""sap_s"": 0.00845, ""sap_m"": 0.02112, ""sap_l"": 0.21481, ""skip"": 45.96, ""eff_mean_ms"": 34.063, ""infer_mean_ms"": 34.062}]",1782625967.498,1782625984.472,33.333,30.0,yolo11s,argoverse-hd-val,1782625984
rev30_1782625012,N4,4,GGNG,2,2,38.75,0.0,0.08558,0.12834,0.11119,0.09018,0.00862,0.11171,0.44031,-1.778,"[{""stream_id"": 0, ""sid"": 2, ""device"": ""GPU"", ""sap"": 0.10092, ""sap_s"": 0.01467, ""sap_m"": 0.12602, ""sap_l"": 0.47443, ""skip"": 36.92, ""eff_mean_ms"": 31.586, ""infer_mean_ms"": 31.586}, {""stream_id"": 1, ""sid"": 22, ""device"": ""GPU"", ""sap"": 0.20542, ""sap_s"": 0.00176, ""sap_m"": 0.19036, ""sap_l"": 0.62547, ""skip"": 41.91, ""eff_mean_ms"": 31.983, ""infer_mean_ms"": 31.982}, {""stream_id"": 2, ""sid"": 3, ""device"": ""NPU"", ""sap"": 0.12145, ""sap_s"": 0.00049, ""sap_m"": 0.18159, ""sap_l"": 0.33898, ""skip"": 0.0, ""eff_mean_ms"": 16.15, ""infer_mean_ms"": 16.149}, {""stream_id"": 3, ""sid"": 21, ""device"": ""GPU"", ""sap"": 0.08558, ""sap_s"": 0.00944, ""sap_m"": 0.01875, ""sap_l"": 0.22102, ""skip"": 37.41, ""eff_mean_ms"": 31.098, ""infer_mean_ms"": 31.098}]",1782625984.472,1782626000.601,33.333,30.0,yolo11s,argoverse-hd-val,1782626000
rev30_1782625012,N4,4,GGNN,2,2,25.0,0.0,0.0836,0.12972,0.11349,0.09018,0.00847,0.16464,0.56944,-5.878,"[{""stream_id"": 0, ""sid"": 2, ""device"": ""GPU"", ""sap"": 0.10554, ""sap_s"": 0.01552, ""sap_m"": 0.13875, ""sap_l"": 0.5031, ""skip"": 23.64, ""eff_mean_ms"": 27.242, ""infer_mean_ms"": 27.241}, {""stream_id"": 1, ""sid"": 22, ""device"": ""GPU"", ""sap"": 0.20829, ""sap_s"": 0.00143, ""sap_m"": 0.19054, ""sap_l"": 0.63579, ""skip"": 26.35, ""eff_mean_ms"": 27.669, ""infer_mean_ms"": 27.668}, {""stream_id"": 2, ""sid"": 3, ""device"": ""NPU"", ""sap"": 0.12145, ""sap_s"": 0.00049, ""sap_m"": 0.18159, ""sap_l"": 0.33898, ""skip"": 0.0, ""eff_mean_ms"": 16.121, ""infer_mean_ms"": 16.121}, {""stream_id"": 3, ""sid"": 21, ""device"": ""NPU"", ""sap"": 0.0836, ""sap_s"": 0.0014, ""sap_m"": 0.02445, ""sap_l"": 0.21271, ""skip"": 0.0, ""eff_mean_ms"": 15.918, ""infer_mean_ms"": 15.917}]",1782626000.602,1782626015.265,33.333,30.0,yolo11s,argoverse-hd-val,1782626015
rev30_1782625012,N4,4,GNNN,2,2,19.54,0.52,0.08201,0.12558,0.11449,0.08981,0.01583,0.14499,0.51821,-8.425,"[{""stream_id"": 0, ""sid"": 2, ""device"": ""GPU"", ""sap"": 0.108, ""sap_s"": 0.01583, ""sap_m"": 0.14499, ""sap_l"": 0.51821, ""skip"": 19.54, ""eff_mean_ms"": 24.908, ""infer_mean_ms"": 24.908}, {""stream_id"": 1, ""sid"": 22, ""device"": ""NPU"", ""sap"": 0.19135, ""sap_s"": 0.00101, ""sap_m"": 0.17327, ""sap_l"": 0.61426, ""skip"": 0.67, ""eff_mean_ms"": 16.993, ""infer_mean_ms"": 16.993}, {""stream_id"": 2, ""sid"": 3, ""device"": ""NPU"", ""sap"": 0.12097, ""sap_s"": 0.00053, ""sap_m"": 0.18152, ""sap_l"": 0.33799, ""skip"": 0.67, ""eff_mean_ms"": 16.765, ""infer_mean_ms"": 16.765}, {""stream_id"": 3, ""sid"": 21, ""device"": ""NPU"", ""sap"": 0.08201, ""sap_s"": 0.0014, ""sap_m"": 0.02268, ""sap_l"": 0.21212, ""skip"": 0.23, ""eff_mean_ms"": 16.445, ""infer_mean_ms"": 16.445}]",1782626015.266,1782626028.826,33.333,30.0,yolo11s,argoverse-hd-val,1782626028
rev30_1782625012,N4,4,NNNN,2,2,0.0,1.07,0.08328,0.12611,0.11489,0.09092,0.00356,0.13013,0.43242,-14.509,"[{""stream_id"": 0, ""sid"": 2, ""device"": ""NPU"", ""sap"": 0.10876, ""sap_s"": 0.01133, ""sap_m"": 0.1419, ""sap_l"": 0.56529, ""skip"": 1.14, ""eff_mean_ms"": 21.76, ""infer_mean_ms"": 21.759}, {""stream_id"": 1, ""sid"": 22, ""device"": ""NPU"", ""sap"": 0.19139, ""sap_s"": 0.00102, ""sap_m"": 0.1733, ""sap_l"": 0.61431, ""skip"": 0.9, ""eff_mean_ms"": 18.08, ""infer_mean_ms"": 18.079}, {""stream_id"": 2, ""sid"": 3, ""device"": ""NPU"", ""sap"": 0.12101, ""sap_s"": 0.00049, ""sap_m"": 0.18155, ""sap_l"": 0.33765, ""skip"": 1.12, ""eff_mean_ms"": 17.694, ""infer_mean_ms"": 17.693}, {""stream_id"": 3, ""sid"": 21, ""device"": ""NPU"", ""sap"": 0.08328, ""sap_s"": 0.0014, ""sap_m"": 0.02377, ""sap_l"": 0.21242, ""skip"": 1.14, ""eff_mean_ms"": 17.762, ""infer_mean_ms"": 17.761}]",1782626028.827,1782626040.72,33.333,30.0,yolo11s,argoverse-hd-val,1782626040
rev30_1782625012,N4,4,GGGG,2,3,46.44,0.0,0.09168,0.12582,0.10658,0.09404,0.00659,0.13944,0.38436,0.268,"[{""stream_id"": 0, ""sid"": 2, ""device"": ""GPU"", ""sap"": 0.09954, ""sap_s"": 0.01389, ""sap_m"": 0.11925, ""sap_l"": 0.46749, ""skip"": 43.54, ""eff_mean_ms"": 33.552, ""infer_mean_ms"": 33.552}, {""stream_id"": 1, ""sid"": 22, ""device"": ""GPU"", ""sap"": 0.19843, ""sap_s"": 0.00135, ""sap_m"": 0.1911, ""sap_l"": 0.60679, ""skip"": 49.63, ""eff_mean_ms"": 34.087, ""infer_mean_ms"": 34.087}, {""stream_id"": 2, ""sid"": 3, ""device"": ""GPU"", ""sap"": 0.11362, ""sap_s"": 0.00258, ""sap_m"": 0.22124, ""sap_l"": 0.23665, ""skip"": 45.52, ""eff_mean_ms"": 33.898, ""infer_mean_ms"": 33.897}, {""stream_id"": 3, ""sid"": 21, ""device"": ""GPU"", ""sap"": 0.09168, ""sap_s"": 0.00853, ""sap_m"": 0.02615, ""sap_l"": 0.22652, ""skip"": 47.06, ""eff_mean_ms"": 32.869, ""infer_mean_ms"": 32.869}]",1782626040.721,1782626057.609,33.333,30.0,yolo11s,argoverse-hd-val,1782626057
rev30_1782625012,N4,4,GGNG,2,3,37.19,0.0,0.08367,0.12817,0.11175,0.08918,0.00855,0.1128,0.44118,-2.627,"[{""stream_id"": 0, ""sid"": 2, ""device"": ""GPU"", ""sap"": 0.10205, ""sap_s"": 0.01487, ""sap_m"": 0.13007, ""sap_l"": 0.4788, ""skip"": 36.93, ""eff_mean_ms"": 30.959, ""infer_mean_ms"": 30.959}, {""stream_id"": 1, ""sid"": 22, ""device"": ""GPU"", ""sap"": 0.2055, ""sap_s"": 0.00144, ""sap_m"": 0.19005, ""sap_l"": 0.62642, ""skip"": 35.95, ""eff_mean_ms"": 30.245, ""infer_mean_ms"": 30.244}, {""stream_id"": 2, ""sid"": 3, ""device"": ""NPU"", ""sap"": 0.12145, ""sap_s"": 0.00049, ""sap_m"": 0.18159, ""sap_l"": 0.33898, ""skip"": 0.0, ""eff_mean_ms"": 15.765, ""infer_mean_ms"": 15.765}, {""stream_id"": 3, ""sid"": 21, ""device"": ""GPU"", ""sap"": 0.08367, ""sap_s"": 0.00934, ""sap_m"": 0.01828, ""sap_l"": 0.21832, ""skip"": 38.7, ""eff_mean_ms"": 30.914, ""infer_mean_ms"": 30.914}]",1782626057.61,1782626073.645,33.333,30.0,yolo11s,argoverse-hd-val,1782626073
rev30_1782625012,N4,4,GGNN,2,3,25.13,0.0,0.0836,0.12936,0.11314,0.08997,0.00849,0.16428,0.5742,-6.012,"[{""stream_id"": 0, ""sid"": 2, ""device"": ""GPU"", ""sap"": 0.10484, ""sap_s"": 0.01556, ""sap_m"": 0.13777, ""sap_l"": 0.5148, ""skip"": 26.08, ""eff_mean_ms"": 27.501, ""infer_mean_ms"": 27.5}, {""stream_id"": 1, ""sid"": 22, ""device"": ""GPU"", ""sap"": 0.20754, ""sap_s"": 0.00143, ""sap_m"": 0.19078, ""sap_l"": 0.63359, ""skip"": 24.19, ""eff_mean_ms"": 27.142, ""infer_mean_ms"": 27.142}, {""stream_id"": 2, ""sid"": 3, ""device"": ""NPU"", ""sap"": 0.12145, ""sap_s"": 0.00049, ""sap_m"": 0.18159, ""sap_l"": 0.33898, ""skip"": 0.0, ""eff_mean_ms"": 16.128, ""infer_mean_ms"": 16.128}, {""stream_id"": 3, ""sid"": 21, ""device"": ""NPU"", ""sap"": 0.0836, ""sap_s"": 0.0014, ""sap_m"": 0.02445, ""sap_l"": 0.21271, ""skip"": 0.0, ""eff_mean_ms"": 15.746, ""infer_mean_ms"": 15.745}]",1782626073.646,1782626088.293,33.333,30.0,yolo11s,argoverse-hd-val,1782626088
rev30_1782625012,N4,4,GNNN,2,3,19.86,0.6,0.08339,0.12594,0.11456,0.09088,0.01578,0.14523,0.51746,-8.31,"[{""stream_id"": 0, ""sid"": 2, ""device"": ""GPU"", ""sap"": 0.10837, ""sap_s"": 0.01578, ""sap_m"": 0.14523, ""sap_l"": 0.51746, ""skip"": 19.86, ""eff_mean_ms"": 25.023, ""infer_mean_ms"": 25.023}, {""stream_id"": 1, ""sid"": 22, ""device"": ""NPU"", ""sap"": 0.19126, ""sap_s"": 0.00101, ""sap_m"": 0.17353, ""sap_l"": 0.61389, ""skip"": 0.45, ""eff_mean_ms"": 17.234, ""infer_mean_ms"": 17.233}, {""stream_id"": 2, ""sid"": 3, ""device"": ""NPU"", ""sap"": 0.12075, ""sap_s"": 0.00049, ""sap_m"": 0.18131, ""sap_l"": 0.31823, ""skip"": 0.67, ""eff_mean_ms"": 16.928, ""infer_mean_ms"": 16.927}, {""stream_id"": 3, ""sid"": 21, ""device"": ""NPU"", ""sap"": 0.08339, ""sap_s"": 0.0014, ""sap_m"": 0.02458, ""sap_l"": 0.21254, ""skip"": 0.68, ""eff_mean_ms"": 16.907, ""infer_mean_ms"": 16.907}]",1782626088.294,1782626101.91,33.333,30.0,yolo11s,argoverse-hd-val,1782626101
rev30_1782625012,N4,4,NNNN,2,3,0.0,0.28,0.0836,0.12634,0.11526,0.09119,0.00356,0.13056,0.43245,-15.928,"[{""stream_id"": 0, ""sid"": 2, ""device"": ""NPU"", ""sap"": 0.10889, ""sap_s"": 0.01134, ""sap_m"": 0.14212, ""sap_l"": 0.56392, ""skip"": 0.68, ""eff_mean_ms"": 17.725, ""infer_mean_ms"": 17.724}, {""stream_id"": 1, ""sid"": 22, ""device"": ""NPU"", ""sap"": 0.19124, ""sap_s"": 0.00101, ""sap_m"": 0.17333, ""sap_l"": 0.61395, ""skip"": 0.0, ""eff_mean_ms"": 17.504, ""infer_mean_ms"": 17.503}, {""stream_id"": 2, ""sid"": 3, ""device"": ""NPU"", ""sap"": 0.12163, ""sap_s"": 0.00049, ""sap_m"": 0.18235, ""sap_l"": 0.33922, ""skip"": 0.45, ""eff_mean_ms"": 17.281, ""infer_mean_ms"": 17.281}, {""stream_id"": 3, ""sid"": 21, ""device"": ""NPU"", ""sap"": 0.0836, ""sap_s"": 0.0014, ""sap_m"": 0.02445, ""sap_l"": 0.21271, ""skip"": 0.0, ""eff_mean_ms"": 17.111, ""infer_mean_ms"": 17.111}]",1782626101.911,1782626112.033,33.333,30.0,yolo11s,argoverse-hd-val,1782626112
rev30_1782625012,N4,4,GGGG,2,4,44.8,0.0,0.08964,0.12491,0.1057,0.0921,0.00644,0.13462,0.37003,0.361,"[{""stream_id"": 0, ""sid"": 2, ""device"": ""GPU"", ""sap"": 0.09783, ""sap_s"": 0.01386, ""sap_m"": 0.11809, ""sap_l"": 0.43802, ""skip"": 44.53, ""eff_mean_ms"": 33.717, ""infer_mean_ms"": 33.717}, {""stream_id"": 1, ""sid"": 22, ""device"": ""GPU"", ""sap"": 0.1986, ""sap_s"": 0.00145, ""sap_m"": 0.19049, ""sap_l"": 0.6059, ""skip"": 45.79, ""eff_mean_ms"": 33.813, ""infer_mean_ms"": 33.813}, {""stream_id"": 2, ""sid"": 3, ""device"": ""GPU"", ""sap"": 0.11357, ""sap_s"": 0.00251, ""sap_m"": 0.20634, ""sap_l"": 0.21321, ""skip"": 44.72, ""eff_mean_ms"": 34.065, ""infer_mean_ms"": 34.065}, {""stream_id"": 3, ""sid"": 21, ""device"": ""GPU"", ""sap"": 0.08964, ""sap_s"": 0.00792, ""sap_m"": 0.02355, ""sap_l"": 0.22298, ""skip"": 44.14, ""eff_mean_ms"": 33.182, ""infer_mean_ms"": 33.182}]",1782626112.034,1782626129.018,33.333,30.0,yolo11s,argoverse-hd-val,1782626129
rev30_1782625012,N4,4,GGNG,2,4,34.7,0.0,0.08612,0.12903,0.11184,0.09095,0.00871,0.11293,0.44067,-2.653,"[{""stream_id"": 0, ""sid"": 2, ""device"": ""GPU"", ""sap"": 0.10223, ""sap_s"": 0.01505, ""sap_m"": 0.13075, ""sap_l"": 0.47084, ""skip"": 34.77, ""eff_mean_ms"": 30.934, ""infer_mean_ms"": 30.933}, {""stream_id"": 1, ""sid"": 22, ""device"": ""GPU"", ""sap"": 0.2063, ""sap_s"": 0.00143, ""sap_m"": 0.18869, ""sap_l"": 0.62947, ""skip"": 36.96, ""eff_mean_ms"": 30.989, ""infer_mean_ms"": 30.989}, {""stream_id"": 2, ""sid"": 3, ""device"": ""NPU"", ""sap"": 0.12145, ""sap_s"": 0.00049, ""sap_m"": 0.18159, ""sap_l"": 0.33898, ""skip"": 0.0, ""eff_mean_ms"": 15.987, ""infer_mean_ms"": 15.987}, {""stream_id"": 3, ""sid"": 21, ""device"": ""GPU"", ""sap"": 0.08612, ""sap_s"": 0.00965, ""sap_m"": 0.01936, ""sap_l"": 0.22171, ""skip"": 32.38, ""eff_mean_ms"": 30.119, ""infer_mean_ms"": 30.119}]",1782626129.019,1782626145.027,33.333,30.0,yolo11s,argoverse-hd-val,1782626145
rev30_1782625012,N4,4,GGNN,2,4,22.45,0.0,0.0836,0.12979,0.11392,0.09044,0.00864,0.16478,0.57712,-6.52,"[{""stream_id"": 0, ""sid"": 2, ""device"": ""GPU"", ""sap"": 0.1064, ""sap_s"": 0.01584, ""sap_m"": 0.1387, ""sap_l"": 0.51959, ""skip"": 23.0, ""eff_mean_ms"": 26.6, ""infer_mean_ms"": 26.6}, {""stream_id"": 1, ""sid"": 22, ""device"": ""GPU"", ""sap"": 0.20772, ""sap_s"": 0.00143, ""sap_m"": 0.19085, ""sap_l"": 0.63466, ""skip"": 21.91, ""eff_mean_ms"": 27.027, ""infer_mean_ms"": 27.026}, {""stream_id"": 2, ""sid"": 3, ""device"": ""NPU"", ""sap"": 0.12145, ""sap_s"": 0.00049, ""sap_m"": 0.18159, ""sap_l"": 0.33898, ""skip"": 0.0, ""eff_mean_ms"": 15.981, ""infer_mean_ms"": 15.981}, {""stream_id"": 3, ""sid"": 21, ""device"": ""NPU"", ""sap"": 0.0836, ""sap_s"": 0.0014, ""sap_m"": 0.02445, ""sap_l"": 0.21271, ""skip"": 0.0, ""eff_mean_ms"": 15.568, ""infer_mean_ms"": 15.567}]",1782626145.027,1782626159.635,33.333,30.0,yolo11s,argoverse-hd-val,1782626159
rev30_1782625012,N4,4,GNNN,2,4,21.26,0.3,0.0834,0.12585,0.11439,0.09058,0.01534,0.14172,0.52367,-7.856,"[{""stream_id"": 0, ""sid"": 2, ""device"": ""GPU"", ""sap"": 0.10732, ""sap_s"": 0.01534, ""sap_m"": 0.14172, ""sap_l"": 0.52367, ""skip"": 21.26, ""eff_mean_ms"": 25.477, ""infer_mean_ms"": 25.477}, {""stream_id"": 1, ""sid"": 22, ""device"": ""NPU"", ""sap"": 0.19123, ""sap_s"": 0.001, ""sap_m"": 0.17331, ""sap_l"": 0.61395, ""skip"": 0.45, ""eff_mean_ms"": 16.572, ""infer_mean_ms"": 16.571}, {""stream_id"": 2, ""sid"": 3, ""device"": ""NPU"", ""sap"": 0.12145, ""sap_s"": 0.00049, ""sap_m"": 0.18159, ""sap_l"": 0.33898, ""skip"": 0.0, ""eff_mean_ms"": 16.341, ""infer_mean_ms"": 16.34}, {""stream_id"": 3, ""sid"": 21, ""device"": ""NPU"", ""sap"": 0.0834, ""sap_s"": 0.0014, ""sap_m"": 0.02452, ""sap_l"": 0.21257, ""skip"": 0.46, ""eff_mean_ms"": 16.317, ""infer_mean_ms"": 16.316}]",1782626159.635,1782626173.385,33.333,30.0,yolo11s,argoverse-hd-val,1782626173
rev30_1782625012,N4,4,NNNN,2,4,0.0,0.51,0.08324,0.12615,0.11516,0.0909,0.00357,0.13028,0.43077,-15.937,"[{""stream_id"": 0, ""sid"": 2, ""device"": ""NPU"", ""sap"": 0.10878, ""sap_s"": 0.01138, ""sap_m"": 0.14172, ""sap_l"": 0.55817, ""skip"": 0.68, ""eff_mean_ms"": 17.603, ""infer_mean_ms"": 17.603}, {""stream_id"": 1, ""sid"": 22, ""device"": ""NPU"", ""sap"": 0.19105, ""sap_s"": 0.00101, ""sap_m"": 0.17335, ""sap_l"": 0.6135, ""skip"": 0.45, ""eff_mean_ms"": 17.671, ""infer_mean_ms"": 17.67}, {""stream_id"": 2, ""sid"": 3, ""device"": ""NPU"", ""sap"": 0.12153, ""sap_s"": 0.00049, ""sap_m"": 0.18159, ""sap_l"": 0.3393, ""skip"": 0.22, ""eff_mean_ms"": 17.215, ""infer_mean_ms"": 17.214}, {""stream_id"": 3, ""sid"": 21, ""device"": ""NPU"", ""sap"": 0.08324, ""sap_s"": 0.0014, ""sap_m"": 0.02445, ""sap_l"": 0.21211, ""skip"": 0.68, ""eff_mean_ms"": 17.098, ""infer_mean_ms"": 17.098}]",1782626173.386,1782626183.576,33.333,30.0,yolo11s,argoverse-hd-val,1782626183
rev30_1782625012,N4,4,GGGG,2,5,46.33,0.0,0.08692,0.12373,0.10451,0.09038,0.00649,0.13575,0.36956,0.475,"[{""stream_id"": 0, ""sid"": 2, ""device"": ""GPU"", ""sap"": 0.09846, ""sap_s"": 0.01396, ""sap_m"": 0.11913, ""sap_l"": 0.44046, ""skip"": 47.62, ""eff_mean_ms"": 33.858, ""infer_mean_ms"": 33.857}, {""stream_id"": 1, ""sid"": 22, ""device"": ""GPU"", ""sap"": 0.19899, ""sap_s"": 0.0013, ""sap_m"": 0.19101, ""sap_l"": 0.60813, ""skip"": 45.83, ""eff_mean_ms"": 33.765, ""infer_mean_ms"": 33.765}, {""stream_id"": 2, ""sid"": 3, ""device"": ""GPU"", ""sap"": 0.11057, ""sap_s"": 0.00254, ""sap_m"": 0.20906, ""sap_l"": 0.21168, ""skip"": 46.52, ""eff_mean_ms"": 33.815, ""infer_mean_ms"": 33.814}, {""stream_id"": 3, ""sid"": 21, ""device"": ""GPU"", ""sap"": 0.08692, ""sap_s"": 0.00818, ""sap_m"": 0.0238, ""sap_l"": 0.21795, ""skip"": 45.36, ""eff_mean_ms"": 33.794, ""infer_mean_ms"": 33.794}]",1782626183.577,1782626200.508,33.333,30.0,yolo11s,argoverse-hd-val,1782626200
rev30_1782625012,N4,4,GGNG,2,5,37.93,0.0,0.08375,0.1277,0.11154,0.08911,0.00843,0.11159,0.43931,-1.926,"[{""stream_id"": 0, ""sid"": 2, ""device"": ""GPU"", ""sap"": 0.10163, ""sap_s"": 0.01439, ""sap_m"": 0.12549, ""sap_l"": 0.47705, ""skip"": 34.88, ""eff_mean_ms"": 31.069, ""infer_mean_ms"": 31.069}, {""stream_id"": 1, ""sid"": 22, ""device"": ""GPU"", ""sap"": 0.20397, ""sap_s"": 0.00136, ""sap_m"": 0.18949, ""sap_l"": 0.62284, ""skip"": 39.61, ""eff_mean_ms"": 31.551, ""infer_mean_ms"": 31.551}, {""stream_id"": 2, ""sid"": 3, ""device"": ""NPU"", ""sap"": 0.12145, ""sap_s"": 0.00049, ""sap_m"": 0.18159, ""sap_l"": 0.33898, ""skip"": 0.0, ""eff_mean_ms"": 16.135, ""infer_mean_ms"": 16.135}, {""stream_id"": 3, ""sid"": 21, ""device"": ""GPU"", ""sap"": 0.08375, ""sap_s"": 0.00953, ""sap_m"": 0.01978, ""sap_l"": 0.21805, ""skip"": 39.31, ""eff_mean_ms"": 31.602, ""infer_mean_ms"": 31.601}]",1782626200.509,1782626216.617,33.333,30.0,yolo11s,argoverse-hd-val,1782626216
rev30_1782625012,N4,4,GGNN,2,5,23.79,0.23,0.08361,0.13038,0.11478,0.09093,0.00864,0.16717,0.57825,-5.954,"[{""stream_id"": 0, ""sid"": 2, ""device"": ""GPU"", ""sap"": 0.10802, ""sap_s"": 0.01585, ""sap_m"": 0.14344, ""sap_l"": 0.5234, ""skip"": 23.64, ""eff_mean_ms"": 27.178, ""infer_mean_ms"": 27.178}, {""stream_id"": 1, ""sid"": 22, ""device"": ""GPU"", ""sap"": 0.20834, ""sap_s"": 0.00142, ""sap_m"": 0.19089, ""sap_l"": 0.63311, ""skip"": 23.93, ""eff_mean_ms"": 27.58, ""infer_mean_ms"": 27.58}, {""stream_id"": 2, ""sid"": 3, ""device"": ""NPU"", ""sap"": 0.12154, ""sap_s"": 0.00049, ""sap_m"": 0.18159, ""sap_l"": 0.33908, ""skip"": 0.22, ""eff_mean_ms"": 16.298, ""infer_mean_ms"": 16.297}, {""stream_id"": 3, ""sid"": 21, ""device"": ""NPU"", ""sap"": 0.08361, ""sap_s"": 0.0014, ""sap_m"": 0.02445, ""sap_l"": 0.21274, ""skip"": 0.23, ""eff_mean_ms"": 15.863, ""infer_mean_ms"": 15.863}]",1782626216.617,1782626231.346,33.333,30.0,yolo11s,argoverse-hd-val,1782626231
rev30_1782625012,N4,4,GNNN,2,5,20.42,0.23,0.08361,0.12606,0.1147,0.09091,0.01557,0.14369,0.53011,-7.351,"[{""stream_id"": 0, ""sid"": 2, ""device"": ""GPU"", ""sap"": 0.10795, ""sap_s"": 0.01557, ""sap_m"": 0.14369, ""sap_l"": 0.53011, ""skip"": 20.42, ""eff_mean_ms"": 25.982, ""infer_mean_ms"": 25.982}, {""stream_id"": 1, ""sid"": 22, ""device"": ""NPU"", ""sap"": 0.19123, ""sap_s"": 0.00101, ""sap_m"": 0.17332, ""sap_l"": 0.61393, ""skip"": 0.22, ""eff_mean_ms"": 17.463, ""infer_mean_ms"": 17.463}, {""stream_id"": 2, ""sid"": 3, ""device"": ""NPU"", ""sap"": 0.12145, ""sap_s"": 0.00049, ""sap_m"": 0.18159, ""sap_l"": 0.33898, ""skip"": 0.0, ""eff_mean_ms"": 16.735, ""infer_mean_ms"": 16.734}, {""stream_id"": 3, ""sid"": 21, ""device"": ""NPU"", ""sap"": 0.08361, ""sap_s"": 0.0014, ""sap_m"": 0.02454, ""sap_l"": 0.21258, ""skip"": 0.46, ""eff_mean_ms"": 16.407, ""infer_mean_ms"": 16.407}]",1782626231.348,1782626245.243,33.333,30.0,yolo11s,argoverse-hd-val,1782626245
rev30_1782625012,N4,4,NNNN,2,5,0.0,0.51,0.08313,0.12624,0.11524,0.09085,0.00335,0.13057,0.43271,-15.524,"[{""stream_id"": 0, ""sid"": 2, ""device"": ""NPU"", ""sap"": 0.10886, ""sap_s"": 0.01134, ""sap_m"": 0.14237, ""sap_l"": 0.56553, ""skip"": 0.23, ""eff_mean_ms"": 17.806, ""infer_mean_ms"": 17.805}, {""stream_id"": 1, ""sid"": 22, ""device"": ""NPU"", ""sap"": 0.19137, ""sap_s"": 0.00101, ""sap_m"": 0.1733, ""sap_l"": 0.61405, ""skip"": 0.67, ""eff_mean_ms"": 18.872, ""infer_mean_ms"": 18.872}, {""stream_id"": 2, ""sid"": 3, ""device"": ""NPU"", ""sap"": 0.12162, ""sap_s"": 0.00049, ""sap_m"": 0.18254, ""sap_l"": 0.33899, ""skip"": 0.22, ""eff_mean_ms"": 17.204, ""infer_mean_ms"": 17.204}, {""stream_id"": 3, ""sid"": 21, ""device"": ""NPU"", ""sap"": 0.08313, ""sap_s"": 0.00057, ""sap_m"": 0.02407, ""sap_l"": 0.21225, ""skip"": 0.91, ""eff_mean_ms"": 17.357, ""infer_mean_ms"": 17.357}]",1782626245.243,1782626255.953,33.333,30.0,yolo11s,argoverse-hd-val,1782626255
rev30_1782625012,N4,4,GGGG,2,6,44.54,0.0,0.08476,0.12526,0.10748,0.08934,0.00674,0.13491,0.39754,0.376,"[{""stream_id"": 0, ""sid"": 2, ""device"": ""GPU"", ""sap"": 0.10003, ""sap_s"": 0.01439, ""sap_m"": 0.12054, ""sap_l"": 0.45439, ""skip"": 44.89, ""eff_mean_ms"": 33.517, ""infer_mean_ms"": 33.517}, {""stream_id"": 1, ""sid"": 22, ""device"": ""GPU"", ""sap"": 0.20133, ""sap_s"": 0.00149, ""sap_m"": 0.18901, ""sap_l"": 0.61287, ""skip"": 46.91, ""eff_mean_ms"": 34.883, ""infer_mean_ms"": 34.883}, {""stream_id"": 2, ""sid"": 3, ""device"": ""GPU"", ""sap"": 0.11493, ""sap_s"": 0.00221, ""sap_m"": 0.21005, ""sap_l"": 0.30629, ""skip"": 43.14, ""eff_mean_ms"": 33.264, ""infer_mean_ms"": 33.264}, {""stream_id"": 3, ""sid"": 21, ""device"": ""GPU"", ""sap"": 0.08476, ""sap_s"": 0.00889, ""sap_m"": 0.02003, ""sap_l"": 0.21662, ""skip"": 43.21, ""eff_mean_ms"": 33.172, ""infer_mean_ms"": 33.172}]",1782626255.953,1782626272.775,33.333,30.0,yolo11s,argoverse-hd-val,1782626272
rev30_1782625012,N4,4,GGNG,2,6,34.68,0.0,0.0821,0.12806,0.11164,0.08802,0.00857,0.11148,0.44111,-2.589,"[{""stream_id"": 0, ""sid"": 2, ""device"": ""GPU"", ""sap"": 0.10183, ""sap_s"": 0.01464, ""sap_m"": 0.12663, ""sap_l"": 0.47614, ""skip"": 38.5, ""eff_mean_ms"": 31.165, ""infer_mean_ms"": 31.165}, {""stream_id"": 1, ""sid"": 22, ""device"": ""GPU"", ""sap"": 0.20687, ""sap_s"": 0.00144, ""sap_m"": 0.19112, ""sap_l"": 0.6307, ""skip"": 34.37, ""eff_mean_ms"": 30.608, ""infer_mean_ms"": 30.607}, {""stream_id"": 2, ""sid"": 3, ""device"": ""NPU"", ""sap"": 0.12145, ""sap_s"": 0.00049, ""sap_m"": 0.18159, ""sap_l"": 0.33898, ""skip"": 0.0, ""eff_mean_ms"": 15.955, ""infer_mean_ms"": 15.954}, {""stream_id"": 3, ""sid"": 21, ""device"": ""GPU"", ""sap"": 0.0821, ""sap_s"": 0.00963, ""sap_m"": 0.0167, ""sap_l"": 0.21648, ""skip"": 31.16, ""eff_mean_ms"": 30.459, ""infer_mean_ms"": 30.459}]",1782626272.775,1782626288.821,33.333,30.0,yolo11s,argoverse-hd-val,1782626288
rev30_1782625012,N4,4,GGNN,2,6,25.23,0.34,0.08358,0.1293,0.11276,0.08978,0.00843,0.16392,0.566,-5.451,"[{""stream_id"": 0, ""sid"": 2, ""device"": ""GPU"", ""sap"": 0.10423, ""sap_s"": 0.01545, ""sap_m"": 0.13658, ""sap_l"": 0.49596, ""skip"": 25.41, ""eff_mean_ms"": 28.119, ""infer_mean_ms"": 28.119}, {""stream_id"": 1, ""sid"": 22, ""device"": ""GPU"", ""sap"": 0.2081, ""sap_s"": 0.00142, ""sap_m"": 0.19126, ""sap_l"": 0.63605, ""skip"": 25.06, ""eff_mean_ms"": 27.646, ""infer_mean_ms"": 27.646}, {""stream_id"": 2, ""sid"": 3, ""device"": ""NPU"", ""sap"": 0.12129, ""sap_s"": 0.00049, ""sap_m"": 0.18157, ""sap_l"": 0.33861, ""skip"": 0.45, ""eff_mean_ms"": 19.843, ""infer_mean_ms"": 19.842}, {""stream_id"": 3, ""sid"": 21, ""device"": ""NPU"", ""sap"": 0.08358, ""sap_s"": 0.0014, ""sap_m"": 0.02445, ""sap_l"": 0.21269, ""skip"": 0.23, ""eff_mean_ms"": 16.194, ""infer_mean_ms"": 16.194}]",1782626288.821,1782626303.802,33.333,30.0,yolo11s,argoverse-hd-val,1782626303
rev30_1782625012,N4,4,GNNN,2,6,18.24,0.3,0.0836,0.12621,0.11502,0.09124,0.01574,0.14574,0.52564,-8.374,"[{""stream_id"": 0, ""sid"": 2, ""device"": ""GPU"", ""sap"": 0.10907, ""sap_s"": 0.01574, ""sap_m"": 0.14574, ""sap_l"": 0.52564, ""skip"": 18.24, ""eff_mean_ms"": 24.959, ""infer_mean_ms"": 24.959}, {""stream_id"": 1, ""sid"": 22, ""device"": ""NPU"", ""sap"": 0.19121, ""sap_s"": 0.00101, ""sap_m"": 0.17333, ""sap_l"": 0.61376, ""skip"": 0.45, ""eff_mean_ms"": 16.855, ""infer_mean_ms"": 16.854}, {""stream_id"": 2, ""sid"": 3, ""device"": ""NPU"", ""sap"": 0.12096, ""sap_s"": 0.00049, ""sap_m"": 0.18159, ""sap_l"": 0.338, ""skip"": 0.45, ""eff_mean_ms"": 16.433, ""infer_mean_ms"": 16.433}, {""stream_id"": 3, ""sid"": 21, ""device"": ""NPU"", ""sap"": 0.0836, ""sap_s"": 0.0014, ""sap_m"": 0.02445, ""sap_l"": 0.21271, ""skip"": 0.0, ""eff_mean_ms"": 16.429, ""infer_mean_ms"": 16.429}]",1782626303.802,1782626317.354,33.333,30.0,yolo11s,argoverse-hd-val,1782626317
rev30_1782625012,N4,4,NNNN,2,6,0.0,0.11,0.08307,0.12632,0.1155,0.09085,0.00335,0.1306,0.43284,-15.704,"[{""stream_id"": 0, ""sid"": 2, ""device"": ""NPU"", ""sap"": 0.109, ""sap_s"": 0.01134, ""sap_m"": 0.14256, ""sap_l"": 0.56587, ""skip"": 0.0, ""eff_mean_ms"": 17.336, ""infer_mean_ms"": 17.336}, {""stream_id"": 1, ""sid"": 22, ""device"": ""NPU"", ""sap"": 0.19124, ""sap_s"": 0.00101, ""sap_m"": 0.17333, ""sap_l"": 0.61395, ""skip"": 0.0, ""eff_mean_ms"": 17.465, ""infer_mean_ms"": 17.464}, {""stream_id"": 2, ""sid"": 3, ""device"": ""NPU"", ""sap"": 0.12199, ""sap_s"": 0.00049, ""sap_m"": 0.1827, ""sap_l"": 0.33899, ""skip"": 0.22, ""eff_mean_ms"": 17.686, ""infer_mean_ms"": 17.685}, {""stream_id"": 3, ""sid"": 21, ""device"": ""NPU"", ""sap"": 0.08307, ""sap_s"": 0.00056, ""sap_m"": 0.0238, ""sap_l"": 0.21256, ""skip"": 0.23, ""eff_mean_ms"": 18.029, ""infer_mean_ms"": 18.029}]",1782626317.354,1782626327.6,33.333,30.0,yolo11s,argoverse-hd-val,1782626327
rev30_1782625012,N4,4,GGGG,3,0,49.22,0.0,0.08341,0.12093,0.10098,0.08761,0.0066,0.1317,0.36045,1.918,"[{""stream_id"": 0, ""sid"": 2, ""device"": ""GPU"", ""sap"": 0.0974, ""sap_s"": 0.01408, ""sap_m"": 0.11502, ""sap_l"": 0.44114, ""skip"": 48.98, ""eff_mean_ms"": 34.374, ""infer_mean_ms"": 34.374}, {""stream_id"": 1, ""sid"": 22, ""device"": ""GPU"", ""sap"": 0.19835, ""sap_s"": 0.0014, ""sap_m"": 0.19031, ""sap_l"": 0.60638, ""skip"": 47.97, ""eff_mean_ms"": 34.802, ""infer_mean_ms"": 34.802}, {""stream_id"": 2, ""sid"": 3, ""device"": ""GPU"", ""sap"": 0.10457, ""sap_s"": 0.00199, ""sap_m"": 0.20024, ""sap_l"": 0.18242, ""skip"": 51.46, ""eff_mean_ms"": 36.991, ""infer_mean_ms"": 36.991}, {""stream_id"": 3, ""sid"": 21, ""device"": ""GPU"", ""sap"": 0.08341, ""sap_s"": 0.00891, ""sap_m"": 0.02123, ""sap_l"": 0.21186, ""skip"": 48.45, ""eff_mean_ms"": 34.837, ""infer_mean_ms"": 34.837}]",1782626327.6,1782626344.703,33.333,30.0,yolo11s,argoverse-hd-val,1782626344
rev30_1782625012,N4,4,GGNG,3,0,46.16,0.0,0.08267,0.12518,0.10992,0.08739,0.0082,0.1091,0.42306,0.198,"[{""stream_id"": 0, ""sid"": 2, ""device"": ""GPU"", ""sap"": 0.0984, ""sap_s"": 0.01439, ""sap_m"": 0.11948, ""sap_l"": 0.4495, ""skip"": 43.83, ""eff_mean_ms"": 32.766, ""infer_mean_ms"": 32.765}, {""stream_id"": 1, ""sid"": 22, ""device"": ""GPU"", ""sap"": 0.19819, ""sap_s"": 0.00126, ""sap_m"": 0.18936, ""sap_l"": 0.6081, ""skip"": 48.7, ""eff_mean_ms"": 34.621, ""infer_mean_ms"": 34.621}, {""stream_id"": 2, ""sid"": 3, ""device"": ""NPU"", ""sap"": 0.12145, ""sap_s"": 0.00049, ""sap_m"": 0.18159, ""sap_l"": 0.33898, ""skip"": 0.0, ""eff_mean_ms"": 15.788, ""infer_mean_ms"": 15.787}, {""stream_id"": 3, ""sid"": 21, ""device"": ""GPU"", ""sap"": 0.08267, ""sap_s"": 0.00896, ""sap_m"": 0.01846, ""sap_l"": 0.21158, ""skip"": 45.94, ""eff_mean_ms"": 33.206, ""infer_mean_ms"": 33.206}]",1782626344.703,1782626361.385,33.333,30.0,yolo11s,argoverse-hd-val,1782626361
rev30_1782625012,N4,4,GGNN,3,0,33.05,0.0,0.0836,0.12821,0.11166,0.08908,0.00835,0.15965,0.55645,-2.935,"[{""stream_id"": 0, ""sid"": 2, ""device"": ""GPU"", ""sap"": 0.10186, ""sap_s"": 0.01534, ""sap_m"": 0.13099, ""sap_l"": 0.48478, ""skip"": 31.74, ""eff_mean_ms"": 30.025, ""infer_mean_ms"": 30.024}, {""stream_id"": 1, ""sid"": 22, ""device"": ""GPU"", ""sap"": 0.20592, ""sap_s"": 0.00136, ""sap_m"": 0.18831, ""sap_l"": 0.62812, ""skip"": 34.36, ""eff_mean_ms"": 30.772, ""infer_mean_ms"": 30.771}, {""stream_id"": 2, ""sid"": 3, ""device"": ""NPU"", ""sap"": 0.12145, ""sap_s"": 0.00049, ""sap_m"": 0.18159, ""sap_l"": 0.33898, ""skip"": 0.0, ""eff_mean_ms"": 16.779, ""infer_mean_ms"": 16.778}, {""stream_id"": 3, ""sid"": 21, ""device"": ""NPU"", ""sap"": 0.0836, ""sap_s"": 0.0014, ""sap_m"": 0.02445, ""sap_l"": 0.21271, ""skip"": 0.0, ""eff_mean_ms"": 15.674, ""infer_mean_ms"": 15.674}]",1782626361.385,1782626376.575,33.333,30.0,yolo11s,argoverse-hd-val,1782626376
rev30_1782625012,N4,4,GNNN,3,0,31.09,0.45,0.08306,0.12444,0.11212,0.08898,0.01527,0.13487,0.49575,-4.887,"[{""stream_id"": 0, ""sid"": 2, ""device"": ""GPU"", ""sap"": 0.10279, ""sap_s"": 0.01527, ""sap_m"": 0.13487, ""sap_l"": 0.49575, ""skip"": 31.09, ""eff_mean_ms"": 28.446, ""infer_mean_ms"": 28.446}, {""stream_id"": 1, ""sid"": 22, ""device"": ""NPU"", ""sap"": 0.19047, ""sap_s"": 0.001, ""sap_m"": 0.17346, ""sap_l"": 0.61179, ""skip"": 0.67, ""eff_mean_ms"": 17.224, ""infer_mean_ms"": 17.224}, {""stream_id"": 2, ""sid"": 3, ""device"": ""NPU"", ""sap"": 0.12144, ""sap_s"": 0.00049, ""sap_m"": 0.18158, ""sap_l"": 0.33898, ""skip"": 0.22, ""eff_mean_ms"": 16.662, ""infer_mean_ms"": 16.662}, {""stream_id"": 3, ""sid"": 21, ""device"": ""NPU"", ""sap"": 0.08306, ""sap_s"": 0.0014, ""sap_m"": 0.02417, ""sap_l"": 0.21216, ""skip"": 0.46, ""eff_mean_ms"": 18.55, ""infer_mean_ms"": 18.55}]",1782626376.575,1782626390.928,33.333,30.0,yolo11s,argoverse-hd-val,1782626390
rev30_1782625012,N4,4,NNNN,3,0,0.0,0.45,0.08333,0.12613,0.11507,0.09101,0.00352,0.13019,0.43242,-16.048,"[{""stream_id"": 0, ""sid"": 2, ""device"": ""NPU"", ""sap"": 0.10893, ""sap_s"": 0.01119, ""sap_m"": 0.14169, ""sap_l"": 0.56462, ""skip"": 0.68, ""eff_mean_ms"": 17.514, ""infer_mean_ms"": 17.513}, {""stream_id"": 1, ""sid"": 22, ""device"": ""NPU"", ""sap"": 0.19107, ""sap_s"": 0.00101, ""sap_m"": 0.17334, ""sap_l"": 0.61385, ""skip"": 0.45, ""eff_mean_ms"": 17.44, ""infer_mean_ms"": 17.44}, {""stream_id"": 2, ""sid"": 3, ""device"": ""NPU"", ""sap"": 0.1212, ""sap_s"": 0.00049, ""sap_m"": 0.18127, ""sap_l"": 0.33891, ""skip"": 0.45, ""eff_mean_ms"": 17.219, ""infer_mean_ms"": 17.219}, {""stream_id"": 3, ""sid"": 21, ""device"": ""NPU"", ""sap"": 0.08333, ""sap_s"": 0.0014, ""sap_m"": 0.02445, ""sap_l"": 0.21231, ""skip"": 0.23, ""eff_mean_ms"": 16.969, ""infer_mean_ms"": 16.968}]",1782626390.928,1782626401.024,33.333,30.0,yolo11s,argoverse-hd-val,1782626401
rev30_1782625012,N4,4,GGGG,3,1,52.82,0.0,0.07825,0.11985,0.10234,0.08368,0.00652,0.13171,0.36628,2.697,"[{""stream_id"": 0, ""sid"": 2, ""device"": ""GPU"", ""sap"": 0.09636, ""sap_s"": 0.01403, ""sap_m"": 0.11676, ""sap_l"": 0.42417, ""skip"": 52.99, ""eff_mean_ms"": 36.007, ""infer_mean_ms"": 36.007}, {""stream_id"": 1, ""sid"": 22, ""device"": ""GPU"", ""sap"": 0.19646, ""sap_s"": 0.00114, ""sap_m"": 0.18951, ""sap_l"": 0.60241, ""skip"": 55.99, ""eff_mean_ms"": 36.711, ""infer_mean_ms"": 36.71}, {""stream_id"": 2, ""sid"": 3, ""device"": ""GPU"", ""sap"": 0.10833, ""sap_s"": 0.00213, ""sap_m"": 0.20416, ""sap_l"": 0.23302, ""skip"": 52.7, ""eff_mean_ms"": 35.626, ""infer_mean_ms"": 35.626}, {""stream_id"": 3, ""sid"": 21, ""device"": ""GPU"", ""sap"": 0.07825, ""sap_s"": 0.00879, ""sap_m"": 0.0164, ""sap_l"": 0.20553, ""skip"": 49.61, ""eff_mean_ms"": 35.776, ""infer_mean_ms"": 35.776}]",1782626401.024,1782626418.338,33.333,30.0,yolo11s,argoverse-hd-val,1782626418
rev30_1782625012,N4,4,GGNG,3,1,47.16,0.22,0.07787,0.12452,0.10877,0.08346,0.00823,0.10708,0.41801,0.786,"[{""stream_id"": 0, ""sid"": 2, ""device"": ""GPU"", ""sap"": 0.09651, ""sap_s"": 0.01442, ""sap_m"": 0.11672, ""sap_l"": 0.43078, ""skip"": 47.44, ""eff_mean_ms"": 34.51, ""infer_mean_ms"": 34.51}, {""stream_id"": 1, ""sid"": 22, ""device"": ""GPU"", ""sap"": 0.20268, ""sap_s"": 0.00133, ""sap_m"": 0.18935, ""sap_l"": 0.61658, ""skip"": 47.75, ""eff_mean_ms"": 34.03, ""infer_mean_ms"": 34.029}, {""stream_id"": 2, ""sid"": 3, ""device"": ""NPU"", ""sap"": 0.12103, ""sap_s"": 0.00049, ""sap_m"": 0.18081, ""sap_l"": 0.33871, ""skip"": 0.22, ""eff_mean_ms"": 15.426, ""infer_mean_ms"": 15.425}, {""stream_id"": 3, ""sid"": 21, ""device"": ""GPU"", ""sap"": 0.07787, ""sap_s"": 0.00895, ""sap_m"": 0.01516, ""sap_l"": 0.20666, ""skip"": 46.29, ""eff_mean_ms"": 33.819, ""infer_mean_ms"": 33.818}]",1782626418.339,1782626435.32,33.333,30.0,yolo11s,argoverse-hd-val,1782626435
rev30_1782625012,N4,4,GGNN,3,1,32.24,0.12,0.08337,0.12833,0.11205,0.08915,0.00821,0.16098,0.56673,-3.33,"[{""stream_id"": 0, ""sid"": 2, ""device"": ""GPU"", ""sap"": 0.10264, ""sap_s"": 0.01505, ""sap_m"": 0.13214, ""sap_l"": 0.50538, ""skip"": 30.89, ""eff_mean_ms"": 29.748, ""infer_mean_ms"": 29.747}, {""stream_id"": 1, ""sid"": 22, ""device"": ""GPU"", ""sap"": 0.20587, ""sap_s"": 0.00136, ""sap_m"": 0.18982, ""sap_l"": 0.62807, ""skip"": 33.59, ""eff_mean_ms"": 30.259, ""infer_mean_ms"": 30.259}, {""stream_id"": 2, ""sid"": 3, ""device"": ""NPU"", ""sap"": 0.12145, ""sap_s"": 0.00049, ""sap_m"": 0.18159, ""sap_l"": 0.33898, ""skip"": 0.0, ""eff_mean_ms"": 15.854, ""infer_mean_ms"": 15.853}, {""stream_id"": 3, ""sid"": 21, ""device"": ""NPU"", ""sap"": 0.08337, ""sap_s"": 0.0014, ""sap_m"": 0.02411, ""sap_l"": 0.21245, ""skip"": 0.23, ""eff_mean_ms"": 15.858, ""infer_mean_ms"": 15.858}]",1782626435.32,1782626450.508,33.333,30.0,yolo11s,argoverse-hd-val,1782626450
rev30_1782625012,N4,4,GNNN,3,1,30.12,0.37,0.0833,0.12474,0.1122,0.0893,0.01493,0.13408,0.50346,-4.904,"[{""stream_id"": 0, ""sid"": 2, ""device"": ""GPU"", ""sap"": 0.10329, ""sap_s"": 0.01493, ""sap_m"": 0.13408, ""sap_l"": 0.50346, ""skip"": 30.12, ""eff_mean_ms"": 28.429, ""infer_mean_ms"": 28.429}, {""stream_id"": 1, ""sid"": 22, ""device"": ""NPU"", ""sap"": 0.19124, ""sap_s"": 0.00102, ""sap_m"": 0.17331, ""sap_l"": 0.61395, ""skip"": 0.22, ""eff_mean_ms"": 19.011, ""infer_mean_ms"": 19.011}, {""stream_id"": 2, ""sid"": 3, ""device"": ""NPU"", ""sap"": 0.12112, ""sap_s"": 0.00049, ""sap_m"": 0.18141, ""sap_l"": 0.33876, ""skip"": 0.67, ""eff_mean_ms"": 17.098, ""infer_mean_ms"": 17.098}, {""stream_id"": 3, ""sid"": 21, ""device"": ""NPU"", ""sap"": 0.0833, ""sap_s"": 0.0014, ""sap_m"": 0.0241, ""sap_l"": 0.21269, ""skip"": 0.23, ""eff_mean_ms"": 16.718, ""infer_mean_ms"": 16.717}]",1782626450.508,1782626464.988,33.333,30.0,yolo11s,argoverse-hd-val,1782626464
rev30_1782625012,N4,4,NNNN,3,1,0.0,0.68,0.08367,0.12601,0.1146,0.09121,0.00356,0.13036,0.43028,-15.034,"[{""stream_id"": 0, ""sid"": 2, ""device"": ""NPU"", ""sap"": 0.10882, ""sap_s"": 0.01136, ""sap_m"": 0.14194, ""sap_l"": 0.55779, ""skip"": 1.14, ""eff_mean_ms"": 19.532, ""infer_mean_ms"": 19.532}, {""stream_id"": 1, ""sid"": 22, ""device"": ""NPU"", ""sap"": 0.19115, ""sap_s"": 0.001, ""sap_m"": 0.17337, ""sap_l"": 0.6136, ""skip"": 0.22, ""eff_mean_ms"": 18.263, ""infer_mean_ms"": 18.262}, {""stream_id"": 2, ""sid"": 3, ""device"": ""NPU"", ""sap"": 0.12039, ""sap_s"": 0.00049, ""sap_m"": 0.18157, ""sap_l"": 0.33714, ""skip"": 0.9, ""eff_mean_ms"": 17.809, ""infer_mean_ms"": 17.809}, {""stream_id"": 3, ""sid"": 21, ""device"": ""NPU"", ""sap"": 0.08367, ""sap_s"": 0.0014, ""sap_m"": 0.02455, ""sap_l"": 0.21258, ""skip"": 0.46, ""eff_mean_ms"": 17.592, ""infer_mean_ms"": 17.592}]",1782626464.988,1782626475.898,33.333,30.0,yolo11s,argoverse-hd-val,1782626475
rev30_1782625012,N4,4,GGGG,3,2,51.77,0.0,0.08377,0.11974,0.09882,0.08765,0.00665,0.13334,0.37646,2.451,"[{""stream_id"": 0, ""sid"": 2, ""device"": ""GPU"", ""sap"": 0.09672, ""sap_s"": 0.01335, ""sap_m"": 0.11467, ""sap_l"": 0.44424, ""skip"": 51.99, ""eff_mean_ms"": 36.254, ""infer_mean_ms"": 36.254}, {""stream_id"": 1, ""sid"": 22, ""device"": ""GPU"", ""sap"": 0.19755, ""sap_s"": 0.00141, ""sap_m"": 0.19082, ""sap_l"": 0.60541, ""skip"": 54.57, ""eff_mean_ms"": 36.329, ""infer_mean_ms"": 36.329}, {""stream_id"": 2, ""sid"": 3, ""device"": ""GPU"", ""sap"": 0.10091, ""sap_s"": 0.0028, ""sap_m"": 0.21, ""sap_l"": 0.24125, ""skip"": 51.68, ""eff_mean_ms"": 36.036, ""infer_mean_ms"": 36.036}, {""stream_id"": 3, ""sid"": 21, ""device"": ""GPU"", ""sap"": 0.08377, ""sap_s"": 0.00905, ""sap_m"": 0.01788, ""sap_l"": 0.21495, ""skip"": 48.85, ""eff_mean_ms"": 34.518, ""infer_mean_ms"": 34.518}]",1782626475.898,1782626493.125,33.333,30.0,yolo11s,argoverse-hd-val,1782626493
rev30_1782625012,N4,4,GGNG,3,2,47.3,0.0,0.0813,0.125,0.10912,0.08595,0.0084,0.10759,0.42397,0.556,"[{""stream_id"": 0, ""sid"": 2, ""device"": ""GPU"", ""sap"": 0.0968, ""sap_s"": 0.01443, ""sap_m"": 0.1166, ""sap_l"": 0.44665, ""skip"": 47.59, ""eff_mean_ms"": 33.605, ""infer_mean_ms"": 33.604}, {""stream_id"": 1, ""sid"": 22, ""device"": ""GPU"", ""sap"": 0.20044, ""sap_s"": 0.00131, ""sap_m"": 0.18994, ""sap_l"": 0.61096, ""skip"": 51.56, ""eff_mean_ms"": 35.007, ""infer_mean_ms"": 35.007}, {""stream_id"": 2, ""sid"": 3, ""device"": ""NPU"", ""sap"": 0.12145, ""sap_s"": 0.00049, ""sap_m"": 0.18159, ""sap_l"": 0.33898, ""skip"": 0.0, ""eff_mean_ms"": 16.69, ""infer_mean_ms"": 16.69}, {""stream_id"": 3, ""sid"": 21, ""device"": ""GPU"", ""sap"": 0.0813, ""sap_s"": 0.00946, ""sap_m"": 0.01623, ""sap_l"": 0.21429, ""skip"": 42.75, ""eff_mean_ms"": 33.055, ""infer_mean_ms"": 33.055}]",1782626493.125,1782626509.98,33.333,30.0,yolo11s,argoverse-hd-val,1782626509
rev30_1782625012,N4,4,GGNN,3,2,30.98,0.11,0.0836,0.12802,0.11134,0.08888,0.00848,0.15941,0.55403,-3.522,"[{""stream_id"": 0, ""sid"": 2, ""device"": ""GPU"", ""sap"": 0.10119, ""sap_s"": 0.01554, ""sap_m"": 0.12911, ""sap_l"": 0.47877, ""skip"": 31.55, ""eff_mean_ms"": 29.888, ""infer_mean_ms"": 29.887}, {""stream_id"": 1, ""sid"": 22, ""device"": ""GPU"", ""sap"": 0.2058, ""sap_s"": 0.00143, ""sap_m"": 0.18971, ""sap_l"": 0.62929, ""skip"": 30.42, ""eff_mean_ms"": 29.735, ""infer_mean_ms"": 29.735}, {""stream_id"": 2, ""sid"": 3, ""device"": ""NPU"", ""sap"": 0.12149, ""sap_s"": 0.00049, ""sap_m"": 0.18159, ""sap_l"": 0.33896, ""skip"": 0.22, ""eff_mean_ms"": 15.824, ""infer_mean_ms"": 15.824}, {""stream_id"": 3, ""sid"": 21, ""device"": ""NPU"", ""sap"": 0.0836, ""sap_s"": 0.0014, ""sap_m"": 0.02445, ""sap_l"": 0.21271, ""skip"": 0.0, ""eff_mean_ms"": 15.586, ""infer_mean_ms"": 15.586}]",1782626509.98,1782626525.005,33.333,30.0,yolo11s,argoverse-hd-val,1782626525
rev30_1782625012,N4,4,GNNN,3,2,32.92,0.15,0.08353,0.12448,0.11158,0.08898,0.01541,0.1321,0.48413,-4.161,"[{""stream_id"": 0, ""sid"": 2, ""device"": ""GPU"", ""sap"": 0.1017, ""sap_s"": 0.01541, ""sap_m"": 0.1321, ""sap_l"": 0.48413, ""skip"": 32.92, ""eff_mean_ms"": 29.172, ""infer_mean_ms"": 29.172}, {""stream_id"": 1, ""sid"": 22, ""device"": ""NPU"", ""sap"": 0.19124, ""sap_s"": 0.00101, ""sap_m"": 0.17333, ""sap_l"": 0.61395, ""skip"": 0.0, ""eff_mean_ms"": 16.801, ""infer_mean_ms"": 16.8}, {""stream_id"": 2, ""sid"": 3, ""device"": ""NPU"", ""sap"": 0.12145, ""sap_s"": 0.00049, ""sap_m"": 0.18159, ""sap_l"": 0.33898, ""skip"": 0.0, ""eff_mean_ms"": 16.643, ""infer_mean_ms"": 16.643}, {""stream_id"": 3, ""sid"": 21, ""device"": ""NPU"", ""sap"": 0.08353, ""sap_s"": 0.0014, ""sap_m"": 0.02445, ""sap_l"": 0.21258, ""skip"": 0.46, ""eff_mean_ms"": 18.407, ""infer_mean_ms"": 18.407}]",1782626525.006,1782626539.671,33.333,30.0,yolo11s,argoverse-hd-val,1782626539
rev30_1782625012,N4,4,NNNN,3,2,0.0,0.45,0.08348,0.12622,0.11512,0.09113,0.00359,0.13114,0.43278,-15.833,"[{""stream_id"": 0, ""sid"": 2, ""device"": ""NPU"", ""sap"": 0.10898, ""sap_s"": 0.01147, ""sap_m"": 0.14246, ""sap_l"": 0.56584, ""skip"": 0.68, ""eff_mean_ms"": 17.924, ""infer_mean_ms"": 17.924}, {""stream_id"": 1, ""sid"": 22, ""device"": ""NPU"", ""sap"": 0.19117, ""sap_s"": 0.001, ""sap_m"": 0.17335, ""sap_l"": 0.61384, ""skip"": 0.67, ""eff_mean_ms"": 17.642, ""infer_mean_ms"": 17.642}, {""stream_id"": 2, ""sid"": 3, ""device"": ""NPU"", ""sap"": 0.12126, ""sap_s"": 0.00049, ""sap_m"": 0.18431, ""sap_l"": 0.33868, ""skip"": 0.22, ""eff_mean_ms"": 17.157, ""infer_mean_ms"": 17.157}, {""stream_id"": 3, ""sid"": 21, ""device"": ""NPU"", ""sap"": 0.08348, ""sap_s"": 0.0014, ""sap_m"": 0.02445, ""sap_l"": 0.21278, ""skip"": 0.23, ""eff_mean_ms"": 17.278, ""infer_mean_ms"": 17.278}]",1782626539.672,1782626549.849,33.333,30.0,yolo11s,argoverse-hd-val,1782626549
rev30_1782625012,N4,4,GGGG,3,3,53.68,0.0,0.08024,0.12086,0.10086,0.08476,0.00654,0.13009,0.36434,2.653,"[{""stream_id"": 0, ""sid"": 2, ""device"": ""GPU"", ""sap"": 0.09529, ""sap_s"": 0.01365, ""sap_m"": 0.1134, ""sap_l"": 0.42845, ""skip"": 54.43, ""eff_mean_ms"": 36.425, ""infer_mean_ms"": 36.425}, {""stream_id"": 1, ""sid"": 22, ""device"": ""GPU"", ""sap"": 0.20149, ""sap_s"": 0.00153, ""sap_m"": 0.19133, ""sap_l"": 0.61546, ""skip"": 51.76, ""eff_mean_ms"": 34.588, ""infer_mean_ms"": 34.588}, {""stream_id"": 2, ""sid"": 3, ""device"": ""GPU"", ""sap"": 0.10643, ""sap_s"": 0.00186, ""sap_m"": 0.19859, ""sap_l"": 0.20462, ""skip"": 58.02, ""eff_mean_ms"": 37.468, ""infer_mean_ms"": 37.468}, {""stream_id"": 3, ""sid"": 21, ""device"": ""GPU"", ""sap"": 0.08024, ""sap_s"": 0.00912, ""sap_m"": 0.01706, ""sap_l"": 0.20883, ""skip"": 50.52, ""eff_mean_ms"": 35.464, ""infer_mean_ms"": 35.464}]",1782626549.849,1782626567.197,33.333,30.0,yolo11s,argoverse-hd-val,1782626567
rev30_1782625012,N4,4,GGNG,3,3,46.12,0.0,0.07922,0.12528,0.11031,0.0852,0.00849,0.10906,0.42703,0.987,"[{""stream_id"": 0, ""sid"": 2, ""device"": ""GPU"", ""sap"": 0.09916, ""sap_s"": 0.01461, ""sap_m"": 0.12221, ""sap_l"": 0.45758, ""skip"": 39.79, ""eff_mean_ms"": 32.683, ""infer_mean_ms"": 32.683}, {""stream_id"": 1, ""sid"": 22, ""device"": ""GPU"", ""sap"": 0.20128, ""sap_s"": 0.00143, ""sap_m"": 0.18937, ""sap_l"": 0.6143, ""skip"": 47.26, ""eff_mean_ms"": 35.229, ""infer_mean_ms"": 35.229}, {""stream_id"": 2, ""sid"": 3, ""device"": ""NPU"", ""sap"": 0.12145, ""sap_s"": 0.00049, ""sap_m"": 0.18159, ""sap_l"": 0.33898, ""skip"": 0.0, ""eff_mean_ms"": 15.775, ""infer_mean_ms"": 15.775}, {""stream_id"": 3, ""sid"": 21, ""device"": ""GPU"", ""sap"": 0.07922, ""sap_s"": 0.00944, ""sap_m"": 0.01559, ""sap_l"": 0.20922, ""skip"": 51.31, ""eff_mean_ms"": 35.05, ""infer_mean_ms"": 35.05}]",1782626567.198,1782626584.142,33.333,30.0,yolo11s,argoverse-hd-val,1782626584
rev30_1782625012,N4,4,GGNN,3,3,31.61,0.11,0.0836,0.12808,0.11114,0.08879,0.0082,0.16039,0.55128,-3.117,"[{""stream_id"": 0, ""sid"": 2, ""device"": ""GPU"", ""sap"": 0.1009, ""sap_s"": 0.01495, ""sap_m"": 0.13057, ""sap_l"": 0.47342, ""skip"": 31.79, ""eff_mean_ms"": 30.849, ""infer_mean_ms"": 30.848}, {""stream_id"": 1, ""sid"": 22, ""device"": ""GPU"", ""sap"": 0.20644, ""sap_s"": 0.00145, ""sap_m"": 0.19021, ""sap_l"": 0.62914, ""skip"": 31.42, ""eff_mean_ms"": 29.583, ""infer_mean_ms"": 29.583}, {""stream_id"": 2, ""sid"": 3, ""device"": ""NPU"", ""sap"": 0.12139, ""sap_s"": 0.00049, ""sap_m"": 0.18141, ""sap_l"": 0.33888, ""skip"": 0.22, ""eff_mean_ms"": 15.943, ""infer_mean_ms"": 15.942}, {""stream_id"": 3, ""sid"": 21, ""device"": ""NPU"", ""sap"": 0.0836, ""sap_s"": 0.0014, ""sap_m"": 0.02445, ""sap_l"": 0.21271, ""skip"": 0.0, ""eff_mean_ms"": 15.687, ""infer_mean_ms"": 15.687}]",1782626584.142,1782626599.425,33.333,30.0,yolo11s,argoverse-hd-val,1782626599
rev30_1782625012,N4,4,GNNN,3,3,28.32,0.15,0.0836,0.12477,0.11213,0.08937,0.01545,0.13321,0.50002,-3.991,"[{""stream_id"": 0, ""sid"": 2, ""device"": ""GPU"", ""sap"": 0.10282, ""sap_s"": 0.01545, ""sap_m"": 0.13321, ""sap_l"": 0.50002, ""skip"": 28.32, ""eff_mean_ms"": 29.342, ""infer_mean_ms"": 29.341}, {""stream_id"": 1, ""sid"": 22, ""device"": ""NPU"", ""sap"": 0.19121, ""sap_s"": 0.001, ""sap_m"": 0.17333, ""sap_l"": 0.61382, ""skip"": 0.45, ""eff_mean_ms"": 16.714, ""infer_mean_ms"": 16.714}, {""stream_id"": 2, ""sid"": 3, ""device"": ""NPU"", ""sap"": 0.12145, ""sap_s"": 0.00049, ""sap_m"": 0.18159, ""sap_l"": 0.33898, ""skip"": 0.0, ""eff_mean_ms"": 16.416, ""infer_mean_ms"": 16.416}, {""stream_id"": 3, ""sid"": 21, ""device"": ""NPU"", ""sap"": 0.0836, ""sap_s"": 0.0014, ""sap_m"": 0.02445, ""sap_l"": 0.21271, ""skip"": 0.0, ""eff_mean_ms"": 16.19, ""infer_mean_ms"": 16.189}]",1782626599.425,1782626614.084,33.333,30.0,yolo11s,argoverse-hd-val,1782626614
rev30_1782625012,N4,4,NNNN,3,3,0.0,0.4,0.08313,0.12613,0.11508,0.09085,0.00356,0.13045,0.4327,-16.089,"[{""stream_id"": 0, ""sid"": 2, ""device"": ""NPU"", ""sap"": 0.10885, ""sap_s"": 0.01135, ""sap_m"": 0.1424, ""sap_l"": 0.56586, ""skip"": 0.46, ""eff_mean_ms"": 17.569, ""infer_mean_ms"": 17.569}, {""stream_id"": 1, ""sid"": 22, ""device"": ""NPU"", ""sap"": 0.19124, ""sap_s"": 0.001, ""sap_m"": 0.17334, ""sap_l"": 0.61395, ""skip"": 0.22, ""eff_mean_ms"": 17.412, ""infer_mean_ms"": 17.412}, {""stream_id"": 2, ""sid"": 3, ""device"": ""NPU"", ""sap"": 0.1213, ""sap_s"": 0.00049, ""sap_m"": 0.18159, ""sap_l"": 0.33876, ""skip"": 0.22, ""eff_mean_ms"": 17.079, ""infer_mean_ms"": 17.079}, {""stream_id"": 3, ""sid"": 21, ""device"": ""NPU"", ""sap"": 0.08313, ""sap_s"": 0.0014, ""sap_m"": 0.02445, ""sap_l"": 0.21223, ""skip"": 0.68, ""eff_mean_ms"": 16.916, ""infer_mean_ms"": 16.916}]",1782626614.084,1782626624.143,33.333,30.0,yolo11s,argoverse-hd-val,1782626624
rev30_1782625012,N4,4,GGGG,3,4,51.42,0.0,0.08029,0.12171,0.10411,0.08525,0.00647,0.13546,0.36887,2.641,"[{""stream_id"": 0, ""sid"": 2, ""device"": ""GPU"", ""sap"": 0.09681, ""sap_s"": 0.01393, ""sap_m"": 0.11759, ""sap_l"": 0.43573, ""skip"": 54.67, ""eff_mean_ms"": 36.609, ""infer_mean_ms"": 36.609}, {""stream_id"": 1, ""sid"": 22, ""device"": ""GPU"", ""sap"": 0.19832, ""sap_s"": 0.00139, ""sap_m"": 0.18928, ""sap_l"": 0.60944, ""skip"": 51.16, ""eff_mean_ms"": 35.982, ""infer_mean_ms"": 35.981}, {""stream_id"": 2, ""sid"": 3, ""device"": ""GPU"", ""sap"": 0.1114, ""sap_s"": 0.00222, ""sap_m"": 0.2164, ""sap_l"": 0.2214, ""skip"": 52.07, ""eff_mean_ms"": 35.893, ""infer_mean_ms"": 35.893}, {""stream_id"": 3, ""sid"": 21, ""device"": ""GPU"", ""sap"": 0.08029, ""sap_s"": 0.00834, ""sap_m"": 0.01857, ""sap_l"": 0.2089, ""skip"": 47.8, ""eff_mean_ms"": 35.414, ""infer_mean_ms"": 35.414}]",1782626624.144,1782626641.312,33.333,30.0,yolo11s,argoverse-hd-val,1782626641
rev30_1782625012,N4,4,GGNG,3,4,47.2,0.0,0.07776,0.12348,0.10875,0.08324,0.00828,0.10716,0.41508,1.508,"[{""stream_id"": 0, ""sid"": 2, ""device"": ""GPU"", ""sap"": 0.09604, ""sap_s"": 0.01438, ""sap_m"": 0.1171, ""sap_l"": 0.42797, ""skip"": 44.33, ""eff_mean_ms"": 34.683, ""infer_mean_ms"": 34.683}, {""stream_id"": 1, ""sid"": 22, ""device"": ""GPU"", ""sap"": 0.19868, ""sap_s"": 0.00136, ""sap_m"": 0.18934, ""sap_l"": 0.60903, ""skip"": 49.48, ""eff_mean_ms"": 35.69, ""infer_mean_ms"": 35.689}, {""stream_id"": 2, ""sid"": 3, ""device"": ""NPU"", ""sap"": 0.12145, ""sap_s"": 0.00049, ""sap_m"": 0.18159, ""sap_l"": 0.33898, ""skip"": 0.0, ""eff_mean_ms"": 15.678, ""infer_mean_ms"": 15.678}, {""stream_id"": 3, ""sid"": 21, ""device"": ""GPU"", ""sap"": 0.07776, ""sap_s"": 0.00909, ""sap_m"": 0.01504, ""sap_l"": 0.20823, ""skip"": 47.79, ""eff_mean_ms"": 34.151, ""infer_mean_ms"": 34.151}]",1782626641.313,1782626658.271,33.333,30.0,yolo11s,argoverse-hd-val,1782626658
rev30_1782625012,N4,4,GGNN,3,4,30.71,0.0,0.0836,0.12835,0.1112,0.0888,0.00825,0.15904,0.56292,-3.422,"[{""stream_id"": 0, ""sid"": 2, ""device"": ""GPU"", ""sap"": 0.10094, ""sap_s"": 0.01509, ""sap_m"": 0.12862, ""sap_l"": 0.49248, ""skip"": 33.5, ""eff_mean_ms"": 30.095, ""infer_mean_ms"": 30.095}, {""stream_id"": 1, ""sid"": 22, ""device"": ""GPU"", ""sap"": 0.20742, ""sap_s"": 0.00141, ""sap_m"": 0.18947, ""sap_l"": 0.63336, ""skip"": 27.92, ""eff_mean_ms"": 29.727, ""infer_mean_ms"": 29.726}, {""stream_id"": 2, ""sid"": 3, ""device"": ""NPU"", ""sap"": 0.12145, ""sap_s"": 0.00049, ""sap_m"": 0.18159, ""sap_l"": 0.33898, ""skip"": 0.0, ""eff_mean_ms"": 15.914, ""infer_mean_ms"": 15.913}, {""stream_id"": 3, ""sid"": 21, ""device"": ""NPU"", ""sap"": 0.0836, ""sap_s"": 0.0014, ""sap_m"": 0.02445, ""sap_l"": 0.21271, ""skip"": 0.0, ""eff_mean_ms"": 15.656, ""infer_mean_ms"": 15.655}]",1782626658.272,1782626673.344,33.333,30.0,yolo11s,argoverse-hd-val,1782626673
rev30_1782625012,N4,4,GNNN,3,4,26.03,0.38,0.08341,0.12501,0.11266,0.08954,0.01567,0.13541,0.50563,-5.584,"[{""stream_id"": 0, ""sid"": 2, ""device"": ""GPU"", ""sap"": 0.10386, ""sap_s"": 0.01567, ""sap_m"": 0.13541, ""sap_l"": 0.50563, ""skip"": 26.03, ""eff_mean_ms"": 27.749, ""infer_mean_ms"": 27.749}, {""stream_id"": 1, ""sid"": 22, ""device"": ""NPU"", ""sap"": 0.19132, ""sap_s"": 0.00101, ""sap_m"": 0.17333, ""sap_l"": 0.61448, ""skip"": 0.22, ""eff_mean_ms"": 16.761, ""infer_mean_ms"": 16.761}, {""stream_id"": 2, ""sid"": 3, ""device"": ""NPU"", ""sap"": 0.12145, ""sap_s"": 0.00049, ""sap_m"": 0.18159, ""sap_l"": 0.33898, ""skip"": 0.0, ""eff_mean_ms"": 16.448, ""infer_mean_ms"": 16.448}, {""stream_id"": 3, ""sid"": 21, ""device"": ""NPU"", ""sap"": 0.08341, ""sap_s"": 0.0014, ""sap_m"": 0.02446, ""sap_l"": 0.21212, ""skip"": 0.91, ""eff_mean_ms"": 16.377, ""infer_mean_ms"": 16.377}]",1782626673.344,1782626687.617,33.333,30.0,yolo11s,argoverse-hd-val,1782626687
rev30_1782625012,N4,4,NNNN,3,4,0.0,0.45,0.08327,0.12609,0.11485,0.09095,0.00356,0.1298,0.43276,-15.045,"[{""stream_id"": 0, ""sid"": 2, ""device"": ""NPU"", ""sap"": 0.10888, ""sap_s"": 0.01134, ""sap_m"": 0.14152, ""sap_l"": 0.56558, ""skip"": 0.68, ""eff_mean_ms"": 19.162, ""infer_mean_ms"": 19.162}, {""stream_id"": 1, ""sid"": 22, ""device"": ""NPU"", ""sap"": 0.19141, ""sap_s"": 0.001, ""sap_m"": 0.17335, ""sap_l"": 0.61401, ""skip"": 0.45, ""eff_mean_ms"": 18.8, ""infer_mean_ms"": 18.8}, {""stream_id"": 2, ""sid"": 3, ""device"": ""NPU"", ""sap"": 0.12081, ""sap_s"": 0.00049, ""sap_m"": 0.18058, ""sap_l"": 0.33892, ""skip"": 0.45, ""eff_mean_ms"": 17.606, ""infer_mean_ms"": 17.606}, {""stream_id"": 3, ""sid"": 21, ""device"": ""NPU"", ""sap"": 0.08327, ""sap_s"": 0.0014, ""sap_m"": 0.02374, ""sap_l"": 0.21254, ""skip"": 0.23, ""eff_mean_ms"": 17.586, ""infer_mean_ms"": 17.586}]",1782626687.618,1782626698.359,33.333,30.0,yolo11s,argoverse-hd-val,1782626698
rev30_1782625012,N4,4,GGGG,3,5,51.23,0.0,0.08476,0.12274,0.10345,0.08865,0.00667,0.13273,0.36782,2.557,"[{""stream_id"": 0, ""sid"": 2, ""device"": ""GPU"", ""sap"": 0.09773, ""sap_s"": 0.01411, ""sap_m"": 0.11581, ""sap_l"": 0.44269, ""skip"": 50.51, ""eff_mean_ms"": 35.157, ""infer_mean_ms"": 35.157}, {""stream_id"": 1, ""sid"": 22, ""device"": ""GPU"", ""sap"": 0.19931, ""sap_s"": 0.0014, ""sap_m"": 0.1903, ""sap_l"": 0.60705, ""skip"": 54.28, ""eff_mean_ms"": 37.226, ""infer_mean_ms"": 37.226}, {""stream_id"": 2, ""sid"": 3, ""device"": ""GPU"", ""sap"": 0.10918, ""sap_s"": 0.00259, ""sap_m"": 0.20432, ""sap_l"": 0.20684, ""skip"": 52.97, ""eff_mean_ms"": 35.966, ""infer_mean_ms"": 35.966}, {""stream_id"": 3, ""sid"": 21, ""device"": ""GPU"", ""sap"": 0.08476, ""sap_s"": 0.0086, ""sap_m"": 0.02051, ""sap_l"": 0.2147, ""skip"": 47.18, ""eff_mean_ms"": 35.214, ""infer_mean_ms"": 35.214}]",1782626698.36,1782626715.583,33.333,30.0,yolo11s,argoverse-hd-val,1782626715
rev30_1782625012,N4,4,GGNG,3,5,47.47,0.0,0.07878,0.12443,0.10919,0.08423,0.00824,0.10741,0.42583,0.723,"[{""stream_id"": 0, ""sid"": 2, ""device"": ""GPU"", ""sap"": 0.09693, ""sap_s"": 0.01411, ""sap_m"": 0.11811, ""sap_l"": 0.45472, ""skip"": 49.22, ""eff_mean_ms"": 34.642, ""infer_mean_ms"": 34.642}, {""stream_id"": 1, ""sid"": 22, ""device"": ""GPU"", ""sap"": 0.20055, ""sap_s"": 0.00124, ""sap_m"": 0.1894, ""sap_l"": 0.61203, ""skip"": 48.21, ""eff_mean_ms"": 34.291, ""infer_mean_ms"": 34.29}, {""stream_id"": 2, ""sid"": 3, ""device"": ""NPU"", ""sap"": 0.12145, ""sap_s"": 0.00049, ""sap_m"": 0.18159, ""sap_l"": 0.33898, ""skip"": 0.0, ""eff_mean_ms"": 16.164, ""infer_mean_ms"": 16.163}, {""stream_id"": 3, ""sid"": 21, ""device"": ""GPU"", ""sap"": 0.07878, ""sap_s"": 0.00937, ""sap_m"": 0.01473, ""sap_l"": 0.21075, ""skip"": 44.99, ""eff_mean_ms"": 33.236, ""infer_mean_ms"": 33.236}]",1782626715.584,1782626732.218,33.333,30.0,yolo11s,argoverse-hd-val,1782626732
rev30_1782625012,N4,4,GGNN,3,5,33.92,0.23,0.0836,0.12841,0.11128,0.08893,0.00837,0.16018,0.56037,-3.253,"[{""stream_id"": 0, ""sid"": 2, ""device"": ""GPU"", ""sap"": 0.10138, ""sap_s"": 0.01533, ""sap_m"": 0.12995, ""sap_l"": 0.48947, ""skip"": 33.5, ""eff_mean_ms"": 29.869, ""infer_mean_ms"": 29.869}, {""stream_id"": 1, ""sid"": 22, ""device"": ""GPU"", ""sap"": 0.20749, ""sap_s"": 0.00141, ""sap_m"": 0.1904, ""sap_l"": 0.63126, ""skip"": 34.34, ""eff_mean_ms"": 30.292, ""infer_mean_ms"": 30.292}, {""stream_id"": 2, ""sid"": 3, ""device"": ""NPU"", ""sap"": 0.12118, ""sap_s"": 0.00045, ""sap_m"": 0.18153, ""sap_l"": 0.33847, ""skip"": 0.22, ""eff_mean_ms"": 16.138, ""infer_mean_ms"": 16.138}, {""stream_id"": 3, ""sid"": 21, ""device"": ""NPU"", ""sap"": 0.0836, ""sap_s"": 0.0014, ""sap_m"": 0.02447, ""sap_l"": 0.2127, ""skip"": 0.23, ""eff_mean_ms"": 16.559, ""infer_mean_ms"": 16.559}]",1782626732.219,1782626747.389,33.333,30.0,yolo11s,argoverse-hd-val,1782626747
rev30_1782625012,N4,4,GNNN,3,5,28.47,0.45,0.08326,0.12461,0.11213,0.08963,0.01559,0.13589,0.50396,-5.483,"[{""stream_id"": 0, ""sid"": 2, ""device"": ""GPU"", ""sap"": 0.10448, ""sap_s"": 0.01559, ""sap_m"": 0.13589, ""sap_l"": 0.50396, ""skip"": 28.47, ""eff_mean_ms"": 27.85, ""infer_mean_ms"": 27.85}, {""stream_id"": 1, ""sid"": 22, ""device"": ""NPU"", ""sap"": 0.19092, ""sap_s"": 0.00103, ""sap_m"": 0.17334, ""sap_l"": 0.61335, ""skip"": 0.45, ""eff_mean_ms"": 16.788, ""infer_mean_ms"": 16.787}, {""stream_id"": 2, ""sid"": 3, ""device"": ""NPU"", ""sap"": 0.11979, ""sap_s"": 0.00049, ""sap_m"": 0.17827, ""sap_l"": 0.3386, ""skip"": 0.67, ""eff_mean_ms"": 16.463, ""infer_mean_ms"": 16.463}, {""stream_id"": 3, ""sid"": 21, ""device"": ""NPU"", ""sap"": 0.08326, ""sap_s"": 0.0014, ""sap_m"": 0.02445, ""sap_l"": 0.21235, ""skip"": 0.23, ""eff_mean_ms"": 16.421, ""infer_mean_ms"": 16.421}]",1782626747.389,1782626761.715,33.333,30.0,yolo11s,argoverse-hd-val,1782626761
rev30_1782625012,N4,4,NNNN,3,5,0.0,0.45,0.08324,0.12604,0.11484,0.09092,0.00357,0.13011,0.43248,-15.962,"[{""stream_id"": 0, ""sid"": 2, ""device"": ""NPU"", ""sap"": 0.10885, ""sap_s"": 0.01134, ""sap_m"": 0.14233, ""sap_l"": 0.56575, ""skip"": 0.46, ""eff_mean_ms"": 17.541, ""infer_mean_ms"": 17.541}, {""stream_id"": 1, ""sid"": 22, ""device"": ""NPU"", ""sap"": 0.19124, ""sap_s"": 0.00102, ""sap_m"": 0.17333, ""sap_l"": 0.61395, ""skip"": 0.22, ""eff_mean_ms"": 17.454, ""infer_mean_ms"": 17.454}, {""stream_id"": 2, ""sid"": 3, ""device"": ""NPU"", ""sap"": 0.12083, ""sap_s"": 0.00053, ""sap_m"": 0.1803, ""sap_l"": 0.33806, ""skip"": 0.45, ""eff_mean_ms"": 17.288, ""infer_mean_ms"": 17.288}, {""stream_id"": 3, ""sid"": 21, ""device"": ""NPU"", ""sap"": 0.08324, ""sap_s"": 0.0014, ""sap_m"": 0.02446, ""sap_l"": 0.21216, ""skip"": 0.68, ""eff_mean_ms"": 17.202, ""infer_mean_ms"": 17.202}]",1782626761.715,1782626771.773,33.333,30.0,yolo11s,argoverse-hd-val,1782626771
rev30_1782625012,N4,4,GGGG,3,6,50.34,0.0,0.08269,0.12095,0.10125,0.08674,0.00648,0.13169,0.37982,2.21,"[{""stream_id"": 0, ""sid"": 2, ""device"": ""GPU"", ""sap"": 0.09619, ""sap_s"": 0.01362, ""sap_m"": 0.11202, ""sap_l"": 0.44446, ""skip"": 48.67, ""eff_mean_ms"": 36.159, ""infer_mean_ms"": 36.159}, {""stream_id"": 1, ""sid"": 22, ""device"": ""GPU"", ""sap"": 0.19862, ""sap_s"": 0.00173, ""sap_m"": 0.19195, ""sap_l"": 0.60486, ""skip"": 49.23, ""eff_mean_ms"": 34.667, ""infer_mean_ms"": 34.667}, {""stream_id"": 2, ""sid"": 3, ""device"": ""GPU"", ""sap"": 0.1063, ""sap_s"": 0.00204, ""sap_m"": 0.20283, ""sap_l"": 0.25809, ""skip"": 54.1, ""eff_mean_ms"": 35.945, ""infer_mean_ms"": 35.944}, {""stream_id"": 3, ""sid"": 21, ""device"": ""GPU"", ""sap"": 0.08269, ""sap_s"": 0.00854, ""sap_m"": 0.01995, ""sap_l"": 0.21188, ""skip"": 49.36, ""eff_mean_ms"": 35.403, ""infer_mean_ms"": 35.403}]",1782626771.773,1782626789.019,33.333,30.0,yolo11s,argoverse-hd-val,1782626789
rev30_1782625012,N4,4,GGNG,3,6,44.11,0.0,0.08087,0.12519,0.10912,0.08564,0.00843,0.10865,0.42557,0.344,"[{""stream_id"": 0, ""sid"": 2, ""device"": ""GPU"", ""sap"": 0.09678, ""sap_s"": 0.01431, ""sap_m"": 0.11904, ""sap_l"": 0.44846, ""skip"": 43.38, ""eff_mean_ms"": 33.724, ""infer_mean_ms"": 33.724}, {""stream_id"": 1, ""sid"": 22, ""device"": ""GPU"", ""sap"": 0.20165, ""sap_s"": 0.00155, ""sap_m"": 0.19048, ""sap_l"": 0.61302, ""skip"": 48.7, ""eff_mean_ms"": 35.069, ""infer_mean_ms"": 35.068}, {""stream_id"": 2, ""sid"": 3, ""device"": ""NPU"", ""sap"": 0.12145, ""sap_s"": 0.00049, ""sap_m"": 0.18159, ""sap_l"": 0.33898, ""skip"": 0.0, ""eff_mean_ms"": 16.092, ""infer_mean_ms"": 16.092}, {""stream_id"": 3, ""sid"": 21, ""device"": ""GPU"", ""sap"": 0.08087, ""sap_s"": 0.00944, ""sap_m"": 0.01643, ""sap_l"": 0.21522, ""skip"": 40.25, ""eff_mean_ms"": 32.238, ""infer_mean_ms"": 32.237}]",1782626789.02,1782626805.837,33.333,30.0,yolo11s,argoverse-hd-val,1782626805
rev30_1782625012,N4,4,GGNN,3,6,34.45,0.0,0.0836,0.12785,0.1108,0.08856,0.00822,0.1592,0.5597,-2.634,"[{""stream_id"": 0, ""sid"": 2, ""device"": ""GPU"", ""sap"": 0.10015, ""sap_s"": 0.0148, ""sap_m"": 0.12796, ""sap_l"": 0.48982, ""skip"": 34.9, ""eff_mean_ms"": 31.442, ""infer_mean_ms"": 31.442}, {""stream_id"": 1, ""sid"": 22, ""device"": ""GPU"", ""sap"": 0.2062, ""sap_s"": 0.00163, ""sap_m"": 0.19045, ""sap_l"": 0.62958, ""skip"": 34.01, ""eff_mean_ms"": 29.956, ""infer_mean_ms"": 29.955}, {""stream_id"": 2, ""sid"": 3, ""device"": ""NPU"", ""sap"": 0.12145, ""sap_s"": 0.00049, ""sap_m"": 0.18159, ""sap_l"": 0.33898, ""skip"": 0.0, ""eff_mean_ms"": 15.768, ""infer_mean_ms"": 15.768}, {""stream_id"": 3, ""sid"": 21, ""device"": ""NPU"", ""sap"": 0.0836, ""sap_s"": 0.0014, ""sap_m"": 0.02445, ""sap_l"": 0.21271, ""skip"": 0.0, ""eff_mean_ms"": 15.649, ""infer_mean_ms"": 15.648}]",1782626805.837,1782626821.152,33.333,30.0,yolo11s,argoverse-hd-val,1782626821
rev30_1782625012,N4,4,GNNN,3,6,29.56,0.23,0.08359,0.12479,0.11215,0.08937,0.01545,0.13311,0.5053,-4.755,"[{""stream_id"": 0, ""sid"": 2, ""device"": ""GPU"", ""sap"": 0.10285, ""sap_s"": 0.01545, ""sap_m"": 0.13311, ""sap_l"": 0.5053, ""skip"": 29.56, ""eff_mean_ms"": 28.578, ""infer_mean_ms"": 28.577}, {""stream_id"": 1, ""sid"": 22, ""device"": ""NPU"", ""sap"": 0.19126, ""sap_s"": 0.00101, ""sap_m"": 0.17337, ""sap_l"": 0.61376, ""skip"": 0.45, ""eff_mean_ms"": 16.9, ""infer_mean_ms"": 16.9}, {""stream_id"": 2, ""sid"": 3, ""device"": ""NPU"", ""sap"": 0.12145, ""sap_s"": 0.00049, ""sap_m"": 0.18159, ""sap_l"": 0.33898, ""skip"": 0.0, ""eff_mean_ms"": 16.443, ""infer_mean_ms"": 16.443}, {""stream_id"": 3, ""sid"": 21, ""device"": ""NPU"", ""sap"": 0.08359, ""sap_s"": 0.0014, ""sap_m"": 0.02445, ""sap_l"": 0.21265, ""skip"": 0.23, ""eff_mean_ms"": 16.262, ""infer_mean_ms"": 16.262}]",1782626821.152,1782626835.705,33.333,30.0,yolo11s,argoverse-hd-val,1782626835
rev30_1782625012,N4,4,NNNN,3,6,0.0,0.57,0.08298,0.12612,0.11513,0.09073,0.00356,0.13021,0.43119,-15.927,"[{""stream_id"": 0, ""sid"": 2, ""device"": ""NPU"", ""sap"": 0.10881, ""sap_s"": 0.01133, ""sap_m"": 0.14206, ""sap_l"": 0.55938, ""skip"": 1.14, ""eff_mean_ms"": 17.518, ""infer_mean_ms"": 17.518}, {""stream_id"": 1, ""sid"": 22, ""device"": ""NPU"", ""sap"": 0.19122, ""sap_s"": 0.001, ""sap_m"": 0.17331, ""sap_l"": 0.61392, ""skip"": 0.22, ""eff_mean_ms"": 17.664, ""infer_mean_ms"": 17.663}, {""stream_id"": 2, ""sid"": 3, ""device"": ""NPU"", ""sap"": 0.12145, ""sap_s"": 0.00049, ""sap_m"": 0.18159, ""sap_l"": 0.33898, ""skip"": 0.0, ""eff_mean_ms"": 17.14, ""infer_mean_ms"": 17.14}, {""stream_id"": 3, ""sid"": 21, ""device"": ""NPU"", ""sap"": 0.08298, ""sap_s"": 0.0014, ""sap_m"": 0.0239, ""sap_l"": 0.21249, ""skip"": 0.91, ""eff_mean_ms"": 17.304, ""infer_mean_ms"": 17.303}]",1782626835.705,1782626845.863,33.333,30.0,yolo11s,argoverse-hd-val,1782626845
rev30_1782625012,N4,4,GGGG,4,0,57.04,0.0,0.07635,0.11834,0.09957,0.08101,0.00612,0.1264,0.35936,4.708,"[{""stream_id"": 0, ""sid"": 2, ""device"": ""GPU"", ""sap"": 0.09188, ""sap_s"": 0.01281, ""sap_m"": 0.10408, ""sap_l"": 0.41276, ""skip"": 61.52, ""eff_mean_ms"": 39.5, ""infer_mean_ms"": 39.499}, {""stream_id"": 1, ""sid"": 22, ""device"": ""GPU"", ""sap"": 0.19789, ""sap_s"": 0.00129, ""sap_m"": 0.18913, ""sap_l"": 0.59935, ""skip"": 55.0, ""eff_mean_ms"": 36.677, ""infer_mean_ms"": 36.677}, {""stream_id"": 2, ""sid"": 3, ""device"": ""GPU"", ""sap"": 0.10725, ""sap_s"": 0.00222, ""sap_m"": 0.19774, ""sap_l"": 0.22426, ""skip"": 52.88, ""eff_mean_ms"": 36.742, ""infer_mean_ms"": 36.741}, {""stream_id"": 3, ""sid"": 21, ""device"": ""GPU"", ""sap"": 0.07635, ""sap_s"": 0.00815, ""sap_m"": 0.01463, ""sap_l"": 0.20108, ""skip"": 58.76, ""eff_mean_ms"": 39.246, ""infer_mean_ms"": 39.246}]",1782626845.863,1782626863.241,33.333,30.0,yolo11s,argoverse-hd-val,1782626863
rev30_1782625012,N4,4,GGNG,4,0,51.91,0.0,0.07447,0.12235,0.10728,0.08006,0.00802,0.10367,0.40798,3.442,"[{""stream_id"": 0, ""sid"": 2, ""device"": ""GPU"", ""sap"": 0.0931, ""sap_s"": 0.01313, ""sap_m"": 0.10964, ""sap_l"": 0.41318, ""skip"": 51.35, ""eff_mean_ms"": 37.012, ""infer_mean_ms"": 37.012}, {""stream_id"": 1, ""sid"": 22, ""device"": ""GPU"", ""sap"": 0.2004, ""sap_s"": 0.00169, ""sap_m"": 0.18784, ""sap_l"": 0.61165, ""skip"": 50.0, ""eff_mean_ms"": 35.995, ""infer_mean_ms"": 35.994}, {""stream_id"": 2, ""sid"": 3, ""device"": ""NPU"", ""sap"": 0.12145, ""sap_s"": 0.00049, ""sap_m"": 0.18159, ""sap_l"": 0.33898, ""skip"": 0.0, ""eff_mean_ms"": 15.568, ""infer_mean_ms"": 15.567}, {""stream_id"": 3, ""sid"": 21, ""device"": ""GPU"", ""sap"": 0.07447, ""sap_s"": 0.00925, ""sap_m"": 0.01352, ""sap_l"": 0.19911, ""skip"": 54.37, ""eff_mean_ms"": 37.319, ""infer_mean_ms"": 37.318}]",1782626863.241,1782626880.307,33.333,30.0,yolo11s,argoverse-hd-val,1782626880
rev30_1782625012,N4,4,GGNN,4,0,37.85,0.12,0.0836,0.12688,0.10897,0.08747,0.00816,0.15424,0.53875,-0.556,"[{""stream_id"": 0, ""sid"": 2, ""device"": ""GPU"", ""sap"": 0.09649, ""sap_s"": 0.01488, ""sap_m"": 0.11898, ""sap_l"": 0.45068, ""skip"": 41.58, ""eff_mean_ms"": 33.626, ""infer_mean_ms"": 33.626}, {""stream_id"": 1, ""sid"": 22, ""device"": ""GPU"", ""sap"": 0.206, ""sap_s"": 0.00143, ""sap_m"": 0.1895, ""sap_l"": 0.62681, ""skip"": 34.12, ""eff_mean_ms"": 31.929, ""infer_mean_ms"": 31.929}, {""stream_id"": 2, ""sid"": 3, ""device"": ""NPU"", ""sap"": 0.12145, ""sap_s"": 0.00049, ""sap_m"": 0.18159, ""sap_l"": 0.33898, ""skip"": 0.0, ""eff_mean_ms"": 15.627, ""infer_mean_ms"": 15.626}, {""stream_id"": 3, ""sid"": 21, ""device"": ""NPU"", ""sap"": 0.0836, ""sap_s"": 0.0014, ""sap_m"": 0.02445, ""sap_l"": 0.2127, ""skip"": 0.23, ""eff_mean_ms"": 15.548, ""infer_mean_ms"": 15.547}]",1782626880.307,1782626895.984,33.333,30.0,yolo11s,argoverse-hd-val,1782626895
rev30_1782625012,N4,4,GNNN,4,0,32.0,0.0,0.0836,0.12404,0.11066,0.08848,0.01531,0.12905,0.48991,-2.463,"[{""stream_id"": 0, ""sid"": 2, ""device"": ""GPU"", ""sap"": 0.09986, ""sap_s"": 0.01531, ""sap_m"": 0.12905, ""sap_l"": 0.48991, ""skip"": 32.0, ""eff_mean_ms"": 30.87, ""infer_mean_ms"": 30.87}, {""stream_id"": 1, ""sid"": 22, ""device"": ""NPU"", ""sap"": 0.19124, ""sap_s"": 0.00101, ""sap_m"": 0.17333, ""sap_l"": 0.61395, ""skip"": 0.0, ""eff_mean_ms"": 16.95, ""infer_mean_ms"": 16.949}, {""stream_id"": 2, ""sid"": 3, ""device"": ""NPU"", ""sap"": 0.12145, ""sap_s"": 0.00049, ""sap_m"": 0.18159, ""sap_l"": 0.33898, ""skip"": 0.0, ""eff_mean_ms"": 16.306, ""infer_mean_ms"": 16.306}, {""stream_id"": 3, ""sid"": 21, ""device"": ""NPU"", ""sap"": 0.0836, ""sap_s"": 0.0014, ""sap_m"": 0.02445, ""sap_l"": 0.21271, ""skip"": 0.0, ""eff_mean_ms"": 16.149, ""infer_mean_ms"": 16.149}]",1782626895.984,1782626910.715,33.333,30.0,yolo11s,argoverse-hd-val,1782626910
rev30_1782625012,N4,4,NNNN,4,0,0.0,0.74,0.08354,0.12615,0.11502,0.09114,0.00355,0.13015,0.43274,-14.619,"[{""stream_id"": 0, ""sid"": 2, ""device"": ""NPU"", ""sap"": 0.10886, ""sap_s"": 0.01131, ""sap_m"": 0.14168, ""sap_l"": 0.56558, ""skip"": 0.68, ""eff_mean_ms"": 21.748, ""infer_mean_ms"": 21.748}, {""stream_id"": 1, ""sid"": 22, ""device"": ""NPU"", ""sap"": 0.19104, ""sap_s"": 0.001, ""sap_m"": 0.17335, ""sap_l"": 0.61383, ""skip"": 0.45, ""eff_mean_ms"": 17.851, ""infer_mean_ms"": 17.851}, {""stream_id"": 2, ""sid"": 3, ""device"": ""NPU"", ""sap"": 0.12117, ""sap_s"": 0.00049, ""sap_m"": 0.1811, ""sap_l"": 0.33877, ""skip"": 0.45, ""eff_mean_ms"": 17.786, ""infer_mean_ms"": 17.784}, {""stream_id"": 3, ""sid"": 21, ""device"": ""NPU"", ""sap"": 0.08354, ""sap_s"": 0.0014, ""sap_m"": 0.02445, ""sap_l"": 0.21279, ""skip"": 1.37, ""eff_mean_ms"": 17.474, ""infer_mean_ms"": 17.474}]",1782626910.715,1782626922.714,33.333,30.0,yolo11s,argoverse-hd-val,1782626922
rev30_1782625012,N4,4,GGGG,4,1,58.24,0.0,0.07677,0.11787,0.09958,0.08159,0.00634,0.12741,0.36298,5.021,"[{""stream_id"": 0, ""sid"": 2, ""device"": ""GPU"", ""sap"": 0.09283, ""sap_s"": 0.0134, ""sap_m"": 0.10422, ""sap_l"": 0.42184, ""skip"": 59.0, ""eff_mean_ms"": 38.693, ""infer_mean_ms"": 38.693}, {""stream_id"": 1, ""sid"": 22, ""device"": ""GPU"", ""sap"": 0.19556, ""sap_s"": 0.00164, ""sap_m"": 0.18961, ""sap_l"": 0.5952, ""skip"": 56.56, ""eff_mean_ms"": 38.534, ""infer_mean_ms"": 38.534}, {""stream_id"": 2, ""sid"": 3, ""device"": ""GPU"", ""sap"": 0.10633, ""sap_s"": 0.00208, ""sap_m"": 0.1997, ""sap_l"": 0.23313, ""skip"": 58.02, ""eff_mean_ms"": 37.635, ""infer_mean_ms"": 37.635}, {""stream_id"": 3, ""sid"": 21, ""device"": ""GPU"", ""sap"": 0.07677, ""sap_s"": 0.00823, ""sap_m"": 0.01611, ""sap_l"": 0.20175, ""skip"": 59.38, ""eff_mean_ms"": 38.556, ""infer_mean_ms"": 38.556}]",1782626922.715,1782626940.151,33.333,30.0,yolo11s,argoverse-hd-val,1782626940
rev30_1782625012,N4,4,GGNG,4,1,57.63,0.0,0.0691,0.12065,0.10774,0.07658,0.00784,0.10476,0.40179,5.14,"[{""stream_id"": 0, ""sid"": 2, ""device"": ""GPU"", ""sap"": 0.09403, ""sap_s"": 0.01427, ""sap_m"": 0.11177, ""sap_l"": 0.41167, ""skip"": 52.05, ""eff_mean_ms"": 36.955, ""infer_mean_ms"": 36.955}, {""stream_id"": 1, ""sid"": 22, ""device"": ""GPU"", ""sap"": 0.19804, ""sap_s"": 0.00114, ""sap_m"": 0.18962, ""sap_l"": 0.6045, ""skip"": 58.82, ""eff_mean_ms"": 38.726, ""infer_mean_ms"": 38.725}, {""stream_id"": 2, ""sid"": 3, ""device"": ""NPU"", ""sap"": 0.12145, ""sap_s"": 0.00049, ""sap_m"": 0.18159, ""sap_l"": 0.33898, ""skip"": 0.0, ""eff_mean_ms"": 15.38, ""infer_mean_ms"": 15.38}, {""stream_id"": 3, ""sid"": 21, ""device"": ""GPU"", ""sap"": 0.0691, ""sap_s"": 0.0081, ""sap_m"": 0.01289, ""sap_l"": 0.18919, ""skip"": 62.03, ""eff_mean_ms"": 39.739, ""infer_mean_ms"": 39.739}]",1782626940.152,1782626957.391,33.333,30.0,yolo11s,argoverse-hd-val,1782626957
rev30_1782625012,N4,4,GGNN,4,1,39.59,0.23,0.0834,0.12711,0.10939,0.08758,0.00807,0.15548,0.5455,-0.723,"[{""stream_id"": 0, ""sid"": 2, ""device"": ""GPU"", ""sap"": 0.09733, ""sap_s"": 0.01473, ""sap_m"": 0.12199, ""sap_l"": 0.4656, ""skip"": 40.22, ""eff_mean_ms"": 33.207, ""infer_mean_ms"": 33.207}, {""stream_id"": 1, ""sid"": 22, ""device"": ""GPU"", ""sap"": 0.20625, ""sap_s"": 0.00141, ""sap_m"": 0.18897, ""sap_l"": 0.62539, ""skip"": 38.95, ""eff_mean_ms"": 32.014, ""infer_mean_ms"": 32.014}, {""stream_id"": 2, ""sid"": 3, ""device"": ""NPU"", ""sap"": 0.12145, ""sap_s"": 0.00049, ""sap_m"": 0.18159, ""sap_l"": 0.33898, ""skip"": 0.0, ""eff_mean_ms"": 15.731, ""infer_mean_ms"": 15.73}, {""stream_id"": 3, ""sid"": 21, ""device"": ""NPU"", ""sap"": 0.0834, ""sap_s"": 0.0014, ""sap_m"": 0.02442, ""sap_l"": 0.21252, ""skip"": 0.46, ""eff_mean_ms"": 15.66, ""infer_mean_ms"": 15.659}]",1782626957.392,1782626972.983,33.333,30.0,yolo11s,argoverse-hd-val,1782626972
rev30_1782625012,N4,4,GNNN,4,1,31.55,0.07,0.0836,0.12426,0.11111,0.08875,0.01525,0.13006,0.50252,-3.234,"[{""stream_id"": 0, ""sid"": 2, ""device"": ""GPU"", ""sap"": 0.10076, ""sap_s"": 0.01525, ""sap_m"": 0.13006, ""sap_l"": 0.50252, ""skip"": 31.55, ""eff_mean_ms"": 30.099, ""infer_mean_ms"": 30.099}, {""stream_id"": 1, ""sid"": 22, ""device"": ""NPU"", ""sap"": 0.19124, ""sap_s"": 0.00101, ""sap_m"": 0.17335, ""sap_l"": 0.61395, ""skip"": 0.22, ""eff_mean_ms"": 16.501, ""infer_mean_ms"": 16.5}, {""stream_id"": 2, ""sid"": 3, ""device"": ""NPU"", ""sap"": 0.12145, ""sap_s"": 0.00049, ""sap_m"": 0.18159, ""sap_l"": 0.33898, ""skip"": 0.0, ""eff_mean_ms"": 16.229, ""infer_mean_ms"": 16.229}, {""stream_id"": 3, ""sid"": 21, ""device"": ""NPU"", ""sap"": 0.0836, ""sap_s"": 0.0014, ""sap_m"": 0.02445, ""sap_l"": 0.21271, ""skip"": 0.0, ""eff_mean_ms"": 16.034, ""infer_mean_ms"": 16.033}]",1782626972.984,1782626987.451,33.333,30.0,yolo11s,argoverse-hd-val,1782626987
rev30_1782625012,N4,4,NNNN,4,1,0.0,0.73,0.08358,0.12619,0.1151,0.09118,0.00355,0.1304,0.43252,-15.542,"[{""stream_id"": 0, ""sid"": 2, ""device"": ""NPU"", ""sap"": 0.1089, ""sap_s"": 0.01133, ""sap_m"": 0.14204, ""sap_l"": 0.56583, ""skip"": 0.68, ""eff_mean_ms"": 17.645, ""infer_mean_ms"": 17.645}, {""stream_id"": 1, ""sid"": 22, ""device"": ""NPU"", ""sap"": 0.19097, ""sap_s"": 0.00099, ""sap_m"": 0.17333, ""sap_l"": 0.61305, ""skip"": 1.12, ""eff_mean_ms"": 17.618, ""infer_mean_ms"": 17.618}, {""stream_id"": 2, ""sid"": 3, ""device"": ""NPU"", ""sap"": 0.1213, ""sap_s"": 0.00049, ""sap_m"": 0.1816, ""sap_l"": 0.33876, ""skip"": 0.22, ""eff_mean_ms"": 18.685, ""infer_mean_ms"": 18.685}, {""stream_id"": 3, ""sid"": 21, ""device"": ""NPU"", ""sap"": 0.08358, ""sap_s"": 0.0014, ""sap_m"": 0.02465, ""sap_l"": 0.21243, ""skip"": 0.91, ""eff_mean_ms"": 17.218, ""infer_mean_ms"": 17.218}]",1782626987.452,1782626998.103,33.333,30.0,yolo11s,argoverse-hd-val,1782626998
rev30_1782625012,N4,4,GGGG,4,2,55.3,0.0,0.08063,0.11821,0.09749,0.08479,0.00623,0.12758,0.36473,3.904,"[{""stream_id"": 0, ""sid"": 2, ""device"": ""GPU"", ""sap"": 0.09449, ""sap_s"": 0.01312, ""sap_m"": 0.11169, ""sap_l"": 0.42137, ""skip"": 54.72, ""eff_mean_ms"": 37.615, ""infer_mean_ms"": 37.615}, {""stream_id"": 1, ""sid"": 22, ""device"": ""GPU"", ""sap"": 0.19723, ""sap_s"": 0.00111, ""sap_m"": 0.19038, ""sap_l"": 0.6011, ""skip"": 55.88, ""eff_mean_ms"": 37.748, ""infer_mean_ms"": 37.748}, {""stream_id"": 2, ""sid"": 3, ""device"": ""GPU"", ""sap"": 0.10048, ""sap_s"": 0.00197, ""sap_m"": 0.18994, ""sap_l"": 0.22862, ""skip"": 57.14, ""eff_mean_ms"": 37.738, ""infer_mean_ms"": 37.738}, {""stream_id"": 3, ""sid"": 21, ""device"": ""GPU"", ""sap"": 0.08063, ""sap_s"": 0.00872, ""sap_m"": 0.01831, ""sap_l"": 0.20784, ""skip"": 53.48, ""eff_mean_ms"": 35.85, ""infer_mean_ms"": 35.849}]",1782626998.103,1782627015.518,33.333,30.0,yolo11s,argoverse-hd-val,1782627015
rev30_1782625012,N4,4,GGNG,4,2,48.98,0.0,0.07753,0.12342,0.10798,0.08263,0.00804,0.10519,0.4162,2.548,"[{""stream_id"": 0, ""sid"": 2, ""device"": ""GPU"", ""sap"": 0.09452, ""sap_s"": 0.01403, ""sap_m"": 0.11306, ""sap_l"": 0.42902, ""skip"": 50.13, ""eff_mean_ms"": 36.169, ""infer_mean_ms"": 36.169}, {""stream_id"": 1, ""sid"": 22, ""device"": ""GPU"", ""sap"": 0.2002, ""sap_s"": 0.00142, ""sap_m"": 0.18834, ""sap_l"": 0.61365, ""skip"": 48.41, ""eff_mean_ms"": 35.705, ""infer_mean_ms"": 35.705}, {""stream_id"": 2, ""sid"": 3, ""device"": ""NPU"", ""sap"": 0.12145, ""sap_s"": 0.00049, ""sap_m"": 0.18159, ""sap_l"": 0.33898, ""skip"": 0.0, ""eff_mean_ms"": 15.359, ""infer_mean_ms"": 15.359}, {""stream_id"": 3, ""sid"": 21, ""device"": ""GPU"", ""sap"": 0.07753, ""sap_s"": 0.00866, ""sap_m"": 0.01417, ""sap_l"": 0.20594, ""skip"": 48.41, ""eff_mean_ms"": 35.77, ""infer_mean_ms"": 35.769}]",1782627015.519,1782627032.387,33.333,30.0,yolo11s,argoverse-hd-val,1782627032
rev30_1782625012,N4,4,GGNN,4,2,35.27,0.0,0.0836,0.12698,0.11041,0.08833,0.00797,0.15808,0.55197,-1.846,"[{""stream_id"": 0, ""sid"": 2, ""device"": ""GPU"", ""sap"": 0.09936, ""sap_s"": 0.01451, ""sap_m"": 0.12621, ""sap_l"": 0.48139, ""skip"": 34.47, ""eff_mean_ms"": 31.407, ""infer_mean_ms"": 31.407}, {""stream_id"": 1, ""sid"": 22, ""device"": ""GPU"", ""sap"": 0.20349, ""sap_s"": 0.00143, ""sap_m"": 0.18996, ""sap_l"": 0.62256, ""skip"": 36.08, ""eff_mean_ms"": 31.568, ""infer_mean_ms"": 31.568}, {""stream_id"": 2, ""sid"": 3, ""device"": ""NPU"", ""sap"": 0.12145, ""sap_s"": 0.00049, ""sap_m"": 0.18159, ""sap_l"": 0.33898, ""skip"": 0.0, ""eff_mean_ms"": 15.799, ""infer_mean_ms"": 15.798}, {""stream_id"": 3, ""sid"": 21, ""device"": ""NPU"", ""sap"": 0.0836, ""sap_s"": 0.0014, ""sap_m"": 0.02445, ""sap_l"": 0.21271, ""skip"": 0.0, ""eff_mean_ms"": 15.599, ""infer_mean_ms"": 15.599}]",1782627032.388,1782627047.984,33.333,30.0,yolo11s,argoverse-hd-val,1782627047
rev30_1782625012,N4,4,GNNN,4,2,33.07,0.3,0.08329,0.12441,0.11156,0.08886,0.01526,0.13255,0.49486,-4.344,"[{""stream_id"": 0, ""sid"": 2, ""device"": ""GPU"", ""sap"": 0.10187, ""sap_s"": 0.01526, ""sap_m"": 0.13255, ""sap_l"": 0.49486, ""skip"": 33.07, ""eff_mean_ms"": 28.989, ""infer_mean_ms"": 28.989}, {""stream_id"": 1, ""sid"": 22, ""device"": ""NPU"", ""sap"": 0.19124, ""sap_s"": 0.00101, ""sap_m"": 0.17333, ""sap_l"": 0.61395, ""skip"": 0.0, ""eff_mean_ms"": 16.727, ""infer_mean_ms"": 16.727}, {""stream_id"": 2, ""sid"": 3, ""device"": ""NPU"", ""sap"": 0.12125, ""sap_s"": 0.00049, ""sap_m"": 0.18157, ""sap_l"": 0.33855, ""skip"": 0.45, ""eff_mean_ms"": 16.544, ""infer_mean_ms"": 16.544}, {""stream_id"": 3, ""sid"": 21, ""device"": ""NPU"", ""sap"": 0.08329, ""sap_s"": 0.0014, ""sap_m"": 0.02455, ""sap_l"": 0.21213, ""skip"": 0.46, ""eff_mean_ms"": 16.357, ""infer_mean_ms"": 16.357}]",1782627047.984,1782627062.26,33.333,30.0,yolo11s,argoverse-hd-val,1782627062
rev30_1782625012,N4,4,NNNN,4,2,0.0,0.62,0.08337,0.12626,0.1151,0.09102,0.00358,0.13023,0.43261,-16.07,"[{""stream_id"": 0, ""sid"": 2, ""device"": ""NPU"", ""sap"": 0.10887, ""sap_s"": 0.0114, ""sap_m"": 0.14178, ""sap_l"": 0.56566, ""skip"": 0.91, ""eff_mean_ms"": 17.35, ""infer_mean_ms"": 17.35}, {""stream_id"": 1, ""sid"": 22, ""device"": ""NPU"", ""sap"": 0.19148, ""sap_s"": 0.00101, ""sap_m"": 0.17332, ""sap_l"": 0.61365, ""skip"": 0.22, ""eff_mean_ms"": 17.272, ""infer_mean_ms"": 17.272}, {""stream_id"": 2, ""sid"": 3, ""device"": ""NPU"", ""sap"": 0.12132, ""sap_s"": 0.00049, ""sap_m"": 0.18157, ""sap_l"": 0.33873, ""skip"": 0.9, ""eff_mean_ms"": 17.056, ""infer_mean_ms"": 17.055}, {""stream_id"": 3, ""sid"": 21, ""device"": ""NPU"", ""sap"": 0.08337, ""sap_s"": 0.0014, ""sap_m"": 0.02423, ""sap_l"": 0.21238, ""skip"": 0.46, ""eff_mean_ms"": 17.375, ""infer_mean_ms"": 17.375}]",1782627062.261,1782627072.256,33.333,30.0,yolo11s,argoverse-hd-val,1782627072
rev30_1782625012,N4,4,GGGG,4,3,53.34,0.0,0.08348,0.1204,0.10159,0.08681,0.0064,0.13209,0.36705,3.687,"[{""stream_id"": 0, ""sid"": 2, ""device"": ""GPU"", ""sap"": 0.09459, ""sap_s"": 0.01335, ""sap_m"": 0.11101, ""sap_l"": 0.42226, ""skip"": 55.2, ""eff_mean_ms"": 36.721, ""infer_mean_ms"": 36.721}, {""stream_id"": 1, ""sid"": 22, ""device"": ""GPU"", ""sap"": 0.19493, ""sap_s"": 0.00136, ""sap_m"": 0.19032, ""sap_l"": 0.59473, ""skip"": 55.74, ""eff_mean_ms"": 37.875, ""infer_mean_ms"": 37.875}, {""stream_id"": 2, ""sid"": 3, ""device"": ""GPU"", ""sap"": 0.1086, ""sap_s"": 0.00237, ""sap_m"": 0.2048, ""sap_l"": 0.2406, ""skip"": 52.7, ""eff_mean_ms"": 37.619, ""infer_mean_ms"": 37.618}, {""stream_id"": 3, ""sid"": 21, ""device"": ""GPU"", ""sap"": 0.08348, ""sap_s"": 0.00853, ""sap_m"": 0.02222, ""sap_l"": 0.21059, ""skip"": 49.74, ""eff_mean_ms"": 35.865, ""infer_mean_ms"": 35.865}]",1782627072.256,1782627089.651,33.333,30.0,yolo11s,argoverse-hd-val,1782627089
rev30_1782625012,N4,4,GGNG,4,3,51.44,0.0,0.0761,0.12375,0.108,0.08163,0.00801,0.10534,0.41361,2.635,"[{""stream_id"": 0, ""sid"": 2, ""device"": ""GPU"", ""sap"": 0.09454, ""sap_s"": 0.0136, ""sap_m"": 0.11104, ""sap_l"": 0.42267, ""skip"": 57.92, ""eff_mean_ms"": 37.373, ""infer_mean_ms"": 37.373}, {""stream_id"": 1, ""sid"": 22, ""device"": ""GPU"", ""sap"": 0.2029, ""sap_s"": 0.00136, ""sap_m"": 0.19016, ""sap_l"": 0.61509, ""skip"": 48.39, ""eff_mean_ms"": 35.675, ""infer_mean_ms"": 35.675}, {""stream_id"": 2, ""sid"": 3, ""device"": ""NPU"", ""sap"": 0.12145, ""sap_s"": 0.00049, ""sap_m"": 0.18159, ""sap_l"": 0.33898, ""skip"": 0.0, ""eff_mean_ms"": 15.547, ""infer_mean_ms"": 15.547}, {""stream_id"": 3, ""sid"": 21, ""device"": ""GPU"", ""sap"": 0.0761, ""sap_s"": 0.00908, ""sap_m"": 0.01482, ""sap_l"": 0.20308, ""skip"": 48.02, ""eff_mean_ms"": 34.858, ""infer_mean_ms"": 34.858}]",1782627089.652,1782627106.672,33.333,30.0,yolo11s,argoverse-hd-val,1782627106
rev30_1782625012,N4,4,GGNN,4,3,36.93,0.0,0.0836,0.12763,0.11009,0.08814,0.00792,0.15742,0.54726,-1.195,"[{""stream_id"": 0, ""sid"": 2, ""device"": ""GPU"", ""sap"": 0.09874, ""sap_s"": 0.01443, ""sap_m"": 0.12397, ""sap_l"": 0.46765, ""skip"": 37.57, ""eff_mean_ms"": 32.77, ""infer_mean_ms"": 32.77}, {""stream_id"": 1, ""sid"": 22, ""device"": ""GPU"", ""sap"": 0.20673, ""sap_s"": 0.00141, ""sap_m"": 0.19087, ""sap_l"": 0.62687, ""skip"": 36.29, ""eff_mean_ms"": 31.507, ""infer_mean_ms"": 31.506}, {""stream_id"": 2, ""sid"": 3, ""device"": ""NPU"", ""sap"": 0.12145, ""sap_s"": 0.00049, ""sap_m"": 0.18159, ""sap_l"": 0.33898, ""skip"": 0.0, ""eff_mean_ms"": 15.759, ""infer_mean_ms"": 15.759}, {""stream_id"": 3, ""sid"": 21, ""device"": ""NPU"", ""sap"": 0.0836, ""sap_s"": 0.0014, ""sap_m"": 0.02445, ""sap_l"": 0.21271, ""skip"": 0.0, ""eff_mean_ms"": 15.401, ""infer_mean_ms"": 15.401}]",1782627106.672,1782627122.319,33.333,30.0,yolo11s,argoverse-hd-val,1782627122
rev30_1782625012,N4,4,GNNN,4,3,34.83,0.15,0.0836,0.12417,0.11092,0.08864,0.01529,0.12876,0.48498,-3.293,"[{""stream_id"": 0, ""sid"": 2, ""device"": ""GPU"", ""sap"": 0.10039, ""sap_s"": 0.01529, ""sap_m"": 0.12876, ""sap_l"": 0.48498, ""skip"": 34.83, ""eff_mean_ms"": 30.04, ""infer_mean_ms"": 30.039}, {""stream_id"": 1, ""sid"": 22, ""device"": ""NPU"", ""sap"": 0.19122, ""sap_s"": 0.00101, ""sap_m"": 0.17332, ""sap_l"": 0.61392, ""skip"": 0.22, ""eff_mean_ms"": 16.5, ""infer_mean_ms"": 16.499}, {""stream_id"": 2, ""sid"": 3, ""device"": ""NPU"", ""sap"": 0.12146, ""sap_s"": 0.00049, ""sap_m"": 0.1816, ""sap_l"": 0.33895, ""skip"": 0.22, ""eff_mean_ms"": 16.532, ""infer_mean_ms"": 16.531}, {""stream_id"": 3, ""sid"": 21, ""device"": ""NPU"", ""sap"": 0.0836, ""sap_s"": 0.0014, ""sap_m"": 0.02445, ""sap_l"": 0.21271, ""skip"": 0.0, ""eff_mean_ms"": 16.048, ""infer_mean_ms"": 16.047}]",1782627122.319,1782627136.832,33.333,30.0,yolo11s,argoverse-hd-val,1782627136
rev30_1782625012,N4,4,NNNN,4,3,0.0,0.57,0.08332,0.12616,0.11503,0.091,0.00357,0.13051,0.4325,-15.993,"[{""stream_id"": 0, ""sid"": 2, ""device"": ""NPU"", ""sap"": 0.10893, ""sap_s"": 0.01134, ""sap_m"": 0.14238, ""sap_l"": 0.56586, ""skip"": 0.46, ""eff_mean_ms"": 17.256, ""infer_mean_ms"": 17.256}, {""stream_id"": 1, ""sid"": 22, ""device"": ""NPU"", ""sap"": 0.19125, ""sap_s"": 0.00105, ""sap_m"": 0.1735, ""sap_l"": 0.61384, ""skip"": 0.67, ""eff_mean_ms"": 17.633, ""infer_mean_ms"": 17.633}, {""stream_id"": 2, ""sid"": 3, ""device"": ""NPU"", ""sap"": 0.12113, ""sap_s"": 0.00049, ""sap_m"": 0.18171, ""sap_l"": 0.33802, ""skip"": 0.45, ""eff_mean_ms"": 17.284, ""infer_mean_ms"": 17.283}, {""stream_id"": 3, ""sid"": 21, ""device"": ""NPU"", ""sap"": 0.08332, ""sap_s"": 0.0014, ""sap_m"": 0.02445, ""sap_l"": 0.21227, ""skip"": 0.68, ""eff_mean_ms"": 17.19, ""infer_mean_ms"": 17.19}]",1782627136.832,1782627146.996,33.333,30.0,yolo11s,argoverse-hd-val,1782627146
rev30_1782625012,N4,4,GGGG,4,4,56.43,0.0,0.07695,0.11848,0.09954,0.08217,0.00648,0.12756,0.36146,4.281,"[{""stream_id"": 0, ""sid"": 2, ""device"": ""GPU"", ""sap"": 0.09436, ""sap_s"": 0.01364, ""sap_m"": 0.10991, ""sap_l"": 0.43534, ""skip"": 56.95, ""eff_mean_ms"": 37.352, ""infer_mean_ms"": 37.351}, {""stream_id"": 1, ""sid"": 22, ""device"": ""GPU"", ""sap"": 0.19786, ""sap_s"": 0.00118, ""sap_m"": 0.1896, ""sap_l"": 0.60344, ""skip"": 57.03, ""eff_mean_ms"": 37.142, ""infer_mean_ms"": 37.141}, {""stream_id"": 2, ""sid"": 3, ""device"": ""GPU"", ""sap"": 0.10473, ""sap_s"": 0.00284, ""sap_m"": 0.19475, ""sap_l"": 0.20215, ""skip"": 56.95, ""eff_mean_ms"": 38.222, ""infer_mean_ms"": 38.221}, {""stream_id"": 3, ""sid"": 21, ""device"": ""GPU"", ""sap"": 0.07695, ""sap_s"": 0.00828, ""sap_m"": 0.01598, ""sap_l"": 0.20491, ""skip"": 54.77, ""eff_mean_ms"": 37.743, ""infer_mean_ms"": 37.742}]",1782627146.997,1782627164.338,33.333,30.0,yolo11s,argoverse-hd-val,1782627164
rev30_1782625012,N4,4,GGNG,4,4,47.88,0.0,0.07967,0.1249,0.10816,0.08423,0.00828,0.10735,0.42467,1.712,"[{""stream_id"": 0, ""sid"": 2, ""device"": ""GPU"", ""sap"": 0.09486, ""sap_s"": 0.01426, ""sap_m"": 0.11424, ""sap_l"": 0.451, ""skip"": 47.58, ""eff_mean_ms"": 35.08, ""infer_mean_ms"": 35.079}, {""stream_id"": 1, ""sid"": 22, ""device"": ""GPU"", ""sap"": 0.2036, ""sap_s"": 0.00137, ""sap_m"": 0.19039, ""sap_l"": 0.61558, ""skip"": 47.64, ""eff_mean_ms"": 34.905, ""infer_mean_ms"": 34.905}, {""stream_id"": 2, ""sid"": 3, ""device"": ""NPU"", ""sap"": 0.12145, ""sap_s"": 0.00049, ""sap_m"": 0.18159, ""sap_l"": 0.33898, ""skip"": 0.0, ""eff_mean_ms"": 15.559, ""infer_mean_ms"": 15.559}, {""stream_id"": 3, ""sid"": 21, ""device"": ""GPU"", ""sap"": 0.07967, ""sap_s"": 0.00921, ""sap_m"": 0.01743, ""sap_l"": 0.20742, ""skip"": 48.41, ""eff_mean_ms"": 35.151, ""infer_mean_ms"": 35.151}]",1782627164.339,1782627181.073,33.333,30.0,yolo11s,argoverse-hd-val,1782627181
rev30_1782625012,N4,4,GGNN,4,4,35.3,0.11,0.0836,0.12724,0.10975,0.08795,0.00831,0.15646,0.54659,-1.016,"[{""stream_id"": 0, ""sid"": 2, ""device"": ""GPU"", ""sap"": 0.09809, ""sap_s"": 0.01519, ""sap_m"": 0.12325, ""sap_l"": 0.46702, ""skip"": 38.5, ""eff_mean_ms"": 32.871, ""infer_mean_ms"": 32.871}, {""stream_id"": 1, ""sid"": 22, ""device"": ""GPU"", ""sap"": 0.20585, ""sap_s"": 0.00144, ""sap_m"": 0.18968, ""sap_l"": 0.62616, ""skip"": 32.11, ""eff_mean_ms"": 31.764, ""infer_mean_ms"": 31.763}, {""stream_id"": 2, ""sid"": 3, ""device"": ""NPU"", ""sap"": 0.12141, ""sap_s"": 0.00049, ""sap_m"": 0.18135, ""sap_l"": 0.33898, ""skip"": 0.22, ""eff_mean_ms"": 15.757, ""infer_mean_ms"": 15.757}, {""stream_id"": 3, ""sid"": 21, ""device"": ""NPU"", ""sap"": 0.0836, ""sap_s"": 0.0014, ""sap_m"": 0.02445, ""sap_l"": 0.21271, ""skip"": 0.0, ""eff_mean_ms"": 15.522, ""infer_mean_ms"": 15.522}]",1782627181.073,1782627196.459,33.333,30.0,yolo11s,argoverse-hd-val,1782627196
rev30_1782625012,N4,4,GNNN,4,4,31.55,0.3,0.08318,0.12429,0.11134,0.08858,0.01544,0.13007,0.46389,-3.652,"[{""stream_id"": 0, ""sid"": 2, ""device"": ""GPU"", ""sap"": 0.10119, ""sap_s"": 0.01544, ""sap_m"": 0.13007, ""sap_l"": 0.46389, ""skip"": 31.55, ""eff_mean_ms"": 29.681, ""infer_mean_ms"": 29.68}, {""stream_id"": 1, ""sid"": 22, ""device"": ""NPU"", ""sap"": 0.19131, ""sap_s"": 0.00101, ""sap_m"": 0.17332, ""sap_l"": 0.61441, ""skip"": 0.22, ""eff_mean_ms"": 19.929, ""infer_mean_ms"": 19.929}, {""stream_id"": 2, ""sid"": 3, ""device"": ""NPU"", ""sap"": 0.12148, ""sap_s"": 0.00049, ""sap_m"": 0.18159, ""sap_l"": 0.33916, ""skip"": 0.22, ""eff_mean_ms"": 16.655, ""infer_mean_ms"": 16.655}, {""stream_id"": 3, ""sid"": 21, ""device"": ""NPU"", ""sap"": 0.08318, ""sap_s"": 0.0014, ""sap_m"": 0.02433, ""sap_l"": 0.21221, ""skip"": 0.46, ""eff_mean_ms"": 16.421, ""infer_mean_ms"": 16.421}]",1782627196.459,1782627211.28,33.333,30.0,yolo11s,argoverse-hd-val,1782627211
rev30_1782625012,N4,4,NNNN,4,4,0.0,0.51,0.08274,0.12603,0.1151,0.09057,0.00356,0.13006,0.43259,-15.121,"[{""stream_id"": 0, ""sid"": 2, ""device"": ""NPU"", ""sap"": 0.10883, ""sap_s"": 0.01133, ""sap_m"": 0.14195, ""sap_l"": 0.56557, ""skip"": 0.91, ""eff_mean_ms"": 18.002, ""infer_mean_ms"": 18.002}, {""stream_id"": 1, ""sid"": 22, ""device"": ""NPU"", ""sap"": 0.19118, ""sap_s"": 0.00101, ""sap_m"": 0.17321, ""sap_l"": 0.61386, ""skip"": 0.67, ""eff_mean_ms"": 18.136, ""infer_mean_ms"": 18.136}, {""stream_id"": 2, ""sid"": 3, ""device"": ""NPU"", ""sap"": 0.12137, ""sap_s"": 0.00049, ""sap_m"": 0.18153, ""sap_l"": 0.33884, ""skip"": 0.22, ""eff_mean_ms"": 17.829, ""infer_mean_ms"": 17.829}, {""stream_id"": 3, ""sid"": 21, ""device"": ""NPU"", ""sap"": 0.08274, ""sap_s"": 0.0014, ""sap_m"": 0.02354, ""sap_l"": 0.2121, ""skip"": 0.23, ""eff_mean_ms"": 18.882, ""infer_mean_ms"": 18.882}]",1782627211.28,1782627221.891,33.333,30.0,yolo11s,argoverse-hd-val,1782627221
rev30_1782625012,N4,4,GGGG,6,0,62.67,0.0,0.07527,0.1159,0.09551,0.08006,0.00619,0.12309,0.36454,7.153,"[{""stream_id"": 0, ""sid"": 2, ""device"": ""GPU"", ""sap"": 0.09122, ""sap_s"": 0.01324, ""sap_m"": 0.10121, ""sap_l"": 0.41, ""skip"": 62.9, ""eff_mean_ms"": 40.482, ""infer_mean_ms"": 40.482}, {""stream_id"": 1, ""sid"": 22, ""device"": ""GPU"", ""sap"": 0.19734, ""sap_s"": 0.00112, ""sap_m"": 0.18949, ""sap_l"": 0.59977, ""skip"": 61.45, ""eff_mean_ms"": 40.562, ""infer_mean_ms"": 40.561}, {""stream_id"": 2, ""sid"": 3, ""device"": ""GPU"", ""sap"": 0.09979, ""sap_s"": 0.00228, ""sap_m"": 0.18526, ""sap_l"": 0.25077, ""skip"": 62.18, ""eff_mean_ms"": 40.166, ""infer_mean_ms"": 40.166}, {""stream_id"": 3, ""sid"": 21, ""device"": ""GPU"", ""sap"": 0.07527, ""sap_s"": 0.00813, ""sap_m"": 0.01641, ""sap_l"": 0.19762, ""skip"": 64.16, ""eff_mean_ms"": 40.735, ""infer_mean_ms"": 40.734}]",1782627221.891,1782627239.395,33.333,30.0,yolo11s,argoverse-hd-val,1782627239
rev30_1782625012,N4,4,GGNG,6,0,57.35,0.0,0.06945,0.11999,0.10646,0.07606,0.00798,0.10255,0.39679,5.487,"[{""stream_id"": 0, ""sid"": 2, ""device"": ""GPU"", ""sap"": 0.09147, ""sap_s"": 0.01401, ""sap_m"": 0.10731, ""sap_l"": 0.40099, ""skip"": 57.63, ""eff_mean_ms"": 38.433, ""infer_mean_ms"": 38.432}, {""stream_id"": 1, ""sid"": 22, ""device"": ""GPU"", ""sap"": 0.1976, ""sap_s"": 0.00111, ""sap_m"": 0.18892, ""sap_l"": 0.59954, ""skip"": 56.37, ""eff_mean_ms"": 38.638, ""infer_mean_ms"": 38.638}, {""stream_id"": 2, ""sid"": 3, ""device"": ""NPU"", ""sap"": 0.12145, ""sap_s"": 0.00049, ""sap_m"": 0.18159, ""sap_l"": 0.33898, ""skip"": 0.0, ""eff_mean_ms"": 15.101, ""infer_mean_ms"": 15.101}, {""stream_id"": 3, ""sid"": 21, ""device"": ""GPU"", ""sap"": 0.06945, ""sap_s"": 0.00882, ""sap_m"": 0.01142, ""sap_l"": 0.18984, ""skip"": 58.04, ""eff_mean_ms"": 39.39, ""infer_mean_ms"": 39.389}]",1782627239.395,1782627256.65,33.333,30.0,yolo11s,argoverse-hd-val,1782627256
rev30_1782625012,N4,4,GGNN,6,0,42.83,0.0,0.0836,0.12586,0.10776,0.08674,0.00794,0.15216,0.53106,2.47,"[{""stream_id"": 0, ""sid"": 2, ""device"": ""GPU"", ""sap"": 0.09408, ""sap_s"": 0.01446, ""sap_m"": 0.11511, ""sap_l"": 0.44278, ""skip"": 45.82, ""eff_mean_ms"": 36.643, ""infer_mean_ms"": 36.643}, {""stream_id"": 1, ""sid"": 22, ""device"": ""GPU"", ""sap"": 0.20432, ""sap_s"": 0.00142, ""sap_m"": 0.18922, ""sap_l"": 0.61933, ""skip"": 39.84, ""eff_mean_ms"": 34.963, ""infer_mean_ms"": 34.963}, {""stream_id"": 2, ""sid"": 3, ""device"": ""NPU"", ""sap"": 0.12145, ""sap_s"": 0.00049, ""sap_m"": 0.18159, ""sap_l"": 0.33898, ""skip"": 0.0, ""eff_mean_ms"": 15.675, ""infer_mean_ms"": 15.675}, {""stream_id"": 3, ""sid"": 21, ""device"": ""NPU"", ""sap"": 0.0836, ""sap_s"": 0.0014, ""sap_m"": 0.02445, ""sap_l"": 0.21271, ""skip"": 0.0, ""eff_mean_ms"": 15.422, ""infer_mean_ms"": 15.422}]",1782627256.65,1782627272.785,33.333,30.0,yolo11s,argoverse-hd-val,1782627272
rev30_1782625012,N4,4,GNNN,6,0,35.57,0.15,0.0836,0.12314,0.10886,0.0874,0.01488,0.12141,0.44949,-0.106,"[{""stream_id"": 0, ""sid"": 2, ""device"": ""GPU"", ""sap"": 0.09627, ""sap_s"": 0.01488, ""sap_m"": 0.12141, ""sap_l"": 0.44949, ""skip"": 35.57, ""eff_mean_ms"": 33.227, ""infer_mean_ms"": 33.226}, {""stream_id"": 1, ""sid"": 22, ""device"": ""NPU"", ""sap"": 0.19123, ""sap_s"": 0.00101, ""sap_m"": 0.17331, ""sap_l"": 0.61377, ""skip"": 0.45, ""eff_mean_ms"": 16.724, ""infer_mean_ms"": 16.724}, {""stream_id"": 2, ""sid"": 3, ""device"": ""NPU"", ""sap"": 0.12145, ""sap_s"": 0.00049, ""sap_m"": 0.18159, ""sap_l"": 0.33898, ""skip"": 0.0, ""eff_mean_ms"": 16.259, ""infer_mean_ms"": 16.259}, {""stream_id"": 3, ""sid"": 21, ""device"": ""NPU"", ""sap"": 0.0836, ""sap_s"": 0.0014, ""sap_m"": 0.02445, ""sap_l"": 0.21271, ""skip"": 0.0, ""eff_mean_ms"": 16.067, ""infer_mean_ms"": 16.067}]",1782627272.785,1782627288.084,33.333,30.0,yolo11s,argoverse-hd-val,1782627288
rev30_1782625012,N4,4,NNNN,6,0,0.0,0.57,0.08352,0.12624,0.11505,0.09115,0.00356,0.13032,0.43289,-16.139,"[{""stream_id"": 0, ""sid"": 2, ""device"": ""NPU"", ""sap"": 0.10896, ""sap_s"": 0.01133, ""sap_m"": 0.14252, ""sap_l"": 0.5658, ""skip"": 0.46, ""eff_mean_ms"": 17.318, ""infer_mean_ms"": 17.317}, {""stream_id"": 1, ""sid"": 22, ""device"": ""NPU"", ""sap"": 0.19133, ""sap_s"": 0.001, ""sap_m"": 0.17333, ""sap_l"": 0.6143, ""skip"": 1.12, ""eff_mean_ms"": 17.62, ""infer_mean_ms"": 17.62}, {""stream_id"": 2, ""sid"": 3, ""device"": ""NPU"", ""sap"": 0.12115, ""sap_s"": 0.00049, ""sap_m"": 0.18109, ""sap_l"": 0.33898, ""skip"": 0.45, ""eff_mean_ms"": 17.029, ""infer_mean_ms"": 17.029}, {""stream_id"": 3, ""sid"": 21, ""device"": ""NPU"", ""sap"": 0.08352, ""sap_s"": 0.0014, ""sap_m"": 0.02433, ""sap_l"": 0.21246, ""skip"": 0.23, ""eff_mean_ms"": 16.809, ""infer_mean_ms"": 16.809}]",1782627288.085,1782627298.25,33.333,30.0,yolo11s,argoverse-hd-val,1782627298
rev30_1782625012,N4,4,GGGG,6,1,63.08,0.0,0.07804,0.11544,0.09491,0.0825,0.00589,0.12664,0.34691,8.066,"[{""stream_id"": 0, ""sid"": 2, ""device"": ""GPU"", ""sap"": 0.0929, ""sap_s"": 0.01244, ""sap_m"": 0.1059, ""sap_l"": 0.42874, ""skip"": 60.7, ""eff_mean_ms"": 40.382, ""infer_mean_ms"": 40.381}, {""stream_id"": 1, ""sid"": 22, ""device"": ""GPU"", ""sap"": 0.1939, ""sap_s"": 0.00109, ""sap_m"": 0.18956, ""sap_l"": 0.59049, ""skip"": 65.77, ""eff_mean_ms"": 41.986, ""infer_mean_ms"": 41.986}, {""stream_id"": 2, ""sid"": 3, ""device"": ""GPU"", ""sap"": 0.09692, ""sap_s"": 0.00196, ""sap_m"": 0.19197, ""sap_l"": 0.17141, ""skip"": 60.0, ""eff_mean_ms"": 40.165, ""infer_mean_ms"": 40.165}, {""stream_id"": 3, ""sid"": 21, ""device"": ""GPU"", ""sap"": 0.07804, ""sap_s"": 0.00807, ""sap_m"": 0.01914, ""sap_l"": 0.19702, ""skip"": 65.85, ""eff_mean_ms"": 43.064, ""infer_mean_ms"": 43.064}]",1782627298.251,1782627315.928,33.333,30.0,yolo11s,argoverse-hd-val,1782627315
rev30_1782625012,N4,4,GGNG,6,1,55.74,0.0,0.07201,0.12167,0.1064,0.07782,0.00761,0.10275,0.40681,5.417,"[{""stream_id"": 0, ""sid"": 2, ""device"": ""GPU"", ""sap"": 0.09136, ""sap_s"": 0.01293, ""sap_m"": 0.1059, ""sap_l"": 0.41463, ""skip"": 56.36, ""eff_mean_ms"": 38.56, ""infer_mean_ms"": 38.559}, {""stream_id"": 1, ""sid"": 22, ""device"": ""GPU"", ""sap"": 0.20186, ""sap_s"": 0.00136, ""sap_m"": 0.18851, ""sap_l"": 0.61207, ""skip"": 56.09, ""eff_mean_ms"": 39.118, ""infer_mean_ms"": 39.117}, {""stream_id"": 2, ""sid"": 3, ""device"": ""NPU"", ""sap"": 0.12145, ""sap_s"": 0.00049, ""sap_m"": 0.18159, ""sap_l"": 0.33898, ""skip"": 0.0, ""eff_mean_ms"": 15.12, ""infer_mean_ms"": 15.12}, {""stream_id"": 3, ""sid"": 21, ""device"": ""GPU"", ""sap"": 0.07201, ""sap_s"": 0.00855, ""sap_m"": 0.01384, ""sap_l"": 0.19374, ""skip"": 54.76, ""eff_mean_ms"": 38.573, ""infer_mean_ms"": 38.573}]",1782627315.928,1782627333.195,33.333,30.0,yolo11s,argoverse-hd-val,1782627333
rev30_1782625012,N4,4,GGNN,6,1,41.7,0.12,0.0834,0.12517,0.10787,0.08667,0.00784,0.15254,0.5241,1.491,"[{""stream_id"": 0, ""sid"": 2, ""device"": ""GPU"", ""sap"": 0.0943, ""sap_s"": 0.01425, ""sap_m"": 0.11668, ""sap_l"": 0.43686, ""skip"": 40.34, ""eff_mean_ms"": 34.4, ""infer_mean_ms"": 34.4}, {""stream_id"": 1, ""sid"": 22, ""device"": ""GPU"", ""sap"": 0.20153, ""sap_s"": 0.00143, ""sap_m"": 0.18841, ""sap_l"": 0.61134, ""skip"": 43.06, ""eff_mean_ms"": 35.248, ""infer_mean_ms"": 35.248}, {""stream_id"": 2, ""sid"": 3, ""device"": ""NPU"", ""sap"": 0.12145, ""sap_s"": 0.00049, ""sap_m"": 0.18159, ""sap_l"": 0.33898, ""skip"": 0.0, ""eff_mean_ms"": 15.499, ""infer_mean_ms"": 15.499}, {""stream_id"": 3, ""sid"": 21, ""device"": ""NPU"", ""sap"": 0.0834, ""sap_s"": 0.0014, ""sap_m"": 0.02416, ""sap_l"": 0.21262, ""skip"": 0.23, ""eff_mean_ms"": 15.699, ""infer_mean_ms"": 15.699}]",1782627333.195,1782627349.099,33.333,30.0,yolo11s,argoverse-hd-val,1782627349
rev30_1782625012,N4,4,GNNN,6,1,34.28,0.15,0.0836,0.12299,0.10855,0.08721,0.01466,0.11952,0.47049,-0.42,"[{""stream_id"": 0, ""sid"": 2, ""device"": ""GPU"", ""sap"": 0.09562, ""sap_s"": 0.01466, ""sap_m"": 0.11952, ""sap_l"": 0.47049, ""skip"": 34.28, ""eff_mean_ms"": 32.913, ""infer_mean_ms"": 32.913}, {""stream_id"": 1, ""sid"": 22, ""device"": ""NPU"", ""sap"": 0.19126, ""sap_s"": 0.00101, ""sap_m"": 0.1734, ""sap_l"": 0.61395, ""skip"": 0.22, ""eff_mean_ms"": 16.953, ""infer_mean_ms"": 16.952}, {""stream_id"": 2, ""sid"": 3, ""device"": ""NPU"", ""sap"": 0.12149, ""sap_s"": 0.00049, ""sap_m"": 0.18159, ""sap_l"": 0.33896, ""skip"": 0.22, ""eff_mean_ms"": 16.285, ""infer_mean_ms"": 16.284}, {""stream_id"": 3, ""sid"": 21, ""device"": ""NPU"", ""sap"": 0.0836, ""sap_s"": 0.0014, ""sap_m"": 0.02445, ""sap_l"": 0.21271, ""skip"": 0.0, ""eff_mean_ms"": 16.044, ""infer_mean_ms"": 16.044}]",1782627349.099,1782627364.147,33.333,30.0,yolo11s,argoverse-hd-val,1782627364
rev30_1782625012,N4,4,NNNN,6,1,0.0,0.74,0.08316,0.12588,0.11457,0.09086,0.00356,0.12947,0.43265,-16.088,"[{""stream_id"": 0, ""sid"": 2, ""device"": ""NPU"", ""sap"": 0.10881, ""sap_s"": 0.01134, ""sap_m"": 0.14207, ""sap_l"": 0.56541, ""skip"": 0.46, ""eff_mean_ms"": 17.265, ""infer_mean_ms"": 17.265}, {""stream_id"": 1, ""sid"": 22, ""device"": ""NPU"", ""sap"": 0.19122, ""sap_s"": 0.00101, ""sap_m"": 0.1733, ""sap_l"": 0.6139, ""skip"": 0.22, ""eff_mean_ms"": 17.215, ""infer_mean_ms"": 17.214}, {""stream_id"": 2, ""sid"": 3, ""device"": ""NPU"", ""sap"": 0.12032, ""sap_s"": 0.00049, ""sap_m"": 0.17841, ""sap_l"": 0.33945, ""skip"": 1.35, ""eff_mean_ms"": 17.398, ""infer_mean_ms"": 17.397}, {""stream_id"": 3, ""sid"": 21, ""device"": ""NPU"", ""sap"": 0.08316, ""sap_s"": 0.0014, ""sap_m"": 0.02411, ""sap_l"": 0.21182, ""skip"": 0.91, ""eff_mean_ms"": 17.105, ""infer_mean_ms"": 17.105}]",1782627364.148,1782627374.225,33.333,30.0,yolo11s,argoverse-hd-val,1782627374
rev30_1782625012,N4,4,GGGG,6,2,64.01,0.0,0.07437,0.11389,0.09326,0.0792,0.00602,0.12398,0.35347,8.004,"[{""stream_id"": 0, ""sid"": 2, ""device"": ""GPU"", ""sap"": 0.09048, ""sap_s"": 0.01267, ""sap_m"": 0.0981, ""sap_l"": 0.40838, ""skip"": 63.28, ""eff_mean_ms"": 41.63, ""infer_mean_ms"": 41.63}, {""stream_id"": 1, ""sid"": 22, ""device"": ""GPU"", ""sap"": 0.19466, ""sap_s"": 0.00118, ""sap_m"": 0.18889, ""sap_l"": 0.59431, ""skip"": 64.39, ""eff_mean_ms"": 41.82, ""infer_mean_ms"": 41.82}, {""stream_id"": 2, ""sid"": 3, ""device"": ""GPU"", ""sap"": 0.09604, ""sap_s"": 0.00209, ""sap_m"": 0.19323, ""sap_l"": 0.21667, ""skip"": 62.28, ""eff_mean_ms"": 41.225, ""infer_mean_ms"": 41.225}, {""stream_id"": 3, ""sid"": 21, ""device"": ""GPU"", ""sap"": 0.07437, ""sap_s"": 0.00813, ""sap_m"": 0.01568, ""sap_l"": 0.19454, ""skip"": 66.09, ""eff_mean_ms"": 40.674, ""infer_mean_ms"": 40.673}]",1782627374.226,1782627391.814,33.333,30.0,yolo11s,argoverse-hd-val,1782627391
rev30_1782625012,N4,4,GGNG,6,2,56.14,0.0,0.07387,0.12042,0.10609,0.07893,0.00795,0.10187,0.40928,4.89,"[{""stream_id"": 0, ""sid"": 2, ""device"": ""GPU"", ""sap"": 0.09073, ""sap_s"": 0.01352, ""sap_m"": 0.10409, ""sap_l"": 0.43246, ""skip"": 59.2, ""eff_mean_ms"": 38.864, ""infer_mean_ms"": 38.864}, {""stream_id"": 1, ""sid"": 22, ""device"": ""GPU"", ""sap"": 0.19563, ""sap_s"": 0.00152, ""sap_m"": 0.18873, ""sap_l"": 0.59781, ""skip"": 53.91, ""eff_mean_ms"": 38.384, ""infer_mean_ms"": 38.383}, {""stream_id"": 2, ""sid"": 3, ""device"": ""NPU"", ""sap"": 0.12145, ""sap_s"": 0.00049, ""sap_m"": 0.18159, ""sap_l"": 0.33898, ""skip"": 0.0, ""eff_mean_ms"": 15.273, ""infer_mean_ms"": 15.273}, {""stream_id"": 3, ""sid"": 21, ""device"": ""GPU"", ""sap"": 0.07387, ""sap_s"": 0.0088, ""sap_m"": 0.01278, ""sap_l"": 0.19756, ""skip"": 55.31, ""eff_mean_ms"": 37.422, ""infer_mean_ms"": 37.421}]",1782627391.815,1782627409.052,33.333,30.0,yolo11s,argoverse-hd-val,1782627409
rev30_1782625012,N4,4,GGNN,6,2,47.11,0.11,0.0836,0.12542,0.10771,0.08673,0.00819,0.15235,0.52275,3.054,"[{""stream_id"": 0, ""sid"": 2, ""device"": ""GPU"", ""sap"": 0.09405, ""sap_s"": 0.01499, ""sap_m"": 0.11641, ""sap_l"": 0.4313, ""skip"": 46.2, ""eff_mean_ms"": 36.087, ""infer_mean_ms"": 36.087}, {""stream_id"": 1, ""sid"": 22, ""device"": ""GPU"", ""sap"": 0.20265, ""sap_s"": 0.00139, ""sap_m"": 0.18829, ""sap_l"": 0.6142, ""skip"": 48.02, ""eff_mean_ms"": 36.687, ""infer_mean_ms"": 36.686}, {""stream_id"": 2, ""sid"": 3, ""device"": ""NPU"", ""sap"": 0.12137, ""sap_s"": 0.00049, ""sap_m"": 0.18159, ""sap_l"": 0.33884, ""skip"": 0.22, ""eff_mean_ms"": 18.252, ""infer_mean_ms"": 18.252}, {""stream_id"": 3, ""sid"": 21, ""device"": ""NPU"", ""sap"": 0.0836, ""sap_s"": 0.0014, ""sap_m"": 0.02445, ""sap_l"": 0.21271, ""skip"": 0.0, ""eff_mean_ms"": 15.917, ""infer_mean_ms"": 15.917}]",1782627409.053,1782627425.273,33.333,30.0,yolo11s,argoverse-hd-val,1782627425
rev30_1782625012,N4,4,GNNN,6,2,29.55,0.22,0.0836,0.12345,0.10948,0.08778,0.01475,0.12451,0.47225,-1.212,"[{""stream_id"": 0, ""sid"": 2, ""device"": ""GPU"", ""sap"": 0.09753, ""sap_s"": 0.01475, ""sap_m"": 0.12451, ""sap_l"": 0.47225, ""skip"": 29.55, ""eff_mean_ms"": 32.121, ""infer_mean_ms"": 32.121}, {""stream_id"": 1, ""sid"": 22, ""device"": ""NPU"", ""sap"": 0.19124, ""sap_s"": 0.00101, ""sap_m"": 0.17329, ""sap_l"": 0.61397, ""skip"": 0.22, ""eff_mean_ms"": 16.394, ""infer_mean_ms"": 16.393}, {""stream_id"": 2, ""sid"": 3, ""device"": ""NPU"", ""sap"": 0.12143, ""sap_s"": 0.00053, ""sap_m"": 0.18159, ""sap_l"": 0.33871, ""skip"": 0.45, ""eff_mean_ms"": 16.07, ""infer_mean_ms"": 16.069}, {""stream_id"": 3, ""sid"": 21, ""device"": ""NPU"", ""sap"": 0.0836, ""sap_s"": 0.0014, ""sap_m"": 0.02445, ""sap_l"": 0.21271, ""skip"": 0.0, ""eff_mean_ms"": 15.809, ""infer_mean_ms"": 15.809}]",1782627425.273,1782627440.12,33.333,30.0,yolo11s,argoverse-hd-val,1782627440
rev30_1782625012,N4,4,NNNN,6,2,0.0,0.45,0.08319,0.12614,0.11507,0.0909,0.00356,0.13016,0.43261,-16.154,"[{""stream_id"": 0, ""sid"": 2, ""device"": ""NPU"", ""sap"": 0.1089, ""sap_s"": 0.01134, ""sap_m"": 0.14191, ""sap_l"": 0.56549, ""skip"": 0.46, ""eff_mean_ms"": 17.471, ""infer_mean_ms"": 17.47}, {""stream_id"": 1, ""sid"": 22, ""device"": ""NPU"", ""sap"": 0.19124, ""sap_s"": 0.00101, ""sap_m"": 0.17334, ""sap_l"": 0.61397, ""skip"": 0.67, ""eff_mean_ms"": 17.279, ""infer_mean_ms"": 17.279}, {""stream_id"": 2, ""sid"": 3, ""device"": ""NPU"", ""sap"": 0.12123, ""sap_s"": 0.00049, ""sap_m"": 0.18097, ""sap_l"": 0.33898, ""skip"": 0.22, ""eff_mean_ms"": 17.075, ""infer_mean_ms"": 17.075}, {""stream_id"": 3, ""sid"": 21, ""device"": ""NPU"", ""sap"": 0.08319, ""sap_s"": 0.0014, ""sap_m"": 0.02442, ""sap_l"": 0.21198, ""skip"": 0.46, ""eff_mean_ms"": 16.893, ""infer_mean_ms"": 16.892}]",1782627440.121,1782627450.134,33.333,30.0,yolo11s,argoverse-hd-val,1782627450
rev30_1782625012,N4,4,GGGG,6,3,59.79,0.0,0.0787,0.11478,0.09445,0.08256,0.00604,0.12587,0.34148,7.149,"[{""stream_id"": 0, ""sid"": 2, ""device"": ""GPU"", ""sap"": 0.09157, ""sap_s"": 0.01256, ""sap_m"": 0.10448, ""sap_l"": 0.41091, ""skip"": 58.11, ""eff_mean_ms"": 40.582, ""infer_mean_ms"": 40.581}, {""stream_id"": 1, ""sid"": 22, ""device"": ""GPU"", ""sap"": 0.1915, ""sap_s"": 0.00106, ""sap_m"": 0.18999, ""sap_l"": 0.57993, ""skip"": 61.99, ""eff_mean_ms"": 41.38, ""infer_mean_ms"": 41.379}, {""stream_id"": 2, ""sid"": 3, ""device"": ""GPU"", ""sap"": 0.09734, ""sap_s"": 0.00207, ""sap_m"": 0.19059, ""sap_l"": 0.17277, ""skip"": 60.53, ""eff_mean_ms"": 40.586, ""infer_mean_ms"": 40.586}, {""stream_id"": 3, ""sid"": 21, ""device"": ""GPU"", ""sap"": 0.0787, ""sap_s"": 0.00846, ""sap_m"": 0.01841, ""sap_l"": 0.20229, ""skip"": 58.52, ""eff_mean_ms"": 39.381, ""infer_mean_ms"": 39.381}]",1782627450.135,1782627467.614,33.333,30.0,yolo11s,argoverse-hd-val,1782627467
rev30_1782625012,N4,4,GGNG,6,3,60.73,0.0,0.07255,0.12077,0.1068,0.07843,0.00781,0.10256,0.41068,5.94,"[{""stream_id"": 0, ""sid"": 2, ""device"": ""GPU"", ""sap"": 0.09215, ""sap_s"": 0.01357, ""sap_m"": 0.10713, ""sap_l"": 0.4402, ""skip"": 61.21, ""eff_mean_ms"": 39.076, ""infer_mean_ms"": 39.076}, {""stream_id"": 1, ""sid"": 22, ""device"": ""GPU"", ""sap"": 0.19694, ""sap_s"": 0.00102, ""sap_m"": 0.18825, ""sap_l"": 0.59859, ""skip"": 60.87, ""eff_mean_ms"": 40.026, ""infer_mean_ms"": 40.026}, {""stream_id"": 2, ""sid"": 3, ""device"": ""NPU"", ""sap"": 0.12145, ""sap_s"": 0.00049, ""sap_m"": 0.18159, ""sap_l"": 0.33898, ""skip"": 0.0, ""eff_mean_ms"": 15.017, ""infer_mean_ms"": 15.017}, {""stream_id"": 3, ""sid"": 21, ""device"": ""GPU"", ""sap"": 0.07255, ""sap_s"": 0.00884, ""sap_m"": 0.0123, ""sap_l"": 0.19324, ""skip"": 60.11, ""eff_mean_ms"": 38.717, ""infer_mean_ms"": 38.717}]",1782627467.615,1782627484.954,33.333,30.0,yolo11s,argoverse-hd-val,1782627484
rev30_1782625012,N4,4,GGNN,6,3,45.28,0.0,0.0836,0.12559,0.10725,0.08643,0.00775,0.15083,0.52015,2.74,"[{""stream_id"": 0, ""sid"": 2, ""device"": ""GPU"", ""sap"": 0.09304, ""sap_s"": 0.01411, ""sap_m"": 0.11239, ""sap_l"": 0.42262, ""skip"": 44.86, ""eff_mean_ms"": 35.874, ""infer_mean_ms"": 35.873}, {""stream_id"": 1, ""sid"": 22, ""device"": ""GPU"", ""sap"": 0.20426, ""sap_s"": 0.00139, ""sap_m"": 0.18928, ""sap_l"": 0.61767, ""skip"": 45.71, ""eff_mean_ms"": 36.273, ""infer_mean_ms"": 36.273}, {""stream_id"": 2, ""sid"": 3, ""device"": ""NPU"", ""sap"": 0.12145, ""sap_s"": 0.00049, ""sap_m"": 0.18159, ""sap_l"": 0.33898, ""skip"": 0.0, ""eff_mean_ms"": 17.622, ""infer_mean_ms"": 17.622}, {""stream_id"": 3, ""sid"": 21, ""device"": ""NPU"", ""sap"": 0.0836, ""sap_s"": 0.0014, ""sap_m"": 0.02445, ""sap_l"": 0.21271, ""skip"": 0.0, ""eff_mean_ms"": 15.471, ""infer_mean_ms"": 15.47}]",1782627484.956,1782627501.033,33.333,30.0,yolo11s,argoverse-hd-val,1782627501
rev30_1782625012,N4,4,GNNN,6,3,34.71,0.15,0.0836,0.12326,0.10909,0.08759,0.01492,0.1232,0.46356,-1.584,"[{""stream_id"": 0, ""sid"": 2, ""device"": ""GPU"", ""sap"": 0.0969, ""sap_s"": 0.01492, ""sap_m"": 0.1232, ""sap_l"": 0.46356, ""skip"": 34.71, ""eff_mean_ms"": 31.749, ""infer_mean_ms"": 31.748}, {""stream_id"": 1, ""sid"": 22, ""device"": ""NPU"", ""sap"": 0.19125, ""sap_s"": 0.00101, ""sap_m"": 0.17335, ""sap_l"": 0.61395, ""skip"": 0.22, ""eff_mean_ms"": 16.859, ""infer_mean_ms"": 16.858}, {""stream_id"": 2, ""sid"": 3, ""device"": ""NPU"", ""sap"": 0.12129, ""sap_s"": 0.00049, ""sap_m"": 0.18159, ""sap_l"": 0.33877, ""skip"": 0.22, ""eff_mean_ms"": 16.303, ""infer_mean_ms"": 16.303}, {""stream_id"": 3, ""sid"": 21, ""device"": ""NPU"", ""sap"": 0.0836, ""sap_s"": 0.0014, ""sap_m"": 0.02445, ""sap_l"": 0.21271, ""skip"": 0.0, ""eff_mean_ms"": 16.032, ""infer_mean_ms"": 16.032}]",1782627501.034,1782627515.955,33.333,30.0,yolo11s,argoverse-hd-val,1782627515
rev30_1782625012,N4,4,NNNN,6,3,0.0,0.11,0.0836,0.12629,0.11515,0.09122,0.00356,0.13052,0.43282,-16.082,"[{""stream_id"": 0, ""sid"": 2, ""device"": ""NPU"", ""sap"": 0.109, ""sap_s"": 0.01134, ""sap_m"": 0.14256, ""sap_l"": 0.56587, ""skip"": 0.0, ""eff_mean_ms"": 17.224, ""infer_mean_ms"": 17.224}, {""stream_id"": 1, ""sid"": 22, ""device"": ""NPU"", ""sap"": 0.19124, ""sap_s"": 0.00101, ""sap_m"": 0.17333, ""sap_l"": 0.61395, ""skip"": 0.0, ""eff_mean_ms"": 17.416, ""infer_mean_ms"": 17.415}, {""stream_id"": 2, ""sid"": 3, ""device"": ""NPU"", ""sap"": 0.1213, ""sap_s"": 0.00049, ""sap_m"": 0.18159, ""sap_l"": 0.33876, ""skip"": 0.22, ""eff_mean_ms"": 17.254, ""infer_mean_ms"": 17.254}, {""stream_id"": 3, ""sid"": 21, ""device"": ""NPU"", ""sap"": 0.0836, ""sap_s"": 0.0014, ""sap_m"": 0.02458, ""sap_l"": 0.21271, ""skip"": 0.23, ""eff_mean_ms"": 17.111, ""infer_mean_ms"": 17.111}]",1782627515.955,1782627526.049,33.333,30.0,yolo11s,argoverse-hd-val,1782627526
rev30_1782625012,N4,4,GGGG,6,4,62.24,0.0,0.07719,0.11499,0.09346,0.08119,0.00583,0.1229,0.34689,7.679,"[{""stream_id"": 0, ""sid"": 2, ""device"": ""GPU"", ""sap"": 0.09052, ""sap_s"": 0.01229, ""sap_m"": 0.10192, ""sap_l"": 0.40415, ""skip"": 65.37, ""eff_mean_ms"": 41.594, ""infer_mean_ms"": 41.594}, {""stream_id"": 1, ""sid"": 22, ""device"": ""GPU"", ""sap"": 0.19584, ""sap_s"": 0.00094, ""sap_m"": 0.18981, ""sap_l"": 0.59516, ""skip"": 60.12, ""eff_mean_ms"": 41.124, ""infer_mean_ms"": 41.124}, {""stream_id"": 2, ""sid"": 3, ""device"": ""GPU"", ""sap"": 0.09639, ""sap_s"": 0.00171, ""sap_m"": 0.18322, ""sap_l"": 0.18684, ""skip"": 64.39, ""eff_mean_ms"": 41.987, ""infer_mean_ms"": 41.987}, {""stream_id"": 3, ""sid"": 21, ""device"": ""GPU"", ""sap"": 0.07719, ""sap_s"": 0.0084, ""sap_m"": 0.01665, ""sap_l"": 0.20142, ""skip"": 59.09, ""eff_mean_ms"": 39.345, ""infer_mean_ms"": 39.345}]",1782627526.049,1782627543.653,33.333,30.0,yolo11s,argoverse-hd-val,1782627543
rev30_1782625012,N4,4,GGNG,6,4,57.22,0.0,0.06994,0.12051,0.10705,0.07675,0.00778,0.10336,0.4068,5.772,"[{""stream_id"": 0, ""sid"": 2, ""device"": ""GPU"", ""sap"": 0.09264, ""sap_s"": 0.01381, ""sap_m"": 0.11016, ""sap_l"": 0.42826, ""skip"": 53.48, ""eff_mean_ms"": 37.647, ""infer_mean_ms"": 37.647}, {""stream_id"": 1, ""sid"": 22, ""device"": ""GPU"", ""sap"": 0.19799, ""sap_s"": 0.00125, ""sap_m"": 0.1878, ""sap_l"": 0.60299, ""skip"": 59.52, ""eff_mean_ms"": 40.434, ""infer_mean_ms"": 40.434}, {""stream_id"": 2, ""sid"": 3, ""device"": ""NPU"", ""sap"": 0.12145, ""sap_s"": 0.00049, ""sap_m"": 0.18159, ""sap_l"": 0.33898, ""skip"": 0.0, ""eff_mean_ms"": 15.225, ""infer_mean_ms"": 15.224}, {""stream_id"": 3, ""sid"": 21, ""device"": ""GPU"", ""sap"": 0.06994, ""sap_s"": 0.00827, ""sap_m"": 0.01212, ""sap_l"": 0.18915, ""skip"": 58.67, ""eff_mean_ms"": 39.235, ""infer_mean_ms"": 39.235}]",1782627543.654,1782627560.965,33.333,30.0,yolo11s,argoverse-hd-val,1782627560
rev30_1782625012,N4,4,GGNN,6,4,40.66,0.0,0.0836,0.1256,0.10811,0.08695,0.00812,0.15121,0.5284,1.397,"[{""stream_id"": 0, ""sid"": 2, ""device"": ""GPU"", ""sap"": 0.09476, ""sap_s"": 0.01477, ""sap_m"": 0.1145, ""sap_l"": 0.4405, ""skip"": 41.11, ""eff_mean_ms"": 34.431, ""infer_mean_ms"": 34.431}, {""stream_id"": 1, ""sid"": 22, ""device"": ""GPU"", ""sap"": 0.20259, ""sap_s"": 0.00147, ""sap_m"": 0.18792, ""sap_l"": 0.6163, ""skip"": 40.22, ""eff_mean_ms"": 35.03, ""infer_mean_ms"": 35.03}, {""stream_id"": 2, ""sid"": 3, ""device"": ""NPU"", ""sap"": 0.12145, ""sap_s"": 0.00049, ""sap_m"": 0.18159, ""sap_l"": 0.33898, ""skip"": 0.0, ""eff_mean_ms"": 15.43, ""infer_mean_ms"": 15.43}, {""stream_id"": 3, ""sid"": 21, ""device"": ""NPU"", ""sap"": 0.0836, ""sap_s"": 0.0014, ""sap_m"": 0.02445, ""sap_l"": 0.21271, ""skip"": 0.0, ""eff_mean_ms"": 15.14, ""infer_mean_ms"": 15.14}]",1782627560.966,1782627577.051,33.333,30.0,yolo11s,argoverse-hd-val,1782627577
rev30_1782625012,N4,4,GNNN,6,4,34.84,0.22,0.0836,0.12297,0.10866,0.08728,0.01519,0.12241,0.46185,-1.036,"[{""stream_id"": 0, ""sid"": 2, ""device"": ""GPU"", ""sap"": 0.09586, ""sap_s"": 0.01519, ""sap_m"": 0.12241, ""sap_l"": 0.46185, ""skip"": 34.84, ""eff_mean_ms"": 32.297, ""infer_mean_ms"": 32.296}, {""stream_id"": 1, ""sid"": 22, ""device"": ""NPU"", ""sap"": 0.19096, ""sap_s"": 0.001, ""sap_m"": 0.17314, ""sap_l"": 0.6138, ""skip"": 0.67, ""eff_mean_ms"": 18.133, ""infer_mean_ms"": 18.132}, {""stream_id"": 2, ""sid"": 3, ""device"": ""NPU"", ""sap"": 0.12145, ""sap_s"": 0.00049, ""sap_m"": 0.18159, ""sap_l"": 0.33898, ""skip"": 0.0, ""eff_mean_ms"": 16.606, ""infer_mean_ms"": 16.605}, {""stream_id"": 3, ""sid"": 21, ""device"": ""NPU"", ""sap"": 0.0836, ""sap_s"": 0.0014, ""sap_m"": 0.02445, ""sap_l"": 0.21271, ""skip"": 0.0, ""eff_mean_ms"": 16.181, ""infer_mean_ms"": 16.181}]",1782627577.052,1782627591.945,33.333,30.0,yolo11s,argoverse-hd-val,1782627591
rev30_1782625012,N4,4,NNNN,6,4,0.0,0.4,0.08372,0.12597,0.11451,0.09129,0.00355,0.12968,0.43283,-16.155,"[{""stream_id"": 0, ""sid"": 2, ""device"": ""NPU"", ""sap"": 0.10895, ""sap_s"": 0.01132, ""sap_m"": 0.14195, ""sap_l"": 0.56587, ""skip"": 0.23, ""eff_mean_ms"": 17.389, ""infer_mean_ms"": 17.389}, {""stream_id"": 1, ""sid"": 22, ""device"": ""NPU"", ""sap"": 0.19113, ""sap_s"": 0.001, ""sap_m"": 0.17339, ""sap_l"": 0.6138, ""skip"": 0.67, ""eff_mean_ms"": 17.632, ""infer_mean_ms"": 17.632}, {""stream_id"": 2, ""sid"": 3, ""device"": ""NPU"", ""sap"": 0.12007, ""sap_s"": 0.00049, ""sap_m"": 0.17892, ""sap_l"": 0.3389, ""skip"": 0.45, ""eff_mean_ms"": 16.984, ""infer_mean_ms"": 16.984}, {""stream_id"": 3, ""sid"": 21, ""device"": ""NPU"", ""sap"": 0.08372, ""sap_s"": 0.0014, ""sap_m"": 0.02445, ""sap_l"": 0.21274, ""skip"": 0.23, ""eff_mean_ms"": 16.71, ""infer_mean_ms"": 16.709}]",1782627591.947,1782627602.125,33.333,30.0,yolo11s,argoverse-hd-val,1782627602
rev30_1782625012,N4,4,GGGG,8,0,66.88,0.0,0.06758,0.11142,0.0918,0.07437,0.00594,0.12171,0.34154,10.649,"[{""stream_id"": 0, ""sid"": 2, ""device"": ""GPU"", ""sap"": 0.0902, ""sap_s"": 0.01257, ""sap_m"": 0.10054, ""sap_l"": 0.40627, ""skip"": 66.35, ""eff_mean_ms"": 43.917, ""infer_mean_ms"": 43.916}, {""stream_id"": 1, ""sid"": 22, ""device"": ""GPU"", ""sap"": 0.1945, ""sap_s"": 0.00092, ""sap_m"": 0.18899, ""sap_l"": 0.58892, ""skip"": 68.87, ""eff_mean_ms"": 44.52, ""infer_mean_ms"": 44.519}, {""stream_id"": 2, ""sid"": 3, ""device"": ""GPU"", ""sap"": 0.09341, ""sap_s"": 0.00208, ""sap_m"": 0.18465, ""sap_l"": 0.18786, ""skip"": 65.85, ""eff_mean_ms"": 43.579, ""infer_mean_ms"": 43.578}, {""stream_id"": 3, ""sid"": 21, ""device"": ""GPU"", ""sap"": 0.06758, ""sap_s"": 0.00817, ""sap_m"": 0.01264, ""sap_l"": 0.18311, ""skip"": 66.46, ""eff_mean_ms"": 43.912, ""infer_mean_ms"": 43.911}]",1782627602.126,1782627619.812,33.333,30.0,yolo11s,argoverse-hd-val,1782627619
rev30_1782625012,N4,4,GGNG,8,0,63.86,0.0,0.07131,0.1193,0.1049,0.07642,0.00737,0.10114,0.39172,8.813,"[{""stream_id"": 0, ""sid"": 2, ""device"": ""GPU"", ""sap"": 0.08836, ""sap_s"": 0.01287, ""sap_m"": 0.10093, ""sap_l"": 0.39549, ""skip"": 65.09, ""eff_mean_ms"": 42.279, ""infer_mean_ms"": 42.279}, {""stream_id"": 1, ""sid"": 22, ""device"": ""GPU"", ""sap"": 0.19608, ""sap_s"": 0.00113, ""sap_m"": 0.18963, ""sap_l"": 0.59054, ""skip"": 62.92, ""eff_mean_ms"": 41.985, ""infer_mean_ms"": 41.985}, {""stream_id"": 2, ""sid"": 3, ""device"": ""NPU"", ""sap"": 0.12145, ""sap_s"": 0.00049, ""sap_m"": 0.18159, ""sap_l"": 0.33898, ""skip"": 0.0, ""eff_mean_ms"": 14.882, ""infer_mean_ms"": 14.881}, {""stream_id"": 3, ""sid"": 21, ""device"": ""GPU"", ""sap"": 0.07131, ""sap_s"": 0.0081, ""sap_m"": 0.01287, ""sap_l"": 0.18913, ""skip"": 63.58, ""eff_mean_ms"": 42.174, ""infer_mean_ms"": 42.173}]",1782627619.812,1782627637.173,33.333,30.0,yolo11s,argoverse-hd-val,1782627637
rev30_1782625012,N4,4,GGNN,8,0,54.08,0.0,0.0836,0.12295,0.10493,0.08504,0.00736,0.14619,0.51045,6.646,"[{""stream_id"": 0, ""sid"": 2, ""device"": ""GPU"", ""sap"": 0.0884, ""sap_s"": 0.01331, ""sap_m"": 0.10408, ""sap_l"": 0.42021, ""skip"": 52.44, ""eff_mean_ms"": 39.76, ""infer_mean_ms"": 39.76}, {""stream_id"": 1, ""sid"": 22, ""device"": ""GPU"", ""sap"": 0.19837, ""sap_s"": 0.0014, ""sap_m"": 0.1883, ""sap_l"": 0.6007, ""skip"": 55.72, ""eff_mean_ms"": 40.199, ""infer_mean_ms"": 40.198}, {""stream_id"": 2, ""sid"": 3, ""device"": ""NPU"", ""sap"": 0.12145, ""sap_s"": 0.00049, ""sap_m"": 0.18159, ""sap_l"": 0.33898, ""skip"": 0.0, ""eff_mean_ms"": 15.692, ""infer_mean_ms"": 15.691}, {""stream_id"": 3, ""sid"": 21, ""device"": ""NPU"", ""sap"": 0.0836, ""sap_s"": 0.0014, ""sap_m"": 0.02445, ""sap_l"": 0.21271, ""skip"": 0.0, ""eff_mean_ms"": 17.749, ""infer_mean_ms"": 17.748}]",1782627637.173,1782627654.027,33.333,30.0,yolo11s,argoverse-hd-val,1782627654
rev30_1782625012,N4,4,GNNN,8,0,37.39,0.3,0.08348,0.1225,0.10769,0.08659,0.0148,0.11638,0.45556,1.429,"[{""stream_id"": 0, ""sid"": 2, ""device"": ""GPU"", ""sap"": 0.09386, ""sap_s"": 0.0148, ""sap_m"": 0.11638, ""sap_l"": 0.45556, ""skip"": 37.39, ""eff_mean_ms"": 34.762, ""infer_mean_ms"": 34.761}, {""stream_id"": 1, ""sid"": 22, ""device"": ""NPU"", ""sap"": 0.19112, ""sap_s"": 0.00101, ""sap_m"": 0.17326, ""sap_l"": 0.6136, ""skip"": 0.45, ""eff_mean_ms"": 16.542, ""infer_mean_ms"": 16.542}, {""stream_id"": 2, ""sid"": 3, ""device"": ""NPU"", ""sap"": 0.12152, ""sap_s"": 0.00049, ""sap_m"": 0.18158, ""sap_l"": 0.33906, ""skip"": 0.22, ""eff_mean_ms"": 16.171, ""infer_mean_ms"": 16.171}, {""stream_id"": 3, ""sid"": 21, ""device"": ""NPU"", ""sap"": 0.08348, ""sap_s"": 0.0014, ""sap_m"": 0.02436, ""sap_l"": 0.21272, ""skip"": 0.23, ""eff_mean_ms"": 16.282, ""infer_mean_ms"": 16.282}]",1782627654.028,1782627669.357,33.333,30.0,yolo11s,argoverse-hd-val,1782627669
rev30_1782625012,N4,4,NNNN,8,0,0.0,0.28,0.0836,0.126,0.11458,0.09119,0.00356,0.13026,0.42978,-16.429,"[{""stream_id"": 0, ""sid"": 2, ""device"": ""NPU"", ""sap"": 0.10891, ""sap_s"": 0.01135, ""sap_m"": 0.14219, ""sap_l"": 0.56499, ""skip"": 0.46, ""eff_mean_ms"": 17.017, ""infer_mean_ms"": 17.016}, {""stream_id"": 1, ""sid"": 22, ""device"": ""NPU"", ""sap"": 0.19124, ""sap_s"": 0.001, ""sap_m"": 0.17331, ""sap_l"": 0.61398, ""skip"": 0.22, ""eff_mean_ms"": 17.001, ""infer_mean_ms"": 17.0}, {""stream_id"": 2, ""sid"": 3, ""device"": ""NPU"", ""sap"": 0.12024, ""sap_s"": 0.00049, ""sap_m"": 0.18108, ""sap_l"": 0.32746, ""skip"": 0.45, ""eff_mean_ms"": 16.95, ""infer_mean_ms"": 16.949}, {""stream_id"": 3, ""sid"": 21, ""device"": ""NPU"", ""sap"": 0.0836, ""sap_s"": 0.0014, ""sap_m"": 0.02445, ""sap_l"": 0.21271, ""skip"": 0.0, ""eff_mean_ms"": 16.648, ""infer_mean_ms"": 16.648}]",1782627669.357,1782627679.261,33.333,30.0,yolo11s,argoverse-hd-val,1782627679
rev30_1782625012,N4,4,GGGG,8,1,67.1,0.0,0.07248,0.11196,0.09204,0.07701,0.00589,0.12099,0.33499,10.468,"[{""stream_id"": 0, ""sid"": 2, ""device"": ""GPU"", ""sap"": 0.08759, ""sap_s"": 0.01246, ""sap_m"": 0.09487, ""sap_l"": 0.39415, ""skip"": 65.08, ""eff_mean_ms"": 43.801, ""infer_mean_ms"": 43.801}, {""stream_id"": 1, ""sid"": 22, ""device"": ""GPU"", ""sap"": 0.19127, ""sap_s"": 0.00121, ""sap_m"": 0.18763, ""sap_l"": 0.58172, ""skip"": 67.69, ""eff_mean_ms"": 43.88, ""infer_mean_ms"": 43.88}, {""stream_id"": 2, ""sid"": 3, ""device"": ""GPU"", ""sap"": 0.09649, ""sap_s"": 0.00224, ""sap_m"": 0.18749, ""sap_l"": 0.17076, ""skip"": 65.65, ""eff_mean_ms"": 42.777, ""infer_mean_ms"": 42.777}, {""stream_id"": 3, ""sid"": 21, ""device"": ""GPU"", ""sap"": 0.07248, ""sap_s"": 0.00765, ""sap_m"": 0.01396, ""sap_l"": 0.19332, ""skip"": 70.0, ""eff_mean_ms"": 44.749, ""infer_mean_ms"": 44.749}]",1782627679.261,1782627696.924,33.333,30.0,yolo11s,argoverse-hd-val,1782627696
rev30_1782625012,N4,4,GGNG,8,1,66.84,0.22,0.0689,0.11759,0.10465,0.07468,0.0078,0.09971,0.38801,9.333,"[{""stream_id"": 0, ""sid"": 2, ""device"": ""GPU"", ""sap"": 0.08816, ""sap_s"": 0.01412, ""sap_m"": 0.0985, ""sap_l"": 0.39141, ""skip"": 66.98, ""eff_mean_ms"": 42.844, ""infer_mean_ms"": 42.844}, {""stream_id"": 1, ""sid"": 22, ""device"": ""GPU"", ""sap"": 0.19214, ""sap_s"": 0.00124, ""sap_m"": 0.18935, ""sap_l"": 0.58608, ""skip"": 63.95, ""eff_mean_ms"": 42.365, ""infer_mean_ms"": 42.364}, {""stream_id"": 2, ""sid"": 3, ""device"": ""NPU"", ""sap"": 0.12114, ""sap_s"": 0.00049, ""sap_m"": 0.18171, ""sap_l"": 0.33805, ""skip"": 0.22, ""eff_mean_ms"": 16.032, ""infer_mean_ms"": 16.032}, {""stream_id"": 3, ""sid"": 21, ""device"": ""GPU"", ""sap"": 0.0689, ""sap_s"": 0.00804, ""sap_m"": 0.01129, ""sap_l"": 0.18653, ""skip"": 69.59, ""eff_mean_ms"": 42.79, ""infer_mean_ms"": 42.79}]",1782627696.924,1782627714.304,33.333,30.0,yolo11s,argoverse-hd-val,1782627714
rev30_1782625012,N4,4,GGNN,8,1,57.7,0.0,0.0836,0.12356,0.10578,0.08555,0.00704,0.14683,0.50889,7.743,"[{""stream_id"": 0, ""sid"": 2, ""device"": ""GPU"", ""sap"": 0.09011, ""sap_s"": 0.01295, ""sap_m"": 0.10632, ""sap_l"": 0.41861, ""skip"": 59.87, ""eff_mean_ms"": 41.664, ""infer_mean_ms"": 41.663}, {""stream_id"": 1, ""sid"": 22, ""device"": ""GPU"", ""sap"": 0.1991, ""sap_s"": 0.00113, ""sap_m"": 0.18734, ""sap_l"": 0.59917, ""skip"": 55.52, ""eff_mean_ms"": 40.488, ""infer_mean_ms"": 40.488}, {""stream_id"": 2, ""sid"": 3, ""device"": ""NPU"", ""sap"": 0.12145, ""sap_s"": 0.00049, ""sap_m"": 0.18159, ""sap_l"": 0.33898, ""skip"": 0.0, ""eff_mean_ms"": 15.568, ""infer_mean_ms"": 15.568}, {""stream_id"": 3, ""sid"": 21, ""device"": ""NPU"", ""sap"": 0.0836, ""sap_s"": 0.0014, ""sap_m"": 0.02445, ""sap_l"": 0.21271, ""skip"": 0.0, ""eff_mean_ms"": 15.22, ""infer_mean_ms"": 15.22}]",1782627714.305,1782627731.295,33.333,30.0,yolo11s,argoverse-hd-val,1782627731
rev30_1782625012,N4,4,GNNN,8,1,37.32,0.22,0.0836,0.12272,0.10805,0.08692,0.01475,0.11793,0.43557,1.042,"[{""stream_id"": 0, ""sid"": 2, ""device"": ""GPU"", ""sap"": 0.09466, ""sap_s"": 0.01475, ""sap_m"": 0.11793, ""sap_l"": 0.43557, ""skip"": 37.32, ""eff_mean_ms"": 34.375, ""infer_mean_ms"": 34.374}, {""stream_id"": 1, ""sid"": 22, ""device"": ""NPU"", ""sap"": 0.19116, ""sap_s"": 0.001, ""sap_m"": 0.1733, ""sap_l"": 0.6135, ""skip"": 0.67, ""eff_mean_ms"": 16.485, ""infer_mean_ms"": 16.484}, {""stream_id"": 2, ""sid"": 3, ""device"": ""NPU"", ""sap"": 0.12145, ""sap_s"": 0.00049, ""sap_m"": 0.18159, ""sap_l"": 0.33898, ""skip"": 0.0, ""eff_mean_ms"": 16.076, ""infer_mean_ms"": 16.076}, {""stream_id"": 3, ""sid"": 21, ""device"": ""NPU"", ""sap"": 0.0836, ""sap_s"": 0.0014, ""sap_m"": 0.02445, ""sap_l"": 0.21271, ""skip"": 0.0, ""eff_mean_ms"": 15.874, ""infer_mean_ms"": 15.873}]",1782627731.295,1782627746.783,33.333,30.0,yolo11s,argoverse-hd-val,1782627746
rev30_1782625012,N4,4,NNNN,8,1,0.0,0.45,0.0836,0.12606,0.11494,0.09117,0.00358,0.13048,0.43236,-16.128,"[{""stream_id"": 0, ""sid"": 2, ""device"": ""NPU"", ""sap"": 0.10885, ""sap_s"": 0.01134, ""sap_m"": 0.14253, ""sap_l"": 0.56568, ""skip"": 0.23, ""eff_mean_ms"": 17.446, ""infer_mean_ms"": 17.446}, {""stream_id"": 1, ""sid"": 22, ""device"": ""NPU"", ""sap"": 0.19076, ""sap_s"": 0.001, ""sap_m"": 0.17351, ""sap_l"": 0.61252, ""skip"": 0.67, ""eff_mean_ms"": 17.291, ""infer_mean_ms"": 17.291}, {""stream_id"": 2, ""sid"": 3, ""device"": ""NPU"", ""sap"": 0.12104, ""sap_s"": 0.00058, ""sap_m"": 0.18142, ""sap_l"": 0.33853, ""skip"": 0.67, ""eff_mean_ms"": 17.127, ""infer_mean_ms"": 17.126}, {""stream_id"": 3, ""sid"": 21, ""device"": ""NPU"", ""sap"": 0.0836, ""sap_s"": 0.0014, ""sap_m"": 0.02445, ""sap_l"": 0.21271, ""skip"": 0.23, ""eff_mean_ms"": 16.957, ""infer_mean_ms"": 16.957}]",1782627746.784,1782627756.802,33.333,30.0,yolo11s,argoverse-hd-val,1782627756
rev30_1782625012,N4,4,GGGG,8,2,70.14,0.0,0.06956,0.11074,0.09037,0.07516,0.00581,0.12071,0.33317,11.679,"[{""stream_id"": 0, ""sid"": 2, ""device"": ""GPU"", ""sap"": 0.08824, ""sap_s"": 0.01227, ""sap_m"": 0.09535, ""sap_l"": 0.4005, ""skip"": 66.98, ""eff_mean_ms"": 43.702, ""infer_mean_ms"": 43.702}, {""stream_id"": 1, ""sid"": 22, ""device"": ""GPU"", ""sap"": 0.19266, ""sap_s"": 0.00096, ""sap_m"": 0.19051, ""sap_l"": 0.58304, ""skip"": 68.27, ""eff_mean_ms"": 45.662, ""infer_mean_ms"": 45.662}, {""stream_id"": 2, ""sid"": 3, ""device"": ""GPU"", ""sap"": 0.0925, ""sap_s"": 0.00234, ""sap_m"": 0.1838, ""sap_l"": 0.1639, ""skip"": 71.8, ""eff_mean_ms"": 45.922, ""infer_mean_ms"": 45.922}, {""stream_id"": 3, ""sid"": 21, ""device"": ""GPU"", ""sap"": 0.06956, ""sap_s"": 0.00768, ""sap_m"": 0.01317, ""sap_l"": 0.18523, ""skip"": 73.5, ""eff_mean_ms"": 44.764, ""infer_mean_ms"": 44.764}]",1782627756.802,1782627774.577,33.333,30.0,yolo11s,argoverse-hd-val,1782627774
rev30_1782625012,N4,4,GGNG,8,2,62.95,0.0,0.0691,0.11907,0.10511,0.075,0.00773,0.10051,0.39181,9.238,"[{""stream_id"": 0, ""sid"": 2, ""device"": ""GPU"", ""sap"": 0.08876, ""sap_s"": 0.01349, ""sap_m"": 0.10165, ""sap_l"": 0.39843, ""skip"": 60.0, ""eff_mean_ms"": 41.017, ""infer_mean_ms"": 41.017}, {""stream_id"": 1, ""sid"": 22, ""device"": ""GPU"", ""sap"": 0.19697, ""sap_s"": 0.00114, ""sap_m"": 0.18755, ""sap_l"": 0.59017, ""skip"": 65.37, ""eff_mean_ms"": 44.028, ""infer_mean_ms"": 44.027}, {""stream_id"": 2, ""sid"": 3, ""device"": ""NPU"", ""sap"": 0.12145, ""sap_s"": 0.00049, ""sap_m"": 0.18159, ""sap_l"": 0.33898, ""skip"": 0.0, ""eff_mean_ms"": 14.774, ""infer_mean_ms"": 14.774}, {""stream_id"": 3, ""sid"": 21, ""device"": ""GPU"", ""sap"": 0.0691, ""sap_s"": 0.00856, ""sap_m"": 0.01232, ""sap_l"": 0.18682, ""skip"": 63.47, ""eff_mean_ms"": 42.67, ""infer_mean_ms"": 42.67}]",1782627774.578,1782627792.066,33.333,30.0,yolo11s,argoverse-hd-val,1782627792
rev30_1782625012,N4,4,GGNN,8,2,56.45,0.0,0.0836,0.12263,0.10456,0.08482,0.00745,0.14583,0.50195,7.776,"[{""stream_id"": 0, ""sid"": 2, ""device"": ""GPU"", ""sap"": 0.08768, ""sap_s"": 0.01361, ""sap_m"": 0.10269, ""sap_l"": 0.40481, ""skip"": 55.41, ""eff_mean_ms"": 41.513, ""infer_mean_ms"": 41.512}, {""stream_id"": 1, ""sid"": 22, ""device"": ""GPU"", ""sap"": 0.19778, ""sap_s"": 0.00128, ""sap_m"": 0.18898, ""sap_l"": 0.59909, ""skip"": 57.49, ""eff_mean_ms"": 40.706, ""infer_mean_ms"": 40.705}, {""stream_id"": 2, ""sid"": 3, ""device"": ""NPU"", ""sap"": 0.12145, ""sap_s"": 0.00049, ""sap_m"": 0.18159, ""sap_l"": 0.33898, ""skip"": 0.0, ""eff_mean_ms"": 18.211, ""infer_mean_ms"": 18.211}, {""stream_id"": 3, ""sid"": 21, ""device"": ""NPU"", ""sap"": 0.0836, ""sap_s"": 0.0014, ""sap_m"": 0.02445, ""sap_l"": 0.21271, ""skip"": 0.0, ""eff_mean_ms"": 15.781, ""infer_mean_ms"": 15.781}]",1782627792.067,1782627808.873,33.333,30.0,yolo11s,argoverse-hd-val,1782627808
rev30_1782625012,N4,4,GNNN,8,2,41.82,0.3,0.0836,0.12148,0.10553,0.08547,0.01384,0.11055,0.40506,3.761,"[{""stream_id"": 0, ""sid"": 2, ""device"": ""GPU"", ""sap"": 0.08982, ""sap_s"": 0.01384, ""sap_m"": 0.11055, ""sap_l"": 0.40506, ""skip"": 41.82, ""eff_mean_ms"": 37.094, ""infer_mean_ms"": 37.093}, {""stream_id"": 1, ""sid"": 22, ""device"": ""NPU"", ""sap"": 0.19124, ""sap_s"": 0.001, ""sap_m"": 0.17343, ""sap_l"": 0.61383, ""skip"": 0.67, ""eff_mean_ms"": 16.461, ""infer_mean_ms"": 16.461}, {""stream_id"": 2, ""sid"": 3, ""device"": ""NPU"", ""sap"": 0.12125, ""sap_s"": 0.00049, ""sap_m"": 0.18159, ""sap_l"": 0.33851, ""skip"": 0.22, ""eff_mean_ms"": 16.206, ""infer_mean_ms"": 16.206}, {""stream_id"": 3, ""sid"": 21, ""device"": ""NPU"", ""sap"": 0.0836, ""sap_s"": 0.0014, ""sap_m"": 0.02445, ""sap_l"": 0.21271, ""skip"": 0.0, ""eff_mean_ms"": 15.958, ""infer_mean_ms"": 15.957}]",1782627808.873,1782627824.845,33.333,30.0,yolo11s,argoverse-hd-val,1782627824
rev30_1782625012,N4,4,NNNN,8,2,0.0,0.51,0.0836,0.12624,0.11505,0.09121,0.00356,0.13087,0.43266,-16.067,"[{""stream_id"": 0, ""sid"": 2, ""device"": ""NPU"", ""sap"": 0.10896, ""sap_s"": 0.01135, ""sap_m"": 0.14218, ""sap_l"": 0.56486, ""skip"": 0.46, ""eff_mean_ms"": 17.476, ""infer_mean_ms"": 17.475}, {""stream_id"": 1, ""sid"": 22, ""device"": ""NPU"", ""sap"": 0.19127, ""sap_s"": 0.00101, ""sap_m"": 0.17344, ""sap_l"": 0.61416, ""skip"": 0.9, ""eff_mean_ms"": 17.275, ""infer_mean_ms"": 17.274}, {""stream_id"": 2, ""sid"": 3, ""device"": ""NPU"", ""sap"": 0.12115, ""sap_s"": 0.00046, ""sap_m"": 0.18339, ""sap_l"": 0.33891, ""skip"": 0.67, ""eff_mean_ms"": 17.01, ""infer_mean_ms"": 17.009}, {""stream_id"": 3, ""sid"": 21, ""device"": ""NPU"", ""sap"": 0.0836, ""sap_s"": 0.0014, ""sap_m"": 0.02445, ""sap_l"": 0.21271, ""skip"": 0.0, ""eff_mean_ms"": 17.306, ""infer_mean_ms"": 17.306}]",1782627824.846,1782627834.847,33.333,30.0,yolo11s,argoverse-hd-val,1782627834
rev30_1782625012,N4,4,GGGG,8,3,66.9,0.0,0.07184,0.11236,0.09424,0.07676,0.00597,0.12499,0.33607,10.899,"[{""stream_id"": 0, ""sid"": 2, ""device"": ""GPU"", ""sap"": 0.08824, ""sap_s"": 0.0127, ""sap_m"": 0.09787, ""sap_l"": 0.40122, ""skip"": 67.76, ""eff_mean_ms"": 45.108, ""infer_mean_ms"": 45.108}, {""stream_id"": 1, ""sid"": 22, ""device"": ""GPU"", ""sap"": 0.18911, ""sap_s"": 0.00109, ""sap_m"": 0.18863, ""sap_l"": 0.57325, ""skip"": 70.32, ""eff_mean_ms"": 45.854, ""infer_mean_ms"": 45.853}, {""stream_id"": 2, ""sid"": 3, ""device"": ""GPU"", ""sap"": 0.10025, ""sap_s"": 0.00245, ""sap_m"": 0.20007, ""sap_l"": 0.17816, ""skip"": 61.58, ""eff_mean_ms"": 41.901, ""infer_mean_ms"": 41.901}, {""stream_id"": 3, ""sid"": 21, ""device"": ""GPU"", ""sap"": 0.07184, ""sap_s"": 0.00764, ""sap_m"": 0.0134, ""sap_l"": 0.19165, ""skip"": 67.95, ""eff_mean_ms"": 44.067, ""infer_mean_ms"": 44.066}]",1782627834.848,1782627852.609,33.333,30.0,yolo11s,argoverse-hd-val,1782627852
rev30_1782625012,N4,4,GGNG,8,3,63.86,0.0,0.06929,0.11777,0.10476,0.07492,0.00744,0.10057,0.38958,10.335,"[{""stream_id"": 0, ""sid"": 2, ""device"": ""GPU"", ""sap"": 0.08806, ""sap_s"": 0.01294, ""sap_m"": 0.10115, ""sap_l"": 0.39803, ""skip"": 62.1, ""eff_mean_ms"": 42.899, ""infer_mean_ms"": 42.899}, {""stream_id"": 1, ""sid"": 22, ""device"": ""GPU"", ""sap"": 0.19227, ""sap_s"": 0.00116, ""sap_m"": 0.1876, ""sap_l"": 0.58294, ""skip"": 64.29, ""eff_mean_ms"": 44.336, ""infer_mean_ms"": 44.336}, {""stream_id"": 2, ""sid"": 3, ""device"": ""NPU"", ""sap"": 0.12145, ""sap_s"": 0.00049, ""sap_m"": 0.18159, ""sap_l"": 0.33898, ""skip"": 0.0, ""eff_mean_ms"": 14.87, ""infer_mean_ms"": 14.87}, {""stream_id"": 3, ""sid"": 21, ""device"": ""GPU"", ""sap"": 0.06929, ""sap_s"": 0.00822, ""sap_m"": 0.01295, ""sap_l"": 0.18776, ""skip"": 65.18, ""eff_mean_ms"": 43.769, ""infer_mean_ms"": 43.768}]",1782627852.609,1782627870.026,33.333,30.0,yolo11s,argoverse-hd-val,1782627870
rev30_1782625012,N4,4,GGNN,8,3,49.53,0.0,0.0836,0.1238,0.10563,0.08546,0.0076,0.14738,0.50511,4.691,"[{""stream_id"": 0, ""sid"": 2, ""device"": ""GPU"", ""sap"": 0.08981, ""sap_s"": 0.01356, ""sap_m"": 0.10668, ""sap_l"": 0.40442, ""skip"": 51.96, ""eff_mean_ms"": 38.809, ""infer_mean_ms"": 38.808}, {""stream_id"": 1, ""sid"": 22, ""device"": ""GPU"", ""sap"": 0.20032, ""sap_s"": 0.00164, ""sap_m"": 0.18808, ""sap_l"": 0.60579, ""skip"": 47.09, ""eff_mean_ms"": 37.239, ""infer_mean_ms"": 37.239}, {""stream_id"": 2, ""sid"": 3, ""device"": ""NPU"", ""sap"": 0.12145, ""sap_s"": 0.00049, ""sap_m"": 0.18159, ""sap_l"": 0.33898, ""skip"": 0.0, ""eff_mean_ms"": 15.198, ""infer_mean_ms"": 15.198}, {""stream_id"": 3, ""sid"": 21, ""device"": ""NPU"", ""sap"": 0.0836, ""sap_s"": 0.0014, ""sap_m"": 0.02445, ""sap_l"": 0.21271, ""skip"": 0.0, ""eff_mean_ms"": 15.011, ""infer_mean_ms"": 15.011}]",1782627870.026,1782627886.531,33.333,30.0,yolo11s,argoverse-hd-val,1782627886
rev30_1782625012,N4,4,GNNN,8,3,41.76,0.07,0.0836,0.12225,0.10708,0.0864,0.01493,0.11602,0.43873,1.81,"[{""stream_id"": 0, ""sid"": 2, ""device"": ""GPU"", ""sap"": 0.09295, ""sap_s"": 0.01493, ""sap_m"": 0.11602, ""sap_l"": 0.43873, ""skip"": 41.76, ""eff_mean_ms"": 35.143, ""infer_mean_ms"": 35.143}, {""stream_id"": 1, ""sid"": 22, ""device"": ""NPU"", ""sap"": 0.19124, ""sap_s"": 0.00101, ""sap_m"": 0.17333, ""sap_l"": 0.61395, ""skip"": 0.0, ""eff_mean_ms"": 16.53, ""infer_mean_ms"": 16.529}, {""stream_id"": 2, ""sid"": 3, ""device"": ""NPU"", ""sap"": 0.1212, ""sap_s"": 0.00049, ""sap_m"": 0.1808, ""sap_l"": 0.33898, ""skip"": 0.22, ""eff_mean_ms"": 16.237, ""infer_mean_ms"": 16.237}, {""stream_id"": 3, ""sid"": 21, ""device"": ""NPU"", ""sap"": 0.0836, ""sap_s"": 0.0014, ""sap_m"": 0.02445, ""sap_l"": 0.21271, ""skip"": 0.0, ""eff_mean_ms"": 16.043, ""infer_mean_ms"": 16.042}]",1782627886.532,1782627902.09,33.333,30.0,yolo11s,argoverse-hd-val,1782627902
rev30_1782625012,N4,4,NNNN,8,3,0.0,0.45,0.08356,0.12586,0.11447,0.09119,0.00356,0.12975,0.43261,-16.293,"[{""stream_id"": 0, ""sid"": 2, ""device"": ""NPU"", ""sap"": 0.10898, ""sap_s"": 0.01133, ""sap_m"": 0.14249, ""sap_l"": 0.56587, ""skip"": 0.46, ""eff_mean_ms"": 17.173, ""infer_mean_ms"": 17.173}, {""stream_id"": 1, ""sid"": 22, ""device"": ""NPU"", ""sap"": 0.19094, ""sap_s"": 0.00101, ""sap_m"": 0.17331, ""sap_l"": 0.61301, ""skip"": 0.22, ""eff_mean_ms"": 17.316, ""infer_mean_ms"": 17.316}, {""stream_id"": 2, ""sid"": 3, ""device"": ""NPU"", ""sap"": 0.11997, ""sap_s"": 0.00049, ""sap_m"": 0.17874, ""sap_l"": 0.33883, ""skip"": 0.67, ""eff_mean_ms"": 16.877, ""infer_mean_ms"": 16.876}, {""stream_id"": 3, ""sid"": 21, ""device"": ""NPU"", ""sap"": 0.08356, ""sap_s"": 0.0014, ""sap_m"": 0.02445, ""sap_l"": 0.21273, ""skip"": 0.46, ""eff_mean_ms"": 16.795, ""infer_mean_ms"": 16.794}]",1782627902.091,1782627912.14,33.333,30.0,yolo11s,argoverse-hd-val,1782627912
rev30_1782625012,N4,4,GGGG,8,4,65.71,0.0,0.07504,0.11116,0.09014,0.0792,0.00577,0.11968,0.34544,10.204,"[{""stream_id"": 0, ""sid"": 2, ""device"": ""GPU"", ""sap"": 0.08889, ""sap_s"": 0.01241, ""sap_m"": 0.09839, ""sap_l"": 0.40871, ""skip"": 65.54, ""eff_mean_ms"": 43.199, ""infer_mean_ms"": 43.198}, {""stream_id"": 1, ""sid"": 22, ""device"": ""GPU"", ""sap"": 0.18933, ""sap_s"": 0.00114, ""sap_m"": 0.18924, ""sap_l"": 0.57518, ""skip"": 68.25, ""eff_mean_ms"": 45.036, ""infer_mean_ms"": 45.035}, {""stream_id"": 2, ""sid"": 3, ""device"": ""GPU"", ""sap"": 0.09139, ""sap_s"": 0.00183, ""sap_m"": 0.17653, ""sap_l"": 0.20283, ""skip"": 64.09, ""eff_mean_ms"": 43.741, ""infer_mean_ms"": 43.741}, {""stream_id"": 3, ""sid"": 21, ""device"": ""GPU"", ""sap"": 0.07504, ""sap_s"": 0.00772, ""sap_m"": 0.01458, ""sap_l"": 0.19505, ""skip"": 64.95, ""eff_mean_ms"": 42.173, ""infer_mean_ms"": 42.173}]",1782627912.141,1782627929.778,33.333,30.0,yolo11s,argoverse-hd-val,1782627929
rev30_1782625012,N4,4,GGNG,8,4,63.78,0.0,0.07056,0.11895,0.10538,0.07619,0.00729,0.10005,0.39577,9.309,"[{""stream_id"": 0, ""sid"": 2, ""device"": ""GPU"", ""sap"": 0.08931, ""sap_s"": 0.01258, ""sap_m"": 0.09994, ""sap_l"": 0.40532, ""skip"": 63.64, ""eff_mean_ms"": 42.204, ""infer_mean_ms"": 42.204}, {""stream_id"": 1, ""sid"": 22, ""device"": ""GPU"", ""sap"": 0.19448, ""sap_s"": 0.0012, ""sap_m"": 0.18779, ""sap_l"": 0.59181, ""skip"": 62.39, ""eff_mean_ms"": 41.887, ""infer_mean_ms"": 41.887}, {""stream_id"": 2, ""sid"": 3, ""device"": ""NPU"", ""sap"": 0.12145, ""sap_s"": 0.00049, ""sap_m"": 0.18159, ""sap_l"": 0.33898, ""skip"": 0.0, ""eff_mean_ms"": 15.041, ""infer_mean_ms"": 15.041}, {""stream_id"": 3, ""sid"": 21, ""device"": ""GPU"", ""sap"": 0.07056, ""sap_s"": 0.00808, ""sap_m"": 0.01243, ""sap_l"": 0.19018, ""skip"": 65.3, ""eff_mean_ms"": 43.835, ""infer_mean_ms"": 43.835}]",1782627929.778,1782627947.205,33.333,30.0,yolo11s,argoverse-hd-val,1782627947
rev30_1782625012,N4,4,GGNN,8,4,47.27,0.0,0.0836,0.12395,0.10576,0.08554,0.00751,0.14667,0.50779,4.85,"[{""stream_id"": 0, ""sid"": 2, ""device"": ""GPU"", ""sap"": 0.09008, ""sap_s"": 0.01365, ""sap_m"": 0.10579, ""sap_l"": 0.40981, ""skip"": 50.0, ""eff_mean_ms"": 38.717, ""infer_mean_ms"": 38.717}, {""stream_id"": 1, ""sid"": 22, ""device"": ""GPU"", ""sap"": 0.20068, ""sap_s"": 0.00138, ""sap_m"": 0.18755, ""sap_l"": 0.60578, ""skip"": 44.54, ""eff_mean_ms"": 37.65, ""infer_mean_ms"": 37.649}, {""stream_id"": 2, ""sid"": 3, ""device"": ""NPU"", ""sap"": 0.12145, ""sap_s"": 0.00049, ""sap_m"": 0.18159, ""sap_l"": 0.33898, ""skip"": 0.0, ""eff_mean_ms"": 15.547, ""infer_mean_ms"": 15.547}, {""stream_id"": 3, ""sid"": 21, ""device"": ""NPU"", ""sap"": 0.0836, ""sap_s"": 0.0014, ""sap_m"": 0.02445, ""sap_l"": 0.21271, ""skip"": 0.0, ""eff_mean_ms"": 15.172, ""infer_mean_ms"": 15.171}]",1782627947.206,1782627963.926,33.333,30.0,yolo11s,argoverse-hd-val,1782627963
rev30_1782625012,N4,4,GNNN,8,4,39.0,0.37,0.08362,0.12221,0.10698,0.08633,0.01424,0.11489,0.43469,2.38,"[{""stream_id"": 0, ""sid"": 2, ""device"": ""GPU"", ""sap"": 0.09266, ""sap_s"": 0.01424, ""sap_m"": 0.11489, ""sap_l"": 0.43469, ""skip"": 39.0, ""eff_mean_ms"": 35.713, ""infer_mean_ms"": 35.713}, {""stream_id"": 1, ""sid"": 22, ""device"": ""NPU"", ""sap"": 0.19126, ""sap_s"": 0.00099, ""sap_m"": 0.1734, ""sap_l"": 0.61393, ""skip"": 0.22, ""eff_mean_ms"": 16.697, ""infer_mean_ms"": 16.697}, {""stream_id"": 2, ""sid"": 3, ""device"": ""NPU"", ""sap"": 0.12131, ""sap_s"": 0.00049, ""sap_m"": 0.18155, ""sap_l"": 0.33874, ""skip"": 0.67, ""eff_mean_ms"": 18.247, ""infer_mean_ms"": 18.246}, {""stream_id"": 3, ""sid"": 21, ""device"": ""NPU"", ""sap"": 0.08362, ""sap_s"": 0.0014, ""sap_m"": 0.02446, ""sap_l"": 0.21287, ""skip"": 0.23, ""eff_mean_ms"": 16.271, ""infer_mean_ms"": 16.27}]",1782627963.927,1782627979.425,33.333,30.0,yolo11s,argoverse-hd-val,1782627979
rev30_1782625012,N4,4,NNNN,8,4,0.0,0.57,0.08379,0.12623,0.11513,0.09135,0.00355,0.13042,0.43245,-16.044,"[{""stream_id"": 0, ""sid"": 2, ""device"": ""NPU"", ""sap"": 0.10898, ""sap_s"": 0.01131, ""sap_m"": 0.14248, ""sap_l"": 0.5653, ""skip"": 0.23, ""eff_mean_ms"": 17.292, ""infer_mean_ms"": 17.292}, {""stream_id"": 1, ""sid"": 22, ""device"": ""NPU"", ""sap"": 0.19089, ""sap_s"": 0.00101, ""sap_m"": 0.17319, ""sap_l"": 0.61267, ""skip"": 0.67, ""eff_mean_ms"": 17.347, ""infer_mean_ms"": 17.347}, {""stream_id"": 2, ""sid"": 3, ""device"": ""NPU"", ""sap"": 0.12127, ""sap_s"": 0.00049, ""sap_m"": 0.18155, ""sap_l"": 0.3387, ""skip"": 0.9, ""eff_mean_ms"": 17.33, ""infer_mean_ms"": 17.33}, {""stream_id"": 3, ""sid"": 21, ""device"": ""NPU"", ""sap"": 0.08379, ""sap_s"": 0.0014, ""sap_m"": 0.02445, ""sap_l"": 0.21311, ""skip"": 0.46, ""eff_mean_ms"": 17.19, ""infer_mean_ms"": 17.189}]",1782627979.425,1782627989.477,33.333,30.0,yolo11s,argoverse-hd-val,1782627989
rev30_1782625012,N2,2,GG,0,0,0.0,0.0,0.1149,0.11816,0.11816,0.11555,0.01319,0.11089,0.41952,-21.908,"[{""stream_id"": 0, ""sid"": 2, ""device"": ""GPU"", ""sap"": 0.12141, ""sap_s"": 0.01638, ""sap_m"": 0.17493, ""sap_l"": 0.5773, ""skip"": 0.0, ""eff_mean_ms"": 11.422, ""infer_mean_ms"": 11.422}, {""stream_id"": 1, ""sid"": 21, ""device"": ""GPU"", ""sap"": 0.1149, ""sap_s"": 0.01001, ""sap_m"": 0.04686, ""sap_l"": 0.26173, ""skip"": 0.0, ""eff_mean_ms"": 11.428, ""infer_mean_ms"": 11.428}]",1782627989.482,1782627995.834,33.333,30.0,yolo11s,argoverse-hd-val,1782627995
rev30_1782625012,N2,2,GG,0,1,0.0,0.0,0.1149,0.11816,0.11816,0.11555,0.01319,0.11089,0.41952,-22.634,"[{""stream_id"": 0, ""sid"": 2, ""device"": ""GPU"", ""sap"": 0.12141, ""sap_s"": 0.01638, ""sap_m"": 0.17493, ""sap_l"": 0.5773, ""skip"": 0.0, ""eff_mean_ms"": 10.709, ""infer_mean_ms"": 10.708}, {""stream_id"": 1, ""sid"": 21, ""device"": ""GPU"", ""sap"": 0.1149, ""sap_s"": 0.01001, ""sap_m"": 0.04686, ""sap_l"": 0.26173, ""skip"": 0.0, ""eff_mean_ms"": 10.689, ""infer_mean_ms"": 10.689}]",1782627995.835,1782628001.749,33.333,30.0,yolo11s,argoverse-hd-val,1782628001
rev30_1782625012,N2,2,GG,0,2,0.0,0.0,0.1149,0.11816,0.11816,0.11555,0.01319,0.11089,0.41952,-21.989,"[{""stream_id"": 0, ""sid"": 2, ""device"": ""GPU"", ""sap"": 0.12141, ""sap_s"": 0.01638, ""sap_m"": 0.17493, ""sap_l"": 0.5773, ""skip"": 0.0, ""eff_mean_ms"": 11.345, ""infer_mean_ms"": 11.345}, {""stream_id"": 1, ""sid"": 21, ""device"": ""GPU"", ""sap"": 0.1149, ""sap_s"": 0.01001, ""sap_m"": 0.04686, ""sap_l"": 0.26173, ""skip"": 0.0, ""eff_mean_ms"": 11.344, ""infer_mean_ms"": 11.344}]",1782628001.749,1782628007.946,33.333,30.0,yolo11s,argoverse-hd-val,1782628007
rev30_1782625012,N8,8,GGGGGGGG,0,0,59.49,0.0,0.0712,0.17371,0.17379,0.08281,0.01203,0.18792,0.39354,4.569,"[{""stream_id"": 0, ""sid"": 2, ""device"": ""GPU"", ""sap"": 0.08778, ""sap_s"": 0.01276, ""sap_m"": 0.09477, ""sap_l"": 0.39908, ""skip"": 75.0, ""eff_mean_ms"": 44.593, ""infer_mean_ms"": 44.593}, {""stream_id"": 1, ""sid"": 22, ""device"": ""GPU"", ""sap"": 0.19084, ""sap_s"": 0.00124, ""sap_m"": 0.18929, ""sap_l"": 0.5807, ""skip"": 74.53, ""eff_mean_ms"": 44.386, ""infer_mean_ms"": 44.385}, {""stream_id"": 2, ""sid"": 13, ""device"": ""GPU"", ""sap"": 0.15674, ""sap_s"": 0.00869, ""sap_m"": 0.0938, ""sap_l"": 0.35852, ""skip"": 32.44, ""eff_mean_ms"": 25.588, ""infer_mean_ms"": 25.588}, {""stream_id"": 3, ""sid"": 16, ""device"": ""GPU"", ""sap"": 0.19968, ""sap_s"": 0.0071, ""sap_m"": 0.58504, ""sap_l"": 0.34127, ""skip"": 67.9, ""eff_mean_ms"": 42.996, ""infer_mean_ms"": 42.996}, {""stream_id"": 4, ""sid"": 3, ""device"": ""GPU"", ""sap"": 0.0913, ""sap_s"": 0.00232, ""sap_m"": 0.18613, ""sap_l"": 0.16496, ""skip"": 75.47, ""eff_mean_ms"": 44.646, ""infer_mean_ms"": 44.646}, {""stream_id"": 5, ""sid"": 21, ""device"": ""GPU"", ""sap"": 0.0712, ""sap_s"": 0.00802, ""sap_m"": 0.01392, ""sap_l"": 0.18955, ""skip"": 71.83, ""eff_mean_ms"": 43.548, ""infer_mean_ms"": 43.547}, {""stream_id"": 6, ""sid"": 14, ""device"": ""GPU"", ""sap"": 0.37953, ""sap_s"": 0.05611, ""sap_m"": 0.20823, ""sap_l"": 0.58333, ""skip"": 32.59, ""eff_mean_ms"": 24.967, ""infer_mean_ms"": 24.966}, {""stream_id"": 7, ""sid"": 4, ""device"": ""GPU"", ""sap"": 0.21259, ""sap_s"": 0.0, ""sap_m"": 0.13217, ""sap_l"": 0.53092, ""skip"": 46.18, ""eff_mean_ms"": 32.493, ""infer_mean_ms"": 32.492}]",1782628007.946,1782628031.92,33.333,30.0,yolo11s,argoverse-hd-val,1782628031
rev30_1782625012,N8,8,GGGGGGGG,0,1,58.97,0.0,0.07146,0.17399,0.17378,0.08325,0.01188,0.1855,0.40087,4.295,"[{""stream_id"": 0, ""sid"": 2, ""device"": ""GPU"", ""sap"": 0.08831, ""sap_s"": 0.01224, ""sap_m"": 0.0946, ""sap_l"": 0.40259, ""skip"": 71.7, ""eff_mean_ms"": 44.72, ""infer_mean_ms"": 44.719}, {""stream_id"": 1, ""sid"": 22, ""device"": ""GPU"", ""sap"": 0.19113, ""sap_s"": 0.00124, ""sap_m"": 0.19007, ""sap_l"": 0.58042, ""skip"": 74.84, ""eff_mean_ms"": 43.576, ""infer_mean_ms"": 43.576}, {""stream_id"": 2, ""sid"": 13, ""device"": ""GPU"", ""sap"": 0.15642, ""sap_s"": 0.00894, ""sap_m"": 0.09372, ""sap_l"": 0.35788, ""skip"": 32.17, ""eff_mean_ms"": 25.72, ""infer_mean_ms"": 25.72}, {""stream_id"": 3, ""sid"": 16, ""device"": ""GPU"", ""sap"": 0.20177, ""sap_s"": 0.0076, ""sap_m"": 0.56031, ""sap_l"": 0.34899, ""skip"": 73.15, ""eff_mean_ms"": 43.713, ""infer_mean_ms"": 43.713}, {""stream_id"": 4, ""sid"": 3, ""device"": ""GPU"", ""sap"": 0.09345, ""sap_s"": 0.00222, ""sap_m"": 0.19054, ""sap_l"": 0.21325, ""skip"": 72.87, ""eff_mean_ms"": 43.527, ""infer_mean_ms"": 43.526}, {""stream_id"": 5, ""sid"": 21, ""device"": ""GPU"", ""sap"": 0.07146, ""sap_s"": 0.00822, ""sap_m"": 0.01351, ""sap_l"": 0.1922, ""skip"": 72.0, ""eff_mean_ms"": 42.503, ""infer_mean_ms"": 42.502}, {""stream_id"": 6, ""sid"": 14, ""device"": ""GPU"", ""sap"": 0.37569, ""sap_s"": 0.05457, ""sap_m"": 0.20848, ""sap_l"": 0.57862, ""skip"": 31.87, ""eff_mean_ms"": 25.767, ""infer_mean_ms"": 25.767}, {""stream_id"": 7, ""sid"": 4, ""device"": ""GPU"", ""sap"": 0.21372, ""sap_s"": 0.0, ""sap_m"": 0.13275, ""sap_l"": 0.53301, ""skip"": 43.13, ""eff_mean_ms"": 31.498, ""infer_mean_ms"": 31.498}]",1782628031.92,1782628056.025,33.333,30.0,yolo11s,argoverse-hd-val,1782628056
rev30_1782625012,N8,8,GGGGGGGG,0,2,58.36,0.0,0.0714,0.17699,0.17624,0.08398,0.01213,0.187,0.40319,3.87,"[{""stream_id"": 0, ""sid"": 2, ""device"": ""GPU"", ""sap"": 0.08937, ""sap_s"": 0.0122, ""sap_m"": 0.09899, ""sap_l"": 0.41067, ""skip"": 70.55, ""eff_mean_ms"": 42.866, ""infer_mean_ms"": 42.866}, {""stream_id"": 1, ""sid"": 22, ""device"": ""GPU"", ""sap"": 0.19194, ""sap_s"": 0.0012, ""sap_m"": 0.18926, ""sap_l"": 0.58374, ""skip"": 74.16, ""eff_mean_ms"": 43.476, ""infer_mean_ms"": 43.475}, {""stream_id"": 2, ""sid"": 13, ""device"": ""GPU"", ""sap"": 0.16055, ""sap_s"": 0.00872, ""sap_m"": 0.09331, ""sap_l"": 0.36337, ""skip"": 30.7, ""eff_mean_ms"": 24.965, ""infer_mean_ms"": 24.964}, {""stream_id"": 3, ""sid"": 16, ""device"": ""GPU"", ""sap"": 0.207, ""sap_s"": 0.00739, ""sap_m"": 0.57786, ""sap_l"": 0.35692, ""skip"": 70.03, ""eff_mean_ms"": 43.072, ""infer_mean_ms"": 43.072}, {""stream_id"": 4, ""sid"": 3, ""device"": ""GPU"", ""sap"": 0.09752, ""sap_s"": 0.00195, ""sap_m"": 0.184, ""sap_l"": 0.19848, ""skip"": 72.21, ""eff_mean_ms"": 42.878, ""infer_mean_ms"": 42.877}, {""stream_id"": 5, ""sid"": 21, ""device"": ""GPU"", ""sap"": 0.0714, ""sap_s"": 0.00802, ""sap_m"": 0.01279, ""sap_l"": 0.18994, ""skip"": 73.21, ""eff_mean_ms"": 43.633, ""infer_mean_ms"": 43.633}, {""stream_id"": 6, ""sid"": 14, ""device"": ""GPU"", ""sap"": 0.38417, ""sap_s"": 0.05752, ""sap_m"": 0.20709, ""sap_l"": 0.58774, ""skip"": 30.39, ""eff_mean_ms"": 24.858, ""infer_mean_ms"": 24.857}, {""stream_id"": 7, ""sid"": 4, ""device"": ""GPU"", ""sap"": 0.21393, ""sap_s"": 0.0, ""sap_m"": 0.1327, ""sap_l"": 0.53467, ""skip"": 45.66, ""eff_mean_ms"": 31.877, ""infer_mean_ms"": 31.877}]",1782628056.026,1782628079.951,33.333,30.0,yolo11s,argoverse-hd-val,1782628079
rev30_1782625012,N2,2,GG,1,0,0.0,0.0,0.1149,0.11816,0.11816,0.11555,0.01319,0.11089,0.41952,-14.675,"[{""stream_id"": 0, ""sid"": 2, ""device"": ""GPU"", ""sap"": 0.12141, ""sap_s"": 0.01638, ""sap_m"": 0.17493, ""sap_l"": 0.5773, ""skip"": 0.0, ""eff_mean_ms"": 18.614, ""infer_mean_ms"": 18.613}, {""stream_id"": 1, ""sid"": 21, ""device"": ""GPU"", ""sap"": 0.1149, ""sap_s"": 0.01001, ""sap_m"": 0.04686, ""sap_l"": 0.26173, ""skip"": 0.0, ""eff_mean_ms"": 18.703, ""infer_mean_ms"": 18.703}]",1782628079.952,1782628090.075,33.333,30.0,yolo11s,argoverse-hd-val,1782628090
rev30_1782625012,N2,2,GG,1,1,0.0,0.0,0.1149,0.11816,0.11816,0.11555,0.01319,0.11089,0.41952,-14.777,"[{""stream_id"": 0, ""sid"": 2, ""device"": ""GPU"", ""sap"": 0.12141, ""sap_s"": 0.01638, ""sap_m"": 0.17493, ""sap_l"": 0.5773, ""skip"": 0.0, ""eff_mean_ms"": 18.568, ""infer_mean_ms"": 18.568}, {""stream_id"": 1, ""sid"": 21, ""device"": ""GPU"", ""sap"": 0.1149, ""sap_s"": 0.01001, ""sap_m"": 0.04686, ""sap_l"": 0.26173, ""skip"": 0.0, ""eff_mean_ms"": 18.544, ""infer_mean_ms"": 18.544}]",1782628090.075,1782628100.031,33.333,30.0,yolo11s,argoverse-hd-val,1782628100
rev30_1782625012,N2,2,GG,1,2,0.12,0.0,0.11486,0.11814,0.11814,0.11552,0.0132,0.11089,0.41934,-14.544,"[{""stream_id"": 0, ""sid"": 2, ""device"": ""GPU"", ""sap"": 0.12141, ""sap_s"": 0.01638, ""sap_m"": 0.17493, ""sap_l"": 0.5773, ""skip"": 0.0, ""eff_mean_ms"": 18.711, ""infer_mean_ms"": 18.711}, {""stream_id"": 1, ""sid"": 21, ""device"": ""GPU"", ""sap"": 0.11486, ""sap_s"": 0.01002, ""sap_m"": 0.04686, ""sap_l"": 0.26138, ""skip"": 0.23, ""eff_mean_ms"": 18.868, ""infer_mean_ms"": 18.867}]",1782628100.031,1782628110.194,33.333,30.0,yolo11s,argoverse-hd-val,1782628110
rev30_1782625012,N8,8,GGGGGGGG,1,0,67.31,0.0,0.05746,0.15292,0.14631,0.06797,0.01111,0.16994,0.34677,23.493,"[{""stream_id"": 0, ""sid"": 2, ""device"": ""GPU"", ""sap"": 0.07554, ""sap_s"": 0.00926, ""sap_m"": 0.07307, ""sap_l"": 0.35544, ""skip"": 89.18, ""eff_mean_ms"": 69.13, ""infer_mean_ms"": 69.13}, {""stream_id"": 1, ""sid"": 22, ""device"": ""GPU"", ""sap"": 0.17659, ""sap_s"": 0.00131, ""sap_m"": 0.18592, ""sap_l"": 0.53473, ""skip"": 85.07, ""eff_mean_ms"": 68.67, ""infer_mean_ms"": 68.67}, {""stream_id"": 2, ""sid"": 13, ""device"": ""GPU"", ""sap"": 0.12798, ""sap_s"": 0.00823, ""sap_m"": 0.0865, ""sap_l"": 0.32579, ""skip"": 29.29, ""eff_mean_ms"": 35.02, ""infer_mean_ms"": 35.02}, {""stream_id"": 3, ""sid"": 16, ""device"": ""GPU"", ""sap"": 0.16463, ""sap_s"": 0.0068, ""sap_m"": 0.52577, ""sap_l"": 0.24783, ""skip"": 84.58, ""eff_mean_ms"": 67.187, ""infer_mean_ms"": 67.187}, {""stream_id"": 4, ""sid"": 3, ""device"": ""GPU"", ""sap"": 0.07247, ""sap_s"": 0.00223, ""sap_m"": 0.1452, ""sap_l"": 0.09867, ""skip"": 88.12, ""eff_mean_ms"": 67.917, ""infer_mean_ms"": 67.917}, {""stream_id"": 5, ""sid"": 21, ""device"": ""GPU"", ""sap"": 0.05746, ""sap_s"": 0.00587, ""sap_m"": 0.00844, ""sap_l"": 0.15478, ""skip"": 82.65, ""eff_mean_ms"": 67.792, ""infer_mean_ms"": 67.791}, {""stream_id"": 6, ""sid"": 14, ""device"": ""GPU"", ""sap"": 0.33551, ""sap_s"": 0.05515, ""sap_m"": 0.20472, ""sap_l"": 0.52558, ""skip"": 29.23, ""eff_mean_ms"": 34.194, ""infer_mean_ms"": 34.194}, {""stream_id"": 7, ""sid"": 4, ""device"": ""GPU"", ""sap"": 0.21317, ""sap_s"": 0.0, ""sap_m"": 0.12989, ""sap_l"": 0.53135, ""skip"": 50.36, ""eff_mean_ms"": 44.703, ""infer_mean_ms"": 44.703}]",1782628110.195,1782628138.29,33.333,30.0,yolo11s,argoverse-hd-val,1782628138
rev30_1782625012,N8,8,GGGGGGGG,1,1,67.15,0.0,0.05428,0.15387,0.15009,0.07019,0.01097,0.1687,0.35172,22.089,"[{""stream_id"": 0, ""sid"": 2, ""device"": ""GPU"", ""sap"": 0.07718, ""sap_s"": 0.00965, ""sap_m"": 0.07304, ""sap_l"": 0.36124, ""skip"": 88.73, ""eff_mean_ms"": 65.9, ""infer_mean_ms"": 65.9}, {""stream_id"": 1, ""sid"": 22, ""device"": ""GPU"", ""sap"": 0.18022, ""sap_s"": 0.00122, ""sap_m"": 0.18789, ""sap_l"": 0.54192, ""skip"": 83.93, ""eff_mean_ms"": 61.967, ""infer_mean_ms"": 61.967}, {""stream_id"": 2, ""sid"": 13, ""device"": ""GPU"", ""sap"": 0.13377, ""sap_s"": 0.00839, ""sap_m"": 0.08508, ""sap_l"": 0.33383, ""skip"": 29.95, ""eff_mean_ms"": 34.917, ""infer_mean_ms"": 34.917}, {""stream_id"": 3, ""sid"": 16, ""device"": ""GPU"", ""sap"": 0.16641, ""sap_s"": 0.00694, ""sap_m"": 0.50386, ""sap_l"": 0.25663, ""skip"": 87.37, ""eff_mean_ms"": 68.244, ""infer_mean_ms"": 68.244}, {""stream_id"": 4, ""sid"": 3, ""device"": ""GPU"", ""sap"": 0.07701, ""sap_s"": 0.00134, ""sap_m"": 0.15678, ""sap_l"": 0.12391, ""skip"": 84.4, ""eff_mean_ms"": 63.833, ""infer_mean_ms"": 63.832}, {""stream_id"": 5, ""sid"": 21, ""device"": ""GPU"", ""sap"": 0.05428, ""sap_s"": 0.00645, ""sap_m"": 0.00845, ""sap_l"": 0.14956, ""skip"": 88.21, ""eff_mean_ms"": 68.551, ""infer_mean_ms"": 68.551}, {""stream_id"": 6, ""sid"": 14, ""device"": ""GPU"", ""sap"": 0.32806, ""sap_s"": 0.05379, ""sap_m"": 0.20278, ""sap_l"": 0.51211, ""skip"": 29.31, ""eff_mean_ms"": 34.725, ""infer_mean_ms"": 34.725}, {""stream_id"": 7, ""sid"": 4, ""device"": ""GPU"", ""sap"": 0.21399, ""sap_s"": 0.0, ""sap_m"": 0.13175, ""sap_l"": 0.53454, ""skip"": 45.3, ""eff_mean_ms"": 45.241, ""infer_mean_ms"": 45.24}]",1782628138.291,1782628166.28,33.333,30.0,yolo11s,argoverse-hd-val,1782628166
rev30_1782625012,N8,8,GGGGGGGG,1,2,66.49,0.0,0.05833,0.15484,0.15224,0.06791,0.01118,0.16882,0.35245,21.321,"[{""stream_id"": 0, ""sid"": 2, ""device"": ""GPU"", ""sap"": 0.08054, ""sap_s"": 0.0106, ""sap_m"": 0.08073, ""sap_l"": 0.36898, ""skip"": 80.26, ""eff_mean_ms"": 60.542, ""infer_mean_ms"": 60.541}, {""stream_id"": 1, ""sid"": 22, ""device"": ""GPU"", ""sap"": 0.17913, ""sap_s"": 0.00085, ""sap_m"": 0.18825, ""sap_l"": 0.53742, ""skip"": 86.27, ""eff_mean_ms"": 66.91, ""infer_mean_ms"": 66.91}, {""stream_id"": 2, ""sid"": 13, ""device"": ""GPU"", ""sap"": 0.12895, ""sap_s"": 0.00836, ""sap_m"": 0.08519, ""sap_l"": 0.328, ""skip"": 29.19, ""eff_mean_ms"": 35.602, ""infer_mean_ms"": 35.602}, {""stream_id"": 3, ""sid"": 16, ""device"": ""GPU"", ""sap"": 0.17552, ""sap_s"": 0.0068, ""sap_m"": 0.50866, ""sap_l"": 0.26487, ""skip"": 87.14, ""eff_mean_ms"": 64.921, ""infer_mean_ms"": 64.92}, {""stream_id"": 4, ""sid"": 3, ""device"": ""GPU"", ""sap"": 0.07202, ""sap_s"": 0.0021, ""sap_m"": 0.14265, ""sap_l"": 0.11028, ""skip"": 84.95, ""eff_mean_ms"": 67.079, ""infer_mean_ms"": 67.079}, {""stream_id"": 5, ""sid"": 21, ""device"": ""GPU"", ""sap"": 0.05833, ""sap_s"": 0.00621, ""sap_m"": 0.00904, ""sap_l"": 0.15762, ""skip"": 87.68, ""eff_mean_ms"": 65.414, ""infer_mean_ms"": 65.414}, {""stream_id"": 6, ""sid"": 14, ""device"": ""GPU"", ""sap"": 0.32839, ""sap_s"": 0.05448, ""sap_m"": 0.20318, ""sap_l"": 0.51634, ""skip"": 29.02, ""eff_mean_ms"": 34.255, ""infer_mean_ms"": 34.254}, {""stream_id"": 7, ""sid"": 4, ""device"": ""GPU"", ""sap"": 0.21585, ""sap_s"": 0.0, ""sap_m"": 0.13289, ""sap_l"": 0.5361, ""skip"": 47.41, ""eff_mean_ms"": 42.513, ""infer_mean_ms"": 42.513}]",1782628166.281,1782628194.221,33.333,30.0,yolo11s,argoverse-hd-val,1782628194
rev30_1782625012,N2,2,GG,2,0,3.87,0.0,0.11371,0.11696,0.11696,0.11436,0.01309,0.10862,0.41752,-11.924,"[{""stream_id"": 0, ""sid"": 2, ""device"": ""GPU"", ""sap"": 0.12022, ""sap_s"": 0.0162, ""sap_m"": 0.17226, ""sap_l"": 0.57527, ""skip"": 2.96, ""eff_mean_ms"": 21.461, ""infer_mean_ms"": 21.461}, {""stream_id"": 1, ""sid"": 21, ""device"": ""GPU"", ""sap"": 0.11371, ""sap_s"": 0.00999, ""sap_m"": 0.04499, ""sap_l"": 0.25977, ""skip"": 4.78, ""eff_mean_ms"": 21.357, ""infer_mean_ms"": 21.356}]",1782628194.222,1782628205.448,33.333,30.0,yolo11s,argoverse-hd-val,1782628205
rev30_1782625012,N2,2,GG,2,1,2.85,0.0,0.11342,0.11676,0.11676,0.11409,0.01315,0.10878,0.41697,-12.076,"[{""stream_id"": 0, ""sid"": 2, ""device"": ""GPU"", ""sap"": 0.1201, ""sap_s"": 0.01623, ""sap_m"": 0.17315, ""sap_l"": 0.57391, ""skip"": 1.82, ""eff_mean_ms"": 21.154, ""infer_mean_ms"": 21.154}, {""stream_id"": 1, ""sid"": 21, ""device"": ""GPU"", ""sap"": 0.11342, ""sap_s"": 0.01006, ""sap_m"": 0.04442, ""sap_l"": 0.26004, ""skip"": 3.87, ""eff_mean_ms"": 21.36, ""infer_mean_ms"": 21.36}]",1782628205.448,1782628216.781,33.333,30.0,yolo11s,argoverse-hd-val,1782628216
rev30_1782625012,N2,2,GG,2,2,2.96,0.0,0.11252,0.1163,0.1163,0.11328,0.01314,0.10822,0.41694,-12.208,"[{""stream_id"": 0, ""sid"": 2, ""device"": ""GPU"", ""sap"": 0.12008, ""sap_s"": 0.01636, ""sap_m"": 0.17269, ""sap_l"": 0.57499, ""skip"": 2.73, ""eff_mean_ms"": 21.452, ""infer_mean_ms"": 21.451}, {""stream_id"": 1, ""sid"": 21, ""device"": ""GPU"", ""sap"": 0.11252, ""sap_s"": 0.00992, ""sap_m"": 0.04374, ""sap_l"": 0.25888, ""skip"": 3.19, ""eff_mean_ms"": 20.798, ""infer_mean_ms"": 20.798}]",1782628216.782,1782628228.032,33.333,30.0,yolo11s,argoverse-hd-val,1782628228
rev30_1782625012,N8,8,GGGGGGGG,2,0,68.94,0.0,0.06155,0.15637,0.1567,0.06975,0.01146,0.17155,0.35598,20.971,"[{""stream_id"": 0, ""sid"": 2, ""device"": ""GPU"", ""sap"": 0.07785, ""sap_s"": 0.0099, ""sap_m"": 0.07791, ""sap_l"": 0.35689, ""skip"": 87.85, ""eff_mean_ms"": 64.963, ""infer_mean_ms"": 64.963}, {""stream_id"": 1, ""sid"": 22, ""device"": ""GPU"", ""sap"": 0.18248, ""sap_s"": 0.00109, ""sap_m"": 0.18644, ""sap_l"": 0.55353, ""skip"": 88.73, ""eff_mean_ms"": 64.211, ""infer_mean_ms"": 64.21}, {""stream_id"": 2, ""sid"": 13, ""device"": ""GPU"", ""sap"": 0.13591, ""sap_s"": 0.00842, ""sap_m"": 0.08329, ""sap_l"": 0.32735, ""skip"": 37.38, ""eff_mean_ms"": 36.974, ""infer_mean_ms"": 36.973}, {""stream_id"": 3, ""sid"": 16, ""device"": ""GPU"", ""sap"": 0.17748, ""sap_s"": 0.00671, ""sap_m"": 0.53662, ""sap_l"": 0.27056, ""skip"": 82.55, ""eff_mean_ms"": 63.986, ""infer_mean_ms"": 63.986}, {""stream_id"": 4, ""sid"": 3, ""device"": ""GPU"", ""sap"": 0.07326, ""sap_s"": 0.00226, ""sap_m"": 0.14381, ""sap_l"": 0.12309, ""skip"": 81.08, ""eff_mean_ms"": 61.492, ""infer_mean_ms"": 61.492}, {""stream_id"": 5, ""sid"": 21, ""device"": ""GPU"", ""sap"": 0.06155, ""sap_s"": 0.00706, ""sap_m"": 0.01061, ""sap_l"": 0.16679, ""skip"": 82.51, ""eff_mean_ms"": 61.609, ""infer_mean_ms"": 61.609}, {""stream_id"": 6, ""sid"": 14, ""device"": ""GPU"", ""sap"": 0.32956, ""sap_s"": 0.05625, ""sap_m"": 0.20114, ""sap_l"": 0.51536, ""skip"": 37.21, ""eff_mean_ms"": 36.511, ""infer_mean_ms"": 36.511}, {""stream_id"": 7, ""sid"": 4, ""device"": ""GPU"", ""sap"": 0.21286, ""sap_s"": 0.0, ""sap_m"": 0.13261, ""sap_l"": 0.53429, ""skip"": 54.25, ""eff_mean_ms"": 44.688, ""infer_mean_ms"": 44.688}]",1782628228.033,1782628257.508,33.333,30.0,yolo11s,argoverse-hd-val,1782628257
rev30_1782625012,N8,8,GGGGGGGG,2,1,68.89,0.0,0.05873,0.15432,0.15237,0.06995,0.01151,0.16806,0.35829,20.674,"[{""stream_id"": 0, ""sid"": 2, ""device"": ""GPU"", ""sap"": 0.07951, ""sap_s"": 0.01025, ""sap_m"": 0.08171, ""sap_l"": 0.36602, ""skip"": 83.78, ""eff_mean_ms"": 61.676, ""infer_mean_ms"": 61.676}, {""stream_id"": 1, ""sid"": 22, ""device"": ""GPU"", ""sap"": 0.17679, ""sap_s"": 0.00118, ""sap_m"": 0.18578, ""sap_l"": 0.53636, ""skip"": 86.16, ""eff_mean_ms"": 62.687, ""infer_mean_ms"": 62.686}, {""stream_id"": 2, ""sid"": 13, ""device"": ""GPU"", ""sap"": 0.12944, ""sap_s"": 0.00809, ""sap_m"": 0.08022, ""sap_l"": 0.3279, ""skip"": 37.62, ""eff_mean_ms"": 38.387, ""infer_mean_ms"": 38.387}, {""stream_id"": 3, ""sid"": 16, ""device"": ""GPU"", ""sap"": 0.1753, ""sap_s"": 0.00687, ""sap_m"": 0.50166, ""sap_l"": 0.27484, ""skip"": 83.18, ""eff_mean_ms"": 61.984, ""infer_mean_ms"": 61.984}, {""stream_id"": 4, ""sid"": 3, ""device"": ""GPU"", ""sap"": 0.07476, ""sap_s"": 0.00249, ""sap_m"": 0.15214, ""sap_l"": 0.15935, ""skip"": 82.46, ""eff_mean_ms"": 59.443, ""infer_mean_ms"": 59.443}, {""stream_id"": 5, ""sid"": 21, ""device"": ""GPU"", ""sap"": 0.05873, ""sap_s"": 0.00643, ""sap_m"": 0.00967, ""sap_l"": 0.15866, ""skip"": 86.92, ""eff_mean_ms"": 63.5, ""infer_mean_ms"": 63.499}, {""stream_id"": 6, ""sid"": 14, ""device"": ""GPU"", ""sap"": 0.32525, ""sap_s"": 0.05675, ""sap_m"": 0.20295, ""sap_l"": 0.50837, ""skip"": 33.65, ""eff_mean_ms"": 37.166, ""infer_mean_ms"": 37.165}, {""stream_id"": 7, ""sid"": 4, ""device"": ""GPU"", ""sap"": 0.21482, ""sap_s"": 0.0, ""sap_m"": 0.13033, ""sap_l"": 0.53484, ""skip"": 57.35, ""eff_mean_ms"": 47.218, ""infer_mean_ms"": 47.218}]",1782628257.508,1782628287.252,33.333,30.0,yolo11s,argoverse-hd-val,1782628287
rev30_1782625012,N8,8,GGGGGGGG,2,2,68.6,0.0,0.05674,0.15534,0.14888,0.072,0.01145,0.17017,0.35642,20.656,"[{""stream_id"": 0, ""sid"": 2, ""device"": ""GPU"", ""sap"": 0.07854, ""sap_s"": 0.01027, ""sap_m"": 0.07937, ""sap_l"": 0.35996, ""skip"": 83.87, ""eff_mean_ms"": 62.744, ""infer_mean_ms"": 62.744}, {""stream_id"": 1, ""sid"": 22, ""device"": ""GPU"", ""sap"": 0.17942, ""sap_s"": 0.00089, ""sap_m"": 0.18639, ""sap_l"": 0.54192, ""skip"": 84.4, ""eff_mean_ms"": 63.21, ""infer_mean_ms"": 63.21}, {""stream_id"": 2, ""sid"": 13, ""device"": ""GPU"", ""sap"": 0.13802, ""sap_s"": 0.00834, ""sap_m"": 0.08241, ""sap_l"": 0.33758, ""skip"": 36.67, ""eff_mean_ms"": 36.562, ""infer_mean_ms"": 36.562}, {""stream_id"": 3, ""sid"": 16, ""device"": ""GPU"", ""sap"": 0.15975, ""sap_s"": 0.00621, ""sap_m"": 0.50981, ""sap_l"": 0.24479, ""skip"": 82.08, ""eff_mean_ms"": 64.533, ""infer_mean_ms"": 64.532}, {""stream_id"": 4, ""sid"": 3, ""device"": ""GPU"", ""sap"": 0.07887, ""sap_s"": 0.0018, ""sap_m"": 0.15731, ""sap_l"": 0.14978, ""skip"": 84.3, ""eff_mean_ms"": 61.817, ""infer_mean_ms"": 61.817}, {""stream_id"": 5, ""sid"": 21, ""device"": ""GPU"", ""sap"": 0.05674, ""sap_s"": 0.00695, ""sap_m"": 0.00991, ""sap_l"": 0.15543, ""skip"": 83.71, ""eff_mean_ms"": 60.022, ""infer_mean_ms"": 60.022}, {""stream_id"": 6, ""sid"": 14, ""device"": ""GPU"", ""sap"": 0.3394, ""sap_s"": 0.05714, ""sap_m"": 0.20382, ""sap_l"": 0.53067, ""skip"": 38.44, ""eff_mean_ms"": 37.026, ""infer_mean_ms"": 37.026}, {""stream_id"": 7, ""sid"": 4, ""device"": ""GPU"", ""sap"": 0.21199, ""sap_s"": 0.0, ""sap_m"": 0.13232, ""sap_l"": 0.53125, ""skip"": 55.34, ""eff_mean_ms"": 46.0, ""infer_mean_ms"": 46.0}]",1782628287.253,1782628316.974,33.333,30.0,yolo11s,argoverse-hd-val,1782628316
rev30_1782625012,N2,2,GG,3,0,9.8,0.0,0.11068,0.11425,0.11425,0.11139,0.01312,0.1045,0.40866,-10.069,"[{""stream_id"": 0, ""sid"": 2, ""device"": ""GPU"", ""sap"": 0.11782, ""sap_s"": 0.01641, ""sap_m"": 0.16585, ""sap_l"": 0.56308, ""skip"": 9.11, ""eff_mean_ms"": 23.142, ""infer_mean_ms"": 23.142}, {""stream_id"": 1, ""sid"": 21, ""device"": ""GPU"", ""sap"": 0.11068, ""sap_s"": 0.00983, ""sap_m"": 0.04314, ""sap_l"": 0.25424, ""skip"": 10.5, ""eff_mean_ms"": 23.387, ""infer_mean_ms"": 23.387}]",1782628316.975,1782628329.191,33.333,30.0,yolo11s,argoverse-hd-val,1782628329
rev30_1782625012,N2,2,GG,3,1,9.36,0.0,0.1122,0.11449,0.11449,0.11266,0.01296,0.10337,0.40277,-10.162,"[{""stream_id"": 0, ""sid"": 2, ""device"": ""GPU"", ""sap"": 0.11677, ""sap_s"": 0.01587, ""sap_m"": 0.16302, ""sap_l"": 0.54921, ""skip"": 10.05, ""eff_mean_ms"": 23.399, ""infer_mean_ms"": 23.399}, {""stream_id"": 1, ""sid"": 21, ""device"": ""GPU"", ""sap"": 0.1122, ""sap_s"": 0.01005, ""sap_m"": 0.04373, ""sap_l"": 0.25634, ""skip"": 8.66, ""eff_mean_ms"": 22.943, ""infer_mean_ms"": 22.942}]",1782628329.191,1782628341.344,33.333,30.0,yolo11s,argoverse-hd-val,1782628341
rev30_1782625012,N2,2,GG,3,2,7.99,0.0,0.11127,0.11474,0.11474,0.11196,0.01307,0.10518,0.40634,-10.405,"[{""stream_id"": 0, ""sid"": 2, ""device"": ""GPU"", ""sap"": 0.11821, ""sap_s"": 0.0161, ""sap_m"": 0.1674, ""sap_l"": 0.55724, ""skip"": 8.01, ""eff_mean_ms"": 23.169, ""infer_mean_ms"": 23.168}, {""stream_id"": 1, ""sid"": 21, ""device"": ""GPU"", ""sap"": 0.11127, ""sap_s"": 0.01004, ""sap_m"": 0.04296, ""sap_l"": 0.25544, ""skip"": 7.97, ""eff_mean_ms"": 22.688, ""infer_mean_ms"": 22.688}]",1782628341.345,1782628353.34,33.333,30.0,yolo11s,argoverse-hd-val,1782628353
rev30_1782625012,N8,8,GGGGGGGG,3,0,69.6,0.0,0.05845,0.1521,0.14611,0.06608,0.01126,0.16777,0.35205,21.861,"[{""stream_id"": 0, ""sid"": 2, ""device"": ""GPU"", ""sap"": 0.078, ""sap_s"": 0.01004, ""sap_m"": 0.0799, ""sap_l"": 0.36669, ""skip"": 82.71, ""eff_mean_ms"": 63.381, ""infer_mean_ms"": 63.38}, {""stream_id"": 1, ""sid"": 22, ""device"": ""GPU"", ""sap"": 0.17743, ""sap_s"": 0.00099, ""sap_m"": 0.18744, ""sap_l"": 0.53617, ""skip"": 82.71, ""eff_mean_ms"": 64.376, ""infer_mean_ms"": 64.376}, {""stream_id"": 2, ""sid"": 13, ""device"": ""GPU"", ""sap"": 0.12826, ""sap_s"": 0.00791, ""sap_m"": 0.07831, ""sap_l"": 0.31326, ""skip"": 39.62, ""eff_mean_ms"": 38.86, ""infer_mean_ms"": 38.86}, {""stream_id"": 3, ""sid"": 16, ""device"": ""GPU"", ""sap"": 0.16397, ""sap_s"": 0.00676, ""sap_m"": 0.5246, ""sap_l"": 0.26084, ""skip"": 82.88, ""eff_mean_ms"": 61.706, ""infer_mean_ms"": 61.706}, {""stream_id"": 4, ""sid"": 3, ""device"": ""GPU"", ""sap"": 0.06935, ""sap_s"": 0.00163, ""sap_m"": 0.1294, ""sap_l"": 0.12703, ""skip"": 83.49, ""eff_mean_ms"": 62.751, ""infer_mean_ms"": 62.751}, {""stream_id"": 5, ""sid"": 21, ""device"": ""GPU"", ""sap"": 0.05845, ""sap_s"": 0.00675, ""sap_m"": 0.00878, ""sap_l"": 0.15915, ""skip"": 80.65, ""eff_mean_ms"": 62.054, ""infer_mean_ms"": 62.054}, {""stream_id"": 6, ""sid"": 14, ""device"": ""GPU"", ""sap"": 0.32963, ""sap_s"": 0.05596, ""sap_m"": 0.20339, ""sap_l"": 0.52093, ""skip"": 41.19, ""eff_mean_ms"": 38.123, ""infer_mean_ms"": 38.123}, {""stream_id"": 7, ""sid"": 4, ""device"": ""GPU"", ""sap"": 0.21175, ""sap_s"": 0.0, ""sap_m"": 0.13031, ""sap_l"": 0.53233, ""skip"": 63.54, ""eff_mean_ms"": 50.3, ""infer_mean_ms"": 50.3}]",1782628353.341,1782628383.656,33.333,30.0,yolo11s,argoverse-hd-val,1782628383
rev30_1782625012,N8,8,GGGGGGGG,3,1,70.47,0.0,0.05813,0.15332,0.14916,0.06908,0.01136,0.16604,0.35299,22.171,"[{""stream_id"": 0, ""sid"": 2, ""device"": ""GPU"", ""sap"": 0.07617, ""sap_s"": 0.01045, ""sap_m"": 0.07506, ""sap_l"": 0.35209, ""skip"": 87.92, ""eff_mean_ms"": 66.032, ""infer_mean_ms"": 66.031}, {""stream_id"": 1, ""sid"": 22, ""device"": ""GPU"", ""sap"": 0.17617, ""sap_s"": 0.00105, ""sap_m"": 0.18738, ""sap_l"": 0.53646, ""skip"": 85.45, ""eff_mean_ms"": 63.744, ""infer_mean_ms"": 63.743}, {""stream_id"": 2, ""sid"": 13, ""device"": ""GPU"", ""sap"": 0.12354, ""sap_s"": 0.00824, ""sap_m"": 0.0779, ""sap_l"": 0.32255, ""skip"": 41.78, ""eff_mean_ms"": 38.477, ""infer_mean_ms"": 38.477}, {""stream_id"": 3, ""sid"": 16, ""device"": ""GPU"", ""sap"": 0.17479, ""sap_s"": 0.00634, ""sap_m"": 0.50188, ""sap_l"": 0.2707, ""skip"": 82.11, ""eff_mean_ms"": 62.093, ""infer_mean_ms"": 62.093}, {""stream_id"": 4, ""sid"": 3, ""device"": ""GPU"", ""sap"": 0.07377, ""sap_s"": 0.00175, ""sap_m"": 0.13946, ""sap_l"": 0.13805, ""skip"": 84.83, ""eff_mean_ms"": 65.407, ""infer_mean_ms"": 65.406}, {""stream_id"": 5, ""sid"": 21, ""device"": ""GPU"", ""sap"": 0.05813, ""sap_s"": 0.0065, ""sap_m"": 0.01027, ""sap_l"": 0.15891, ""skip"": 78.8, ""eff_mean_ms"": 61.275, ""infer_mean_ms"": 61.275}, {""stream_id"": 6, ""sid"": 14, ""device"": ""GPU"", ""sap"": 0.33019, ""sap_s"": 0.05653, ""sap_m"": 0.20372, ""sap_l"": 0.51245, ""skip"": 41.31, ""eff_mean_ms"": 38.438, ""infer_mean_ms"": 38.438}, {""stream_id"": 7, ""sid"": 4, ""device"": ""GPU"", ""sap"": 0.21378, ""sap_s"": 0.0, ""sap_m"": 0.13268, ""sap_l"": 0.53271, ""skip"": 61.52, ""eff_mean_ms"": 48.568, ""infer_mean_ms"": 48.568}]",1782628383.657,1782628414.207,33.333,30.0,yolo11s,argoverse-hd-val,1782628414
rev30_1782625012,N8,8,GGGGGGGG,3,2,71.74,0.0,0.0587,0.15369,0.14764,0.06854,0.01107,0.16942,0.35507,22.808,"[{""stream_id"": 0, ""sid"": 2, ""device"": ""GPU"", ""sap"": 0.07846, ""sap_s"": 0.00984, ""sap_m"": 0.08197, ""sap_l"": 0.35875, ""skip"": 84.19, ""eff_mean_ms"": 63.534, ""infer_mean_ms"": 63.534}, {""stream_id"": 1, ""sid"": 22, ""device"": ""GPU"", ""sap"": 0.17714, ""sap_s"": 0.00176, ""sap_m"": 0.18728, ""sap_l"": 0.52883, ""skip"": 87.98, ""eff_mean_ms"": 65.71, ""infer_mean_ms"": 65.709}, {""stream_id"": 2, ""sid"": 13, ""device"": ""GPU"", ""sap"": 0.11912, ""sap_s"": 0.00779, ""sap_m"": 0.07749, ""sap_l"": 0.31664, ""skip"": 40.45, ""eff_mean_ms"": 39.374, ""infer_mean_ms"": 39.374}, {""stream_id"": 3, ""sid"": 16, ""device"": ""GPU"", ""sap"": 0.17617, ""sap_s"": 0.00684, ""sap_m"": 0.51172, ""sap_l"": 0.2719, ""skip"": 87.14, ""eff_mean_ms"": 65.026, ""infer_mean_ms"": 65.026}, {""stream_id"": 4, ""sid"": 3, ""device"": ""GPU"", ""sap"": 0.07276, ""sap_s"": 0.00216, ""sap_m"": 0.14796, ""sap_l"": 0.15231, ""skip"": 85.19, ""eff_mean_ms"": 64.424, ""infer_mean_ms"": 64.424}, {""stream_id"": 5, ""sid"": 21, ""device"": ""GPU"", ""sap"": 0.0587, ""sap_s"": 0.00656, ""sap_m"": 0.00983, ""sap_l"": 0.16163, ""skip"": 85.65, ""eff_mean_ms"": 63.857, ""infer_mean_ms"": 63.856}, {""stream_id"": 6, ""sid"": 14, ""device"": ""GPU"", ""sap"": 0.33276, ""sap_s"": 0.05362, ""sap_m"": 0.20628, ""sap_l"": 0.51654, ""skip"": 40.28, ""eff_mean_ms"": 38.372, ""infer_mean_ms"": 38.371}, {""stream_id"": 7, ""sid"": 4, ""device"": ""GPU"", ""sap"": 0.21444, ""sap_s"": 0.0, ""sap_m"": 0.1328, ""sap_l"": 0.53397, ""skip"": 63.05, ""eff_mean_ms"": 48.837, ""infer_mean_ms"": 48.837}]",1782628414.208,1782628444.732,33.333,30.0,yolo11s,argoverse-hd-val,1782628444
rev30_1782625012,N2,2,GG,4,0,13.33,0.0,0.10444,0.11036,0.11036,0.10562,0.01303,0.09907,0.39728,-8.31,"[{""stream_id"": 0, ""sid"": 2, ""device"": ""GPU"", ""sap"": 0.11628, ""sap_s"": 0.016, ""sap_m"": 0.1618, ""sap_l"": 0.54567, ""skip"": 12.76, ""eff_mean_ms"": 24.922, ""infer_mean_ms"": 24.922}, {""stream_id"": 1, ""sid"": 21, ""device"": ""GPU"", ""sap"": 0.10444, ""sap_s"": 0.01005, ""sap_m"": 0.03635, ""sap_l"": 0.2489, ""skip"": 13.9, ""eff_mean_ms"": 25.125, ""infer_mean_ms"": 25.124}]",1782628444.734,1782628457.825,33.333,30.0,yolo11s,argoverse-hd-val,1782628457
rev30_1782625012,N2,2,GG,4,1,11.5,0.0,0.10515,0.11099,0.11099,0.10632,0.01298,0.09812,0.40411,-9.24,"[{""stream_id"": 0, ""sid"": 2, ""device"": ""GPU"", ""sap"": 0.11682, ""sap_s"": 0.01594, ""sap_m"": 0.16097, ""sap_l"": 0.55741, ""skip"": 12.53, ""eff_mean_ms"": 24.364, ""infer_mean_ms"": 24.364}, {""stream_id"": 1, ""sid"": 21, ""device"": ""GPU"", ""sap"": 0.10515, ""sap_s"": 0.01001, ""sap_m"": 0.03527, ""sap_l"": 0.25081, ""skip"": 10.48, ""eff_mean_ms"": 23.823, ""infer_mean_ms"": 23.823}]",1782628457.825,1782628470.428,33.333,30.0,yolo11s,argoverse-hd-val,1782628470
rev30_1782625012,N2,2,GG,4,2,11.88,0.0,0.11054,0.11342,0.11342,0.11112,0.01289,0.10121,0.40119,-8.886,"[{""stream_id"": 0, ""sid"": 2, ""device"": ""GPU"", ""sap"": 0.1163, ""sap_s"": 0.01582, ""sap_m"": 0.16131, ""sap_l"": 0.54821, ""skip"": 11.42, ""eff_mean_ms"": 24.633, ""infer_mean_ms"": 24.632}, {""stream_id"": 1, ""sid"": 21, ""device"": ""GPU"", ""sap"": 0.11054, ""sap_s"": 0.00995, ""sap_m"": 0.04112, ""sap_l"": 0.25417, ""skip"": 12.33, ""eff_mean_ms"": 24.261, ""infer_mean_ms"": 24.261}]",1782628470.428,1782628483.308,33.333,30.0,yolo11s,argoverse-hd-val,1782628483
rev30_1782625012,N8,8,GGGGGGGG,4,0,73.19,0.0,0.06082,0.14963,0.13925,0.06823,0.01133,0.16889,0.3416,24.373,"[{""stream_id"": 0, ""sid"": 2, ""device"": ""GPU"", ""sap"": 0.07549, ""sap_s"": 0.01033, ""sap_m"": 0.07456, ""sap_l"": 0.3466, ""skip"": 86.29, ""eff_mean_ms"": 68.685, ""infer_mean_ms"": 68.685}, {""stream_id"": 1, ""sid"": 22, ""device"": ""GPU"", ""sap"": 0.1752, ""sap_s"": 0.00081, ""sap_m"": 0.18584, ""sap_l"": 0.52975, ""skip"": 86.89, ""eff_mean_ms"": 65.792, ""infer_mean_ms"": 65.792}, {""stream_id"": 2, ""sid"": 13, ""device"": ""GPU"", ""sap"": 0.12212, ""sap_s"": 0.00823, ""sap_m"": 0.07527, ""sap_l"": 0.31209, ""skip"": 44.08, ""eff_mean_ms"": 39.981, ""infer_mean_ms"": 39.981}, {""stream_id"": 3, ""sid"": 16, ""device"": ""GPU"", ""sap"": 0.15638, ""sap_s"": 0.00654, ""sap_m"": 0.52101, ""sap_l"": 0.23426, ""skip"": 86.8, ""eff_mean_ms"": 67.602, ""infer_mean_ms"": 67.601}, {""stream_id"": 4, ""sid"": 3, ""device"": ""GPU"", ""sap"": 0.07141, ""sap_s"": 0.00139, ""sap_m"": 0.15145, ""sap_l"": 0.10015, ""skip"": 87.98, ""eff_mean_ms"": 65.757, ""infer_mean_ms"": 65.756}, {""stream_id"": 5, ""sid"": 21, ""device"": ""GPU"", ""sap"": 0.06082, ""sap_s"": 0.00671, ""sap_m"": 0.00894, ""sap_l"": 0.16145, ""skip"": 81.86, ""eff_mean_ms"": 62.284, ""infer_mean_ms"": 62.284}, {""stream_id"": 6, ""sid"": 14, ""device"": ""GPU"", ""sap"": 0.3224, ""sap_s"": 0.05666, ""sap_m"": 0.20297, ""sap_l"": 0.51435, ""skip"": 46.79, ""eff_mean_ms"": 39.512, ""infer_mean_ms"": 39.512}, {""stream_id"": 7, ""sid"": 4, ""device"": ""GPU"", ""sap"": 0.21323, ""sap_s"": 0.0, ""sap_m"": 0.13106, ""sap_l"": 0.53414, ""skip"": 64.84, ""eff_mean_ms"": 52.041, ""infer_mean_ms"": 52.041}]",1782628483.309,1782628514.263,33.333,30.0,yolo11s,argoverse-hd-val,1782628514
rev30_1782625012,N8,8,GGGGGGGG,4,1,71.62,0.0,0.0556,0.15258,0.14669,0.06815,0.01117,0.16378,0.34729,24.003,"[{""stream_id"": 0, ""sid"": 2, ""device"": ""GPU"", ""sap"": 0.0766, ""sap_s"": 0.01044, ""sap_m"": 0.07748, ""sap_l"": 0.34884, ""skip"": 86.63, ""eff_mean_ms"": 67.419, ""infer_mean_ms"": 67.419}, {""stream_id"": 1, ""sid"": 22, ""device"": ""GPU"", ""sap"": 0.17995, ""sap_s"": 0.00119, ""sap_m"": 0.18734, ""sap_l"": 0.54202, ""skip"": 85.65, ""eff_mean_ms"": 65.479, ""infer_mean_ms"": 65.479}, {""stream_id"": 2, ""sid"": 13, ""device"": ""GPU"", ""sap"": 0.12596, ""sap_s"": 0.00824, ""sap_m"": 0.07743, ""sap_l"": 0.31491, ""skip"": 42.63, ""eff_mean_ms"": 39.929, ""infer_mean_ms"": 39.929}, {""stream_id"": 3, ""sid"": 16, ""device"": ""GPU"", ""sap"": 0.16742, ""sap_s"": 0.00709, ""sap_m"": 0.4908, ""sap_l"": 0.25834, ""skip"": 85.65, ""eff_mean_ms"": 64.199, ""infer_mean_ms"": 64.198}, {""stream_id"": 4, ""sid"": 3, ""device"": ""GPU"", ""sap"": 0.07353, ""sap_s"": 0.00171, ""sap_m"": 0.13704, ""sap_l"": 0.11686, ""skip"": 85.51, ""eff_mean_ms"": 66.859, ""infer_mean_ms"": 66.858}, {""stream_id"": 5, ""sid"": 21, ""device"": ""GPU"", ""sap"": 0.0556, ""sap_s"": 0.00631, ""sap_m"": 0.00863, ""sap_l"": 0.15237, ""skip"": 85.5, ""eff_mean_ms"": 67.102, ""infer_mean_ms"": 67.101}, {""stream_id"": 6, ""sid"": 14, ""device"": ""GPU"", ""sap"": 0.3282, ""sap_s"": 0.05441, ""sap_m"": 0.20172, ""sap_l"": 0.51314, ""skip"": 41.92, ""eff_mean_ms"": 39.306, ""infer_mean_ms"": 39.306}, {""stream_id"": 7, ""sid"": 4, ""device"": ""GPU"", ""sap"": 0.21335, ""sap_s"": 0.0, ""sap_m"": 0.12983, ""sap_l"": 0.53185, ""skip"": 59.45, ""eff_mean_ms"": 48.398, ""infer_mean_ms"": 48.397}]",1782628514.264,1782628545.054,33.333,30.0,yolo11s,argoverse-hd-val,1782628545
rev30_1782625012,N8,8,GGGGGGGG,4,2,73.48,0.0,0.05891,0.14911,0.13394,0.06499,0.01142,0.16859,0.34245,23.352,"[{""stream_id"": 0, ""sid"": 2, ""device"": ""GPU"", ""sap"": 0.07783, ""sap_s"": 0.01041, ""sap_m"": 0.08025, ""sap_l"": 0.35862, ""skip"": 86.6, ""eff_mean_ms"": 64.799, ""infer_mean_ms"": 64.799}, {""stream_id"": 1, ""sid"": 22, ""device"": ""GPU"", ""sap"": 0.18497, ""sap_s"": 0.00103, ""sap_m"": 0.18676, ""sap_l"": 0.54795, ""skip"": 83.96, ""eff_mean_ms"": 65.308, ""infer_mean_ms"": 65.308}, {""stream_id"": 2, ""sid"": 13, ""device"": ""GPU"", ""sap"": 0.11006, ""sap_s"": 0.00827, ""sap_m"": 0.07357, ""sap_l"": 0.30239, ""skip"": 46.05, ""eff_mean_ms"": 40.806, ""infer_mean_ms"": 40.805}, {""stream_id"": 3, ""sid"": 16, ""device"": ""GPU"", ""sap"": 0.15782, ""sap_s"": 0.00657, ""sap_m"": 0.5272, ""sap_l"": 0.23609, ""skip"": 86.41, ""eff_mean_ms"": 65.511, ""infer_mean_ms"": 65.51}, {""stream_id"": 4, ""sid"": 3, ""device"": ""GPU"", ""sap"": 0.06759, ""sap_s"": 0.00124, ""sap_m"": 0.13539, ""sap_l"": 0.10612, ""skip"": 91.41, ""eff_mean_ms"": 68.955, ""infer_mean_ms"": 68.955}, {""stream_id"": 5, ""sid"": 21, ""device"": ""GPU"", ""sap"": 0.05891, ""sap_s"": 0.00692, ""sap_m"": 0.01004, ""sap_l"": 0.16142, ""skip"": 83.91, ""eff_mean_ms"": 59.13, ""infer_mean_ms"": 59.13}, {""stream_id"": 6, ""sid"": 14, ""device"": ""GPU"", ""sap"": 0.32251, ""sap_s"": 0.05694, ""sap_m"": 0.20291, ""sap_l"": 0.49535, ""skip"": 45.78, ""eff_mean_ms"": 39.541, ""infer_mean_ms"": 39.541}, {""stream_id"": 7, ""sid"": 4, ""device"": ""GPU"", ""sap"": 0.2132, ""sap_s"": 0.0, ""sap_m"": 0.1326, ""sap_l"": 0.53164, ""skip"": 63.75, ""eff_mean_ms"": 49.435, ""infer_mean_ms"": 49.434}]",1782628545.054,1782628576.136,33.333,30.0,yolo11s,argoverse-hd-val,1782628576
rev30_1782625012,N2,2,GG,6,0,23.49,0.0,0.09789,0.10291,0.10291,0.09889,0.01251,0.08418,0.37061,-5.8,"[{""stream_id"": 0, ""sid"": 2, ""device"": ""GPU"", ""sap"": 0.10793, ""sap_s"": 0.01543, ""sap_m"": 0.1391, ""sap_l"": 0.49953, ""skip"": 26.61, ""eff_mean_ms"": 28.105, ""infer_mean_ms"": 28.104}, {""stream_id"": 1, ""sid"": 21, ""device"": ""GPU"", ""sap"": 0.09789, ""sap_s"": 0.00959, ""sap_m"": 0.02926, ""sap_l"": 0.2417, ""skip"": 20.37, ""eff_mean_ms"": 26.961, ""infer_mean_ms"": 26.961}]",1782628576.136,1782628590.402,33.333,30.0,yolo11s,argoverse-hd-val,1782628590
rev30_1782625012,N2,2,GG,6,1,22.76,0.0,0.10471,0.10766,0.10766,0.1053,0.01234,0.09346,0.36845,-6.135,"[{""stream_id"": 0, ""sid"": 2, ""device"": ""GPU"", ""sap"": 0.1106, ""sap_s"": 0.01539, ""sap_m"": 0.14765, ""sap_l"": 0.49368, ""skip"": 21.38, ""eff_mean_ms"": 27.224, ""infer_mean_ms"": 27.224}, {""stream_id"": 1, ""sid"": 21, ""device"": ""GPU"", ""sap"": 0.10471, ""sap_s"": 0.0093, ""sap_m"": 0.03926, ""sap_l"": 0.24323, ""skip"": 24.14, ""eff_mean_ms"": 27.172, ""infer_mean_ms"": 27.172}]",1782628590.402,1782628604.492,33.333,30.0,yolo11s,argoverse-hd-val,1782628604
rev30_1782625012,N2,2,GG,6,2,22.8,0.0,0.10072,0.10572,0.10572,0.10172,0.01253,0.09033,0.37866,-6.275,"[{""stream_id"": 0, ""sid"": 2, ""device"": ""GPU"", ""sap"": 0.11071, ""sap_s"": 0.01564, ""sap_m"": 0.1474, ""sap_l"": 0.51561, ""skip"": 23.34, ""eff_mean_ms"": 27.483, ""infer_mean_ms"": 27.482}, {""stream_id"": 1, ""sid"": 21, ""device"": ""GPU"", ""sap"": 0.10072, ""sap_s"": 0.00942, ""sap_m"": 0.03325, ""sap_l"": 0.24171, ""skip"": 22.25, ""eff_mean_ms"": 26.633, ""infer_mean_ms"": 26.633}]",1782628604.495,1782628618.53,33.333,30.0,yolo11s,argoverse-hd-val,1782628618
rev30_1782625012,N8,8,GGGGGGGG,6,0,75.67,0.0,0.05712,0.14658,0.13573,0.06561,0.01121,0.16499,0.34219,27.408,"[{""stream_id"": 0, ""sid"": 2, ""device"": ""GPU"", ""sap"": 0.07696, ""sap_s"": 0.01057, ""sap_m"": 0.07765, ""sap_l"": 0.35191, ""skip"": 86.83, ""eff_mean_ms"": 66.11, ""infer_mean_ms"": 66.11}, {""stream_id"": 1, ""sid"": 22, ""device"": ""GPU"", ""sap"": 0.17664, ""sap_s"": 0.00081, ""sap_m"": 0.18308, ""sap_l"": 0.53026, ""skip"": 90.86, ""eff_mean_ms"": 71.667, ""infer_mean_ms"": 71.666}, {""stream_id"": 2, ""sid"": 13, ""device"": ""GPU"", ""sap"": 0.11963, ""sap_s"": 0.00805, ""sap_m"": 0.0737, ""sap_l"": 0.3024, ""skip"": 50.0, ""eff_mean_ms"": 42.468, ""infer_mean_ms"": 42.468}, {""stream_id"": 3, ""sid"": 16, ""device"": ""GPU"", ""sap"": 0.15183, ""sap_s"": 0.00575, ""sap_m"": 0.50842, ""sap_l"": 0.22822, ""skip"": 86.84, ""eff_mean_ms"": 69.421, ""infer_mean_ms"": 69.421}, {""stream_id"": 4, ""sid"": 3, ""device"": ""GPU"", ""sap"": 0.06925, ""sap_s"": 0.00178, ""sap_m"": 0.13669, ""sap_l"": 0.14185, ""skip"": 88.66, ""eff_mean_ms"": 70.285, ""infer_mean_ms"": 70.285}, {""stream_id"": 5, ""sid"": 21, ""device"": ""GPU"", ""sap"": 0.05712, ""sap_s"": 0.0058, ""sap_m"": 0.00929, ""sap_l"": 0.15269, ""skip"": 87.5, ""eff_mean_ms"": 72.667, ""infer_mean_ms"": 72.666}, {""stream_id"": 6, ""sid"": 14, ""device"": ""GPU"", ""sap"": 0.30766, ""sap_s"": 0.05696, ""sap_m"": 0.20122, ""sap_l"": 0.49758, ""skip"": 50.73, ""eff_mean_ms"": 42.614, ""infer_mean_ms"": 42.613}, {""stream_id"": 7, ""sid"": 4, ""device"": ""GPU"", ""sap"": 0.21351, ""sap_s"": 0.0, ""sap_m"": 0.12984, ""sap_l"": 0.53261, ""skip"": 63.92, ""eff_mean_ms"": 50.697, ""infer_mean_ms"": 50.697}]",1782628618.531,1782628650.336,33.333,30.0,yolo11s,argoverse-hd-val,1782628650
rev30_1782625012,N8,8,GGGGGGGG,6,1,76.08,0.0,0.05681,0.15037,0.14834,0.06522,0.01087,0.16617,0.34047,26.877,"[{""stream_id"": 0, ""sid"": 2, ""device"": ""GPU"", ""sap"": 0.07527, ""sap_s"": 0.00904, ""sap_m"": 0.07399, ""sap_l"": 0.34998, ""skip"": 86.91, ""eff_mean_ms"": 69.583, ""infer_mean_ms"": 69.583}, {""stream_id"": 1, ""sid"": 22, ""device"": ""GPU"", ""sap"": 0.17951, ""sap_s"": 0.00112, ""sap_m"": 0.18502, ""sap_l"": 0.53363, ""skip"": 88.06, ""eff_mean_ms"": 69.626, ""infer_mean_ms"": 69.626}, {""stream_id"": 2, ""sid"": 13, ""device"": ""GPU"", ""sap"": 0.11876, ""sap_s"": 0.0079, ""sap_m"": 0.07195, ""sap_l"": 0.30668, ""skip"": 49.24, ""eff_mean_ms"": 43.872, ""infer_mean_ms"": 43.871}, {""stream_id"": 3, ""sid"": 16, ""device"": ""GPU"", ""sap"": 0.17792, ""sap_s"": 0.00596, ""sap_m"": 0.51332, ""sap_l"": 0.26578, ""skip"": 88.89, ""eff_mean_ms"": 68.639, ""infer_mean_ms"": 68.639}, {""stream_id"": 4, ""sid"": 3, ""device"": ""GPU"", ""sap"": 0.06883, ""sap_s"": 0.0018, ""sap_m"": 0.14411, ""sap_l"": 0.08816, ""skip"": 86.76, ""eff_mean_ms"": 67.443, ""infer_mean_ms"": 67.442}, {""stream_id"": 5, ""sid"": 21, ""device"": ""GPU"", ""sap"": 0.05681, ""sap_s"": 0.00623, ""sap_m"": 0.00956, ""sap_l"": 0.15405, ""skip"": 90.4, ""eff_mean_ms"": 68.242, ""infer_mean_ms"": 68.242}, {""stream_id"": 6, ""sid"": 14, ""device"": ""GPU"", ""sap"": 0.31053, ""sap_s"": 0.0549, ""sap_m"": 0.20132, ""sap_l"": 0.48991, ""skip"": 50.66, ""eff_mean_ms"": 42.598, ""infer_mean_ms"": 42.598}, {""stream_id"": 7, ""sid"": 4, ""device"": ""GPU"", ""sap"": 0.21532, ""sap_s"": 0.0, ""sap_m"": 0.13013, ""sap_l"": 0.53558, ""skip"": 67.75, ""eff_mean_ms"": 51.677, ""infer_mean_ms"": 51.677}]",1782628650.336,1782628682.214,33.333,30.0,yolo11s,argoverse-hd-val,1782628682
rev30_1782625012,N8,8,GGGGGGGG,6,2,77.62,0.0,0.05529,0.14841,0.13629,0.06552,0.01125,0.15979,0.34084,28.056,"[{""stream_id"": 0, ""sid"": 2, ""device"": ""GPU"", ""sap"": 0.07392, ""sap_s"": 0.00933, ""sap_m"": 0.07239, ""sap_l"": 0.3424, ""skip"": 93.33, ""eff_mean_ms"": 73.396, ""infer_mean_ms"": 73.396}, {""stream_id"": 1, ""sid"": 22, ""device"": ""GPU"", ""sap"": 0.18073, ""sap_s"": 0.00092, ""sap_m"": 0.18833, ""sap_l"": 0.53797, ""skip"": 87.82, ""eff_mean_ms"": 70.324, ""infer_mean_ms"": 70.323}, {""stream_id"": 2, ""sid"": 13, ""device"": ""GPU"", ""sap"": 0.11527, ""sap_s"": 0.00741, ""sap_m"": 0.07253, ""sap_l"": 0.29797, ""skip"": 50.84, ""eff_mean_ms"": 42.691, ""infer_mean_ms"": 42.691}, {""stream_id"": 3, ""sid"": 16, ""device"": ""GPU"", ""sap"": 0.15732, ""sap_s"": 0.0065, ""sap_m"": 0.45734, ""sap_l"": 0.24102, ""skip"": 89.89, ""eff_mean_ms"": 72.928, ""infer_mean_ms"": 72.927}, {""stream_id"": 4, ""sid"": 3, ""device"": ""GPU"", ""sap"": 0.0699, ""sap_s"": 0.00158, ""sap_m"": 0.14443, ""sap_l"": 0.1267, ""skip"": 84.06, ""eff_mean_ms"": 65.428, ""infer_mean_ms"": 65.428}, {""stream_id"": 5, ""sid"": 21, ""device"": ""GPU"", ""sap"": 0.05529, ""sap_s"": 0.00651, ""sap_m"": 0.00939, ""sap_l"": 0.15011, ""skip"": 88.27, ""eff_mean_ms"": 68.184, ""infer_mean_ms"": 68.184}, {""stream_id"": 6, ""sid"": 14, ""device"": ""GPU"", ""sap"": 0.31962, ""sap_s"": 0.05777, ""sap_m"": 0.2012, ""sap_l"": 0.49161, ""skip"": 52.86, ""eff_mean_ms"": 42.568, ""infer_mean_ms"": 42.568}, {""stream_id"": 7, ""sid"": 4, ""device"": ""GPU"", ""sap"": 0.21522, ""sap_s"": 0.0, ""sap_m"": 0.13273, ""sap_l"": 0.53896, ""skip"": 73.89, ""eff_mean_ms"": 55.594, ""infer_mean_ms"": 55.593}]",1782628682.215,1782628714.154,33.333,30.0,yolo11s,argoverse-hd-val,1782628714
rev30_1782625012,N2,2,GG,8,0,34.47,0.0,0.09779,0.10067,0.10067,0.09837,0.01206,0.08164,0.36879,-3.114,"[{""stream_id"": 0, ""sid"": 2, ""device"": ""GPU"", ""sap"": 0.10354, ""sap_s"": 0.01454, ""sap_m"": 0.13211, ""sap_l"": 0.49883, ""skip"": 39.14, ""eff_mean_ms"": 31.253, ""infer_mean_ms"": 31.253}, {""stream_id"": 1, ""sid"": 21, ""device"": ""GPU"", ""sap"": 0.09779, ""sap_s"": 0.00958, ""sap_m"": 0.03117, ""sap_l"": 0.23876, ""skip"": 29.79, ""eff_mean_ms"": 29.185, ""infer_mean_ms"": 29.184}]",1782628714.155,1782628729.318,33.333,30.0,yolo11s,argoverse-hd-val,1782628729
rev30_1782625012,N2,2,GG,8,1,37.03,0.0,0.09056,0.09611,0.09611,0.09167,0.01175,0.07551,0.34071,-2.67,"[{""stream_id"": 0, ""sid"": 2, ""device"": ""GPU"", ""sap"": 0.10166, ""sap_s"": 0.01427, ""sap_m"": 0.12645, ""sap_l"": 0.45383, ""skip"": 39.1, ""eff_mean_ms"": 31.276, ""infer_mean_ms"": 31.276}, {""stream_id"": 1, ""sid"": 21, ""device"": ""GPU"", ""sap"": 0.09056, ""sap_s"": 0.00924, ""sap_m"": 0.02456, ""sap_l"": 0.22759, ""skip"": 34.97, ""eff_mean_ms"": 30.051, ""infer_mean_ms"": 30.051}]",1782628729.318,1782628744.662,33.333,30.0,yolo11s,argoverse-hd-val,1782628744
rev30_1782625012,N2,2,GG,8,2,33.1,0.0,0.09472,0.09976,0.09976,0.09573,0.0123,0.0796,0.37638,-3.45,"[{""stream_id"": 0, ""sid"": 2, ""device"": ""GPU"", ""sap"": 0.10481, ""sap_s"": 0.01518, ""sap_m"": 0.1328, ""sap_l"": 0.51865, ""skip"": 32.94, ""eff_mean_ms"": 29.936, ""infer_mean_ms"": 29.936}, {""stream_id"": 1, ""sid"": 21, ""device"": ""GPU"", ""sap"": 0.09472, ""sap_s"": 0.00943, ""sap_m"": 0.02641, ""sap_l"": 0.2341, ""skip"": 33.26, ""eff_mean_ms"": 29.831, ""infer_mean_ms"": 29.83}]",1782628744.663,1782628759.56,33.333,30.0,yolo11s,argoverse-hd-val,1782628759
rev30_1782625012,N8,8,GGGGGGGG,8,0,78.06,0.0,0.05312,0.14304,0.13445,0.06051,0.01109,0.15462,0.32748,31.715,"[{""stream_id"": 0, ""sid"": 2, ""device"": ""GPU"", ""sap"": 0.07261, ""sap_s"": 0.00986, ""sap_m"": 0.06871, ""sap_l"": 0.33745, ""skip"": 90.59, ""eff_mean_ms"": 79.443, ""infer_mean_ms"": 79.443}, {""stream_id"": 1, ""sid"": 22, ""device"": ""GPU"", ""sap"": 0.17141, ""sap_s"": 0.00104, ""sap_m"": 0.1856, ""sap_l"": 0.5183, ""skip"": 86.84, ""eff_mean_ms"": 70.711, ""infer_mean_ms"": 70.711}, {""stream_id"": 2, ""sid"": 13, ""device"": ""GPU"", ""sap"": 0.12348, ""sap_s"": 0.00674, ""sap_m"": 0.06802, ""sap_l"": 0.30753, ""skip"": 56.23, ""eff_mean_ms"": 45.225, ""infer_mean_ms"": 45.225}, {""stream_id"": 3, ""sid"": 16, ""device"": ""GPU"", ""sap"": 0.14541, ""sap_s"": 0.00699, ""sap_m"": 0.4569, ""sap_l"": 0.20509, ""skip"": 87.85, ""eff_mean_ms"": 73.566, ""infer_mean_ms"": 73.566}, {""stream_id"": 4, ""sid"": 3, ""device"": ""GPU"", ""sap"": 0.06367, ""sap_s"": 0.00233, ""sap_m"": 0.1206, ""sap_l"": 0.08326, ""skip"": 89.01, ""eff_mean_ms"": 74.336, ""infer_mean_ms"": 74.336}, {""stream_id"": 5, ""sid"": 21, ""device"": ""GPU"", ""sap"": 0.05312, ""sap_s"": 0.00662, ""sap_m"": 0.00772, ""sap_l"": 0.14437, ""skip"": 87.36, ""eff_mean_ms"": 75.849, ""infer_mean_ms"": 75.848}, {""stream_id"": 6, ""sid"": 14, ""device"": ""GPU"", ""sap"": 0.30117, ""sap_s"": 0.05511, ""sap_m"": 0.19977, ""sap_l"": 0.49104, ""skip"": 55.08, ""eff_mean_ms"": 44.844, ""infer_mean_ms"": 44.843}, {""stream_id"": 7, ""sid"": 4, ""device"": ""GPU"", ""sap"": 0.21346, ""sap_s"": 0.0, ""sap_m"": 0.12968, ""sap_l"": 0.53281, ""skip"": 71.51, ""eff_mean_ms"": 56.412, ""infer_mean_ms"": 56.412}]",1782628759.56,1782628791.948,33.333,30.0,yolo11s,argoverse-hd-val,1782628791
rev30_1782625012,N8,8,GGGGGGGG,8,1,82.28,0.0,0.05388,0.14329,0.13782,0.0608,0.01117,0.16035,0.32693,33.589,"[{""stream_id"": 0, ""sid"": 2, ""device"": ""GPU"", ""sap"": 0.07233, ""sap_s"": 0.00895, ""sap_m"": 0.07003, ""sap_l"": 0.34101, ""skip"": 92.86, ""eff_mean_ms"": 77.572, ""infer_mean_ms"": 77.572}, {""stream_id"": 1, ""sid"": 22, ""device"": ""GPU"", ""sap"": 0.17011, ""sap_s"": 0.00082, ""sap_m"": 0.18386, ""sap_l"": 0.51143, ""skip"": 91.86, ""eff_mean_ms"": 78.563, ""infer_mean_ms"": 78.563}, {""stream_id"": 2, ""sid"": 13, ""device"": ""GPU"", ""sap"": 0.1174, ""sap_s"": 0.00762, ""sap_m"": 0.06844, ""sap_l"": 0.29625, ""skip"": 61.66, ""eff_mean_ms"": 45.989, ""infer_mean_ms"": 45.988}, {""stream_id"": 3, ""sid"": 16, ""device"": ""GPU"", ""sap"": 0.15824, ""sap_s"": 0.0069, ""sap_m"": 0.49897, ""sap_l"": 0.22776, ""skip"": 94.51, ""eff_mean_ms"": 79.551, ""infer_mean_ms"": 79.55}, {""stream_id"": 4, ""sid"": 3, ""device"": ""GPU"", ""sap"": 0.06377, ""sap_s"": 0.00179, ""sap_m"": 0.12143, ""sap_l"": 0.08566, ""skip"": 91.38, ""eff_mean_ms"": 75.723, ""infer_mean_ms"": 75.722}, {""stream_id"": 5, ""sid"": 21, ""device"": ""GPU"", ""sap"": 0.05388, ""sap_s"": 0.00626, ""sap_m"": 0.0086, ""sap_l"": 0.14724, ""skip"": 89.33, ""eff_mean_ms"": 72.982, ""infer_mean_ms"": 72.982}, {""stream_id"": 6, ""sid"": 14, ""device"": ""GPU"", ""sap"": 0.29818, ""sap_s"": 0.057, ""sap_m"": 0.19874, ""sap_l"": 0.47629, ""skip"": 58.83, ""eff_mean_ms"": 46.917, ""infer_mean_ms"": 46.917}, {""stream_id"": 7, ""sid"": 4, ""device"": ""GPU"", ""sap"": 0.21241, ""sap_s"": 0.0, ""sap_m"": 0.13272, ""sap_l"": 0.52977, ""skip"": 77.81, ""eff_mean_ms"": 58.082, ""infer_mean_ms"": 58.081}]",1782628791.949,1782628824.699,33.333,30.0,yolo11s,argoverse-hd-val,1782628824
rev30_1782625012,N8,8,GGGGGGGG,8,2,78.42,0.0,0.05532,0.14469,0.13838,0.06208,0.01083,0.16537,0.33237,31.282,"[{""stream_id"": 0, ""sid"": 2, ""device"": ""GPU"", ""sap"": 0.07561, ""sap_s"": 0.01019, ""sap_m"": 0.07588, ""sap_l"": 0.34714, ""skip"": 90.11, ""eff_mean_ms"": 72.826, ""infer_mean_ms"": 72.826}, {""stream_id"": 1, ""sid"": 22, ""device"": ""GPU"", ""sap"": 0.17033, ""sap_s"": 0.00131, ""sap_m"": 0.18653, ""sap_l"": 0.51018, ""skip"": 87.17, ""eff_mean_ms"": 73.613, ""infer_mean_ms"": 73.613}, {""stream_id"": 2, ""sid"": 13, ""device"": ""GPU"", ""sap"": 0.12365, ""sap_s"": 0.00697, ""sap_m"": 0.06897, ""sap_l"": 0.3042, ""skip"": 58.2, ""eff_mean_ms"": 46.223, ""infer_mean_ms"": 46.223}, {""stream_id"": 3, ""sid"": 16, ""device"": ""GPU"", ""sap"": 0.15311, ""sap_s"": 0.00606, ""sap_m"": 0.51244, ""sap_l"": 0.22465, ""skip"": 88.4, ""eff_mean_ms"": 74.927, ""infer_mean_ms"": 74.926}, {""stream_id"": 4, ""sid"": 3, ""device"": ""GPU"", ""sap"": 0.06498, ""sap_s"": 0.00079, ""sap_m"": 0.138, ""sap_l"": 0.10877, ""skip"": 91.06, ""eff_mean_ms"": 74.898, ""infer_mean_ms"": 74.898}, {""stream_id"": 5, ""sid"": 21, ""device"": ""GPU"", ""sap"": 0.05532, ""sap_s"": 0.00613, ""sap_m"": 0.00916, ""sap_l"": 0.15232, ""skip"": 86.03, ""eff_mean_ms"": 73.091, ""infer_mean_ms"": 73.091}, {""stream_id"": 6, ""sid"": 14, ""device"": ""GPU"", ""sap"": 0.29907, ""sap_s"": 0.05521, ""sap_m"": 0.19991, ""sap_l"": 0.47465, ""skip"": 55.27, ""eff_mean_ms"": 45.255, ""infer_mean_ms"": 45.255}, {""stream_id"": 7, ""sid"": 4, ""device"": ""GPU"", ""sap"": 0.21541, ""sap_s"": 0.0, ""sap_m"": 0.13211, ""sap_l"": 0.53702, ""skip"": 71.14, ""eff_mean_ms"": 56.093, ""infer_mean_ms"": 56.093}]",1782628824.7,1782628857.172,33.333,30.0,yolo11s,argoverse-hd-val,1782628857
rev30_1782625012,N2,2,NN,0,0,0.0,0.0,0.0836,0.0963,0.0963,0.08614,0.00637,0.0835,0.38929,-18.372,"[{""stream_id"": 0, ""sid"": 2, ""device"": ""NPU"", ""sap"": 0.109, ""sap_s"": 0.01134, ""sap_m"": 0.14256, ""sap_l"": 0.56587, ""skip"": 0.0, ""eff_mean_ms"": 15.454, ""infer_mean_ms"": 15.454}, {""stream_id"": 1, ""sid"": 21, ""device"": ""NPU"", ""sap"": 0.0836, ""sap_s"": 0.0014, ""sap_m"": 0.02445, ""sap_l"": 0.21271, ""skip"": 0.0, ""eff_mean_ms"": 14.469, ""infer_mean_ms"": 14.468}]",1782628857.173,1782628865.19,33.333,30.0,yolo11s,argoverse-hd-val,1782628865
rev30_1782625012,N2,2,NN,0,1,0.0,0.0,0.0836,0.0963,0.0963,0.08614,0.00637,0.0835,0.38929,-18.701,"[{""stream_id"": 0, ""sid"": 2, ""device"": ""NPU"", ""sap"": 0.109, ""sap_s"": 0.01134, ""sap_m"": 0.14256, ""sap_l"": 0.56587, ""skip"": 0.0, ""eff_mean_ms"": 14.779, ""infer_mean_ms"": 14.778}, {""stream_id"": 1, ""sid"": 21, ""device"": ""NPU"", ""sap"": 0.0836, ""sap_s"": 0.0014, ""sap_m"": 0.02445, ""sap_l"": 0.21271, ""skip"": 0.0, ""eff_mean_ms"": 14.486, ""infer_mean_ms"": 14.485}]",1782628865.191,1782628872.787,33.333,30.0,yolo11s,argoverse-hd-val,1782628872
rev30_1782625012,N2,2,NN,0,2,0.0,0.0,0.0836,0.0963,0.0963,0.08614,0.00637,0.0835,0.38929,-18.795,"[{""stream_id"": 0, ""sid"": 2, ""device"": ""NPU"", ""sap"": 0.109, ""sap_s"": 0.01134, ""sap_m"": 0.14256, ""sap_l"": 0.56587, ""skip"": 0.0, ""eff_mean_ms"": 14.641, ""infer_mean_ms"": 14.64}, {""stream_id"": 1, ""sid"": 21, ""device"": ""NPU"", ""sap"": 0.0836, ""sap_s"": 0.0014, ""sap_m"": 0.02445, ""sap_l"": 0.21271, ""skip"": 0.0, ""eff_mean_ms"": 14.435, ""infer_mean_ms"": 14.435}]",1782628872.787,1782628880.432,33.333,30.0,yolo11s,argoverse-hd-val,1782628880
rev30_1782625012,N8,8,NNNNNNNN,0,0,0.0,0.12,0.0836,0.20848,0.18934,0.10136,0.0046,0.17301,0.50182,-14.285,"[{""stream_id"": 0, ""sid"": 2, ""device"": ""NPU"", ""sap"": 0.10897, ""sap_s"": 0.01135, ""sap_m"": 0.14233, ""sap_l"": 0.56586, ""skip"": 0.23, ""eff_mean_ms"": 19.964, ""infer_mean_ms"": 19.964}, {""stream_id"": 1, ""sid"": 22, ""device"": ""NPU"", ""sap"": 0.19124, ""sap_s"": 0.00101, ""sap_m"": 0.17333, ""sap_l"": 0.61395, ""skip"": 0.0, ""eff_mean_ms"": 20.205, ""infer_mean_ms"": 20.205}, {""stream_id"": 2, ""sid"": 13, ""device"": ""NPU"", ""sap"": 0.18743, ""sap_s"": 0.00378, ""sap_m"": 0.08615, ""sap_l"": 0.39908, ""skip"": 0.23, ""eff_mean_ms"": 17.262, ""infer_mean_ms"": 17.262}, {""stream_id"": 3, ""sid"": 16, ""device"": ""NPU"", ""sap"": 0.35913, ""sap_s"": 0.0051, ""sap_m"": 0.49565, ""sap_l"": 0.68306, ""skip"": 0.0, ""eff_mean_ms"": 19.278, ""infer_mean_ms"": 19.278}, {""stream_id"": 4, ""sid"": 3, ""device"": ""NPU"", ""sap"": 0.12144, ""sap_s"": 0.00049, ""sap_m"": 0.1816, ""sap_l"": 0.33892, ""skip"": 0.22, ""eff_mean_ms"": 20.121, ""infer_mean_ms"": 20.121}, {""stream_id"": 5, ""sid"": 21, ""device"": ""NPU"", ""sap"": 0.0836, ""sap_s"": 0.0014, ""sap_m"": 0.02445, ""sap_l"": 0.21271, ""skip"": 0.0, ""eff_mean_ms"": 19.332, ""infer_mean_ms"": 19.331}, {""stream_id"": 6, ""sid"": 14, ""device"": ""NPU"", ""sap"": 0.41134, ""sap_s"": 0.01364, ""sap_m"": 0.19905, ""sap_l"": 0.65549, ""skip"": 0.11, ""eff_mean_ms"": 17.556, ""infer_mean_ms"": 17.555}, {""stream_id"": 7, ""sid"": 4, ""device"": ""NPU"", ""sap"": 0.20472, ""sap_s"": 0.0, ""sap_m"": 0.08154, ""sap_l"": 0.54551, ""skip"": 0.16, ""eff_mean_ms"": 18.666, ""infer_mean_ms"": 18.666}]",1782628880.432,1782628899.268,33.333,30.0,yolo11s,argoverse-hd-val,1782628899
rev30_1782625012,N8,8,NNNNNNNN,0,1,0.0,0.1,0.0836,0.20844,0.18924,0.10138,0.0046,0.17276,0.50198,-14.384,"[{""stream_id"": 0, ""sid"": 2, ""device"": ""NPU"", ""sap"": 0.109, ""sap_s"": 0.01134, ""sap_m"": 0.14256, ""sap_l"": 0.56587, ""skip"": 0.0, ""eff_mean_ms"": 19.909, ""infer_mean_ms"": 19.908}, {""stream_id"": 1, ""sid"": 22, ""device"": ""NPU"", ""sap"": 0.19106, ""sap_s"": 0.00101, ""sap_m"": 0.17343, ""sap_l"": 0.61412, ""skip"": 0.22, ""eff_mean_ms"": 20.059, ""infer_mean_ms"": 20.059}, {""stream_id"": 2, ""sid"": 13, ""device"": ""NPU"", ""sap"": 0.18743, ""sap_s"": 0.00378, ""sap_m"": 0.08612, ""sap_l"": 0.3991, ""skip"": 0.0, ""eff_mean_ms"": 17.128, ""infer_mean_ms"": 17.128}, {""stream_id"": 3, ""sid"": 16, ""device"": ""NPU"", ""sap"": 0.3591, ""sap_s"": 0.0051, ""sap_m"": 0.49559, ""sap_l"": 0.68245, ""skip"": 0.23, ""eff_mean_ms"": 19.45, ""infer_mean_ms"": 19.45}, {""stream_id"": 4, ""sid"": 3, ""device"": ""NPU"", ""sap"": 0.12111, ""sap_s"": 0.00049, ""sap_m"": 0.1793, ""sap_l"": 0.33898, ""skip"": 0.22, ""eff_mean_ms"": 19.764, ""infer_mean_ms"": 19.763}, {""stream_id"": 5, ""sid"": 21, ""device"": ""NPU"", ""sap"": 0.0836, ""sap_s"": 0.0014, ""sap_m"": 0.02445, ""sap_l"": 0.21271, ""skip"": 0.0, ""eff_mean_ms"": 19.366, ""infer_mean_ms"": 19.365}, {""stream_id"": 6, ""sid"": 14, ""device"": ""NPU"", ""sap"": 0.41136, ""sap_s"": 0.01365, ""sap_m"": 0.19905, ""sap_l"": 0.65553, ""skip"": 0.0, ""eff_mean_ms"": 17.176, ""infer_mean_ms"": 17.176}, {""stream_id"": 7, ""sid"": 4, ""device"": ""NPU"", ""sap"": 0.2049, ""sap_s"": 0.0, ""sap_m"": 0.08156, ""sap_l"": 0.5471, ""skip"": 0.16, ""eff_mean_ms"": 18.744, ""infer_mean_ms"": 18.744}]",1782628899.269,1782628917.891,33.333,30.0,yolo11s,argoverse-hd-val,1782628917
rev30_1782625012,N8,8,NNNNNNNN,0,2,0.0,0.09,0.0836,0.20841,0.18934,0.10138,0.0046,0.17303,0.50173,-14.433,"[{""stream_id"": 0, ""sid"": 2, ""device"": ""NPU"", ""sap"": 0.109, ""sap_s"": 0.01134, ""sap_m"": 0.14256, ""sap_l"": 0.56587, ""skip"": 0.0, ""eff_mean_ms"": 19.933, ""infer_mean_ms"": 19.932}, {""stream_id"": 1, ""sid"": 22, ""device"": ""NPU"", ""sap"": 0.19124, ""sap_s"": 0.00101, ""sap_m"": 0.17333, ""sap_l"": 0.61395, ""skip"": 0.0, ""eff_mean_ms"": 20.239, ""infer_mean_ms"": 20.238}, {""stream_id"": 2, ""sid"": 13, ""device"": ""NPU"", ""sap"": 0.18743, ""sap_s"": 0.00378, ""sap_m"": 0.08612, ""sap_l"": 0.3991, ""skip"": 0.0, ""eff_mean_ms"": 17.016, ""infer_mean_ms"": 17.016}, {""stream_id"": 3, ""sid"": 16, ""device"": ""NPU"", ""sap"": 0.35913, ""sap_s"": 0.0051, ""sap_m"": 0.49565, ""sap_l"": 0.68306, ""skip"": 0.0, ""eff_mean_ms"": 19.358, ""infer_mean_ms"": 19.357}, {""stream_id"": 4, ""sid"": 3, ""device"": ""NPU"", ""sap"": 0.12127, ""sap_s"": 0.00049, ""sap_m"": 0.18159, ""sap_l"": 0.33864, ""skip"": 0.22, ""eff_mean_ms"": 19.747, ""infer_mean_ms"": 19.747}, {""stream_id"": 5, ""sid"": 21, ""device"": ""NPU"", ""sap"": 0.0836, ""sap_s"": 0.0014, ""sap_m"": 0.02445, ""sap_l"": 0.21271, ""skip"": 0.0, ""eff_mean_ms"": 19.229, ""infer_mean_ms"": 19.228}, {""stream_id"": 6, ""sid"": 14, ""device"": ""NPU"", ""sap"": 0.41089, ""sap_s"": 0.01365, ""sap_m"": 0.19895, ""sap_l"": 0.65471, ""skip"": 0.46, ""eff_mean_ms"": 17.444, ""infer_mean_ms"": 17.444}, {""stream_id"": 7, ""sid"": 4, ""device"": ""NPU"", ""sap"": 0.20472, ""sap_s"": 0.0, ""sap_m"": 0.08156, ""sap_l"": 0.5458, ""skip"": 0.0, ""eff_mean_ms"": 18.238, ""infer_mean_ms"": 18.237}]",1782628917.892,1782628936.758,33.333,30.0,yolo11s,argoverse-hd-val,1782628936
rev30_1782625012,N2,2,NN,8,0,0.0,0.0,0.0836,0.0963,0.0963,0.08614,0.00637,0.0835,0.38929,-17.959,"[{""stream_id"": 0, ""sid"": 2, ""device"": ""NPU"", ""sap"": 0.109, ""sap_s"": 0.01134, ""sap_m"": 0.14256, ""sap_l"": 0.56587, ""skip"": 0.0, ""eff_mean_ms"": 15.561, ""infer_mean_ms"": 15.56}, {""stream_id"": 1, ""sid"": 21, ""device"": ""NPU"", ""sap"": 0.0836, ""sap_s"": 0.0014, ""sap_m"": 0.02445, ""sap_l"": 0.21271, ""skip"": 0.0, ""eff_mean_ms"": 15.187, ""infer_mean_ms"": 15.187}]",1782628936.759,1782628945.153,33.333,30.0,yolo11s,argoverse-hd-val,1782628945
rev30_1782625012,N2,2,NN,8,1,0.0,0.0,0.0836,0.0963,0.0963,0.08614,0.00637,0.0835,0.38929,-18.186,"[{""stream_id"": 0, ""sid"": 2, ""device"": ""NPU"", ""sap"": 0.109, ""sap_s"": 0.01134, ""sap_m"": 0.14256, ""sap_l"": 0.56587, ""skip"": 0.0, ""eff_mean_ms"": 15.42, ""infer_mean_ms"": 15.42}, {""stream_id"": 1, ""sid"": 21, ""device"": ""NPU"", ""sap"": 0.0836, ""sap_s"": 0.0014, ""sap_m"": 0.02445, ""sap_l"": 0.21271, ""skip"": 0.0, ""eff_mean_ms"": 14.874, ""infer_mean_ms"": 14.874}]",1782628945.154,1782628953.364,33.333,30.0,yolo11s,argoverse-hd-val,1782628953
rev30_1782625012,N2,2,NN,8,2,0.0,0.23,0.08341,0.09617,0.09617,0.08596,0.00636,0.08334,0.3891,-18.288,"[{""stream_id"": 0, ""sid"": 2, ""device"": ""NPU"", ""sap"": 0.10894, ""sap_s"": 0.01132, ""sap_m"": 0.14223, ""sap_l"": 0.56585, ""skip"": 0.23, ""eff_mean_ms"": 15.311, ""infer_mean_ms"": 15.31}, {""stream_id"": 1, ""sid"": 21, ""device"": ""NPU"", ""sap"": 0.08341, ""sap_s"": 0.0014, ""sap_m"": 0.02445, ""sap_l"": 0.21236, ""skip"": 0.23, ""eff_mean_ms"": 14.779, ""infer_mean_ms"": 14.779}]",1782628953.365,1782628961.509,33.333,30.0,yolo11s,argoverse-hd-val,1782628961
rev30_1782625012,N8,8,NNNNNNNN,8,0,0.0,2.85,0.08191,0.20651,0.18798,0.09989,0.00445,0.16839,0.49734,-12.729,"[{""stream_id"": 0, ""sid"": 2, ""device"": ""NPU"", ""sap"": 0.1076, ""sap_s"": 0.0112, ""sap_m"": 0.13915, ""sap_l"": 0.5591, ""skip"": 3.87, ""eff_mean_ms"": 21.761, ""infer_mean_ms"": 21.761}, {""stream_id"": 1, ""sid"": 22, ""device"": ""NPU"", ""sap"": 0.19081, ""sap_s"": 0.00103, ""sap_m"": 0.17361, ""sap_l"": 0.61208, ""skip"": 5.39, ""eff_mean_ms"": 22.666, ""infer_mean_ms"": 22.666}, {""stream_id"": 2, ""sid"": 13, ""device"": ""NPU"", ""sap"": 0.18515, ""sap_s"": 0.00378, ""sap_m"": 0.08559, ""sap_l"": 0.39687, ""skip"": 0.92, ""eff_mean_ms"": 18.086, ""infer_mean_ms"": 18.086}, {""stream_id"": 3, ""sid"": 16, ""device"": ""NPU"", ""sap"": 0.35453, ""sap_s"": 0.00513, ""sap_m"": 0.46573, ""sap_l"": 0.67776, ""skip"": 1.82, ""eff_mean_ms"": 21.397, ""infer_mean_ms"": 21.397}, {""stream_id"": 4, ""sid"": 3, ""device"": ""NPU"", ""sap"": 0.1183, ""sap_s"": 0.00065, ""sap_m"": 0.17753, ""sap_l"": 0.32413, ""skip"": 3.82, ""eff_mean_ms"": 21.549, ""infer_mean_ms"": 21.549}, {""stream_id"": 5, ""sid"": 21, ""device"": ""NPU"", ""sap"": 0.08191, ""sap_s"": 0.0014, ""sap_m"": 0.02309, ""sap_l"": 0.21064, ""skip"": 2.73, ""eff_mean_ms"": 21.061, ""infer_mean_ms"": 21.06}, {""stream_id"": 6, ""sid"": 14, ""device"": ""NPU"", ""sap"": 0.40883, ""sap_s"": 0.0124, ""sap_m"": 0.19902, ""sap_l"": 0.65215, ""skip"": 2.07, ""eff_mean_ms"": 18.402, ""infer_mean_ms"": 18.401}, {""stream_id"": 7, ""sid"": 4, ""device"": ""NPU"", ""sap"": 0.20494, ""sap_s"": 0.0, ""sap_m"": 0.08341, ""sap_l"": 0.54598, ""skip"": 2.19, ""eff_mean_ms"": 19.911, ""infer_mean_ms"": 19.911}]",1782628961.51,1782628981.603,33.333,30.0,yolo11s,argoverse-hd-val,1782628981
rev30_1782625012,N8,8,NNNNNNNN,8,1,0.0,3.97,0.08196,0.20658,0.18742,0.09954,0.00461,0.17151,0.49694,-12.208,"[{""stream_id"": 0, ""sid"": 2, ""device"": ""NPU"", ""sap"": 0.10707, ""sap_s"": 0.01135, ""sap_m"": 0.13787, ""sap_l"": 0.55194, ""skip"": 4.78, ""eff_mean_ms"": 22.652, ""infer_mean_ms"": 22.652}, {""stream_id"": 1, ""sid"": 22, ""device"": ""NPU"", ""sap"": 0.19034, ""sap_s"": 0.00102, ""sap_m"": 0.17296, ""sap_l"": 0.60747, ""skip"": 6.74, ""eff_mean_ms"": 23.036, ""infer_mean_ms"": 23.036}, {""stream_id"": 2, ""sid"": 13, ""device"": ""NPU"", ""sap"": 0.1845, ""sap_s"": 0.00377, ""sap_m"": 0.08557, ""sap_l"": 0.39618, ""skip"": 2.08, ""eff_mean_ms"": 18.401, ""infer_mean_ms"": 18.401}, {""stream_id"": 3, ""sid"": 16, ""device"": ""NPU"", ""sap"": 0.35712, ""sap_s"": 0.00511, ""sap_m"": 0.49395, ""sap_l"": 0.67715, ""skip"": 3.64, ""eff_mean_ms"": 21.477, ""infer_mean_ms"": 21.476}, {""stream_id"": 4, ""sid"": 3, ""device"": ""NPU"", ""sap"": 0.11847, ""sap_s"": 0.00045, ""sap_m"": 0.17813, ""sap_l"": 0.33688, ""skip"": 4.49, ""eff_mean_ms"": 22.186, ""infer_mean_ms"": 22.186}, {""stream_id"": 5, ""sid"": 21, ""device"": ""NPU"", ""sap"": 0.08196, ""sap_s"": 0.00139, ""sap_m"": 0.023, ""sap_l"": 0.20968, ""skip"": 3.42, ""eff_mean_ms"": 21.726, ""infer_mean_ms"": 21.725}, {""stream_id"": 6, ""sid"": 14, ""device"": ""NPU"", ""sap"": 0.40915, ""sap_s"": 0.01376, ""sap_m"": 0.19903, ""sap_l"": 0.65266, ""skip"": 2.41, ""eff_mean_ms"": 18.496, ""infer_mean_ms"": 18.496}, {""stream_id"": 7, ""sid"": 4, ""device"": ""NPU"", ""sap"": 0.20401, ""sap_s"": 0.0, ""sap_m"": 0.0816, ""sap_l"": 0.54357, ""skip"": 4.22, ""eff_mean_ms"": 21.025, ""infer_mean_ms"": 21.025}]",1782628981.604,1782629001.816,33.333,30.0,yolo11s,argoverse-hd-val,1782629001
rev30_1782625012,N8,8,NNNNNNNN,8,2,0.0,3.27,0.08226,0.20651,0.18857,0.09995,0.00459,0.17152,0.49689,-12.51,"[{""stream_id"": 0, ""sid"": 2, ""device"": ""NPU"", ""sap"": 0.10753, ""sap_s"": 0.01146, ""sap_m"": 0.1392, ""sap_l"": 0.55504, ""skip"": 4.78, ""eff_mean_ms"": 22.344, ""infer_mean_ms"": 22.344}, {""stream_id"": 1, ""sid"": 22, ""device"": ""NPU"", ""sap"": 0.19081, ""sap_s"": 0.00098, ""sap_m"": 0.17327, ""sap_l"": 0.61145, ""skip"": 5.17, ""eff_mean_ms"": 22.539, ""infer_mean_ms"": 22.539}, {""stream_id"": 2, ""sid"": 13, ""device"": ""NPU"", ""sap"": 0.18633, ""sap_s"": 0.00378, ""sap_m"": 0.08531, ""sap_l"": 0.39797, ""skip"": 1.27, ""eff_mean_ms"": 18.403, ""infer_mean_ms"": 18.403}, {""stream_id"": 3, ""sid"": 16, ""device"": ""NPU"", ""sap"": 0.3553, ""sap_s"": 0.0051, ""sap_m"": 0.495, ""sap_l"": 0.67537, ""skip"": 2.28, ""eff_mean_ms"": 21.335, ""infer_mean_ms"": 21.334}, {""stream_id"": 4, ""sid"": 3, ""device"": ""NPU"", ""sap"": 0.11486, ""sap_s"": 0.00025, ""sap_m"": 0.17488, ""sap_l"": 0.32541, ""skip"": 6.07, ""eff_mean_ms"": 22.395, ""infer_mean_ms"": 22.395}, {""stream_id"": 5, ""sid"": 21, ""device"": ""NPU"", ""sap"": 0.08226, ""sap_s"": 0.0014, ""sap_m"": 0.02355, ""sap_l"": 0.21095, ""skip"": 2.96, ""eff_mean_ms"": 21.271, ""infer_mean_ms"": 21.27}, {""stream_id"": 6, ""sid"": 14, ""device"": ""NPU"", ""sap"": 0.41011, ""sap_s"": 0.01372, ""sap_m"": 0.19886, ""sap_l"": 0.65402, ""skip"": 1.15, ""eff_mean_ms"": 18.26, ""infer_mean_ms"": 18.26}, {""stream_id"": 7, ""sid"": 4, ""device"": ""NPU"", ""sap"": 0.20489, ""sap_s"": 0.0, ""sap_m"": 0.08208, ""sap_l"": 0.54493, ""skip"": 2.5, ""eff_mean_ms"": 20.043, ""infer_mean_ms"": 20.043}]",1782629001.816,1782629021.842,33.333,30.0,yolo11s,argoverse-hd-val,1782629021
rev30_1782629678,N2,2,GG,10,0,39.83,0.0,0.0881,0.09434,0.09434,0.08935,0.01145,0.07162,0.33759,-1.46,"[{""stream_id"": 0, ""sid"": 2, ""device"": ""GPU"", ""sap"": 0.10058, ""sap_s"": 0.01398, ""sap_m"": 0.12059, ""sap_l"": 0.45143, ""skip"": 42.75, ""eff_mean_ms"": 32.872, ""infer_mean_ms"": 32.871}, {""stream_id"": 1, ""sid"": 21, ""device"": ""GPU"", ""sap"": 0.0881, ""sap_s"": 0.00892, ""sap_m"": 0.02265, ""sap_l"": 0.22374, ""skip"": 36.9, ""eff_mean_ms"": 30.874, ""infer_mean_ms"": 30.874}]",1782629679.836,1782629695.478,33.333,30.0,yolo11s,argoverse-hd-val,1782629695
rev30_1782629678,N2,2,GG,10,1,42.97,0.0,0.08728,0.0946,0.0946,0.08874,0.01164,0.07282,0.33588,-0.913,"[{""stream_id"": 0, ""sid"": 2, ""device"": ""GPU"", ""sap"": 0.10192, ""sap_s"": 0.01433, ""sap_m"": 0.12477, ""sap_l"": 0.45224, ""skip"": 40.14, ""eff_mean_ms"": 31.812, ""infer_mean_ms"": 31.811}, {""stream_id"": 1, ""sid"": 21, ""device"": ""GPU"", ""sap"": 0.08728, ""sap_s"": 0.00896, ""sap_m"": 0.02086, ""sap_l"": 0.21952, ""skip"": 45.79, ""eff_mean_ms"": 33.028, ""infer_mean_ms"": 33.028}]",1782629695.481,1782629711.121,33.333,30.0,yolo11s,argoverse-hd-val,1782629711
rev30_1782629678,N2,2,GG,10,2,40.97,0.0,0.08783,0.09423,0.09423,0.08911,0.01114,0.07326,0.34501,-1.16,"[{""stream_id"": 0, ""sid"": 2, ""device"": ""GPU"", ""sap"": 0.10063, ""sap_s"": 0.01355, ""sap_m"": 0.12285, ""sap_l"": 0.46878, ""skip"": 42.41, ""eff_mean_ms"": 32.061, ""infer_mean_ms"": 32.061}, {""stream_id"": 1, ""sid"": 21, ""device"": ""GPU"", ""sap"": 0.08783, ""sap_s"": 0.00873, ""sap_m"": 0.02367, ""sap_l"": 0.22124, ""skip"": 39.52, ""eff_mean_ms"": 32.286, ""infer_mean_ms"": 32.285}]",1782629711.121,1782629726.593,33.333,30.0,yolo11s,argoverse-hd-val,1782629726
rev30_1782629678,N2,2,GG,12,0,51.17,0.0,0.08385,0.0904,0.0904,0.08516,0.01136,0.06854,0.32963,2.244,"[{""stream_id"": 0, ""sid"": 2, ""device"": ""GPU"", ""sap"": 0.09696, ""sap_s"": 0.01408, ""sap_m"": 0.11523, ""sap_l"": 0.44699, ""skip"": 50.39, ""eff_mean_ms"": 35.315, ""infer_mean_ms"": 35.314}, {""stream_id"": 1, ""sid"": 21, ""device"": ""GPU"", ""sap"": 0.08385, ""sap_s"": 0.00863, ""sap_m"": 0.02186, ""sap_l"": 0.21226, ""skip"": 51.95, ""eff_mean_ms"": 35.839, ""infer_mean_ms"": 35.838}]",1782629726.593,1782629742.631,33.333,30.0,yolo11s,argoverse-hd-val,1782629742
rev30_1782629678,N2,2,GG,12,1,56.99,0.0,0.07652,0.08511,0.08511,0.07824,0.01156,0.06273,0.30572,4.642,"[{""stream_id"": 0, ""sid"": 2, ""device"": ""GPU"", ""sap"": 0.09369, ""sap_s"": 0.01404, ""sap_m"": 0.10841, ""sap_l"": 0.41172, ""skip"": 57.87, ""eff_mean_ms"": 39.086, ""infer_mean_ms"": 39.086}, {""stream_id"": 1, ""sid"": 21, ""device"": ""GPU"", ""sap"": 0.07652, ""sap_s"": 0.00908, ""sap_m"": 0.01704, ""sap_l"": 0.19972, ""skip"": 56.12, ""eff_mean_ms"": 36.865, ""infer_mean_ms"": 36.865}]",1782629742.631,1782629758.891,33.333,30.0,yolo11s,argoverse-hd-val,1782629758
rev30_1782629678,N2,2,GG,12,2,48.02,0.0,0.07882,0.08827,0.08827,0.08071,0.01148,0.06515,0.31995,1.332,"[{""stream_id"": 0, ""sid"": 2, ""device"": ""GPU"", ""sap"": 0.09772, ""sap_s"": 0.01414, ""sap_m"": 0.11425, ""sap_l"": 0.43076, ""skip"": 48.6, ""eff_mean_ms"": 34.388, ""infer_mean_ms"": 34.387}, {""stream_id"": 1, ""sid"": 21, ""device"": ""GPU"", ""sap"": 0.07882, ""sap_s"": 0.00883, ""sap_m"": 0.01604, ""sap_l"": 0.20914, ""skip"": 47.44, ""eff_mean_ms"": 34.942, ""infer_mean_ms"": 34.941}]",1782629758.892,1782629774.826,33.333,30.0,yolo11s,argoverse-hd-val,1782629774
rev30_1782629678,N2,2,GG,16,0,59.61,0.0,0.07763,0.08508,0.08508,0.07912,0.01037,0.0606,0.31049,6.084,"[{""stream_id"": 0, ""sid"": 2, ""device"": ""GPU"", ""sap"": 0.09253, ""sap_s"": 0.01267, ""sap_m"": 0.10422, ""sap_l"": 0.4162, ""skip"": 61.22, ""eff_mean_ms"": 40.231, ""infer_mean_ms"": 40.231}, {""stream_id"": 1, ""sid"": 21, ""device"": ""GPU"", ""sap"": 0.07763, ""sap_s"": 0.00807, ""sap_m"": 0.01698, ""sap_l"": 0.20478, ""skip"": 58.01, ""eff_mean_ms"": 38.604, ""infer_mean_ms"": 38.603}]",1782629774.826,1782629791.264,33.333,30.0,yolo11s,argoverse-hd-val,1782629791
rev30_1782629678,N2,2,GG,16,1,51.97,0.0,0.08112,0.08822,0.08822,0.08254,0.01101,0.06643,0.31363,3.899,"[{""stream_id"": 0, ""sid"": 2, ""device"": ""GPU"", ""sap"": 0.09533, ""sap_s"": 0.01368, ""sap_m"": 0.1144, ""sap_l"": 0.41878, ""skip"": 54.47, ""eff_mean_ms"": 37.889, ""infer_mean_ms"": 37.888}, {""stream_id"": 1, ""sid"": 21, ""device"": ""GPU"", ""sap"": 0.08112, ""sap_s"": 0.00834, ""sap_m"": 0.01847, ""sap_l"": 0.20848, ""skip"": 49.47, ""eff_mean_ms"": 36.576, ""infer_mean_ms"": 36.576}]",1782629791.265,1782629807.499,33.333,30.0,yolo11s,argoverse-hd-val,1782629807
rev30_1782629678,N2,2,GG,16,2,66.41,0.0,0.07323,0.0815,0.0815,0.07488,0.01043,0.05701,0.30017,8.544,"[{""stream_id"": 0, ""sid"": 2, ""device"": ""GPU"", ""sap"": 0.08977, ""sap_s"": 0.01248, ""sap_m"": 0.09937, ""sap_l"": 0.4063, ""skip"": 69.18, ""eff_mean_ms"": 42.624, ""infer_mean_ms"": 42.624}, {""stream_id"": 1, ""sid"": 21, ""device"": ""GPU"", ""sap"": 0.07323, ""sap_s"": 0.00839, ""sap_m"": 0.01464, ""sap_l"": 0.19404, ""skip"": 63.64, ""eff_mean_ms"": 41.13, ""infer_mean_ms"": 41.129}]",1782629807.5,1782629824.077,33.333,30.0,yolo11s,argoverse-hd-val,1782629824
