epoch,util_gpu,util_mem,mem_used_mib,power_w
1782625014.355,0,0,2642,74.3
1782625014.556,0,0,2642,74.3
1782625014.756,0,0,2642,71.6
1782625014.957,0,0,2642,71.6
1782625015.157,0,0,2642,71.6
1782625015.358,0,0,2642,62.6
1782625015.558,0,0,2642,62.6
1782625015.759,0,0,2642,62.9
1782625015.959,0,0,2642,62.9
1782625016.160,0,0,2642,62.9
1782625016.361,0,0,2842,63.1
1782625016.561,0,0,2986,63.1
1782625016.762,0,0,2986,88.3
1782625016.962,0,0,3000,88.3
1782625017.162,0,0,3000,88.3
1782625017.363,48,2,3000,147.5
1782625017.563,48,2,3000,147.5
1782625017.764,48,2,3000,179.7
1782625017.964,48,2,3000,179.7
1782625018.165,48,2,3000,179.7
1782625018.365,71,3,3000,190.6
1782625018.566,71,3,3000,190.6
1782625018.766,71,3,3000,198.8
1782625018.967,71,3,3012,198.8
1782625019.167,71,3,3012,198.8
1782625019.368,67,3,3012,193.7
1782625019.568,67,3,3012,193.7
1782625019.769,67,3,3012,191.3
1782625019.969,67,3,3012,191.3
1782625020.170,67,3,3012,191.3
1782625020.370,67,3,3012,191.4
1782625020.570,67,3,3012,191.4
1782625020.771,67,3,3012,188.3
1782625020.971,67,3,3012,188.3
1782625021.172,67,3,3012,188.3
1782625021.372,72,3,3012,190.3
1782625021.573,72,3,3012,190.3
1782625021.773,72,3,3012,190.3
1782625021.974,72,3,3012,190.3
1782625022.174,72,3,3012,190.3
1782625022.375,59,3,3012,187.7
1782625022.575,59,3,3012,187.7
1782625022.776,59,3,3012,187.5
1782625022.976,59,3,3012,187.5
1782625023.177,59,3,3012,187.5
1782625023.377,57,2,3012,187.1
1782625023.577,57,2,3012,187.1
1782625023.778,57,2,3012,181.1
1782625023.978,57,2,3012,181.1
1782625024.179,57,2,3012,181.1
1782625024.379,0,0,3012,135.5
1782625024.580,0,0,3012,135.5
1782625024.781,0,0,3012,94.2
1782625024.981,0,0,3012,94.2
1782625025.182,0,0,3012,94.2
1782625025.382,0,0,3012,94.0
1782625025.583,0,0,3012,94.0
1782625025.783,0,0,3012,100.7
1782625025.984,0,0,3012,100.7
1782625026.184,0,0,3012,100.7
1782625026.384,45,2,3012,132.2
1782625026.585,45,2,3012,132.2
1782625026.785,45,2,3012,167.1
1782625026.986,45,2,3012,167.1
1782625027.186,45,2,3012,167.1
1782625027.387,41,2,3012,170.3
1782625027.587,41,2,3012,170.3
1782625027.788,41,2,3012,168.5
1782625027.988,41,2,3012,168.5
1782625028.189,41,2,3012,168.5
1782625028.389,49,2,3012,166.8
1782625028.589,49,2,3012,166.8
1782625028.790,49,2,3012,172.2
1782625028.990,49,2,3012,172.2
1782625029.191,49,2,3012,172.2
1782625029.391,51,2,3012,174.0
1782625029.592,51,2,3012,174.0
1782625029.792,51,2,3012,172.8
1782625029.993,51,2,3012,172.8
1782625030.193,51,2,3012,172.8
1782625030.394,52,2,3012,173.2
1782625030.594,52,2,3012,173.2
1782625030.794,52,2,3012,173.0
1782625030.995,52,2,3012,173.0
1782625031.195,52,2,3012,173.0
1782625031.396,46,2,3012,174.0
1782625031.596,46,2,3012,174.0
1782625031.797,46,2,3012,174.0
1782625031.997,46,2,3012,174.0
1782625032.198,46,2,3012,174.0
1782625032.398,48,2,3012,172.9
1782625032.598,48,2,3012,172.9
1782625032.799,48,2,3012,145.1
1782625032.999,48,2,3012,145.1
1782625033.199,48,2,3012,145.1
1782625033.400,0,0,3012,112.8
1782625033.600,0,0,3012,112.8
1782625033.801,0,0,3012,96.0
1782625034.001,0,0,3012,96.0
1782625034.202,0,0,3012,96.0
1782625034.402,0,0,3012,90.7
1782625034.602,0,0,3012,90.7
1782625034.803,0,0,3012,75.4
1782625035.003,0,0,3012,75.4
1782625035.204,0,0,3012,75.4
1782625035.404,0,0,3012,66.3
1782625035.605,0,0,3012,66.3
1782625035.805,0,0,3012,66.5
1782625036.006,0,0,3012,66.5
1782625036.206,30,1,3012,95.5
1782625036.407,30,1,3012,95.5
1782625036.609,30,1,3012,95.5
1782625036.810,30,1,3012,129.7
1782625037.010,30,1,3012,129.7
1782625037.211,39,2,3012,147.8
1782625037.411,39,2,3012,147.8
1782625037.611,39,2,3012,147.8
1782625037.812,39,2,3012,152.3
1782625038.012,39,2,3012,152.3
1782625038.213,31,1,3012,152.7
1782625038.413,31,1,3012,152.7
1782625038.614,31,1,3012,152.7
1782625038.814,31,1,3012,151.8
1782625039.015,31,1,3012,151.8
1782625039.215,29,1,3012,152.1
1782625039.416,29,1,3012,152.1
1782625039.616,29,1,3012,152.1
1782625039.816,29,1,3012,151.6
1782625040.017,29,1,3012,151.6
1782625040.217,35,1,3012,152.6
1782625040.418,35,1,3012,152.6
1782625040.618,35,1,3012,152.6
1782625040.819,35,1,3012,156.0
1782625041.019,35,1,3012,156.0
1782625041.220,36,1,3012,158.2
1782625041.420,36,1,3012,158.2
1782625041.621,36,1,3012,158.2
1782625041.821,36,1,3012,155.9
1782625042.022,36,1,3012,155.9
1782625042.222,0,0,3012,134.7
1782625042.423,0,0,3012,134.7
1782625042.623,0,0,3012,134.7
1782625042.824,0,0,3012,101.2
1782625043.024,0,0,3012,101.2
1782625043.225,0,0,3012,80.4
1782625043.425,0,0,3012,80.4
1782625043.625,0,0,3012,80.4
1782625043.826,0,0,3012,66.7
1782625044.026,0,0,3012,66.7
1782625044.227,0,0,3012,66.3
1782625044.427,0,0,3012,66.3
1782625044.628,0,0,3012,66.3
1782625044.828,0,0,3012,66.2
1782625045.029,0,0,3012,66.2
1782625045.229,0,0,3012,66.0
1782625045.430,0,0,3012,66.0
1782625045.631,0,0,3012,66.0
1782625045.831,0,0,3012,66.6
1782625046.032,0,0,3012,66.6
1782625046.232,18,1,3012,90.0
1782625046.433,18,1,3012,90.0
1782625046.633,18,1,3012,90.0
1782625046.834,18,1,3012,109.4
1782625047.034,18,1,3012,109.4
1782625047.235,20,1,3012,113.6
1782625047.435,20,1,3012,113.6
1782625047.635,20,1,3012,113.6
1782625047.836,20,1,3012,113.8
1782625048.036,20,1,3012,113.8
1782625048.237,19,1,3012,113.2
1782625048.437,19,1,3012,113.2
1782625048.638,19,1,3012,113.2
1782625048.838,19,1,3012,113.3
1782625049.039,19,1,3012,113.3
1782625049.239,19,1,3012,113.4
1782625049.439,19,1,3012,113.4
1782625049.640,19,1,3012,113.4
1782625049.840,19,1,3012,111.8
1782625050.041,19,1,3012,111.8
1782625050.243,20,1,3012,110.6
1782625050.443,20,1,3012,110.6
1782625050.644,20,1,3012,110.6
1782625050.844,20,1,3012,111.3
1782625051.045,20,1,3012,111.3
1782625051.245,0,0,3012,108.9
1782625051.445,0,0,3012,108.9
1782625051.646,0,0,3012,108.9
1782625051.846,0,0,3012,85.5
1782625052.047,0,0,3012,85.5
1782625052.247,0,0,3012,66.1
1782625052.448,0,0,3012,66.1
1782625052.648,0,0,3012,66.1
1782625052.848,0,0,3012,66.3
1782625053.049,0,0,3012,66.3
1782625053.249,0,0,3012,66.6
1782625053.450,0,0,3012,66.6
1782625053.650,0,0,3012,66.6
1782625053.851,0,0,3012,66.7
1782625054.051,0,0,3012,66.7
1782625054.251,0,0,3012,67.0
1782625054.452,0,0,3012,67.0
1782625054.652,0,0,3012,67.0
1782625054.853,0,0,3012,66.6
1782625055.053,0,0,3012,66.6
1782625055.254,0,0,3012,66.3
1782625055.454,0,0,3012,66.3
1782625055.654,0,0,3012,66.3
1782625055.855,0,0,3012,66.1
1782625056.056,0,0,3012,66.1
1782625056.256,0,0,3012,65.9
1782625056.457,0,0,3012,65.9
1782625056.657,0,0,3012,65.9
1782625056.858,0,0,3012,65.6
1782625057.058,0,0,3012,65.6
1782625057.259,0,0,3012,65.0
1782625057.459,0,0,3012,65.0
1782625057.660,0,0,3012,65.0
1782625057.860,0,0,3012,65.0
1782625058.060,0,0,3012,65.0
1782625058.261,0,0,3012,65.4
1782625058.461,0,0,3012,65.4
1782625058.662,0,0,3012,65.4
1782625058.862,0,0,3012,65.3
1782625059.063,0,0,3012,65.3
1782625059.263,0,0,3012,65.1
1782625059.463,0,0,3012,65.1
1782625059.664,0,0,3012,65.1
1782625059.864,0,0,3012,65.1
1782625060.064,0,0,3012,65.1
1782625060.265,0,0,3012,65.5
1782625060.465,0,0,3012,65.5
1782625060.666,0,0,3012,65.5
1782625060.866,0,0,3012,65.9
1782625061.067,0,0,3012,65.9
1782625061.267,0,0,3012,66.2
1782625061.468,0,0,3012,66.2
1782625061.668,0,0,3012,66.2
1782625061.869,0,0,3012,66.7
1782625062.069,0,0,3012,66.7
1782625062.269,0,0,3012,67.2
1782625062.470,0,0,3012,67.2
1782625062.670,0,0,3012,67.2
1782625062.871,0,0,3012,67.3
1782625063.071,0,0,3012,67.3
1782625063.272,0,0,3012,67.0
1782625063.472,0,0,3012,67.0
1782625063.672,0,0,3012,67.0
1782625063.873,0,0,3012,66.5
1782625064.073,0,0,3012,66.5
1782625064.274,0,0,3012,65.8
1782625064.474,0,0,3012,65.8
1782625064.675,0,0,3012,65.8
1782625064.875,0,0,3012,65.4
1782625065.076,0,0,3012,65.4
1782625065.276,0,0,3012,65.2
1782625065.477,0,0,3012,65.2
1782625065.677,0,0,3012,65.2
1782625065.878,0,0,3012,64.8
1782625066.078,0,0,3012,64.8
1782625066.279,0,0,3012,64.6
1782625066.479,0,0,3012,64.6
1782625066.680,0,0,3012,64.6
1782625066.880,0,0,3012,64.9
1782625067.081,0,0,3012,64.9
1782625067.281,54,3,3012,120.7
1782625067.482,54,3,3012,120.7
1782625067.682,54,3,3012,120.7
1782625067.883,54,3,3012,177.0
1782625068.083,54,3,3012,177.0
1782625068.284,54,2,3012,192.2
1782625068.484,54,2,3012,192.2
1782625068.685,54,2,3012,192.2
1782625068.885,54,2,3012,188.2
1782625069.086,54,2,3012,188.2
1782625069.286,72,3,3012,192.4
1782625069.487,72,3,3014,192.4
1782625069.687,72,3,3014,192.4
1782625069.888,72,3,3014,195.0
1782625070.088,72,3,3014,195.0
1782625070.288,62,2,3014,195.6
1782625070.489,62,2,3014,195.6
1782625070.689,62,2,3014,195.6
1782625070.890,62,2,3014,197.3
1782625071.090,62,2,3014,197.3
1782625071.291,65,3,3014,197.7
1782625071.491,65,3,3014,197.7
1782625071.692,65,3,3014,197.7
1782625071.892,65,3,3014,199.1
1782625072.093,65,3,3014,199.1
1782625072.293,57,3,3014,196.2
1782625072.493,57,3,3014,196.2
1782625072.694,57,3,3014,196.2
1782625072.894,57,3,3014,196.8
1782625073.095,57,3,3014,196.8
1782625073.295,56,3,3014,197.8
1782625073.496,56,3,3014,197.8
1782625073.696,56,3,3014,197.8
1782625073.897,56,3,3014,191.2
1782625074.097,56,3,3014,191.2
1782625074.298,0,0,3014,151.0
1782625074.498,0,0,3014,151.0
1782625074.699,0,0,3014,151.0
1782625074.900,0,0,3014,107.3
1782625075.100,0,0,3014,107.3
1782625075.301,0,0,3014,96.8
1782625075.501,0,0,3014,96.8
1782625075.702,0,0,3014,96.8
1782625075.902,0,0,3014,95.9
1782625076.102,0,0,3014,95.9
1782625076.303,52,2,3014,131.6
1782625076.503,52,2,3014,131.6
1782625076.704,52,2,3014,131.6
1782625076.904,52,2,3014,170.9
1782625077.105,52,2,3014,170.9
1782625077.305,49,2,3014,172.1
1782625077.506,49,2,3014,172.1
1782625077.706,49,2,3014,172.1
1782625077.907,49,2,3014,174.3
1782625078.107,49,2,3014,174.3
1782625078.308,47,2,3014,173.5
1782625078.508,47,2,3014,173.5
1782625078.708,47,2,3014,175.4
1782625078.909,47,2,3014,175.4
1782625079.109,47,2,3014,175.4
1782625079.310,43,2,3014,175.3
1782625079.510,43,2,3014,175.3
1782625079.711,43,2,3014,173.4
1782625079.911,43,2,3014,173.4
1782625080.112,43,2,3014,173.4
1782625080.312,49,2,3014,173.2
1782625080.513,49,2,3014,173.2
1782625080.713,49,2,3014,174.3
1782625080.914,49,2,3014,174.3
1782625081.114,49,2,3014,174.3
1782625081.314,43,2,3014,173.8
1782625081.515,43,2,3014,173.8
1782625081.715,43,2,3014,169.5
1782625081.916,43,2,3014,169.5
1782625082.116,43,2,3014,169.5
1782625082.317,43,2,3014,169.4
1782625082.517,43,2,3014,169.4
1782625082.718,43,2,3014,141.6
1782625082.918,43,2,3014,141.6
1782625083.119,43,2,3014,141.6
1782625083.319,0,0,3014,110.6
1782625083.520,0,0,3014,110.6
1782625083.720,0,0,3014,97.5
1782625083.920,0,0,3014,97.5
1782625084.121,0,0,3014,97.5
1782625084.321,0,0,3014,92.1
1782625084.522,0,0,3014,92.1
1782625084.722,0,0,3014,79.2
1782625084.923,0,0,3014,79.2
1782625085.124,0,0,3014,79.2
1782625085.324,0,0,3014,68.0
1782625085.525,0,0,3014,68.0
1782625085.725,0,0,3014,68.0
1782625085.926,0,0,3014,68.0
1782625086.126,0,0,3014,68.0
1782625086.327,36,1,3014,110.0
1782625086.527,36,1,3014,110.0
1782625086.728,36,1,3014,143.3
1782625086.928,36,1,3014,143.3
1782625087.129,36,1,3014,143.3
1782625087.329,42,2,3014,149.7
1782625087.529,42,2,3014,149.7
1782625087.730,42,2,3014,150.1
1782625087.930,42,2,3014,150.1
1782625088.131,42,2,3014,150.1
1782625088.331,35,1,3014,148.6
1782625088.532,35,1,3014,148.6
1782625088.732,35,1,3014,150.6
1782625088.933,35,1,3014,150.6
1782625089.133,35,1,3014,150.6
1782625089.334,35,1,3014,151.2
1782625089.534,35,1,3014,151.2
1782625089.735,35,1,3014,150.4
1782625089.935,35,1,3014,150.4
1782625090.136,35,1,3014,150.4
1782625090.336,38,1,3014,152.4
1782625090.536,38,1,3014,152.4
1782625090.737,38,1,3014,152.7
1782625090.937,38,1,3014,152.7
1782625091.138,38,1,3014,152.7
1782625091.338,32,1,3014,152.8
1782625091.539,32,1,3014,152.8
1782625091.739,32,1,3014,145.3
1782625091.940,32,1,3014,145.3
1782625092.140,32,1,3014,145.3
1782625092.340,0,0,3014,109.1
1782625092.541,0,0,3014,109.1
1782625092.741,0,0,3014,69.6
1782625092.942,0,0,3014,69.6
1782625093.142,0,0,3014,69.6
1782625093.343,0,0,3014,66.1
1782625093.543,0,0,3014,66.1
1782625093.744,0,0,3014,65.9
1782625093.944,0,0,3014,65.9
1782625094.145,0,0,3014,65.9
1782625094.345,0,0,3014,65.7
1782625094.545,0,0,3014,65.7
1782625094.746,0,0,3014,65.1
1782625094.946,0,0,3014,65.1
1782625095.147,0,0,3014,65.1
1782625095.347,0,0,3014,64.7
1782625095.548,0,0,3014,64.7
1782625095.748,0,0,3014,79.6
1782625095.949,0,0,3014,79.6
1782625096.149,0,0,3014,79.6
1782625096.350,22,1,3014,104.5
1782625096.550,22,1,3014,104.5
1782625096.750,22,1,3014,113.2
1782625096.951,22,1,3014,113.2
1782625097.151,22,1,3014,113.2
1782625097.352,22,1,3014,113.6
1782625097.552,22,1,3014,113.6
1782625097.753,22,1,3014,113.0
1782625097.953,22,1,3014,113.0
1782625098.154,22,1,3014,113.0
1782625098.354,20,1,3014,113.9
1782625098.555,20,1,3014,113.9
1782625098.755,20,1,3014,113.2
1782625098.956,20,1,3014,113.2
1782625099.156,20,1,3014,113.2
1782625099.356,19,1,3014,112.9
1782625099.557,19,1,3014,112.9
1782625099.757,19,1,3014,114.0
1782625099.958,19,1,3014,114.0
1782625100.158,19,1,3014,114.0
1782625100.359,19,1,3014,114.2
1782625100.559,19,1,3014,114.2
1782625100.759,19,1,3014,108.7
1782625100.960,19,1,3014,108.7
1782625101.160,19,1,3014,108.7
1782625101.361,0,0,3014,87.1
1782625101.561,0,0,3014,87.1
1782625101.762,0,0,3014,65.5
1782625101.962,0,0,3014,65.5
1782625102.163,0,0,3014,65.5
1782625102.363,0,0,3014,64.3
1782625102.564,0,0,3014,64.3
1782625102.764,0,0,3014,64.3
1782625102.964,0,0,3014,64.3
1782625103.165,0,0,3014,64.3
1782625103.365,0,0,3014,64.3
1782625103.566,0,0,3014,64.3
1782625103.766,0,0,3014,64.2
1782625103.967,0,0,3014,64.2
1782625104.167,0,0,3014,64.2
1782625104.368,0,0,3014,64.3
1782625104.568,0,0,3014,64.3
1782625104.769,0,0,3014,64.5
1782625104.969,0,0,3014,64.5
1782625105.170,0,0,3014,64.5
1782625105.370,0,0,3014,64.8
1782625105.571,0,0,3014,64.8
1782625105.771,0,0,3014,65.4
1782625105.972,0,0,3014,65.4
1782625106.172,0,0,3014,65.4
1782625106.373,0,0,3014,65.7
1782625106.573,0,0,3014,65.7
1782625106.773,0,0,3014,66.0
1782625106.974,0,0,3014,66.0
1782625107.174,0,0,3014,66.0
1782625107.375,0,0,3014,66.7
1782625107.575,0,0,3014,66.7
1782625107.776,0,0,3014,67.3
1782625107.976,0,0,3014,67.3
1782625108.177,0,0,3014,67.3
1782625108.377,0,0,3014,67.5
1782625108.578,0,0,3014,67.5
1782625108.778,0,0,3014,67.2
1782625108.978,0,0,3014,67.2
1782625109.179,0,0,3014,67.2
1782625109.379,0,0,3014,66.7
1782625109.580,0,0,3014,66.7
1782625109.780,0,0,3014,66.4
1782625109.981,0,0,3014,66.4
1782625110.181,0,0,3014,66.4
1782625110.382,0,0,3014,66.0
1782625110.582,0,0,3014,66.0
1782625110.783,0,0,3014,65.3
1782625110.983,0,0,3014,65.3
1782625111.184,0,0,3014,65.3
1782625111.384,0,0,3014,64.8
1782625111.585,0,0,3014,64.8
1782625111.785,0,0,3014,64.6
1782625111.986,0,0,3014,64.6
1782625112.186,0,0,3014,64.6
1782625112.387,0,0,3014,64.7
1782625112.587,0,0,3014,64.7
1782625112.787,0,0,3014,65.0
1782625112.988,0,0,3014,65.0
1782625113.188,0,0,3014,65.0
1782625113.389,0,0,3014,65.2
1782625113.589,0,0,3014,65.2
1782625113.790,0,0,3014,64.9
1782625113.990,0,0,3014,64.9
1782625114.191,0,0,3014,64.9
1782625114.391,0,0,3014,64.7
1782625114.592,0,0,3014,64.7
1782625114.792,0,0,3014,66.6
1782625114.993,0,0,3014,66.6
1782625115.193,0,0,3014,66.6
1782625115.393,66,3,3014,131.2
1782625115.594,66,3,3014,131.2
1782625115.795,66,3,3014,193.0
1782625115.995,66,3,3014,193.0
1782625116.195,66,3,3014,193.0
1782625116.396,65,3,3014,193.5
1782625116.597,65,3,3014,193.5
1782625116.797,65,3,3014,191.6
1782625116.997,65,3,3014,191.6
1782625117.198,65,3,3014,191.6
1782625117.398,59,2,3014,195.7
1782625117.599,59,2,3014,195.7
1782625117.799,59,2,3014,197.2
1782625118.000,59,2,3014,197.2
1782625118.200,59,2,3014,197.2
1782625118.401,63,3,3014,193.3
1782625118.601,63,3,3014,193.3
1782625118.801,63,3,3014,189.6
1782625119.002,63,3,3014,189.6
1782625119.202,63,3,3014,189.6
1782625119.403,57,2,3014,189.2
1782625119.603,57,2,3014,189.2
1782625119.804,57,2,3014,194.3
1782625120.004,57,2,3014,194.3
1782625120.205,57,2,3014,194.3
1782625120.405,68,3,3014,198.9
1782625120.605,68,3,3014,198.9
1782625120.806,68,3,3014,195.2
1782625121.006,68,3,3014,195.2
1782625121.207,68,3,3014,195.2
1782625121.407,63,3,3014,191.5
1782625121.608,63,3,3014,191.5
1782625121.809,63,3,3014,192.8
1782625122.009,63,3,3014,192.8
1782625122.210,0,0,3014,153.9
1782625122.410,0,0,3014,153.9
1782625122.611,0,0,3014,153.9
1782625122.811,0,0,3014,108.6
1782625123.012,0,0,3014,108.6
1782625123.212,0,0,3014,97.0
1782625123.413,0,0,3014,97.0
1782625123.614,0,0,3014,97.0
1782625123.814,0,0,3014,96.3
1782625124.014,0,0,3014,96.3
1782625124.215,42,2,3014,131.7
1782625124.415,42,2,3014,131.7
1782625124.616,42,2,3014,131.7
1782625124.816,42,2,3014,168.7
1782625125.017,42,2,3014,168.7
1782625125.217,44,2,3014,173.6
1782625125.417,44,2,3014,173.6
1782625125.618,44,2,3014,173.6
1782625125.818,44,2,3014,173.8
1782625126.019,44,2,3014,173.8
1782625126.219,47,2,3014,172.1
1782625126.420,47,2,3014,172.1
1782625126.620,47,2,3014,172.1
1782625126.821,47,2,3014,170.5
1782625127.021,47,2,3014,170.5
1782625127.222,47,2,3014,171.1
1782625127.422,47,2,3014,171.1
1782625127.622,47,2,3014,171.1
1782625127.823,47,2,3014,174.6
1782625128.023,47,2,3014,174.6
1782625128.224,51,2,3014,174.7
1782625128.424,51,2,3014,174.7
1782625128.625,51,2,3014,174.7
1782625128.825,51,2,3014,173.5
1782625129.026,51,2,3014,173.5
1782625129.226,43,2,3014,172.9
1782625129.427,43,2,3014,172.9
1782625129.627,43,2,3014,172.9
1782625129.827,43,2,3014,172.1
1782625130.028,43,2,3014,172.1
1782625130.228,38,2,3014,174.9
1782625130.429,38,2,3014,174.9
1782625130.629,38,2,3014,174.9
1782625130.830,38,2,3014,144.6
1782625131.030,38,2,3014,144.6
1782625131.230,0,0,3014,105.5
1782625131.431,0,0,3014,105.5
1782625131.631,0,0,3014,105.5
1782625131.832,0,0,3014,97.4
1782625132.032,0,0,3014,97.4
1782625132.233,0,0,3014,91.5
1782625132.433,0,0,3014,91.5
1782625132.634,0,0,3014,91.5
1782625132.834,0,0,3014,75.0
1782625133.035,0,0,3014,75.0
1782625133.236,0,0,3014,64.9
1782625133.436,0,0,3014,64.9
1782625133.637,0,0,3014,64.9
1782625133.837,0,0,3014,64.3
1782625134.038,0,0,3014,64.3
1782625134.238,45,2,3014,97.8
1782625134.439,45,2,3014,97.8
1782625134.639,45,2,3014,97.8
1782625134.840,45,2,3014,150.8
1782625135.040,45,2,3014,150.8
1782625135.241,34,1,3014,158.7
1782625135.441,34,1,3014,158.7
1782625135.642,34,1,3014,158.7
1782625135.842,34,1,3014,155.7
1782625136.042,34,1,3014,155.7
1782625136.243,34,1,3014,156.9
1782625136.443,34,1,3014,156.9
1782625136.644,34,1,3014,156.9
1782625136.844,34,1,3014,153.1
1782625137.045,34,1,3014,153.1
1782625137.245,37,1,3014,151.9
1782625137.446,37,1,3014,151.9
1782625137.646,37,1,3014,151.9
1782625137.847,37,1,3014,155.6
1782625138.047,37,1,3014,155.6
1782625138.249,37,1,3014,156.7
1782625138.450,37,1,3014,156.7
1782625138.650,37,1,3014,156.7
1782625138.851,37,1,3014,155.1
1782625139.051,37,1,3014,155.1
1782625139.252,35,1,3014,153.8
1782625139.452,35,1,3014,153.8
1782625139.653,35,1,3014,153.8
1782625139.853,35,1,3014,137.5
1782625140.053,35,1,3014,137.5
1782625140.254,0,0,3014,100.0
1782625140.454,0,0,3014,100.0
1782625140.655,0,0,3014,100.0
1782625140.855,0,0,3014,68.2
1782625141.055,0,0,3014,68.2
1782625141.256,0,0,3014,65.7
1782625141.456,0,0,3014,65.7
1782625141.657,0,0,3014,65.7
1782625141.857,0,0,3014,65.2
1782625142.057,0,0,3014,65.2
1782625142.258,0,0,3014,64.7
1782625142.458,0,0,3014,64.7
1782625142.659,0,0,3014,64.7
1782625142.860,0,0,3014,64.4
1782625143.060,0,0,3014,64.4
1782625143.261,0,0,3014,64.7
1782625143.461,0,0,3014,64.7
1782625143.662,0,0,3014,64.7
1782625143.862,0,0,3014,82.9
1782625144.063,0,0,3014,82.9
1782625144.263,22,1,3014,108.2
1782625144.464,22,1,3014,108.2
1782625144.664,22,1,3014,108.2
1782625144.865,22,1,3014,112.5
1782625145.065,22,1,3014,112.5
1782625145.266,22,1,3014,113.5
1782625145.466,22,1,3014,113.5
1782625145.666,22,1,3014,113.5
1782625145.867,22,1,3014,114.6
1782625146.067,22,1,3014,114.6
1782625146.268,20,1,3014,114.7
1782625146.468,20,1,3014,114.7
1782625146.669,20,1,3014,114.7
1782625146.869,20,1,3014,114.4
1782625147.070,20,1,3014,114.4
1782625147.270,20,1,3014,113.2
1782625147.470,20,1,3014,113.2
1782625147.671,20,1,3014,113.2
1782625147.871,20,1,3014,110.5
1782625148.071,20,1,3014,110.5
1782625148.272,22,1,3014,112.4
1782625148.475,22,1,3014,112.4
1782625148.675,22,1,3014,112.4
1782625148.876,22,1,3014,102.6
1782625149.076,22,1,3014,102.6
1782625149.277,0,0,3014,81.2
1782625149.477,0,0,3014,81.2
1782625149.678,0,0,3014,81.2
1782625149.878,0,0,3014,64.9
1782625150.079,0,0,3014,64.9
1782625150.279,0,0,3014,65.2
1782625150.480,0,0,3014,65.2
1782625150.680,0,0,3014,65.2
1782625150.880,0,0,3014,65.7
1782625151.081,0,0,3014,65.7
1782625151.281,0,0,3014,65.7
1782625151.481,0,0,3014,65.7
1782625151.682,0,0,3014,65.7
1782625151.882,0,0,3014,66.0
1782625152.083,0,0,3014,66.0
1782625152.283,0,0,3014,66.3
1782625152.484,0,0,3014,66.3
1782625152.684,0,0,3014,66.3
1782625152.885,0,0,3014,66.4
1782625153.085,0,0,3014,66.4
1782625153.286,0,0,3014,66.7
1782625153.486,0,0,3014,66.7
1782625153.687,0,0,3014,66.7
1782625153.887,0,0,3014,67.0
1782625154.087,0,0,3014,67.0
1782625154.288,0,0,3014,67.0
1782625154.488,0,0,3014,67.0
1782625154.689,0,0,3014,67.0
1782625154.889,0,0,3014,66.5
1782625155.090,0,0,3014,66.5
1782625155.290,0,0,3014,66.1
1782625155.491,0,0,3014,66.1
1782625155.691,0,0,3014,66.1
1782625155.891,0,0,3014,65.7
1782625156.092,0,0,3014,65.7
1782625156.292,0,0,3014,65.1
1782625156.493,0,0,3014,65.1
1782625156.693,0,0,3014,65.1
1782625156.894,0,0,3014,64.6
1782625157.094,0,0,3014,64.6
1782625157.294,0,0,3014,64.5
1782625157.495,0,0,3014,64.5
1782625157.695,0,0,3014,64.5
1782625157.896,0,0,3014,64.6
1782625158.096,0,0,3014,64.6
1782625158.297,0,0,3014,64.7
1782625158.497,0,0,3014,64.7
1782625158.698,0,0,3014,64.7
1782625158.898,0,0,3014,65.0
1782625159.099,0,0,3014,65.0
1782625159.299,0,0,3014,65.2
1782625159.500,0,0,3014,65.2
1782625159.700,0,0,3014,65.2
1782625159.900,0,0,3014,65.4
1782625160.101,0,0,3014,65.4
1782625160.301,0,0,3014,65.5
1782625160.502,0,0,3014,65.5
1782625160.702,0,0,3014,65.5
1782625160.903,0,0,3014,65.2
1782625161.103,0,0,3014,65.2
1782625161.304,0,0,3014,65.1
1782625161.504,0,0,3014,65.1
1782625161.705,0,0,3014,65.1
1782625161.905,0,0,3014,64.9
1782625162.106,0,0,3014,64.9
1782625162.306,0,0,3014,64.8
1782625162.507,0,0,3014,64.8
1782625162.707,0,0,3014,64.8
1782625162.908,0,0,3142,64.8
1782625163.108,0,0,3142,64.8
1782625163.309,79,5,3142,140.6
1782625163.509,79,5,3142,140.6
1782625163.710,79,5,3142,140.6
1782625163.910,79,5,3142,219.5
1782625164.110,79,5,3142,219.5
1782625164.311,79,5,3142,242.9
1782625164.511,79,5,3142,242.9
1782625164.712,79,5,3142,237.8
1782625164.912,79,5,3142,237.8
1782625165.113,79,5,3142,237.8
1782625165.313,72,5,3142,233.5
1782625165.514,72,5,3142,233.5
1782625165.714,72,5,3142,230.6
1782625165.914,72,5,3142,230.6
1782625166.115,72,5,3142,230.6
1782625166.315,85,7,3142,242.3
1782625166.516,85,7,3142,242.3
1782625166.716,85,7,3142,239.7
1782625166.917,85,7,3142,239.7
1782625167.117,85,7,3142,239.7
1782625167.318,78,6,3142,234.4
1782625167.518,78,6,3142,234.4
1782625167.719,78,6,3142,239.5
1782625167.919,78,6,3142,239.5
1782625168.120,78,6,3142,239.5
1782625168.320,70,5,3142,232.7
1782625168.520,70,5,3142,232.7
1782625168.721,70,5,3142,223.7
1782625168.921,70,5,3142,223.7
1782625169.122,70,5,3142,223.7
1782625169.322,76,5,3142,225.5
1782625169.523,76,5,3142,225.5
1782625169.723,76,5,3142,227.8
1782625169.924,76,5,3142,227.8
1782625170.124,76,5,3142,227.8
1782625170.325,73,5,3142,231.6
1782625170.525,73,5,3142,231.6
1782625170.726,73,5,3142,239.3
1782625170.926,73,5,3142,239.3
1782625171.127,73,5,3142,239.3
1782625171.327,74,5,3142,242.6
1782625171.528,74,5,3142,242.6
1782625171.728,74,5,3142,235.8
1782625171.928,74,5,3142,235.8
1782625172.129,74,5,3142,235.8
1782625172.329,75,5,3142,240.9
1782625172.530,75,5,3142,240.9
1782625172.730,75,5,3142,238.6
1782625172.930,75,5,3142,238.6
1782625173.131,75,5,3142,238.6
1782625173.331,74,5,3142,238.1
1782625173.532,74,5,3142,238.1
1782625173.732,74,5,3142,238.2
1782625173.933,74,5,3142,238.2
1782625174.133,74,5,3142,238.2
1782625174.334,76,5,3142,229.8
1782625174.534,76,5,3142,229.8
1782625174.735,76,5,3142,242.1
1782625174.935,76,5,3142,242.1
1782625175.135,76,5,3142,242.1
1782625175.336,73,5,3142,244.5
1782625175.536,73,5,3142,244.5
1782625175.737,73,5,3142,231.7
1782625175.937,73,5,3142,231.7
1782625176.138,73,5,3142,231.7
1782625176.338,81,6,3142,238.9
1782625176.539,81,6,3142,238.9
1782625176.739,81,6,3142,230.6
1782625176.940,81,6,3142,230.6
1782625177.140,81,6,3142,230.6
1782625177.341,0,0,3142,155.7
1782625177.542,0,0,3142,155.7
1782625177.742,0,0,3142,98.1
1782625177.943,0,0,3142,98.1
1782625178.143,0,0,3142,98.1
1782625178.344,0,0,3142,97.6
1782625178.544,0,0,3142,97.6
1782625178.745,0,0,3142,139.5
1782625178.945,0,0,3142,139.5
1782625179.146,0,0,3142,139.5
1782625179.346,70,5,3142,201.0
1782625179.547,70,5,3142,201.0
1782625179.747,70,5,3142,228.8
1782625179.948,70,5,3142,228.8
1782625180.148,70,5,3142,228.8
1782625180.349,74,5,3142,230.4
1782625180.549,74,5,3142,230.4
1782625180.749,74,5,3142,220.6
1782625180.950,74,5,3142,220.6
1782625181.150,74,5,3142,220.6
1782625181.351,69,5,3142,221.3
1782625181.551,69,5,3142,221.3
1782625181.752,69,5,3142,229.7
1782625181.952,69,5,3142,229.7
1782625182.153,69,5,3142,229.7
1782625182.353,66,5,3142,235.2
1782625182.553,66,5,3142,235.2
1782625182.754,66,5,3142,231.0
1782625182.954,66,5,3142,231.0
1782625183.155,66,5,3142,231.0
1782625183.355,72,5,3142,231.3
1782625183.556,72,5,3142,231.3
1782625183.756,72,5,3142,232.4
1782625183.957,72,5,3142,232.4
1782625184.157,72,5,3142,232.4
1782625184.357,74,5,3142,232.1
1782625184.558,74,5,3142,232.1
1782625184.758,74,5,3142,237.5
1782625184.959,74,5,3142,237.5
1782625185.159,74,5,3142,237.5
1782625185.360,67,5,3142,237.1
1782625185.560,67,5,3142,237.1
1782625185.760,67,5,3142,236.9
1782625185.961,67,5,3142,236.9
1782625186.161,67,5,3142,236.9
1782625186.362,66,4,3142,236.2
1782625186.562,66,4,3142,236.2
1782625186.763,66,4,3142,233.4
1782625186.963,66,4,3142,233.4
1782625187.164,66,4,3142,233.4
1782625187.364,75,6,3142,248.6
1782625187.565,75,6,3142,248.6
1782625187.765,75,6,3142,258.9
1782625187.966,75,6,3142,258.9
1782625188.166,75,6,3142,258.9
1782625188.366,83,6,3142,259.0
1782625188.567,83,6,3142,259.0
1782625188.767,83,6,3142,262.1
1782625188.968,83,6,3142,262.1
1782625189.168,83,6,3142,262.1
1782625189.369,83,6,3142,261.4
1782625189.569,83,6,3142,261.4
1782625189.769,83,6,3142,259.0
1782625189.980,83,6,3142,259.0
1782625190.180,83,6,3142,259.0
1782625190.381,82,6,3142,259.6
1782625190.581,82,6,3142,259.6
1782625190.781,82,6,3142,243.1
1782625190.982,82,6,3142,243.1
1782625191.182,82,6,3142,243.1
1782625191.383,0,0,3142,161.1
1782625191.584,0,0,3142,161.1
1782625191.784,0,0,3142,100.0
1782625191.985,0,0,3142,100.0
1782625192.185,0,0,3142,100.0
1782625192.386,0,0,3142,97.3
1782625192.586,0,0,3142,97.3
1782625192.787,0,0,3142,147.7
1782625192.987,0,0,3142,147.7
1782625193.187,0,0,3142,147.7
1782625193.388,65,4,3142,200.4
1782625193.588,65,4,3142,200.4
1782625193.789,65,4,3142,220.4
1782625193.989,65,4,3142,220.4
1782625194.190,65,4,3142,220.4
1782625194.390,67,4,3142,219.9
1782625194.591,67,4,3142,219.9
1782625194.791,67,4,3142,222.3
1782625194.992,67,4,3142,222.3
1782625195.192,67,4,3142,222.3
1782625195.393,65,4,3142,223.1
1782625195.593,65,4,3142,223.1
1782625195.793,65,4,3142,226.4
1782625195.994,65,4,3142,226.4
1782625196.194,65,4,3142,226.4
1782625196.395,65,4,3142,227.3
1782625196.595,65,4,3142,227.3
1782625196.796,65,4,3142,228.0
1782625196.996,65,4,3142,228.0
1782625197.196,65,4,3142,228.0
1782625197.397,69,5,3142,230.0
1782625197.597,69,5,3142,230.0
1782625197.798,69,5,3142,228.7
1782625197.998,69,5,3142,228.7
1782625198.198,69,5,3142,228.7
1782625198.399,68,5,3142,228.8
1782625198.599,68,5,3142,228.8
1782625198.800,68,5,3142,228.7
1782625199.000,68,5,3142,228.7
1782625199.201,68,5,3142,228.7
1782625199.401,67,4,3142,227.2
1782625199.602,67,4,3142,227.2
1782625199.802,67,4,3142,226.9
1782625200.003,67,4,3142,226.9
1782625200.203,67,4,3142,226.9
1782625200.404,69,5,3142,222.3
1782625200.604,69,5,3142,222.3
1782625200.805,69,5,3142,231.4
1782625201.005,69,5,3142,231.4
1782625201.206,69,5,3142,231.4
1782625201.406,88,6,3142,251.1
1782625201.607,88,6,3142,251.1
1782625201.807,88,6,3142,269.7
1782625202.008,88,6,3142,269.7
1782625202.208,88,6,3142,269.7
1782625202.409,90,6,3142,270.7
1782625202.609,90,6,3142,270.7
1782625202.810,90,6,3142,267.7
1782625203.010,90,6,3142,267.7
1782625203.211,90,6,3142,267.7
1782625203.411,83,5,3142,266.5
1782625203.611,83,5,3142,266.5
1782625203.812,83,5,3142,267.2
1782625204.012,83,5,3142,267.2
1782625204.213,83,5,3142,267.2
1782625204.413,0,0,3142,202.3
1782625204.614,0,0,3142,202.3
1782625204.815,0,0,3142,124.7
1782625205.015,0,0,3142,124.7
1782625205.216,0,0,3142,97.6
1782625205.416,0,0,3142,97.6
1782625205.617,0,0,3142,97.6
1782625205.817,0,0,3142,149.9
1782625206.018,0,0,3142,149.9
1782625206.218,68,4,3142,212.5
1782625206.419,68,4,3142,212.5
1782625206.619,68,4,3142,212.5
1782625206.820,68,4,3142,224.3
1782625207.020,68,4,3142,224.3
1782625207.221,66,4,3142,222.6
1782625207.421,66,4,3142,222.6
1782625207.622,66,4,3142,222.6
1782625207.822,66,4,3142,217.7
1782625208.023,66,4,3142,217.7
1782625208.223,76,5,3142,220.4
1782625208.423,76,5,3142,220.4
1782625208.624,76,5,3142,220.4
1782625208.824,76,5,3142,222.4
1782625209.025,76,5,3142,222.4
1782625209.225,74,5,3142,221.2
1782625209.426,74,5,3142,221.2
1782625209.626,74,5,3142,221.2
1782625209.827,74,5,3142,225.0
1782625210.027,74,5,3142,225.0
1782625210.228,61,4,3142,221.6
1782625210.428,61,4,3142,221.6
1782625210.628,61,4,3142,221.6
1782625210.829,61,4,3142,215.0
1782625211.029,61,4,3142,215.0
1782625211.230,75,5,3142,221.4
1782625211.430,75,5,3142,221.4
1782625211.631,75,5,3142,221.4
1782625211.831,75,5,3142,225.4
1782625212.032,75,5,3142,225.4
1782625212.232,76,5,3142,222.9
1782625212.433,76,5,3142,222.9
1782625212.633,76,5,3142,222.9
1782625212.834,76,5,3142,223.6
1782625213.034,76,5,3142,223.6
1782625213.234,66,4,3142,222.1
1782625213.435,66,4,3142,222.1
1782625213.635,66,4,3142,222.1
1782625213.836,66,4,3142,221.2
1782625214.036,66,4,3142,221.2
1782625214.237,90,6,3142,238.6
1782625214.437,90,6,3142,238.6
1782625214.638,90,6,3142,238.6
1782625214.838,90,6,3142,258.7
1782625215.039,90,6,3142,258.7
1782625215.240,90,6,3142,263.1
1782625215.440,90,6,3142,263.1
1782625215.641,90,6,3142,263.1
1782625215.842,90,6,3142,262.9
1782625216.042,90,6,3142,262.9
1782625216.243,90,6,3142,262.6
1782625216.443,90,6,3142,262.6
1782625216.644,90,6,3142,262.6
1782625216.845,90,6,3142,262.6
1782625217.045,90,6,3142,262.6
1782625217.246,0,0,3142,211.9
1782625217.446,0,0,3142,211.9
1782625217.647,0,0,3142,211.9
1782625217.848,0,0,3142,124.4
1782625218.048,0,0,3142,124.4
1782625218.249,0,0,3142,97.8
1782625218.449,0,0,3142,97.8
1782625218.650,0,0,3142,97.8
1782625218.850,0,0,3142,157.2
1782625219.051,0,0,3142,157.2
1782625219.251,88,5,3142,224.1
1782625219.452,88,5,3142,224.1
1782625219.652,88,5,3142,224.1
1782625219.853,88,5,3142,242.4
1782625220.053,88,5,3142,242.4
1782625220.254,85,5,3142,241.7
1782625220.454,85,5,3142,241.7
1782625220.655,85,5,3142,241.7
1782625220.855,85,5,3142,242.9
1782625221.055,85,5,3142,242.9
1782625221.256,87,5,3142,245.3
1782625221.456,87,5,3142,245.3
1782625221.657,87,5,3142,245.3
1782625221.857,87,5,3142,247.1
1782625222.058,87,5,3142,247.1
1782625222.258,86,5,3142,244.2
1782625222.459,86,5,3142,244.2
1782625222.659,86,5,3142,244.2
1782625222.860,86,5,3142,243.7
1782625223.060,86,5,3142,243.7
1782625223.261,82,5,3142,243.6
1782625223.461,82,5,3142,243.6
1782625223.662,82,5,3142,243.6
1782625223.862,82,5,3142,243.2
1782625224.063,82,5,3142,243.2
1782625224.263,83,5,3142,244.2
1782625224.464,83,5,3142,244.2
1782625224.664,83,5,3142,244.2
1782625224.864,83,5,3142,243.7
1782625225.065,83,5,3142,243.7
1782625225.265,78,4,3142,240.2
1782625225.466,78,4,3142,240.2
1782625225.666,78,4,3142,240.2
1782625225.867,78,4,3142,239.9
1782625226.067,78,4,3142,239.9
1782625226.268,88,5,3142,242.8
1782625226.468,88,5,3142,242.8
1782625226.669,88,5,3142,242.8
1782625226.869,88,5,3142,244.6
1782625227.069,88,5,3142,244.6
1782625227.270,88,5,3142,238.8
1782625227.471,88,5,3142,238.8
1782625227.671,88,5,3142,238.8
1782625227.872,88,5,3142,166.6
1782625228.072,88,5,3142,166.6
1782625228.273,0,0,3142,106.0
1782625228.473,0,0,3142,106.0
1782625228.674,0,0,3142,106.0
1782625228.875,0,0,3142,106.8
1782625229.075,0,0,3142,106.8
1782625229.276,70,4,3142,166.8
1782625229.476,70,4,3142,166.8
1782625229.676,70,4,3142,166.8
1782625229.877,70,4,3142,234.8
1782625230.077,70,4,3142,234.8
1782625230.278,80,6,3142,238.7
1782625230.478,80,6,3142,238.7
1782625230.679,80,6,3142,238.7
1782625230.879,80,6,3142,239.2
1782625231.079,80,6,3142,239.2
1782625231.280,76,5,3142,240.7
1782625231.480,76,5,3142,240.7
1782625231.681,76,5,3142,240.7
1782625231.881,76,5,3142,240.4
1782625232.082,76,5,3142,240.4
1782625232.282,76,5,3142,237.2
1782625232.483,76,5,3142,237.2
1782625232.683,76,5,3142,237.2
1782625232.884,76,5,3142,235.2
1782625233.084,76,5,3142,235.2
1782625233.285,69,4,3142,233.1
1782625233.485,69,4,3142,233.1
1782625233.686,69,4,3142,233.1
1782625233.886,69,4,3142,234.7
1782625234.086,69,4,3154,234.7
1782625234.287,82,6,3154,242.1
1782625234.487,82,6,3154,242.1
1782625234.688,82,6,3154,242.1
1782625234.888,82,6,3154,241.4
1782625235.089,82,6,3154,241.4
1782625235.289,72,5,3154,244.5
1782625235.490,72,5,3154,244.5
1782625235.690,72,5,3154,244.5
1782625235.891,72,5,3154,247.2
1782625236.091,72,5,3154,247.2
1782625236.291,71,5,3154,242.9
1782625236.492,71,5,3154,242.9
1782625236.692,71,5,3154,242.9
1782625236.893,71,5,3154,252.2
1782625237.093,71,5,3154,252.2
1782625237.294,83,6,3154,262.9
1782625237.494,83,6,3154,262.9
1782625237.695,83,6,3154,262.9
1782625237.895,83,6,3154,262.5
1782625238.095,83,6,3154,262.5
1782625238.296,76,5,3154,249.2
1782625238.496,76,5,3154,249.2
1782625238.697,76,5,3154,249.2
1782625238.897,76,5,3154,251.7
1782625239.098,76,5,3154,251.7
1782625239.298,71,5,3154,256.2
1782625239.499,71,5,3154,256.2
1782625239.699,71,5,3154,256.2
1782625239.900,71,5,3154,249.0
1782625240.100,71,5,3154,249.0
1782625240.301,78,6,3154,245.3
1782625240.501,78,6,3154,245.3
1782625240.702,78,6,3154,245.3
1782625240.902,78,6,3154,250.1
1782625241.102,78,6,3154,250.1
1782625241.303,82,6,3154,247.2
1782625241.503,82,6,3154,247.2
1782625241.704,82,6,3154,247.2
1782625241.904,82,6,3154,247.7
1782625242.105,82,6,3154,247.7
1782625242.306,0,0,3154,222.5
1782625242.506,0,0,3154,222.5
1782625242.707,0,0,3154,222.5
1782625242.908,0,0,3154,154.0
1782625243.108,0,0,3154,154.0
1782625243.309,0,0,3154,99.1
1782625243.509,0,0,3154,99.1
1782625243.710,0,0,3154,99.1
1782625243.910,0,0,3154,99.3
1782625244.111,0,0,3154,99.3
1782625244.311,88,5,3154,150.5
1782625244.512,88,5,3154,150.5
1782625244.712,88,5,3154,150.5
1782625244.912,88,5,3154,205.6
1782625245.113,88,5,3154,205.6
1782625245.313,67,5,3154,232.6
1782625245.514,67,5,3154,232.6
1782625245.714,67,5,3154,232.6
1782625245.915,67,5,3154,234.9
1782625246.115,67,5,3154,234.9
1782625246.316,69,5,3154,234.2
1782625246.516,69,5,3154,234.2
1782625246.717,69,5,3154,243.4
1782625246.917,69,5,3154,243.4
1782625247.118,69,5,3154,243.4
1782625247.318,72,5,3154,251.8
1782625247.518,72,5,3154,251.8
1782625247.719,72,5,3154,246.9
1782625247.919,72,5,3154,246.9
1782625248.120,72,5,3154,246.9
1782625248.320,62,4,3154,234.1
1782625248.520,62,4,3154,234.1
1782625248.721,62,4,3154,228.9
1782625248.921,62,4,3154,228.9
1782625249.122,62,4,3154,228.9
1782625249.322,63,5,3154,228.9
1782625249.523,63,5,3154,228.9
1782625249.723,63,5,3154,227.8
1782625249.924,63,5,3154,227.8
1782625250.124,63,5,3154,227.8
1782625250.325,75,5,3154,232.4
1782625250.525,75,5,3154,232.4
1782625250.725,75,5,3154,234.1
1782625250.926,75,5,3154,234.1
1782625251.126,75,5,3154,234.1
1782625251.327,75,5,3154,238.5
1782625251.527,75,5,3154,238.5
1782625251.728,75,5,3154,244.0
1782625251.928,75,5,3154,244.0
1782625252.129,75,5,3154,244.0
1782625252.329,70,4,3154,245.5
1782625252.529,70,4,3154,245.5
1782625252.730,70,4,3154,254.1
1782625252.930,70,4,3154,254.1
1782625253.131,70,4,3154,254.1
1782625253.332,80,5,3154,263.9
1782625253.532,80,5,3154,263.9
1782625253.733,80,5,3154,261.7
1782625253.933,80,5,3154,261.7
1782625254.134,80,5,3154,261.7
1782625254.334,82,6,3154,265.6
1782625254.535,82,6,3154,265.6
1782625254.735,82,6,3154,262.8
1782625254.936,82,6,3154,262.8
1782625255.136,82,6,3154,262.8
1782625255.337,77,5,3154,258.1
1782625255.537,77,5,3154,258.1
1782625255.738,77,5,3154,261.9
1782625255.938,77,5,3154,261.9
1782625256.139,77,5,3154,261.9
1782625256.339,89,6,3154,252.5
1782625256.540,89,6,3154,252.5
1782625256.740,89,6,3154,168.3
1782625256.941,89,6,3154,168.3
1782625257.141,89,6,3154,168.3
1782625257.342,0,0,3154,98.3
1782625257.543,0,0,3154,98.3
1782625257.743,0,0,3154,98.3
1782625257.944,0,0,3154,98.3
1782625258.144,0,0,3154,98.3
1782625258.345,76,5,3154,144.8
1782625258.545,76,5,3154,144.8
1782625258.746,76,5,3154,216.4
1782625258.946,76,5,3154,216.4
1782625259.147,76,5,3154,216.4
1782625259.347,71,5,3154,233.4
1782625259.547,71,5,3154,233.4
1782625259.748,71,5,3154,228.1
1782625259.948,71,5,3154,228.1
1782625260.149,71,5,3154,228.1
1782625260.349,72,5,3154,230.3
1782625260.550,72,5,3154,230.3
1782625260.750,72,5,3154,232.5
1782625260.950,72,5,3154,232.5
1782625261.151,72,5,3154,232.5
1782625261.351,71,5,3154,224.9
1782625261.552,71,5,3154,224.9
1782625261.752,71,5,3154,225.3
1782625261.953,71,5,3154,225.3
1782625262.153,71,5,3154,225.3
1782625262.354,67,5,3154,227.2
1782625262.554,67,5,3154,227.2
1782625262.755,67,5,3154,224.4
1782625262.955,67,5,3154,224.4
1782625263.155,67,5,3154,224.4
1782625263.356,69,4,3154,225.7
1782625263.556,69,4,3154,225.7
1782625263.757,69,4,3154,233.4
1782625263.958,69,4,3154,233.4
1782625264.158,69,4,3154,233.4
1782625264.358,72,5,3154,233.8
1782625264.559,72,5,3154,233.8
1782625264.759,72,5,3154,232.0
1782625264.960,72,5,3154,232.0
1782625265.160,72,5,3154,232.0
1782625265.361,74,5,3154,230.8
1782625265.561,74,5,3154,230.8
1782625265.761,74,5,3154,229.1
1782625265.962,74,5,3154,229.1
1782625266.162,74,5,3154,229.1
1782625266.363,77,5,3154,237.3
1782625266.563,77,5,3154,237.3
1782625266.764,77,5,3154,254.9
1782625266.964,77,5,3154,254.9
1782625267.165,77,5,3154,254.9
1782625267.365,87,6,3154,266.9
1782625267.566,87,6,3154,266.9
1782625267.766,87,6,3154,272.5
1782625267.967,87,6,3154,272.5
1782625268.167,87,6,3154,272.5
1782625268.368,86,6,3154,276.4
1782625268.568,86,6,3154,276.4
1782625268.769,86,6,3154,274.9
1782625268.969,86,6,3154,274.9
1782625269.170,86,6,3154,274.9
1782625269.370,89,6,3154,274.5
1782625269.571,89,6,3154,274.5
1782625269.771,89,6,3154,225.8
1782625269.972,89,6,3154,225.8
1782625270.173,89,6,3154,225.8
1782625270.373,0,0,3154,137.5
1782625270.574,0,0,3154,137.5
1782625270.774,0,0,3154,98.5
1782625270.975,0,0,3154,98.5
1782625271.175,0,0,3154,98.5
1782625271.376,88,5,3154,127.1
1782625271.577,88,5,3154,127.1
1782625271.777,88,5,3154,184.9
1782625271.978,88,5,3154,184.9
1782625272.178,88,5,3154,184.9
1782625272.378,72,5,3154,220.7
1782625272.579,72,5,3154,220.7
1782625272.779,72,5,3154,217.5
1782625272.980,72,5,3154,217.5
1782625273.180,72,5,3154,217.5
1782625273.381,65,4,3154,220.5
1782625273.581,65,4,3154,220.5
1782625273.782,65,4,3154,221.7
1782625273.982,65,4,3154,221.7
1782625274.183,65,4,3154,221.7
1782625274.383,75,5,3154,226.5
1782625274.583,75,5,3154,226.5
1782625274.784,75,5,3154,227.9
1782625274.984,75,5,3154,227.9
1782625275.185,75,5,3154,227.9
1782625275.385,63,4,3154,225.7
1782625275.586,63,4,3154,225.7
1782625275.786,63,4,3154,225.5
1782625275.986,63,4,3154,225.5
1782625276.187,63,4,3154,225.5
1782625276.387,68,4,3154,229.7
1782625276.588,68,4,3154,229.7
1782625276.788,68,4,3154,227.0
1782625276.989,68,4,3154,227.0
1782625277.189,68,4,3154,227.0
1782625277.390,66,4,3154,222.9
1782625277.590,66,4,3154,222.9
1782625277.791,66,4,3154,223.3
1782625277.991,66,4,3154,223.3
1782625278.192,66,4,3154,223.3
1782625278.392,67,4,3154,222.7
1782625278.593,67,4,3154,222.7
1782625278.793,67,4,3154,226.7
1782625278.994,67,4,3154,226.7
1782625279.194,67,4,3154,226.7
1782625279.394,76,5,3154,228.0
1782625279.595,76,5,3154,228.0
1782625279.795,76,5,3154,228.5
1782625279.996,76,5,3154,228.5
1782625280.196,76,5,3154,228.5
1782625280.397,86,5,3154,243.8
1782625280.597,86,5,3154,243.8
1782625280.798,86,5,3154,261.4
1782625280.998,86,5,3154,261.4
1782625281.199,86,5,3154,261.4
1782625281.399,89,6,3154,267.6
1782625281.600,89,6,3154,267.6
1782625281.801,89,6,3154,267.5
1782625282.001,89,6,3154,267.5
1782625282.202,89,6,3154,267.5
1782625282.402,89,6,3154,267.3
1782625282.603,89,6,3154,267.3
1782625282.803,89,6,3154,191.5
1782625283.004,89,6,3154,191.5
1782625283.205,89,6,3154,191.5
1782625283.405,0,0,3154,121.9
1782625283.606,0,0,3154,121.9
1782625283.806,0,0,3154,105.0
1782625284.007,0,0,3154,105.0
1782625284.207,0,0,3154,105.0
1782625284.408,86,5,3154,172.3
1782625284.608,86,5,3154,172.3
1782625284.809,86,5,3154,246.9
1782625285.009,86,5,3154,246.9
1782625285.210,86,5,3154,246.9
1782625285.410,78,4,3154,243.6
1782625285.610,78,4,3154,243.6
1782625285.811,78,4,3154,242.8
1782625286.011,78,4,3154,242.8
1782625286.212,78,4,3154,242.8
1782625286.412,88,5,3154,246.3
1782625286.613,88,5,3154,246.3
1782625286.813,88,5,3154,247.6
1782625287.014,88,5,3154,247.6
1782625287.214,88,5,3154,247.6
1782625287.415,82,5,3154,246.9
1782625287.615,82,5,3154,246.9
1782625287.815,82,5,3154,244.1
1782625288.016,82,5,3154,244.1
1782625288.216,82,5,3154,244.1
1782625288.417,82,5,3154,244.7
1782625288.617,82,5,3154,244.7
1782625288.818,82,5,3154,247.5
1782625289.018,82,5,3154,247.5
1782625289.219,83,5,3154,245.9
1782625289.419,83,5,3154,245.9
1782625289.619,83,5,3154,245.9
1782625289.820,83,5,3154,246.5
1782625290.020,83,5,3154,246.5
1782625290.221,83,5,3154,246.8
1782625290.421,83,5,3154,246.8
1782625290.622,83,5,3154,246.8
1782625290.822,83,5,3154,249.1
1782625291.023,83,5,3154,249.1
1782625291.223,86,5,3154,251.2
1782625291.424,86,5,3154,251.2
1782625291.624,86,5,3154,251.2
1782625291.824,86,5,3154,247.5
1782625292.024,86,5,3154,247.5
1782625292.225,82,5,3154,245.0
1782625292.425,82,5,3154,245.0
1782625292.626,82,5,3154,245.0
1782625292.826,82,5,3154,211.1
1782625293.027,82,5,3154,211.1
1782625293.228,0,0,3154,147.5
1782625293.428,0,0,3154,147.5
1782625293.629,0,0,3154,147.5
1782625293.829,0,0,3154,98.5
1782625294.030,0,0,3154,98.5
1782625294.231,88,5,3154,137.9
1782625294.431,88,5,3154,137.9
1782625294.632,88,5,3154,137.9
1782625294.832,88,5,3154,198.5
1782625295.033,88,5,3154,198.5
1782625295.233,72,5,3154,234.7
1782625295.433,72,5,3154,234.7
1782625295.634,72,5,3154,234.7
1782625295.834,72,5,3154,231.6
1782625296.035,72,5,3154,231.6
1782625296.235,88,7,3154,250.5
1782625296.436,88,7,3154,250.5
1782625296.636,88,7,3154,250.5
1782625296.837,88,7,3154,260.6
1782625297.037,88,7,3154,260.6
1782625297.238,79,6,3154,259.9
1782625297.438,79,6,3154,259.9
1782625297.638,79,6,3154,259.9
1782625297.839,79,6,3154,254.6
1782625298.040,79,6,3154,254.6
1782625298.240,83,6,3154,257.9
1782625298.440,83,6,3154,257.9
1782625298.641,83,6,3154,257.9
1782625298.841,83,6,3154,254.4
1782625299.042,83,6,3154,254.4
1782625299.242,65,4,3154,249.7
1782625299.443,65,4,3154,249.7
1782625299.643,65,4,3154,249.7
1782625299.844,65,4,3154,243.4
1782625300.045,65,4,3154,243.4
1782625300.245,76,6,3154,235.1
1782625300.445,76,6,3154,235.1
1782625300.646,76,6,3154,235.1
1782625300.846,76,6,3154,241.1
1782625301.047,76,6,3154,241.1
1782625301.247,82,6,3154,252.3
1782625301.447,82,6,3154,252.3
1782625301.648,82,6,3154,252.3
1782625301.848,82,6,3154,250.6
1782625302.049,82,6,3154,250.6
1782625302.249,79,6,3154,249.2
1782625302.450,79,6,3154,249.2
1782625302.650,79,6,3154,249.2
1782625302.851,79,6,3154,250.4
1782625303.051,79,6,3154,250.4
1782625303.252,79,6,3154,248.8
1782625303.452,79,6,3154,248.8
1782625303.653,79,6,3154,248.8
1782625303.853,79,6,3154,244.3
1782625304.053,79,6,3154,244.3
1782625304.254,84,6,3154,253.1
1782625304.454,84,6,3154,253.1
1782625304.655,84,6,3154,253.1
1782625304.855,84,6,3154,253.8
1782625305.055,84,6,3154,253.8
1782625305.256,75,5,3154,254.2
1782625305.456,75,5,3154,254.2
1782625305.657,75,5,3154,254.2
1782625305.857,75,5,3154,261.8
1782625306.058,75,5,3154,261.8
1782625306.258,72,5,3154,253.5
1782625306.459,72,5,3154,253.5
1782625306.659,72,5,3154,253.5
1782625306.860,72,5,3154,247.1
1782625307.060,72,5,3154,247.1
1782625307.261,90,6,3154,250.0
1782625307.461,90,6,3154,250.0
1782625307.662,90,6,3154,250.0
1782625307.863,90,6,3154,190.5
1782625308.063,90,6,3154,190.5
1782625308.264,0,0,3154,123.5
1782625308.464,0,0,3154,123.5
1782625308.665,0,0,3154,123.5
1782625308.865,0,0,3154,98.3
1782625309.066,0,0,3154,98.3
1782625309.266,88,5,3154,115.3
1782625309.467,88,5,3154,115.3
1782625309.667,88,5,3154,115.3
1782625309.868,88,5,3154,182.7
1782625310.068,88,5,3154,182.7
1782625310.269,63,5,3154,230.9
1782625310.469,63,5,3154,230.9
1782625310.670,63,5,3154,230.9
1782625310.870,63,5,3154,229.0
1782625311.070,63,5,3154,229.0
1782625311.271,69,5,3154,235.6
1782625311.471,69,5,3154,235.6
1782625311.672,69,5,3154,235.6
1782625311.872,69,5,3154,239.5
1782625312.073,69,5,3154,239.5
1782625312.273,72,5,3154,239.7
1782625312.474,72,5,3154,239.7
1782625312.674,72,5,3154,239.7
1782625312.874,72,5,3154,245.7
1782625313.075,72,5,3154,245.7
1782625313.275,67,5,3154,241.4
1782625313.476,67,5,3154,241.4
1782625313.676,67,5,3154,241.4
1782625313.877,67,5,3154,241.5
1782625314.077,67,5,3154,241.5
1782625314.278,60,4,3154,242.8
1782625314.478,60,4,3154,242.8
1782625314.679,60,4,3154,242.8
1782625314.879,60,4,3154,239.7
1782625315.080,60,4,3154,239.7
1782625315.280,65,4,3154,239.0
1782625315.481,65,4,3154,239.0
1782625315.681,65,4,3154,239.0
1782625315.882,65,4,3154,238.9
1782625316.082,65,4,3154,238.9
1782625316.282,77,5,3154,238.4
1782625316.483,77,5,3154,238.4
1782625316.683,77,5,3154,238.4
1782625316.884,77,5,3154,242.1
1782625317.084,77,5,3154,242.1
1782625317.285,80,6,3154,242.5
1782625317.485,80,6,3154,242.5
1782625317.685,80,6,3154,242.5
1782625317.886,80,6,3154,246.2
1782625318.086,80,6,3154,246.2
1782625318.287,80,6,3154,258.1
1782625318.487,80,6,3154,258.1
1782625318.687,80,6,3154,258.1
1782625318.888,80,6,3154,265.9
1782625319.088,80,6,3154,265.9
1782625319.289,87,6,3154,267.5
1782625319.489,87,6,3154,267.5
1782625319.690,87,6,3154,267.5
1782625319.890,87,6,3154,268.4
1782625320.091,87,6,3154,268.4
1782625320.291,81,6,3154,271.2
1782625320.491,81,6,3154,271.2
1782625320.692,81,6,3154,271.2
1782625320.893,81,6,3154,273.6
1782625321.093,81,6,3154,273.6
1782625321.293,74,5,3154,269.5
1782625321.494,74,5,3154,269.5
1782625321.694,74,5,3154,269.5
1782625321.895,74,5,3154,241.2
1782625322.095,74,5,3154,241.2
1782625322.296,0,0,3154,155.4
1782625322.496,0,0,3154,155.4
1782625322.697,0,0,3154,155.4
1782625322.897,0,0,3154,99.7
1782625323.098,0,0,3154,99.7
1782625323.298,0,0,3154,99.4
1782625323.499,0,0,3154,99.4
1782625323.699,0,0,3154,99.4
1782625323.900,0,0,3154,157.2
1782625324.100,0,0,3154,157.2
1782625324.301,64,4,3154,228.4
1782625324.501,64,4,3154,228.4
1782625324.701,64,4,3154,228.4
1782625324.902,64,4,3154,227.0
1782625325.102,64,4,3154,227.0
1782625325.303,80,6,3154,228.6
1782625325.503,80,6,3154,228.6
1782625325.703,80,6,3154,228.6
1782625325.904,80,6,3154,228.7
1782625326.104,80,6,3154,228.7
1782625326.305,69,4,3154,228.8
1782625326.505,69,4,3154,228.8
1782625326.706,69,4,3154,228.8
1782625326.906,69,4,3154,225.7
1782625327.107,69,4,3154,225.7
1782625327.307,61,4,3154,224.3
1782625327.508,61,4,3154,224.3
1782625327.708,61,4,3154,224.3
1782625327.908,61,4,3154,230.8
1782625328.109,61,4,3154,230.8
1782625328.309,73,5,3154,233.0
1782625328.510,73,5,3154,233.0
1782625328.710,73,5,3154,233.0
1782625328.910,73,5,3154,228.4
1782625329.111,73,5,3154,228.4
1782625329.311,72,5,3154,229.3
1782625329.512,72,5,3154,229.3
1782625329.712,72,5,3154,229.3
1782625329.913,72,5,3154,228.8
1782625330.113,72,5,3154,228.8
1782625330.314,68,5,3154,230.3
1782625330.514,68,5,3154,230.3
1782625330.714,68,5,3154,230.3
1782625330.915,68,5,3154,228.9
1782625331.115,68,5,3154,228.9
1782625331.316,62,4,3154,225.3
1782625331.516,62,4,3154,225.3
1782625331.717,62,4,3154,225.3
1782625331.917,62,4,3154,235.7
1782625332.118,62,4,3154,235.7
1782625332.318,89,6,3154,257.5
1782625332.519,89,6,3154,257.5
1782625332.719,89,6,3154,257.5
1782625332.919,89,6,3154,273.4
1782625333.120,89,6,3154,273.4
1782625333.320,83,6,3154,274.4
1782625333.521,83,6,3154,274.4
1782625333.721,83,6,3154,274.2
1782625333.922,83,6,3154,274.2
1782625334.122,83,6,3154,274.2
1782625334.323,91,6,3154,275.7
1782625334.523,91,6,3154,275.7
1782625334.724,91,6,3154,275.9
1782625334.924,91,6,3154,275.9
1782625335.125,91,6,3154,275.9
1782625335.325,0,0,3154,231.8
1782625335.526,0,0,3154,231.8
1782625335.727,0,0,3154,145.8
1782625335.927,0,0,3154,145.8
1782625336.128,0,0,3154,145.8
1782625336.328,0,0,3154,100.7
1782625336.529,0,0,3154,100.7
1782625336.729,0,0,3154,125.6
1782625336.930,0,0,3154,125.6
1782625337.130,0,0,3154,125.6
1782625337.331,56,4,3154,183.9
1782625337.531,56,4,3154,183.9
1782625337.732,56,4,3154,222.3
1782625337.932,56,4,3154,222.3
1782625338.132,56,4,3154,222.3
1782625338.333,74,5,3154,220.1
1782625338.533,74,5,3154,220.1
1782625338.734,74,5,3154,223.7
1782625338.934,74,5,3154,223.7
1782625339.135,74,5,3154,223.7
1782625339.335,58,4,3154,221.9
1782625339.535,58,4,3154,221.9
1782625339.736,58,4,3154,221.1
1782625339.936,58,4,3154,221.1
1782625340.137,58,4,3154,221.1
1782625340.337,64,4,3154,219.3
1782625340.538,64,4,3154,219.3
1782625340.738,64,4,3154,218.2
1782625340.939,64,4,3154,218.2
1782625341.139,64,4,3154,218.2
1782625341.340,65,4,3154,218.8
1782625341.540,65,4,3154,218.8
1782625341.740,65,4,3154,221.6
1782625341.941,65,4,3154,221.6
1782625342.142,65,4,3154,221.6
1782625342.342,69,4,3154,224.1
1782625342.543,69,4,3154,224.1
1782625342.743,69,4,3154,219.8
1782625342.943,69,4,3154,219.8
1782625343.144,69,4,3154,219.8
1782625343.344,70,4,3154,216.8
1782625343.545,70,4,3154,216.8
1782625343.745,70,4,3154,217.3
1782625343.946,70,4,3154,217.3
1782625344.146,70,4,3154,217.3
1782625344.347,65,4,3154,216.7
1782625344.547,65,4,3154,216.7
1782625344.748,65,4,3154,219.8
1782625344.948,65,4,3154,219.8
1782625345.148,65,4,3154,219.8
1782625345.349,86,5,3154,226.0
1782625345.549,86,5,3154,226.0
1782625345.750,86,5,3154,248.4
1782625345.950,86,5,3154,248.4
1782625346.151,86,5,3154,248.4
1782625346.352,90,6,3154,267.8
1782625346.552,90,6,3154,267.8
1782625346.753,90,6,3154,268.9
1782625346.953,90,6,3154,268.9
1782625347.154,90,6,3154,268.9
1782625347.355,89,6,3154,268.8
1782625347.555,89,6,3154,268.8
1782625347.756,89,6,3154,268.7
1782625347.957,89,6,3154,268.7
1782625348.157,89,6,3154,268.7
1782625348.358,0,0,3154,219.4
1782625348.558,0,0,3154,219.4
1782625348.759,0,0,3154,129.8
1782625348.959,0,0,3154,129.8
1782625349.160,0,0,3154,129.8
1782625349.360,0,0,3154,99.0
1782625349.561,0,0,3154,99.0
1782625349.761,0,0,3154,155.2
1782625349.962,0,0,3154,155.2
1782625350.162,0,0,3154,155.2
1782625350.363,88,5,3154,220.6
1782625350.563,88,5,3154,220.6
1782625350.764,88,5,3154,242.7
1782625350.964,88,5,3154,242.7
1782625351.164,88,5,3154,242.7
1782625351.365,80,4,3154,243.5
1782625351.565,80,4,3154,243.5
1782625351.766,80,4,3154,246.1
1782625351.966,80,4,3154,246.1
1782625352.166,80,4,3154,246.1
1782625352.367,82,5,3154,245.9
1782625352.567,82,5,3154,245.9
1782625352.768,82,5,3154,244.0
1782625352.968,82,5,3154,244.0
1782625353.168,82,5,3154,244.0
1782625353.369,86,5,3154,244.2
1782625353.569,86,5,3154,244.2
1782625353.770,86,5,3154,242.5
1782625353.970,86,5,3154,242.5
1782625354.171,86,5,3154,242.5
1782625354.371,80,4,3154,242.6
1782625354.572,80,4,3154,242.6
1782625354.772,80,4,3154,244.6
1782625354.973,80,4,3154,244.6
1782625355.173,80,4,3154,244.6
1782625355.374,87,5,3154,244.1
1782625355.574,87,5,3154,244.1
1782625355.775,87,5,3154,248.5
1782625355.975,87,5,3154,248.5
1782625356.176,87,5,3154,248.5
1782625356.376,79,4,3154,249.3
1782625356.577,79,4,3154,249.3
1782625356.777,79,4,3154,248.9
1782625356.978,79,4,3154,248.9
1782625357.178,79,4,3154,248.9
1782625357.378,86,5,3154,248.0
1782625357.579,86,5,3154,248.0
1782625357.779,86,5,3154,248.8
1782625357.980,86,5,3154,248.8
1782625358.180,86,5,3154,248.8
1782625358.381,88,5,3154,251.1
1782625358.582,88,5,3154,251.1
1782625358.782,88,5,3154,187.5
1782625358.983,88,5,3154,187.5
1782625359.183,88,5,3154,187.5
1782625359.384,0,0,3154,118.9
1782625359.584,0,0,3154,118.9
1782625359.785,0,0,3154,101.2
1782625359.986,0,0,3154,101.2
1782625360.186,0,0,3154,101.2
1782625360.386,84,7,3154,179.0
1782625360.587,84,7,3154,179.0
1782625360.787,84,7,3154,253.5
1782625360.988,84,7,3154,253.5
1782625361.188,84,7,3154,253.5
1782625361.388,79,6,3154,256.1
1782625361.589,79,6,3154,256.1
1782625361.789,79,6,3154,252.2
1782625361.990,79,6,3154,252.2
1782625362.190,79,6,3154,252.2
1782625362.391,81,6,3154,255.5
1782625362.591,81,6,3154,255.5
1782625362.792,81,6,3154,259.4
1782625362.992,81,6,3154,259.4
1782625363.193,81,6,3154,259.4
1782625363.393,74,5,3154,258.9
1782625363.593,74,5,3154,258.9
1782625363.794,74,5,3154,254.7
1782625363.994,74,5,3154,254.7
1782625364.195,74,5,3154,254.7
1782625364.396,74,5,3154,257.0
1782625364.596,74,5,3154,257.0
1782625364.797,74,5,3154,270.7
1782625364.997,74,5,3154,270.7
1782625365.198,74,5,3154,270.7
1782625365.399,71,5,3154,260.5
1782625365.599,71,5,3154,260.5
1782625365.800,71,5,3154,255.9
1782625366.000,71,5,3154,255.9
1782625366.201,71,5,3154,255.9
1782625366.401,79,6,3154,259.0
1782625366.602,79,6,3154,259.0
1782625366.802,79,6,3154,254.8
1782625367.003,79,6,3154,254.8
1782625367.203,79,6,3154,254.8
1782625367.404,76,5,3154,256.2
1782625367.604,76,5,3154,256.2
1782625367.805,76,5,3154,262.1
1782625368.005,76,5,3154,262.1
1782625368.206,76,5,3154,262.1
1782625368.406,84,6,3154,266.0
1782625368.606,84,6,3154,266.0
1782625368.807,84,6,3154,258.2
1782625369.007,84,6,3154,258.2
1782625369.208,84,6,3154,258.2
1782625369.408,74,5,3154,246.7
1782625369.609,74,5,3154,246.7
1782625369.809,74,5,3154,245.8
1782625370.009,74,5,3154,245.8
1782625370.210,74,5,3154,245.8
1782625370.410,74,5,3154,244.7
1782625370.611,74,5,3154,244.7
1782625370.811,74,5,3154,240.6
1782625371.012,74,5,3154,240.6
1782625371.212,74,5,3154,240.6
1782625371.413,86,6,3154,244.0
1782625371.613,86,6,3154,244.0
1782625371.814,86,6,3154,255.7
1782625372.014,86,6,3154,255.7
1782625372.215,86,6,3154,255.7
1782625372.415,76,5,3154,258.3
1782625372.616,76,5,3154,258.3
1782625372.816,76,5,3154,249.3
1782625373.017,76,5,3154,249.3
1782625373.217,76,5,3154,249.3
1782625373.418,0,0,3154,178.4
1782625373.618,0,0,3154,178.4
1782625373.819,0,0,3154,99.9
1782625374.020,0,0,3154,99.9
1782625374.220,0,0,3154,99.9
1782625374.420,0,0,3154,99.8
1782625374.621,0,0,3154,99.8
1782625374.822,0,0,3154,130.1
1782625375.022,0,0,3154,130.1
1782625375.222,0,0,3154,130.1
1782625375.423,64,4,3154,198.1
1782625375.623,64,4,3154,198.1
1782625375.824,64,4,3154,233.4
1782625376.024,64,4,3154,233.4
1782625376.225,73,5,3154,235.0
1782625376.425,73,5,3154,235.0
1782625376.626,73,5,3154,235.0
1782625376.826,73,5,3154,234.9
1782625377.026,73,5,3154,234.9
1782625377.227,69,5,3154,237.1
1782625377.427,69,5,3154,237.1
1782625377.628,69,5,3154,237.1
1782625377.828,69,5,3154,246.0
1782625378.029,69,5,3154,246.0
1782625378.229,71,5,3154,243.7
1782625378.430,71,5,3154,243.7
1782625378.630,71,5,3154,243.7
1782625378.831,71,5,3154,237.9
1782625379.031,71,5,3154,237.9
1782625379.232,72,5,3154,238.4
1782625379.432,72,5,3154,238.4
1782625379.633,72,5,3154,238.4
1782625379.833,72,5,3154,235.2
1782625380.033,72,5,3154,235.2
1782625380.234,61,4,3154,235.8
1782625380.434,61,4,3154,235.8
1782625380.635,61,4,3154,235.8
1782625380.835,61,4,3154,235.4
1782625381.036,61,4,3154,235.4
1782625381.236,60,4,3154,238.3
1782625381.437,60,4,3154,238.3
1782625381.637,60,4,3154,238.3
1782625381.838,60,4,3154,245.4
1782625382.038,60,4,3154,245.4
1782625382.239,74,5,3154,248.6
1782625382.439,74,5,3154,248.6
1782625382.639,74,5,3154,248.6
1782625382.840,74,5,3154,246.2
1782625383.040,74,5,3154,246.2
1782625383.241,78,5,3154,251.2
1782625383.441,78,5,3154,251.2
1782625383.642,78,5,3154,251.2
1782625383.842,78,5,3154,262.2
1782625384.043,78,5,3154,262.2
1782625384.243,75,5,3154,256.0
1782625384.443,75,5,3154,256.0
1782625384.644,75,5,3154,256.0
1782625384.844,75,5,3154,259.1
1782625385.045,75,5,3154,259.1
1782625385.246,80,6,3154,262.1
1782625385.446,80,6,3154,262.1
1782625385.646,80,6,3154,262.1
1782625385.847,80,6,3154,262.3
1782625386.047,80,6,3154,262.3
1782625386.248,85,6,3154,266.5
1782625386.448,85,6,3154,266.5
1782625386.649,85,6,3154,266.5
1782625386.849,85,6,3154,267.2
1782625387.050,85,6,3154,267.2
1782625387.250,0,0,3154,235.6
1782625387.451,0,0,3154,235.6
1782625387.651,0,0,3154,235.6
1782625387.852,0,0,3154,146.0
1782625388.052,0,0,3154,146.0
1782625388.253,0,0,3154,99.6
1782625388.454,0,0,3154,99.6
1782625388.654,0,0,3154,99.6
1782625388.855,0,0,3154,100.8
1782625389.055,0,0,3154,100.8
1782625389.255,70,5,3154,163.7
1782625389.456,70,5,3154,163.7
1782625389.656,70,5,3154,163.7
1782625389.857,70,5,3154,232.8
1782625390.057,70,5,3154,232.8
1782625390.258,69,5,3154,226.0
1782625390.458,69,5,3154,226.0
1782625390.659,69,5,3154,226.0
1782625390.859,69,5,3154,227.9
1782625391.060,69,5,3154,227.9
1782625391.260,74,5,3154,231.7
1782625391.460,74,5,3154,231.7
1782625391.661,74,5,3154,231.7
1782625391.861,74,5,3154,237.5
1782625392.062,74,5,3154,237.5
1782625392.262,63,4,3154,237.7
1782625392.463,63,4,3154,237.7
1782625392.663,63,4,3154,237.7
1782625392.864,63,4,3154,226.2
1782625393.064,63,4,3154,226.2
1782625393.264,66,4,3154,221.7
1782625393.465,66,4,3154,221.7
1782625393.665,66,4,3154,221.7
1782625393.866,66,4,3154,231.4
1782625394.066,66,4,3154,231.4
1782625394.267,66,4,3154,231.5
1782625394.467,66,4,3154,231.5
1782625394.667,66,4,3154,231.5
1782625394.868,66,4,3154,232.3
1782625395.068,66,4,3154,232.3
1782625395.269,64,4,3154,232.8
1782625395.469,64,4,3154,232.8
1782625395.670,64,4,3154,232.8
1782625395.870,64,4,3154,228.0
1782625396.071,64,4,3154,228.0
1782625396.271,67,4,3154,228.3
1782625396.471,67,4,3154,228.3
1782625396.672,67,4,3154,228.3
1782625396.872,67,4,3154,238.2
1782625397.073,67,4,3154,238.2
1782625397.273,88,6,3154,250.4
1782625397.474,88,6,3154,250.4
1782625397.674,88,6,3154,250.4
1782625397.875,88,6,3154,269.3
1782625398.076,88,6,3154,269.3
1782625398.276,84,6,3154,275.3
1782625398.476,84,6,3154,275.3
1782625398.677,84,6,3154,275.3
1782625398.877,84,6,3154,276.4
1782625399.078,84,6,3154,276.4
1782625399.278,84,6,3154,276.7
1782625399.479,84,6,3154,276.7
1782625399.679,84,6,3154,276.7
1782625399.879,84,6,3154,277.0
1782625400.080,84,6,3154,277.0
1782625400.280,85,6,3154,271.4
1782625400.481,85,6,3154,271.4
1782625400.681,85,6,3154,271.4
1782625400.882,85,6,3154,220.0
1782625401.082,85,6,3154,220.0
1782625401.283,0,0,3154,147.2
1782625401.483,0,0,3154,147.2
1782625401.684,0,0,3154,147.2
1782625401.885,0,0,3154,99.0
1782625402.085,0,0,3154,99.0
1782625402.286,88,5,3154,133.7
1782625402.486,88,5,3154,133.7
1782625402.686,88,5,3154,133.7
1782625402.887,88,5,3154,190.1
1782625403.087,88,5,3154,190.1
1782625403.288,70,4,3154,231.5
1782625403.488,70,4,3154,231.5
1782625403.691,70,4,3154,231.5
1782625403.892,70,4,3154,226.6
1782625404.092,70,4,3154,226.6
1782625404.292,71,4,3154,224.5
1782625404.493,71,4,3154,224.5
1782625404.693,71,4,3154,224.5
1782625404.894,71,4,3154,228.4
1782625405.094,71,4,3154,228.4
1782625405.295,75,5,3154,234.0
1782625405.495,75,5,3154,234.0
1782625405.696,75,5,3154,234.0
1782625405.896,75,5,3154,233.5
1782625406.097,75,5,3154,233.5
1782625406.297,66,4,3154,228.4
1782625406.498,66,4,3154,228.4
1782625406.698,66,4,3154,228.4
1782625406.898,66,4,3154,228.0
1782625407.099,66,4,3154,228.0
1782625407.299,65,4,3154,226.5
1782625407.500,65,4,3154,226.5
1782625407.700,65,4,3154,226.5
1782625407.901,65,4,3154,226.4
1782625408.101,65,4,3154,226.4
1782625408.302,69,4,3154,223.6
1782625408.502,69,4,3154,223.6
1782625408.703,69,4,3154,223.6
1782625408.905,69,4,3154,226.8
1782625409.105,69,4,3154,226.8
1782625409.305,72,4,3154,229.3
1782625409.506,72,4,3154,229.3
1782625409.706,72,4,3154,229.3
1782625409.907,72,4,3154,226.4
1782625410.107,72,4,3154,226.4
1782625410.308,64,4,3154,224.0
1782625410.508,64,4,3154,224.0
1782625410.709,64,4,3154,224.0
1782625410.909,64,4,3154,230.4
1782625411.110,64,4,3154,230.4
1782625411.311,89,6,3154,254.6
1782625411.511,89,6,3154,254.6
1782625411.712,89,6,3154,254.6
1782625411.912,89,6,3154,267.8
1782625412.113,89,6,3154,267.8
1782625412.314,89,6,3154,268.5
1782625412.514,89,6,3154,268.5
1782625412.715,89,6,3154,268.5
1782625412.915,89,6,3154,268.8
1782625413.116,89,6,3154,268.8
1782625413.317,0,0,3154,243.3
1782625413.517,0,0,3154,243.3
1782625413.718,0,0,3154,243.3
1782625413.918,0,0,3154,168.9
1782625414.119,0,0,3154,168.9
1782625414.319,0,0,3154,99.9
1782625414.520,0,0,3154,99.9
1782625414.721,0,0,3154,99.9
1782625414.921,0,0,3154,134.3
1782625415.121,0,0,3154,134.3
1782625415.322,86,5,3154,200.6
1782625415.522,86,5,3154,200.6
1782625415.723,86,5,3154,200.6
1782625415.923,86,5,3154,244.4
1782625416.124,86,5,3154,244.4
1782625416.324,87,5,3154,242.4
1782625416.525,87,5,3154,242.4
1782625416.725,87,5,3154,242.4
1782625416.926,87,5,3154,242.8
1782625417.126,87,5,3154,242.8
1782625417.327,86,5,3154,243.9
1782625417.527,86,5,3154,243.9
1782625417.728,86,5,3154,242.6
1782625417.928,86,5,3154,242.6
1782625418.129,86,5,3154,242.6
1782625418.329,84,5,3154,243.9
1782625418.529,84,5,3154,243.9
1782625418.730,84,5,3154,243.4
1782625418.930,84,5,3154,243.4
1782625419.131,84,5,3154,243.4
1782625419.331,81,5,3154,246.1
1782625419.532,81,5,3154,246.1
1782625419.732,81,5,3154,247.2
1782625419.933,81,5,3154,247.2
1782625420.133,81,5,3154,247.2
1782625420.334,88,5,3154,248.2
1782625420.534,88,5,3154,248.2
1782625420.734,88,5,3154,248.5
1782625420.935,88,5,3154,248.5
1782625421.135,88,5,3154,248.5
1782625421.336,80,5,3154,249.0
1782625421.536,80,5,3154,249.0
1782625421.737,80,5,3154,246.8
1782625421.937,80,5,3154,246.8
1782625422.138,80,5,3154,246.8
1782625422.338,88,5,3154,243.9
1782625422.539,88,5,3154,243.9
1782625422.739,88,5,3154,247.3
1782625422.939,88,5,3154,247.3
1782625423.140,88,5,3154,247.3
1782625423.340,86,5,3154,250.1
1782625423.541,86,5,3154,250.1
1782625423.741,86,5,3154,200.1
1782625423.942,86,5,3154,200.1
1782625424.142,86,5,3154,200.1
1782625424.343,0,0,3154,132.2
1782625424.543,0,0,3154,132.2
1782625424.744,0,0,3154,98.9
1782625424.944,0,0,3154,98.9
1782625425.145,0,0,3154,98.9
1782625425.345,57,4,3154,148.2
1782625425.546,57,4,3154,148.2
1782625425.746,57,4,3154,217.1
1782625425.947,57,4,3154,217.1
1782625426.147,57,4,3154,217.1
1782625426.348,77,6,3154,233.2
1782625426.548,77,6,3154,233.2
1782625426.749,77,6,3154,250.8
1782625426.949,77,6,3154,250.8
1782625427.150,77,6,3154,250.8
1782625427.350,75,5,3154,257.2
1782625427.551,75,5,3154,257.2
1782625427.751,75,5,3154,246.0
1782625427.952,75,5,3154,246.0
1782625428.152,75,5,3154,246.0
1782625428.353,70,5,3154,244.4
1782625428.553,70,5,3154,244.4
1782625428.754,70,5,3154,244.7
1782625428.954,70,5,3154,244.7
1782625429.155,70,5,3154,244.7
1782625429.355,85,6,3154,245.1
1782625429.556,85,6,3154,245.1
1782625429.756,85,6,3154,246.6
1782625429.957,85,6,3154,246.6
1782625430.157,85,6,3154,246.6
1782625430.357,71,5,3154,242.7
1782625430.558,71,5,3154,242.7
1782625430.758,71,5,3154,238.1
1782625430.959,71,5,3154,238.1
1782625431.160,71,5,3154,238.1
1782625431.360,83,6,3154,245.0
1782625431.560,83,6,3154,245.0
1782625431.761,83,6,3154,249.5
1782625431.961,83,6,3154,249.5
1782625432.162,83,6,3154,249.5
1782625432.362,70,4,3154,240.9
1782625432.563,70,4,3154,240.9
1782625432.763,70,4,3154,246.6
1782625432.964,70,4,3154,246.6
1782625433.164,70,4,3154,246.6
1782625433.365,75,6,3154,258.3
1782625433.565,75,6,3154,258.3
1782625433.766,75,6,3154,265.3
1782625433.966,75,6,3154,265.3
1782625434.166,75,6,3154,265.3
1782625434.367,72,5,3154,258.9
1782625434.567,72,5,3154,258.9
1782625434.768,72,5,3154,260.0
1782625434.968,72,5,3154,260.0
1782625435.169,72,5,3154,260.0
1782625435.369,92,7,3154,268.2
1782625435.570,92,7,3154,268.2
1782625435.770,92,7,3154,260.4
1782625435.971,92,7,3154,260.4
1782625436.171,92,7,3154,260.4
1782625436.371,81,6,3154,254.8
1782625436.572,81,6,3154,254.8
1782625436.772,81,6,3154,266.2
1782625436.973,81,6,3154,266.2
1782625437.173,81,6,3154,266.2
1782625437.374,81,6,3154,260.1
1782625437.574,81,6,3154,260.1
1782625437.775,81,6,3154,249.3
1782625437.975,81,6,3154,249.3
1782625438.176,81,6,3154,249.3
1782625438.376,0,0,3154,219.4
1782625438.577,0,0,3154,219.4
1782625438.777,0,0,3154,156.3
1782625438.978,0,0,3154,156.3
1782625439.178,0,0,3154,156.3
1782625439.379,0,0,3154,98.6
1782625439.579,0,0,3154,98.6
1782625439.780,0,0,3154,98.4
1782625439.980,0,0,3154,98.4
1782625440.181,0,0,3154,98.4
1782625440.381,64,4,3154,148.1
1782625440.582,64,4,3154,148.1
1782625440.782,64,4,3154,222.9
1782625440.983,64,4,3154,222.9
1782625441.183,64,4,3154,222.9
1782625441.386,73,5,3154,238.0
1782625441.586,73,5,3154,238.0
1782625441.787,73,5,3154,237.0
1782625441.987,73,5,3154,237.0
1782625442.187,73,5,3154,237.0
1782625442.388,68,5,3154,235.4
1782625442.588,68,5,3154,235.4
1782625442.788,68,5,3154,234.9
1782625442.989,68,5,3154,234.9
1782625443.189,68,5,3154,234.9
1782625443.390,80,6,3154,242.9
1782625443.590,80,6,3154,242.9
1782625443.791,80,6,3154,243.5
1782625443.991,80,6,3154,243.5
1782625444.191,80,6,3154,243.5
1782625444.392,81,6,3154,242.3
1782625444.592,81,6,3154,242.3
1782625444.793,81,6,3154,243.2
1782625444.993,81,6,3154,243.2
1782625445.194,81,6,3154,243.2
1782625445.394,80,6,3154,250.6
1782625445.594,80,6,3154,250.6
1782625445.795,80,6,3154,254.4
1782625445.995,80,6,3154,254.4
1782625446.196,80,6,3154,254.4
1782625446.396,67,4,3154,249.5
1782625446.597,67,4,3154,249.5
1782625446.797,67,4,3154,246.9
1782625446.998,67,4,3154,246.9
1782625447.198,67,4,3154,246.9
1782625447.399,76,5,3154,244.7
1782625447.599,76,5,3154,244.7
1782625447.799,76,5,3154,243.2
1782625448.000,76,5,3154,243.2
1782625448.200,76,5,3154,243.2
1782625448.401,87,6,3154,251.2
1782625448.601,87,6,3154,251.2
1782625448.802,87,6,3154,262.5
1782625449.002,87,6,3154,262.5
1782625449.203,87,6,3154,262.5
1782625449.403,88,6,3154,266.6
1782625449.604,88,6,3154,266.6
1782625449.804,88,6,3154,265.3
1782625450.005,88,6,3154,265.3
1782625450.205,88,6,3154,265.3
1782625450.406,88,6,3154,264.5
1782625450.606,88,6,3154,264.5
1782625450.807,88,6,3154,270.6
1782625451.007,88,6,3154,270.6
1782625451.208,88,6,3154,270.6
1782625451.408,83,6,3154,278.0
1782625451.609,83,6,3154,278.0
1782625451.809,83,6,3154,271.7
1782625452.010,83,6,3154,271.7
1782625452.210,83,6,3154,271.7
1782625452.411,0,0,3154,235.3
1782625452.612,0,0,3154,235.3
1782625452.812,0,0,3154,152.1
1782625453.013,0,0,3154,152.1
1782625453.213,0,0,3154,152.1
1782625453.414,0,0,3154,99.4
1782625453.614,0,0,3154,99.4
1782625453.815,0,0,3154,99.0
1782625454.015,0,0,3154,99.0
1782625454.216,0,0,3154,99.0
1782625454.416,68,5,3154,160.4
1782625454.617,68,5,3154,160.4
1782625454.817,68,5,3154,228.9
1782625455.018,68,5,3154,228.9
1782625455.218,68,5,3154,228.9
1782625455.419,65,4,3154,221.9
1782625455.619,65,4,3154,221.9
1782625455.819,65,4,3154,223.9
1782625456.020,65,4,3154,223.9
1782625456.220,65,4,3154,223.9
1782625456.421,68,4,3154,230.5
1782625456.621,68,4,3154,230.5
1782625456.822,68,4,3154,234.3
1782625457.022,68,4,3154,234.3
1782625457.223,68,4,3154,234.3
1782625457.423,67,5,3154,235.9
1782625457.624,67,5,3154,235.9
1782625457.824,67,5,3154,234.8
1782625458.024,67,5,3154,234.8
1782625458.225,67,5,3154,234.8
1782625458.425,68,5,3154,234.6
1782625458.626,68,5,3154,234.6
1782625458.826,68,5,3154,240.2
1782625459.027,68,5,3154,240.2
1782625459.227,68,5,3154,240.2
1782625459.428,69,5,3154,240.7
1782625459.628,69,5,3154,240.7
1782625459.828,69,5,3154,238.6
1782625460.029,69,5,3154,238.6
1782625460.229,69,5,3154,239.8
1782625460.430,68,5,3154,239.8
1782625460.630,68,5,3154,239.8
1782625460.831,68,5,3154,236.3
1782625461.031,68,5,3154,236.3
1782625461.232,76,5,3154,231.7
1782625461.432,76,5,3154,231.7
1782625461.633,76,5,3154,231.7
1782625461.833,76,5,3154,231.7
1782625462.034,76,5,3154,231.7
1782625462.234,86,6,3154,247.9
1782625462.435,86,6,3154,247.9
1782625462.635,86,6,3154,247.9
1782625462.835,86,6,3154,268.5
1782625463.036,86,6,3154,268.5
1782625463.237,83,6,3154,273.0
1782625463.437,83,6,3154,273.0
1782625463.638,83,6,3154,273.0
1782625463.838,83,6,3154,273.2
1782625464.039,83,6,3154,273.2
1782625464.239,89,6,3154,274.9
1782625464.439,89,6,3154,274.9
1782625464.640,89,6,3154,274.9
1782625464.840,89,6,3154,276.1
1782625465.041,89,6,3154,276.1
1782625465.241,89,6,3154,276.2
1782625465.442,89,6,3154,276.2
1782625465.642,89,6,3154,276.2
1782625465.843,89,6,3154,212.8
1782625466.043,89,6,3154,212.8
1782625466.244,0,0,3154,132.5
1782625466.444,0,0,3154,132.5
1782625466.645,0,0,3154,132.5
1782625466.846,0,0,3154,99.4
1782625467.046,0,0,3154,99.4
1782625467.247,79,4,3154,147.7
1782625467.447,79,4,3154,147.7
1782625467.648,79,4,3154,147.7
1782625467.848,79,4,3154,202.1
1782625468.048,79,4,3154,202.1
1782625468.248,67,4,3154,226.5
1782625468.449,67,4,3154,226.5
1782625468.649,67,4,3154,226.5
1782625468.850,67,4,3154,224.2
1782625469.050,67,4,3154,224.2
1782625469.251,70,4,3154,224.6
1782625469.451,70,4,3154,224.6
1782625469.652,70,4,3154,224.6
1782625469.852,70,4,3154,228.0
1782625470.053,70,4,3154,228.0
1782625470.253,73,4,3154,228.7
1782625470.454,73,4,3154,228.7
1782625470.654,73,4,3154,228.7
1782625470.855,73,4,3154,229.9
1782625471.055,73,4,3154,229.9
1782625471.255,73,4,3154,232.0
1782625471.456,73,4,3154,232.0
1782625471.656,73,4,3154,232.0
1782625471.857,73,4,3154,234.9
1782625472.057,73,4,3154,234.9
1782625472.258,76,5,3154,235.3
1782625472.458,76,5,3154,235.3
1782625472.658,76,5,3154,235.3
1782625472.859,76,5,3154,227.4
1782625473.059,76,5,3154,227.4
1782625473.260,63,4,3154,221.3
1782625473.460,63,4,3154,221.3
1782625473.661,63,4,3154,221.3
1782625473.861,63,4,3154,222.4
1782625474.062,63,4,3154,222.4
1782625474.262,76,4,3154,227.5
1782625474.463,76,4,3154,227.5
1782625474.663,76,4,3154,227.5
1782625474.864,76,4,3154,231.3
1782625475.064,76,4,3154,231.3
1782625475.264,70,4,3154,223.5
1782625475.465,70,4,3154,223.5
1782625475.665,70,4,3154,223.5
1782625475.866,70,4,3154,238.3
1782625476.066,70,4,3154,238.3
1782625476.267,90,6,3154,260.0
1782625476.468,90,6,3154,260.0
1782625476.668,90,6,3154,260.0
1782625476.869,90,6,3154,268.7
1782625477.069,90,6,3154,268.7
1782625477.270,89,6,3154,268.3
1782625477.471,89,6,3154,268.3
1782625477.671,89,6,3154,268.3
1782625477.872,89,6,3154,268.5
1782625478.072,89,6,3154,268.5
1782625478.273,0,0,3154,205.2
1782625478.474,0,0,3154,205.2
1782625478.674,0,0,3154,205.2
1782625478.875,0,0,3154,120.3
1782625479.075,0,0,3154,120.3
1782625479.276,0,0,3154,99.1
1782625479.476,0,0,3154,99.1
1782625479.677,0,0,3154,99.1
1782625479.877,0,0,3154,168.9
1782625480.078,0,0,3154,168.9
1782625480.278,84,5,3154,240.1
1782625480.479,84,5,3154,240.1
1782625480.679,84,5,3154,240.1
1782625480.880,84,5,3154,239.5
1782625481.080,84,5,3154,239.5
1782625481.281,86,5,3154,243.1
1782625481.481,86,5,3154,243.1
1782625481.681,86,5,3154,243.1
1782625481.882,86,5,3154,247.4
1782625482.082,86,5,3154,247.4
1782625482.283,79,4,3154,244.4
1782625482.483,79,4,3154,244.4
1782625482.684,79,4,3154,244.4
1782625482.884,79,4,3154,243.1
1782625483.085,79,4,3154,243.1
1782625483.285,87,5,3154,243.6
1782625483.486,87,5,3154,243.6
1782625483.686,87,5,3154,243.6
1782625483.886,87,5,3154,243.9
1782625484.087,87,5,3154,243.9
1782625484.287,85,5,3154,248.0
1782625484.488,85,5,3154,248.0
1782625484.688,85,5,3154,248.0
1782625484.889,85,5,3154,249.9
1782625485.089,85,5,3154,249.9
1782625485.290,88,5,3154,248.9
1782625485.490,88,5,3154,248.9
1782625485.691,88,5,3154,248.9
1782625485.891,88,5,3154,247.5
1782625486.094,88,5,3154,247.5
1782625486.294,88,5,3154,248.7
1782625486.495,88,5,3154,248.7
1782625486.695,88,5,3154,248.7
1782625486.895,88,5,3154,250.9
1782625487.096,88,5,3154,250.9
1782625487.296,84,5,3154,250.5
1782625487.497,84,5,3154,250.5
1782625487.697,84,5,3154,250.5
1782625487.897,84,5,3154,250.3
1782625488.098,84,5,3154,250.3
1782625488.299,0,0,3154,230.9
1782625488.499,0,0,3154,230.9
1782625488.700,0,0,3154,230.9
1782625488.900,0,0,3154,163.2
1782625489.101,0,0,3154,163.2
1782625489.301,0,0,3154,99.7
1782625489.502,0,0,3154,99.7
1782625489.703,0,0,3154,99.7
1782625489.903,0,0,3154,122.6
1782625490.103,0,0,3154,122.6
1782625490.304,69,5,3154,197.3
1782625490.504,69,5,3154,197.3
1782625490.705,69,5,3154,197.3
1782625490.905,69,5,3154,245.5
1782625491.106,69,5,3154,245.5
1782625491.306,86,7,3154,243.7
1782625491.507,86,7,3154,243.7
1782625491.707,86,7,3154,243.7
1782625491.908,86,7,3154,264.6
1782625492.108,86,7,3154,264.6
1782625492.309,81,6,3154,277.8
1782625492.509,81,6,3154,277.8
1782625492.710,81,6,3154,277.8
1782625492.910,81,6,3154,261.2
1782625493.111,81,6,3154,261.2
1782625493.312,80,6,3154,258.1
1782625493.512,80,6,3154,258.1
1782625493.713,80,6,3154,258.1
1782625493.913,80,6,3154,256.0
1782625494.113,80,6,3154,256.0
1782625494.314,78,5,3154,249.0
1782625494.514,78,5,3154,249.0
1782625494.715,78,5,3154,249.0
1782625494.915,78,5,3154,246.0
1782625495.116,78,5,3154,246.0
1782625495.316,77,6,3154,245.4
1782625495.517,77,6,3154,245.4
1782625495.717,77,6,3154,245.4
1782625495.918,77,6,3154,258.2
1782625496.118,77,6,3154,258.2
1782625496.319,74,5,3154,250.3
1782625496.519,74,5,3154,250.3
1782625496.719,74,5,3154,250.3
1782625496.920,74,5,3154,248.8
1782625497.120,74,5,3154,248.8
1782625497.321,75,6,3154,257.4
1782625497.521,75,6,3154,257.4
1782625497.722,75,6,3154,257.4
1782625497.922,75,6,3154,252.7
1782625498.123,75,6,3154,252.7
1782625498.323,74,6,3154,248.5
1782625498.524,74,6,3154,248.5
1782625498.724,74,6,3154,248.5
1782625498.924,74,6,3154,251.6
1782625499.125,74,6,3154,251.6
1782625499.325,68,5,3154,251.4
1782625499.526,68,5,3154,251.4
1782625499.726,68,5,3154,251.4
1782625499.926,68,5,3154,247.6
1782625500.127,68,5,3154,247.6
1782625500.327,78,5,3154,245.7
1782625500.528,78,5,3154,245.7
1782625500.728,78,5,3154,245.7
1782625500.929,78,5,3154,251.9
1782625501.129,78,5,3154,251.9
1782625501.329,78,5,3154,250.2
1782625501.530,78,5,3154,250.2
1782625501.730,78,5,3154,250.2
1782625501.931,78,5,3154,247.6
1782625502.131,78,5,3154,247.6
1782625502.332,80,6,3154,256.5
1782625502.532,80,6,3154,256.5
1782625502.733,80,6,3154,256.9
1782625502.933,80,6,3154,256.9
1782625503.134,80,6,3154,256.9
1782625503.334,0,0,3154,187.1
1782625503.535,0,0,3154,187.1
1782625503.735,0,0,3154,99.8
1782625503.936,0,0,3154,99.8
1782625504.137,0,0,3154,99.8
1782625504.337,0,0,3154,99.5
1782625504.538,0,0,3154,99.5
1782625504.738,0,0,3154,127.4
1782625504.938,0,0,3154,127.4
1782625505.139,0,0,3154,127.4
1782625505.339,67,5,3154,188.0
1782625505.540,67,5,3154,188.0
1782625505.740,67,5,3154,241.8
1782625505.941,67,5,3154,241.8
1782625506.143,67,5,3154,241.8
1782625506.343,72,5,3154,244.0
1782625506.544,72,5,3154,244.0
1782625506.744,72,5,3154,242.0
1782625506.945,72,5,3154,242.0
1782625507.145,72,5,3154,242.0
1782625507.345,71,5,3154,236.8
1782625507.546,71,5,3154,236.8
1782625507.746,71,5,3154,234.0
1782625507.947,71,5,3154,234.0
1782625508.147,71,5,3154,234.0
1782625508.347,67,5,3154,238.1
1782625508.548,67,5,3154,238.1
1782625508.748,67,5,3154,235.2
1782625508.949,67,5,3154,235.2
1782625509.149,67,5,3154,235.2
1782625509.350,71,5,3154,240.8
1782625509.550,71,5,3154,240.8
1782625509.751,71,5,3154,244.4
1782625509.951,71,5,3154,244.4
1782625510.151,71,5,3154,244.4
1782625510.352,69,5,3154,238.3
1782625510.552,69,5,3154,238.3
1782625510.755,69,5,3154,239.4
1782625510.955,69,5,3154,239.4
1782625511.155,69,5,3154,239.4
1782625511.356,66,5,3154,238.8
1782625511.556,66,5,3154,238.8
1782625511.757,66,5,3154,238.8
1782625511.957,66,5,3154,238.8
1782625512.158,66,5,3154,238.8
1782625512.358,78,6,3154,242.2
1782625512.559,78,6,3154,242.2
1782625512.759,78,6,3154,243.0
1782625512.959,78,6,3154,243.0
1782625513.160,78,6,3154,243.0
1782625513.360,75,5,3154,245.5
1782625513.561,75,5,3154,245.5
1782625513.762,75,5,3154,265.7
1782625513.962,75,5,3154,265.7
1782625514.163,75,5,3154,265.7
1782625514.363,85,6,3154,274.1
1782625514.564,85,6,3154,274.1
1782625514.764,85,6,3154,270.3
1782625514.965,85,6,3154,270.3
1782625515.165,85,6,3154,270.3
1782625515.366,77,5,3154,262.9
1782625515.566,77,5,3154,262.9
1782625515.766,77,5,3154,267.6
1782625515.967,77,5,3154,267.6
1782625516.167,77,5,3154,267.6
1782625516.368,77,5,3154,268.9
1782625516.568,77,5,3154,268.9
1782625516.768,77,5,3154,265.2
1782625516.969,77,5,3154,265.2
1782625517.169,77,5,3154,265.2
1782625517.370,0,0,3154,186.8
1782625517.570,0,0,3154,186.8
1782625517.771,0,0,3154,117.6
1782625517.971,0,0,3154,117.6
1782625518.172,0,0,3154,117.6
1782625518.372,0,0,3154,100.1
1782625518.573,0,0,3154,100.1
1782625518.773,0,0,3154,135.0
1782625518.973,0,0,3154,135.0
1782625519.174,0,0,3154,135.0
1782625519.374,58,4,3154,199.6
1782625519.574,58,4,3154,199.6
1782625519.775,58,4,3154,229.3
1782625519.975,58,4,3154,229.3
1782625520.176,58,4,3154,229.3
1782625520.376,71,5,3154,228.9
1782625520.577,71,5,3154,228.9
1782625520.777,71,5,3154,230.3
1782625520.977,71,5,3154,230.3
1782625521.178,71,5,3154,230.3
1782625521.378,65,4,3154,228.8
1782625521.579,65,4,3154,228.8
1782625521.779,65,4,3154,232.7
1782625521.980,65,4,3154,232.7
1782625522.180,65,4,3154,232.7
1782625522.381,58,4,3154,231.6
1782625522.581,58,4,3154,231.6
1782625522.782,58,4,3154,224.8
1782625522.982,58,4,3154,224.8
1782625523.182,58,4,3154,224.8
1782625523.383,70,5,3154,228.5
1782625523.583,70,5,3154,228.5
1782625523.784,70,5,3154,231.0
1782625523.984,70,5,3154,231.0
1782625524.185,70,5,3154,231.0
1782625524.385,72,5,3154,226.9
1782625524.586,72,5,3154,226.9
1782625524.786,72,5,3154,226.7
1782625524.986,72,5,3154,226.7
1782625525.187,72,5,3154,226.7
1782625525.387,75,5,3154,232.7
1782625525.588,75,5,3154,232.7
1782625525.788,75,5,3154,235.8
1782625525.988,75,5,3154,235.8
1782625526.189,75,5,3154,235.8
1782625526.389,69,5,3154,232.7
1782625526.590,69,5,3154,232.7
1782625526.790,69,5,3154,236.4
1782625526.991,69,5,3154,236.4
1782625527.191,69,5,3154,236.4
1782625527.392,86,6,3154,253.7
1782625527.592,86,6,3154,253.7
1782625527.793,86,6,3154,269.0
1782625527.993,86,6,3154,269.0
1782625528.194,86,6,3154,269.0
1782625528.394,88,6,3154,272.8
1782625528.595,88,6,3154,272.8
1782625528.796,88,6,3154,274.5
1782625528.996,88,6,3154,274.5
1782625529.197,88,6,3154,274.5
1782625529.397,86,6,3154,272.9
1782625529.598,86,6,3154,272.9
1782625529.798,86,6,3154,274.6
1782625529.999,86,6,3154,274.6
1782625530.199,86,6,3154,274.6
1782625530.400,0,0,3154,235.0
1782625530.600,0,0,3154,235.0
1782625530.801,0,0,3154,157.1
1782625531.002,0,0,3154,157.1
1782625531.202,0,0,3154,157.1
1782625531.403,0,0,3154,99.0
1782625531.603,0,0,3154,99.0
1782625531.804,0,0,3154,125.0
1782625532.004,0,0,3154,125.0
1782625532.205,0,0,3154,125.0
1782625532.405,68,4,3154,191.2
1782625532.606,68,4,3154,191.2
1782625532.806,68,4,3154,220.6
1782625533.007,68,4,3154,220.6
1782625533.207,68,4,3154,220.6
1782625533.408,60,4,3154,213.8
1782625533.608,60,4,3154,213.8
1782625533.808,60,4,3154,218.0
1782625534.009,60,4,3154,218.0
1782625534.209,60,4,3154,218.0
1782625534.409,74,4,3154,222.7
1782625534.610,74,4,3154,222.7
1782625534.810,74,4,3154,230.7
1782625535.011,74,4,3154,230.7
1782625535.211,74,4,3154,230.7
1782625535.412,68,4,3154,227.9
1782625535.612,68,4,3154,227.9
1782625535.812,68,4,3154,219.3
1782625536.013,68,4,3154,219.3
1782625536.214,68,4,3154,219.3
1782625536.414,68,4,3154,221.2
1782625536.614,68,4,3154,221.2
1782625536.815,68,4,3154,219.5
1782625537.015,68,4,3154,219.5
1782625537.216,68,4,3154,219.5
1782625537.416,57,3,3154,217.8
1782625537.617,57,3,3154,217.8
1782625537.817,57,3,3154,221.9
1782625538.018,57,3,3154,221.9
1782625538.219,57,3,3154,221.9
1782625538.419,69,4,3154,223.8
1782625538.620,69,4,3154,223.8
1782625538.820,69,4,3154,224.9
1782625539.020,69,4,3154,224.9
1782625539.221,69,4,3154,224.9
1782625539.421,71,4,3154,226.5
1782625539.622,71,4,3154,226.5
1782625539.822,71,4,3154,225.9
1782625540.023,71,4,3154,225.9
1782625540.223,71,4,3154,225.9
1782625540.423,71,4,3154,226.3
1782625540.624,71,4,3154,226.3
1782625540.824,71,4,3154,239.4
1782625541.025,71,4,3154,239.4
1782625541.225,71,4,3154,239.4
1782625541.426,89,6,3154,256.3
1782625541.626,89,6,3154,256.3
1782625541.827,89,6,3154,264.7
1782625542.027,89,6,3154,264.7
1782625542.228,89,6,3154,264.7
1782625542.429,89,6,3154,270.7
1782625542.629,89,6,3154,270.7
1782625542.830,89,6,3154,270.9
1782625543.030,89,6,3154,270.9
1782625543.231,89,6,3154,270.9
1782625543.431,0,0,3154,229.3
1782625543.632,0,0,3154,229.3
1782625543.833,0,0,3154,143.9
1782625544.033,0,0,3154,143.9
1782625544.234,0,0,3154,99.8
1782625544.434,0,0,3154,99.8
1782625544.635,0,0,3154,99.8
1782625544.835,0,0,3154,148.2
1782625545.036,0,0,3154,148.2
1782625545.236,83,5,3154,210.5
1782625545.437,83,5,3154,210.5
1782625545.637,83,5,3154,210.5
1782625545.838,83,5,3154,241.7
1782625546.038,83,5,3154,241.7
1782625546.239,80,4,3154,240.2
1782625546.439,80,4,3154,240.2
1782625546.640,80,4,3154,240.2
1782625546.840,80,4,3154,245.1
1782625547.040,80,4,3154,245.1
1782625547.241,87,5,3154,245.8
1782625547.441,87,5,3154,245.8
1782625547.641,87,5,3154,245.8
1782625547.842,87,5,3154,245.0
1782625548.042,87,5,3154,245.0
1782625548.243,84,5,3154,246.5
1782625548.443,84,5,3154,246.5
1782625548.644,84,5,3154,246.5
1782625548.844,84,5,3154,249.0
1782625549.045,84,5,3154,249.0
1782625549.245,87,5,3154,249.6
1782625549.446,87,5,3154,249.6
1782625549.646,87,5,3154,249.6
1782625549.846,87,5,3154,249.1
1782625550.047,87,5,3154,249.1
1782625550.247,84,5,3154,248.3
1782625550.448,84,5,3154,248.3
1782625550.648,84,5,3154,248.3
1782625550.849,84,5,3154,248.2
1782625551.049,84,5,3154,248.2
1782625551.250,88,5,3154,248.9
1782625551.450,88,5,3154,248.9
1782625551.651,88,5,3154,248.9
1782625551.851,88,5,3154,247.8
1782625552.052,88,5,3154,247.8
1782625552.252,85,5,3154,248.1
1782625552.453,85,5,3154,248.1
1782625552.653,85,5,3154,248.1
1782625552.853,85,5,3154,249.8
1782625553.054,85,5,3154,249.8
1782625553.255,0,0,3154,218.9
1782625553.455,0,0,3154,218.9
1782625553.656,0,0,3154,218.9
1782625553.856,0,0,3154,150.4
1782625554.056,0,0,3154,150.4
1782625554.257,0,0,3154,98.7
1782625554.457,0,0,3154,98.7
1782625554.658,0,0,3154,98.7
1782625554.858,0,0,3154,137.9
1782625555.059,0,0,3154,137.9
1782625555.259,77,5,3154,211.6
1782625555.460,77,5,3154,211.6
1782625555.660,77,5,3154,211.6
1782625555.861,77,5,3154,247.9
1782625556.061,77,5,3154,247.9
1782625556.261,70,5,3154,249.2
1782625556.462,70,5,3154,249.2
1782625556.662,70,5,3154,249.2
1782625556.863,70,5,3154,245.8
1782625557.063,70,5,3154,245.8
1782625557.264,83,6,3154,246.1
1782625557.464,83,6,3154,246.1
1782625557.665,83,6,3154,246.1
1782625557.865,83,6,3154,261.4
1782625558.066,83,6,3154,261.4
1782625558.266,71,5,3154,265.5
1782625558.466,71,5,3154,265.5
1782625558.667,71,5,3154,265.5
1782625558.867,71,5,3154,252.6
1782625559.068,71,5,3154,252.6
1782625559.268,76,5,3154,256.4
1782625559.469,76,5,3154,256.4
1782625559.669,76,5,3154,256.4
1782625559.869,76,5,3154,254.0
1782625560.070,76,5,3154,254.0
1782625560.270,65,4,3154,252.0
1782625560.471,65,4,3154,252.0
1782625560.671,65,4,3154,252.0
1782625560.872,65,4,3154,241.3
1782625561.072,65,4,3154,241.3
1782625561.272,78,6,3154,238.1
1782625561.473,78,6,3154,238.1
1782625561.673,78,6,3154,238.1
1782625561.874,78,6,3154,246.8
1782625562.074,78,6,3154,246.8
1782625562.275,72,5,3154,249.0
1782625562.475,72,5,3154,249.0
1782625562.676,72,5,3154,249.0
1782625562.876,72,5,3154,248.0
1782625563.076,72,5,3154,248.0
1782625563.277,77,6,3154,256.4
1782625563.477,77,6,3154,256.4
1782625563.677,77,6,3154,256.4
1782625563.878,77,6,3154,261.8
1782625564.078,77,6,3154,261.8
1782625564.279,79,6,3154,252.0
1782625564.479,79,6,3154,252.0
1782625564.680,79,6,3154,252.0
1782625564.880,79,6,3154,244.0
1782625565.080,79,6,3154,244.0
1782625565.281,68,5,3154,240.5
1782625565.481,68,5,3154,240.5
1782625565.682,68,5,3154,240.5
1782625565.882,68,5,3154,244.3
1782625566.083,68,5,3154,244.3
1782625566.283,79,6,3154,246.9
1782625566.484,79,6,3154,246.9
1782625566.684,79,6,3154,246.9
1782625566.885,79,6,3154,245.2
1782625567.085,79,6,3154,245.2
1782625567.286,82,6,3154,249.9
1782625567.486,82,6,3154,249.9
1782625567.686,82,6,3154,249.9
1782625567.887,82,6,3154,252.8
1782625568.087,82,6,3154,252.8
1782625568.288,48,3,3154,249.9
1782625568.489,48,3,3154,249.9
1782625568.689,48,3,3154,249.9
1782625568.890,48,3,3154,171.5
1782625569.090,48,3,3154,171.5
1782625569.291,0,0,3154,99.0
1782625569.492,0,0,3154,99.0
1782625569.692,0,0,3154,99.0
1782625569.893,0,0,3154,98.9
1782625570.093,0,0,3154,98.9
1782625570.294,88,5,3154,125.0
1782625570.494,88,5,3154,125.0
1782625570.695,88,5,3154,125.0
1782625570.895,88,5,3154,199.5
1782625571.096,88,5,3154,199.5
1782625571.296,67,5,3154,234.6
1782625571.497,67,5,3154,234.6
1782625571.697,67,5,3154,234.6
1782625571.897,67,5,3154,233.3
1782625572.101,67,5,3154,233.3
1782625572.302,80,6,3154,243.0
1782625572.502,80,6,3154,243.0
1782625572.703,80,6,3154,243.0
1782625572.903,80,6,3154,241.7
1782625573.103,80,6,3154,241.7
1782625573.304,73,5,3154,245.4
1782625573.504,73,5,3154,245.4
1782625573.705,73,5,3154,245.4
1782625573.905,73,5,3154,245.8
1782625574.106,73,5,3154,245.8
1782625574.306,66,5,3154,244.1
1782625574.506,66,5,3154,244.1
1782625574.707,66,5,3154,244.1
1782625574.907,66,5,3154,237.7
1782625575.108,66,5,3154,237.7
1782625575.308,81,6,3154,245.8
1782625575.509,81,6,3154,245.8
1782625575.709,81,6,3154,245.8
1782625575.910,81,6,3154,247.6
1782625576.110,81,6,3154,247.6
1782625576.311,76,5,3154,242.1
1782625576.511,76,5,3154,242.1
1782625576.711,76,5,3154,242.1
1782625576.912,76,5,3154,242.8
1782625577.112,76,5,3154,242.8
1782625577.313,74,5,3154,242.6
1782625577.513,74,5,3154,242.6
1782625577.714,74,5,3154,242.6
1782625577.914,74,5,3154,244.3
1782625578.114,74,5,3154,244.3
1782625578.315,83,6,3154,246.1
1782625578.515,83,6,3154,246.1
1782625578.716,83,6,3154,246.1
1782625578.916,83,6,3154,256.3
1782625579.117,83,6,3154,256.3
1782625579.317,80,6,3154,265.1
1782625579.517,80,6,3154,265.1
1782625579.718,80,6,3154,265.1
1782625579.918,80,6,3154,263.9
1782625580.119,80,6,3154,263.9
1782625580.319,85,6,3154,263.5
1782625580.520,85,6,3154,263.5
1782625580.720,85,6,3154,263.5
1782625580.921,85,6,3154,269.2
1782625581.121,85,6,3154,269.2
1782625581.322,86,6,3154,274.7
1782625581.522,86,6,3154,274.7
1782625581.723,86,6,3154,274.7
1782625581.923,86,6,3154,272.1
1782625582.124,86,6,3154,272.1
1782625582.324,86,6,3154,274.6
1782625582.525,86,6,3154,274.6
1782625582.725,86,6,3154,274.6
1782625582.926,86,6,3154,213.8
1782625583.126,86,6,3154,213.8
1782625583.327,0,0,3154,139.2
1782625583.528,0,0,3154,139.2
1782625583.728,0,0,3154,139.2
1782625583.929,0,0,3154,98.8
1782625584.129,0,0,3154,98.8
1782625584.330,88,5,3154,119.2
1782625584.530,88,5,3154,119.2
1782625584.731,88,5,3154,119.2
1782625584.931,88,5,3154,178.6
1782625585.132,88,5,3154,178.6
1782625585.332,62,4,3154,237.0
1782625585.532,62,4,3154,237.0
1782625585.733,62,4,3154,237.0
1782625585.933,62,4,3154,235.7
1782625586.134,62,4,3154,235.7
1782625586.334,68,5,3154,233.3
1782625586.534,68,5,3154,233.3
1782625586.735,68,5,3154,233.3
1782625586.935,68,5,3154,231.8
1782625587.136,68,5,3154,231.8
1782625587.336,67,4,3154,235.3
1782625587.536,67,4,3154,235.3
1782625587.737,67,4,3154,234.3
1782625587.937,67,4,3154,234.3
1782625588.138,67,4,3154,234.3
1782625588.338,72,5,3154,229.6
1782625588.539,72,5,3154,229.6
1782625588.739,72,5,3154,233.4
1782625588.940,72,5,3154,233.4
1782625589.140,72,5,3154,233.4
1782625589.341,69,5,3154,234.0
1782625589.541,69,5,3154,234.0
1782625589.741,69,5,3154,232.0
1782625589.942,69,5,3154,232.0
1782625590.142,69,5,3154,232.0
1782625590.343,72,5,3154,233.3
1782625590.543,72,5,3154,233.3
1782625590.744,72,5,3154,235.1
1782625590.944,72,5,3154,235.1
1782625591.144,72,5,3154,235.1
1782625591.345,66,5,3154,234.5
1782625591.545,66,5,3154,234.5
1782625591.746,66,5,3154,236.3
1782625591.946,66,5,3154,236.3
1782625592.146,66,5,3154,236.3
1782625592.347,69,5,3154,236.7
1782625592.547,69,5,3154,236.7
1782625592.748,69,5,3154,243.0
1782625592.948,69,5,3154,243.0
1782625593.149,69,5,3154,243.0
1782625593.349,81,5,3154,258.5
1782625593.550,81,5,3154,258.5
1782625593.750,81,5,3154,263.9
1782625593.951,81,5,3154,263.9
1782625594.152,81,5,3154,263.9
1782625594.352,85,6,3154,264.6
1782625594.553,85,6,3154,264.6
1782625594.753,85,6,3154,273.0
1782625594.954,85,6,3154,273.0
1782625595.154,85,6,3154,273.0
1782625595.355,85,6,3154,270.3
1782625595.555,85,6,3154,270.3
1782625595.756,85,6,3154,266.4
1782625595.956,85,6,3154,266.4
1782625596.157,85,6,3154,266.4
1782625596.357,0,0,3154,190.4
1782625596.558,0,0,3154,190.4
1782625596.758,0,0,3154,121.4
1782625596.959,0,0,3154,121.4
1782625597.159,0,0,3154,121.4
1782625597.360,0,0,3154,99.9
1782625597.560,0,0,3154,99.9
1782625597.760,0,0,3154,155.1
1782625597.961,0,0,3154,155.1
1782625598.161,0,0,3154,155.1
1782625598.361,71,4,3154,206.8
1782625598.562,71,4,3154,206.8
1782625598.762,71,4,3154,226.7
1782625598.963,71,4,3154,226.7
1782625599.163,71,4,3154,226.7
1782625599.363,85,5,3154,227.7
1782625599.564,85,5,3154,227.7
1782625599.764,85,5,3154,229.0
1782625599.965,85,5,3154,229.0
1782625600.165,85,5,3154,229.0
1782625600.365,74,5,3154,233.4
1782625600.566,74,5,3154,233.4
1782625600.766,74,5,3154,230.2
1782625600.967,74,5,3154,230.2
1782625601.167,74,5,3154,230.2
1782625601.368,76,5,3154,226.7
1782625601.568,76,5,3154,226.7
1782625601.769,76,5,3154,227.1
1782625601.969,76,5,3154,227.1
1782625602.170,76,5,3154,227.1
1782625602.370,66,4,3154,230.0
1782625602.571,66,4,3154,230.0
1782625602.771,66,4,3154,229.8
1782625602.971,66,4,3154,229.8
1782625603.172,66,4,3154,229.8
1782625603.372,63,4,3154,229.4
1782625603.573,63,4,3154,229.4
1782625603.773,63,4,3154,229.5
1782625603.974,63,4,3154,229.5
1782625604.174,63,4,3154,229.5
1782625604.375,70,4,3154,228.9
1782625604.575,70,4,3154,228.9
1782625604.776,70,4,3154,232.2
1782625604.976,70,4,3154,232.2
1782625605.177,70,4,3154,232.2
1782625605.377,78,5,3154,232.6
1782625605.577,78,5,3154,232.6
1782625605.778,78,5,3154,227.2
1782625605.978,78,5,3154,227.2
1782625606.179,78,5,3154,227.2
1782625606.379,78,5,3154,224.5
1782625606.580,78,5,3154,224.5
1782625606.780,78,5,3154,231.6
1782625606.981,78,5,3154,231.6
1782625607.181,78,5,3154,231.6
1782625607.381,89,6,3154,248.6
1782625607.582,89,6,3154,248.6
1782625607.783,89,6,3154,259.3
1782625607.983,89,6,3154,259.3
1782625608.184,89,6,3154,259.3
1782625608.384,90,6,3154,266.1
1782625608.585,90,6,3154,266.1
1782625608.785,90,6,3154,269.1
1782625608.986,90,6,3154,269.1
1782625609.187,90,6,3154,269.1
1782625609.387,0,0,3154,192.9
1782625609.588,0,0,3154,192.9
1782625609.788,0,0,3154,123.1
1782625609.989,0,0,3154,123.1
1782625610.189,0,0,3154,123.1
1782625610.390,48,3,3154,107.6
1782625610.591,48,3,3154,107.6
1782625610.791,48,3,3154,182.0
1782625610.991,48,3,3154,182.0
1782625611.192,48,3,3154,182.0
1782625611.392,86,5,3154,240.9
1782625611.593,86,5,3154,240.9
1782625611.793,86,5,3154,243.2
1782625611.994,86,5,3154,243.2
1782625612.194,86,5,3154,243.2
1782625612.395,78,4,3154,240.8
1782625612.595,78,4,3154,240.8
1782625612.796,78,4,3154,243.0
1782625612.996,78,4,3154,243.0
1782625613.196,78,4,3154,243.0
1782625613.397,84,5,3154,243.3
1782625613.597,84,5,3154,243.3
1782625613.798,84,5,3154,243.6
1782625613.998,84,5,3154,243.6
1782625614.199,84,5,3154,243.6
1782625614.399,82,5,3154,243.9
1782625614.600,82,5,3154,243.9
1782625614.800,82,5,3154,243.3
1782625615.001,82,5,3154,243.3
1782625615.201,82,5,3154,243.3
1782625615.402,77,4,3154,240.8
1782625615.602,77,4,3154,240.8
1782625615.803,77,4,3154,241.1
1782625616.003,77,4,3154,241.1
1782625616.204,77,4,3154,241.1
1782625616.404,81,5,3154,243.0
1782625616.604,81,5,3154,243.0
1782625616.805,81,5,3154,246.0
1782625617.005,81,5,3154,246.0
1782625617.206,81,5,3154,246.0
1782625617.406,83,5,3154,246.4
1782625617.607,83,5,3154,246.4
1782625617.807,83,5,3154,245.7
1782625618.008,83,5,3154,245.7
1782625618.208,83,5,3154,245.7
1782625618.408,72,4,3154,244.6
1782625618.609,72,4,3154,244.6
1782625618.809,72,4,3154,243.4
1782625619.010,72,4,3154,243.4
1782625619.210,72,4,3154,243.4
1782625619.411,86,5,3154,243.5
1782625619.611,86,5,3154,243.5
1782625619.812,86,5,3154,248.5
1782625620.012,86,5,3154,248.5
1782625620.213,86,5,3154,248.5
1782625620.413,87,5,3154,248.1
1782625620.614,87,5,3154,248.1
1782625620.814,87,5,3154,175.6
1782625621.014,87,5,3154,175.6
1782625621.215,87,5,3154,175.6
1782625621.416,0,0,3154,115.6
1782625621.616,0,0,3154,115.6
1782625621.817,0,0,3154,99.4
1782625622.017,0,0,3154,99.4
1782625622.217,0,0,3154,99.4
1782625622.418,78,5,3154,165.4
1782625622.618,78,5,3154,165.4
1782625622.819,78,5,3154,229.3
1782625623.019,78,5,3154,229.3
1782625623.219,78,5,3154,229.3
1782625623.420,78,5,3154,243.4
1782625623.620,78,5,3154,243.4
1782625623.821,78,5,3154,247.8
1782625624.021,78,5,3154,247.8
1782625624.221,78,5,3154,247.8
1782625624.422,69,4,3154,242.2
1782625624.622,69,4,3154,242.2
1782625624.823,69,4,3154,233.3
1782625625.023,69,4,3154,233.3
1782625625.223,69,4,3154,233.3
1782625625.424,58,4,3154,238.8
1782625625.624,58,4,3154,238.8
1782625625.825,58,4,3154,242.5
1782625626.025,58,4,3154,242.5
1782625626.225,58,4,3154,242.5
1782625626.426,77,5,3154,247.5
1782625626.626,77,5,3154,247.5
1782625626.827,77,5,3154,249.0
1782625627.027,77,5,3154,249.0
1782625627.228,77,5,3154,249.0
1782625627.428,76,5,3154,252.9
1782625627.629,76,5,3154,252.9
1782625627.829,76,5,3154,257.9
1782625628.029,76,5,3154,257.9
1782625628.230,76,5,3154,257.9
1782625628.430,76,5,3154,250.7
1782625628.631,76,5,3154,250.7
1782625628.831,76,5,3154,253.3
1782625629.031,76,5,3154,253.3
1782625629.232,76,5,3154,253.3
1782625629.432,74,5,3154,254.6
1782625629.633,74,5,3154,254.6
1782625629.833,74,5,3154,261.0
1782625630.034,74,5,3154,261.0
1782625630.234,74,5,3154,261.0
1782625630.435,86,6,3154,265.6
1782625630.635,86,6,3154,265.6
1782625630.836,86,6,3154,258.7
1782625631.036,86,6,3154,258.7
1782625631.236,86,6,3154,258.7
1782625631.437,79,6,3154,247.7
1782625631.637,79,6,3154,247.7
1782625631.838,79,6,3154,247.5
1782625632.038,79,6,3154,247.5
1782625632.239,79,6,3154,247.5
1782625632.439,76,6,3154,253.3
1782625632.640,76,6,3154,253.3
1782625632.840,76,6,3154,248.8
1782625633.041,76,6,3154,248.8
1782625633.241,73,5,3154,251.0
1782625633.441,73,5,3154,251.0
1782625633.642,73,5,3154,251.0
1782625633.842,73,5,3154,250.0
1782625634.043,73,5,3154,250.0
1782625634.243,82,6,3154,250.0
1782625634.444,82,6,3154,250.0
1782625634.644,82,6,3154,250.0
1782625634.845,82,6,3154,247.6
1782625635.045,82,6,3154,247.6
1782625635.246,57,4,3154,247.0
1782625635.446,57,4,3154,247.0
1782625635.647,57,4,3154,247.0
1782625635.847,57,4,3154,171.9
1782625636.048,57,4,3154,171.9
1782625636.248,0,0,3154,110.4
1782625636.449,0,0,3154,110.4
1782625636.649,0,0,3154,110.4
1782625636.850,0,0,3154,98.8
1782625637.051,0,0,3154,98.8
1782625637.251,88,5,3154,127.5
1782625637.452,88,5,3154,127.5
1782625637.652,88,5,3154,127.5
1782625637.852,88,5,3154,187.3
1782625638.053,88,5,3154,187.3
1782625638.253,64,4,3154,239.3
1782625638.454,64,4,3154,239.3
1782625638.654,64,4,3154,239.3
1782625638.855,64,4,3154,237.7
1782625639.055,64,4,3154,237.7
1782625639.256,65,4,3154,236.3
1782625639.456,65,4,3154,236.3
1782625639.656,65,4,3154,236.3
1782625639.857,65,4,3154,239.0
1782625640.057,65,4,3154,239.0
1782625640.258,77,5,3154,244.1
1782625640.458,77,5,3154,244.1
1782625640.659,77,5,3154,244.1
1782625640.859,77,5,3154,251.1
1782625641.059,77,5,3154,251.1
1782625641.260,79,6,3154,252.9
1782625641.460,79,6,3154,252.9
1782625641.661,79,6,3154,252.9
1782625641.861,79,6,3154,252.0
1782625642.061,79,6,3154,252.0
1782625642.263,75,5,3154,249.4
1782625642.463,75,5,3154,249.4
1782625642.663,75,5,3154,249.4
1782625642.864,75,5,3154,248.1
1782625643.064,75,5,3154,248.1
1782625643.265,70,5,3154,246.8
1782625643.465,70,5,3154,246.8
1782625643.666,70,5,3154,246.8
1782625643.866,70,5,3154,247.0
1782625644.067,70,5,3154,247.0
1782625644.267,77,6,3154,250.8
1782625644.467,77,6,3154,250.8
1782625644.668,77,6,3154,250.8
1782625644.868,77,6,3154,253.3
1782625645.069,77,6,3154,253.3
1782625645.269,75,6,3154,248.1
1782625645.470,75,6,3154,248.1
1782625645.670,75,6,3154,248.1
1782625645.870,75,6,3154,246.9
1782625646.071,75,6,3154,246.9
1782625646.271,76,6,3154,249.0
1782625646.472,76,6,3154,249.0
1782625646.672,76,6,3154,249.0
1782625646.873,76,6,3154,255.3
1782625647.073,76,6,3154,255.3
1782625647.274,73,5,3154,259.6
1782625647.474,73,5,3154,259.6
1782625647.674,73,5,3154,259.6
1782625647.875,73,5,3154,266.4
1782625648.075,73,5,3154,266.4
1782625648.276,84,6,3154,268.5
1782625648.477,84,6,3154,268.5
1782625648.677,84,6,3154,268.5
1782625648.878,84,6,3154,267.9
1782625649.078,84,6,3154,267.9
1782625649.279,88,6,3154,266.6
1782625649.479,88,6,3154,266.6
1782625649.680,88,6,3154,266.6
1782625649.880,88,6,3154,207.5
1782625650.081,88,6,3154,207.5
1782625650.282,0,0,3154,118.0
1782625650.482,0,0,3154,118.0
1782625650.683,0,0,3154,118.0
1782625650.883,0,0,3154,99.1
1782625651.084,0,0,3154,99.1
1782625651.284,88,5,3154,121.5
1782625651.485,88,5,3154,121.5
1782625651.685,88,5,3154,121.5
1782625651.886,88,5,3154,184.1
1782625652.086,88,5,3154,184.1
1782625652.287,64,4,3154,228.4
1782625652.487,64,4,3154,228.4
1782625652.687,64,4,3154,228.4
1782625652.888,64,4,3154,223.4
1782625653.088,64,4,3154,223.4
1782625653.289,73,5,3154,227.9
1782625653.489,73,5,3154,227.9
1782625653.690,73,5,3154,227.9
1782625653.890,73,5,3154,234.9
1782625654.091,73,5,3154,234.9
1782625654.291,77,5,3154,238.6
1782625654.492,77,5,3154,238.6
1782625654.692,77,5,3154,238.6
1782625654.892,77,5,3154,236.3
1782625655.093,77,5,3154,236.3
1782625655.293,76,5,3154,238.9
1782625655.494,76,5,3154,238.9
1782625655.694,76,5,3154,238.9
1782625655.894,76,5,3154,240.8
1782625656.095,76,5,3154,240.8
1782625656.295,73,5,3154,243.7
1782625656.496,73,5,3154,243.7
1782625656.696,73,5,3154,243.7
1782625656.897,73,5,3154,242.3
1782625657.097,73,5,3154,242.3
1782625657.297,65,4,3154,242.9
1782625657.498,65,4,3154,242.9
1782625657.698,65,4,3154,242.9
1782625657.899,65,4,3154,237.2
1782625658.099,65,4,3154,237.2
1782625658.300,72,5,3154,235.1
1782625658.500,72,5,3154,235.1
1782625658.701,72,5,3154,235.1
1782625658.901,72,5,3154,237.0
1782625659.102,72,5,3154,237.0
1782625659.302,63,4,3154,236.2
1782625659.503,63,4,3154,236.2
1782625659.703,63,4,3154,236.2
1782625659.904,63,4,3154,251.2
1782625660.104,63,4,3154,251.2
1782625660.305,88,6,3154,273.8
1782625660.505,88,6,3154,273.8
1782625660.706,88,6,3154,273.8
1782625660.906,88,6,3154,275.5
1782625661.107,88,6,3154,275.5
1782625661.307,85,6,3154,272.7
1782625661.508,85,6,3154,272.7
1782625661.708,85,6,3154,272.7
1782625661.908,85,6,3154,265.0
1782625662.109,85,6,3154,265.0
1782625662.309,88,6,3154,266.0
1782625662.510,88,6,3154,266.0
1782625662.711,88,6,3154,266.0
1782625662.911,88,6,3154,259.3
1782625663.112,88,6,3154,259.3
1782625663.312,0,0,3154,172.8
1782625663.513,0,0,3154,172.8
1782625663.713,0,0,3154,172.8
1782625663.914,0,0,3154,101.9
1782625664.114,0,0,3154,101.9
1782625664.315,16,1,3154,101.3
1782625664.515,16,1,3154,101.3
1782625664.716,16,1,3154,101.3
1782625664.916,16,1,3154,173.5
1782625665.117,16,1,3154,173.5
1782625665.317,69,4,3154,221.4
1782625665.518,69,4,3154,221.4
1782625665.718,69,4,3154,221.4
1782625665.919,69,4,3154,219.5
1782625666.119,69,4,3154,219.5
1782625666.320,70,4,3154,217.2
1782625666.520,70,4,3154,217.2
1782625666.720,70,4,3154,217.2
1782625666.921,70,4,3154,221.1
1782625667.121,70,4,3154,221.1
1782625667.322,59,4,3154,221.9
1782625667.522,59,4,3154,221.9
1782625667.723,59,4,3154,221.9
1782625667.923,59,4,3154,223.5
1782625668.124,59,4,3154,223.5
1782625668.324,63,4,3154,219.9
1782625668.525,63,4,3154,219.9
1782625668.725,63,4,3154,219.9
1782625668.925,63,4,3154,221.2
1782625669.126,63,4,3154,221.2
1782625669.326,65,4,3154,225.8
1782625669.527,65,4,3154,225.8
1782625669.727,65,4,3154,225.8
1782625669.928,65,4,3154,220.8
1782625670.128,65,4,3154,220.8
1782625670.329,58,3,3154,219.3
1782625670.529,58,3,3154,219.3
1782625670.730,58,3,3154,219.3
1782625670.930,58,3,3154,220.8
1782625671.130,58,3,3154,220.8
1782625671.331,77,5,3154,224.8
1782625671.531,77,5,3154,224.8
1782625671.732,77,5,3154,224.8
1782625671.932,77,5,3154,224.7
1782625672.133,77,5,3154,224.7
1782625672.333,70,4,3154,223.4
1782625672.534,70,4,3154,223.4
1782625672.734,70,4,3154,223.4
1782625672.935,70,4,3154,228.3
1782625673.135,70,4,3154,228.3
1782625673.336,89,6,3154,247.9
1782625673.536,89,6,3154,247.9
1782625673.737,89,6,3154,247.9
1782625673.937,89,6,3154,266.0
1782625674.138,89,6,3154,266.0
1782625674.338,90,6,3154,269.3
1782625674.539,90,6,3154,269.3
1782625674.739,90,6,3154,269.3
1782625674.940,90,6,3154,269.3
1782625675.140,90,6,3154,269.3
1782625675.341,90,6,3154,269.3
1782625675.542,90,6,3154,269.3
1782625675.742,90,6,3154,234.7
1782625675.943,90,6,3154,234.7
1782625676.143,90,6,3154,234.7
1782625676.344,0,0,3154,160.7
1782625676.545,0,0,3154,160.7
1782625676.745,0,0,3154,99.4
1782625676.946,0,0,3154,99.4
1782625677.146,0,0,3154,99.4
1782625677.347,88,5,3154,142.4
1782625677.547,88,5,3154,142.4
1782625677.748,88,5,3154,209.8
1782625677.948,88,5,3154,209.8
1782625678.149,88,5,3154,209.8
1782625678.349,83,5,3154,247.6
1782625678.550,83,5,3154,247.6
1782625678.750,83,5,3154,250.4
1782625678.951,83,5,3154,250.4
1782625679.151,83,5,3154,250.4
1782625679.351,84,5,3154,250.8
1782625679.552,84,5,3154,250.8
1782625679.752,84,5,3154,248.6
1782625679.953,84,5,3154,248.6
1782625680.153,84,5,3154,248.6
1782625680.354,83,5,3154,248.8
1782625680.554,83,5,3154,248.8
1782625680.755,83,5,3154,248.0
1782625680.955,83,5,3154,248.0
1782625681.156,83,5,3154,248.0
1782625681.356,85,5,3154,246.4
1782625681.556,85,5,3154,246.4
1782625681.757,85,5,3154,247.9
1782625681.957,85,5,3154,247.9
1782625682.158,85,5,3154,247.9
1782625682.358,83,5,3154,248.7
1782625682.559,83,5,3154,248.7
1782625682.759,83,5,3154,245.1
1782625682.960,83,5,3154,245.1
1782625683.160,83,5,3154,245.1
1782625683.361,85,5,3154,244.9
1782625683.561,85,5,3154,244.9
1782625683.762,85,5,3154,244.8
1782625683.962,85,5,3154,244.8
1782625684.163,85,5,3154,244.8
1782625684.363,83,5,3154,247.3
1782625684.563,83,5,3154,247.3
1782625684.764,83,5,3154,246.9
1782625684.964,83,5,3154,246.9
1782625685.165,83,5,3154,246.9
1782625685.365,87,5,3154,246.6
1782625685.566,87,5,3154,246.6
1782625685.766,87,5,3154,247.4
1782625685.967,87,5,3154,247.4
1782625686.167,87,5,3154,247.4
1782625686.368,86,5,3154,248.2
1782625686.568,86,5,3154,248.2
1782625686.768,86,5,3154,251.7
1782625686.969,86,5,3154,251.7
1782625687.169,86,5,3154,251.7
1782625687.370,0,0,3154,219.2
1782625687.570,0,0,3154,219.2
1782625687.771,0,0,3154,142.3
1782625687.971,0,0,3154,142.3
1782625688.172,0,0,3154,142.3
1782625688.373,0,0,3154,100.1
1782625688.573,0,0,3154,100.1
1782625688.773,0,0,3154,136.5
1782625688.974,0,0,3154,136.5
1782625689.174,0,0,3154,136.5
1782625689.375,78,6,3154,208.9
1782625689.575,78,6,3154,208.9
1782625689.776,78,6,3154,246.5
1782625689.976,78,6,3166,246.5
1782625690.177,78,6,3166,246.5
1782625690.377,69,5,3166,243.9
1782625690.578,69,5,3166,243.9
1782625690.778,69,5,3166,237.4
1782625690.979,69,5,3166,237.4
1782625691.179,69,5,3166,237.4
1782625691.379,81,6,3166,242.6
1782625691.580,81,6,3166,242.6
1782625691.780,81,6,3166,249.1
1782625691.981,81,6,3166,249.1
1782625692.181,81,6,3166,249.1
1782625692.382,69,4,3166,246.5
1782625692.582,69,4,3166,246.5
1782625692.783,69,4,3166,241.1
1782625692.983,69,4,3166,241.1
1782625693.183,69,4,3166,241.1
1782625693.384,66,4,3166,246.1
1782625693.584,66,4,3166,246.1
1782625693.785,66,4,3166,249.6
1782625693.985,66,4,3166,249.6
1782625694.186,66,4,3166,249.6
1782625694.386,69,5,3166,243.2
1782625694.586,69,5,3166,243.2
1782625694.787,69,5,3166,244.9
1782625694.987,69,5,3166,244.9
1782625695.188,69,5,3166,244.9
1782625695.388,82,6,3166,251.4
1782625695.588,82,6,3166,251.4
1782625695.789,82,6,3166,245.5
1782625695.989,82,6,3166,245.5
1782625696.190,82,6,3166,245.5
1782625696.390,70,4,3166,244.1
1782625696.591,70,4,3166,244.1
1782625696.791,70,4,3166,241.7
1782625696.992,70,4,3166,241.7
1782625697.192,70,4,3166,241.7
1782625697.392,59,4,3166,236.8
1782625697.593,59,4,3166,236.8
1782625697.793,59,4,3166,245.6
1782625697.994,59,4,3166,245.6
1782625698.194,59,4,3166,245.6
1782625698.395,63,4,3166,241.5
1782625698.595,63,4,3166,241.5
1782625698.796,63,4,3166,242.0
1782625698.996,63,4,3166,242.0
1782625699.197,63,4,3166,242.0
1782625699.397,72,5,3166,244.8
1782625699.598,72,5,3166,244.8
1782625699.798,72,5,3166,247.8
1782625699.999,72,5,3166,247.8
1782625700.199,72,5,3166,247.8
1782625700.399,72,5,3166,251.9
1782625700.600,72,5,3166,251.9
1782625700.800,72,5,3166,250.8
1782625701.001,72,5,3166,250.8
1782625701.201,72,5,3166,250.8
1782625701.402,69,5,3166,243.8
1782625701.602,69,5,3166,243.8
1782625701.803,69,5,3166,252.7
1782625702.003,69,5,3166,252.7
1782625702.204,69,5,3166,252.7
1782625702.404,0,0,3166,227.2
1782625702.605,0,0,3166,227.2
1782625702.806,0,0,3166,155.8
1782625703.006,0,0,3166,155.8
1782625703.207,0,0,3166,155.8
1782625703.407,0,0,3166,100.8
1782625703.608,0,0,3166,100.8
1782625703.808,0,0,3166,100.4
1782625704.009,0,0,3166,100.4
1782625704.209,0,0,3166,100.4
1782625704.410,75,5,3166,153.8
1782625704.610,75,5,3166,153.8
1782625704.811,75,5,3166,232.6
1782625705.011,75,5,3166,232.6
1782625705.212,75,5,3166,232.6
1782625705.412,77,5,3166,243.7
1782625705.613,77,5,3166,243.7
1782625705.813,77,5,3166,239.8
1782625706.013,77,5,3166,239.8
1782625706.214,77,5,3166,239.8
1782625706.414,66,4,3166,243.1
1782625706.615,66,4,3166,243.1
1782625706.815,66,4,3166,241.8
1782625707.026,66,4,3166,241.8
1782625707.226,66,4,3166,241.8
1782625707.426,63,4,3166,238.7
1782625707.627,63,4,3166,238.7
1782625707.827,63,4,3166,237.6
1782625708.028,63,4,3166,237.6
1782625708.228,63,4,3166,237.6
1782625708.429,70,5,3166,241.0
1782625708.629,70,5,3166,241.0
1782625708.830,70,5,3166,243.6
1782625709.030,70,5,3166,243.6
1782625709.230,70,5,3166,243.6
1782625709.431,69,5,3166,237.8
1782625709.631,69,5,3166,237.8
1782625709.832,69,5,3166,237.3
1782625710.032,69,5,3166,237.3
1782625710.232,69,5,3166,237.3
1782625710.433,67,4,3166,243.5
1782625710.633,67,4,3166,243.5
1782625710.834,67,4,3166,246.6
1782625711.034,67,4,3166,246.6
1782625711.235,67,4,3166,246.6
1782625711.435,68,4,3166,243.3
1782625711.636,68,4,3166,243.3
1782625711.836,68,4,3166,234.7
1782625712.037,68,4,3166,234.7
1782625712.237,68,4,3166,234.7
1782625712.437,85,6,3166,236.5
1782625712.638,85,6,3166,236.5
1782625712.838,85,6,3166,253.8
1782625713.039,85,6,3166,253.8
1782625713.239,85,6,3166,253.8
1782625713.440,70,5,3166,265.0
1782625713.640,70,5,3166,265.0
1782625713.841,70,5,3166,265.9
1782625714.041,70,5,3166,265.9
1782625714.242,70,5,3166,265.9
1782625714.442,86,7,3166,269.5
1782625714.642,86,7,3166,269.5
1782625714.843,86,7,3166,265.6
1782625715.043,86,7,3166,265.6
1782625715.244,86,7,3166,265.6
1782625715.444,76,5,3166,259.6
1782625715.645,76,5,3166,259.6
1782625715.845,76,5,3166,260.7
1782625716.046,76,5,3166,260.7
1782625716.246,89,6,3166,263.7
1782625716.447,89,6,3166,263.7
1782625716.647,89,6,3166,263.7
1782625716.848,89,6,3166,199.1
1782625717.049,89,6,3166,199.1
1782625717.249,0,0,3166,109.3
1782625717.450,0,0,3166,109.3
1782625717.650,0,0,3166,109.3
1782625717.851,0,0,3166,99.8
1782625718.051,0,0,3166,99.8
1782625718.252,88,5,3166,129.4
1782625718.452,88,5,3166,129.4
1782625718.653,88,5,3166,129.4
1782625718.853,88,5,3166,190.0
1782625719.054,88,5,3166,190.0
1782625719.254,74,5,3166,236.4
1782625719.455,74,5,3166,236.4
1782625719.655,74,5,3166,236.4
1782625719.855,74,5,3166,234.5
1782625720.056,74,5,3166,234.5
1782625720.256,72,5,3166,234.4
1782625720.456,72,5,3166,234.4
1782625720.657,72,5,3166,234.4
1782625720.857,72,5,3166,238.0
1782625721.058,72,5,3166,238.0
1782625721.258,66,4,3166,234.0
1782625721.459,66,4,3166,234.0
1782625721.659,66,4,3166,234.0
1782625721.859,66,4,3166,232.7
1782625722.060,66,4,3166,232.7
1782625722.260,73,5,3166,235.6
1782625722.463,73,5,3166,235.6
1782625722.663,73,5,3166,235.6
1782625722.864,73,5,3166,236.1
1782625723.064,73,5,3166,236.1
1782625723.265,72,5,3166,236.2
1782625723.465,72,5,3166,236.2
1782625723.666,72,5,3166,236.2
1782625723.866,72,5,3166,238.8
1782625724.067,72,5,3166,238.8
1782625724.267,66,4,3166,238.3
1782625724.467,66,4,3166,238.3
1782625724.668,66,4,3166,238.3
1782625724.868,66,4,3166,236.8
1782625725.069,66,4,3166,236.8
1782625725.269,75,5,3166,241.0
1782625725.470,75,5,3166,241.0
1782625725.670,75,5,3166,241.0
1782625725.870,75,5,3166,238.7
1782625726.071,75,5,3166,238.7
1782625726.271,67,5,3166,236.6
1782625726.472,67,5,3166,236.6
1782625726.672,67,5,3166,236.6
1782625726.873,67,5,3166,244.2
1782625727.073,67,5,3166,244.2
1782625727.274,75,5,3166,253.9
1782625727.474,75,5,3166,253.9
1782625727.674,75,5,3166,253.9
1782625727.875,75,5,3166,255.0
1782625728.075,75,5,3166,255.0
1782625728.276,74,5,3166,253.8
1782625728.476,74,5,3166,253.8
1782625728.677,74,5,3166,253.8
1782625728.877,74,5,3166,258.9
1782625729.077,74,5,3166,258.9
1782625729.278,91,6,3166,265.1
1782625729.478,91,6,3166,265.1
1782625729.679,91,6,3166,265.1
1782625729.879,91,6,3166,275.2
1782625730.080,91,6,3166,275.2
1782625730.280,0,0,3166,225.4
1782625730.481,0,0,3166,225.4
1782625730.681,0,0,3166,225.4
1782625730.882,0,0,3166,130.3
1782625731.082,0,0,3166,130.3
1782625731.283,0,0,3166,99.4
1782625731.483,0,0,3166,99.4
1782625731.684,0,0,3166,99.4
1782625731.884,0,0,3166,134.4
1782625732.085,0,0,3166,134.4
1782625732.285,60,4,3166,198.1
1782625732.486,60,4,3166,198.1
1782625732.686,60,4,3166,198.1
1782625732.886,60,4,3166,221.0
1782625733.087,60,4,3166,221.0
1782625733.287,72,4,3166,223.2
1782625733.488,72,4,3166,223.2
1782625733.688,72,4,3166,223.2
1782625733.889,72,4,3166,226.2
1782625734.089,72,4,3166,226.2
1782625734.290,69,4,3166,221.2
1782625734.490,69,4,3166,221.2
1782625734.690,69,4,3166,221.2
1782625734.891,69,4,3166,220.9
1782625735.091,69,4,3166,220.9
1782625735.292,63,4,3166,228.1
1782625735.492,63,4,3166,228.1
1782625735.693,63,4,3166,228.1
1782625735.893,63,4,3166,227.3
1782625736.094,63,4,3166,227.3
1782625736.294,57,4,3166,223.2
1782625736.494,57,4,3166,223.2
1782625736.695,57,4,3166,223.2
1782625736.895,57,4,3166,218.7
1782625737.096,57,4,3166,218.7
1782625737.296,72,5,3166,220.9
1782625737.497,72,5,3166,220.9
1782625737.697,72,5,3166,220.9
1782625737.898,72,5,3166,227.6
1782625738.098,72,5,3166,227.6
1782625738.298,76,5,3166,227.7
1782625738.499,76,5,3166,227.7
1782625738.699,76,5,3166,227.7
1782625738.900,76,5,3166,227.0
1782625739.100,76,5,3166,227.0
1782625739.301,75,5,3166,228.6
1782625739.501,75,5,3166,228.6
1782625739.702,75,5,3166,228.6
1782625739.902,75,5,3166,232.1
1782625740.103,75,5,3166,232.1
1782625740.303,73,5,3166,235.8
1782625740.503,73,5,3166,235.8
1782625740.704,73,5,3166,235.8
1782625740.904,73,5,3166,245.3
1782625741.105,73,5,3166,245.3
1782625741.305,85,5,3166,252.0
1782625741.506,85,5,3166,252.0
1782625741.706,85,5,3166,252.0
1782625741.907,85,5,3166,249.9
1782625742.107,85,5,3166,249.9
1782625742.307,76,5,3166,252.6
1782625742.508,76,5,3166,252.6
1782625742.709,76,5,3166,252.6
1782625742.909,76,5,3166,260.7
1782625743.110,76,5,3166,260.7
1782625743.310,0,0,3166,236.2
1782625743.511,0,0,3166,236.2
1782625743.711,0,0,3166,236.2
1782625743.912,0,0,3166,162.1
1782625744.113,0,0,3166,162.1
1782625744.313,0,0,3166,98.8
1782625744.514,0,0,3166,98.8
1782625744.714,0,0,3166,98.8
1782625744.915,0,0,3166,137.5
1782625745.115,0,0,3166,137.5
1782625745.316,85,5,3166,203.8
1782625745.516,85,5,3166,203.8
1782625745.717,85,5,3166,203.8
1782625745.917,85,5,3166,242.4
1782625746.117,85,5,3166,242.4
1782625746.318,84,5,3166,243.2
1782625746.518,84,5,3166,243.2
1782625746.719,84,5,3166,243.2
1782625746.919,84,5,3166,244.8
1782625747.120,84,5,3166,244.8
1782625747.320,88,5,3166,245.0
1782625747.520,88,5,3166,245.0
1782625747.721,88,5,3166,245.0
1782625747.921,88,5,3166,246.5
1782625748.122,88,5,3166,246.5
1782625748.322,85,5,3166,248.3
1782625748.523,85,5,3166,248.3
1782625748.723,85,5,3166,248.3
1782625748.924,85,5,3166,246.9
1782625749.124,85,5,3166,246.9
1782625749.325,81,5,3166,247.0
1782625749.525,81,5,3166,247.0
1782625749.726,81,5,3166,247.0
1782625749.926,81,5,3166,246.2
1782625750.127,81,5,3166,246.2
1782625750.327,81,5,3166,242.1
1782625750.527,81,5,3166,242.1
1782625750.728,81,5,3166,242.1
1782625750.928,81,5,3166,242.4
1782625751.128,81,5,3166,242.4
1782625751.329,86,5,3166,245.9
1782625751.530,86,5,3166,245.9
1782625751.730,86,5,3166,245.9
1782625751.930,86,5,3166,245.4
1782625752.131,86,5,3166,245.4
1782625752.331,84,5,3166,244.6
1782625752.532,84,5,3166,244.6
1782625752.732,84,5,3166,244.6
1782625752.933,84,5,3166,246.1
1782625753.133,84,5,3166,246.1
1782625753.334,82,5,3166,247.4
1782625753.534,82,5,3166,247.4
1782625753.734,82,5,3166,247.4
1782625753.935,82,5,3166,247.1
1782625754.135,82,5,3166,247.1
1782625754.336,85,5,3166,248.3
1782625754.536,85,5,3166,248.3
1782625754.736,85,5,3166,248.3
1782625754.937,85,5,3166,223.1
1782625755.137,85,5,3166,223.1
1782625755.338,0,0,3166,157.4
1782625755.538,0,0,3166,157.4
1782625755.739,0,0,3166,157.4
1782625755.940,0,0,3166,99.7
1782625756.140,0,0,3166,99.7
1782625756.341,88,5,3166,127.1
1782625756.541,88,5,3166,127.1
1782625756.742,88,5,3166,127.1
1782625756.942,88,5,3166,197.7
1782625757.142,88,5,3166,197.7
1782625757.343,72,5,3166,243.4
1782625757.543,72,5,3166,243.4
1782625757.744,72,5,3166,243.4
1782625757.944,72,5,3166,246.4
1782625758.144,72,5,3166,246.4
1782625758.345,88,7,3166,250.5
1782625758.545,88,7,3166,250.5
1782625758.746,88,7,3166,250.5
1782625758.946,88,7,3166,249.6
1782625759.147,88,7,3166,249.6
1782625759.347,81,6,3166,250.8
1782625759.548,81,6,3166,250.8
1782625759.748,81,6,3166,249.3
1782625759.948,81,6,3166,249.3
1782625760.149,81,6,3166,249.3
1782625760.349,73,5,3166,242.5
1782625760.550,73,5,3166,242.5
1782625760.750,73,5,3166,237.7
1782625760.951,73,5,3166,237.7
1782625761.151,73,5,3166,237.7
1782625761.352,90,7,3166,241.8
1782625761.552,90,7,3166,241.8
1782625761.753,90,7,3166,249.3
1782625761.953,90,7,3166,249.3
1782625762.153,90,7,3166,249.3
1782625762.354,83,6,3166,254.8
1782625762.554,83,6,3166,254.8
1782625762.755,83,6,3166,264.6
1782625762.955,83,6,3166,264.6
1782625763.156,83,6,3166,264.6
1782625763.356,82,6,3166,265.1
1782625763.557,82,6,3166,265.1
1782625763.757,82,6,3166,256.6
1782625763.958,82,6,3166,256.6
1782625764.158,82,6,3166,256.6
1782625764.358,73,5,3166,252.5
1782625764.559,73,5,3166,252.5
1782625764.759,73,5,3166,257.2
1782625764.960,73,5,3166,257.2
1782625765.160,73,5,3166,257.2
1782625765.361,73,5,3166,251.9
1782625765.561,73,5,3166,251.9
1782625765.762,73,5,3166,249.4
1782625765.962,73,5,3166,249.4
1782625766.163,73,5,3166,249.4
1782625766.363,69,5,3166,244.0
1782625766.564,69,5,3166,244.0
1782625766.764,69,5,3166,249.2
1782625766.964,69,5,3166,249.2
1782625767.165,69,5,3166,249.2
1782625767.365,75,5,3166,251.7
1782625767.566,75,5,3166,251.7
1782625767.766,75,5,3166,253.6
1782625767.967,75,5,3166,253.6
1782625768.167,75,5,3166,253.6
1782625768.368,79,6,3166,258.1
1782625768.568,79,6,3166,258.1
1782625768.769,79,6,3166,256.3
1782625768.969,79,6,3166,256.3
1782625769.169,79,6,3166,256.3
1782625769.370,89,6,3166,252.2
1782625769.570,89,6,3166,252.2
1782625769.771,89,6,3166,196.2
1782625769.971,89,6,3166,196.2
1782625770.172,89,6,3166,196.2
1782625770.372,0,0,3166,126.7
1782625770.573,0,0,3166,126.7
1782625770.773,0,0,3166,100.8
1782625770.974,0,0,3166,100.8
1782625771.174,0,0,3166,100.8
1782625771.375,72,4,3166,110.9
1782625771.575,72,4,3166,110.9
1782625771.775,72,4,3166,182.4
1782625771.976,72,4,3166,182.4
1782625772.176,72,4,3166,182.4
1782625772.377,67,5,3166,243.1
1782625772.577,67,5,3166,243.1
1782625772.778,67,5,3166,240.7
1782625772.978,67,5,3166,240.7
1782625773.179,67,5,3166,240.7
1782625773.379,68,4,3166,236.4
1782625773.580,68,4,3166,236.4
1782625773.780,68,4,3166,232.4
1782625773.980,68,4,3166,232.4
1782625774.181,68,4,3166,232.4
1782625774.381,71,5,3166,242.9
1782625774.582,71,5,3166,242.9
1782625774.782,71,5,3166,247.2
1782625774.983,71,5,3166,247.2
1782625775.183,71,5,3166,247.2
1782625775.384,68,5,3166,240.6
1782625775.584,68,5,3166,240.6
1782625775.785,68,5,3166,241.7
1782625775.985,68,5,3166,241.7
1782625776.185,68,5,3166,241.7
1782625776.386,72,5,3166,245.1
1782625776.586,72,5,3166,245.1
1782625776.786,72,5,3166,245.6
1782625776.987,72,5,3166,245.6
1782625777.187,72,5,3166,245.6
1782625777.388,75,5,3166,248.5
1782625777.588,75,5,3166,248.5
1782625777.789,75,5,3166,246.5
1782625777.989,75,5,3166,246.5
1782625778.189,75,5,3166,246.5
1782625778.390,79,6,3166,248.0
1782625778.590,79,6,3166,248.0
1782625778.791,79,6,3166,247.7
1782625778.991,79,6,3166,247.7
1782625779.192,79,6,3166,247.7
1782625779.392,74,5,3166,245.0
1782625779.592,74,5,3166,245.0
1782625779.793,74,5,3166,252.2
1782625779.993,74,5,3166,252.2
1782625780.194,74,5,3166,252.2
1782625780.394,82,6,3166,260.1
1782625780.595,82,6,3166,260.1
1782625780.796,82,6,3166,260.3
1782625780.996,82,6,3166,260.3
1782625781.197,82,6,3166,260.3
1782625781.397,74,5,3166,267.7
1782625781.598,74,5,3166,267.7
1782625781.798,74,5,3166,277.6
1782625781.998,74,5,3166,277.6
1782625782.199,74,5,3166,277.6
1782625782.399,87,6,3166,273.0
1782625782.600,87,6,3166,273.0
1782625782.800,87,6,3166,264.9
1782625783.001,87,6,3166,264.9
1782625783.201,87,6,3166,264.9
1782625783.402,81,6,3166,267.6
1782625783.602,81,6,3166,267.6
1782625783.803,81,6,3166,211.5
1782625784.003,81,6,3166,211.5
1782625784.204,81,6,3166,211.5
1782625784.404,0,0,3166,123.3
1782625784.605,0,0,3166,123.3
1782625784.805,0,0,3166,99.6
1782625785.006,0,0,3166,99.6
1782625785.206,0,0,3166,99.6
1782625785.407,88,5,3166,119.8
1782625785.607,88,5,3166,119.8
1782625785.808,88,5,3166,188.4
1782625786.008,88,5,3166,188.4
1782625786.209,88,5,3166,188.4
1782625786.409,66,4,3166,233.7
1782625786.609,66,4,3166,233.7
1782625786.810,66,4,3166,231.1
1782625787.010,66,4,3166,231.1
1782625787.211,66,4,3166,231.1
1782625787.411,70,5,3166,233.7
1782625787.612,70,5,3166,233.7
1782625787.812,70,5,3166,232.4
1782625788.013,70,5,3166,232.4
1782625788.213,70,5,3166,232.4
1782625788.413,69,5,3166,229.7
1782625788.614,69,5,3166,229.7
1782625788.814,69,5,3166,229.9
1782625789.015,69,5,3166,229.9
1782625789.215,69,5,3166,229.9
1782625789.415,64,4,3166,230.7
1782625789.616,64,4,3166,230.7
1782625789.816,64,4,3166,226.2
1782625790.017,64,4,3166,226.2
1782625790.217,64,4,3166,226.2
1782625790.417,55,4,3166,222.3
1782625790.618,55,4,3166,222.3
1782625790.818,55,4,3166,226.2
1782625791.019,55,4,3166,226.2
1782625791.219,55,4,3166,226.2
1782625791.420,66,5,3166,229.6
1782625791.620,66,5,3166,229.6
1782625791.820,66,5,3166,231.6
1782625792.021,66,5,3166,231.6
1782625792.221,66,5,3166,231.6
1782625792.422,76,5,3166,235.7
1782625792.622,76,5,3166,235.7
1782625792.823,76,5,3166,239.1
1782625793.023,76,5,3166,239.1
1782625793.223,76,5,3166,239.1
1782625793.424,64,4,3166,238.1
1782625793.624,64,4,3166,238.1
1782625793.825,64,4,3166,235.6
1782625794.025,64,4,3166,235.6
1782625794.226,64,4,3166,235.6
1782625794.426,79,5,3166,253.0
1782625794.627,79,5,3166,253.0
1782625794.827,79,5,3166,265.6
1782625795.028,79,5,3166,265.6
1782625795.228,79,5,3166,265.6
1782625795.429,83,6,3166,255.8
1782625795.629,83,6,3166,255.8
1782625795.830,83,6,3166,261.0
1782625796.030,83,6,3166,261.0
1782625796.230,83,6,3166,261.0
1782625796.431,74,5,3166,271.1
1782625796.631,74,5,3166,271.1
1782625796.832,74,5,3166,269.1
1782625797.032,74,5,3166,269.1
1782625797.233,74,5,3166,269.1
1782625797.433,0,0,3166,241.9
1782625797.634,0,0,3166,241.9
1782625797.835,0,0,3166,156.4
1782625798.035,0,0,3166,156.4
1782625798.236,0,0,3166,156.4
1782625798.436,0,0,3166,98.9
1782625798.637,0,0,3166,98.9
1782625798.838,0,0,3166,110.8
1782625799.038,0,0,3166,110.8
1782625799.239,0,0,3166,110.8
1782625799.439,76,5,3166,173.7
1782625799.639,76,5,3166,173.7
1782625799.840,76,5,3166,233.3
1782625800.040,76,5,3166,233.3
1782625800.241,76,5,3166,233.3
1782625800.441,68,4,3166,231.7
1782625800.641,68,4,3166,231.7
1782625800.842,68,4,3166,232.5
1782625801.042,68,4,3166,232.5
1782625801.243,68,4,3166,232.5
1782625801.443,74,5,3166,233.1
1782625801.644,74,5,3166,233.1
1782625801.844,74,5,3166,233.2
1782625802.044,74,5,3166,233.2
1782625802.245,74,5,3166,233.2
1782625802.445,73,5,3166,230.6
1782625802.646,73,5,3166,230.6
1782625802.846,73,5,3166,227.2
1782625803.047,73,5,3166,227.2
1782625803.247,73,5,3166,227.2
1782625803.448,69,4,3166,226.4
1782625803.648,69,4,3166,226.4
1782625803.849,69,4,3166,230.1
1782625804.049,69,4,3166,230.1
1782625804.249,69,4,3166,230.1
1782625804.450,76,5,3166,232.1
1782625804.650,76,5,3166,232.1
1782625804.851,76,5,3166,232.4
1782625805.051,76,5,3166,232.4
1782625805.252,67,4,3166,232.4
1782625805.452,67,4,3166,232.4
1782625805.653,67,4,3166,232.4
1782625805.853,67,4,3166,229.3
1782625806.053,67,4,3166,229.3
1782625806.256,74,5,3166,228.5
1782625806.457,74,5,3166,228.5
1782625806.657,74,5,3166,228.5
1782625806.857,74,5,3166,228.9
1782625807.058,74,5,3166,228.9
1782625807.258,76,5,3166,230.2
1782625807.459,76,5,3166,230.2
1782625807.659,76,5,3166,230.2
1782625807.860,76,5,3166,236.5
1782625808.060,76,5,3166,236.5
1782625808.261,88,6,3166,247.7
1782625808.461,88,6,3166,247.7
1782625808.661,88,6,3166,247.7
1782625808.862,88,6,3166,257.4
1782625809.062,88,6,3166,257.4
1782625809.262,88,6,3166,256.8
1782625809.463,88,6,3166,256.8
1782625809.663,88,6,3166,256.8
1782625809.864,88,6,3166,261.0
1782625810.064,88,6,3166,261.0
1782625810.265,90,6,3166,267.6
1782625810.466,90,6,3166,267.6
1782625810.666,90,6,3166,267.6
1782625810.867,90,6,3166,224.3
1782625811.067,90,6,3166,224.3
1782625811.268,0,0,3166,148.0
1782625811.468,0,0,3166,148.0
1782625811.669,0,0,3166,148.0
1782625811.869,0,0,3166,98.8
1782625812.070,0,0,3166,98.8
1782625812.270,88,5,3166,155.2
1782625812.471,88,5,3166,155.2
1782625812.671,88,5,3166,155.2
1782625812.872,88,5,3166,227.5
1782625813.072,88,5,3166,227.5
1782625813.273,84,5,3166,243.6
1782625813.473,84,5,3166,243.6
1782625813.674,84,5,3166,243.6
1782625813.874,84,5,3166,243.3
1782625814.074,84,5,3166,243.3
1782625814.275,81,5,3166,244.6
1782625814.475,81,5,3166,244.6
1782625814.676,81,5,3166,244.6
1782625814.876,81,5,3166,246.9
1782625815.077,81,5,3166,246.9
1782625815.277,85,5,3166,247.1
1782625815.478,85,5,3166,247.1
1782625815.678,85,5,3166,247.1
1782625815.879,85,5,3166,246.3
1782625816.079,85,5,3166,246.3
1782625816.280,83,5,3166,248.1
1782625816.480,83,5,3166,248.1
1782625816.680,83,5,3166,248.1
1782625816.881,83,5,3166,248.1
1782625817.081,83,5,3166,248.1
1782625817.282,81,5,3166,247.9
1782625817.482,81,5,3166,247.9
1782625817.683,81,5,3166,247.9
1782625817.883,81,5,3166,248.1
1782625818.084,81,5,3166,248.1
1782625818.284,85,5,3166,248.0
1782625818.485,85,5,3166,248.0
1782625818.685,85,5,3166,248.0
1782625818.885,85,5,3166,245.2
1782625819.086,85,5,3166,245.2
1782625819.286,75,4,3166,245.3
1782625819.487,75,4,3166,245.3
1782625819.687,75,4,3166,245.3
1782625819.888,75,4,3166,245.8
1782625820.088,75,4,3166,245.8
1782625820.289,79,5,3166,247.0
1782625820.489,79,5,3166,247.0
1782625820.689,79,5,3166,247.0
1782625820.890,79,5,3166,246.6
1782625821.090,79,5,3166,246.6
1782625821.291,86,5,3166,249.2
1782625821.491,86,5,3166,249.2
1782625821.691,86,5,3166,249.2
1782625821.892,86,5,3166,253.7
1782625822.092,86,5,3166,253.7
1782625822.293,88,5,3166,253.1
1782625822.493,88,5,3166,253.1
1782625822.694,88,5,3166,253.1
1782625822.894,88,5,3166,245.6
1782625823.095,88,5,3166,245.6
1782625823.295,0,0,3166,176.9
1782625823.496,0,0,3166,176.9
1782625823.696,0,0,3166,176.9
1782625823.897,0,0,3166,106.7
1782625824.097,0,0,3166,106.7
1782625824.298,73,5,3698,116.8
1782625824.498,73,5,3698,116.8
1782625824.699,73,5,3698,116.8
1782625824.899,73,5,3698,202.3
1782625825.100,73,5,3698,202.3
1782625825.300,72,5,3698,267.2
1782625825.500,72,5,3698,267.2
1782625825.701,72,5,3698,267.2
1782625825.901,72,5,3698,246.8
1782625826.102,72,5,3698,246.8
1782625826.302,72,5,3698,249.6
1782625826.503,72,5,3698,249.6
1782625826.703,72,5,3698,249.6
1782625826.903,72,5,3698,251.8
1782625827.104,72,5,3698,251.8
1782625827.304,74,6,3698,254.7
1782625827.505,74,6,3698,254.7
1782625827.705,74,6,3698,254.7
1782625827.906,74,6,3698,251.9
1782625828.106,74,6,3698,251.9
1782625828.306,74,5,3698,251.8
1782625828.507,74,5,3698,251.8
1782625828.707,74,5,3698,251.8
1782625828.908,74,5,3698,253.3
1782625829.108,74,5,3698,253.3
1782625829.309,71,5,3698,252.1
1782625829.509,71,5,3698,252.1
1782625829.710,71,5,3698,252.1
1782625829.910,71,5,3698,255.2
1782625830.111,71,5,3698,255.2
1782625830.311,67,5,3698,257.0
1782625830.511,67,5,3698,257.0
1782625830.712,67,5,3698,257.0
1782625830.912,67,5,3698,260.8
1782625831.112,67,5,3698,260.8
1782625831.313,73,6,3698,261.4
1782625831.514,73,6,3698,261.4
1782625831.714,73,6,3698,261.4
1782625831.914,73,6,3698,254.3
1782625832.115,73,6,3698,254.3
1782625832.315,74,5,3698,259.5
1782625832.516,74,5,3698,259.5
1782625832.716,74,5,3698,259.5
1782625832.916,74,5,3698,258.4
1782625833.117,74,5,3698,258.4
1782625833.317,68,5,3698,253.5
1782625833.518,68,5,3698,253.5
1782625833.718,68,5,3698,253.5
1782625833.919,68,5,3698,254.4
1782625834.119,68,5,3698,254.4
1782625834.320,73,5,3698,253.4
1782625834.520,73,5,3698,253.4
1782625834.720,73,5,3698,253.4
1782625834.921,73,5,3698,256.8
1782625835.121,73,5,3698,256.8
1782625835.321,74,5,3698,255.9
1782625835.522,74,5,3698,255.9
1782625835.722,74,5,3698,255.9
1782625835.923,74,5,3698,250.4
1782625836.123,74,5,3698,250.4
1782625836.324,72,5,3698,251.7
1782625836.524,72,5,3698,251.7
1782625836.725,72,5,3698,251.7
1782625836.925,72,5,3698,253.1
1782625837.125,72,5,3698,253.1
1782625837.326,77,6,3698,253.8
1782625837.526,77,6,3698,253.8
1782625837.727,77,6,3698,253.8
1782625837.927,77,6,3698,255.5
1782625838.128,77,6,3698,255.5
1782625838.328,60,5,3698,256.4
1782625838.529,60,5,3698,256.4
1782625838.729,60,5,3698,256.4
1782625838.930,60,5,3698,258.8
1782625839.130,60,5,3698,258.8
1782625839.331,0,0,3698,252.9
1782625839.531,0,0,3698,252.9
1782625839.732,0,0,3698,252.9
1782625839.932,0,0,3698,181.6
1782625840.133,0,0,3698,181.6
1782625840.333,0,0,3698,101.2
1782625840.534,0,0,3698,101.2
1782625840.735,0,0,3698,101.2
1782625840.935,0,0,3698,100.6
1782625841.136,0,0,3698,100.6
1782625841.336,94,7,3698,164.4
1782625841.537,94,7,3698,164.4
1782625841.737,94,7,3698,164.4
1782625841.938,94,7,3698,241.2
1782625842.138,94,7,3698,241.2
1782625842.338,64,5,3698,249.5
1782625842.539,64,5,3698,249.5
1782625842.739,64,5,3698,249.5
1782625842.939,64,5,3698,244.3
1782625843.140,64,5,3698,244.3
1782625843.340,70,6,3698,247.3
1782625843.541,70,6,3698,247.3
1782625843.741,70,6,3698,247.3
1782625843.942,70,6,3698,251.4
1782625844.142,70,6,3698,251.4
1782625844.342,70,5,3698,260.8
1782625844.543,70,5,3698,260.8
1782625844.743,70,5,3698,260.8
1782625844.944,70,5,3698,265.3
1782625845.144,70,5,3698,265.3
1782625845.345,65,5,3698,259.6
1782625845.545,65,5,3698,259.6
1782625845.745,65,5,3698,259.6
1782625845.946,65,5,3698,255.5
1782625846.146,65,5,3698,255.5
1782625846.347,71,6,3698,255.9
1782625846.547,71,6,3698,255.9
1782625846.748,71,6,3698,255.9
1782625846.948,71,6,3698,258.1
1782625847.149,71,6,3698,258.1
1782625847.349,61,4,3698,255.8
1782625847.550,61,4,3698,255.8
1782625847.750,61,4,3698,255.8
1782625847.950,61,4,3698,250.9
1782625848.151,61,4,3698,250.9
1782625848.351,75,6,3698,259.3
1782625848.552,75,6,3698,259.3
1782625848.752,75,6,3698,259.3
1782625848.953,75,6,3698,265.5
1782625849.153,75,6,3698,265.5
1782625849.353,88,8,3698,273.1
1782625849.554,88,8,3698,273.1
1782625849.754,88,8,3698,278.6
1782625849.955,88,8,3698,278.6
1782625850.155,88,8,3698,278.6
1782625850.356,76,5,3698,289.7
1782625850.556,76,5,3698,289.7
1782625850.756,76,5,3698,281.3
1782625850.957,76,5,3698,281.3
1782625851.157,76,5,3698,281.3
1782625851.358,74,5,3698,265.3
1782625851.558,74,5,3698,265.3
1782625851.759,74,5,3698,268.2
1782625851.959,74,5,3698,268.2
1782625852.159,74,5,3698,268.2
1782625852.360,73,5,3698,271.4
1782625852.560,73,5,3698,271.4
1782625852.761,73,5,3698,272.3
1782625852.961,73,5,3698,272.3
1782625853.162,73,5,3698,272.3
1782625853.362,72,6,3698,265.1
1782625853.563,72,6,3698,265.1
1782625853.763,72,6,3698,258.4
1782625853.964,72,6,3698,258.4
1782625854.164,72,6,3698,258.4
1782625854.365,71,5,3698,262.7
1782625854.565,71,5,3698,262.7
1782625854.765,71,5,3698,268.0
1782625854.966,71,5,3698,268.0
1782625855.166,71,5,3698,268.0
1782625855.367,29,2,3698,274.1
1782625855.567,29,2,3698,274.1
1782625855.768,29,2,3698,196.4
1782625855.969,29,2,3698,196.4
1782625856.169,29,2,3698,196.4
1782625856.370,0,0,3698,99.7
1782625856.570,0,0,3698,99.7
1782625856.771,0,0,3698,99.0
1782625856.971,0,0,3698,99.0
1782625857.172,0,0,3698,99.0
1782625857.372,89,6,3698,171.2
1782625857.573,89,6,3698,171.2
1782625857.773,89,6,3698,237.8
1782625857.974,89,6,3698,237.8
1782625858.174,89,6,3698,237.8
1782625858.374,64,5,3698,245.1
1782625858.575,64,5,3698,245.1
1782625858.775,64,5,3698,247.8
1782625858.976,64,5,3698,247.8
1782625859.176,64,5,3698,247.8
1782625859.377,71,5,3698,251.0
1782625859.577,71,5,3698,251.0
1782625859.777,71,5,3698,255.7
1782625859.978,71,5,3698,255.7
1782625860.178,71,5,3698,255.7
1782625860.379,63,5,3698,255.2
1782625860.579,63,5,3698,255.2
1782625860.780,63,5,3698,253.2
1782625860.980,63,5,3698,253.2
1782625861.181,63,5,3698,253.2
1782625861.381,71,5,3698,252.5
1782625861.582,71,5,3698,252.5
1782625861.782,71,5,3698,255.0
1782625861.982,71,5,3698,255.0
1782625862.183,71,5,3698,255.0
1782625862.383,59,4,3698,256.7
1782625862.584,59,4,3698,256.7
1782625862.784,59,4,3698,258.4
1782625862.985,59,4,3698,258.4
1782625863.185,59,4,3698,258.4
1782625863.386,65,5,3698,257.3
1782625863.586,65,5,3698,257.3
1782625863.787,65,5,3698,260.1
1782625863.987,65,5,3698,260.1
1782625864.187,65,5,3698,260.1
1782625864.388,65,5,3698,254.8
1782625864.588,65,5,3698,254.8
1782625864.789,65,5,3698,259.4
1782625864.989,65,5,3698,259.4
1782625865.190,65,5,3698,259.4
1782625865.390,81,6,3698,290.7
1782625865.590,81,6,3698,290.7
1782625865.791,81,6,3698,299.2
1782625865.992,81,6,3698,299.2
1782625866.192,81,6,3698,299.2
1782625866.392,81,7,3698,307.1
1782625866.593,81,7,3698,307.1
1782625866.793,81,7,3698,312.7
1782625866.996,81,7,3698,312.7
1782625867.196,81,7,3698,312.7
1782625867.396,85,6,3698,309.3
1782625867.597,85,6,3698,309.3
1782625867.797,85,6,3698,316.9
1782625867.998,85,6,3698,316.9
1782625868.198,85,6,3698,316.9
1782625868.399,85,7,3698,321.3
1782625868.599,85,7,3698,321.3
1782625868.799,85,7,3698,320.2
1782625869.000,85,7,3698,320.2
1782625869.200,85,7,3698,320.2
1782625869.401,88,7,3698,321.7
1782625869.601,88,7,3698,321.7
1782625869.802,88,7,3698,313.9
1782625870.002,88,7,3698,313.9
1782625870.202,88,7,3698,313.9
1782625870.403,0,0,3698,252.2
1782625870.603,0,0,3698,252.2
1782625870.804,0,0,3698,163.0
1782625871.005,0,0,3698,163.0
1782625871.205,0,0,3698,163.0
1782625871.406,0,0,3698,100.4
1782625871.606,0,0,3698,100.4
1782625871.807,0,0,3698,154.1
1782625872.007,0,0,3698,154.1
1782625872.208,0,0,3698,154.1
1782625872.408,65,5,3698,227.4
1782625872.609,65,5,3698,227.4
1782625872.809,65,5,3698,257.1
1782625873.010,65,5,3698,257.1
1782625873.210,65,5,3698,257.1
1782625873.410,70,5,3698,248.3
1782625873.611,70,5,3698,248.3
1782625873.811,70,5,3698,254.3
1782625874.012,70,5,3698,254.3
1782625874.212,70,5,3698,254.3
1782625874.413,71,5,3698,259.7
1782625874.613,71,5,3698,259.7
1782625874.814,71,5,3698,258.8
1782625875.014,71,5,3698,258.8
1782625875.214,71,5,3698,258.8
1782625875.415,71,5,3698,255.1
1782625875.615,71,5,3698,255.1
1782625875.816,71,5,3698,255.9
1782625876.016,71,5,3698,255.9
1782625876.217,71,5,3698,255.9
1782625876.417,73,5,3698,260.7
1782625876.618,73,5,3698,260.7
1782625876.818,73,5,3698,255.7
1782625877.019,73,5,3698,255.7
1782625877.219,73,5,3698,255.7
1782625877.419,74,5,3698,254.0
1782625877.620,74,5,3698,254.0
1782625877.820,74,5,3698,256.6
1782625878.021,74,5,3698,256.6
1782625878.221,74,5,3698,256.6
1782625878.422,73,5,3698,265.1
1782625878.622,73,5,3698,265.1
1782625878.823,73,5,3698,261.9
1782625879.023,73,5,3698,261.9
1782625879.223,73,5,3698,261.9
1782625879.424,61,4,3698,250.3
1782625879.624,61,4,3698,250.3
1782625879.825,61,4,3698,251.2
1782625880.025,61,4,3698,251.2
1782625880.226,61,4,3698,251.2
1782625880.426,82,6,3698,278.2
1782625880.627,82,6,3698,278.2
1782625880.827,82,6,3698,317.0
1782625881.028,82,6,3698,317.0
1782625881.228,82,6,3698,317.0
1782625881.428,95,7,3698,328.2
1782625881.629,95,7,3698,328.2
1782625881.829,95,7,3698,333.0
1782625882.030,95,7,3698,333.0
1782625882.230,95,7,3698,333.0
1782625882.431,93,7,3698,333.8
1782625882.631,93,7,3698,333.8
1782625882.832,93,7,3698,335.7
1782625883.032,93,7,3698,335.7
1782625883.233,93,7,3698,335.7
1782625883.433,94,7,3698,339.6
1782625883.634,94,7,3698,339.6
1782625883.834,94,7,3698,341.8
1782625884.035,94,7,3698,341.8
1782625884.236,94,7,3698,341.8
1782625884.436,0,0,3698,260.9
1782625884.637,0,0,3698,260.9
1782625884.837,0,0,3698,139.5
1782625885.038,0,0,3698,139.5
1782625885.238,0,0,3698,139.5
1782625885.439,0,0,3698,101.3
1782625885.639,0,0,3698,101.3
1782625885.840,0,0,3698,199.1
1782625886.040,0,0,3698,199.1
1782625886.241,0,0,3698,199.1
1782625886.441,71,5,3698,264.4
1782625886.642,71,5,3698,264.4
1782625886.842,71,5,3698,264.7
1782625887.043,71,5,3698,264.7
1782625887.243,71,5,3698,264.7
1782625887.444,73,5,3698,267.6
1782625887.644,73,5,3698,267.6
1782625887.845,73,5,3698,270.4
1782625888.045,73,5,3698,270.4
1782625888.245,73,5,3698,270.4
1782625888.446,74,5,3698,272.6
1782625888.646,74,5,3698,272.6
1782625888.847,74,5,3698,268.8
1782625889.047,74,5,3698,268.8
1782625889.248,74,5,3698,268.8
1782625889.448,65,4,3698,265.3
1782625889.649,65,4,3698,265.3
1782625889.849,65,4,3698,265.1
1782625890.049,65,4,3698,265.1
1782625890.250,65,4,3698,265.1
1782625890.450,70,5,3698,261.3
1782625890.651,70,5,3698,261.3
1782625890.851,70,5,3698,261.3
1782625891.052,70,5,3698,261.3
1782625891.252,70,5,3698,261.3
1782625891.453,78,5,3698,273.1
1782625891.653,78,5,3698,273.1
1782625891.854,78,5,3698,271.6
1782625892.054,78,5,3698,271.6
1782625892.255,78,5,3698,271.6
1782625892.455,76,5,3698,276.7
1782625892.655,76,5,3698,276.7
1782625892.856,76,5,3698,278.3
1782625893.056,76,5,3698,278.3
1782625893.257,72,5,3698,273.0
1782625893.457,72,5,3698,273.0
1782625893.658,72,5,3698,273.0
1782625893.858,72,5,3698,276.6
1782625894.059,72,5,3698,276.6
1782625894.259,0,0,3698,253.6
1782625894.460,0,0,3698,253.6
1782625894.660,0,0,3698,253.6
1782625894.861,0,0,3698,165.3
1782625895.061,0,0,3698,165.3
1782625895.262,0,0,3698,100.1
1782625895.462,0,0,3698,100.1
1782625895.663,0,0,3698,100.1
1782625895.863,0,0,3698,148.9
1782625896.064,0,0,3698,148.9
1782625896.264,73,5,3698,225.9
1782625896.464,73,5,3698,225.9
1782625896.665,73,5,3698,225.9
1782625896.865,73,5,3698,259.3
1782625897.066,73,5,3698,259.3
1782625897.266,73,5,3698,254.7
1782625897.467,73,5,3698,254.7
1782625897.667,73,5,3698,254.7
1782625897.867,73,5,3698,255.9
1782625898.068,73,5,3698,255.9
1782625898.268,80,6,3698,256.7
1782625898.469,80,6,3698,256.7
1782625898.669,80,6,3698,256.7
1782625898.870,80,6,3698,261.6
1782625899.070,80,6,3698,261.6
1782625899.270,66,5,3698,257.0
1782625899.471,66,5,3698,257.0
1782625899.671,66,5,3698,257.0
1782625899.872,66,5,3698,250.3
1782625900.072,66,5,3698,250.3
1782625900.273,74,5,3698,257.3
1782625900.473,74,5,3698,257.3
1782625900.673,74,5,3698,257.3
1782625900.874,74,5,3698,263.2
1782625901.074,74,5,3698,263.2
1782625901.275,68,5,3698,259.5
1782625901.475,68,5,3698,259.5
1782625901.676,68,5,3698,259.5
1782625901.876,68,5,3698,253.0
1782625902.077,68,5,3698,253.0
1782625902.277,70,5,3698,252.9
1782625902.478,70,5,3698,252.9
1782625902.678,70,5,3698,252.9
1782625902.878,70,5,3698,256.7
1782625903.079,70,5,3698,256.7
1782625903.279,71,5,3698,259.9
1782625903.480,71,5,3698,259.9
1782625903.680,71,5,3698,259.9
1782625903.881,71,5,3698,256.2
1782625904.081,71,5,3698,256.2
1782625904.282,74,5,3698,253.6
1782625904.482,74,5,3698,253.6
1782625904.682,74,5,3698,253.6
1782625904.883,74,5,3698,253.5
1782625905.083,74,5,3698,253.5
1782625905.284,75,6,3698,257.6
1782625905.484,75,6,3698,257.6
1782625905.685,75,6,3698,257.6
1782625905.885,75,6,3698,264.5
1782625906.085,75,6,3698,264.5
1782625906.286,72,5,3698,262.7
1782625906.486,72,5,3698,262.7
1782625906.687,72,5,3698,262.7
1782625906.887,72,5,3698,254.9
1782625907.088,72,5,3698,254.9
1782625907.288,66,5,3698,259.1
1782625907.489,66,5,3698,259.1
1782625907.689,66,5,3698,259.1
1782625907.890,66,5,3698,263.0
1782625908.090,66,5,3698,263.0
1782625908.290,68,5,3698,262.5
1782625908.491,68,5,3698,262.5
1782625908.691,68,5,3698,262.5
1782625908.892,68,5,3698,258.7
1782625909.092,68,5,3698,258.7
1782625909.293,67,5,3698,257.3
1782625909.493,67,5,3698,257.3
1782625909.693,67,5,3698,257.3
1782625909.894,67,5,3698,259.4
1782625910.094,67,5,3698,259.4
1782625910.295,70,5,3698,261.6
1782625910.495,70,5,3698,261.6
1782625910.696,70,5,3698,261.6
1782625910.896,70,5,3698,251.5
1782625911.097,70,5,3698,251.5
1782625911.298,0,0,3698,166.8
1782625911.498,0,0,3698,166.8
1782625911.699,0,0,3698,166.8
1782625911.899,0,0,3698,99.2
1782625912.100,0,0,3698,99.2
1782625912.301,0,0,3698,98.9
1782625912.501,0,0,3698,98.9
1782625912.702,0,0,3698,98.9
1782625912.902,0,0,3698,170.5
1782625913.102,0,0,3698,170.5
1782625913.303,64,5,3698,242.1
1782625913.503,64,5,3698,242.1
1782625913.704,64,5,3698,242.1
1782625913.904,64,5,3698,241.0
1782625914.105,64,5,3698,241.0
1782625914.305,65,5,3698,244.4
1782625914.505,65,5,3698,244.4
1782625914.706,65,5,3698,244.4
1782625914.906,65,5,3698,250.6
1782625915.107,65,5,3698,250.6
1782625915.307,69,5,3698,256.3
1782625915.508,69,5,3698,256.3
1782625915.708,69,5,3698,256.3
1782625915.909,69,5,3698,258.6
1782625916.109,69,5,3698,258.6
1782625916.309,68,5,3698,253.8
1782625916.510,68,5,3698,253.8
1782625916.710,68,5,3698,253.8
1782625916.911,68,5,3698,247.7
1782625917.111,68,5,3698,247.7
1782625917.312,76,6,3698,256.1
1782625917.512,76,6,3698,256.1
1782625917.712,76,6,3698,256.1
1782625917.913,76,6,3698,264.4
1782625918.113,76,6,3698,264.4
1782625918.314,66,5,3698,263.8
1782625918.514,66,5,3698,263.8
1782625918.715,66,5,3698,263.8
1782625918.915,66,5,3698,259.6
1782625919.116,66,5,3698,259.6
1782625919.316,73,5,3698,267.5
1782625919.517,73,5,3698,267.5
1782625919.717,73,5,3698,267.5
1782625919.917,73,5,3698,257.9
1782625920.118,73,5,3698,257.9
1782625920.318,66,5,3698,252.1
1782625920.519,66,5,3698,252.1
1782625920.719,66,5,3698,252.1
1782625920.920,66,5,3698,263.9
1782625921.120,66,5,3698,263.9
1782625921.320,72,5,3698,272.2
1782625921.521,72,5,3698,272.2
1782625921.721,72,5,3698,272.2
1782625921.922,72,5,3698,269.2
1782625922.122,72,5,3698,269.2
1782625922.323,74,6,3698,277.7
1782625922.523,74,6,3698,277.7
1782625922.724,74,6,3698,277.7
1782625922.924,74,6,3698,292.1
1782625923.124,74,6,3698,292.1
1782625923.325,80,6,3698,283.8
1782625923.525,80,6,3698,283.8
1782625923.726,80,6,3698,283.8
1782625923.926,80,6,3698,273.3
1782625924.126,80,6,3698,273.3
1782625924.327,84,7,3698,282.4
1782625924.527,84,7,3698,282.4
1782625924.728,84,7,3698,282.4
1782625924.928,84,7,3698,290.2
1782625925.128,84,7,3698,290.2
1782625925.329,86,7,3698,294.6
1782625925.529,86,7,3698,294.6
1782625925.730,86,7,3698,294.6
1782625925.930,86,7,3698,285.1
1782625926.131,86,7,3698,285.1
1782625926.331,77,6,3698,271.0
1782625926.532,77,6,3698,271.0
1782625926.732,77,6,3698,271.0
1782625926.933,77,6,3698,258.1
1782625927.133,77,6,3698,258.1
1782625927.333,0,0,3698,171.6
1782625927.534,0,0,3698,171.6
1782625927.735,0,0,3698,171.6
1782625927.935,0,0,3698,99.4
1782625928.136,0,0,3698,99.4
1782625928.336,0,0,3698,99.3
1782625928.537,0,0,3698,99.3
1782625928.737,0,0,3698,99.3
1782625928.938,0,0,3698,183.7
1782625929.138,0,0,3698,183.7
1782625929.338,66,5,3698,249.3
1782625929.539,66,5,3698,249.3
1782625929.739,66,5,3698,249.3
1782625929.940,66,5,3698,254.4
1782625930.140,66,5,3698,254.4
1782625930.341,68,5,3698,263.8
1782625930.541,68,5,3698,263.8
1782625930.742,68,5,3698,263.8
1782625930.942,68,5,3698,264.3
1782625931.143,68,5,3698,264.3
1782625931.343,65,5,3698,261.5
1782625931.543,65,5,3698,261.5
1782625931.744,65,5,3698,261.5
1782625931.944,65,5,3698,262.3
1782625932.145,65,5,3698,262.3
1782625932.345,67,5,3698,265.4
1782625932.545,67,5,3698,265.4
1782625932.746,67,5,3698,265.4
1782625932.946,67,5,3698,267.2
1782625933.147,67,5,3698,267.2
1782625933.347,59,4,3698,264.0
1782625933.547,59,4,3698,264.0
1782625933.748,59,4,3698,264.0
1782625933.948,59,4,3698,254.6
1782625934.149,59,4,3698,254.6
1782625934.349,63,5,3698,255.6
1782625934.550,63,5,3698,255.6
1782625934.750,63,5,3698,255.6
1782625934.951,63,5,3698,258.9
1782625935.151,63,5,3698,258.9
1782625935.352,67,5,3698,257.4
1782625935.552,67,5,3698,257.4
1782625935.752,67,5,3698,257.4
1782625935.953,67,5,3698,261.4
1782625936.153,67,5,3698,261.4
1782625936.354,76,6,3698,269.9
1782625936.556,76,6,3698,269.9
1782625936.757,76,6,3698,269.9
1782625936.957,76,6,3698,293.2
1782625937.157,76,6,3698,293.2
1782625937.358,90,7,3698,302.7
1782625937.558,90,7,3698,302.7
1782625937.759,90,7,3698,302.7
1782625937.959,90,7,3698,307.7
1782625938.160,90,7,3698,307.7
1782625938.360,87,6,3698,320.9
1782625938.560,87,6,3698,320.9
1782625938.761,87,6,3698,319.8
1782625938.961,87,6,3698,319.8
1782625939.162,87,6,3698,319.8
1782625939.362,86,6,3698,308.4
1782625939.563,86,6,3698,308.4
1782625939.763,86,6,3698,311.4
1782625939.964,86,6,3698,311.4
1782625940.164,86,6,3698,311.4
1782625940.364,84,6,3698,316.6
1782625940.565,84,6,3698,316.6
1782625940.765,84,6,3698,308.7
1782625940.966,84,6,3698,308.7
1782625941.166,84,6,3698,308.7
1782625941.367,93,7,3698,307.7
1782625941.567,93,7,3698,307.7
1782625941.768,93,7,3698,217.9
1782625941.969,93,7,3698,217.9
1782625942.169,93,7,3698,217.9
1782625942.370,0,0,3698,107.5
1782625942.570,0,0,3698,107.5
1782625942.771,0,0,3698,99.0
1782625942.972,0,0,3698,99.0
1782625943.172,0,0,3698,99.0
1782625943.373,57,4,3698,179.1
1782625943.573,57,4,3698,179.1
1782625943.774,57,4,3698,265.7
1782625943.974,57,4,3698,265.7
1782625944.175,57,4,3698,265.7
1782625944.375,65,5,3698,251.3
1782625944.576,65,5,3698,251.3
1782625944.776,65,5,3698,252.5
1782625944.977,65,5,3698,252.5
1782625945.177,65,5,3698,252.5
1782625945.378,60,4,3698,254.9
1782625945.578,60,4,3698,254.9
1782625945.779,60,4,3698,251.7
1782625945.979,60,4,3698,251.7
1782625946.179,60,4,3698,251.7
1782625946.380,67,5,3698,253.8
1782625946.580,67,5,3698,253.8
1782625946.781,67,5,3698,258.7
1782625946.981,67,5,3698,258.7
1782625947.182,67,5,3698,258.7
1782625947.382,77,5,3698,259.1
1782625947.583,77,5,3698,259.1
1782625947.783,77,5,3698,258.9
1782625947.984,77,5,3698,258.9
1782625948.184,77,5,3698,258.9
1782625948.385,68,5,3698,257.8
1782625948.585,68,5,3698,257.8
1782625948.786,68,5,3698,254.7
1782625948.986,68,5,3698,254.7
1782625949.186,68,5,3698,254.7
1782625949.387,76,6,3698,260.3
1782625949.587,76,6,3698,260.3
1782625949.788,76,6,3698,259.0
1782625949.988,76,6,3698,259.0
1782625950.189,76,6,3698,259.0
1782625950.389,62,4,3698,258.8
1782625950.590,62,4,3698,258.8
1782625950.790,62,4,3698,263.4
1782625950.990,62,4,3698,263.4
1782625951.191,62,4,3698,263.4
1782625951.391,67,4,3698,262.5
1782625951.592,67,4,3698,262.5
1782625951.792,67,4,3698,279.7
1782625951.992,67,4,3698,279.7
1782625952.193,67,4,3698,279.7
1782625952.394,95,7,3698,316.2
1782625952.594,95,7,3698,316.2
1782625952.795,95,7,3698,325.4
1782625952.995,95,7,3698,325.4
1782625953.196,95,7,3698,325.4
1782625953.396,91,7,3698,330.0
1782625953.597,91,7,3698,330.0
1782625953.798,91,7,3698,326.6
1782625953.998,91,7,3698,326.6
1782625954.199,91,7,3698,326.6
1782625954.399,91,6,3698,330.3
1782625954.600,91,6,3698,330.3
1782625954.800,91,6,3698,334.5
1782625955.000,91,6,3698,334.5
1782625955.201,91,6,3698,334.5
1782625955.401,27,2,3698,310.8
1782625955.602,27,2,3698,310.8
1782625955.802,27,2,3698,195.5
1782625956.003,27,2,3698,195.5
1782625956.204,27,2,3698,195.5
1782625956.404,0,0,3698,100.7
1782625956.605,0,0,3698,100.7
1782625956.805,0,0,3698,132.8
1782625957.006,0,0,3698,132.8
1782625957.208,0,0,3698,132.8
1782625957.408,68,4,3698,215.0
1782625957.608,68,4,3698,215.0
1782625957.809,68,4,3698,271.5
1782625958.009,68,4,3698,271.5
1782625958.210,68,4,3698,271.5
1782625958.410,77,5,3698,264.5
1782625958.610,77,5,3698,264.5
1782625958.811,77,5,3698,267.9
1782625959.011,77,5,3698,267.9
1782625959.212,77,5,3698,267.9
1782625959.412,72,5,3698,268.2
1782625959.613,72,5,3698,268.2
1782625959.813,72,5,3698,269.8
1782625960.014,72,5,3698,269.8
1782625960.214,72,5,3698,269.8
1782625960.415,71,5,3698,269.2
1782625960.615,71,5,3698,269.2
1782625960.816,71,5,3698,267.6
1782625961.016,71,5,3698,267.6
1782625961.217,71,5,3698,267.6
1782625961.417,78,5,3698,273.6
1782625961.618,78,5,3698,273.6
1782625961.818,78,5,3698,273.6
1782625962.019,78,5,3698,273.6
1782625962.219,78,5,3698,273.6
1782625962.419,75,5,3698,269.4
1782625962.620,75,5,3698,269.4
1782625962.820,75,5,3698,267.1
1782625963.021,75,5,3698,267.1
1782625963.221,75,5,3698,267.1
1782625963.422,66,4,3698,270.7
1782625963.622,66,4,3698,270.7
1782625963.823,66,4,3698,268.8
1782625964.023,66,4,3698,268.8
1782625964.223,66,4,3698,268.8
1782625964.424,73,5,3698,266.9
1782625964.624,73,5,3698,266.9
1782625964.825,73,5,3698,267.8
1782625965.025,73,5,3698,267.8
1782625965.226,73,5,3698,267.8
1782625965.426,80,5,3698,266.4
1782625965.626,80,5,3698,266.4
1782625965.827,80,5,3698,284.9
1782625966.027,80,5,3698,284.9
1782625966.228,80,5,3698,284.9
1782625966.428,0,0,3698,275.3
1782625966.629,0,0,3698,275.3
1782625966.830,0,0,3698,168.9
1782625967.030,0,0,3698,168.9
1782625967.231,0,0,3698,168.9
1782625967.431,0,0,3698,99.9
1782625967.632,0,0,3698,99.9
1782625967.832,0,0,3698,146.0
1782625968.033,0,0,3698,146.0
1782625968.233,0,0,3698,146.0
1782625968.434,73,5,3698,234.5
1782625968.634,73,5,3698,234.5
1782625968.835,73,5,3698,256.1
1782625969.035,73,5,3698,256.1
1782625969.236,73,5,3698,256.1
1782625969.436,72,5,3698,247.6
1782625969.637,72,5,3698,247.6
1782625969.837,72,5,3698,249.1
1782625970.037,72,5,3698,249.1
1782625970.238,72,5,3698,249.1
1782625970.438,65,5,3698,244.8
1782625970.639,65,5,3698,244.8
1782625970.839,65,5,3698,245.5
1782625971.039,65,5,3698,245.5
1782625971.240,65,5,3698,245.5
1782625971.440,70,5,3698,254.0
1782625971.641,70,5,3698,254.0
1782625971.841,70,5,3698,257.3
1782625972.042,70,5,3698,257.3
1782625972.242,70,5,3698,257.3
1782625972.442,71,5,3698,255.2
1782625972.643,71,5,3698,255.2
1782625972.843,71,5,3698,260.3
1782625973.044,71,5,3698,260.3
1782625973.244,71,5,3698,260.3
1782625973.445,70,5,3698,264.3
1782625973.645,70,5,3698,264.3
1782625973.845,70,5,3698,264.2
1782625974.046,70,5,3698,264.2
1782625974.246,70,5,3698,264.2
1782625974.447,70,5,3698,257.7
1782625974.647,70,5,3698,257.7
1782625974.848,70,5,3698,254.0
1782625975.048,70,5,3698,254.0
1782625975.249,70,5,3698,254.0
1782625975.449,65,5,3698,253.1
1782625975.649,65,5,3698,253.1
1782625975.850,65,5,3698,248.7
1782625976.050,65,5,3698,248.7
1782625976.251,65,5,3698,248.7
1782625976.451,82,6,3698,250.6
1782625976.651,82,6,3698,250.6
1782625976.852,82,6,3698,252.4
1782625977.052,82,6,3698,252.4
1782625977.253,82,6,3698,252.4
1782625977.453,67,5,3698,257.4
1782625977.653,67,5,3698,257.4
1782625977.854,67,5,3698,257.4
1782625978.054,67,5,3698,257.4
1782625978.255,67,5,3698,257.4
1782625978.455,77,6,3698,256.0
1782625978.656,77,6,3698,256.0
1782625978.856,77,6,3698,258.3
1782625979.056,77,6,3698,258.3
1782625979.257,77,6,3698,258.3
1782625979.457,72,5,3698,254.0
1782625979.658,72,5,3698,254.0
1782625979.858,72,5,3698,250.9
1782625980.059,72,5,3698,250.9
1782625980.259,72,5,3698,250.9
1782625980.460,76,6,3698,254.5
1782625980.660,76,6,3698,254.5
1782625980.860,76,6,3698,257.6
1782625981.061,76,6,3698,257.6
1782625981.261,76,6,3698,257.6
1782625981.462,69,5,3698,252.3
1782625981.662,69,5,3698,252.3
1782625981.863,69,5,3698,247.6
1782625982.063,69,5,3698,247.6
1782625982.264,72,6,3698,249.8
1782625982.464,72,6,3698,249.8
1782625982.665,72,6,3698,249.8
1782625982.865,72,6,3698,266.1
1782625983.066,72,6,3698,266.1
1782625983.266,0,0,3698,188.7
1782625983.467,0,0,3698,188.7
1782625983.667,0,0,3698,188.7
1782625983.868,0,0,3698,108.1
1782625984.069,0,0,3698,108.1
1782625984.269,0,0,3698,100.0
1782625984.470,0,0,3698,100.0
1782625984.670,0,0,3698,100.0
1782625984.871,0,0,3698,158.7
1782625985.071,0,0,3698,158.7
1782625985.272,67,5,3698,244.1
1782625985.472,67,5,3698,244.1
1782625985.673,67,5,3698,244.1
1782625985.873,67,5,3698,258.9
1782625986.074,67,5,3698,258.9
1782625986.274,66,5,3698,250.9
1782625986.475,66,5,3698,250.9
1782625986.675,66,5,3698,250.9
1782625986.876,66,5,3698,249.2
1782625987.076,66,5,3698,249.2
1782625987.276,62,5,3698,246.9
1782625987.477,62,5,3698,246.9
1782625987.677,62,5,3698,246.9
1782625987.878,62,5,3698,245.3
1782625988.078,62,5,3698,245.3
1782625988.278,59,4,3698,246.2
1782625988.479,59,4,3698,246.2
1782625988.679,59,4,3698,246.2
1782625988.880,59,4,3698,249.5
1782625989.080,59,4,3698,249.5
1782625989.281,65,5,3698,250.8
1782625989.481,65,5,3698,250.8
1782625989.681,65,5,3698,250.8
1782625989.882,65,5,3698,259.7
1782625990.082,65,5,3698,259.7
1782625990.283,66,5,3698,268.1
1782625990.483,66,5,3698,268.1
1782625990.684,66,5,3698,268.1
1782625990.884,66,5,3698,255.5
1782625991.085,66,5,3698,255.5
1782625991.285,70,5,3698,253.4
1782625991.486,70,5,3698,253.4
1782625991.686,70,5,3698,253.4
1782625991.886,70,5,3698,252.2
1782625992.087,70,5,3698,252.2
1782625992.287,65,5,3698,248.1
1782625992.488,65,5,3698,248.1
1782625992.688,65,5,3698,248.1
1782625992.889,65,5,3698,252.5
1782625993.089,65,5,3698,252.5
1782625993.289,75,6,3698,270.9
1782625993.490,75,6,3698,270.9
1782625993.690,75,6,3698,270.9
1782625993.891,75,6,3698,280.4
1782625994.091,75,6,3698,280.4
1782625994.291,78,6,3698,282.2
1782625994.492,78,6,3698,282.2
1782625994.692,78,6,3698,282.2
1782625994.893,78,6,3698,284.2
1782625995.093,78,6,3698,284.2
1782625995.294,72,5,3698,277.1
1782625995.494,72,5,3698,277.1
1782625995.695,72,5,3698,277.1
1782625995.895,72,5,3698,267.5
1782625996.096,72,5,3698,267.5
1782625996.296,91,7,3698,276.2
1782625996.496,91,7,3698,276.2
1782625996.697,91,7,3698,276.2
1782625996.897,91,7,3698,270.9
1782625997.098,91,7,3698,270.9
1782625997.298,69,5,3698,265.8
1782625997.499,69,5,3698,265.8
1782625997.699,69,5,3698,265.8
1782625997.899,69,5,3698,268.4
1782625998.100,69,5,3698,268.4
1782625998.300,77,5,3698,267.7
1782625998.501,77,5,3698,267.7
1782625998.701,77,5,3698,267.7
1782625998.902,77,5,3698,271.2
1782625999.102,77,5,3698,271.2
1782625999.303,0,0,3698,227.7
1782625999.504,0,0,3698,227.7
1782625999.704,0,0,3698,227.7
1782625999.904,0,0,3698,153.3
1782626000.105,0,0,3698,153.3
1782626000.305,0,0,3698,101.6
1782626000.506,0,0,3698,101.6
1782626000.706,0,0,3698,101.6
1782626000.907,0,0,3698,126.5
1782626001.107,0,0,3698,126.5
1782626001.308,65,5,3698,220.7
1782626001.508,65,5,3698,220.7
1782626001.709,65,5,3698,220.7
1782626001.909,65,5,3698,269.6
1782626002.110,65,5,3698,269.6
1782626002.310,69,5,3698,253.2
1782626002.511,69,5,3698,253.2
1782626002.711,69,5,3698,253.2
1782626002.912,69,5,3698,255.0
1782626003.112,69,5,3698,255.0
1782626003.312,70,5,3698,255.3
1782626003.513,70,5,3698,255.3
1782626003.713,70,5,3698,255.3
1782626003.914,70,5,3698,256.5
1782626004.114,70,5,3698,256.5
1782626004.314,71,5,3698,258.5
1782626004.515,71,5,3698,258.5
1782626004.715,71,5,3698,258.5
1782626004.916,71,5,3698,260.6
1782626005.116,71,5,3698,260.6
1782626005.317,55,4,3698,259.3
1782626005.517,55,4,3698,259.3
1782626005.718,55,4,3698,259.3
1782626005.918,55,4,3698,255.0
1782626006.119,55,4,3698,255.0
1782626006.319,58,4,3698,256.5
1782626006.520,58,4,3698,256.5
1782626006.720,58,4,3698,256.5
1782626006.920,58,4,3698,261.0
1782626007.121,58,4,3698,261.0
1782626007.321,64,5,3698,259.2
1782626007.522,64,5,3698,259.2
1782626007.722,64,5,3698,259.2
1782626007.923,64,5,3698,262.0
1782626008.123,64,5,3698,262.0
1782626008.323,75,6,3698,264.4
1782626008.524,75,6,3698,264.4
1782626008.724,75,6,3698,264.4
1782626008.925,75,6,3698,277.6
1782626009.125,75,6,3698,277.6
1782626009.326,88,7,3698,301.0
1782626009.526,88,7,3698,301.0
1782626009.727,88,7,3698,301.0
1782626009.927,88,7,3698,316.5
1782626010.128,88,7,3698,316.5
1782626010.328,90,7,3698,313.2
1782626010.529,90,7,3698,313.2
1782626010.729,90,7,3698,313.2
1782626010.930,90,7,3698,303.4
1782626011.130,90,7,3698,303.4
1782626011.331,81,6,3698,297.6
1782626011.531,81,6,3698,297.6
1782626011.732,81,6,3698,297.6
1782626011.932,81,6,3698,298.2
1782626012.132,81,6,3698,298.2
1782626012.333,86,6,3698,307.0
1782626012.533,86,6,3698,307.0
1782626012.734,86,6,3698,307.0
1782626012.934,86,6,3698,307.7
1782626013.135,86,6,3698,307.7
1782626013.335,82,6,3698,302.0
1782626013.536,82,6,3698,302.0
1782626013.736,82,6,3698,302.0
1782626013.937,82,6,3698,303.0
1782626014.137,82,6,3698,303.0
1782626014.338,0,0,3698,212.9
1782626014.538,0,0,3698,212.9
1782626014.739,0,0,3698,212.9
1782626014.940,0,0,3698,101.0
1782626015.140,0,0,3698,101.0
1782626015.341,0,0,3698,100.2
1782626015.541,0,0,3698,100.2
1782626015.742,0,0,3698,100.2
1782626015.942,0,0,3698,196.7
1782626016.143,0,0,3698,196.7
1782626016.343,63,4,3698,271.7
1782626016.544,63,4,3698,271.7
1782626016.744,63,4,3698,271.7
1782626016.944,63,4,3698,249.4
1782626017.145,63,4,3698,249.4
1782626017.345,67,5,3698,255.2
1782626017.546,67,5,3698,255.2
1782626017.746,67,5,3698,255.2
1782626017.947,67,5,3698,256.9
1782626018.147,67,5,3698,256.9
1782626018.348,67,5,3698,253.3
1782626018.548,67,5,3698,253.3
1782626018.749,67,5,3698,253.3
1782626018.949,67,5,3698,249.3
1782626019.149,67,5,3698,249.3
1782626019.350,59,4,3698,250.4
1782626019.550,59,4,3698,250.4
1782626019.751,59,4,3698,250.4
1782626019.951,59,4,3698,255.2
1782626020.152,59,4,3698,255.2
1782626020.352,68,5,3698,257.3
1782626020.553,68,5,3698,257.3
1782626020.753,68,5,3698,257.3
1782626020.954,68,5,3698,259.7
1782626021.154,68,5,3698,259.7
1782626021.355,66,5,3698,263.3
1782626021.555,66,5,3698,263.3
1782626021.755,66,5,3698,263.3
1782626021.956,66,5,3698,260.5
1782626022.156,66,5,3698,260.5
1782626022.356,64,4,3698,252.7
1782626022.557,64,4,3698,252.7
1782626022.757,64,4,3698,252.7
1782626022.958,64,4,3698,255.1
1782626023.158,64,4,3698,255.1
1782626023.359,65,5,3698,255.9
1782626023.559,65,5,3698,255.9
1782626023.760,65,5,3698,255.9
1782626023.960,65,5,3698,266.2
1782626024.161,65,5,3698,266.2
1782626024.361,90,6,3698,308.2
1782626024.561,90,6,3698,308.2
1782626024.762,90,6,3698,308.2
1782626024.962,90,6,3698,335.6
1782626025.163,90,6,3698,335.6
1782626025.363,93,7,3698,332.7
1782626025.564,93,7,3698,332.7
1782626025.764,93,7,3698,332.7
1782626025.964,93,7,3698,339.7
1782626026.165,93,7,3698,339.7
1782626026.365,94,7,3698,345.0
1782626026.566,94,7,3698,345.0
1782626026.766,94,7,3698,344.1
1782626026.967,94,7,3698,344.1
1782626027.168,94,7,3698,344.1
1782626027.368,90,6,3698,342.7
1782626027.569,90,6,3698,342.7
1782626027.769,90,6,3698,265.8
1782626027.970,90,6,3698,265.8
1782626028.171,90,6,3698,265.8
1782626028.371,0,0,3698,163.4
1782626028.572,0,0,3698,163.4
1782626028.772,0,0,3698,99.9
1782626028.973,0,0,3698,99.9
1782626029.173,0,0,3698,99.9
1782626029.374,80,5,3698,181.7
1782626029.574,80,5,3698,181.7
1782626029.775,80,5,3698,258.0
1782626029.975,80,5,3698,258.0
1782626030.176,80,5,3698,258.0
1782626030.376,73,5,3698,270.9
1782626030.577,73,5,3698,270.9
1782626030.777,73,5,3698,269.1
1782626030.978,73,5,3698,269.1
1782626031.178,73,5,3698,269.1
1782626031.379,68,4,3698,269.3
1782626031.579,68,4,3698,269.3
1782626031.780,68,4,3698,268.8
1782626031.980,68,4,3698,268.8
1782626032.180,68,4,3698,268.8
1782626032.381,77,5,3698,266.0
1782626032.581,77,5,3698,266.0
1782626032.782,77,5,3698,265.1
1782626032.982,77,5,3698,265.1
1782626033.183,77,5,3698,265.1
1782626033.383,74,5,3698,267.3
1782626033.584,74,5,3698,267.3
1782626033.784,74,5,3698,270.0
1782626033.985,74,5,3698,270.0
1782626034.185,74,5,3698,270.0
1782626034.386,71,4,3698,273.1
1782626034.586,71,4,3698,273.1
1782626034.786,71,4,3698,268.7
1782626034.987,71,4,3698,268.7
1782626035.187,71,4,3698,268.7
1782626035.388,76,5,3698,267.0
1782626035.588,76,5,3698,267.0
1782626035.789,76,5,3698,273.2
1782626035.989,76,5,3698,273.2
1782626036.190,76,5,3698,273.2
1782626036.390,77,5,3698,277.8
1782626036.590,77,5,3698,277.8
1782626036.791,77,5,3698,275.6
1782626036.991,77,5,3698,275.6
1782626037.192,77,5,3698,275.6
1782626037.392,73,5,3698,271.7
1782626037.593,73,5,3698,271.7
1782626037.793,73,5,3698,274.3
1782626037.994,73,5,3698,274.3
1782626038.194,73,5,3698,274.3
1782626038.395,90,6,3698,302.3
1782626038.595,90,6,3698,302.3
1782626038.796,90,6,3698,325.7
1782626038.996,90,6,3698,325.7
1782626039.196,90,6,3698,325.7
1782626039.397,91,6,3698,328.9
1782626039.597,91,6,3698,328.9
1782626039.798,91,6,3698,228.8
1782626039.999,91,6,3698,228.8
1782626040.199,91,6,3698,228.8
1782626040.400,0,0,3698,125.7
1782626040.600,0,0,3698,125.7
1782626040.801,0,0,3698,98.9
1782626041.001,0,0,3698,98.9
1782626041.202,0,0,3698,98.9
1782626041.402,69,5,3698,198.3
1782626041.603,69,5,3698,198.3
1782626041.803,69,5,3698,256.5
1782626042.004,69,5,3698,256.5
1782626042.204,69,5,3698,256.5
1782626042.405,72,5,3698,252.0
1782626042.605,72,5,3698,252.0
1782626042.806,72,5,3698,255.0
1782626043.006,72,5,3698,255.0
1782626043.206,72,5,3698,255.0
1782626043.407,77,6,3698,258.2
1782626043.607,77,6,3698,258.2
1782626043.808,77,6,3698,254.4
1782626044.008,77,6,3698,254.4
1782626044.209,77,6,3698,254.4
1782626044.409,72,5,3698,251.9
1782626044.610,72,5,3698,251.9
1782626044.810,72,5,3698,259.3
1782626045.010,72,5,3698,259.3
1782626045.211,72,5,3698,259.3
1782626045.411,67,5,3698,261.0
1782626045.612,67,5,3698,261.0
1782626045.812,67,5,3698,260.7
1782626046.013,67,5,3698,260.7
1782626046.213,67,5,3698,260.7
1782626046.414,75,5,3698,259.6
1782626046.614,75,5,3698,259.6
1782626046.815,75,5,3698,254.3
1782626047.015,75,5,3698,254.3
1782626047.216,75,5,3698,254.3
1782626047.416,67,5,3698,253.6
1782626047.617,67,5,3698,253.6
1782626047.817,67,5,3698,250.8
1782626048.018,67,5,3698,250.8
1782626048.218,67,5,3698,250.8
1782626048.418,74,5,3698,256.2
1782626048.619,74,5,3698,256.2
1782626048.819,74,5,3698,257.3
1782626049.020,74,5,3698,257.3
1782626049.220,74,5,3698,257.3
1782626049.421,69,5,3698,260.2
1782626049.621,69,5,3698,260.2
1782626049.821,69,5,3698,257.0
1782626050.022,69,5,3698,257.0
1782626050.222,69,5,3698,257.0
1782626050.423,78,6,3698,251.6
1782626050.623,78,6,3698,251.6
1782626050.823,78,6,3698,255.6
1782626051.024,78,6,3698,255.6
1782626051.224,78,6,3698,255.6
1782626051.425,78,6,3698,265.0
1782626051.625,78,6,3698,265.0
1782626051.826,78,6,3698,265.3
1782626052.026,78,6,3698,265.3
1782626052.227,78,6,3698,265.3
1782626052.427,74,5,3698,257.2
1782626052.627,74,5,3698,257.2
1782626052.828,74,5,3698,259.0
1782626053.028,74,5,3698,259.0
1782626053.229,74,5,3698,259.0
1782626053.429,71,5,3698,258.6
1782626053.629,71,5,3698,258.6
1782626053.830,71,5,3698,256.5
1782626054.030,71,5,3698,256.5
1782626054.231,71,5,3698,256.5
1782626054.431,74,5,3698,256.3
1782626054.632,74,5,3698,256.3
1782626054.832,74,5,3698,255.0
1782626055.033,74,5,3698,255.0
1782626055.233,74,5,3698,255.0
1782626055.433,76,5,3698,253.6
1782626055.634,76,5,3698,253.6
1782626055.834,76,5,3698,269.3
1782626056.035,76,5,3698,269.3
1782626056.236,76,5,3698,269.3
1782626056.436,0,0,3698,213.9
1782626056.637,0,0,3698,213.9
1782626056.837,0,0,3698,133.7
1782626057.038,0,0,3698,133.7
1782626057.238,0,0,3698,133.7
1782626057.439,0,0,3698,99.3
1782626057.639,0,0,3698,99.3
1782626057.840,0,0,3698,119.6
1782626058.041,0,0,3698,119.6
1782626058.241,0,0,3698,119.6
1782626058.441,69,5,3698,202.4
1782626058.642,69,5,3698,202.4
1782626058.842,69,5,3698,277.0
1782626059.043,69,5,3698,277.0
1782626059.243,69,5,3698,277.0
1782626059.444,67,5,3698,257.3
1782626059.644,67,5,3698,257.3
1782626059.844,67,5,3698,263.8
1782626060.045,67,5,3698,263.8
1782626060.245,67,5,3698,263.8
1782626060.446,63,4,3698,263.5
1782626060.646,63,4,3698,263.5
1782626060.846,63,4,3698,262.4
1782626061.047,63,4,3698,262.4
1782626061.247,63,4,3698,262.4
1782626061.448,62,4,3698,257.8
1782626061.648,62,4,3698,257.8
1782626061.849,62,4,3698,259.5
1782626062.049,62,4,3698,259.5
1782626062.249,62,4,3698,259.5
1782626062.450,77,6,3698,264.7
1782626062.650,77,6,3698,264.7
1782626062.851,77,6,3698,260.3
1782626063.051,77,6,3698,260.3
1782626063.252,77,6,3698,260.3
1782626063.452,66,5,3698,257.0
1782626063.653,66,5,3698,257.0
1782626063.853,66,5,3698,246.2
1782626064.053,66,5,3698,246.2
1782626064.254,66,5,3698,246.2
1782626064.454,73,5,3698,246.3
1782626064.654,73,5,3698,246.3
1782626064.855,73,5,3698,263.8
1782626065.055,73,5,3698,263.8
1782626065.256,73,5,3698,263.8
1782626065.456,76,6,3698,264.1
1782626065.656,76,6,3698,264.1
1782626065.866,76,6,3698,258.4
1782626066.066,76,6,3698,258.4
1782626066.267,76,6,3698,258.4
1782626066.467,75,5,3698,270.0
1782626066.668,75,5,3698,270.0
1782626066.868,75,5,3698,275.8
1782626067.069,75,5,3698,275.8
1782626067.269,76,6,3698,273.9
1782626067.470,76,6,3698,273.9
1782626067.670,76,6,3698,273.9
1782626067.871,76,6,3698,277.1
1782626068.071,76,6,3698,277.1
1782626068.271,76,6,3698,276.4
1782626068.472,76,6,3698,276.4
1782626068.672,76,6,3698,276.4
1782626068.873,76,6,3698,271.0
1782626069.073,76,6,3698,271.0
1782626069.274,72,5,3698,268.2
1782626069.474,72,5,3698,268.2
1782626069.675,72,5,3698,268.2
1782626069.875,72,5,3698,269.0
1782626070.076,72,5,3698,269.0
1782626070.276,74,5,3698,274.3
1782626070.476,74,5,3698,274.3
1782626070.677,74,5,3698,274.3
1782626070.877,74,5,3698,279.8
1782626071.078,74,5,3698,279.8
1782626071.278,74,5,3698,277.2
1782626071.479,74,5,3698,277.2
1782626071.679,74,5,3698,277.2
1782626071.880,74,5,3698,280.3
1782626072.080,74,5,3698,280.3
1782626072.281,0,0,3698,232.4
1782626072.481,0,0,3698,232.4
1782626072.682,0,0,3698,232.4
1782626072.882,0,0,3698,136.0
1782626073.083,0,0,3698,136.0
1782626073.284,0,0,3698,99.6
1782626073.484,0,0,3698,99.6
1782626073.685,0,0,3698,99.6
1782626073.885,0,0,3698,114.2
1782626074.086,0,0,3698,114.2
1782626074.286,66,5,3698,213.1
1782626074.487,66,5,3698,213.1
1782626074.687,66,5,3698,213.1
1782626074.887,66,5,3698,273.3
1782626075.088,66,5,3698,273.3
1782626075.288,70,5,3698,253.8
1782626075.489,70,5,3698,253.8
1782626075.689,70,5,3698,253.8
1782626075.890,70,5,3698,249.6
1782626076.090,70,5,3698,249.6
1782626076.290,58,4,3698,249.1
1782626076.491,58,4,3698,249.1
1782626076.691,58,4,3698,249.1
1782626076.892,58,4,3698,259.2
1782626077.092,58,4,3698,259.2
1782626077.292,64,5,3698,258.8
1782626077.493,64,5,3698,258.8
1782626077.693,64,5,3698,258.8
1782626077.894,64,5,3698,254.0
1782626078.094,64,5,3698,254.0
1782626078.295,62,4,3698,253.2
1782626078.495,62,4,3698,253.2
1782626078.696,62,4,3698,253.2
1782626078.896,62,4,3698,254.2
1782626079.097,62,4,3698,254.2
1782626079.297,67,5,3698,248.1
1782626079.497,67,5,3698,248.1
1782626079.698,67,5,3698,248.1
1782626079.898,67,5,3698,247.0
1782626080.098,67,5,3698,247.0
1782626080.299,67,5,3698,251.8
1782626080.499,67,5,3698,251.8
1782626080.700,67,5,3698,251.8
1782626080.900,67,5,3698,251.7
1782626081.101,67,5,3698,251.7
1782626081.301,65,5,3698,247.4
1782626081.501,65,5,3698,247.4
1782626081.702,65,5,3698,247.4
1782626081.902,65,5,3698,259.5
1782626082.102,65,5,3698,259.5
1782626082.303,85,6,3698,290.9
1782626082.503,85,6,3698,290.9
1782626082.704,85,6,3698,290.9
1782626082.904,85,6,3698,297.1
1782626083.104,85,6,3698,297.1
1782626083.305,74,5,3698,295.8
1782626083.505,74,5,3698,295.8
1782626083.706,74,5,3698,295.8
1782626083.906,74,5,3698,296.7
1782626084.107,74,5,3698,296.7
1782626084.307,80,6,3698,300.8
1782626084.508,80,6,3698,300.8
1782626084.708,80,6,3698,300.8
1782626084.908,80,6,3698,308.8
1782626085.109,80,6,3698,308.8
1782626085.309,80,6,3698,301.8
1782626085.510,80,6,3698,301.8
1782626085.710,80,6,3698,301.8
1782626085.911,80,6,3698,302.3
1782626086.111,80,6,3698,302.3
1782626086.312,87,6,3698,306.0
1782626086.512,87,6,3698,306.0
1782626086.713,87,6,3698,306.0
1782626086.913,87,6,3698,307.2
1782626087.114,87,6,3698,307.2
1782626087.314,0,0,3698,221.4
1782626087.514,0,0,3698,221.4
1782626087.715,0,0,3698,221.4
1782626087.916,0,0,3698,126.6
1782626088.116,0,0,3698,126.6
1782626088.317,0,0,3698,99.6
1782626088.517,0,0,3698,99.6
1782626088.718,0,0,3698,99.6
1782626088.918,0,0,3698,188.6
1782626089.118,0,0,3698,188.6
1782626089.319,71,5,3698,262.6
1782626089.519,71,5,3698,262.6
1782626089.720,71,5,3698,262.6
1782626089.920,71,5,3698,252.7
1782626090.121,71,5,3698,252.7
1782626090.321,63,4,3698,257.5
1782626090.522,63,4,3698,257.5
1782626090.722,63,4,3698,257.5
1782626090.922,63,4,3698,250.5
1782626091.123,63,4,3698,250.5
1782626091.323,71,5,3698,251.0
1782626091.524,71,5,3698,251.0
1782626091.724,71,5,3698,251.0
1782626091.925,71,5,3698,254.0
1782626092.125,71,5,3698,254.0
1782626092.326,71,5,3698,257.1
1782626092.526,71,5,3698,257.1
1782626092.727,71,5,3698,257.1
1782626092.927,71,5,3698,253.3
1782626093.127,71,5,3698,253.3
1782626093.328,65,5,3698,250.1
1782626093.528,65,5,3698,250.1
1782626093.729,65,5,3698,250.1
1782626093.929,65,5,3698,256.0
1782626094.130,65,5,3698,256.0
1782626094.330,71,5,3698,259.3
1782626094.530,71,5,3698,259.3
1782626094.731,71,5,3698,259.3
1782626094.931,71,5,3698,265.8
1782626095.132,71,5,3698,265.8
1782626095.332,70,5,3698,261.8
1782626095.533,70,5,3698,261.8
1782626095.733,70,5,3698,261.8
1782626095.933,70,5,3698,253.8
1782626096.134,70,5,3698,253.8
1782626096.334,67,5,3698,252.7
1782626096.534,67,5,3698,252.7
1782626096.735,67,5,3698,252.7
1782626096.935,67,5,3698,265.2
1782626097.136,67,5,3698,265.2
1782626097.336,92,6,3698,300.9
1782626097.536,92,6,3698,300.9
1782626097.737,92,6,3698,300.9
1782626097.937,92,6,3698,334.5
1782626098.138,92,6,3698,334.5
1782626098.338,89,6,3698,337.8
1782626098.539,89,6,3698,337.8
1782626098.739,89,6,3698,337.8
1782626098.939,89,6,3698,333.7
1782626099.140,89,6,3698,333.7
1782626099.341,93,6,3698,334.5
1782626099.541,93,6,3698,334.5
1782626099.742,93,6,3698,334.5
1782626099.942,93,6,3698,328.8
1782626100.143,93,6,3698,328.8
1782626100.343,96,6,3698,332.0
1782626100.544,96,6,3698,332.0
1782626100.744,96,6,3698,332.0
1782626100.945,96,6,3698,291.1
1782626101.145,96,6,3698,291.1
1782626101.346,0,0,3698,185.2
1782626101.546,0,0,3698,185.2
1782626101.747,0,0,3698,185.2
1782626101.947,0,0,3698,99.8
1782626102.148,0,0,3698,99.8
1782626102.348,94,6,3698,173.4
1782626102.549,94,6,3698,173.4
1782626102.749,94,6,3698,173.4
1782626102.950,94,6,3698,247.0
1782626103.150,94,6,3698,247.0
1782626103.351,76,5,3698,272.3
1782626103.551,76,5,3698,272.3
1782626103.751,76,5,3698,272.3
1782626103.952,76,5,3698,260.9
1782626104.152,76,5,3698,260.9
1782626104.353,70,4,3698,259.6
1782626104.553,70,4,3698,259.6
1782626104.754,70,4,3698,259.6
1782626104.954,70,4,3698,265.4
1782626105.155,70,4,3698,265.4
1782626105.355,76,5,3698,267.9
1782626105.556,76,5,3698,267.9
1782626105.756,76,5,3698,267.9
1782626105.957,76,5,3698,266.0
1782626106.157,76,5,3698,266.0
1782626106.358,71,5,3698,262.0
1782626106.558,71,5,3698,262.0
1782626106.758,71,5,3698,262.0
1782626106.959,71,5,3698,260.7
1782626107.159,71,5,3698,260.7
1782626107.360,79,5,3698,268.4
1782626107.560,79,5,3698,268.4
1782626107.761,79,5,3698,268.4
1782626107.961,79,5,3698,267.8
1782626108.162,79,5,3698,267.8
1782626108.362,69,4,3698,260.5
1782626108.563,69,4,3698,260.5
1782626108.763,69,4,3698,260.5
1782626108.964,69,4,3698,261.6
1782626109.164,69,4,3698,261.6
1782626109.364,72,5,3698,261.3
1782626109.565,72,5,3698,261.3
1782626109.765,72,5,3698,261.3
1782626109.966,72,5,3698,264.6
1782626110.166,72,5,3698,264.6
1782626110.367,74,5,3698,266.2
1782626110.567,74,5,3698,266.2
1782626110.768,74,5,3698,266.2
1782626110.968,74,5,3698,244.8
1782626111.169,74,5,3698,244.8
1782626111.369,0,0,3698,163.0
1782626111.570,0,0,3698,163.0
1782626111.770,0,0,3698,163.0
1782626111.971,0,0,3698,100.0
1782626112.172,0,0,3698,100.0
1782626112.372,95,7,3698,137.8
1782626112.572,95,7,3698,137.8
1782626112.773,95,7,3698,215.2
1782626112.973,95,7,3698,215.2
1782626113.174,95,7,3698,215.2
1782626113.374,75,5,3698,264.2
1782626113.574,75,5,3698,264.2
1782626113.775,75,5,3698,257.9
1782626113.975,75,5,3698,257.9
1782626114.176,75,5,3698,257.9
1782626114.376,66,5,3698,257.4
1782626114.577,66,5,3698,257.4
1782626114.777,66,5,3698,256.0
1782626114.977,66,5,3698,256.0
1782626115.178,66,5,3698,256.0
1782626115.378,72,5,3698,254.3
1782626115.578,72,5,3698,254.3
1782626115.779,72,5,3698,256.6
1782626115.979,72,5,3698,256.6
1782626116.180,72,5,3698,256.6
1782626116.380,76,6,3698,257.9
1782626116.581,76,6,3698,257.9
1782626116.781,76,6,3698,259.9
1782626116.982,76,6,3698,259.9
1782626117.182,76,6,3698,259.9
1782626117.383,64,5,3698,261.2
1782626117.583,64,5,3698,261.2
1782626117.783,64,5,3698,261.1
1782626117.984,64,5,3698,261.1
1782626118.184,64,5,3698,261.1
1782626118.385,73,5,3698,261.2
1782626118.585,73,5,3698,261.2
1782626118.786,73,5,3698,261.6
1782626118.986,73,5,3698,261.6
1782626119.186,73,5,3698,261.6
1782626119.387,76,6,3698,266.8
1782626119.587,76,6,3698,266.8
1782626119.788,76,6,3698,262.4
1782626119.988,76,6,3698,262.4
1782626120.189,76,6,3698,262.4
1782626120.389,77,6,3698,261.5
1782626120.590,77,6,3698,261.5
1782626120.790,77,6,3698,261.3
1782626120.990,77,6,3698,261.3
1782626121.191,77,6,3698,261.3
1782626121.391,74,5,3698,256.7
1782626121.592,74,5,3698,256.7
1782626121.792,74,5,3698,258.9
1782626121.993,74,5,3698,258.9
1782626122.193,74,5,3698,258.9
1782626122.393,71,5,3698,255.8
1782626122.594,71,5,3698,255.8
1782626122.794,71,5,3698,264.6
1782626122.995,71,5,3698,264.6
1782626123.195,71,5,3698,264.6
1782626123.395,73,5,3698,265.0
1782626123.596,73,5,3698,265.0
1782626123.796,73,5,3698,257.2
1782626123.997,73,5,3698,257.2
1782626124.197,73,5,3698,257.2
1782626124.398,74,6,3698,257.3
1782626124.598,74,6,3698,257.3
1782626124.798,74,6,3698,258.3
1782626124.999,74,6,3698,258.3
1782626125.199,74,6,3698,258.3
1782626125.400,71,5,3698,260.8
1782626125.600,71,5,3698,260.8
1782626125.801,71,5,3698,255.1
1782626126.001,71,5,3698,255.1
1782626126.202,71,5,3698,255.1
1782626126.402,69,5,3698,254.4
1782626126.602,69,5,3698,254.4
1782626126.803,69,5,3698,258.7
1782626127.003,69,5,3698,258.7
1782626127.204,69,5,3698,258.7
1782626127.404,70,5,3698,277.2
1782626127.605,70,5,3698,277.2
1782626127.805,70,5,3698,203.0
1782626128.006,70,5,3698,203.0
1782626128.207,70,5,3698,203.0
1782626128.407,0,0,3698,117.6
1782626128.608,0,0,3698,117.6
1782626128.808,0,0,3698,100.2
1782626129.009,0,0,3698,100.2
1782626129.209,0,0,3698,100.2
1782626129.410,95,7,3698,141.6
1782626129.610,95,7,3698,141.6
1782626129.811,95,7,3698,216.0
1782626130.011,95,7,3698,216.0
1782626130.212,95,7,3698,216.0
1782626130.412,74,6,3698,265.4
1782626130.613,74,6,3698,265.4
1782626130.813,74,6,3698,262.0
1782626131.014,74,6,3698,262.0
1782626131.214,74,6,3698,262.0
1782626131.414,59,4,3698,253.9
1782626131.615,59,4,3698,253.9
1782626131.815,59,4,3698,240.6
1782626132.016,59,4,3698,240.6
1782626132.216,59,4,3698,240.6
1782626132.416,69,5,3698,245.6
1782626132.617,69,5,3698,245.6
1782626132.817,69,5,3698,248.5
1782626133.018,69,5,3698,248.5
1782626133.218,69,5,3698,248.5
1782626133.418,74,6,3698,253.5
1782626133.619,74,6,3698,253.5
1782626133.819,74,6,3698,259.0
1782626134.020,74,6,3698,259.0
1782626134.220,74,6,3698,259.0
1782626134.420,68,5,3698,254.1
1782626134.621,68,5,3698,254.1
1782626134.821,68,5,3698,253.6
1782626135.022,68,5,3698,253.6
1782626135.222,68,5,3698,253.6
1782626135.423,70,5,3698,258.3
1782626135.623,70,5,3698,258.3
1782626135.824,70,5,3698,256.4
1782626136.024,70,5,3698,256.4
1782626136.225,70,5,3698,256.4
1782626136.425,69,5,3698,258.5
1782626136.626,69,5,3698,258.5
1782626136.826,69,5,3698,258.8
1782626137.026,69,5,3698,258.8
1782626137.227,69,5,3698,258.8
1782626137.427,80,6,3698,268.6
1782626137.627,80,6,3698,268.6
1782626137.828,80,6,3698,290.6
1782626138.028,80,6,3698,290.6
1782626138.229,80,6,3698,290.6
1782626138.429,74,5,3698,289.4
1782626138.630,74,5,3698,289.4
1782626138.830,74,5,3698,281.7
1782626139.031,74,5,3698,281.7
1782626139.231,74,5,3698,281.7
1782626139.432,79,6,3698,275.6
1782626139.633,79,6,3698,275.6
1782626139.833,79,6,3698,270.2
1782626140.034,79,6,3698,270.2
1782626140.234,79,6,3698,270.2
1782626140.435,67,5,3698,269.8
1782626140.635,67,5,3698,269.8
1782626140.835,67,5,3698,268.5
1782626141.036,67,5,3698,268.5
1782626141.236,67,5,3698,268.5
1782626141.437,76,5,3698,275.9
1782626141.637,76,5,3698,275.9
1782626141.838,76,5,3698,277.8
1782626142.038,76,5,3698,277.8
1782626142.239,76,5,3698,277.8
1782626142.439,79,6,3698,270.1
1782626142.639,79,6,3698,270.1
1782626142.840,79,6,3698,275.9
1782626143.040,79,6,3698,275.9
1782626143.240,79,6,3698,275.9
1782626143.441,80,6,3698,278.9
1782626143.641,80,6,3698,278.9
1782626143.842,80,6,3698,216.3
1782626144.042,80,6,3698,216.3
1782626144.243,80,6,3698,216.3
1782626144.443,0,0,3698,123.2
1782626144.644,0,0,3698,123.2
1782626144.844,0,0,3698,100.1
1782626145.045,0,0,3698,100.1
1782626145.245,0,0,3698,100.1
1782626145.446,95,7,3698,140.3
1782626145.646,95,7,3698,140.3
1782626145.847,95,7,3698,221.2
1782626146.047,95,7,3698,221.2
1782626146.247,95,7,3698,221.2
1782626146.448,59,4,3698,261.6
1782626146.648,59,4,3698,261.6
1782626146.849,59,4,3698,249.5
1782626147.049,59,4,3698,249.5
1782626147.249,59,4,3698,249.5
1782626147.450,76,5,3698,258.8
1782626147.650,76,5,3698,258.8
1782626147.851,76,5,3698,260.0
1782626148.051,76,5,3698,260.0
1782626148.252,76,5,3698,260.0
1782626148.453,64,5,3698,257.5
1782626148.653,64,5,3698,257.5
1782626148.854,64,5,3698,264.1
1782626149.054,64,5,3698,264.1
1782626149.255,64,5,3698,264.1
1782626149.455,68,5,3698,261.7
1782626149.655,68,5,3698,261.7
1782626149.856,68,5,3698,259.6
1782626150.056,68,5,3698,259.6
1782626150.257,68,5,3698,259.6
1782626150.457,70,5,3698,262.0
1782626150.658,70,5,3698,262.0
1782626150.858,70,5,3698,261.4
1782626151.059,70,5,3698,261.4
1782626151.259,70,5,3698,261.4
1782626151.459,68,5,3698,260.4
1782626151.660,68,5,3698,260.4
1782626151.860,68,5,3698,257.3
1782626152.061,68,5,3698,257.3
1782626152.261,68,5,3698,257.3
1782626152.462,72,5,3698,259.1
1782626152.662,72,5,3698,259.1
1782626152.862,72,5,3698,262.4
1782626153.063,72,5,3698,262.4
1782626153.263,72,5,3698,262.4
1782626153.464,79,6,3698,279.9
1782626153.664,79,6,3698,279.9
1782626153.864,79,6,3698,304.6
1782626154.065,79,6,3698,304.6
1782626154.265,79,6,3698,304.6
1782626154.466,87,6,3698,325.7
1782626154.666,87,6,3698,325.7
1782626154.867,87,6,3698,318.8
1782626155.067,87,6,3698,318.8
1782626155.268,87,6,3698,318.8
1782626155.468,85,6,3698,309.2
1782626155.668,85,6,3698,309.2
1782626155.869,85,6,3698,305.7
1782626156.069,85,6,3698,305.7
1782626156.270,85,6,3698,305.7
1782626156.470,78,6,3698,301.3
1782626156.671,78,6,3698,301.3
1782626156.871,78,6,3698,309.3
1782626157.072,78,6,3698,309.3
1782626157.272,78,6,3698,309.3
1782626157.473,89,7,3698,305.9
1782626157.673,89,7,3698,305.9
1782626157.874,89,7,3698,307.0
1782626158.074,89,7,3698,307.0
1782626158.275,89,7,3698,307.0
1782626158.475,0,0,3698,290.9
1782626158.676,0,0,3698,290.9
1782626158.876,0,0,3698,182.9
1782626159.077,0,0,3698,182.9
1782626159.278,0,0,3698,101.4
1782626159.478,0,0,3698,101.4
1782626159.679,0,0,3698,101.4
1782626159.879,0,0,3698,118.3
1782626160.080,0,0,3698,118.3
1782626160.280,62,4,3698,215.9
1782626160.481,62,4,3698,215.9
1782626160.681,62,4,3698,215.9
1782626160.882,62,4,3698,274.9
1782626161.082,62,4,3698,274.9
1782626161.282,63,4,3698,252.0
1782626161.483,63,4,3698,252.0
1782626161.683,63,4,3698,252.0
1782626161.884,63,4,3698,254.2
1782626162.084,63,4,3698,254.2
1782626162.285,61,4,3698,254.9
1782626162.485,61,4,3698,254.9
1782626162.685,61,4,3698,254.9
1782626162.886,61,4,3698,253.6
1782626163.086,61,4,3698,253.6
1782626163.287,65,5,3698,256.0
1782626163.487,65,5,3698,256.0
1782626163.688,65,5,3698,256.0
1782626163.888,65,5,3698,259.9
1782626164.089,65,5,3698,259.9
1782626164.289,74,5,3698,262.1
1782626164.490,74,5,3698,262.1
1782626164.690,74,5,3698,262.1
1782626164.891,74,5,3698,265.6
1782626165.091,74,5,3698,265.6
1782626165.292,61,4,3698,260.9
1782626165.492,61,4,3698,260.9
1782626165.693,61,4,3698,260.9
1782626165.893,61,4,3698,261.9
1782626166.094,61,4,3698,261.9
1782626166.294,64,5,3698,264.2
1782626166.495,64,5,3698,264.2
1782626166.695,64,5,3698,264.2
1782626166.895,64,5,3698,264.8
1782626167.096,64,5,3698,264.8
1782626167.296,66,5,3698,262.1
1782626167.497,66,5,3698,262.1
1782626167.697,66,5,3698,262.1
1782626167.898,66,5,3698,264.9
1782626168.098,66,5,3698,264.9
1782626168.299,96,7,3698,300.8
1782626168.499,96,7,3698,300.8
1782626168.699,96,7,3698,300.8
1782626168.900,96,7,3698,339.7
1782626169.100,96,7,3698,339.7
1782626169.301,85,6,3698,337.0
1782626169.501,85,6,3698,337.0
1782626169.702,85,6,3698,337.0
1782626169.902,85,6,3698,330.7
1782626170.102,85,6,3698,330.7
1782626170.303,92,7,3698,332.1
1782626170.503,92,7,3698,332.1
1782626170.704,92,7,3698,332.1
1782626170.904,92,7,3698,325.5
1782626171.105,92,7,3698,325.5
1782626171.305,93,7,3698,323.4
1782626171.506,93,7,3698,323.4
1782626171.706,93,7,3698,323.4
1782626171.906,93,7,3698,335.2
1782626172.107,93,7,3698,335.2
1782626172.308,0,0,3698,291.5
1782626172.508,0,0,3698,291.5
1782626172.709,0,0,3698,291.5
1782626172.909,0,0,3698,164.5
1782626173.110,0,0,3698,164.5
1782626173.310,0,0,3698,99.7
1782626173.511,0,0,3698,99.7
1782626173.711,0,0,3698,99.7
1782626173.912,0,0,3698,171.5
1782626174.112,0,0,3698,171.5
1782626174.313,72,5,3698,249.0
1782626174.513,72,5,3698,249.0
1782626174.714,72,5,3698,249.0
1782626174.914,72,5,3698,274.1
1782626175.115,72,5,3698,274.1
1782626175.315,76,5,3698,263.2
1782626175.516,76,5,3698,263.2
1782626175.716,76,5,3698,263.2
1782626175.917,76,5,3698,263.4
1782626176.117,76,5,3698,263.4
1782626176.317,72,5,3698,268.2
1782626176.518,72,5,3698,268.2
1782626176.718,72,5,3698,268.2
1782626176.919,72,5,3698,266.4
1782626177.119,72,5,3698,266.4
1782626177.320,73,5,3698,262.1
1782626177.520,73,5,3698,262.1
1782626177.721,73,5,3698,262.1
1782626177.921,73,5,3698,260.7
1782626178.122,73,5,3698,260.7
1782626178.322,69,5,3698,263.6
1782626178.522,69,5,3698,263.6
1782626178.723,69,5,3698,263.6
1782626178.923,69,5,3698,268.1
1782626179.124,69,5,3698,268.1
1782626179.324,65,4,3698,269.2
1782626179.525,65,4,3698,269.2
1782626179.725,65,4,3698,269.2
1782626179.926,65,4,3698,264.2
1782626180.126,65,4,3698,264.2
1782626180.327,71,5,3698,264.2
1782626180.527,71,5,3698,264.2
1782626180.728,71,5,3698,264.2
1782626180.928,71,5,3698,270.3
1782626181.129,71,5,3698,270.3
1782626181.329,75,5,3698,267.6
1782626181.530,75,5,3698,267.6
1782626181.730,75,5,3698,267.6
1782626181.930,75,5,3698,260.7
1782626182.131,75,5,3698,260.7
1782626182.332,0,0,3698,254.0
1782626182.532,0,0,3698,254.0
1782626182.733,0,0,3698,254.0
1782626182.933,0,0,3698,182.2
1782626183.134,0,0,3698,182.2
1782626183.334,0,0,3698,101.8
1782626183.535,0,0,3698,101.8
1782626183.735,0,0,3698,101.8
1782626183.936,0,0,3698,132.8
1782626184.136,0,0,3698,132.8
1782626184.337,73,5,3698,212.3
1782626184.537,73,5,3698,212.3
1782626184.738,73,5,3698,212.3
1782626184.938,73,5,3698,277.1
1782626185.139,73,5,3698,277.1
1782626185.339,75,6,3698,263.3
1782626185.540,75,6,3698,263.3
1782626185.740,75,6,3698,263.3
1782626185.940,75,6,3698,265.5
1782626186.141,75,6,3698,265.5
1782626186.341,73,5,3698,261.9
1782626186.542,73,5,3698,261.9
1782626186.742,73,5,3698,261.9
1782626186.943,73,5,3698,256.4
1782626187.143,73,5,3698,256.4
1782626187.344,69,5,3698,254.4
1782626187.545,69,5,3698,254.4
1782626187.745,69,5,3698,254.4
1782626187.945,69,5,3698,254.8
1782626188.146,69,5,3698,254.8
1782626188.346,75,5,3698,255.0
1782626188.547,75,5,3698,255.0
1782626188.747,75,5,3698,255.0
1782626188.948,75,5,3698,256.6
1782626189.148,75,5,3698,256.6
1782626189.348,81,6,3698,257.1
1782626189.549,81,6,3698,257.1
1782626189.749,81,6,3698,257.1
1782626189.950,81,6,3698,257.4
1782626190.150,81,6,3698,257.4
1782626190.351,76,5,3698,256.6
1782626190.551,76,5,3698,256.6
1782626190.752,76,5,3698,256.6
1782626190.952,76,5,3698,258.0
1782626191.152,76,5,3698,258.0
1782626191.353,69,5,3698,257.9
1782626191.553,69,5,3698,257.9
1782626191.754,69,5,3698,257.9
1782626191.954,69,5,3698,258.8
1782626192.155,69,5,3698,258.8
1782626192.355,78,6,3698,261.6
1782626192.556,78,6,3698,261.6
1782626192.756,78,6,3698,261.6
1782626192.956,78,6,3698,256.8
1782626193.157,78,6,3698,256.8
1782626193.357,78,6,3698,254.6
1782626193.558,78,6,3698,254.6
1782626193.758,78,6,3698,254.6
1782626193.958,78,6,3698,256.9
1782626194.159,78,6,3698,256.9
1782626194.359,70,5,3698,256.1
1782626194.560,70,5,3698,256.1
1782626194.760,70,5,3698,256.1
1782626194.961,70,5,3698,251.4
1782626195.161,70,5,3698,251.4
1782626195.362,70,5,3698,250.5
1782626195.562,70,5,3698,250.5
1782626195.763,70,5,3698,250.5
1782626195.963,70,5,3698,247.8
1782626196.163,70,5,3698,247.8
1782626196.364,77,5,3698,248.9
1782626196.564,77,5,3698,248.9
1782626196.765,77,5,3698,248.9
1782626196.965,77,5,3698,260.6
1782626197.166,77,5,3698,260.6
1782626197.368,71,5,3698,261.1
1782626197.568,71,5,3698,261.1
1782626197.769,71,5,3698,261.1
1782626197.969,71,5,3698,253.6
1782626198.170,71,5,3698,253.6
1782626198.370,81,6,3698,254.5
1782626198.571,81,6,3698,254.5
1782626198.771,81,6,3698,254.5
1782626198.972,81,6,3698,267.0
1782626199.172,81,6,3698,267.0
1782626199.373,0,0,3698,188.8
1782626199.573,0,0,3698,188.8
1782626199.774,0,0,3698,188.8
1782626199.975,0,0,3698,115.6
1782626200.175,0,0,3698,115.6
1782626200.376,0,0,3698,98.9
1782626200.576,0,0,3698,98.9
1782626200.777,0,0,3698,98.9
1782626200.977,0,0,3698,142.2
1782626201.178,0,0,3698,142.2
1782626201.378,71,5,3698,231.8
1782626201.579,71,5,3698,231.8
1782626201.779,71,5,3698,262.5
1782626201.980,71,5,3698,262.5
1782626202.180,71,5,3698,262.5
1782626202.383,63,4,3698,251.3
1782626202.584,63,4,3698,251.3
1782626202.784,63,4,3698,250.2
1782626202.985,63,4,3698,250.2
1782626203.185,63,4,3698,250.2
1782626203.385,61,4,3698,254.2
1782626203.586,61,4,3698,254.2
1782626203.786,61,4,3698,253.3
1782626203.987,61,4,3698,253.3
1782626204.187,61,4,3698,253.3
1782626204.388,67,5,3698,255.9
1782626204.588,67,5,3698,255.9
1782626204.788,67,5,3698,252.4
1782626204.989,67,5,3698,252.4
1782626205.189,67,5,3698,252.4
1782626205.390,72,5,3698,253.4
1782626205.590,72,5,3698,253.4
1782626205.791,72,5,3698,255.5
1782626205.991,72,5,3698,255.5
1782626206.191,72,5,3698,255.5
1782626206.392,67,5,3698,251.0
1782626206.592,67,5,3698,251.0
1782626206.793,67,5,3698,259.2
1782626206.993,67,5,3698,259.2
1782626207.193,67,5,3698,259.2
1782626207.394,63,5,3698,265.4
1782626207.594,63,5,3698,265.4
1782626207.795,63,5,3698,254.3
1782626207.995,63,5,3698,254.3
1782626208.196,63,5,3698,254.3
1782626208.396,71,5,3698,250.5
1782626208.597,71,5,3698,250.5
1782626208.797,71,5,3698,256.3
1782626208.997,71,5,3698,256.3
1782626209.198,71,5,3698,256.3
1782626209.398,79,5,3698,272.0
1782626209.599,79,5,3698,272.0
1782626209.799,79,5,3698,276.8
1782626210.000,79,5,3698,276.8
1782626210.200,79,5,3698,276.8
1782626210.400,79,6,3698,278.8
1782626210.601,79,6,3698,278.8
1782626210.801,79,6,3698,275.8
1782626211.002,79,6,3698,275.8
1782626211.202,79,6,3698,275.8
1782626211.403,81,6,3698,276.0
1782626211.603,81,6,3698,276.0
1782626211.803,81,6,3698,277.4
1782626212.004,81,6,3698,277.4
1782626212.204,81,6,3698,277.4
1782626212.405,82,6,3698,275.7
1782626212.605,82,6,3698,275.7
1782626212.806,82,6,3698,279.8
1782626213.006,82,6,3698,279.8
1782626213.207,82,6,3698,279.8
1782626213.407,79,6,3698,274.4
1782626213.607,79,6,3698,274.4
1782626213.808,79,6,3698,267.3
1782626214.008,79,6,3698,267.3
1782626214.209,79,6,3698,267.3
1782626214.409,82,6,3698,272.4
1782626214.609,82,6,3698,272.4
1782626214.810,82,6,3698,278.4
1782626215.010,82,6,3698,278.4
1782626215.211,82,6,3698,278.4
1782626215.411,0,0,3698,229.8
1782626215.612,0,0,3698,229.8
1782626215.812,0,0,3698,138.1
1782626216.013,0,0,3698,138.1
1782626216.213,0,0,3698,138.1
1782626216.414,0,0,3698,99.4
1782626216.615,0,0,3698,99.4
1782626216.815,0,0,3698,119.7
1782626217.016,0,0,3698,119.7
1782626217.216,0,0,3698,119.7
1782626217.417,60,4,3698,207.3
1782626217.617,60,4,3698,207.3
1782626217.817,60,4,3698,263.0
1782626218.018,60,4,3698,263.0
1782626218.218,60,4,3698,263.0
1782626218.419,59,4,3698,237.3
1782626218.619,59,4,3698,237.3
1782626218.820,59,4,3698,249.2
1782626219.020,59,4,3698,249.2
1782626219.221,59,4,3698,249.2
1782626219.421,63,4,3698,253.6
1782626219.622,63,4,3698,253.6
1782626219.822,63,4,3698,256.1
1782626220.022,63,4,3698,256.1
1782626220.223,63,4,3698,256.1
1782626220.423,72,5,3698,258.3
1782626220.624,72,5,3698,258.3
1782626220.824,72,5,3698,249.5
1782626221.025,72,5,3698,249.5
1782626221.225,72,5,3698,249.5
1782626221.426,55,4,3698,240.7
1782626221.626,55,4,3698,240.7
1782626221.827,55,4,3698,242.5
1782626222.027,55,4,3698,242.5
1782626222.227,55,4,3698,242.5
1782626222.428,68,5,3698,250.4
1782626222.628,68,5,3698,250.4
1782626222.829,68,5,3698,256.5
1782626223.029,68,5,3698,256.5
1782626223.230,68,5,3698,256.5
1782626223.430,62,4,3698,252.6
1782626223.631,62,4,3698,252.6
1782626223.831,62,4,3698,250.8
1782626224.031,62,4,3698,250.8
1782626224.232,62,4,3698,250.8
1782626224.433,63,5,3698,258.8
1782626224.633,63,5,3698,258.8
1782626224.833,63,5,3698,275.6
1782626225.034,63,5,3698,275.6
1782626225.234,63,5,3698,275.6
1782626225.435,90,7,3698,295.8
1782626225.635,90,7,3698,295.8
1782626225.835,90,7,3698,308.0
1782626226.036,90,7,3698,308.0
1782626226.236,90,7,3698,308.0
1782626226.437,82,6,3698,300.4
1782626226.637,82,6,3698,300.4
1782626226.838,82,6,3698,283.4
1782626227.038,82,6,3698,283.4
1782626227.238,82,6,3698,283.4
1782626227.439,85,6,3698,292.0
1782626227.639,85,6,3698,292.0
1782626227.840,85,6,3698,304.4
1782626228.040,85,6,3698,304.4
1782626228.241,85,6,3698,304.4
1782626228.441,82,6,3698,303.5
1782626228.641,82,6,3698,303.5
1782626228.842,82,6,3698,308.2
1782626229.042,82,6,3698,308.2
1782626229.243,82,6,3698,308.2
1782626229.443,83,6,3698,301.7
1782626229.644,83,6,3698,301.7
1782626229.845,83,6,3698,296.2
1782626230.045,83,6,3698,296.2
1782626230.246,83,6,3698,296.2
1782626230.446,0,0,3698,225.3
1782626230.647,0,0,3698,225.3
1782626230.848,0,0,3698,117.0
1782626231.048,0,0,3698,117.0
1782626231.249,0,0,3698,117.0
1782626231.450,0,0,3698,99.4
1782626231.650,0,0,3698,99.4
1782626231.851,0,0,3698,171.5
1782626232.051,0,0,3698,171.5
1782626232.252,0,0,3698,171.5
1782626232.452,69,5,3698,257.8
1782626232.653,69,5,3698,257.8
1782626232.853,69,5,3698,255.9
1782626233.053,69,5,3698,255.9
1782626233.254,69,5,3698,255.9
1782626233.454,71,5,3698,253.8
1782626233.655,71,5,3698,253.8
1782626233.855,71,5,3698,252.7
1782626234.056,71,5,3698,252.7
1782626234.256,71,5,3698,252.7
1782626234.457,63,5,3698,256.8
1782626234.657,63,5,3698,256.8
1782626234.857,63,5,3698,255.7
1782626235.058,63,5,3698,255.7
1782626235.258,63,5,3698,255.7
1782626235.459,59,4,3698,256.2
1782626235.659,59,4,3698,256.2
1782626235.860,59,4,3698,261.2
1782626236.060,59,4,3698,261.2
1782626236.261,59,4,3698,261.2
1782626236.461,75,5,3698,268.0
1782626236.662,75,5,3698,268.0
1782626236.862,75,5,3698,269.2
1782626237.062,75,5,3698,269.2
1782626237.263,75,5,3698,269.2
1782626237.463,65,5,3698,259.3
1782626237.664,65,5,3698,259.3
1782626237.864,65,5,3698,257.6
1782626238.065,65,5,3698,257.6
1782626238.265,65,5,3698,257.6
1782626238.466,68,5,3698,259.3
1782626238.667,68,5,3698,259.3
1782626238.867,68,5,3698,259.5
1782626239.068,68,5,3698,259.5
1782626239.268,68,5,3698,259.5
1782626239.469,60,4,3698,250.8
1782626239.669,60,4,3698,250.8
1782626239.869,60,4,3698,263.5
1782626240.070,60,4,3698,263.5
1782626240.270,60,4,3698,263.5
1782626240.471,94,7,3698,297.9
1782626240.671,94,7,3698,297.9
1782626240.872,94,7,3698,329.9
1782626241.073,94,7,3698,329.9
1782626241.273,94,7,3698,329.9
1782626241.474,95,6,3698,340.7
1782626241.674,95,6,3698,340.7
1782626241.874,95,6,3698,336.5
1782626242.075,95,6,3698,336.5
1782626242.276,95,6,3698,336.5
1782626242.476,93,6,3698,328.0
1782626242.677,93,6,3698,328.0
1782626242.877,93,6,3698,330.5
1782626243.078,93,6,3698,330.5
1782626243.278,93,6,3698,330.5
1782626243.479,96,7,3698,334.1
1782626243.679,96,7,3698,334.1
1782626243.880,96,7,3698,335.5
1782626244.080,96,7,3698,335.5
1782626244.281,0,0,3698,263.3
1782626244.482,0,0,3698,263.3
1782626244.682,0,0,3698,263.3
1782626244.883,0,0,3698,133.7
1782626245.083,0,0,3698,133.7
1782626245.284,0,0,3698,99.3
1782626245.485,0,0,3698,99.3
1782626245.685,0,0,3698,99.3
1782626245.886,0,0,3698,191.3
1782626246.086,0,0,3698,191.3
1782626246.286,69,5,3698,269.4
1782626246.487,69,5,3698,269.4
1782626246.687,69,5,3698,269.4
1782626246.888,69,5,3698,270.9
1782626247.088,69,5,3698,270.9
1782626247.289,70,5,3698,267.5
1782626247.489,70,5,3698,267.5
1782626247.689,70,5,3698,267.5
1782626247.890,70,5,3698,261.9
1782626248.090,70,5,3698,261.9
1782626248.291,71,5,3698,259.9
1782626248.491,71,5,3698,259.9
1782626248.692,71,5,3698,259.9
1782626248.892,71,5,3698,262.0
1782626249.093,71,5,3698,262.0
1782626249.294,65,4,3698,264.6
1782626249.494,65,4,3698,264.6
1782626249.695,65,4,3698,264.6
1782626249.895,65,4,3698,258.4
1782626250.095,65,4,3698,258.4
1782626250.296,73,5,3698,257.7
1782626250.496,73,5,3698,257.7
1782626250.697,73,5,3698,257.7
1782626250.897,73,5,3698,269.1
1782626251.098,73,5,3698,269.1
1782626251.298,75,5,3698,271.0
1782626251.499,75,5,3698,271.0
1782626251.699,75,5,3698,271.0
1782626251.900,75,5,3698,272.6
1782626252.100,75,5,3698,272.6
1782626252.300,78,5,3698,279.4
1782626252.501,78,5,3698,279.4
1782626252.701,78,5,3698,279.4
1782626252.902,78,5,3698,269.9
1782626253.102,78,5,3698,269.9
1782626253.303,72,4,3698,265.8
1782626253.503,72,4,3698,265.8
1782626253.704,72,4,3698,265.8
1782626253.904,72,4,3698,266.5
1782626254.105,72,4,3698,266.5
1782626254.305,84,6,3698,285.4
1782626254.505,84,6,3698,285.4
1782626254.706,84,6,3698,285.4
1782626254.907,84,6,3698,256.2
1782626255.107,84,6,3698,256.2
1782626255.308,0,0,3698,167.2
1782626255.508,0,0,3698,167.2
1782626255.709,0,0,3698,167.2
1782626255.909,0,0,3698,99.1
1782626256.110,0,0,3698,99.1
1782626256.311,96,7,3698,160.6
1782626256.511,96,7,3698,160.6
1782626256.711,96,7,3698,160.6
1782626256.912,96,7,3698,224.0
1782626257.112,96,7,3698,224.0
1782626257.313,75,5,3698,249.9
1782626257.513,75,5,3698,249.9
1782626257.714,75,5,3698,249.9
1782626257.914,75,5,3698,250.6
1782626258.115,75,5,3698,250.6
1782626258.315,76,6,3698,250.5
1782626258.515,76,6,3698,250.5
1782626258.716,76,6,3698,250.5
1782626258.916,76,6,3698,248.9
1782626259.117,76,6,3698,248.9
1782626259.317,74,5,3698,255.7
1782626259.518,74,5,3698,255.7
1782626259.718,74,5,3698,255.7
1782626259.919,74,5,3698,256.6
1782626260.119,74,5,3698,256.6
1782626260.319,70,5,3698,248.5
1782626260.520,70,5,3698,248.5
1782626260.720,70,5,3698,248.5
1782626260.921,70,5,3698,243.1
1782626261.121,70,5,3698,243.1
1782626261.322,69,5,3698,246.8
1782626261.522,69,5,3698,246.8
1782626261.723,69,5,3698,246.8
1782626261.923,69,5,3698,253.9
1782626262.123,69,5,3698,253.9
1782626262.324,75,5,3698,253.3
1782626262.524,75,5,3698,253.3
1782626262.725,75,5,3698,253.3
1782626262.925,75,5,3698,252.6
1782626263.125,75,5,3698,252.6
1782626263.326,68,5,3698,252.1
1782626263.526,68,5,3698,252.1
1782626263.727,68,5,3698,252.1
1782626263.927,68,5,3698,253.4
1782626264.127,68,5,3698,253.4
1782626264.328,68,5,3698,251.2
1782626264.528,68,5,3698,251.2
1782626264.729,68,5,3698,251.2
1782626264.929,68,5,3698,248.1
1782626265.130,68,5,3698,248.1
1782626265.330,78,6,3698,250.7
1782626265.530,78,6,3698,250.7
1782626265.731,78,6,3698,250.7
1782626265.931,78,6,3698,257.6
1782626266.132,78,6,3698,257.6
1782626266.332,71,5,3698,255.3
1782626266.533,71,5,3698,255.3
1782626266.733,71,5,3698,255.3
1782626266.934,71,5,3698,255.0
1782626267.134,71,5,3698,255.0
1782626267.334,69,5,3698,261.2
1782626267.535,69,5,3698,261.2
1782626267.735,69,5,3698,261.2
1782626267.936,69,5,3698,254.2
1782626268.136,69,5,3698,254.2
1782626268.337,70,5,3698,244.5
1782626268.537,70,5,3698,244.5
1782626268.737,70,5,3698,244.5
1782626268.938,70,5,3698,249.4
1782626269.138,70,5,3698,249.4
1782626269.339,76,6,3698,255.6
1782626269.539,76,6,3698,255.6
1782626269.740,76,6,3698,255.6
1782626269.940,76,6,3698,254.8
1782626270.141,76,6,3698,254.8
1782626270.341,69,5,3698,251.0
1782626270.542,69,5,3698,251.0
1782626270.742,69,5,3698,251.0
1782626270.943,69,5,3698,252.5
1782626271.143,69,5,3698,252.5
1782626271.343,0,0,3698,226.6
1782626271.544,0,0,3698,226.6
1782626271.744,0,0,3698,226.6
1782626271.945,0,0,3698,159.7
1782626272.145,0,0,3698,159.7
1782626272.346,0,0,3698,100.0
1782626272.546,0,0,3698,100.0
1782626272.747,0,0,3698,100.0
1782626272.947,0,0,3698,100.3
1782626273.148,0,0,3698,100.3
1782626273.348,59,4,3698,190.8
1782626273.548,59,4,3698,190.8
1782626273.749,59,4,3698,190.8
1782626273.949,59,4,3698,250.7
1782626274.150,59,4,3698,250.7
1782626274.350,63,5,3698,250.7
1782626274.551,63,5,3698,250.7
1782626274.751,63,5,3698,250.7
1782626274.951,63,5,3698,251.2
1782626275.152,63,5,3698,251.2
1782626275.352,63,5,3698,254.7
1782626275.553,63,5,3698,254.7
1782626275.753,63,5,3698,254.7
1782626275.954,63,5,3698,265.0
1782626276.154,63,5,3698,265.0
1782626276.354,73,5,3698,261.0
1782626276.555,73,5,3698,261.0
1782626276.755,73,5,3698,261.0
1782626276.956,73,5,3698,261.3
1782626277.156,73,5,3698,261.3
1782626277.357,73,5,3698,265.7
1782626277.557,73,5,3698,265.7
1782626277.757,73,5,3698,265.7
1782626277.958,73,5,3698,267.9
1782626278.158,73,5,3698,267.9
1782626278.359,72,5,3698,264.2
1782626278.559,72,5,3698,264.2
1782626278.759,72,5,3698,264.2
1782626278.960,72,5,3698,252.5
1782626279.160,72,5,3698,252.5
1782626279.361,69,5,3698,252.9
1782626279.561,69,5,3698,252.9
1782626279.762,69,5,3698,252.9
1782626279.962,69,5,3698,258.7
1782626280.162,69,5,3698,258.7
1782626280.363,78,6,3698,263.4
1782626280.563,78,6,3698,263.4
1782626280.764,78,6,3698,263.4
1782626280.964,78,6,3698,261.3
1782626281.165,78,6,3698,261.3
1782626281.365,79,6,3698,268.2
1782626281.565,79,6,3698,268.2
1782626281.766,79,6,3698,268.2
1782626281.966,79,6,3698,280.3
1782626282.167,79,6,3698,280.3
1782626282.367,77,6,3698,287.4
1782626282.567,77,6,3698,287.4
1782626282.768,77,6,3698,287.4
1782626282.968,77,6,3698,289.5
1782626283.169,77,6,3698,289.5
1782626283.369,72,5,3698,281.8
1782626283.570,72,5,3698,281.8
1782626283.770,72,5,3698,281.8
1782626283.971,72,5,3698,279.9
1782626284.171,72,5,3698,279.9
1782626284.372,75,5,3698,278.8
1782626284.572,75,5,3698,278.8
1782626284.773,75,5,3698,278.8
1782626284.973,75,5,3698,276.5
1782626285.174,75,5,3698,276.5
1782626285.374,80,6,3698,274.7
1782626285.574,80,6,3698,274.7
1782626285.775,80,6,3698,274.7
1782626285.976,80,6,3698,280.7
1782626286.176,80,6,3698,280.7
1782626286.377,77,5,3698,284.0
1782626286.577,77,5,3698,284.0
1782626286.778,77,5,3698,284.0
1782626286.978,77,5,3698,278.1
1782626287.178,77,5,3698,278.1
1782626287.379,0,0,3698,268.6
1782626287.580,0,0,3698,268.6
1782626287.780,0,0,3698,268.6
1782626287.981,0,0,3698,182.4
1782626288.181,0,0,3698,182.4
1782626288.382,0,0,3698,100.3
1782626288.582,0,0,3698,100.3
1782626288.783,0,0,3698,100.3
1782626288.984,0,0,3698,100.1
1782626289.184,0,0,3698,100.1
1782626289.384,58,4,3698,183.9
1782626289.585,58,4,3698,183.9
1782626289.785,58,4,3698,260.7
1782626289.986,58,4,3698,260.7
1782626290.186,58,4,3698,260.7
1782626290.387,65,4,3698,252.4
1782626290.587,65,4,3698,252.4
1782626290.788,65,4,3698,249.9
1782626290.988,65,4,3698,249.9
1782626291.189,65,4,3698,249.9
1782626291.389,63,5,3698,249.3
1782626291.590,63,5,3698,249.3
1782626291.790,63,5,3698,255.1
1782626291.991,63,5,3698,255.1
1782626292.191,63,5,3698,255.1
1782626292.392,62,5,3698,256.1
1782626292.592,62,5,3698,256.1
1782626292.793,62,5,3698,255.9
1782626292.993,62,5,3698,255.9
1782626293.193,62,5,3698,255.9
1782626293.394,62,4,3698,254.6
1782626293.594,62,4,3698,254.6
1782626293.795,62,4,3698,253.0
1782626293.995,62,4,3698,253.0
1782626294.196,62,4,3698,253.0
1782626294.396,68,5,3698,256.3
1782626294.597,68,5,3698,256.3
1782626294.797,68,5,3698,255.4
1782626294.998,68,5,3698,255.4
1782626295.198,68,5,3698,255.4
1782626295.398,70,5,3698,255.9
1782626295.598,70,5,3698,255.9
1782626295.799,70,5,3698,254.2
1782626295.999,70,5,3698,254.2
1782626296.200,70,5,3698,254.2
1782626296.400,69,5,3698,259.5
1782626296.601,69,5,3698,259.5
1782626296.801,69,5,3698,267.9
1782626297.002,69,5,3698,267.9
1782626297.202,69,5,3698,267.9
1782626297.402,72,5,3698,283.0
1782626297.603,72,5,3698,283.0
1782626297.803,72,5,3698,290.4
1782626298.004,72,5,3698,290.4
1782626298.204,72,5,3698,290.4
1782626298.405,86,6,3698,290.7
1782626298.605,86,6,3698,290.7
1782626298.806,86,6,3698,297.6
1782626299.006,86,6,3698,297.6
1782626299.207,86,6,3698,297.6
1782626299.407,88,6,3698,301.0
1782626299.607,88,6,3698,301.0
1782626299.808,88,6,3698,300.2
1782626300.008,88,6,3698,300.2
1782626300.209,88,6,3698,300.2
1782626300.409,88,7,3698,303.2
1782626300.610,88,7,3698,303.2
1782626300.810,88,7,3698,306.3
1782626301.011,88,7,3698,306.3
1782626301.211,88,7,3698,306.3
1782626301.412,83,6,3698,309.5
1782626301.612,83,6,3698,309.5
1782626301.813,83,6,3698,301.8
1782626302.013,83,6,3698,301.8
1782626302.214,83,6,3698,301.8
1782626302.414,85,6,3698,310.7
1782626302.615,85,6,3698,310.7
1782626302.815,85,6,3698,222.1
1782626303.016,85,6,3698,222.1
1782626303.216,85,6,3698,222.1
1782626303.417,0,0,3698,124.6
1782626303.618,0,0,3698,124.6
1782626303.818,0,0,3698,100.0
1782626304.019,0,0,3698,100.0
1782626304.219,0,0,3698,100.0
1782626304.420,65,5,3698,191.1
1782626304.620,65,5,3698,191.1
1782626304.821,65,5,3698,250.7
1782626305.021,65,5,3698,250.7
1782626305.222,65,5,3698,250.7
1782626305.422,59,4,3698,246.5
1782626305.623,59,4,3698,246.5
1782626305.823,59,4,3698,253.6
1782626306.023,59,4,3698,253.6
1782626306.224,59,4,3698,253.6
1782626306.424,65,5,3698,255.9
1782626306.625,65,5,3698,255.9
1782626306.825,65,5,3698,250.8
1782626307.026,65,5,3698,250.8
1782626307.226,65,5,3698,250.8
1782626307.427,67,5,3698,249.5
1782626307.627,67,5,3698,249.5
1782626307.828,67,5,3698,253.9
1782626308.028,67,5,3698,253.9
1782626308.229,67,5,3698,253.9
1782626308.429,66,5,3698,256.3
1782626308.630,66,5,3698,256.3
1782626308.830,66,5,3698,251.9
1782626309.031,66,5,3698,251.9
1782626309.231,66,5,3698,251.9
1782626309.431,69,5,3698,253.1
1782626309.632,69,5,3698,253.1
1782626309.832,69,5,3698,254.5
1782626310.033,69,5,3698,254.5
1782626310.234,69,5,3698,254.5
1782626310.434,66,5,3698,252.0
1782626310.635,66,5,3698,252.0
1782626310.835,66,5,3698,257.2
1782626311.036,66,5,3698,257.2
1782626311.236,66,5,3698,257.2
1782626311.437,69,5,3698,257.9
1782626311.637,69,5,3698,257.9
1782626311.838,69,5,3698,257.5
1782626312.038,69,5,3698,257.5
1782626312.239,69,5,3698,257.5
1782626312.439,89,7,3698,274.0
1782626312.639,89,7,3698,274.0
1782626312.840,89,7,3698,304.2
1782626313.041,89,7,3698,304.2
1782626313.241,89,7,3698,304.2
1782626313.442,86,6,3698,329.2
1782626313.642,86,6,3698,329.2
1782626313.843,86,6,3698,330.2
1782626314.043,86,6,3698,330.2
1782626314.244,86,6,3698,330.2
1782626314.444,91,6,3698,334.7
1782626314.644,91,6,3698,334.7
1782626314.845,91,6,3698,333.7
1782626315.045,91,6,3698,333.7
1782626315.246,91,6,3698,333.7
1782626315.446,91,6,3698,329.5
1782626315.647,91,6,3698,329.5
1782626315.848,91,6,3698,334.3
1782626316.048,91,6,3698,334.3
1782626316.249,91,6,3698,334.3
1782626316.449,0,0,3698,277.1
1782626316.650,0,0,3698,277.1
1782626316.850,0,0,3698,172.2
1782626317.051,0,0,3698,172.2
1782626317.251,0,0,3698,172.2
1782626317.452,0,0,3698,99.7
1782626317.653,0,0,3698,99.7
1782626317.853,0,0,3698,181.5
1782626318.054,0,0,3698,181.5
1782626318.254,0,0,3698,181.5
1782626318.455,63,4,3698,266.2
1782626318.655,63,4,3698,266.2
1782626318.856,63,4,3698,270.0
1782626319.056,63,4,3698,270.0
1782626319.257,63,4,3698,270.0
1782626319.457,77,5,3698,270.7
1782626319.658,77,5,3698,270.7
1782626319.858,77,5,3698,272.1
1782626320.058,77,5,3698,272.1
1782626320.259,77,5,3698,272.1
1782626320.459,70,5,3698,272.4
1782626320.660,70,5,3698,272.4
1782626320.860,70,5,3698,269.4
1782626321.061,70,5,3698,269.4
1782626321.261,70,5,3698,269.4
1782626321.462,67,4,3698,264.2
1782626321.662,67,4,3698,264.2
1782626321.863,67,4,3698,269.7
1782626322.063,67,4,3698,269.7
1782626322.264,67,4,3698,269.7
1782626322.464,71,5,3698,269.4
1782626322.665,71,5,3698,269.4
1782626322.865,71,5,3698,267.9
1782626323.066,71,5,3698,267.9
1782626323.266,71,5,3698,267.9
1782626323.466,69,4,3698,271.1
1782626323.667,69,4,3698,271.1
1782626323.867,69,4,3698,273.3
1782626324.068,69,4,3698,273.3
1782626324.268,69,4,3698,273.3
1782626324.469,75,5,3698,276.9
1782626324.669,75,5,3698,276.9
1782626324.870,75,5,3698,278.7
1782626325.070,75,5,3698,278.7
1782626325.270,75,5,3698,278.7
1782626325.471,69,5,3698,268.2
1782626325.671,69,5,3698,268.2
1782626325.872,69,5,3698,271.3
1782626326.072,69,5,3698,271.3
1782626326.273,69,5,3698,271.3
1782626326.473,0,0,3698,269.6
1782626326.673,0,0,3698,269.6
1782626326.874,0,0,3698,181.6
1782626327.074,0,0,3698,181.6
1782626327.275,0,0,3698,181.6
1782626327.475,0,0,3698,100.3
1782626327.676,0,0,4230,100.3
1782626327.876,0,0,4230,129.9
1782626328.077,0,0,4230,129.9
1782626328.277,0,0,4230,129.9
1782626328.478,71,6,4230,219.8
1782626328.678,71,6,4230,219.8
1782626328.878,71,6,4230,289.7
1782626329.079,71,6,4230,289.7
1782626329.279,71,6,4230,289.7
1782626329.480,71,5,4230,260.1
1782626329.680,71,5,4230,260.1
1782626329.881,71,5,4230,261.7
1782626330.081,71,5,4230,261.7
1782626330.282,71,5,4230,261.7
1782626330.482,78,7,4230,263.3
1782626330.682,78,7,4230,263.3
1782626330.883,78,7,4230,266.1
1782626331.083,78,7,4230,266.1
1782626331.284,78,7,4230,266.1
1782626331.484,68,5,4230,263.2
1782626331.685,68,5,4230,263.2
1782626331.885,68,5,4230,261.5
1782626332.086,68,5,4230,261.5
1782626332.286,68,5,4230,264.3
1782626332.486,71,6,4230,264.3
1782626332.687,71,6,4230,264.3
1782626332.887,71,6,4230,266.3
1782626333.088,71,6,4230,266.3
1782626333.288,70,6,4230,268.4
1782626333.489,70,6,4230,268.4
1782626333.689,70,6,4230,268.4
1782626333.889,70,6,4230,266.6
1782626334.090,70,6,4230,266.6
1782626334.290,69,6,4230,265.4
1782626334.491,69,6,4230,265.4
1782626334.691,69,6,4230,265.4
1782626334.892,69,6,4230,265.1
1782626335.092,69,6,4230,265.1
1782626335.292,75,6,4230,265.7
1782626335.493,75,6,4230,265.7
1782626335.693,75,6,4230,265.7
1782626335.894,75,6,4230,267.3
1782626336.094,75,6,4230,267.3
1782626336.295,75,6,4230,267.7
1782626336.495,75,6,4230,267.7
1782626336.696,75,6,4230,267.7
1782626336.896,75,6,4230,263.7
1782626337.097,75,6,4230,263.7
1782626337.297,67,5,4230,254.6
1782626337.498,67,5,4230,254.6
1782626337.698,67,5,4230,254.6
1782626337.898,67,5,4230,253.8
1782626338.099,67,5,4230,253.8
1782626338.300,67,5,4230,255.6
1782626338.500,67,5,4230,255.6
1782626338.700,67,5,4230,255.6
1782626338.901,67,5,4230,258.7
1782626339.101,67,5,4230,258.7
1782626339.302,65,5,4230,262.7
1782626339.502,65,5,4230,262.7
1782626339.703,65,5,4230,262.7
1782626339.903,65,5,4230,265.5
1782626340.103,65,5,4230,265.5
1782626340.304,78,6,4230,266.1
1782626340.504,78,6,4230,266.1
1782626340.705,78,6,4230,266.1
1782626340.905,78,6,4230,265.5
1782626341.106,78,6,4230,265.5
1782626341.306,73,6,4230,267.7
1782626341.507,73,6,4230,267.7
1782626341.707,73,6,4230,267.7
1782626341.908,73,6,4230,268.0
1782626342.108,73,6,4230,268.0
1782626342.308,71,6,4230,267.9
1782626342.509,71,6,4230,267.9
1782626342.709,71,6,4230,267.9
1782626342.909,71,6,4230,271.2
1782626343.110,71,6,4230,271.2
1782626343.311,0,0,4230,227.0
1782626343.511,0,0,4230,227.0
1782626343.712,0,0,4230,227.0
1782626343.912,0,0,4230,152.7
1782626344.113,0,0,4230,152.7
1782626344.314,0,0,4230,100.9
1782626344.514,0,0,4230,100.9
1782626344.715,0,0,4230,100.9
1782626344.915,0,0,4230,102.9
1782626345.116,0,0,4230,102.9
1782626345.316,67,6,4230,202.4
1782626345.517,67,6,4230,202.4
1782626345.717,67,6,4230,202.4
1782626345.917,67,6,4230,288.5
1782626346.118,67,6,4230,288.5
1782626346.318,64,5,4230,255.5
1782626346.519,64,5,4230,255.5
1782626346.719,64,5,4230,255.5
1782626346.920,64,5,4230,251.8
1782626347.120,64,5,4230,251.8
1782626347.320,65,5,4230,253.5
1782626347.521,65,5,4230,253.5
1782626347.721,65,5,4230,253.5
1782626347.922,65,5,4230,255.7
1782626348.122,65,5,4230,255.7
1782626348.322,68,6,4230,256.7
1782626348.523,68,6,4230,256.7
1782626348.723,68,6,4230,256.7
1782626348.924,68,6,4230,254.9
1782626349.124,68,6,4230,254.9
1782626349.325,66,5,4230,255.2
1782626349.525,66,5,4230,255.2
1782626349.726,66,5,4230,255.2
1782626349.926,66,5,4230,260.1
1782626350.127,66,5,4230,260.1
1782626350.327,64,6,4230,258.2
1782626350.527,64,6,4230,258.2
1782626350.728,64,6,4230,258.2
1782626350.928,64,6,4230,262.0
1782626351.129,64,6,4230,262.0
1782626351.329,67,6,4230,264.6
1782626351.530,67,6,4230,264.6
1782626351.730,67,6,4230,264.6
1782626351.931,67,6,4230,261.3
1782626352.131,67,6,4230,261.3
1782626352.331,63,6,4230,259.9
1782626352.532,63,6,4230,259.9
1782626352.732,63,6,4230,259.9
1782626352.933,63,6,4230,267.3
1782626353.133,63,6,4230,267.3
1782626353.333,81,7,4230,278.8
1782626353.534,81,7,4230,278.8
1782626353.734,81,7,4230,278.8
1782626353.935,81,7,4230,274.8
1782626354.135,81,7,4230,274.8
1782626354.335,78,6,4230,278.0
1782626354.536,78,6,4230,278.0
1782626354.736,78,6,4230,278.0
1782626354.937,78,6,4230,278.7
1782626355.137,78,6,4230,278.7
1782626355.337,65,5,4230,275.2
1782626355.538,65,5,4230,275.2
1782626355.738,65,5,4230,275.2
1782626355.939,65,5,4230,272.9
1782626356.139,65,5,4230,272.9
1782626356.340,66,5,4230,266.8
1782626356.540,66,5,4230,266.8
1782626356.741,66,5,4230,266.8
1782626356.941,66,5,4230,265.5
1782626357.141,66,5,4230,265.5
1782626357.342,77,6,4230,267.6
1782626357.542,77,6,4230,267.6
1782626357.743,77,6,4230,267.6
1782626357.943,77,6,4230,273.3
1782626358.144,77,6,4230,273.3
1782626358.344,72,6,4230,274.9
1782626358.545,72,6,4230,274.9
1782626358.745,72,6,4230,274.9
1782626358.945,72,6,4230,271.5
1782626359.146,72,6,4230,271.5
1782626359.346,77,7,4230,274.3
1782626359.547,77,7,4230,274.3
1782626359.747,77,7,4230,274.3
1782626359.948,77,7,4230,294.2
1782626360.148,77,7,4230,294.2
1782626360.349,0,0,4230,211.5
1782626360.550,0,0,4230,211.5
1782626360.750,0,0,4230,211.5
1782626360.951,0,0,4230,113.9
1782626361.151,0,0,4230,113.9
1782626361.352,0,0,4230,99.0
1782626361.552,0,0,4230,99.0
1782626361.753,0,0,4230,99.0
1782626361.953,0,0,4230,184.5
1782626362.154,0,0,4230,184.5
1782626362.354,65,6,4230,263.4
1782626362.555,65,6,4230,263.4
1782626362.755,65,6,4230,263.4
1782626362.955,65,6,4230,256.1
1782626363.156,65,6,4230,256.1
1782626363.356,68,6,4230,262.1
1782626363.557,68,6,4230,262.1
1782626363.757,68,6,4230,262.1
1782626363.958,68,6,4230,270.1
1782626364.158,68,6,4230,270.1
1782626364.359,67,6,4230,266.6
1782626364.559,67,6,4230,266.6
1782626364.760,67,6,4230,266.6
1782626364.960,67,6,4230,260.7
1782626365.160,67,6,4230,260.7
1782626365.361,64,5,4230,262.8
1782626365.561,64,5,4230,262.8
1782626365.762,64,5,4230,262.8
1782626365.962,64,5,4230,262.9
1782626366.162,64,5,4230,262.9
1782626366.363,62,5,4230,260.2
1782626366.563,62,5,4230,260.2
1782626366.764,62,5,4230,260.2
1782626366.964,62,5,4230,254.4
1782626367.165,62,5,4230,254.4
1782626367.365,60,5,4230,248.7
1782626367.565,60,5,4230,248.7
1782626367.766,60,5,4230,248.7
1782626367.966,60,5,4230,252.9
1782626368.167,60,5,4230,252.9
1782626368.367,69,6,4230,261.7
1782626368.567,69,6,4230,261.7
1782626368.768,69,6,4230,261.7
1782626368.968,69,6,4230,259.9
1782626369.169,69,6,4230,259.9
1782626369.369,67,5,4230,252.9
1782626369.570,67,5,4230,252.9
1782626369.770,67,5,4230,252.9
1782626369.971,67,5,4230,270.8
1782626370.171,67,5,4230,270.8
1782626370.371,74,6,4230,283.6
1782626370.572,74,6,4230,283.6
1782626370.772,74,6,4230,283.6
1782626370.973,74,6,4230,296.2
1782626371.173,74,6,4230,296.2
1782626371.374,81,7,4230,310.7
1782626371.574,81,7,4230,310.7
1782626371.775,81,7,4230,310.7
1782626371.975,81,7,4230,304.5
1782626372.176,81,7,4230,304.5
1782626372.376,78,7,4230,303.2
1782626372.576,78,7,4230,303.2
1782626372.777,78,7,4230,303.2
1782626372.977,78,7,4230,306.5
1782626373.178,78,7,4230,306.5
1782626373.378,78,6,4230,299.7
1782626373.578,78,6,4230,299.7
1782626373.779,78,6,4230,299.7
1782626373.979,78,6,4230,294.2
1782626374.180,78,6,4230,294.2
1782626374.380,81,7,4230,294.6
1782626374.581,81,7,4230,294.6
1782626374.781,81,7,4230,294.6
1782626374.982,81,7,4230,300.9
1782626375.182,81,7,4230,300.9
1782626375.383,0,0,4230,264.4
1782626375.583,0,0,4230,264.4
1782626375.784,0,0,4230,264.4
1782626375.984,0,0,4230,170.9
1782626376.185,0,0,4230,170.9
1782626376.386,0,0,4230,100.1
1782626376.586,0,0,4230,100.1
1782626376.787,0,0,4230,100.1
1782626376.987,0,0,4230,138.0
1782626377.188,0,0,4230,138.0
1782626377.388,63,5,4230,226.6
1782626377.589,63,5,4230,226.6
1782626377.789,63,5,4230,226.6
1782626377.990,63,5,4230,291.3
1782626378.190,63,5,4230,291.3
1782626378.390,58,5,4230,258.4
1782626378.591,58,5,4230,258.4
1782626378.791,58,5,4230,254.9
1782626378.992,58,5,4230,254.9
1782626379.192,58,5,4230,254.9
1782626379.392,61,5,4230,259.1
1782626379.593,61,5,4230,259.1
1782626379.793,61,5,4230,265.2
1782626379.994,61,5,4230,265.2
1782626380.194,61,5,4230,265.2
1782626380.395,62,5,4230,263.8
1782626380.595,62,5,4230,263.8
1782626380.795,62,5,4230,269.3
1782626380.996,62,5,4230,269.3
1782626381.196,62,5,4230,269.3
1782626381.397,52,4,4230,270.8
1782626381.597,52,4,4230,270.8
1782626381.798,52,4,4230,268.9
1782626381.998,52,4,4230,268.9
1782626382.199,52,4,4230,268.9
1782626382.399,69,6,4230,272.4
1782626382.600,69,6,4230,272.4
1782626382.800,69,6,4230,273.3
1782626383.000,69,6,4230,273.3
1782626383.201,69,6,4230,273.3
1782626383.401,69,6,4230,270.2
1782626383.602,69,6,4230,270.2
1782626383.802,69,6,4230,266.0
1782626384.003,69,6,4230,266.0
1782626384.203,69,6,4230,266.0
1782626384.404,57,5,4230,265.0
1782626384.604,57,5,4230,265.0
1782626384.804,57,5,4230,266.7
1782626385.005,57,5,4230,266.7
1782626385.205,57,5,4230,266.7
1782626385.406,76,6,4230,279.1
1782626385.606,76,6,4230,279.1
1782626385.807,76,6,4230,295.7
1782626386.007,76,6,4230,295.7
1782626386.207,76,6,4230,295.7
1782626386.408,86,7,4230,320.5
1782626386.608,86,7,4230,320.5
1782626386.809,86,7,4230,336.9
1782626387.009,86,7,4230,336.9
1782626387.210,86,7,4230,336.9
1782626387.410,88,8,4230,339.0
1782626387.610,88,8,4230,339.0
1782626387.811,88,8,4230,336.0
1782626388.011,88,8,4230,336.0
1782626388.212,88,8,4230,336.0
1782626388.412,93,8,4230,338.0
1782626388.613,93,8,4230,338.0
1782626388.813,93,8,4230,337.8
1782626389.013,93,8,4230,337.8
1782626389.214,93,8,4230,337.8
1782626389.414,90,8,4230,339.0
1782626389.615,90,8,4230,339.0
1782626389.815,90,8,4230,293.3
1782626390.015,90,8,4230,293.3
1782626390.216,90,8,4230,293.3
1782626390.417,0,0,4230,173.5
1782626390.617,0,0,4230,173.5
1782626390.818,0,0,4230,100.1
1782626391.018,0,0,4230,100.1
1782626391.219,0,0,4230,100.1
1782626391.419,97,8,4230,173.5
1782626391.620,97,8,4230,173.5
1782626391.820,97,8,4230,255.8
1782626392.020,97,8,4230,255.8
1782626392.221,97,8,4230,255.8
1782626392.421,78,6,4230,291.5
1782626392.622,78,6,4230,291.5
1782626392.822,78,6,4230,278.2
1782626393.023,78,6,4230,278.2
1782626393.223,78,6,4230,278.2
1782626393.424,64,5,4230,270.2
1782626393.624,64,5,4230,270.2
1782626393.825,64,5,4230,269.3
1782626394.025,64,5,4230,269.3
1782626394.226,64,5,4230,269.3
1782626394.426,68,5,4230,272.6
1782626394.626,68,5,4230,272.6
1782626394.827,68,5,4230,270.5
1782626395.027,68,5,4230,270.5
1782626395.228,68,5,4230,270.5
1782626395.428,65,5,4230,268.3
1782626395.629,65,5,4230,268.3
1782626395.829,65,5,4230,273.3
1782626396.030,65,5,4230,273.3
1782626396.230,65,5,4230,273.3
1782626396.431,69,6,4230,279.1
1782626396.631,69,6,4230,279.1
1782626396.832,69,6,4230,279.3
1782626397.032,69,6,4230,279.3
1782626397.232,69,6,4230,279.3
1782626397.433,71,6,4230,275.7
1782626397.633,71,6,4230,275.7
1782626397.834,71,6,4230,275.6
1782626398.034,71,6,4230,275.6
1782626398.234,71,6,4230,275.6
1782626398.435,62,5,4230,277.1
1782626398.635,62,5,4230,277.1
1782626398.836,62,5,4230,276.4
1782626399.036,62,5,4230,276.4
1782626399.237,62,5,4230,276.4
1782626399.438,64,5,4230,274.5
1782626399.638,64,5,4230,274.5
1782626399.839,64,5,4230,267.4
1782626400.039,64,5,4230,267.4
1782626400.240,64,5,4230,267.4
1782626400.440,0,0,4230,178.6
1782626400.641,0,0,4230,178.6
1782626400.841,0,0,4230,99.5
1782626401.042,0,0,4230,99.5
1782626401.242,0,0,4230,99.5
1782626401.442,97,8,4230,147.9
1782626401.643,97,8,4230,147.9
1782626401.843,97,8,4230,246.4
1782626402.044,97,8,4230,246.4
1782626402.244,97,8,4230,246.4
1782626402.445,72,6,4230,273.1
1782626402.645,72,6,4230,273.1
1782626402.846,72,6,4230,264.9
1782626403.046,72,6,4230,264.9
1782626403.246,72,6,4230,264.9
1782626403.447,76,7,4230,271.4
1782626403.647,76,7,4230,271.4
1782626403.848,76,7,4230,277.2
1782626404.048,76,7,4230,277.2
1782626404.249,76,7,4230,277.2
1782626404.449,78,7,4230,276.6
1782626404.649,78,7,4230,276.6
1782626404.850,78,7,4230,274.3
1782626405.050,78,7,4230,274.3
1782626405.251,78,7,4230,274.3
1782626405.451,70,6,4230,272.8
1782626405.651,70,6,4230,272.8
1782626405.852,70,6,4230,269.4
1782626406.052,70,6,4230,269.4
1782626406.253,70,6,4230,269.4
1782626406.453,69,6,4230,267.6
1782626406.654,69,6,4230,267.6
1782626406.854,69,6,4230,267.4
1782626407.054,69,6,4230,267.4
1782626407.255,69,6,4230,267.4
1782626407.455,70,6,4230,271.4
1782626407.656,70,6,4230,271.4
1782626407.856,70,6,4230,272.2
1782626408.057,70,6,4230,272.2
1782626408.257,70,6,4230,272.2
1782626408.458,69,6,4230,273.8
1782626408.658,69,6,4230,273.8
1782626408.858,69,6,4230,273.5
1782626409.059,69,6,4230,273.5
1782626409.259,69,6,4230,273.5
1782626409.460,75,6,4230,273.1
1782626409.660,75,6,4230,273.1
1782626409.861,75,6,4230,276.7
1782626410.061,75,6,4230,276.7
1782626410.262,75,6,4230,276.7
1782626410.462,71,6,4230,273.6
1782626410.663,71,6,4230,273.6
1782626410.863,71,6,4230,270.6
1782626411.063,71,6,4230,270.6
1782626411.264,71,6,4230,270.6
1782626411.464,73,6,4230,272.1
1782626411.665,73,6,4230,272.1
1782626411.865,73,6,4230,272.0
1782626412.066,73,6,4230,272.0
1782626412.266,73,6,4230,272.0
1782626412.466,75,6,4230,276.4
1782626412.667,75,6,4230,276.4
1782626412.867,75,6,4230,276.0
1782626413.077,75,6,4230,276.0
1782626413.278,75,6,4230,276.0
1782626413.478,78,6,4230,272.4
1782626413.678,78,6,4230,272.4
1782626413.879,78,6,4230,269.8
1782626414.079,78,6,4230,269.8
1782626414.280,78,6,4230,269.8
1782626414.480,77,6,4230,269.3
1782626414.681,77,6,4230,269.3
1782626414.881,77,6,4230,267.7
1782626415.081,77,6,4230,267.7
1782626415.282,77,6,4230,267.7
1782626415.482,72,6,4230,264.1
1782626415.683,72,6,4230,264.1
1782626415.883,72,6,4230,269.4
1782626416.083,72,6,4230,269.4
1782626416.284,72,6,4230,269.4
1782626416.484,71,6,4230,272.7
1782626416.685,71,6,4230,272.7
1782626416.885,71,6,4230,245.9
1782626417.086,71,6,4230,245.9
1782626417.286,71,6,4230,245.9
1782626417.487,0,0,4230,170.7
1782626417.688,0,0,4230,170.7
1782626417.888,0,0,4230,100.5
1782626418.089,0,0,4230,100.5
1782626418.289,0,0,4230,100.5
1782626418.490,0,0,4230,100.2
1782626418.690,0,0,4230,100.2
1782626418.891,0,0,4230,185.3
1782626419.091,0,0,4230,185.3
1782626419.292,0,0,4230,185.3
1782626419.492,65,5,4230,258.7
1782626419.693,65,5,4230,258.7
1782626419.893,65,5,4230,270.4
1782626420.094,65,5,4230,270.4
1782626420.294,67,6,4230,272.0
1782626420.495,67,6,4230,272.0
1782626420.695,67,6,4230,272.0
1782626420.895,67,6,4230,263.4
1782626421.096,67,6,4230,263.4
1782626421.296,65,6,4230,259.1
1782626421.497,65,6,4230,259.1
1782626421.697,65,6,4230,259.1
1782626421.898,65,6,4230,264.7
1782626422.098,65,6,4230,264.7
1782626422.298,60,5,4230,263.1
1782626422.499,60,5,4230,263.1
1782626422.699,60,5,4230,263.1
1782626422.900,60,5,4230,257.7
1782626423.100,60,5,4230,257.7
1782626423.301,63,5,4230,252.9
1782626423.501,63,5,4230,252.9
1782626423.701,63,5,4230,252.9
1782626423.902,63,5,4230,260.7
1782626424.102,63,5,4230,260.7
1782626424.303,63,5,4230,264.1
1782626424.503,63,5,4230,264.1
1782626424.703,63,5,4230,264.1
1782626424.904,63,5,4230,260.7
1782626425.104,63,5,4230,260.7
1782626425.305,57,5,4230,258.6
1782626425.505,57,5,4230,258.6
1782626425.706,57,5,4230,258.6
1782626425.906,57,5,4230,265.6
1782626426.107,57,5,4230,265.6
1782626426.307,77,6,4230,272.9
1782626426.508,77,6,4230,272.9
1782626426.708,77,6,4230,272.9
1782626426.908,77,6,4230,275.7
1782626427.109,77,6,4230,275.7
1782626427.309,79,7,4230,279.4
1782626427.510,79,7,4230,279.4
1782626427.710,79,7,4230,279.4
1782626427.911,79,7,4230,281.1
1782626428.111,79,7,4230,281.1
1782626428.311,80,6,4230,282.2
1782626428.512,80,6,4230,282.2
1782626428.712,80,6,4230,282.2
1782626428.913,80,6,4230,286.2
1782626429.113,80,6,4230,286.2
1782626429.314,83,7,4230,290.1
1782626429.514,83,7,4230,290.1
1782626429.715,83,7,4230,290.1
1782626429.915,83,7,4230,283.0
1782626430.116,83,7,4230,283.0
1782626430.316,81,7,4230,281.9
1782626430.516,81,7,4230,281.9
1782626430.717,81,7,4230,281.9
1782626430.917,81,7,4230,285.6
1782626431.118,81,7,4230,285.6
1782626431.318,81,7,4230,283.6
1782626431.519,81,7,4230,283.6
1782626431.719,81,7,4230,283.6
1782626431.919,81,7,4230,283.1
1782626432.120,81,7,4230,283.1
1782626432.320,83,8,4230,284.7
1782626432.521,83,8,4230,284.7
1782626432.721,83,8,4230,284.7
1782626432.922,83,8,4230,283.5
1782626433.122,83,8,4230,283.5
1782626433.323,77,6,4230,286.1
1782626433.523,77,6,4230,286.1
1782626433.723,77,6,4230,286.1
1782626433.924,77,6,4230,267.3
1782626434.125,77,6,4230,267.3
1782626434.325,0,0,4230,184.0
1782626434.526,0,0,4230,184.0
1782626434.726,0,0,4230,184.0
1782626434.927,0,0,4230,102.1
1782626435.127,0,0,4230,102.1
1782626435.328,0,0,4230,101.5
1782626435.528,0,0,4230,101.5
1782626435.729,0,0,4230,101.5
1782626435.929,0,0,4230,194.0
1782626436.130,0,0,4230,194.0
1782626436.330,66,5,4230,260.7
1782626436.531,66,5,4230,260.7
1782626436.731,66,5,4230,260.7
1782626436.932,66,5,4230,257.5
1782626437.132,66,5,4230,257.5
1782626437.333,68,6,4230,254.8
1782626437.533,68,6,4230,254.8
1782626437.733,68,6,4230,254.8
1782626437.934,68,6,4230,257.8
1782626438.134,68,6,4230,257.8
1782626438.335,64,5,4230,260.1
1782626438.535,64,5,4230,260.1
1782626438.735,64,5,4230,260.1
1782626438.936,64,5,4230,260.2
1782626439.136,64,5,4230,260.2
1782626439.337,67,5,4230,259.5
1782626439.537,67,5,4230,259.5
1782626439.737,67,5,4230,259.5
1782626439.938,67,5,4230,263.4
1782626440.138,67,5,4230,263.4
1782626440.339,57,5,4230,261.2
1782626440.539,57,5,4230,261.2
1782626440.740,57,5,4230,261.2
1782626440.940,57,5,4230,260.0
1782626441.141,57,5,4230,260.0
1782626441.341,60,5,4230,263.9
1782626441.542,60,5,4230,263.9
1782626441.742,60,5,4230,263.9
1782626441.942,60,5,4230,265.8
1782626442.143,60,5,4230,265.8
1782626442.343,64,5,4230,260.7
1782626442.544,64,5,4230,260.7
1782626442.744,64,5,4230,260.7
1782626442.944,64,5,4230,258.1
1782626443.145,64,5,4230,258.1
1782626443.345,82,7,4230,268.7
1782626443.546,82,7,4230,268.7
1782626443.746,82,7,4230,268.7
1782626443.947,82,7,4230,297.3
1782626444.147,82,7,4230,297.3
1782626444.347,78,6,4230,309.7
1782626444.548,78,6,4230,309.7
1782626444.748,78,6,4230,309.7
1782626444.949,78,6,4230,300.2
1782626445.149,78,6,4230,300.2
1782626445.350,81,7,4230,298.7
1782626445.550,81,7,4230,298.7
1782626445.751,81,7,4230,298.7
1782626445.951,81,7,4230,300.2
1782626446.152,81,7,4230,300.2
1782626446.352,82,7,4230,298.3
1782626446.553,82,7,4230,298.3
1782626446.754,82,7,4230,298.3
1782626446.954,82,7,4230,295.3
1782626447.155,82,7,4230,295.3
1782626447.355,79,6,4230,294.8
1782626447.556,79,6,4230,294.8
1782626447.756,79,6,4230,294.8
1782626447.957,79,6,4230,296.7
1782626448.157,79,6,4230,296.7
1782626448.357,80,6,4230,296.5
1782626448.558,80,6,4230,296.5
1782626448.758,80,6,4230,296.5
1782626448.958,80,6,4230,295.8
1782626449.159,80,6,4230,295.8
1782626449.359,0,0,4230,253.5
1782626449.560,0,0,4230,253.5
1782626449.760,0,0,4230,253.5
1782626449.961,0,0,4230,153.0
1782626450.161,0,0,4230,153.0
1782626450.362,0,0,4230,100.4
1782626450.562,0,0,4230,100.4
1782626450.763,0,0,4230,100.4
1782626450.963,0,0,4230,150.3
1782626451.164,0,0,4230,150.3
1782626451.364,61,5,4230,228.8
1782626451.565,61,5,4230,228.8
1782626451.765,61,5,4230,228.8
1782626451.966,61,5,4230,266.2
1782626452.166,61,5,4230,266.2
1782626452.366,65,5,4230,260.1
1782626452.567,65,5,4230,260.1
1782626452.767,65,5,4230,260.1
1782626452.968,65,5,4230,258.1
1782626453.168,65,5,4230,258.1
1782626453.369,58,5,4230,258.1
1782626453.569,58,5,4230,258.1
1782626453.770,58,5,4230,258.1
1782626453.970,58,5,4230,257.6
1782626454.170,58,5,4230,257.6
1782626454.371,57,5,4230,255.8
1782626454.571,57,5,4230,255.8
1782626454.772,57,5,4230,255.8
1782626454.972,57,5,4230,256.3
1782626455.173,57,5,4230,256.3
1782626455.373,68,5,4230,262.6
1782626455.573,68,5,4230,262.6
1782626455.774,68,5,4230,262.6
1782626455.974,68,5,4230,265.7
1782626456.175,68,5,4230,265.7
1782626456.375,61,5,4230,267.8
1782626456.576,61,5,4230,267.8
1782626456.776,61,5,4230,267.8
1782626456.977,61,5,4230,263.7
1782626457.177,61,5,4230,263.7
1782626457.377,67,5,4230,266.4
1782626457.578,67,5,4230,266.4
1782626457.779,67,5,4230,266.4
1782626457.979,67,5,4230,267.1
1782626458.179,67,5,4230,267.1
1782626458.380,56,5,4230,264.9
1782626458.580,56,5,4230,264.9
1782626458.781,56,5,4230,264.9
1782626458.981,56,5,4230,267.9
1782626459.181,56,5,4230,267.9
1782626459.382,78,7,4230,289.4
1782626459.582,78,7,4230,289.4
1782626459.783,78,7,4230,289.4
1782626459.983,78,7,4230,314.0
1782626460.184,78,7,4230,314.0
1782626460.384,86,7,4230,329.8
1782626460.585,86,7,4230,329.8
1782626460.785,86,7,4230,329.8
1782626460.985,86,7,4230,332.2
1782626461.186,86,7,4230,332.2
1782626461.386,91,8,4230,335.9
1782626461.586,91,8,4230,335.9
1782626461.787,91,8,4230,335.9
1782626461.987,91,8,4230,338.5
1782626462.188,91,8,4230,338.5
1782626462.388,93,8,4230,344.8
1782626462.589,93,8,4230,344.8
1782626462.789,93,8,4230,344.8
1782626462.990,93,8,4230,348.7
1782626463.190,93,8,4230,348.7
1782626463.391,91,8,4230,346.8
1782626463.591,91,8,4230,346.8
1782626463.792,91,8,4230,346.8
1782626463.992,91,8,4230,313.0
1782626464.193,91,8,4230,313.0
1782626464.393,0,0,4230,205.6
1782626464.594,0,0,4230,205.6
1782626464.795,0,0,4230,205.6
1782626464.995,0,0,4230,100.6
1782626465.196,0,0,4230,100.6
1782626465.396,98,9,4230,168.5
1782626465.597,98,9,4230,168.5
1782626465.797,98,9,4230,249.9
1782626465.998,98,9,4230,249.9
1782626466.198,98,9,4230,249.9
1782626466.398,67,5,4230,297.4
1782626466.599,67,5,4230,297.4
1782626466.799,67,5,4230,271.8
1782626467.000,67,5,4230,271.8
1782626467.200,67,5,4230,271.8
1782626467.401,66,5,4230,271.6
1782626467.601,66,5,4230,271.6
1782626467.802,66,5,4230,270.9
1782626468.002,66,5,4230,270.9
1782626468.203,66,5,4230,270.9
1782626468.403,66,5,4230,269.8
1782626468.604,66,5,4230,269.8
1782626468.804,66,5,4230,276.3
1782626469.005,66,5,4230,276.3
1782626469.205,66,5,4230,276.3
1782626469.406,67,5,4230,278.3
1782626469.606,67,5,4230,278.3
1782626469.806,67,5,4230,279.8
1782626470.007,67,5,4230,279.8
1782626470.207,67,5,4230,279.8
1782626470.408,60,5,4230,277.4
1782626470.610,60,5,4230,277.4
1782626470.810,60,5,4230,274.0
1782626471.011,60,5,4230,274.0
1782626471.211,60,5,4230,274.0
1782626471.412,71,6,4230,274.4
1782626471.612,71,6,4230,274.4
1782626471.812,71,6,4230,278.2
1782626472.013,71,6,4230,278.2
1782626472.213,71,6,4230,278.2
1782626472.414,69,6,4230,282.0
1782626472.614,69,6,4230,282.0
1782626472.815,69,6,4230,281.3
1782626473.015,69,6,4230,281.3
1782626473.216,69,6,4230,281.3
1782626473.416,71,6,4230,281.1
1782626473.616,71,6,4230,281.1
1782626473.817,71,6,4230,280.2
1782626474.017,71,6,4230,280.2
1782626474.218,71,6,4230,280.2
1782626474.418,81,7,4230,308.1
1782626474.619,81,7,4230,308.1
1782626474.819,81,7,4230,264.2
1782626475.020,81,7,4230,264.2
1782626475.220,81,7,4230,264.2
1782626475.421,0,0,4230,163.8
1782626475.621,0,0,4230,163.8
1782626475.822,0,0,4230,99.4
1782626476.022,0,0,4230,99.4
1782626476.223,0,0,4230,99.4
1782626476.423,86,7,4230,179.2
1782626476.624,86,7,4230,179.2
1782626476.824,86,7,4230,267.1
1782626477.024,86,7,4230,267.1
1782626477.225,86,7,4230,267.1
1782626477.425,70,6,4230,263.9
1782626477.626,70,6,4230,263.9
1782626477.826,70,6,4230,268.7
1782626478.027,70,6,4230,268.7
1782626478.227,70,6,4230,268.7
1782626478.427,73,6,4230,270.5
1782626478.628,73,6,4230,270.5
1782626478.828,73,6,4230,270.6
1782626479.029,73,6,4230,270.6
1782626479.229,73,6,4230,270.6
1782626479.430,74,6,4230,268.4
1782626479.630,74,6,4230,268.4
1782626479.831,74,6,4230,265.7
1782626480.031,74,6,4230,265.7
1782626480.232,74,6,4230,265.7
1782626480.432,71,6,4230,269.2
1782626480.632,71,6,4230,269.2
1782626480.833,71,6,4230,270.2
1782626481.033,71,6,4230,270.2
1782626481.234,71,6,4230,270.2
1782626481.434,66,5,4230,267.2
1782626481.635,66,5,4230,267.2
1782626481.835,66,5,4230,262.6
1782626482.035,66,5,4230,262.6
1782626482.236,66,5,4230,262.6
1782626482.436,65,5,4230,260.8
1782626482.637,65,5,4230,260.8
1782626482.837,65,5,4230,259.9
1782626483.038,65,5,4230,259.9
1782626483.238,65,5,4230,259.9
1782626483.439,71,6,4230,258.5
1782626483.639,71,6,4230,258.5
1782626483.839,71,6,4230,258.4
1782626484.040,71,6,4230,258.4
1782626484.240,71,6,4230,258.4
1782626484.441,66,5,4230,259.7
1782626484.641,66,5,4230,259.7
1782626484.841,66,5,4230,262.1
1782626485.042,66,5,4230,262.1
1782626485.242,66,5,4230,262.1
1782626485.443,72,6,4230,267.6
1782626485.643,72,6,4230,267.6
1782626485.845,72,6,4230,270.1
1782626486.046,72,6,4230,270.1
1782626486.246,72,6,4230,270.1
1782626486.446,67,5,4230,268.6
1782626486.647,67,5,4230,268.6
1782626486.847,67,5,4230,267.3
1782626487.048,67,5,4230,267.3
1782626487.248,67,5,4230,267.3
1782626487.449,74,6,4230,265.7
1782626487.649,74,6,4230,265.7
1782626487.849,74,6,4230,262.6
1782626488.050,74,6,4230,262.6
1782626488.250,74,6,4230,262.6
1782626488.451,72,6,4230,266.7
1782626488.651,72,6,4230,266.7
1782626488.852,72,6,4230,262.1
1782626489.052,72,6,4230,262.1
1782626489.252,72,6,4230,262.1
1782626489.453,71,5,4230,259.2
1782626489.653,71,5,4230,259.2
1782626489.854,71,5,4230,266.1
1782626490.054,71,5,4230,266.1
1782626490.255,71,5,4230,266.1
1782626490.455,75,6,4230,265.3
1782626490.655,75,6,4230,265.3
1782626490.858,75,6,4230,265.5
1782626491.058,75,6,4230,265.5
1782626491.259,75,6,4230,265.5
1782626491.459,78,6,4230,270.6
1782626491.660,78,6,4230,270.6
1782626491.861,78,6,4230,210.6
1782626492.061,78,6,4230,210.6
1782626492.262,78,6,4230,210.6
1782626492.462,0,0,4230,123.3
1782626492.663,0,0,4230,123.3
1782626492.864,0,0,4230,99.2
1782626493.064,0,0,4230,99.2
1782626493.265,0,0,4230,99.2
1782626493.465,92,8,4230,124.0
1782626493.666,92,8,4230,124.0
1782626493.866,92,8,4230,225.4
1782626494.066,92,8,4230,225.4
1782626494.269,92,8,4230,225.4
1782626494.469,68,6,4230,287.6
1782626494.670,68,6,4230,287.6
1782626494.870,68,6,4230,263.2
1782626495.071,68,6,4230,263.2
1782626495.271,68,6,4230,263.2
1782626495.471,72,6,4230,264.9
1782626495.672,72,6,4230,264.9
1782626495.872,72,6,4230,272.9
1782626496.073,72,6,4230,272.9
1782626496.273,72,6,4230,272.9
1782626496.474,75,7,4230,279.0
1782626496.674,75,7,4230,279.0
1782626496.875,75,7,4230,274.2
1782626497.075,75,7,4230,274.2
1782626497.276,75,7,4230,274.2
1782626497.476,71,6,4230,272.3
1782626497.677,71,6,4230,272.3
1782626497.877,71,6,4230,272.4
1782626498.077,71,6,4230,272.4
1782626498.278,71,6,4230,272.4
1782626498.478,67,5,4230,267.6
1782626498.679,67,5,4230,267.6
1782626498.879,67,5,4230,266.4
1782626499.080,67,5,4230,266.4
1782626499.280,67,5,4230,266.4
1782626499.481,66,6,4230,256.5
1782626499.681,66,6,4230,256.5
1782626499.881,66,6,4230,252.5
1782626500.082,66,6,4230,252.5
1782626500.282,66,6,4230,252.5
1782626500.483,70,7,4230,258.5
1782626500.683,70,7,4230,258.5
1782626500.884,70,7,4230,267.0
1782626501.084,70,7,4230,267.0
1782626501.284,70,7,4230,267.0
1782626501.485,66,6,4230,268.1
1782626501.685,66,6,4230,268.1
1782626501.886,66,6,4230,271.6
1782626502.086,66,6,4230,271.6
1782626502.287,66,6,4230,271.6
1782626502.487,70,6,4230,276.3
1782626502.687,70,6,4230,276.3
1782626502.888,70,6,4230,273.1
1782626503.088,70,6,4230,273.1
1782626503.289,70,6,4230,273.1
1782626503.489,73,6,4230,273.3
1782626503.690,73,6,4230,273.3
1782626503.890,73,6,4230,278.1
1782626504.090,73,6,4230,278.1
1782626504.291,73,6,4230,278.1
1782626504.491,80,6,4230,284.7
1782626504.692,80,6,4230,284.7
1782626504.892,80,6,4230,288.8
1782626505.092,80,6,4230,288.8
1782626505.293,80,6,4230,288.8
1782626505.493,72,6,4230,284.6
1782626505.694,72,6,4230,284.6
1782626505.894,72,6,4230,279.8
1782626506.094,72,6,4230,279.8
1782626506.295,72,6,4230,279.8
1782626506.495,75,6,4230,278.0
1782626506.696,75,6,4230,278.0
1782626506.896,75,6,4230,276.6
1782626507.097,75,6,4230,276.6
1782626507.297,75,6,4230,276.6
1782626507.497,72,6,4230,279.6
1782626507.698,72,6,4230,279.6
1782626507.898,72,6,4230,278.6
1782626508.099,72,6,4230,278.6
1782626508.299,92,8,4230,296.4
1782626508.500,92,8,4230,296.4
1782626508.700,92,8,4230,296.4
1782626508.901,92,8,4230,225.9
1782626509.102,92,8,4230,225.9
1782626509.302,0,0,4230,114.5
1782626509.503,0,0,4230,114.5
1782626509.703,0,0,4230,114.5
1782626509.904,0,0,4230,100.0
1782626510.105,0,0,4230,100.0
1782626510.305,96,8,4230,158.3
1782626510.506,96,8,4230,158.3
1782626510.706,96,8,4230,158.3
1782626510.907,96,8,4230,241.4
1782626511.107,96,8,4230,241.4
1782626511.307,63,5,4230,280.7
1782626511.508,63,5,4230,280.7
1782626511.708,63,5,4230,280.7
1782626511.909,63,5,4230,260.6
1782626512.109,63,5,4230,260.6
1782626512.309,53,5,4230,258.1
1782626512.510,53,5,4230,258.1
1782626512.710,53,5,4230,258.1
1782626512.911,53,5,4230,255.5
1782626513.111,53,5,4230,255.5
1782626513.312,68,6,4230,259.3
1782626513.512,68,6,4230,259.3
1782626513.713,68,6,4230,259.3
1782626513.913,68,6,4230,259.4
1782626514.114,68,6,4230,259.4
1782626514.314,55,4,4230,252.6
1782626514.514,55,4,4230,252.6
1782626514.715,55,4,4230,252.6
1782626514.915,55,4,4230,250.1
1782626515.116,55,4,4230,250.1
1782626515.316,72,6,4230,261.1
1782626515.517,72,6,4230,261.1
1782626515.717,72,6,4230,261.1
1782626515.918,72,6,4230,266.8
1782626516.118,72,6,4230,266.8
1782626516.318,58,5,4230,256.9
1782626516.519,58,5,4230,256.9
1782626516.719,58,5,4230,256.9
1782626516.920,58,5,4230,258.6
1782626517.120,58,5,4230,258.6
1782626517.321,64,5,4230,259.0
1782626517.521,64,5,4230,259.0
1782626517.722,64,5,4230,259.0
1782626517.922,64,5,4230,258.0
1782626518.123,64,5,4230,258.0
1782626518.323,86,7,4230,272.9
1782626518.524,86,7,4230,272.9
1782626518.724,86,7,4230,272.9
1782626518.925,86,7,4230,294.5
1782626519.125,86,7,4230,294.5
1782626519.325,79,7,4230,299.5
1782626519.526,79,7,4230,299.5
1782626519.726,79,7,4230,299.5
1782626519.926,79,7,4230,303.5
1782626520.127,79,7,4230,303.5
1782626520.327,85,7,4230,310.5
1782626520.528,85,7,4230,310.5
1782626520.728,85,7,4230,310.5
1782626520.928,85,7,4230,311.5
1782626521.129,85,7,4230,311.5
1782626521.329,83,7,4230,310.9
1782626521.530,83,7,4230,310.9
1782626521.730,83,7,4230,310.9
1782626521.931,83,7,4230,304.6
1782626522.131,83,7,4230,304.6
1782626522.332,80,7,4230,300.5
1782626522.532,80,7,4230,300.5
1782626522.733,80,7,4230,300.5
1782626522.933,80,7,4230,298.2
1782626523.134,80,7,4230,298.2
1782626523.334,79,6,4230,291.5
1782626523.535,79,6,4230,291.5
1782626523.735,79,6,4230,291.5
1782626523.936,79,6,4230,246.3
1782626524.136,79,6,4230,246.3
1782626524.337,0,0,4230,152.9
1782626524.537,0,0,4230,152.9
1782626524.738,0,0,4230,152.9
1782626524.939,0,0,4230,101.1
1782626525.139,0,0,4230,101.1
1782626525.340,95,8,4230,152.4
1782626525.540,95,8,4230,152.4
1782626525.741,95,8,4230,152.4
1782626525.941,95,8,4230,237.9
1782626526.141,95,8,4230,237.9
1782626526.342,58,5,4230,274.5
1782626526.542,58,5,4230,274.5
1782626526.743,58,5,4230,274.5
1782626526.943,58,5,4230,265.4
1782626527.144,58,5,4230,265.4
1782626527.344,60,5,4230,267.2
1782626527.545,60,5,4230,267.2
1782626527.745,60,5,4230,267.2
1782626527.946,60,5,4230,268.5
1782626528.146,60,5,4230,268.5
1782626528.347,67,6,4230,272.6
1782626528.547,67,6,4230,272.6
1782626528.747,67,6,4230,272.6
1782626528.948,67,6,4230,270.6
1782626529.148,67,6,4230,270.6
1782626529.349,65,5,4230,267.9
1782626529.549,65,5,4230,267.9
1782626529.750,65,5,4230,267.9
1782626529.950,65,5,4230,270.3
1782626530.151,65,5,4230,270.3
1782626530.351,67,6,4230,268.2
1782626530.552,67,6,4230,268.2
1782626530.752,67,6,4230,268.2
1782626530.952,67,6,4230,267.5
1782626531.153,67,6,4230,267.5
1782626531.353,72,6,4230,269.4
1782626531.554,72,6,4230,269.4
1782626531.754,72,6,4230,269.4
1782626531.955,72,6,4230,264.0
1782626532.155,72,6,4230,264.0
1782626532.356,64,5,4230,267.4
1782626532.556,64,5,4230,267.4
1782626532.757,64,5,4230,267.4
1782626532.957,64,5,4230,272.3
1782626533.158,64,5,4230,272.3
1782626533.358,67,6,4230,270.0
1782626533.558,67,6,4230,270.0
1782626533.759,67,6,4230,270.0
1782626533.959,67,6,4230,287.9
1782626534.160,67,6,4230,287.9
1782626534.360,90,8,4230,317.8
1782626534.560,90,8,4230,317.8
1782626534.761,90,8,4230,317.8
1782626534.961,90,8,4230,339.2
1782626535.162,90,8,4230,339.2
1782626535.362,84,7,4230,333.1
1782626535.563,84,7,4230,333.1
1782626535.763,84,7,4230,333.1
1782626535.964,84,7,4230,335.1
1782626536.164,84,7,4230,335.1
1782626536.365,95,9,4230,339.6
1782626536.565,95,9,4230,339.6
1782626536.766,95,9,4230,339.6
1782626536.966,95,9,4230,341.5
1782626537.166,95,9,4230,341.5
1782626537.367,90,8,4230,344.0
1782626537.567,90,8,4230,344.0
1782626537.768,90,8,4230,344.0
1782626537.968,90,8,4230,341.3
1782626538.169,90,8,4230,341.3
1782626538.369,84,7,4230,341.9
1782626538.570,84,7,4230,341.9
1782626538.770,84,7,4230,341.9
1782626538.971,84,7,4230,233.2
1782626539.172,84,7,4230,233.2
1782626539.372,0,0,4230,112.7
1782626539.573,0,0,4230,112.7
1782626539.773,0,0,4230,112.7
1782626539.974,0,0,4230,111.6
1782626540.174,0,0,4230,111.6
1782626540.375,74,6,4230,218.8
1782626540.575,74,6,4230,218.8
1782626540.775,74,6,4230,218.8
1782626540.976,74,6,4230,310.1
1782626541.176,74,6,4230,310.1
1782626541.377,72,6,4230,284.1
1782626541.577,72,6,4230,284.1
1782626541.778,72,6,4230,284.1
1782626541.978,72,6,4230,279.7
1782626542.178,72,6,4230,279.7
1782626542.379,67,5,4230,276.3
1782626542.579,67,5,4230,276.3
1782626542.780,67,5,4230,276.3
1782626542.980,67,5,4230,273.7
1782626543.181,67,5,4230,273.7
1782626543.381,68,5,4230,281.7
1782626543.582,68,5,4230,281.7
1782626543.782,68,5,4230,281.7
1782626543.983,68,5,4230,288.9
1782626544.183,68,5,4230,288.9
1782626544.384,79,7,4230,291.5
1782626544.586,79,7,4230,291.5
1782626544.787,79,7,4230,291.5
1782626544.987,79,7,4230,288.9
1782626545.188,79,7,4230,288.9
1782626545.388,67,5,4230,286.4
1782626545.588,67,5,4230,286.4
1782626545.789,67,5,4230,286.4
1782626545.989,67,5,4230,282.3
1782626546.190,67,5,4230,282.3
1782626546.390,71,6,4230,283.1
1782626546.591,71,6,4230,283.1
1782626546.791,71,6,4230,283.1
1782626546.992,71,6,4230,285.4
1782626547.192,71,6,4230,285.4
1782626547.393,65,5,4230,284.5
1782626547.593,65,5,4230,284.5
1782626547.794,65,5,4230,284.5
1782626547.994,65,5,4230,287.5
1782626548.194,65,5,4230,287.5
1782626548.395,83,7,4230,290.7
1782626548.595,83,7,4230,290.7
1782626548.796,83,7,4230,290.7
1782626548.996,83,7,4230,234.0
1782626549.197,83,7,4230,234.0
1782626549.397,0,0,4230,138.9
1782626549.598,0,0,4230,138.9
1782626549.798,0,0,4230,138.9
1782626549.999,0,0,4230,101.7
1782626550.199,0,0,4230,101.7
1782626550.400,75,6,4230,186.1
1782626550.600,75,6,4230,186.1
1782626550.801,75,6,4230,186.1
1782626551.001,75,6,4230,276.1
1782626551.201,75,6,4230,276.1
1782626551.402,69,6,4230,260.5
1782626551.602,69,6,4230,260.5
1782626551.803,69,6,4230,261.0
1782626552.003,69,6,4230,261.0
1782626552.204,69,6,4230,261.0
1782626552.404,77,6,4230,265.5
1782626552.604,77,6,4230,265.5
1782626552.805,77,6,4230,266.0
1782626553.005,77,6,4230,266.0
1782626553.206,77,6,4230,266.0
1782626553.406,73,6,4230,266.0
1782626553.606,73,6,4230,266.0
1782626553.807,73,6,4230,268.1
1782626554.007,73,6,4230,268.1
1782626554.208,73,6,4230,268.1
1782626554.408,77,6,4230,272.1
1782626554.609,77,6,4230,272.1
1782626554.811,77,6,4230,272.4
1782626555.012,77,6,4230,272.4
1782626555.212,77,6,4230,272.4
1782626555.412,69,6,4230,269.5
1782626555.613,69,6,4230,269.5
1782626555.813,69,6,4230,270.2
1782626556.014,69,6,4230,270.2
1782626556.214,69,6,4230,270.2
1782626556.415,73,6,4230,270.8
1782626556.615,73,6,4230,270.8
1782626556.816,73,6,4230,267.9
1782626557.016,73,6,4230,267.9
1782626557.216,73,6,4230,267.9
1782626557.417,74,6,4230,267.0
1782626557.617,74,6,4230,267.0
1782626557.818,74,6,4230,272.8
1782626558.018,74,6,4230,272.8
1782626558.219,74,6,4230,272.8
1782626558.419,75,6,4230,273.5
1782626558.619,75,6,4230,273.5
1782626558.820,75,6,4230,270.6
1782626559.020,75,6,4230,270.6
1782626559.221,75,6,4230,270.6
1782626559.421,71,6,4230,270.9
1782626559.622,71,6,4230,270.9
1782626559.822,71,6,4230,269.6
1782626560.023,71,6,4230,269.6
1782626560.223,71,6,4230,269.6
1782626560.424,78,7,4230,271.3
1782626560.624,78,7,4230,271.3
1782626560.825,78,7,4230,270.4
1782626561.025,78,7,4230,270.4
1782626561.226,78,7,4230,270.4
1782626561.426,71,6,4230,269.1
1782626561.626,71,6,4230,269.1
1782626561.827,71,6,4230,270.5
1782626562.027,71,6,4230,270.5
1782626562.228,71,6,4230,270.5
1782626562.428,72,6,4230,267.5
1782626562.629,72,6,4230,267.5
1782626562.829,72,6,4230,267.1
1782626563.029,72,6,4230,267.1
1782626563.230,72,6,4230,267.1
1782626563.430,77,7,4230,270.8
1782626563.631,77,7,4230,270.8
1782626563.831,77,7,4230,272.6
1782626564.032,77,7,4230,272.6
1782626564.232,77,7,4230,272.6
1782626564.433,71,6,4230,274.3
1782626564.633,71,6,4230,274.3
1782626564.833,71,6,4230,269.3
1782626565.034,71,6,4230,269.3
1782626565.234,71,6,4230,269.3
1782626565.435,82,7,4230,272.2
1782626565.635,82,7,4230,272.2
1782626565.836,82,7,4230,228.0
1782626566.036,82,7,4230,228.0
1782626566.237,82,7,4230,228.0
1782626566.438,0,0,4230,151.7
1782626566.638,0,0,4230,151.7
1782626566.839,0,0,4230,99.3
1782626567.039,0,0,4230,99.3
1782626567.240,0,0,4230,99.3
1782626567.440,23,2,4230,102.6
1782626567.641,23,2,4230,102.6
1782626567.841,23,2,4230,212.7
1782626568.042,23,2,4230,212.7
1782626568.242,23,2,4230,212.7
1782626568.443,68,5,4230,280.3
1782626568.643,68,5,4230,280.3
1782626568.843,68,5,4230,266.9
1782626569.044,68,5,4230,266.9
1782626569.244,68,5,4230,266.9
1782626569.444,69,6,4230,268.6
1782626569.645,69,6,4230,268.6
1782626569.845,69,6,4230,264.9
1782626570.046,69,6,4230,264.9
1782626570.246,69,6,4230,264.9
1782626570.447,63,5,4230,262.5
1782626570.647,63,5,4230,262.5
1782626570.847,63,5,4230,266.7
1782626571.048,63,5,4230,266.7
1782626571.248,63,5,4230,266.7
1782626571.448,67,6,4230,267.0
1782626571.649,67,6,4230,267.0
1782626571.849,67,6,4230,266.4
1782626572.050,67,6,4230,266.4
1782626572.250,67,6,4230,266.4
1782626572.451,65,6,4230,263.3
1782626572.651,65,6,4230,263.3
1782626572.851,65,6,4230,262.1
1782626573.052,65,6,4230,262.1
1782626573.252,65,6,4230,262.1
1782626573.453,63,5,4230,268.4
1782626573.653,63,5,4230,268.4
1782626573.853,63,5,4230,267.0
1782626574.054,63,5,4230,267.0
1782626574.254,63,5,4230,267.0
1782626574.455,62,5,4230,253.8
1782626574.655,62,5,4230,253.8
1782626574.856,62,5,4230,253.1
1782626575.056,62,5,4230,253.1
1782626575.257,62,5,4230,253.1
1782626575.457,79,7,4230,266.4
1782626575.657,79,7,4230,266.4
1782626575.858,79,7,4230,275.0
1782626576.058,79,7,4230,275.0
1782626576.259,79,7,4230,275.0
1782626576.459,75,6,4230,283.9
1782626576.659,75,6,4230,283.9
1782626576.860,75,6,4230,283.1
1782626577.060,75,6,4230,283.1
1782626577.261,75,6,4230,283.1
1782626577.461,72,6,4230,282.6
1782626577.662,72,6,4230,282.6
1782626577.862,72,6,4230,278.8
1782626578.062,72,6,4230,278.8
1782626578.263,72,6,4230,278.8
1782626578.463,78,6,4230,279.8
1782626578.664,78,6,4230,279.8
1782626578.864,78,6,4230,289.9
1782626579.065,78,6,4230,289.9
1782626579.265,78,6,4230,289.9
1782626579.465,75,6,4230,285.6
1782626579.666,75,6,4230,285.6
1782626579.866,75,6,4230,285.8
1782626580.067,75,6,4230,285.8
1782626580.267,75,6,4230,285.8
1782626580.468,75,6,4230,283.0
1782626580.668,75,6,4230,283.0
1782626580.869,75,6,4230,280.7
1782626581.069,75,6,4230,280.7
1782626581.270,75,6,4230,280.7
1782626581.470,81,7,4230,287.7
1782626581.671,81,7,4230,287.7
1782626581.871,81,7,4230,291.3
1782626582.071,81,7,4230,291.3
1782626582.272,81,7,4230,291.3
1782626582.472,92,8,4230,309.0
1782626582.673,92,8,4230,309.0
1782626582.873,92,8,4230,272.6
1782626583.074,92,8,4230,272.6
1782626583.274,92,8,4230,272.6
1782626583.475,0,0,4230,173.0
1782626583.675,0,0,4230,173.0
1782626583.876,0,0,4230,99.6
1782626584.076,0,0,4230,99.6
1782626584.277,0,0,4230,99.6
1782626584.477,76,6,4230,117.6
1782626584.678,76,6,4230,117.6
1782626584.878,76,6,4230,229.0
1782626585.078,76,6,4230,229.0
1782626585.279,76,6,4230,229.0
1782626585.479,52,4,4230,288.7
1782626585.680,52,4,4230,288.7
1782626585.880,52,4,4230,262.5
1782626586.081,52,4,4230,262.5
1782626586.281,52,4,4230,262.5
1782626586.481,69,6,4230,262.7
1782626586.682,69,6,4230,262.7
1782626586.882,69,6,4230,261.4
1782626587.083,69,6,4230,261.4
1782626587.283,69,6,4230,261.4
1782626587.484,62,5,4230,270.3
1782626587.684,62,5,4230,270.3
1782626587.884,62,5,4230,267.0
1782626588.085,62,5,4230,267.0
1782626588.285,62,5,4230,267.0
1782626588.486,50,4,4230,257.4
1782626588.686,50,4,4230,257.4
1782626588.887,50,4,4230,263.9
1782626589.087,50,4,4230,263.9
1782626589.288,50,4,4230,263.9
1782626589.488,58,5,4230,270.1
1782626589.689,58,5,4230,270.1
1782626589.889,58,5,4230,267.4
1782626590.090,58,5,4230,267.4
1782626590.290,58,5,4230,267.4
1782626590.491,66,6,4230,263.7
1782626590.691,66,6,4230,263.7
1782626590.891,66,6,4230,259.2
1782626591.092,66,6,4230,259.2
1782626591.292,66,6,4230,259.2
1782626591.493,70,6,4230,256.8
1782626591.693,70,6,4230,256.8
1782626591.894,70,6,4230,261.3
1782626592.094,70,6,4230,261.3
1782626592.295,70,6,4230,261.3
1782626592.495,81,7,4230,277.5
1782626592.696,81,7,4230,277.5
1782626592.896,81,7,4230,300.6
1782626593.096,81,7,4230,300.6
1782626593.297,81,7,4230,300.6
1782626593.497,85,7,4230,309.4
1782626593.697,85,7,4230,309.4
1782626593.898,85,7,4230,304.1
1782626594.098,85,7,4230,304.1
1782626594.299,85,7,4230,304.1
1782626594.499,84,7,4230,309.8
1782626594.700,84,7,4230,309.8
1782626594.900,84,7,4230,316.7
1782626595.101,84,7,4230,316.7
1782626595.301,84,7,4230,316.7
1782626595.501,85,7,4230,312.0
1782626595.702,85,7,4230,312.0
1782626595.902,85,7,4230,318.0
1782626596.103,85,7,4230,318.0
1782626596.303,85,7,4230,318.0
1782626596.504,80,7,4230,317.6
1782626596.704,80,7,4230,317.6
1782626596.904,80,7,4230,311.3
1782626597.105,80,7,4230,311.3
1782626597.305,80,7,4230,305.9
1782626597.506,80,7,4230,305.9
1782626597.706,80,7,4230,305.9
1782626597.907,80,7,4230,306.1
1782626598.107,80,7,4230,306.1
1782626598.308,0,0,4230,251.4
1782626598.509,0,0,4230,251.4
1782626598.709,0,0,4230,251.4
1782626598.910,0,0,4230,158.3
1782626599.110,0,0,4230,158.3
1782626599.311,0,0,4230,99.7
1782626599.512,0,0,4230,99.7
1782626599.712,0,0,4230,99.7
1782626599.913,0,0,4230,174.2
1782626600.113,0,0,4230,174.2
1782626600.313,66,5,4230,253.2
1782626600.514,66,5,4230,253.2
1782626600.714,66,5,4230,253.2
1782626600.915,66,5,4230,278.4
1782626601.115,66,5,4230,278.4
1782626601.316,66,5,4230,270.2
1782626601.516,66,5,4230,270.2
1782626601.717,66,5,4230,270.2
1782626601.917,66,5,4230,267.8
1782626602.118,66,5,4230,267.8
1782626602.318,55,5,4230,267.9
1782626602.518,55,5,4230,267.9
1782626602.719,55,5,4230,267.9
1782626602.919,55,5,4230,269.8
1782626603.120,55,5,4230,269.8
1782626603.320,69,6,4230,265.4
1782626603.521,69,6,4230,265.4
1782626603.721,69,6,4230,265.4
1782626603.922,69,6,4230,269.6
1782626604.122,69,6,4230,269.6
1782626604.323,64,5,4230,270.4
1782626604.523,64,5,4230,270.4
1782626604.723,64,5,4230,270.4
1782626604.924,64,5,4230,263.4
1782626605.124,64,5,4230,263.4
1782626605.325,64,5,4230,261.5
1782626605.525,64,5,4230,261.5
1782626605.726,64,5,4230,261.5
1782626605.926,64,5,4230,266.6
1782626606.126,64,5,4230,266.6
1782626606.327,63,5,4230,267.2
1782626606.527,63,5,4230,267.2
1782626606.727,63,5,4230,267.2
1782626606.928,63,5,4230,260.1
1782626607.128,63,5,4230,260.1
1782626607.329,71,6,4230,263.1
1782626607.529,71,6,4230,263.1
1782626607.730,71,6,4230,263.1
1782626607.930,71,6,4230,283.7
1782626608.130,71,6,4230,283.7
1782626608.331,88,7,4230,326.5
1782626608.531,88,7,4230,326.5
1782626608.732,88,7,4230,326.5
1782626608.932,88,7,4230,351.7
1782626609.133,88,7,4230,351.7
1782626609.333,90,8,4230,353.2
1782626609.534,90,8,4230,353.2
1782626609.734,90,8,4230,353.2
1782626609.935,90,8,4230,356.3
1782626610.135,90,8,4230,356.3
1782626610.336,87,7,4230,354.6
1782626610.536,87,7,4230,354.6
1782626610.737,87,7,4230,354.6
1782626610.937,87,7,4230,353.5
1782626611.138,87,7,4230,353.5
1782626611.338,91,7,4230,338.2
1782626611.539,91,7,4230,338.2
1782626611.739,91,7,4230,338.2
1782626611.940,91,7,4230,344.6
1782626612.140,91,7,4230,344.6
1782626612.340,91,8,4230,355.3
1782626612.541,91,8,4230,355.3
1782626612.741,91,8,4230,355.3
1782626612.942,91,8,4230,340.5
1782626613.142,91,8,4230,340.5
1782626613.343,0,0,4230,226.1
1782626613.544,0,0,4230,226.1
1782626613.744,0,0,4230,226.1
1782626613.945,0,0,4230,100.5
1782626614.145,0,0,4230,100.5
1782626614.345,96,8,4230,132.8
1782626614.546,96,8,4230,132.8
1782626614.746,96,8,4230,132.8
1782626614.947,96,8,4230,229.2
1782626615.147,96,8,4230,229.2
1782626615.348,63,5,4230,298.2
1782626615.548,63,5,4230,298.2
1782626615.749,63,5,4230,298.2
1782626615.949,63,5,4230,277.4
1782626616.150,63,5,4230,277.4
1782626616.350,73,6,4230,274.9
1782626616.553,73,6,4230,274.9
1782626616.753,73,6,4230,274.9
1782626616.954,73,6,4230,280.1
1782626617.154,73,6,4230,280.1
1782626617.355,63,5,4230,282.4
1782626617.555,63,5,4230,282.4
1782626617.756,63,5,4230,282.4
1782626617.956,63,5,4230,282.4
1782626618.157,63,5,4230,282.4
1782626618.357,62,5,4230,282.4
1782626618.557,62,5,4230,282.4
1782626618.758,62,5,4230,282.4
1782626618.958,62,5,4230,281.5
1782626619.159,62,5,4230,281.5
1782626619.359,66,5,4230,276.8
1782626619.560,66,5,4230,276.8
1782626619.760,66,5,4230,276.8
1782626619.961,66,5,4230,271.9
1782626620.161,66,5,4230,271.9
1782626620.362,65,5,4230,276.4
1782626620.562,65,5,4230,276.4
1782626620.763,65,5,4230,276.4
1782626620.963,65,5,4230,283.6
1782626621.163,65,5,4230,283.6
1782626621.364,72,6,4230,285.2
1782626621.564,72,6,4230,285.2
1782626621.765,72,6,4230,285.2
1782626621.965,72,6,4230,280.9
1782626622.166,72,6,4230,280.9
1782626622.366,65,5,4230,283.2
1782626622.567,65,5,4230,283.2
1782626622.767,65,5,4230,283.2
1782626622.968,65,5,4230,282.1
1782626623.168,65,5,4230,282.1
1782626623.369,0,0,4230,191.2
1782626623.570,0,0,4230,191.2
1782626623.770,0,0,4230,191.2
1782626623.970,0,0,4230,111.0
1782626624.171,0,0,4230,111.0
1782626624.372,75,6,4230,120.4
1782626624.572,75,6,4230,120.4
1782626624.772,75,6,4230,120.4
1782626624.973,75,6,4230,217.4
1782626625.173,75,6,4230,217.4
1782626625.374,66,6,4230,294.1
1782626625.574,66,6,4230,294.1
1782626625.775,66,6,4230,294.1
1782626625.975,66,6,4230,263.5
1782626626.175,66,6,4230,263.5
1782626626.376,70,5,4230,264.1
1782626626.576,70,5,4230,264.1
1782626626.777,70,5,4230,264.1
1782626626.977,70,5,4230,265.7
1782626627.178,70,5,4230,265.7
1782626627.378,76,6,4230,267.0
1782626627.579,76,6,4230,267.0
1782626627.779,76,6,4230,267.0
1782626627.979,76,6,4230,267.2
1782626628.180,76,6,4230,267.2
1782626628.380,77,6,4230,269.0
1782626628.580,77,6,4230,269.0
1782626628.781,77,6,4230,269.0
1782626628.981,77,6,4230,267.2
1782626629.182,77,6,4230,267.2
1782626629.382,73,6,4230,270.6
1782626629.583,73,6,4230,270.6
1782626629.783,73,6,4230,270.6
1782626629.983,73,6,4230,269.7
1782626630.184,73,6,4230,269.7
1782626630.384,73,6,4230,266.4
1782626630.585,73,6,4230,266.4
1782626630.785,73,6,4230,266.4
1782626630.986,73,6,4230,263.5
1782626631.186,73,6,4230,263.5
1782626631.386,72,6,4230,267.0
1782626631.587,72,6,4230,267.0
1782626631.787,72,6,4230,267.0
1782626631.988,72,6,4230,268.3
1782626632.188,72,6,4230,268.3
1782626632.389,65,5,4230,264.7
1782626632.589,65,5,4230,264.7
1782626632.789,65,5,4230,264.7
1782626632.990,65,5,4230,266.3
1782626633.190,65,5,4230,266.3
1782626633.390,73,6,4230,261.3
1782626633.591,73,6,4230,261.3
1782626633.791,73,6,4230,261.3
1782626633.992,73,6,4230,268.7
1782626634.192,73,6,4230,268.7
1782626634.393,73,6,4230,274.5
1782626634.593,73,6,4230,274.5
1782626634.793,73,6,4230,274.5
1782626634.994,73,6,4230,265.7
1782626635.194,73,6,4230,265.7
1782626635.395,76,6,4230,263.6
1782626635.595,76,6,4230,263.6
1782626635.795,76,6,4230,263.6
1782626635.996,76,6,4230,267.6
1782626636.196,76,6,4230,267.6
1782626636.397,77,6,4230,267.4
1782626636.597,77,6,4230,267.4
1782626636.797,77,6,4230,267.4
1782626636.998,77,6,4230,266.5
1782626637.198,77,6,4230,266.5
1782626637.399,73,6,4230,266.5
1782626637.599,73,6,4230,266.5
1782626637.799,73,6,4230,266.5
1782626638.000,73,6,4230,267.6
1782626638.200,73,6,4230,267.6
1782626638.401,79,6,4230,270.3
1782626638.601,79,6,4230,270.3
1782626638.802,79,6,4230,270.3
1782626639.002,79,6,4230,271.5
1782626639.203,79,6,4230,271.5
1782626639.403,71,6,4230,270.9
1782626639.604,71,6,4230,270.9
1782626639.804,71,6,4230,270.9
1782626640.005,71,6,4230,234.2
1782626640.205,71,6,4230,234.2
1782626640.406,0,0,4230,162.2
1782626640.606,0,0,4230,162.2
1782626640.807,0,0,4230,102.2
1782626641.007,0,0,4230,102.2
1782626641.208,0,0,4230,102.2
1782626641.409,0,0,4230,101.6
1782626641.609,0,0,4230,101.6
1782626641.809,0,0,4230,200.6
1782626642.010,0,0,4230,200.6
1782626642.210,0,0,4230,200.6
1782626642.411,72,6,4230,283.9
1782626642.611,72,6,4230,283.9
1782626642.812,72,6,4230,260.0
1782626643.012,72,6,4230,260.0
1782626643.212,72,6,4230,260.0
1782626643.413,66,6,4230,259.5
1782626643.613,66,6,4230,259.5
1782626643.814,66,6,4230,264.8
1782626644.014,66,6,4230,264.8
1782626644.215,66,6,4230,264.8
1782626644.415,70,6,4230,269.5
1782626644.615,70,6,4230,269.5
1782626644.816,70,6,4230,267.4
1782626645.016,70,6,4230,267.4
1782626645.217,70,6,4230,267.4
1782626645.417,70,6,4230,273.8
1782626645.618,70,6,4230,273.8
1782626645.818,70,6,4230,273.1
1782626646.019,70,6,4230,273.1
1782626646.219,70,6,4230,273.1
1782626646.419,61,5,4230,266.5
1782626646.620,61,5,4230,266.5
1782626646.820,61,5,4230,266.5
1782626647.021,61,5,4230,266.5
1782626647.221,61,5,4230,266.5
1782626647.421,63,5,4230,266.2
1782626647.622,63,5,4230,266.2
1782626647.822,63,5,4230,258.9
1782626648.023,63,5,4230,258.9
1782626648.223,63,5,4230,258.9
1782626648.424,75,7,4230,261.2
1782626648.624,75,7,4230,261.2
1782626648.825,75,7,4230,269.8
1782626649.025,75,7,4230,269.8
1782626649.225,75,7,4230,269.8
1782626649.426,76,7,4230,269.7
1782626649.626,76,7,4230,269.7
1782626649.826,76,7,4230,273.3
1782626650.027,76,7,4230,273.3
1782626650.227,76,7,4230,273.3
1782626650.428,74,6,4230,285.3
1782626650.628,74,6,4230,285.3
1782626650.828,74,6,4230,284.7
1782626651.029,74,6,4230,284.7
1782626651.229,74,6,4230,284.7
1782626651.430,72,6,4230,276.7
1782626651.630,72,6,4230,276.7
1782626651.831,72,6,4230,280.5
1782626652.031,72,6,4230,280.5
1782626652.231,72,6,4230,280.5
1782626652.432,80,7,4230,279.7
1782626652.632,80,7,4230,279.7
1782626652.833,80,7,4230,283.1
1782626653.033,80,7,4230,283.1
1782626653.234,80,7,4230,283.1
1782626653.434,79,7,4230,282.3
1782626653.634,79,7,4230,282.3
1782626653.835,79,7,4230,280.5
1782626654.035,79,7,4230,280.5
1782626654.236,79,7,4230,280.5
1782626654.436,82,7,4230,282.7
1782626654.637,82,7,4230,282.7
1782626654.837,82,7,4230,283.3
1782626655.038,82,7,4230,283.3
1782626655.238,82,7,4230,283.3
1782626655.438,74,6,4230,282.3
1782626655.639,74,6,4230,282.3
1782626655.839,74,6,4230,282.1
1782626656.040,74,6,4230,282.1
1782626656.240,74,6,4230,282.1
1782626656.441,89,8,4230,289.9
1782626656.641,89,8,4230,289.9
1782626656.842,89,8,4230,273.2
1782626657.042,89,8,4230,273.2
1782626657.243,89,8,4230,273.2
1782626657.443,0,0,4230,175.7
1782626657.644,0,0,4230,175.7
1782626657.845,0,0,4230,100.0
1782626658.045,0,0,4230,100.0
1782626658.246,0,0,4230,100.0
1782626658.446,0,0,4230,99.5
1782626658.647,0,0,4230,99.5
1782626658.847,0,0,4230,192.2
1782626659.048,0,0,4230,192.2
1782626659.248,0,0,4230,192.2
1782626659.449,63,5,4230,275.0
1782626659.649,63,5,4230,275.0
1782626659.849,63,5,4230,261.0
1782626660.050,63,5,4230,261.0
1782626660.250,63,5,4230,261.0
1782626660.451,62,5,4230,251.0
1782626660.651,62,5,4230,251.0
1782626660.852,62,5,4230,249.0
1782626661.052,62,5,4230,249.0
1782626661.252,62,5,4230,249.0
1782626661.453,64,5,4230,258.1
1782626661.653,64,5,4230,258.1
1782626661.853,64,5,4230,265.3
1782626662.054,64,5,4230,265.3
1782626662.254,64,5,4230,265.3
1782626662.455,68,6,4230,262.6
1782626662.655,68,6,4230,262.6
1782626662.856,68,6,4230,257.1
1782626663.056,68,6,4230,257.1
1782626663.256,68,6,4230,257.1
1782626663.457,62,5,4230,255.1
1782626663.657,62,5,4230,255.1
1782626663.858,62,5,4230,259.5
1782626664.058,62,5,4230,259.5
1782626664.259,62,5,4230,259.5
1782626664.459,59,5,4230,258.9
1782626664.659,59,5,4230,258.9
1782626664.860,59,5,4230,259.5
1782626665.060,59,5,4230,259.5
1782626665.261,59,5,4230,259.5
1782626665.461,63,6,4230,257.7
1782626665.662,63,6,4230,257.7
1782626665.862,63,6,4230,261.8
1782626666.062,63,6,4230,261.8
1782626666.263,63,6,4230,261.8
1782626666.463,81,7,4230,270.9
1782626666.664,81,7,4230,270.9
1782626666.864,81,7,4230,285.0
1782626667.065,81,7,4230,285.0
1782626667.265,81,7,4230,285.0
1782626667.466,78,7,4230,298.3
1782626667.666,78,7,4230,298.3
1782626667.867,78,7,4230,304.7
1782626668.067,78,7,4230,304.7
1782626668.268,78,7,4230,304.7
1782626668.468,84,8,4230,307.1
1782626668.669,84,8,4230,307.1
1782626668.869,84,8,4230,308.4
1782626669.070,84,8,4230,308.4
1782626669.270,84,8,4230,308.4
1782626669.471,78,6,4230,298.0
1782626669.671,78,6,4230,298.0
1782626669.871,78,6,4230,300.3
1782626670.072,78,6,4230,300.3
1782626670.272,78,6,4230,300.3
1782626670.473,77,7,4230,303.6
1782626670.673,77,7,4230,303.6
1782626670.874,77,7,4230,300.9
1782626671.074,77,7,4230,300.9
1782626671.275,77,7,4230,300.9
1782626671.475,75,6,4230,295.9
1782626671.675,75,6,4230,295.9
1782626671.876,75,6,4230,308.0
1782626672.077,75,6,4230,308.0
1782626672.277,75,6,4230,308.0
1782626672.478,0,0,4230,235.9
1782626672.678,0,0,4230,235.9
1782626672.879,0,0,4230,141.5
1782626673.079,0,0,4230,141.5
1782626673.280,0,0,4230,141.5
1782626673.481,0,0,4230,100.3
1782626673.681,0,0,4230,100.3
1782626673.881,0,0,4230,195.6
1782626674.082,0,0,4230,195.6
1782626674.282,0,0,4230,195.6
1782626674.483,62,5,4230,275.4
1782626674.683,62,5,4230,275.4
1782626674.884,62,5,4230,266.4
1782626675.084,62,5,4230,266.4
1782626675.285,62,5,4230,266.4
1782626675.485,68,6,4230,269.3
1782626675.685,68,6,4230,269.3
1782626675.886,68,6,4230,276.1
1782626676.086,68,6,4230,276.1
1782626676.286,68,6,4230,276.1
1782626676.487,65,6,4230,276.9
1782626676.687,65,6,4230,276.9
1782626676.887,65,6,4230,270.6
1782626677.088,65,6,4230,270.6
1782626677.288,65,6,4230,270.6
1782626677.488,61,5,4230,271.8
1782626677.689,61,5,4230,271.8
1782626677.889,61,5,4230,274.3
1782626678.089,61,5,4230,274.3
1782626678.290,61,5,4230,274.3
1782626678.490,63,5,4230,273.4
1782626678.690,63,5,4230,273.4
1782626678.891,63,5,4230,269.9
1782626679.091,63,5,4230,269.9
1782626679.292,63,5,4230,269.9
1782626679.492,69,6,4230,268.4
1782626679.693,69,6,4230,268.4
1782626679.893,69,6,4230,267.8
1782626680.093,69,6,4230,267.8
1782626680.294,69,6,4230,267.8
1782626680.494,67,6,4230,270.1
1782626680.695,67,6,4230,270.1
1782626680.895,67,6,4230,276.0
1782626681.096,67,6,4230,276.0
1782626681.296,67,6,4230,276.0
1782626681.497,76,6,4230,273.0
1782626681.697,76,6,4230,273.0
1782626681.897,76,6,4230,285.1
1782626682.098,76,6,4230,285.1
1782626682.298,76,6,4230,285.1
1782626682.499,88,8,4230,323.4
1782626682.699,88,8,4230,323.4
1782626682.900,88,8,4230,341.5
1782626683.100,88,8,4230,341.5
1782626683.300,88,8,4230,341.5
1782626683.501,86,7,4230,333.8
1782626683.701,86,7,4230,333.8
1782626683.902,86,7,4230,338.9
1782626684.102,86,7,4230,338.9
1782626684.303,86,7,4230,338.9
1782626684.503,90,8,4230,341.8
1782626684.703,90,8,4230,341.8
1782626684.904,90,8,4230,337.8
1782626685.104,90,8,4230,337.8
1782626685.305,90,8,4230,337.8
1782626685.505,89,8,4230,334.2
1782626685.706,89,8,4230,334.2
1782626685.906,89,8,4230,343.5
1782626686.106,89,8,4230,343.5
1782626686.307,89,8,4230,343.5
1782626686.508,89,8,4230,345.3
1782626686.708,89,8,4230,345.3
1782626686.909,89,8,4230,221.6
1782626687.109,89,8,4230,221.6
1782626687.310,0,0,4230,103.4
1782626687.510,0,0,4230,103.4
1782626687.711,0,0,4230,103.4
1782626687.911,0,0,4230,124.1
1782626688.112,0,0,4230,124.1
1782626688.312,73,6,4230,237.9
1782626688.513,73,6,4230,237.9
1782626688.715,73,6,4230,237.9
1782626688.915,73,6,4230,304.2
1782626689.116,73,6,4230,304.2
1782626689.316,67,5,4230,281.5
1782626689.517,67,5,4230,281.5
1782626689.717,67,5,4230,281.5
1782626689.918,67,5,4230,280.9
1782626690.118,67,5,4230,280.9
1782626690.319,74,6,4230,286.4
1782626690.519,74,6,4230,286.4
1782626690.720,74,6,4230,286.4
1782626690.920,74,6,4230,285.8
1782626691.120,74,6,4230,285.8
1782626691.321,67,5,4230,279.6
1782626691.521,67,5,4230,279.6
1782626691.722,67,5,4230,279.6
1782626691.922,67,5,4230,280.3
1782626692.123,67,5,4230,280.3
1782626692.323,65,5,4230,281.5
1782626692.524,65,5,4230,281.5
1782626692.724,65,5,4230,281.5
1782626692.924,65,5,4230,284.3
1782626693.125,65,5,4230,284.3
1782626693.325,66,5,4230,284.8
1782626693.526,66,5,4230,284.8
1782626693.726,66,5,4230,284.8
1782626693.926,66,5,4230,285.6
1782626694.127,66,5,4230,285.6
1782626694.327,72,5,4230,287.0
1782626694.528,72,5,4230,287.0
1782626694.728,72,5,4230,287.0
1782626694.929,72,5,4230,285.1
1782626695.129,72,5,4230,285.1
1782626695.330,74,6,4230,281.2
1782626695.530,74,6,4230,281.2
1782626695.731,74,6,4230,281.2
1782626695.931,74,6,4230,289.2
1782626696.132,74,6,4230,289.2
1782626696.332,77,6,4230,290.1
1782626696.532,77,6,4230,290.1
1782626696.733,77,6,4230,290.1
1782626696.933,77,6,4230,299.7
1782626697.134,77,6,4230,299.7
1782626697.334,0,0,4230,245.2
1782626697.535,0,0,4230,245.2
1782626697.735,0,0,4230,245.2
1782626697.936,0,0,4230,134.6
1782626698.136,0,0,4230,134.6
1782626698.337,0,0,4230,99.6
1782626698.537,0,0,4230,99.6
1782626698.738,0,0,4242,99.6
1782626698.938,0,0,4242,184.4
1782626699.139,0,0,4242,184.4
1782626699.339,73,6,4242,259.3
1782626699.540,73,6,4242,259.3
1782626699.740,73,6,4242,259.3
1782626699.941,73,6,4242,270.1
1782626700.141,73,6,4242,270.1
1782626700.341,69,5,4242,263.3
1782626700.542,69,5,4242,263.3
1782626700.742,69,5,4242,263.3
1782626700.943,69,5,4242,264.3
1782626701.143,69,5,4242,264.3
1782626701.344,72,6,4242,267.4
1782626701.544,72,6,4242,267.4
1782626701.745,72,6,4242,267.4
1782626701.945,72,6,4242,267.9
1782626702.145,72,6,4242,267.9
1782626702.346,70,6,4242,269.4
1782626702.546,70,6,4242,269.4
1782626702.746,70,6,4242,269.4
1782626702.947,70,6,4242,268.8
1782626703.147,70,6,4242,268.8
1782626703.348,75,6,4242,268.6
1782626703.548,75,6,4242,268.6
1782626703.749,75,6,4242,268.6
1782626703.949,75,6,4242,265.7
1782626704.150,75,6,4242,265.7
1782626704.350,81,7,4242,270.4
1782626704.550,81,7,4242,270.4
1782626704.751,81,7,4242,270.4
1782626704.951,81,7,4242,270.4
1782626705.152,81,7,4242,270.4
1782626705.352,67,5,4242,263.2
1782626705.553,67,5,4242,263.2
1782626705.753,67,5,4242,263.2
1782626705.954,67,5,4242,262.8
1782626706.154,67,5,4242,262.8
1782626706.354,70,6,4242,271.5
1782626706.555,70,6,4242,271.5
1782626706.755,70,6,4242,271.5
1782626706.956,70,6,4242,267.6
1782626707.156,70,6,4242,267.6
1782626707.357,75,6,4242,258.7
1782626707.557,75,6,4242,258.7
1782626707.758,75,6,4242,258.7
1782626707.958,75,6,4242,262.7
1782626708.158,75,6,4242,262.7
1782626708.359,66,5,4242,265.5
1782626708.559,66,5,4242,265.5
1782626708.760,66,5,4242,265.5
1782626708.960,66,5,4242,266.7
1782626709.161,66,5,4242,266.7
1782626709.361,72,6,4242,274.1
1782626709.561,72,6,4242,274.1
1782626709.762,72,6,4242,274.1
1782626709.962,72,6,4242,272.1
1782626710.163,72,6,4242,272.1
1782626710.363,80,7,4242,267.6
1782626710.564,80,7,4242,267.6
1782626710.764,80,7,4242,267.6
1782626710.964,80,7,4242,274.9
1782626711.165,80,7,4242,274.9
1782626711.365,78,7,4242,274.8
1782626711.566,78,7,4242,274.8
1782626711.766,78,7,4242,274.8
1782626711.967,78,7,4242,267.3
1782626712.167,78,7,4242,267.3
1782626712.367,75,6,4242,270.5
1782626712.568,75,6,4242,270.5
1782626712.768,75,6,4242,270.5
1782626712.969,75,6,4242,268.7
1782626713.169,75,6,4242,268.7
1782626713.370,72,6,4242,263.1
1782626713.570,72,6,4242,263.1
1782626713.770,72,6,4242,263.1
1782626713.971,72,6,4242,283.0
1782626714.171,72,6,4242,283.0
1782626714.372,0,0,4242,217.9
1782626714.572,0,0,4242,217.9
1782626714.773,0,0,4242,217.9
1782626714.973,0,0,4242,132.3
1782626715.174,0,0,4242,132.3
1782626715.375,0,0,4242,100.6
1782626715.575,0,0,4242,100.6
1782626715.776,0,0,4242,100.6
1782626715.976,0,0,4242,131.7
1782626716.176,0,0,4242,131.7
1782626716.377,63,5,4242,230.8
1782626716.577,63,5,4242,230.8
1782626716.778,63,5,4242,230.8
1782626716.978,63,5,4242,274.6
1782626717.178,63,5,4242,274.6
1782626717.379,65,6,4242,259.9
1782626717.579,65,6,4242,259.9
1782626717.780,65,6,4242,259.9
1782626717.980,65,6,4242,258.8
1782626718.181,65,6,4242,258.8
1782626718.381,72,6,4242,262.0
1782626718.582,72,6,4242,262.0
1782626718.782,72,6,4242,262.0
1782626718.983,72,6,4242,265.1
1782626719.183,72,6,4242,265.1
1782626719.384,69,6,4242,266.8
1782626719.584,69,6,4242,266.8
1782626719.784,69,6,4242,266.8
1782626719.985,69,6,4242,267.5
1782626720.185,69,6,4242,267.5
1782626720.386,71,6,4242,266.3
1782626720.586,71,6,4242,266.3
1782626720.787,71,6,4242,266.3
1782626720.987,71,6,4242,267.9
1782626721.187,71,6,4242,267.9
1782626721.388,75,7,4242,267.7
1782626721.588,75,7,4242,267.7
1782626721.789,75,7,4242,267.7
1782626721.989,75,7,4242,260.5
1782626722.190,75,7,4242,260.5
1782626722.390,66,6,4242,262.0
1782626722.591,66,6,4242,262.0
1782626722.791,66,6,4242,262.0
1782626722.992,66,6,4242,264.2
1782626723.192,66,6,4242,264.2
1782626723.392,64,6,4242,258.7
1782626723.593,64,6,4242,258.7
1782626723.793,64,6,4242,258.7
1782626723.994,64,6,4242,263.1
1782626724.194,64,6,4242,263.1
1782626724.394,81,7,4242,274.3
1782626724.595,81,7,4242,274.3
1782626724.795,81,7,4242,274.3
1782626724.996,81,7,4242,278.0
1782626725.196,81,7,4242,278.0
1782626725.397,69,6,4242,268.8
1782626725.597,69,6,4242,268.8
1782626725.798,69,6,4242,268.8
1782626725.998,69,6,4242,271.4
1782626726.198,69,6,4242,271.4
1782626726.399,77,6,4242,271.4
1782626726.599,77,6,4242,271.4
1782626726.800,77,6,4242,271.4
1782626727.000,77,6,4242,271.5
1782626727.201,77,6,4242,271.5
1782626727.401,66,5,4242,272.8
1782626727.601,66,5,4242,272.8
1782626727.802,66,5,4242,272.8
1782626728.002,66,5,4242,269.9
1782626728.203,66,5,4242,269.9
1782626728.403,78,6,4242,276.0
1782626728.604,78,6,4242,276.0
1782626728.804,78,6,4242,276.0
1782626729.005,78,6,4242,282.2
1782626729.205,78,6,4242,282.2
1782626729.406,78,6,4242,283.9
1782626729.606,78,6,4242,283.9
1782626729.807,78,6,4242,283.9
1782626730.007,78,6,4242,280.1
1782626730.207,78,6,4242,280.1
1782626730.408,75,6,4242,278.5
1782626730.608,75,6,4242,278.5
1782626730.809,75,6,4242,278.5
1782626731.009,75,6,4242,247.6
1782626731.210,75,6,4242,247.6
1782626731.410,0,0,4242,169.1
1782626731.611,0,0,4242,169.1
1782626731.811,0,0,4242,169.1
1782626732.012,0,0,4242,102.4
1782626732.213,0,0,4242,102.4
1782626732.413,3,0,4242,102.0
1782626732.614,3,0,4242,102.0
1782626732.814,3,0,4242,212.7
1782626733.015,3,0,4242,212.7
1782626733.215,3,0,4242,212.7
1782626733.416,69,6,4242,276.8
1782626733.616,69,6,4242,276.8
1782626733.816,69,6,4242,265.1
1782626734.017,69,6,4242,265.1
1782626734.217,69,6,4242,265.1
1782626734.418,62,5,4242,264.3
1782626734.618,62,5,4242,264.3
1782626734.819,62,5,4242,257.4
1782626735.019,62,5,4242,257.4
1782626735.220,62,5,4242,257.4
1782626735.420,66,6,4242,253.9
1782626735.620,66,6,4242,253.9
1782626735.821,66,6,4242,259.5
1782626736.021,66,6,4242,259.5
1782626736.222,66,6,4242,259.5
1782626736.422,71,6,4242,260.8
1782626736.623,71,6,4242,260.8
1782626736.823,71,6,4242,256.4
1782626737.023,71,6,4242,256.4
1782626737.224,71,6,4242,256.4
1782626737.424,58,5,4242,259.6
1782626737.625,58,5,4242,259.6
1782626737.825,58,5,4242,269.1
1782626738.026,58,5,4242,269.1
1782626738.226,58,5,4242,269.1
1782626738.426,61,5,4242,271.2
1782626738.627,61,5,4242,271.2
1782626738.827,61,5,4242,268.2
1782626739.028,61,5,4242,268.2
1782626739.228,61,5,4242,268.2
1782626739.429,65,5,4242,266.2
1782626739.629,65,5,4242,266.2
1782626739.829,65,5,4242,261.4
1782626740.030,65,5,4242,261.4
1782626740.230,65,5,4242,261.4
1782626740.431,68,5,4242,271.1
1782626740.631,68,5,4242,271.1
1782626740.832,68,5,4242,287.3
1782626741.032,68,5,4242,287.3
1782626741.232,68,5,4242,287.3
1782626741.433,76,6,4242,287.7
1782626741.633,76,6,4242,287.7
1782626741.834,76,6,4242,288.0
1782626742.034,76,6,4242,288.0
1782626742.235,76,6,4242,288.0
1782626742.435,78,6,4242,295.2
1782626742.636,78,6,4242,295.2
1782626742.836,78,6,4242,298.2
1782626743.036,78,6,4242,298.2
1782626743.237,78,6,4242,298.2
1782626743.437,76,6,4242,305.4
1782626743.638,76,6,4242,305.4
1782626743.838,76,6,4242,303.5
1782626744.039,76,6,4242,303.5
1782626744.239,76,6,4242,303.5
1782626744.439,81,6,4242,300.9
1782626744.640,81,6,4242,300.9
1782626744.840,81,6,4242,303.2
1782626745.041,81,6,4242,303.2
1782626745.241,81,6,4242,303.2
1782626745.442,83,7,4242,296.5
1782626745.642,83,7,4242,296.5
1782626745.842,83,7,4242,298.4
1782626746.043,83,7,4242,298.4
1782626746.243,83,7,4242,298.4
1782626746.444,0,0,4242,230.0
1782626746.645,0,0,4242,230.0
1782626746.845,0,0,4242,146.1
1782626747.046,0,0,4242,146.1
1782626747.246,0,0,4242,146.1
1782626747.447,0,0,4242,101.0
1782626747.647,0,0,4242,101.0
1782626747.848,0,0,4242,183.5
1782626748.048,0,0,4242,183.5
1782626748.249,0,0,4242,183.5
1782626748.449,68,6,4242,256.7
1782626748.650,68,6,4242,256.7
1782626748.850,68,6,4242,272.6
1782626749.051,68,6,4242,272.6
1782626749.251,68,6,4242,272.6
1782626749.451,73,6,4242,263.3
1782626749.652,73,6,4242,263.3
1782626749.852,73,6,4242,267.2
1782626750.053,73,6,4242,267.2
1782626750.253,73,6,4242,267.2
1782626750.454,68,6,4242,271.1
1782626750.654,68,6,4242,271.1
1782626750.854,68,6,4242,274.2
1782626751.055,68,6,4242,274.2
1782626751.255,68,6,4242,274.2
1782626751.456,62,5,4242,274.9
1782626751.656,62,5,4242,274.9
1782626751.857,62,5,4242,280.7
1782626752.067,62,5,4242,280.7
1782626752.267,62,5,4242,280.7
1782626752.468,65,5,4242,284.3
1782626752.668,65,5,4242,284.3
1782626752.868,65,5,4242,280.2
1782626753.069,65,5,4242,280.2
1782626753.269,65,5,4242,280.2
1782626753.470,56,5,4242,270.7
1782626753.670,56,5,4242,270.7
1782626753.871,56,5,4242,272.4
1782626754.071,56,5,4242,272.4
1782626754.272,56,5,4242,272.4
1782626754.472,62,5,4242,275.2
1782626754.672,62,5,4242,275.2
1782626754.873,62,5,4242,274.9
1782626755.073,62,5,4242,274.9
1782626755.274,62,5,4242,274.9
1782626755.474,64,5,4242,275.2
1782626755.674,64,5,4242,275.2
1782626755.875,64,5,4242,282.9
1782626756.075,64,5,4242,282.9
1782626756.276,64,5,4242,282.9
1782626756.476,89,8,4242,316.3
1782626756.676,89,8,4242,316.3
1782626756.877,89,8,4242,336.3
1782626757.077,89,8,4242,336.3
1782626757.278,89,8,4242,336.3
1782626757.478,88,7,4242,326.7
1782626757.678,88,7,4242,326.7
1782626757.879,88,7,4242,337.4
1782626758.079,88,7,4242,337.4
1782626758.280,88,7,4242,337.4
1782626758.480,90,8,4242,340.1
1782626758.681,90,8,4242,340.1
1782626758.881,90,8,4242,342.3
1782626759.082,90,8,4242,342.3
1782626759.282,90,8,4242,342.3
1782626759.482,90,8,4242,342.5
1782626759.683,90,8,4242,342.5
1782626759.883,90,8,4242,339.8
1782626760.084,90,8,4242,339.8
1782626760.284,90,8,4242,339.8
1782626760.485,85,7,4242,339.8
1782626760.685,85,7,4242,339.8
1782626760.886,85,7,4242,241.9
1782626761.086,85,7,4242,241.9
1782626761.287,85,7,4242,241.9
1782626761.488,0,0,4242,123.1
1782626761.688,0,0,4242,123.1
1782626761.889,0,0,4242,100.5
1782626762.089,0,0,4242,100.5
1782626762.290,0,0,4242,100.5
1782626762.490,69,6,4242,211.9
1782626762.690,69,6,4242,211.9
1782626762.891,69,6,4242,292.1
1782626763.091,69,6,4242,292.1
1782626763.292,69,6,4242,292.1
1782626763.492,78,6,4242,282.7
1782626763.693,78,6,4242,282.7
1782626763.893,78,6,4242,287.1
1782626764.094,78,6,4242,287.1
1782626764.294,78,6,4242,287.1
1782626764.495,63,5,4242,287.9
1782626764.695,63,5,4242,287.9
1782626764.896,63,5,4242,290.2
1782626765.096,63,5,4242,290.2
1782626765.296,63,5,4242,290.2
1782626765.497,68,6,4242,283.8
1782626765.697,68,6,4242,283.8
1782626765.898,68,6,4242,277.4
1782626766.098,68,6,4242,277.4
1782626766.299,68,6,4242,277.4
1782626766.499,67,5,4242,281.5
1782626766.700,67,5,4242,281.5
1782626766.900,67,5,4242,279.8
1782626767.100,67,5,4242,279.8
1782626767.301,67,5,4242,279.8
1782626767.501,74,6,4242,281.6
1782626767.702,74,6,4242,281.6
1782626767.902,74,6,4242,288.0
1782626768.103,74,6,4242,288.0
1782626768.303,74,6,4242,288.0
1782626768.504,66,5,4242,287.2
1782626768.704,66,5,4242,287.2
1782626768.904,66,5,4242,287.8
1782626769.105,66,5,4242,287.8
1782626769.305,66,5,4242,287.8
1782626769.506,74,6,4242,289.5
1782626769.706,74,6,4242,289.5
1782626769.907,74,6,4242,284.6
1782626770.107,74,6,4242,284.6
1782626770.308,74,6,4242,284.6
1782626770.508,75,6,4242,291.2
1782626770.708,75,6,4242,291.2
1782626770.909,75,6,4242,206.7
1782626771.109,75,6,4242,206.7
1782626771.310,75,6,4242,206.7
1782626771.510,0,0,4242,119.2
1782626771.711,0,0,4242,119.2
1782626771.911,0,0,4242,109.5
1782626772.112,0,0,4242,109.5
1782626772.312,0,0,4242,109.5
1782626772.513,55,5,4242,215.2
1782626772.713,55,5,4242,215.2
1782626772.914,55,5,4242,290.5
1782626773.114,55,5,4242,290.5
1782626773.315,55,5,4242,290.5
1782626773.515,71,6,4242,271.9
1782626773.715,71,6,4242,271.9
1782626773.916,71,6,4242,277.5
1782626774.116,71,6,4242,277.5
1782626774.317,77,6,4242,271.7
1782626774.517,77,6,4242,271.7
1782626774.718,77,6,4242,271.7
1782626774.918,77,6,4242,266.2
1782626775.119,77,6,4242,266.2
1782626775.319,70,5,4242,267.1
1782626775.519,70,5,4242,267.1
1782626775.720,70,5,4242,267.1
1782626775.920,70,5,4242,272.7
1782626776.120,70,5,4242,272.7
1782626776.321,65,5,4242,272.4
1782626776.521,65,5,4242,272.4
1782626776.721,65,5,4242,272.4
1782626776.922,65,5,4242,271.8
1782626777.122,65,5,4242,271.8
1782626777.323,71,6,4242,278.0
1782626777.523,71,6,4242,278.0
1782626777.724,71,6,4242,278.0
1782626777.924,71,6,4242,278.1
1782626778.124,71,6,4242,278.1
1782626778.325,70,6,4242,272.5
1782626778.525,70,6,4242,272.5
1782626778.726,70,6,4242,272.5
1782626778.926,70,6,4242,271.0
1782626779.127,70,6,4242,271.0
1782626779.327,67,6,4242,267.9
1782626779.528,67,6,4242,267.9
1782626779.728,67,6,4242,267.9
1782626779.929,67,6,4242,266.9
1782626780.129,67,6,4242,266.9
1782626780.330,69,6,4242,274.8
1782626780.530,69,6,4242,274.8
1782626780.731,69,6,4242,274.8
1782626780.931,69,6,4242,275.9
1782626781.131,69,6,4242,275.9
1782626781.332,73,6,4242,272.4
1782626781.532,73,6,4242,272.4
1782626781.733,73,6,4242,272.4
1782626781.933,73,6,4242,272.9
1782626782.134,73,6,4242,272.9
1782626782.334,72,6,4242,274.7
1782626782.534,72,6,4242,274.7
1782626782.735,72,6,4242,274.7
1782626782.935,72,6,4242,276.2
1782626783.136,72,6,4242,276.2
1782626783.336,73,6,4242,274.1
1782626783.537,73,6,4242,274.1
1782626783.737,73,6,4242,274.1
1782626783.937,73,6,4242,273.5
1782626784.138,73,6,4242,273.5
1782626784.338,75,6,4242,275.7
1782626784.539,75,6,4242,275.7
1782626784.739,75,6,4242,275.7
1782626784.940,75,6,4242,273.0
1782626785.140,75,6,4242,273.0
1782626785.340,76,6,4242,267.8
1782626785.541,76,6,4242,267.8
1782626785.741,76,6,4242,267.8
1782626785.942,76,6,4242,267.3
1782626786.142,76,6,4242,267.3
1782626786.342,77,6,4242,267.0
1782626786.543,77,6,4242,267.0
1782626786.743,77,6,4242,267.0
1782626786.944,77,6,4242,263.8
1782626787.144,77,6,4242,263.8
1782626787.344,61,5,4242,264.9
1782626787.545,61,5,4242,264.9
1782626787.745,61,5,4242,264.9
1782626787.946,61,5,4242,191.4
1782626788.146,61,5,4242,191.4
1782626788.347,0,0,4242,100.3
1782626788.548,0,0,4242,100.3
1782626788.748,0,0,4242,100.3
1782626788.949,0,0,4242,99.6
1782626789.149,0,0,4242,99.6
1782626789.350,98,9,4242,173.8
1782626789.550,98,9,4242,173.8
1782626789.751,98,9,4242,173.8
1782626789.951,98,9,4242,243.2
1782626790.152,98,9,4242,243.2
1782626790.352,65,6,4242,255.8
1782626790.552,65,6,4242,255.8
1782626790.753,65,6,4242,255.8
1782626790.953,65,6,4242,257.3
1782626791.154,65,6,4242,257.3
1782626791.354,69,5,4242,261.6
1782626791.555,69,5,4242,261.6
1782626791.755,69,5,4242,261.6
1782626791.955,69,5,4242,260.3
1782626792.156,69,5,4242,260.3
1782626792.356,63,5,4242,266.3
1782626792.557,63,5,4242,266.3
1782626792.757,63,5,4242,266.3
1782626792.958,63,5,4242,268.4
1782626793.158,63,5,4242,268.4
1782626793.359,71,6,4242,266.9
1782626793.559,71,6,4242,266.9
1782626793.759,71,6,4242,266.9
1782626793.960,71,6,4242,266.0
1782626794.160,71,6,4242,266.0
1782626794.361,61,5,4242,254.8
1782626794.561,61,5,4242,254.8
1782626794.762,61,5,4242,254.8
1782626794.962,61,5,4242,256.5
1782626795.162,61,5,4242,256.5
1782626795.363,65,5,4242,257.9
1782626795.563,65,5,4242,257.9
1782626795.764,65,5,4242,257.9
1782626795.964,65,5,4242,255.1
1782626796.165,65,5,4242,255.1
1782626796.365,58,5,4242,256.1
1782626796.566,58,5,4242,256.1
1782626796.766,58,5,4242,256.1
1782626796.966,58,5,4242,258.0
1782626797.167,58,5,4242,258.0
1782626797.367,78,7,4242,272.0
1782626797.568,78,7,4242,272.0
1782626797.768,78,7,4242,272.0
1782626797.969,78,7,4242,273.1
1782626798.169,78,7,4242,273.1
1782626798.369,78,6,4242,277.9
1782626798.570,78,6,4242,277.9
1782626798.770,78,6,4242,277.9
1782626798.970,78,6,4242,288.2
1782626799.171,78,6,4242,288.2
1782626799.371,76,6,4242,289.6
1782626799.572,76,6,4242,289.6
1782626799.772,76,6,4242,289.6
1782626799.973,76,6,4242,287.9
1782626800.173,76,6,4242,287.9
1782626800.373,73,6,4242,282.5
1782626800.574,73,6,4242,282.5
1782626800.774,73,6,4242,282.5
1782626800.975,73,6,4242,282.8
1782626801.175,73,6,4242,282.8
1782626801.376,78,6,4242,288.0
1782626801.576,78,6,4242,288.0
1782626801.776,78,6,4242,288.0
1782626801.977,78,6,4242,281.1
1782626802.177,78,6,4242,281.1
1782626802.378,77,6,4242,274.7
1782626802.578,77,6,4242,274.7
1782626802.779,77,6,4242,274.7
1782626802.979,77,6,4242,277.6
1782626803.180,77,6,4242,277.6
1782626803.380,70,6,4242,278.8
1782626803.581,70,6,4242,278.8
1782626803.781,70,6,4242,278.8
1782626803.981,70,6,4242,307.6
1782626804.182,70,6,4242,307.6
1782626804.382,0,0,4242,290.3
1782626804.582,0,0,4242,290.3
1782626804.783,0,0,4242,290.3
1782626804.983,0,0,4242,186.9
1782626805.184,0,0,4242,186.9
1782626805.384,0,0,4242,100.2
1782626805.585,0,0,4242,100.2
1782626805.785,0,0,4242,100.2
1782626805.985,0,0,4242,100.0
1782626806.186,0,0,4242,100.0
1782626806.386,71,6,4242,202.7
1782626806.587,71,6,4242,202.7
1782626806.787,71,6,4242,202.7
1782626806.987,71,6,4242,291.9
1782626807.188,71,6,4242,291.9
1782626807.388,60,5,4242,258.8
1782626807.588,60,5,4242,258.8
1782626807.789,60,5,4242,258.8
1782626807.989,60,5,4242,254.1
1782626808.189,60,5,4242,254.1
1782626808.390,57,5,4242,255.1
1782626808.590,57,5,4242,255.1
1782626808.791,57,5,4242,255.1
1782626808.991,57,5,4242,257.0
1782626809.192,57,5,4242,257.0
1782626809.392,69,6,4242,263.4
1782626809.592,69,6,4242,263.4
1782626809.793,69,6,4242,263.4
1782626809.993,69,6,4242,266.7
1782626810.194,69,6,4242,266.7
1782626810.394,65,6,4242,262.6
1782626810.595,65,6,4242,262.6
1782626810.795,65,6,4242,262.6
1782626810.995,65,6,4242,258.3
1782626811.196,65,6,4242,258.3
1782626811.396,56,5,4242,255.7
1782626811.597,56,5,4242,255.7
1782626811.797,56,5,4242,255.7
1782626811.997,56,5,4242,255.1
1782626812.198,56,5,4242,255.1
1782626812.398,57,5,4242,257.8
1782626812.599,57,5,4242,257.8
1782626812.799,57,5,4242,257.8
1782626812.999,57,5,4242,258.8
1782626813.200,57,5,4242,258.8
1782626813.400,68,6,4242,264.1
1782626813.601,68,6,4242,264.1
1782626813.801,68,6,4242,264.1
1782626814.002,68,6,4242,266.9
1782626814.202,68,6,4242,266.9
1782626814.402,85,7,4242,285.0
1782626814.603,85,7,4242,285.0
1782626814.803,85,7,4242,285.0
1782626815.004,85,7,4242,299.8
1782626815.204,85,7,4242,299.8
1782626815.404,89,7,4242,305.0
1782626815.605,89,7,4242,305.0
1782626815.805,89,7,4242,305.0
1782626816.006,89,7,4242,309.5
1782626816.206,89,7,4242,309.5
1782626816.407,84,7,4242,310.7
1782626816.607,84,7,4242,310.7
1782626816.807,84,7,4242,310.7
1782626817.008,84,7,4242,311.8
1782626817.208,84,7,4242,311.8
1782626817.409,84,7,4242,304.4
1782626817.609,84,7,4242,304.4
1782626817.809,84,7,4242,304.4
1782626818.010,84,7,4242,300.4
1782626818.210,84,7,4242,300.4
1782626818.411,79,6,4242,303.4
1782626818.611,79,6,4242,303.4
1782626818.812,79,6,4242,303.4
1782626819.012,79,6,4242,303.2
1782626819.212,79,6,4242,303.2
1782626819.413,85,7,4242,307.5
1782626819.613,85,7,4242,307.5
1782626819.814,85,7,4242,307.5
1782626820.014,85,7,4242,274.3
1782626820.214,85,7,4242,274.3
1782626820.415,0,0,4242,167.3
1782626820.615,0,0,4242,167.3
1782626820.816,0,0,4242,167.3
1782626821.017,0,0,4242,100.8
1782626821.217,0,0,4242,100.8
1782626821.418,67,6,4242,143.0
1782626821.618,67,6,4242,143.0
1782626821.818,67,6,4242,143.0
1782626822.019,67,6,4242,246.2
1782626822.219,67,6,4242,246.2
1782626822.420,67,6,4242,292.0
1782626822.620,67,6,4242,292.0
1782626822.821,67,6,4242,266.9
1782626823.021,67,6,4242,266.9
1782626823.222,67,6,4242,266.9
1782626823.422,77,7,4242,273.7
1782626823.623,77,7,4242,273.7
1782626823.823,77,7,4242,276.9
1782626824.023,77,7,4242,276.9
1782626824.224,77,7,4242,276.9
1782626824.424,64,5,4242,269.4
1782626824.625,64,5,4242,269.4
1782626824.825,64,5,4242,269.6
1782626825.026,64,5,4242,269.6
1782626825.226,64,5,4242,269.6
1782626825.427,64,5,4242,269.2
1782626825.627,64,5,4242,269.2
1782626825.828,64,5,4242,269.1
1782626826.028,64,5,4242,269.1
1782626826.229,64,5,4242,269.1
1782626826.429,63,5,4242,268.3
1782626826.630,63,5,4242,268.3
1782626826.830,63,5,4242,265.2
1782626827.030,63,5,4242,265.2
1782626827.231,63,5,4242,265.2
1782626827.431,62,5,4242,268.5
1782626827.632,62,5,4242,268.5
1782626827.832,62,5,4242,271.7
1782626828.033,62,5,4242,271.7
1782626828.233,62,5,4242,271.7
1782626828.434,71,6,4242,274.9
1782626828.634,71,6,4242,274.9
1782626828.835,71,6,4242,274.4
1782626829.035,71,6,4242,274.4
1782626829.236,71,6,4242,274.4
1782626829.436,70,6,4242,269.4
1782626829.636,70,6,4242,269.4
1782626829.837,70,6,4242,301.2
1782626830.037,70,6,4242,301.2
1782626830.238,70,6,4242,301.2
1782626830.438,89,8,4242,341.6
1782626830.638,89,8,4242,341.6
1782626830.839,89,8,4242,343.5
1782626831.039,89,8,4242,343.5
1782626831.240,89,8,4242,343.5
1782626831.440,88,8,4242,348.2
1782626831.641,88,8,4242,348.2
1782626831.841,88,8,4242,346.3
1782626832.041,88,8,4242,346.3
1782626832.242,88,8,4242,346.3
1782626832.442,85,7,4242,342.0
1782626832.643,85,7,4242,342.0
1782626832.843,85,7,4242,344.2
1782626833.044,85,7,4242,344.2
1782626833.244,85,7,4242,344.2
1782626833.445,89,8,4242,343.5
1782626833.645,89,8,4242,343.5
1782626833.845,89,8,4242,344.3
1782626834.046,89,8,4242,344.3
1782626834.246,89,8,4242,344.3
1782626834.447,89,8,4242,340.5
1782626834.647,89,8,4242,340.5
1782626834.848,89,8,4242,216.1
1782626835.048,89,8,4242,216.1
1782626835.249,89,8,4242,216.1
1782626835.449,0,0,4242,119.1
1782626835.650,0,0,4242,119.1
1782626835.850,0,0,4242,127.9
1782626836.051,0,0,4242,127.9
1782626836.251,0,0,4242,127.9
1782626836.452,66,5,4242,241.8
1782626836.652,66,5,4242,241.8
1782626836.852,66,5,4242,298.6
1782626837.053,66,5,4242,298.6
1782626837.253,66,5,4242,298.6
1782626837.454,67,5,4242,275.6
1782626837.654,67,5,4242,275.6
1782626837.855,67,5,4242,277.5
1782626838.055,67,5,4242,277.5
1782626838.256,67,5,4242,277.5
1782626838.456,60,5,4242,283.6
1782626838.657,60,5,4242,283.6
1782626838.857,60,5,4242,285.7
1782626839.058,60,5,4242,285.7
1782626839.258,60,5,4242,285.7
1782626839.459,63,5,4242,282.4
1782626839.659,63,5,4242,282.4
1782626839.859,63,5,4242,276.5
1782626840.060,63,5,4242,276.5
1782626840.260,63,5,4242,276.5
1782626840.461,60,5,4242,271.3
1782626840.661,60,5,4242,271.3
1782626840.862,60,5,4242,272.5
1782626841.062,60,5,4242,272.5
1782626841.263,60,5,4242,272.5
1782626841.463,70,5,4242,273.6
1782626841.664,70,5,4242,273.6
1782626841.864,70,5,4242,277.4
1782626842.065,70,5,4242,277.4
1782626842.265,70,5,4242,277.4
1782626842.466,65,5,4242,284.0
1782626842.666,65,5,4242,284.0
1782626842.866,65,5,4242,278.4
1782626843.067,65,5,4242,278.4
1782626843.268,65,5,4242,278.4
1782626843.468,66,5,4242,279.3
1782626843.668,66,5,4242,279.3
1782626843.869,66,5,4242,283.8
1782626844.069,66,5,4242,283.8
1782626844.270,66,5,4242,283.8
1782626844.470,80,6,4242,291.2
1782626844.671,80,6,4242,291.2
1782626844.871,80,6,4242,222.9
1782626845.072,80,6,4242,222.9
1782626845.272,80,6,4242,222.9
1782626845.473,0,0,4242,118.4
1782626845.673,0,0,4242,118.4
1782626845.874,0,0,4772,101.7
1782626846.074,0,0,5028,101.7
1782626846.275,0,0,5028,101.7
1782626846.475,79,8,5028,209.9
1782626846.676,79,8,5028,209.9
1782626846.876,79,8,5028,298.8
1782626847.076,79,8,5028,298.8
1782626847.277,79,8,5028,298.8
1782626847.477,72,7,5028,280.3
1782626847.678,72,7,5028,280.3
1782626847.878,72,7,5028,278.4
1782626848.079,72,7,5028,278.4
1782626848.279,72,7,5028,278.4
1782626848.480,69,6,5028,279.5
1782626848.680,69,6,5028,279.5
1782626848.880,69,6,5028,279.7
1782626849.081,69,6,5028,279.7
1782626849.281,69,6,5028,279.7
1782626849.482,68,6,5028,268.4
1782626849.682,68,6,5028,268.4
1782626849.883,68,6,5028,266.2
1782626850.083,68,6,5028,266.2
1782626850.283,68,6,5028,266.2
1782626850.484,71,7,5028,272.1
1782626850.684,71,7,5028,272.1
1782626850.885,71,7,5028,275.9
1782626851.085,71,7,5028,275.9
1782626851.286,71,7,5028,275.9
1782626851.486,69,6,5028,274.5
1782626851.687,69,6,5028,274.5
1782626851.887,69,6,5028,274.6
1782626852.087,69,6,5028,274.6
1782626852.288,69,6,5028,274.6
1782626852.488,72,6,5028,274.9
1782626852.689,72,6,5028,274.9
1782626852.889,72,6,5028,275.3
1782626853.090,72,6,5028,275.3
1782626853.290,72,6,5028,275.3
1782626853.491,72,7,5028,277.8
1782626853.691,72,7,5028,277.8
1782626853.892,72,7,5028,275.9
1782626854.092,72,7,5028,275.9
1782626854.292,72,7,5028,275.9
1782626854.493,80,7,5028,276.6
1782626854.693,80,7,5028,276.6
1782626854.894,80,7,5028,279.2
1782626855.094,80,7,5028,279.2
1782626855.295,80,7,5028,279.2
1782626855.495,75,7,5028,278.4
1782626855.695,75,7,5028,278.4
1782626855.896,75,7,5028,278.1
1782626856.096,75,7,5028,278.1
1782626856.297,75,7,5028,278.1
1782626856.497,73,7,5028,274.9
1782626856.698,73,7,5028,274.9
1782626856.898,73,7,5028,276.4
1782626857.099,73,7,5028,276.4
1782626857.299,73,7,5028,276.4
1782626857.499,71,6,5028,275.2
1782626857.700,71,6,5028,275.2
1782626857.900,71,6,5028,274.8
1782626858.101,71,6,5028,274.8
1782626858.301,71,6,5028,274.8
1782626858.502,76,6,5028,280.5
1782626858.702,76,6,5028,280.5
1782626858.903,76,6,5028,283.1
1782626859.103,76,6,5028,283.1
1782626859.303,76,6,5028,283.1
1782626859.504,76,7,5028,279.4
1782626859.704,76,7,5028,279.4
1782626859.905,76,7,5028,273.3
1782626860.105,76,7,5028,273.3
1782626860.306,76,7,5028,273.3
1782626860.506,65,6,5028,270.1
1782626860.707,65,6,5028,270.1
1782626860.907,65,6,5028,274.2
1782626861.108,65,6,5028,274.2
1782626861.308,65,6,5028,274.2
1782626861.508,68,6,5028,275.7
1782626861.709,68,6,5028,275.7
1782626861.910,68,6,5028,209.2
1782626862.110,68,6,5028,209.2
1782626862.311,68,6,5028,209.2
1782626862.511,0,0,5028,121.4
1782626862.712,0,0,5028,121.4
1782626862.912,0,0,5028,100.0
1782626863.113,0,0,5028,100.0
1782626863.313,0,0,5028,100.0
1782626863.514,0,0,5028,114.6
1782626863.714,0,0,5028,114.6
1782626863.915,0,0,5028,211.7
1782626864.115,0,0,5028,211.7
1782626864.316,0,0,5028,211.7
1782626864.516,70,6,5028,286.9
1782626864.716,70,6,5028,286.9
1782626864.917,70,6,5028,259.9
1782626865.117,70,6,5028,259.9
1782626865.318,70,6,5028,259.9
1782626865.518,62,6,5028,267.2
1782626865.719,62,6,5028,267.2
1782626865.919,62,6,5028,270.6
1782626866.120,62,6,5028,270.6
1782626866.320,62,6,5028,270.6
1782626866.521,64,6,5028,268.3
1782626866.721,64,6,5028,268.3
1782626866.922,64,6,5028,263.4
1782626867.122,64,6,5028,263.4
1782626867.322,64,6,5028,266.4
1782626867.523,64,6,5028,266.4
1782626867.723,64,6,5028,266.4
1782626867.923,64,6,5028,267.5
1782626868.124,64,6,5028,267.5
1782626868.324,61,6,5028,264.0
1782626868.525,61,6,5028,264.0
1782626868.725,61,6,5028,264.0
1782626868.925,61,6,5028,262.2
1782626869.126,61,6,5028,262.2
1782626869.326,70,6,5028,269.7
1782626869.527,70,6,5028,269.7
1782626869.727,70,6,5028,269.7
1782626869.928,70,6,5028,269.8
1782626870.128,70,6,5028,269.8
1782626870.329,67,6,5028,271.6
1782626870.529,67,6,5028,271.6
1782626870.730,67,6,5028,271.6
1782626870.930,67,6,5028,269.2
1782626871.130,67,6,5028,269.2
1782626871.331,79,7,5028,279.0
1782626871.531,79,7,5028,279.0
1782626871.732,79,7,5028,279.0
1782626871.932,79,7,5028,290.4
1782626872.133,79,7,5028,290.4
1782626872.333,82,7,5028,297.8
1782626872.533,82,7,5028,297.8
1782626872.734,82,7,5028,297.8
1782626872.934,82,7,5028,297.0
1782626873.135,82,7,5028,297.0
1782626873.335,76,7,5028,293.9
1782626873.536,76,7,5028,293.9
1782626873.736,76,7,5028,293.9
1782626873.937,76,7,5028,294.0
1782626874.137,76,7,5028,294.0
1782626874.337,78,7,5028,296.6
1782626874.538,78,7,5028,296.6
1782626874.738,78,7,5028,296.6
1782626874.939,78,7,5028,292.7
1782626875.139,78,7,5028,292.7
1782626875.340,81,7,5028,291.3
1782626875.540,81,7,5028,291.3
1782626875.740,81,7,5028,291.3
1782626875.941,81,7,5028,292.4
1782626876.141,81,7,5028,292.4
1782626876.342,83,8,5028,298.0
1782626876.542,83,8,5028,298.0
1782626876.743,83,8,5028,298.0
1782626876.943,83,8,5028,299.2
1782626877.143,83,8,5028,299.2
1782626877.344,80,7,5028,295.4
1782626877.544,80,7,5028,295.4
1782626877.745,80,7,5028,295.4
1782626877.945,80,7,5028,290.2
1782626878.146,80,7,5028,290.2
1782626878.346,74,7,5028,288.4
1782626878.546,74,7,5028,288.4
1782626878.747,74,7,5028,288.4
1782626878.947,74,7,5028,249.4
1782626879.148,74,7,5028,249.4
1782626879.348,0,0,5028,168.2
1782626879.549,0,0,5028,168.2
1782626879.749,0,0,5028,168.2
1782626879.950,0,0,5028,99.9
1782626880.150,0,0,5028,99.9
1782626880.351,15,2,5028,102.1
1782626880.551,15,2,5028,102.1
1782626880.752,15,2,5028,102.1
1782626880.952,15,2,5028,219.1
1782626881.153,15,2,5028,219.1
1782626881.353,60,6,5028,289.3
1782626881.554,60,6,5028,289.3
1782626881.754,60,6,5028,289.3
1782626881.954,60,6,5028,275.6
1782626882.155,60,6,5028,275.6
1782626882.355,71,7,5028,268.0
1782626882.556,71,7,5028,268.0
1782626882.756,71,7,5028,268.0
1782626882.957,71,7,5028,263.7
1782626883.157,71,7,5028,263.7
1782626883.358,63,6,5028,264.6
1782626883.558,63,6,5028,264.6
1782626883.759,63,6,5028,264.6
1782626883.959,63,6,5028,267.9
1782626884.160,63,6,5028,267.9
1782626884.360,66,6,5028,269.4
1782626884.560,66,6,5028,269.4
1782626884.761,66,6,5028,269.4
1782626884.961,66,6,5028,265.3
1782626885.162,66,6,5028,265.3
1782626885.362,62,6,5028,263.5
1782626885.563,62,6,5028,263.5
1782626885.763,62,6,5028,263.5
1782626885.964,62,6,5028,264.3
1782626886.164,62,6,5028,264.3
1782626886.365,66,6,5028,271.6
1782626886.565,66,6,5028,271.6
1782626886.766,66,6,5028,271.6
1782626886.966,66,6,5028,269.0
1782626887.167,66,6,5028,269.0
1782626887.367,63,6,5028,262.8
1782626887.568,63,6,5028,262.8
1782626887.768,63,6,5028,262.8
1782626887.968,63,6,5028,260.6
1782626888.169,63,6,5028,260.6
1782626888.369,84,8,5028,282.8
1782626888.569,84,8,5028,282.8
1782626888.770,84,8,5028,282.8
1782626888.970,84,8,5028,313.4
1782626889.171,84,8,5028,313.4
1782626889.371,80,7,5028,315.0
1782626889.572,80,7,5028,315.0
1782626889.772,80,7,5028,315.0
1782626889.972,80,7,5028,312.5
1782626890.173,80,7,5028,312.5
1782626890.373,81,7,5028,311.2
1782626890.574,81,7,5028,311.2
1782626890.774,81,7,5028,311.2
1782626890.975,81,7,5028,310.1
1782626891.175,81,7,5028,310.1
1782626891.375,83,7,5028,309.1
1782626891.576,83,7,5028,309.1
1782626891.776,83,7,5028,309.1
1782626891.977,83,7,5028,310.4
1782626892.177,83,7,5028,310.4
1782626892.378,85,8,5028,314.1
1782626892.578,85,8,5028,314.1
1782626892.778,85,8,5028,314.1
1782626892.979,85,8,5028,315.4
1782626893.179,85,8,5028,315.4
1782626893.380,82,7,5028,312.5
1782626893.580,82,7,5028,312.5
1782626893.781,82,7,5028,312.5
1782626893.981,82,7,5028,313.1
1782626894.182,82,7,5028,313.1
1782626894.382,89,8,5028,313.4
1782626894.582,89,8,5028,313.4
1782626894.783,89,8,5028,313.4
1782626894.983,89,8,5028,234.4
1782626895.184,89,8,5028,234.4
1782626895.385,0,0,5028,148.3
1782626895.585,0,0,5028,148.3
1782626895.786,0,0,5028,148.3
1782626895.986,0,0,5028,99.7
1782626896.187,0,0,5028,99.7
1782626896.387,84,8,5028,183.2
1782626896.588,84,8,5028,183.2
1782626896.788,84,8,5028,183.2
1782626896.989,84,8,5028,278.7
1782626897.189,84,8,5028,278.7
1782626897.389,64,6,5028,268.2
1782626897.590,64,6,5028,268.2
1782626897.790,64,6,5028,268.2
1782626897.991,64,6,5028,260.4
1782626898.191,64,6,5028,260.4
1782626898.392,57,5,5028,256.5
1782626898.592,57,5,5028,256.5
1782626898.793,57,5,5028,256.5
1782626898.993,57,5,5028,259.8
1782626899.193,57,5,5028,259.8
1782626899.394,66,6,5028,262.5
1782626899.594,66,6,5028,262.5
1782626899.795,66,6,5028,262.5
1782626899.995,66,6,5028,267.1
1782626900.196,66,6,5028,267.1
1782626900.396,58,5,5028,261.7
1782626900.599,58,5,5028,261.7
1782626900.799,58,5,5028,261.7
1782626901.000,58,5,5028,254.5
1782626901.200,58,5,5028,254.5
1782626901.401,61,6,5028,260.3
1782626901.601,61,6,5028,260.3
1782626901.802,61,6,5028,260.3
1782626902.002,61,6,5028,264.5
1782626902.203,61,6,5028,264.5
1782626902.403,63,6,5028,256.0
1782626902.604,63,6,5028,256.0
1782626902.804,63,6,5028,256.0
1782626903.004,63,6,5028,255.2
1782626903.205,63,6,5028,255.2
1782626903.405,58,5,5028,266.1
1782626903.606,58,5,5028,266.1
1782626903.806,58,5,5028,266.1
1782626904.007,58,5,5028,266.5
1782626904.207,58,5,5028,266.5
1782626904.407,78,7,5028,277.3
1782626904.608,78,7,5028,277.3
1782626904.808,78,7,5028,277.3
1782626905.009,78,7,5028,311.9
1782626905.209,78,7,5028,311.9
1782626905.410,88,8,5028,327.3
1782626905.610,88,8,5028,327.3
1782626905.811,88,8,5028,327.3
1782626906.011,88,8,5028,331.4
1782626906.212,88,8,5028,331.4
1782626906.412,86,8,5028,333.7
1782626906.613,86,8,5028,333.7
1782626906.813,86,8,5028,333.7
1782626907.014,86,8,5028,329.9
1782626907.214,86,8,5028,329.9
1782626907.414,90,8,5028,333.2
1782626907.615,90,8,5028,333.2
1782626907.815,90,8,5028,333.2
1782626908.016,90,8,5028,336.9
1782626908.216,90,8,5028,336.9
1782626908.417,87,8,5028,335.6
1782626908.617,87,8,5028,335.6
1782626908.817,87,8,5028,335.6
1782626909.018,87,8,5028,334.8
1782626909.218,87,8,5028,334.8
1782626909.419,74,7,5028,332.2
1782626909.619,74,7,5028,332.2
1782626909.820,74,7,5028,332.2
1782626910.020,74,7,5028,218.1
1782626910.221,74,7,5028,218.1
1782626910.421,0,0,5028,121.8
1782626910.622,0,0,5028,121.8
1782626910.823,0,0,5028,121.8
1782626911.023,0,0,5028,125.9
1782626911.223,0,0,5028,125.9
1782626911.424,71,6,5028,225.0
1782626911.624,71,6,5028,225.0
1782626911.824,71,6,5028,225.0
1782626912.025,71,6,5028,306.0
1782626912.225,71,6,5028,306.0
1782626912.426,60,5,5028,274.0
1782626912.626,60,5,5028,274.0
1782626912.826,60,5,5028,270.7
1782626913.027,60,5,5028,270.7
1782626913.227,60,5,5028,270.7
1782626913.427,63,6,5028,277.2
1782626913.628,63,6,5028,277.2
1782626913.828,63,6,5028,284.3
1782626914.029,63,6,5028,284.3
1782626914.229,63,6,5028,284.3
1782626914.429,53,5,5028,272.7
1782626914.630,53,5,5028,272.7
1782626914.830,53,5,5028,268.3
1782626915.031,53,5,5028,268.3
1782626915.231,53,5,5028,268.3
1782626915.431,70,7,5028,280.8
1782626915.632,70,7,5028,280.8
1782626915.832,70,7,5028,285.6
1782626916.035,70,7,5028,285.6
1782626916.236,70,7,5028,285.6
1782626916.436,61,6,5028,280.8
1782626916.637,61,6,5028,280.8
1782626916.837,61,6,5028,280.4
1782626917.037,61,6,5028,280.4
1782626917.238,61,6,5028,280.4
1782626917.438,67,7,5028,283.5
1782626917.639,67,7,5028,283.5
1782626917.839,67,7,5028,280.9
1782626918.040,67,7,5028,280.9
1782626918.240,67,7,5028,280.9
1782626918.441,64,6,5028,274.0
1782626918.641,64,6,5028,274.0
1782626918.842,64,6,5028,269.2
1782626919.042,64,6,5028,269.2
1782626919.243,64,6,5028,269.2
1782626919.443,62,6,5028,276.6
1782626919.644,62,6,5028,276.6
1782626919.844,62,6,5028,306.4
1782626920.045,62,6,5028,306.4
1782626920.245,62,6,5028,306.4
1782626920.445,85,8,5028,342.2
1782626920.646,85,8,5028,342.2
1782626920.846,85,8,5028,349.9
1782626921.047,85,8,5028,349.9
1782626921.247,85,8,5028,349.9
1782626921.448,2,0,5028,328.1
1782626921.648,2,0,5028,328.1
1782626921.849,2,0,5028,204.0
1782626922.049,2,0,5028,204.0
1782626922.250,2,0,5028,204.0
1782626922.450,0,0,5028,103.5
1782626922.651,0,0,5028,103.5
1782626922.851,0,0,5028,126.2
1782626923.052,0,0,5028,126.2
1782626923.252,0,0,5028,126.2
1782626923.452,76,7,5028,236.2
1782626923.653,76,7,5028,236.2
1782626923.853,76,7,5028,298.7
1782626924.054,76,7,5028,298.7
1782626924.254,76,7,5028,298.7
1782626924.455,70,6,5028,284.8
1782626924.655,70,6,5028,284.8
1782626924.855,70,6,5028,285.3
1782626925.056,70,6,5028,285.3
1782626925.256,70,6,5028,285.3
1782626925.457,74,7,5028,282.2
1782626925.657,74,7,5028,282.2
1782626925.858,74,7,5028,278.4
1782626926.058,74,7,5028,278.4
1782626926.258,74,7,5028,278.4
1782626926.459,75,7,5028,276.6
1782626926.659,75,7,5028,276.6
1782626926.860,75,7,5028,280.5
1782626927.060,75,7,5028,280.5
1782626927.261,75,7,5028,280.5
1782626927.461,69,6,5028,280.7
1782626927.661,69,6,5028,280.7
1782626927.862,69,6,5028,279.3
1782626928.062,69,6,5028,279.3
1782626928.263,69,6,5028,279.3
1782626928.463,69,6,5028,277.2
1782626928.664,69,6,5028,277.2
1782626928.864,69,6,5028,277.4
1782626929.064,69,6,5028,277.4
1782626929.265,69,6,5028,277.4
1782626929.465,75,7,5028,279.9
1782626929.666,75,7,5028,279.9
1782626929.866,75,7,5028,279.9
1782626930.067,75,7,5028,279.9
1782626930.267,75,7,5028,279.9
1782626930.467,76,7,5028,281.5
1782626930.668,76,7,5028,281.5
1782626930.868,76,7,5028,281.8
1782626931.069,76,7,5028,281.8
1782626931.269,76,7,5028,281.8
1782626931.470,74,7,5028,281.6
1782626931.670,74,7,5028,281.6
1782626931.870,74,7,5028,282.1
1782626932.071,74,7,5028,282.1
1782626932.271,74,7,5028,282.1
1782626932.472,74,7,5028,281.5
1782626932.672,74,7,5028,281.5
1782626932.873,74,7,5028,282.1
1782626933.073,74,7,5028,282.1
1782626933.273,74,7,5028,282.1
1782626933.474,76,7,5028,284.0
1782626933.674,76,7,5028,284.0
1782626933.875,76,7,5028,282.3
1782626934.075,76,7,5028,282.3
1782626934.276,76,7,5028,282.3
1782626934.476,75,7,5028,280.0
1782626934.677,75,7,5028,280.0
1782626934.877,75,7,5028,282.0
1782626935.077,75,7,5028,282.0
1782626935.278,75,7,5028,282.0
1782626935.478,70,6,5028,284.6
1782626935.679,70,6,5028,284.6
1782626935.879,70,6,5028,288.6
1782626936.080,70,6,5028,288.6
1782626936.280,70,6,5028,288.6
1782626936.481,76,7,5028,291.9
1782626936.681,76,7,5028,291.9
1782626936.881,76,7,5028,288.8
1782626937.082,76,7,5028,288.8
1782626937.282,76,7,5028,288.8
1782626937.483,70,7,5028,286.5
1782626937.683,70,7,5028,286.5
1782626937.884,70,7,5028,287.7
1782626938.084,70,7,5028,287.7
1782626938.285,70,7,5028,287.7
1782626938.485,86,8,5028,295.6
1782626938.686,86,8,5028,295.6
1782626938.886,86,8,5028,214.5
1782626939.087,86,8,5028,214.5
1782626939.287,86,8,5028,214.5
1782626939.488,0,0,5028,126.4
1782626939.688,0,0,5028,126.4
1782626939.889,0,0,5028,100.8
1782626940.090,0,0,5028,100.8
1782626940.290,0,0,5028,100.8
1782626940.491,94,9,5028,144.5
1782626940.691,94,9,5028,144.5
1782626940.892,94,9,5028,228.6
1782626941.092,94,9,5028,228.6
1782626941.292,94,9,5028,228.6
1782626941.493,65,6,5028,286.8
1782626941.693,65,6,5028,286.8
1782626941.894,65,6,5028,272.2
1782626942.094,65,6,5028,272.2
1782626942.295,65,6,5028,272.2
1782626942.495,69,6,5028,271.7
1782626942.696,69,6,5028,271.7
1782626942.896,69,6,5028,276.0
1782626943.096,69,6,5028,276.0
1782626943.297,69,6,5028,276.0
1782626943.497,70,7,5028,275.0
1782626943.698,70,7,5028,275.0
1782626943.898,70,7,5028,274.8
1782626944.098,70,7,5028,274.8
1782626944.299,70,7,5028,274.8
1782626944.499,69,6,5028,274.4
1782626944.700,69,6,5028,274.4
1782626944.900,69,6,5028,274.6
1782626945.100,69,6,5028,274.6
1782626945.301,69,6,5028,274.6
1782626945.501,72,7,5028,279.3
1782626945.702,72,7,5028,279.3
1782626945.902,72,7,5028,276.8
1782626946.103,72,7,5028,276.8
1782626946.303,72,7,5028,276.8
1782626946.503,60,6,5028,268.9
1782626946.704,60,6,5028,268.9
1782626946.904,60,6,5028,269.2
1782626947.105,60,6,5028,269.2
1782626947.305,60,6,5028,269.2
1782626947.506,68,7,5028,278.1
1782626947.706,68,7,5028,278.1
1782626947.906,68,7,5028,278.9
1782626948.107,68,7,5028,278.9
1782626948.307,68,7,5028,278.9
1782626948.508,79,7,5028,287.6
1782626948.708,79,7,5028,287.6
1782626948.908,79,7,5028,297.4
1782626949.109,79,7,5028,297.4
1782626949.309,79,7,5028,297.4
1782626949.510,67,6,5028,296.0
1782626949.710,67,6,5028,296.0
1782626949.911,67,6,5028,295.3
1782626950.111,67,6,5028,295.3
1782626950.311,67,6,5028,295.3
1782626950.512,81,8,5028,293.0
1782626950.712,81,8,5028,293.0
1782626950.913,81,8,5028,299.7
1782626951.114,81,8,5028,299.7
1782626951.314,81,8,5028,299.7
1782626951.514,78,7,5028,296.9
1782626951.715,78,7,5028,296.9
1782626951.915,78,7,5028,296.5
1782626952.116,78,7,5028,296.5
1782626952.316,78,7,5028,296.5
1782626952.516,81,8,5028,299.6
1782626952.717,81,8,5028,299.6
1782626952.917,81,8,5028,293.1
1782626953.118,81,8,5028,293.1
1782626953.318,81,8,5028,293.1
1782626953.518,74,7,5028,288.4
1782626953.719,74,7,5028,288.4
1782626953.919,74,7,5028,293.2
1782626954.120,74,7,5028,293.2
1782626954.320,74,7,5028,293.2
1782626954.521,75,7,5028,292.1
1782626954.721,75,7,5028,292.1
1782626954.921,75,7,5028,292.0
1782626955.122,75,7,5028,292.0
1782626955.322,75,7,5028,292.0
1782626955.523,76,7,5028,294.8
1782626955.723,76,7,5028,294.8
1782626955.924,76,7,5028,276.3
1782626956.124,76,7,5028,276.3
1782626956.325,76,7,5028,276.3
1782626956.525,0,0,5028,189.8
1782626956.726,0,0,5028,189.8
1782626956.926,0,0,5028,100.5
1782626957.127,0,0,5028,100.5
1782626957.328,0,0,5028,100.1
1782626957.528,0,0,5028,100.1
1782626957.728,0,0,5028,100.1
1782626957.929,0,0,5028,196.9
1782626958.129,0,0,5028,196.9
1782626958.330,58,6,5028,267.4
1782626958.530,58,6,5028,267.4
1782626958.731,58,6,5028,267.4
1782626958.931,58,6,5028,257.9
1782626959.132,58,6,5028,257.9
1782626959.332,58,5,5028,263.7
1782626959.532,58,5,5028,263.7
1782626959.733,58,5,5028,263.7
1782626959.933,58,5,5028,266.4
1782626960.134,58,5,5028,266.4
1782626960.334,63,6,5028,269.3
1782626960.535,63,6,5028,269.3
1782626960.735,63,6,5028,269.3
1782626960.936,63,6,5028,271.8
1782626961.136,63,6,5028,271.8
1782626961.336,62,6,5028,264.8
1782626961.537,62,6,5028,264.8
1782626961.737,62,6,5028,264.8
1782626961.938,62,6,5028,262.0
1782626962.138,62,6,5028,262.0
1782626962.339,62,6,5028,264.9
1782626962.539,62,6,5028,264.9
1782626962.740,62,6,5028,264.9
1782626962.940,62,6,5028,269.3
1782626963.141,62,6,5028,269.3
1782626963.341,60,6,5028,265.5
1782626963.542,60,6,5028,265.5
1782626963.742,60,6,5028,265.5
1782626963.943,60,6,5028,262.6
1782626964.143,60,6,5028,262.6
1782626964.343,58,5,5028,261.9
1782626964.544,58,5,5028,261.9
1782626964.744,58,5,5028,261.9
1782626964.945,58,5,5028,259.4
1782626965.145,58,5,5028,259.4
1782626965.346,82,7,5028,266.8
1782626965.546,82,7,5028,266.8
1782626965.746,82,7,5028,266.8
1782626965.947,82,7,5028,289.4
1782626966.147,82,7,5028,289.4
1782626966.348,83,8,5028,305.9
1782626966.548,83,8,5028,305.9
1782626966.749,83,8,5028,305.9
1782626966.949,83,8,5028,307.0
1782626967.150,83,8,5028,307.0
1782626967.350,80,7,5028,311.2
1782626967.550,80,7,5028,311.2
1782626967.751,80,7,5028,311.2
1782626967.951,80,7,5028,317.3
1782626968.152,80,7,5028,317.3
1782626968.352,82,8,5028,313.0
1782626968.553,82,8,5028,313.0
1782626968.753,82,8,5028,313.0
1782626968.954,82,8,5028,309.5
1782626969.154,82,8,5028,309.5
1782626969.354,84,8,5028,313.0
1782626969.555,84,8,5028,313.0
1782626969.755,84,8,5028,313.0
1782626969.956,84,8,5028,310.3
1782626970.156,84,8,5028,310.3
1782626970.357,84,8,5028,311.2
1782626970.557,84,8,5028,311.2
1782626970.757,84,8,5028,311.2
1782626970.958,84,8,5028,311.6
1782626971.158,84,8,5028,311.6
1782626971.359,83,8,5028,309.0
1782626971.559,83,8,5028,309.0
1782626971.760,83,8,5028,309.0
1782626971.960,83,8,5028,239.0
1782626972.161,83,8,5028,239.0
1782626972.361,0,0,5028,129.7
1782626972.562,0,0,5028,129.7
1782626972.763,0,0,5028,129.7
1782626972.963,0,0,5028,99.6
1782626973.164,0,0,5028,99.6
1782626973.364,83,9,5028,181.5
1782626973.565,83,9,5028,181.5
1782626973.765,83,9,5028,181.5
1782626973.966,83,9,5028,270.9
1782626974.166,83,9,5028,270.9
1782626974.366,57,5,5028,259.9
1782626974.567,57,5,5028,259.9
1782626974.767,57,5,5028,259.9
1782626974.968,57,5,5028,252.9
1782626975.168,57,5,5028,252.9
1782626975.369,50,4,5028,246.9
1782626975.569,50,4,5028,246.9
1782626975.769,50,4,5028,246.9
1782626975.970,50,4,5028,254.4
1782626976.170,50,4,5028,254.4
1782626976.371,56,5,5028,255.6
1782626976.571,56,5,5028,255.6
1782626976.772,56,5,5028,255.6
1782626976.972,56,5,5028,255.9
1782626977.173,56,5,5028,255.9
1782626977.373,63,6,5028,257.2
1782626977.574,63,6,5028,257.2
1782626977.774,63,6,5028,257.2
1782626977.974,63,6,5028,255.4
1782626978.175,63,6,5028,255.4
1782626978.375,59,6,5028,251.1
1782626978.576,59,6,5028,251.1
1782626978.776,59,6,5028,251.1
1782626978.977,59,6,5028,257.5
1782626979.177,59,6,5028,257.5
1782626979.378,52,5,5028,261.3
1782626979.578,52,5,5028,261.3
1782626979.779,52,5,5028,261.3
1782626979.979,52,5,5028,252.8
1782626980.179,52,5,5028,252.8
1782626980.380,61,6,5028,253.2
1782626980.580,61,6,5028,253.2
1782626980.781,61,6,5028,253.2
1782626980.981,61,6,5028,259.1
1782626981.182,61,6,5028,259.1
1782626981.382,89,8,5028,287.2
1782626981.583,89,8,5028,287.2
1782626981.783,89,8,5028,287.2
1782626981.984,89,8,5028,321.1
1782626982.184,89,8,5028,321.1
1782626982.385,88,8,5028,334.6
1782626982.585,88,8,5028,334.6
1782626982.786,88,8,5028,334.6
1782626982.986,88,8,5028,334.8
1782626983.186,88,8,5028,334.8
1782626983.387,88,8,5028,335.4
1782626983.587,88,8,5028,335.4
1782626983.788,88,8,5028,335.4
1782626983.988,88,8,5028,334.1
1782626984.189,88,8,5028,334.1
1782626984.389,88,8,5028,331.5
1782626984.590,88,8,5028,331.5
1782626984.790,88,8,5028,331.5
1782626984.991,88,8,5028,334.0
1782626985.191,88,8,5028,334.0
1782626985.391,90,8,5028,338.4
1782626985.592,90,8,5028,338.4
1782626985.792,90,8,5028,338.4
1782626985.993,90,8,5028,336.2
1782626986.193,90,8,5028,336.2
1782626986.394,0,0,5028,271.3
1782626986.594,0,0,5028,271.3
1782626986.795,0,0,5028,271.3
1782626986.996,0,0,5028,155.5
1782626987.196,0,0,5028,155.5
1782626987.397,0,0,5028,100.2
1782626987.597,0,0,5028,100.2
1782626987.798,0,0,5028,100.2
1782626987.998,0,0,5028,196.3
1782626988.198,0,0,5028,196.3
1782626988.399,64,6,5028,274.7
1782626988.599,64,6,5028,274.7
1782626988.800,64,6,5028,274.7
1782626989.000,64,6,5028,285.0
1782626989.201,64,6,5028,285.0
1782626989.401,67,6,5028,275.4
1782626989.602,67,6,5028,275.4
1782626989.802,67,6,5028,275.4
1782626990.003,67,6,5028,277.3
1782626990.203,67,6,5028,277.3
1782626990.404,71,7,5028,281.0
1782626990.604,71,7,5028,281.0
1782626990.805,71,7,5028,281.0
1782626991.005,71,7,5028,278.0
1782626991.206,71,7,5028,278.0
1782626991.406,59,6,5028,280.0
1782626991.606,59,6,5028,280.0
1782626991.807,59,6,5028,280.0
1782626992.007,59,6,5028,280.0
1782626992.208,59,6,5028,280.0
1782626992.408,61,5,5028,276.8
1782626992.609,61,5,5028,276.8
1782626992.809,61,5,5028,276.8
1782626993.010,61,5,5028,277.4
1782626993.210,61,5,5028,277.4
1782626993.411,64,6,5028,275.5
1782626993.611,64,6,5028,275.5
1782626993.811,64,6,5028,275.5
1782626994.012,64,6,5028,270.6
1782626994.212,64,6,5028,270.6
1782626994.413,64,6,5028,271.1
1782626994.613,64,6,5028,271.1
1782626994.814,64,6,5028,271.1
1782626995.014,64,6,5028,273.6
1782626995.215,64,6,5028,273.6
1782626995.415,64,6,5028,276.4
1782626995.618,64,6,5028,276.4
1782626995.818,64,6,5028,276.4
1782626996.019,64,6,5028,273.7
1782626996.219,64,6,5028,273.7
1782626996.419,81,8,5028,294.9
1782626996.620,81,8,5028,294.9
1782626996.820,81,8,5028,294.9
1782626997.021,81,8,5028,285.2
1782626997.221,81,8,5028,285.2
1782626997.422,0,0,5028,192.6
1782626997.622,0,0,5028,192.6
1782626997.823,0,0,5028,192.6
1782626998.024,0,0,5028,101.3
1782626998.224,0,0,5028,101.3
1782626998.424,95,10,5028,159.5
1782626998.625,95,10,5028,159.5
1782626998.825,95,10,5028,159.5
1782626999.026,95,10,5028,250.1
1782626999.226,95,10,5028,250.1
1782626999.427,65,6,5028,286.9
1782626999.627,65,6,5028,286.9
1782626999.827,65,6,5028,286.9
1782627000.028,65,6,5028,272.2
1782627000.228,65,6,5028,272.2
1782627000.429,78,7,5028,277.3
1782627000.629,78,7,5028,277.3
1782627000.829,78,7,5028,277.3
1782627001.030,78,7,5028,280.1
1782627001.230,78,7,5028,280.1
1782627001.431,74,6,5028,272.6
1782627001.631,74,6,5028,272.6
1782627001.832,74,6,5028,270.3
1782627002.032,74,6,5028,270.3
1782627002.232,74,6,5028,270.3
1782627002.433,71,6,5028,273.8
1782627002.634,71,6,5028,273.8
1782627002.834,71,6,5028,275.9
1782627003.034,71,6,5028,275.9
1782627003.235,71,6,5028,275.9
1782627003.435,75,7,5028,274.1
1782627003.636,75,7,5028,274.1
1782627003.836,75,7,5028,277.0
1782627004.037,75,7,5028,277.0
1782627004.237,75,7,5028,277.0
1782627004.437,73,6,5028,280.1
1782627004.638,73,6,5028,280.1
1782627004.838,73,6,5028,278.4
1782627005.039,73,6,5028,278.4
1782627005.239,73,6,5028,278.4
1782627005.440,73,7,5028,274.7
1782627005.640,73,7,5028,274.7
1782627005.841,73,7,5028,274.1
1782627006.041,73,7,5028,274.1
1782627006.242,73,7,5028,274.1
1782627006.442,77,7,5028,278.8
1782627006.643,77,7,5028,278.8
1782627006.843,77,7,5028,283.4
1782627007.044,77,7,5028,283.4
1782627007.244,77,7,5028,283.4
1782627007.444,67,6,5028,278.0
1782627007.645,67,6,5028,278.0
1782627007.845,67,6,5028,275.6
1782627008.046,67,6,5028,275.6
1782627008.246,67,6,5028,275.6
1782627008.446,70,6,5028,278.6
1782627008.647,70,6,5028,278.6
1782627008.847,70,6,5028,278.5
1782627009.048,70,6,5028,278.5
1782627009.248,70,6,5028,278.5
1782627009.449,70,7,5028,272.4
1782627009.649,70,7,5028,272.4
1782627009.850,70,7,5028,272.3
1782627010.050,70,7,5028,272.3
1782627010.251,70,7,5028,272.3
1782627010.451,75,7,5028,273.4
1782627010.652,75,7,5028,273.4
1782627010.852,75,7,5028,275.0
1782627011.053,75,7,5028,275.0
1782627011.253,75,7,5028,275.0
1782627011.454,67,6,5028,275.4
1782627011.654,67,6,5028,275.4
1782627011.854,67,6,5028,274.1
1782627012.055,67,6,5028,274.1
1782627012.255,67,6,5028,274.1
1782627012.456,73,7,5028,275.9
1782627012.656,73,7,5028,275.9
1782627012.857,73,7,5028,278.1
1782627013.057,73,7,5028,278.1
1782627013.258,73,7,5028,278.1
1782627013.458,71,7,5028,277.9
1782627013.658,71,7,5028,277.9
1782627013.859,71,7,5028,266.0
1782627014.060,71,7,5028,266.0
1782627014.260,71,7,5028,266.0
1782627014.461,0,0,5028,177.3
1782627014.661,0,0,5028,177.3
1782627014.862,0,0,5028,101.7
1782627015.062,0,0,5028,101.7
1782627015.263,0,0,5028,101.7
1782627015.463,0,0,5028,101.4
1782627015.664,0,0,5028,101.4
1782627015.864,0,0,5028,175.2
1782627016.065,0,0,5028,175.2
1782627016.265,0,0,5028,175.2
1782627016.465,70,7,5028,253.6
1782627016.666,70,7,5028,253.6
1782627016.866,70,7,5028,269.2
1782627017.067,70,7,5028,269.2
1782627017.267,70,7,5028,269.2
1782627017.468,63,6,5028,267.5
1782627017.668,63,6,5028,267.5
1782627017.869,63,6,5028,267.5
1782627018.069,63,6,5028,267.5
1782627018.270,63,6,5028,267.5
1782627018.470,68,6,5028,267.3
1782627018.670,68,6,5028,267.3
1782627018.871,68,6,5028,274.5
1782627019.071,68,6,5028,274.5
1782627019.272,68,6,5028,274.5
1782627019.472,62,6,5028,270.6
1782627019.673,62,6,5028,270.6
1782627019.873,62,6,5028,264.9
1782627020.073,62,6,5028,264.9
1782627020.274,62,6,5028,264.9
1782627020.474,69,7,5028,269.4
1782627020.675,69,7,5028,269.4
1782627020.875,69,7,5028,273.2
1782627021.075,69,7,5028,273.2
1782627021.276,69,7,5028,273.2
1782627021.476,67,6,5028,268.4
1782627021.677,67,6,5028,268.4
1782627021.877,67,6,5028,270.5
1782627022.078,67,6,5028,270.5
1782627022.278,67,6,5028,270.5
1782627022.479,71,7,5028,271.6
1782627022.679,71,7,5028,271.6
1782627022.880,71,7,5028,275.7
1782627023.080,71,7,5028,275.7
1782627023.280,71,7,5028,275.7
1782627023.481,69,6,5028,273.6
1782627023.681,69,6,5028,273.6
1782627023.882,69,6,5028,280.1
1782627024.082,69,6,5028,280.1
1782627024.283,69,6,5028,280.1
1782627024.483,78,7,5028,295.6
1782627024.684,78,7,5028,295.6
1782627024.884,78,7,5028,291.8
1782627025.084,78,7,5028,291.8
1782627025.285,78,7,5028,291.8
1782627025.485,75,7,5028,285.4
1782627025.686,75,7,5028,285.4
1782627025.886,75,7,5028,285.0
1782627026.086,75,7,5028,285.0
1782627026.287,75,7,5028,285.0
1782627026.487,74,7,5028,285.1
1782627026.688,74,7,5028,285.1
1782627026.888,74,7,5028,281.5
1782627027.089,74,7,5028,281.5
1782627027.289,74,7,5028,281.5
1782627027.490,76,7,5028,282.7
1782627027.690,76,7,5028,282.7
1782627027.890,76,7,5028,288.3
1782627028.091,76,7,5028,288.3
1782627028.291,76,7,5028,288.3
1782627028.491,77,7,5028,290.4
1782627028.692,77,7,5028,290.4
1782627028.892,77,7,5028,286.1
1782627029.092,77,7,5028,286.1
1782627029.293,77,7,5028,286.1
1782627029.493,76,7,5028,285.6
1782627029.693,76,7,5028,285.6
1782627029.894,76,7,5028,289.6
1782627030.095,76,7,5028,289.6
1782627030.295,76,7,5028,289.6
1782627030.495,76,7,5028,287.6
1782627030.696,76,7,5028,287.6
1782627030.897,76,7,5028,262.9
1782627031.097,76,7,5028,262.9
1782627031.298,76,7,5028,262.9
1782627031.498,0,0,5028,181.9
1782627031.699,0,0,5028,181.9
1782627031.900,0,0,5028,100.6
1782627032.100,0,0,5028,100.6
1782627032.301,0,0,5028,100.6
1782627032.501,0,0,5028,99.7
1782627032.702,0,0,5028,99.7
1782627032.902,0,0,5028,202.8
1782627033.103,0,0,5028,202.8
1782627033.303,0,0,5028,202.8
1782627033.504,52,5,5028,268.3
1782627033.704,52,5,5028,268.3
1782627033.905,52,5,5028,261.9
1782627034.105,52,5,5028,261.9
1782627034.305,52,5,5028,261.9
1782627034.506,62,6,5028,258.8
1782627034.706,62,6,5028,258.8
1782627034.907,62,6,5028,263.7
1782627035.107,62,6,5028,263.7
1782627035.307,62,6,5028,263.7
1782627035.508,57,5,5028,264.6
1782627035.708,57,5,5028,264.6
1782627035.909,57,5,5028,260.0
1782627036.109,57,5,5028,260.0
1782627036.310,57,5,5028,260.0
1782627036.510,56,5,5028,259.5
1782627036.710,56,5,5028,259.5
1782627036.911,56,5,5028,261.9
1782627037.111,56,5,5028,261.9
1782627037.312,56,5,5028,261.9
1782627037.512,72,7,5028,269.2
1782627037.713,72,7,5028,269.2
1782627037.913,72,7,5028,275.5
1782627038.114,72,7,5028,275.5
1782627038.314,72,7,5028,275.5
1782627038.515,63,6,5028,272.1
1782627038.715,63,6,5028,272.1
1782627038.915,63,6,5028,265.9
1782627039.116,63,6,5028,265.9
1782627039.316,63,6,5028,265.9
1782627039.517,63,6,5028,264.8
1782627039.717,63,6,5028,264.8
1782627039.918,63,6,5028,259.9
1782627040.118,63,6,5028,259.9
1782627040.319,63,6,5028,259.9
1782627040.519,80,7,5028,270.4
1782627040.719,80,7,5028,270.4
1782627040.920,80,7,5028,288.7
1782627041.120,80,7,5028,288.7
1782627041.321,80,7,5028,288.7
1782627041.521,77,7,5028,296.0
1782627041.721,77,7,5028,296.0
1782627041.922,77,7,5028,297.1
1782627042.122,77,7,5028,297.1
1782627042.323,77,7,5028,297.1
1782627042.523,84,8,5028,300.7
1782627042.723,84,8,5028,300.7
1782627042.924,84,8,5028,300.1
1782627043.125,84,8,5028,300.1
1782627043.325,84,8,5028,300.1
1782627043.525,81,8,5028,303.4
1782627043.726,81,8,5028,303.4
1782627043.926,81,8,5028,313.2
1782627044.127,81,8,5028,313.2
1782627044.327,81,8,5028,313.2
1782627044.527,82,8,5028,317.5
1782627044.728,82,8,5028,317.5
1782627044.928,82,8,5028,310.8
1782627045.129,82,8,5028,310.8
1782627045.329,82,8,5028,310.8
1782627045.529,81,8,5028,302.7
1782627045.730,81,8,5028,302.7
1782627045.930,81,8,5028,299.9
1782627046.131,81,8,5028,299.9
1782627046.331,81,8,5028,299.9
1782627046.531,83,8,5028,308.4
1782627046.732,83,8,5028,308.4
1782627046.932,83,8,5028,241.9
1782627047.133,83,8,5028,241.9
1782627047.334,83,8,5028,241.9
1782627047.534,0,0,5028,144.8
1782627047.735,0,0,5028,144.8
1782627047.935,0,0,5028,99.8
1782627048.136,0,0,5028,99.8
1782627048.336,82,8,5028,179.4
1782627048.537,82,8,5028,179.4
1782627048.737,82,8,5028,179.4
1782627048.938,82,8,5028,271.0
1782627049.138,82,8,5028,271.0
1782627049.338,54,5,5028,256.4
1782627049.539,54,5,5028,256.4
1782627049.739,54,5,5028,256.4
1782627049.940,54,5,5028,248.5
1782627050.140,54,5,5028,248.5
1782627050.341,59,6,5028,252.3
1782627050.541,59,6,5028,252.3
1782627050.742,59,6,5028,252.3
1782627050.942,59,6,5028,266.2
1782627051.143,59,6,5028,266.2
1782627051.343,61,5,5028,267.2
1782627051.544,61,5,5028,267.2
1782627051.744,61,5,5028,267.2
1782627051.944,61,5,5028,262.6
1782627052.145,61,5,5028,262.6
1782627052.345,56,5,5028,261.7
1782627052.546,56,5,5028,261.7
1782627052.746,56,5,5028,261.7
1782627052.947,56,5,5028,265.4
1782627053.147,56,5,5028,265.4
1782627053.348,61,6,5028,268.1
1782627053.548,61,6,5028,268.1
1782627053.749,61,6,5028,268.1
1782627053.949,61,6,5028,267.5
1782627054.149,61,6,5028,267.5
1782627054.350,56,5,5028,261.5
1782627054.550,56,5,5028,261.5
1782627054.751,56,5,5028,261.5
1782627054.951,56,5,5028,264.6
1782627055.152,56,5,5028,264.6
1782627055.352,56,5,5028,269.3
1782627055.553,56,5,5028,269.3
1782627055.753,56,5,5028,269.3
1782627055.954,56,5,5028,265.6
1782627056.154,56,5,5028,265.6
1782627056.354,81,8,5028,271.0
1782627056.555,81,8,5028,271.0
1782627056.755,81,8,5028,271.0
1782627056.956,81,8,5028,304.6
1782627057.156,81,8,5028,304.6
1782627057.356,89,9,5028,330.9
1782627057.557,89,9,5028,330.9
1782627057.757,89,9,5028,330.9
1782627057.958,89,9,5028,336.0
1782627058.158,89,9,5028,336.0
1782627058.359,86,8,5028,330.9
1782627058.559,86,8,5028,330.9
1782627058.759,86,8,5028,330.9
1782627058.960,86,8,5028,330.4
1782627059.160,86,8,5028,330.4
1782627059.360,88,8,5028,331.7
1782627059.561,88,8,5028,331.7
1782627059.761,88,8,5028,331.7
1782627059.962,88,8,5028,329.6
1782627060.162,88,8,5028,329.6
1782627060.362,85,8,5028,329.9
1782627060.563,85,8,5028,329.9
1782627060.763,85,8,5028,329.9
1782627060.964,85,8,5028,332.8
1782627061.164,85,8,5028,332.8
1782627061.365,0,0,5028,237.8
1782627061.566,0,0,5028,237.8
1782627061.766,0,0,5028,237.8
1782627061.967,0,0,5028,132.9
1782627062.167,0,0,5028,132.9
1782627062.368,59,6,5028,114.7
1782627062.568,59,6,5028,114.7
1782627062.769,59,6,5028,114.7
1782627062.969,59,6,5028,228.3
1782627063.169,59,6,5028,228.3
1782627063.370,65,6,5028,302.3
1782627063.570,65,6,5028,302.3
1782627063.771,65,6,5028,302.3
1782627063.971,65,6,5028,278.6
1782627064.172,65,6,5028,278.6
1782627064.372,58,5,5028,274.1
1782627064.573,58,5,5028,274.1
1782627064.777,58,5,5028,274.1
1782627064.978,58,5,5028,278.3
1782627065.178,58,5,5028,278.3
1782627065.379,60,6,5028,276.6
1782627065.579,60,6,5028,276.6
1782627065.779,60,6,5028,276.6
1782627065.980,60,6,5028,273.9
1782627066.180,60,6,5028,273.9
1782627066.381,59,6,5028,271.0
1782627066.581,59,6,5028,271.0
1782627066.781,59,6,5028,271.0
1782627066.982,59,6,5028,267.7
1782627067.183,59,6,5028,267.7
1782627067.383,62,6,5028,272.0
1782627067.583,62,6,5028,272.0
1782627067.784,62,6,5028,272.0
1782627067.984,62,6,5028,285.3
1782627068.184,62,6,5028,285.3
1782627068.385,72,7,5028,286.1
1782627068.585,72,7,5028,286.1
1782627068.786,72,7,5028,286.1
1782627068.986,72,7,5028,278.2
1782627069.187,72,7,5028,278.2
1782627069.387,68,6,5028,281.1
1782627069.588,68,6,5028,281.1
1782627069.788,68,6,5028,281.1
1782627069.989,68,6,5028,284.6
1782627070.189,68,6,5028,284.6
1782627070.389,57,5,5028,281.9
1782627070.590,57,5,5028,281.9
1782627070.790,57,5,5028,281.9
1782627070.991,57,5,5028,272.4
1782627071.191,57,5,5028,272.4
1782627071.392,0,0,5028,189.7
1782627071.592,0,0,5028,189.7
1782627071.793,0,0,5028,189.7
1782627071.994,0,0,5028,112.0
1782627072.194,0,0,5028,112.0
1782627072.395,65,7,5028,117.6
1782627072.595,65,7,5028,117.6
1782627072.795,65,7,5028,117.6
1782627072.996,65,7,5028,215.7
1782627073.196,65,7,5028,215.7
1782627073.397,70,6,5028,296.6
1782627073.597,70,6,5028,296.6
1782627073.797,70,6,5028,296.6
1782627073.998,70,6,5028,280.9
1782627074.198,70,6,5028,280.9
1782627074.399,76,7,5028,284.3
1782627074.599,76,7,5028,284.3
1782627074.799,76,7,5028,284.3
1782627075.009,76,7,5028,279.2
1782627075.210,76,7,5028,279.2
1782627075.410,71,6,5028,281.4
1782627075.611,71,6,5028,281.4
1782627075.811,71,6,5028,281.4
1782627076.012,71,6,5028,284.7
1782627076.212,71,6,5028,284.7
1782627076.413,77,7,5028,286.3
1782627076.613,77,7,5028,286.3
1782627076.813,77,7,5028,286.3
1782627077.014,77,7,5028,283.2
1782627077.214,77,7,5028,283.2
1782627077.415,65,6,5028,278.2
1782627077.615,65,6,5028,278.2
1782627077.816,65,6,5028,278.2
1782627078.016,65,6,5028,273.4
1782627078.217,65,6,5028,273.4
1782627078.417,71,7,5028,272.6
1782627078.618,71,7,5028,272.6
1782627078.818,71,7,5028,272.6
1782627079.019,71,7,5028,277.1
1782627079.219,71,7,5028,277.1
1782627079.419,77,7,5028,283.2
1782627079.620,77,7,5028,283.2
1782627079.820,77,7,5028,283.2
1782627080.021,77,7,5028,282.4
1782627080.221,77,7,5028,282.4
1782627080.422,76,7,5028,281.1
1782627080.622,76,7,5028,281.1
1782627080.823,76,7,5028,281.1
1782627081.023,76,7,5028,276.0
1782627081.223,76,7,5028,276.0
1782627081.424,74,7,5028,272.5
1782627081.624,74,7,5028,272.5
1782627081.825,74,7,5028,272.5
1782627082.025,74,7,5028,269.9
1782627082.226,74,7,5028,269.9
1782627082.426,76,7,5028,274.0
1782627082.627,76,7,5028,274.0
1782627082.827,76,7,5028,274.0
1782627083.028,76,7,5028,278.7
1782627083.228,76,7,5028,278.7
1782627083.429,66,6,5028,279.7
1782627083.629,66,6,5028,279.7
1782627083.829,66,6,5028,279.7
1782627084.030,66,6,5028,278.0
1782627084.230,66,6,5028,278.0
1782627084.431,79,8,5028,278.1
1782627084.631,79,8,5028,278.1
1782627084.832,79,8,5028,278.1
1782627085.033,79,8,5028,276.5
1782627085.233,79,8,5028,276.5
1782627085.433,73,6,5028,270.9
1782627085.634,73,6,5028,270.9
1782627085.834,73,6,5028,270.9
1782627086.035,73,6,5028,273.5
1782627086.235,73,6,5028,273.5
1782627086.436,67,6,5028,269.5
1782627086.636,67,6,5028,269.5
1782627086.837,67,6,5028,269.5
1782627087.037,67,6,5028,265.6
1782627087.237,67,6,5028,265.6
1782627087.438,74,7,5028,272.7
1782627087.638,74,7,5028,272.7
1782627087.839,74,7,5028,289.2
1782627088.039,74,7,5028,289.2
1782627088.240,74,7,5028,289.2
1782627088.440,0,0,5028,209.9
1782627088.641,0,0,5028,209.9
1782627088.841,0,0,5028,103.9
1782627089.042,0,0,5028,103.9
1782627089.242,0,0,5028,103.9
1782627089.443,0,0,5028,100.6
1782627089.643,0,0,5028,100.6
1782627089.844,0,0,5028,143.6
1782627090.044,0,0,5028,143.6
1782627090.245,0,0,5028,143.6
1782627090.445,70,7,5028,236.7
1782627090.645,70,7,5028,236.7
1782627090.846,70,7,5028,299.9
1782627091.046,70,7,5028,299.9
1782627091.247,70,7,5028,299.9
1782627091.447,68,6,5028,275.8
1782627091.647,68,6,5028,275.8
1782627091.848,68,6,5028,267.7
1782627092.048,68,6,5028,267.7
1782627092.249,68,6,5028,267.7
1782627092.449,74,7,5028,272.8
1782627092.649,74,7,5028,272.8
1782627092.850,74,7,5028,277.2
1782627093.050,74,7,5028,277.2
1782627093.251,74,7,5028,277.2
1782627093.451,66,7,5028,279.1
1782627093.651,66,7,5028,279.1
1782627093.852,66,7,5028,279.4
1782627094.052,66,7,5028,279.4
1782627094.253,66,7,5028,279.4
1782627094.453,73,6,5028,281.8
1782627094.654,73,6,5028,281.8
1782627094.854,73,6,5028,283.3
1782627095.054,73,6,5028,283.3
1782627095.255,73,6,5028,283.3
1782627095.455,69,7,5028,279.1
1782627095.656,69,7,5028,279.1
1782627095.856,69,7,5028,277.4
1782627096.057,69,7,5028,277.4
1782627096.257,69,7,5028,277.4
1782627096.457,67,6,5028,274.5
1782627096.658,67,6,5028,274.5
1782627096.858,67,6,5028,279.6
1782627097.059,67,6,5028,279.6
1782627097.259,67,6,5028,279.6
1782627097.459,71,7,5028,285.3
1782627097.660,71,7,5028,285.3
1782627097.860,71,7,5028,288.0
1782627098.061,71,7,5028,288.0
1782627098.261,71,7,5028,288.0
1782627098.462,76,7,5028,289.7
1782627098.662,76,7,5028,289.7
1782627098.863,76,7,5028,291.6
1782627099.063,76,7,5028,291.6
1782627099.263,76,7,5028,291.6
1782627099.464,79,7,5028,293.0
1782627099.664,79,7,5028,293.0
1782627099.865,79,7,5028,294.1
1782627100.065,79,7,5028,294.1
1782627100.266,79,7,5028,294.1
1782627100.466,79,7,5028,294.5
1782627100.667,79,7,5028,294.5
1782627100.877,79,7,5028,292.4
1782627101.077,79,7,5028,292.4
1782627101.278,79,7,5028,292.4
1782627101.478,77,7,5028,293.2
1782627101.678,77,7,5028,293.2
1782627101.879,77,7,5028,294.7
1782627102.079,77,7,5028,294.7
1782627102.280,77,7,5028,294.7
1782627102.480,80,8,5028,295.0
1782627102.681,80,8,5028,295.0
1782627102.881,80,8,5028,296.4
1782627103.082,80,8,5028,296.4
1782627103.282,80,8,5028,296.4
1782627103.482,80,7,5028,295.1
1782627103.683,80,7,5028,295.1
1782627103.883,80,7,5028,288.9
1782627104.084,80,7,5028,288.9
1782627104.284,80,7,5028,288.9
1782627104.485,81,7,5028,291.2
1782627104.685,81,7,5028,291.2
1782627104.886,81,7,5028,297.4
1782627105.086,81,7,5028,297.4
1782627105.287,81,7,5028,297.4
1782627105.487,0,0,5028,244.9
1782627105.688,0,0,5028,244.9
1782627105.888,0,0,5028,138.5
1782627106.089,0,0,5028,138.5
1782627106.290,0,0,5028,138.5
1782627106.490,0,0,5028,101.1
1782627106.691,0,0,5028,101.1
1782627106.891,0,0,5028,140.2
1782627107.092,0,0,5028,140.2
1782627107.292,0,0,5028,140.2
1782627107.492,71,7,5028,229.2
1782627107.693,71,7,5028,229.2
1782627107.893,71,7,5028,293.1
1782627108.094,71,7,5028,293.1
1782627108.294,71,7,5028,293.1
1782627108.495,65,6,5028,269.5
1782627108.695,65,6,5028,269.5
1782627108.896,65,6,5028,272.1
1782627109.096,65,6,5028,272.1
1782627109.297,65,6,5028,272.1
1782627109.497,65,6,5028,270.1
1782627109.698,65,6,5028,270.1
1782627109.898,65,6,5028,268.7
1782627110.099,65,6,5028,268.7
1782627110.299,65,6,5028,268.7
1782627110.500,66,6,5028,267.4
1782627110.700,66,6,5028,267.4
1782627110.900,66,6,5028,264.0
1782627111.111,66,6,5028,264.0
1782627111.311,66,6,5028,264.0
1782627111.512,68,7,5028,267.3
1782627111.712,68,7,5028,267.3
1782627111.913,68,7,5028,269.2
1782627112.113,68,7,5028,269.2
1782627112.313,68,7,5028,269.2
1782627112.514,64,6,5028,264.3
1782627112.714,64,6,5028,264.3
1782627112.915,64,6,5028,263.2
1782627113.115,64,6,5028,263.2
1782627113.316,64,6,5028,263.2
1782627113.516,69,6,5028,274.1
1782627113.716,69,6,5028,274.1
1782627113.917,69,6,5028,272.9
1782627114.117,69,6,5028,272.9
1782627114.318,69,6,5028,272.9
1782627114.518,71,7,5028,266.4
1782627114.718,71,7,5028,266.4
1782627114.919,71,7,5028,282.3
1782627115.119,71,7,5028,282.3
1782627115.320,71,7,5028,282.3
1782627115.520,75,7,5028,301.8
1782627115.721,75,7,5028,301.8
1782627115.921,75,7,5028,307.1
1782627116.121,75,7,5028,307.1
1782627116.322,75,7,5028,307.1
1782627116.522,79,7,5028,308.1
1782627116.723,79,7,5028,308.1
1782627116.923,79,7,5028,317.5
1782627117.124,79,7,5028,317.5
1782627117.324,79,7,5028,317.5
1782627117.525,82,8,5028,321.0
1782627117.725,82,8,5028,321.0
1782627117.926,82,8,5028,322.5
1782627118.126,82,8,5028,322.5
1782627118.326,82,8,5028,322.5
1782627118.527,87,8,5028,315.3
1782627118.727,87,8,5028,315.3
1782627118.928,87,8,5028,311.6
1782627119.128,87,8,5028,311.6
1782627119.329,87,8,5028,311.6
1782627119.529,83,8,5028,315.7
1782627119.730,83,8,5028,315.7
1782627119.930,83,8,5028,315.5
1782627120.131,83,8,5028,315.5
1782627120.331,83,8,5028,315.5
1782627120.531,79,7,5028,320.6
1782627120.732,79,7,5028,320.6
1782627120.932,79,7,5028,315.4
1782627121.133,79,7,5028,315.4
1782627121.333,79,7,5028,315.4
1782627121.534,0,0,5028,205.9
1782627121.735,0,0,5028,205.9
1782627121.935,0,0,5028,102.7
1782627122.136,0,0,5028,102.7
1782627122.336,0,0,5028,102.7
1782627122.537,4,1,5028,101.3
1782627122.737,4,1,5028,101.3
1782627122.937,4,1,5028,222.5
1782627123.138,4,1,5028,222.5
1782627123.338,4,1,5028,222.5
1782627123.539,51,5,5028,286.5
1782627123.739,51,5,5028,286.5
1782627123.940,51,5,5028,264.9
1782627124.140,51,5,5028,264.9
1782627124.341,55,5,5028,264.3
1782627124.541,55,5,5028,264.3
1782627124.741,55,5,5028,264.3
1782627124.942,55,5,5028,266.6
1782627125.142,55,5,5028,266.6
1782627125.343,63,6,5028,263.9
1782627125.543,63,6,5028,263.9
1782627125.744,63,6,5028,263.9
1782627125.944,63,6,5028,262.9
1782627126.145,63,6,5028,262.9
1782627126.345,59,5,5028,265.4
1782627126.546,59,5,5028,265.4
1782627126.746,59,5,5028,265.4
1782627126.946,59,5,5028,271.2
1782627127.147,59,5,5028,271.2
1782627127.347,64,6,5028,270.0
1782627127.548,64,6,5028,270.0
1782627127.748,64,6,5028,270.0
1782627127.948,64,6,5028,269.1
1782627128.149,64,6,5028,269.1
1782627128.349,54,5,5028,264.7
1782627128.550,54,5,5028,264.7
1782627128.750,54,5,5028,264.7
1782627128.951,54,5,5028,257.5
1782627129.151,54,5,5028,257.5
1782627129.351,66,6,5028,261.9
1782627129.552,66,6,5028,261.9
1782627129.752,66,6,5028,261.9
1782627129.952,66,6,5028,272.5
1782627130.153,66,6,5028,272.5
1782627130.353,63,6,5028,270.2
1782627130.554,63,6,5028,270.2
1782627130.754,63,6,5028,270.2
1782627130.955,63,6,5028,291.7
1782627131.155,63,6,5028,291.7
1782627131.355,88,8,5028,322.8
1782627131.556,88,8,5028,322.8
1782627131.756,88,8,5028,322.8
1782627131.957,88,8,5028,337.4
1782627132.157,88,8,5028,337.4
1782627132.358,91,9,5028,346.0
1782627132.558,91,9,5028,346.0
1782627132.758,91,9,5028,346.0
1782627132.959,91,9,5028,341.8
1782627133.159,91,9,5028,341.8
1782627133.360,86,8,5028,337.2
1782627133.560,86,8,5028,337.2
1782627133.760,86,8,5028,337.2
1782627133.961,86,8,5028,335.8
1782627134.161,86,8,5028,335.8
1782627134.361,85,8,5028,335.8
1782627134.562,85,8,5028,335.8
1782627134.762,85,8,5028,335.8
1782627134.963,85,8,5028,338.6
1782627135.163,85,8,5028,338.6
1782627135.364,90,9,5028,338.1
1782627135.564,90,9,5028,338.1
1782627135.765,90,9,5028,338.1
1782627135.965,90,9,5028,246.7
1782627136.165,90,9,5028,246.7
1782627136.366,0,0,5028,147.8
1782627136.566,0,0,5028,147.8
1782627136.767,0,0,5028,147.8
1782627136.968,0,0,5028,100.7
1782627137.168,0,0,5028,100.7
1782627137.369,66,6,5028,205.3
1782627137.569,66,6,5028,205.3
1782627137.770,66,6,5028,205.3
1782627137.970,66,6,5028,286.4
1782627138.171,66,6,5028,286.4
1782627138.371,62,6,5028,277.8
1782627138.572,62,6,5028,277.8
1782627138.772,62,6,5028,277.8
1782627138.973,62,6,5028,270.2
1782627139.173,62,6,5028,270.2
1782627139.373,62,6,5028,272.0
1782627139.574,62,6,5028,272.0
1782627139.774,62,6,5028,272.0
1782627139.975,62,6,5028,273.3
1782627140.175,62,6,5028,273.3
1782627140.376,61,6,5028,269.4
1782627140.576,61,6,5028,269.4
1782627140.777,61,6,5028,269.4
1782627140.977,61,6,5028,275.5
1782627141.178,61,6,5028,275.5
1782627141.378,58,5,5028,268.4
1782627141.578,58,5,5028,268.4
1782627141.779,58,5,5028,268.4
1782627141.979,58,5,5028,269.7
1782627142.179,58,5,5028,269.7
1782627142.380,66,6,5028,274.9
1782627142.583,66,6,5028,274.9
1782627142.783,66,6,5028,274.9
1782627142.983,66,6,5028,279.6
1782627143.184,66,6,5028,279.6
1782627143.384,60,6,5028,281.8
1782627143.585,60,6,5028,281.8
1782627143.785,60,6,5028,281.8
1782627143.986,60,6,5028,276.3
1782627144.186,60,6,5028,276.3
1782627144.387,60,6,5028,270.6
1782627144.587,60,6,5028,270.6
1782627144.787,60,6,5028,270.6
1782627144.988,60,6,5028,271.9
1782627145.188,60,6,5028,271.9
1782627145.389,73,7,5028,278.7
1782627145.589,73,7,5028,278.7
1782627145.790,73,7,5028,278.7
1782627145.990,73,7,5028,237.6
1782627146.191,73,7,5028,237.6
1782627146.392,0,0,5028,163.1
1782627146.592,0,0,5028,163.1
1782627146.793,0,0,5028,163.1
1782627146.995,0,0,5028,99.9
1782627147.196,0,0,5028,99.9
1782627147.396,90,9,5028,181.8
1782627147.597,90,9,5028,181.8
1782627147.797,90,9,5028,181.8
1782627147.998,90,9,5028,258.9
1782627148.198,90,9,5028,258.9
1782627148.398,76,7,5028,275.7
1782627148.599,76,7,5028,275.7
1782627148.799,76,7,5028,275.7
1782627149.000,76,7,5028,278.9
1782627149.200,76,7,5028,278.9
1782627149.400,72,6,5028,275.7
1782627149.601,72,6,5028,275.7
1782627149.801,72,6,5028,275.7
1782627150.002,72,6,5028,270.1
1782627150.202,72,6,5028,270.1
1782627150.403,71,6,5028,273.3
1782627150.603,71,6,5028,273.3
1782627150.803,71,6,5028,273.3
1782627151.004,71,6,5028,271.7
1782627151.204,71,6,5028,271.7
1782627151.405,76,7,5028,270.4
1782627151.605,76,7,5028,270.4
1782627151.806,76,7,5028,270.4
1782627152.006,76,7,5028,273.6
1782627152.206,76,7,5028,273.6
1782627152.407,69,6,5028,275.7
1782627152.607,69,6,5028,275.7
1782627152.808,69,6,5028,275.7
1782627153.008,69,6,5028,269.9
1782627153.209,69,6,5028,269.9
1782627153.409,67,6,5028,266.9
1782627153.610,67,6,5028,266.9
1782627153.810,67,6,5028,266.9
1782627154.010,67,6,5028,277.5
1782627154.211,67,6,5028,277.5
1782627154.411,76,7,5028,285.3
1782627154.612,76,7,5028,285.3
1782627154.812,76,7,5028,285.3
1782627155.013,76,7,5028,275.1
1782627155.213,76,7,5028,275.1
1782627155.414,65,6,5028,271.1
1782627155.614,65,6,5028,271.1
1782627155.814,65,6,5028,271.1
1782627156.015,65,6,5028,275.1
1782627156.215,65,6,5028,275.1
1782627156.416,75,6,5028,274.6
1782627156.616,75,6,5028,274.6
1782627156.817,75,6,5028,274.6
1782627157.017,75,6,5028,278.3
1782627157.218,75,6,5028,278.3
1782627157.418,73,7,5028,276.3
1782627157.618,73,7,5028,276.3
1782627157.819,73,7,5028,276.3
1782627158.019,73,7,5028,271.3
1782627158.220,73,7,5028,271.3
1782627158.420,76,7,5028,271.4
1782627158.621,76,7,5028,271.4
1782627158.821,76,7,5028,271.4
1782627159.022,76,7,5028,273.9
1782627159.222,76,7,5028,273.9
1782627159.423,73,7,5028,275.0
1782627159.623,73,7,5028,275.0
1782627159.824,73,7,5028,275.0
1782627160.024,73,7,5028,276.5
1782627160.225,73,7,5028,276.5
1782627160.425,75,7,5028,278.7
1782627160.626,75,7,5028,278.7
1782627160.826,75,7,5028,278.7
1782627161.027,75,7,5028,274.6
1782627161.227,75,7,5028,274.6
1782627161.427,72,6,5028,273.9
1782627161.628,72,6,5028,273.9
1782627161.828,72,6,5028,273.9
1782627162.029,72,6,5028,276.5
1782627162.229,72,6,5028,276.5
1782627162.430,78,7,5028,280.0
1782627162.630,78,7,5028,280.0
1782627162.831,78,7,5028,280.0
1782627163.031,78,7,5028,235.8
1782627163.232,78,7,5028,235.8
1782627163.433,0,0,5028,144.9
1782627163.633,0,0,5028,144.9
1782627163.834,0,0,5028,144.9
1782627164.034,0,0,5028,100.6
1782627164.235,0,0,5028,100.6
1782627164.435,0,0,5028,100.5
1782627164.636,0,0,5028,100.5
1782627164.836,0,0,5028,100.5
1782627165.037,0,0,5028,215.7
1782627165.237,0,0,5028,215.7
1782627165.438,68,7,5028,282.8
1782627165.638,68,7,5028,282.8
1782627165.838,68,7,5028,282.8
1782627166.039,68,7,5028,272.1
1782627166.239,68,7,5028,272.1
1782627166.440,64,6,5028,270.1
1782627166.640,64,6,5028,270.1
1782627166.841,64,6,5028,270.1
1782627167.041,64,6,5028,269.1
1782627167.241,64,6,5028,269.1
1782627167.442,63,6,5028,270.2
1782627167.642,63,6,5028,270.2
1782627167.843,63,6,5028,269.5
1782627168.043,63,6,5028,269.5
1782627168.244,63,6,5028,269.5
1782627168.444,63,6,5028,265.3
1782627168.644,63,6,5028,265.3
1782627168.845,63,6,5028,269.1
1782627169.045,63,6,5028,269.1
1782627169.246,63,6,5028,269.1
1782627169.446,60,6,5028,269.9
1782627169.647,60,6,5028,269.9
1782627169.847,60,6,5028,264.7
1782627170.047,60,6,5028,264.7
1782627170.248,60,6,5028,264.7
1782627170.448,63,6,5028,266.0
1782627170.649,63,6,5028,266.0
1782627170.849,63,6,5028,267.2
1782627171.049,63,6,5028,267.2
1782627171.250,63,6,5028,267.2
1782627171.450,62,6,5028,264.0
1782627171.651,62,6,5028,264.0
1782627171.851,62,6,5028,265.1
1782627172.052,62,6,5028,265.1
1782627172.252,62,6,5028,265.1
1782627172.453,81,8,5028,273.1
1782627172.653,81,8,5028,273.1
1782627172.853,81,8,5028,288.2
1782627173.054,81,8,5028,288.2
1782627173.254,81,8,5028,288.2
1782627173.455,75,7,5028,295.7
1782627173.655,75,7,5028,295.7
1782627173.856,75,7,5028,285.7
1782627174.056,75,7,5028,285.7
1782627174.256,75,7,5028,285.7
1782627174.457,76,7,5028,286.8
1782627174.657,76,7,5028,286.8
1782627174.858,76,7,5028,290.9
1782627175.058,76,7,5028,290.9
1782627175.259,76,7,5028,290.9
1782627175.459,78,8,5028,289.6
1782627175.660,78,8,5028,289.6
1782627175.860,78,8,5028,287.1
1782627176.061,78,8,5028,287.1
1782627176.261,78,8,5028,287.1
1782627176.462,73,6,5028,290.1
1782627176.662,73,6,5028,290.1
1782627176.862,73,6,5028,289.1
1782627177.063,73,6,5028,289.1
1782627177.263,73,6,5028,289.1
1782627177.464,69,6,5028,287.5
1782627177.664,69,6,5028,287.5
1782627177.864,69,6,5028,286.4
1782627178.065,69,6,5028,286.4
1782627178.265,69,6,5028,286.4
1782627178.466,76,7,5028,283.7
1782627178.666,76,7,5028,283.7
1782627178.867,76,7,5028,286.1
1782627179.067,76,7,5028,286.1
1782627179.267,76,7,5028,286.1
1782627179.468,79,7,5028,290.8
1782627179.668,79,7,5028,290.8
1782627179.869,79,7,5028,211.3
1782627180.069,79,7,5028,211.3
1782627180.270,79,7,5028,211.3
1782627180.470,0,0,5028,129.5
1782627180.671,0,0,5028,129.5
1782627180.871,0,0,5028,101.0
1782627181.072,0,0,5028,101.0
1782627181.272,0,0,5028,101.0
1782627181.473,95,9,5028,170.1
1782627181.673,95,9,5028,170.1
1782627181.874,95,9,5028,260.1
1782627182.074,95,9,5028,260.1
1782627182.275,95,9,5028,260.1
1782627182.475,62,6,5028,276.3
1782627182.675,62,6,5028,276.3
1782627182.876,62,6,5028,254.3
1782627183.076,62,6,5028,254.3
1782627183.277,62,6,5028,254.3
1782627183.477,66,6,5028,261.6
1782627183.678,66,6,5028,261.6
1782627183.878,66,6,5028,264.6
1782627184.079,66,6,5028,264.6
1782627184.279,66,6,5028,264.6
1782627184.479,64,6,5028,263.4
1782627184.680,64,6,5028,263.4
1782627184.880,64,6,5028,263.5
1782627185.081,64,6,5028,263.5
1782627185.281,64,6,5028,263.5
1782627185.482,56,5,5028,260.3
1782627185.682,56,5,5028,260.3
1782627185.883,56,5,5028,257.2
1782627186.083,56,5,5028,257.2
1782627186.284,56,5,5028,257.2
1782627186.484,58,5,5028,256.7
1782627186.684,58,5,5028,256.7
1782627186.885,58,5,5028,260.6
1782627187.085,58,5,5028,260.6
1782627187.286,58,5,5028,260.6
1782627187.486,68,7,5028,266.1
1782627187.687,68,7,5028,266.1
1782627187.887,68,7,5028,266.6
1782627188.087,68,7,5028,266.6
1782627188.288,68,7,5028,266.6
1782627188.488,64,6,5028,271.1
1782627188.689,64,6,5028,271.1
1782627188.889,64,6,5028,271.5
1782627189.090,64,6,5028,271.5
1782627189.290,64,6,5028,271.5
1782627189.491,79,7,5028,288.1
1782627189.691,79,7,5028,288.1
1782627189.892,79,7,5028,306.2
1782627190.092,79,7,5028,306.2
1782627190.292,79,7,5028,306.2
1782627190.493,82,7,5028,302.1
1782627190.693,82,7,5028,302.1
1782627190.893,82,7,5028,305.3
1782627191.094,82,7,5028,305.3
1782627191.294,82,7,5028,305.3
1782627191.495,81,7,5028,306.9
1782627191.695,81,7,5028,306.9
1782627191.896,81,7,5028,309.2
1782627192.096,81,7,5028,309.2
1782627192.297,81,7,5028,309.2
1782627192.497,74,7,5028,307.8
1782627192.697,74,7,5028,307.8
1782627192.898,74,7,5028,305.6
1782627193.098,74,7,5028,305.6
1782627193.299,74,7,5028,305.6
1782627193.499,83,8,5028,311.4
1782627193.700,83,8,5028,311.4
1782627193.900,83,8,5028,310.3
1782627194.101,83,8,5028,310.3
1782627194.301,83,8,5028,310.3
1782627194.502,74,7,5028,300.3
1782627194.702,74,7,5028,300.3
1782627194.903,74,7,5028,299.7
1782627195.103,74,7,5028,299.7
1782627195.304,74,7,5028,299.7
1782627195.504,0,0,5028,255.2
1782627195.705,0,0,5028,255.2
1782627195.905,0,0,5028,151.4
1782627196.106,0,0,5028,151.4
1782627196.306,0,0,5028,151.4
1782627196.507,0,0,5028,101.0
1782627196.708,0,0,5028,101.0
1782627196.908,0,0,5028,201.8
1782627197.109,0,0,5028,201.8
1782627197.309,0,0,5028,201.8
1782627197.509,64,6,5028,267.9
1782627197.710,64,6,5028,267.9
1782627197.910,64,6,5028,279.8
1782627198.111,64,6,5028,279.8
1782627198.311,64,6,5028,279.8
1782627198.512,60,6,5028,274.6
1782627198.712,60,6,5028,274.6
1782627198.913,60,6,5028,269.4
1782627199.113,60,6,5028,269.4
1782627199.314,60,6,5028,269.4
1782627199.514,68,7,5028,267.7
1782627199.715,68,7,5028,267.7
1782627199.915,68,7,5028,270.3
1782627200.115,68,7,5028,270.3
1782627200.316,68,7,5028,270.3
1782627200.516,72,7,5028,276.8
1782627200.716,72,7,5028,276.8
1782627200.917,72,7,5028,279.8
1782627201.117,72,7,5028,279.8
1782627201.318,72,7,5028,279.8
1782627201.518,63,6,5028,277.5
1782627201.718,63,6,5028,277.5
1782627201.919,63,6,5028,274.1
1782627202.119,63,6,5028,274.1
1782627202.320,63,6,5028,274.1
1782627202.520,60,6,5028,269.3
1782627202.721,60,6,5028,269.3
1782627202.921,60,6,5028,270.6
1782627203.122,60,6,5028,270.6
1782627203.322,60,6,5028,270.6
1782627203.522,65,6,5028,278.1
1782627203.723,65,6,5028,278.1
1782627203.923,65,6,5028,280.6
1782627204.133,65,6,5028,280.6
1782627204.334,65,6,5028,280.6
1782627204.534,63,6,5028,276.4
1782627204.734,63,6,5028,276.4
1782627204.935,63,6,5028,282.2
1782627205.135,63,6,5028,282.2
1782627205.336,63,6,5028,282.2
1782627205.536,75,7,5028,303.4
1782627205.737,75,7,5028,303.4
1782627205.937,75,7,5028,321.8
1782627206.138,75,7,5028,321.8
1782627206.338,75,7,5028,321.8
1782627206.538,91,9,5028,327.1
1782627206.739,91,9,5028,327.1
1782627206.939,91,9,5028,330.8
1782627207.140,91,9,5028,330.8
1782627207.340,91,9,5028,330.8
1782627207.540,87,8,5028,334.4
1782627207.741,87,8,5028,334.4
1782627207.941,87,8,5028,329.5
1782627208.141,87,8,5028,329.5
1782627208.342,87,8,5028,329.5
1782627208.542,85,8,5028,332.7
1782627208.743,85,8,5028,332.7
1782627208.943,85,8,5028,335.3
1782627209.144,85,8,5028,335.3
1782627209.344,85,8,5028,335.3
1782627209.544,89,8,5028,337.9
1782627209.745,89,8,5028,337.9
1782627209.945,89,8,5028,326.8
1782627210.146,89,8,5028,326.8
1782627210.347,0,0,5028,219.6
1782627210.547,0,0,5028,219.6
1782627210.748,0,0,5028,219.6
1782627210.948,0,0,5028,114.1
1782627211.149,0,0,5028,114.1
1782627211.349,40,4,5028,110.6
1782627211.550,40,4,5028,110.6
1782627211.750,40,4,5028,110.6
1782627211.951,40,4,5028,230.5
1782627212.151,40,4,5028,230.5
1782627212.352,63,6,5028,297.0
1782627212.552,63,6,5028,297.0
1782627212.753,63,6,5028,297.0
1782627212.953,63,6,5028,274.0
1782627213.154,63,6,5028,274.0
1782627213.354,69,7,5028,274.7
1782627213.555,69,7,5028,274.7
1782627213.755,69,7,5028,274.7
1782627213.956,69,7,5028,274.7
1782627214.156,69,7,5028,274.7
1782627214.356,60,5,5028,274.3
1782627214.557,60,5,5028,274.3
1782627214.757,60,5,5028,274.3
1782627214.958,60,5,5028,275.8
1782627215.158,60,5,5028,275.8
1782627215.359,62,6,5028,279.5
1782627215.559,62,6,5028,279.5
1782627215.759,62,6,5028,279.5
1782627215.960,62,6,5028,281.2
1782627216.160,62,6,5028,281.2
1782627216.361,73,7,5028,278.9
1782627216.561,73,7,5028,278.9
1782627216.761,73,7,5028,278.9
1782627216.962,73,7,5028,275.0
1782627217.162,73,7,5028,275.0
1782627217.362,62,6,5028,273.7
1782627217.563,62,6,5028,273.7
1782627217.763,62,6,5028,273.7
1782627217.964,62,6,5028,274.0
1782627218.164,62,6,5028,274.0
1782627218.365,67,6,5028,272.8
1782627218.565,67,6,5028,272.8
1782627218.766,67,6,5028,272.8
1782627218.966,67,6,5028,275.4
1782627219.167,67,6,5028,275.4
1782627219.367,59,6,5028,275.3
1782627219.568,59,6,5028,275.3
1782627219.768,59,6,5028,275.3
1782627219.969,59,6,5028,275.5
1782627220.169,59,6,5028,275.5
1782627220.370,80,8,5028,298.8
1782627220.570,80,8,5028,298.8
1782627220.771,80,8,5028,298.8
1782627220.971,80,8,5028,236.5
1782627221.172,80,8,5028,236.5
1782627221.372,0,0,5028,125.3
1782627221.573,0,0,5028,125.3
1782627221.773,0,0,5028,125.3
1782627221.974,0,0,6088,101.1
1782627222.174,0,0,6088,101.1
1782627222.375,63,6,6088,196.0
1782627222.575,63,6,6088,196.0
1782627222.775,63,6,6088,196.0
1782627222.976,63,6,6088,298.9
1782627223.176,63,6,6088,298.9
1782627223.377,78,8,6088,286.9
1782627223.577,78,8,6088,286.9
1782627223.777,78,8,6088,286.9
1782627223.978,78,8,6088,292.1
1782627224.178,78,8,6088,292.1
1782627224.379,76,8,6088,290.5
1782627224.579,76,8,6088,290.5
1782627224.779,76,8,6088,290.5
1782627224.980,76,8,6088,293.1
1782627225.180,76,8,6088,293.1
1782627225.381,69,7,6088,291.3
1782627225.581,69,7,6088,291.3
1782627225.782,69,7,6088,291.3
1782627225.982,69,7,6088,292.1
1782627226.182,69,7,6088,292.1
1782627226.383,73,7,6088,290.9
1782627226.583,73,7,6088,290.9
1782627226.784,73,7,6088,290.9
1782627226.984,73,7,6088,294.3
1782627227.185,73,7,6088,294.3
1782627227.385,70,7,6088,291.7
1782627227.585,70,7,6088,291.7
1782627227.786,70,7,6088,291.7
1782627227.986,70,7,6088,288.2
1782627228.187,70,7,6088,288.2
1782627228.387,75,8,6088,295.3
1782627228.588,75,8,6088,295.3
1782627228.788,75,8,6088,295.3
1782627228.988,75,8,6088,296.2
1782627229.189,75,8,6088,296.2
1782627229.389,74,7,6088,290.2
1782627229.590,74,7,6088,290.2
1782627229.790,74,7,6088,290.2
1782627229.991,74,7,6088,293.7
1782627230.191,74,7,6088,293.7
1782627230.391,71,7,6088,291.3
1782627230.592,71,7,6088,291.3
1782627230.792,71,7,6088,291.3
1782627230.993,71,7,6088,292.2
1782627231.193,71,7,6088,292.2
1782627231.393,71,8,6088,292.6
1782627231.594,71,8,6088,292.6
1782627231.794,71,8,6088,292.6
1782627231.995,71,8,6088,288.3
1782627232.195,71,8,6088,288.3
1782627232.396,74,7,6088,290.3
1782627232.596,74,7,6088,290.3
1782627232.797,74,7,6088,290.3
1782627232.997,74,7,6088,292.2
1782627233.197,74,7,6088,292.2
1782627233.398,73,7,6088,290.2
1782627233.598,73,7,6088,290.2
1782627233.799,73,7,6088,290.2
1782627233.999,73,7,6088,298.3
1782627234.200,73,7,6088,298.3
1782627234.400,62,7,6088,302.0
1782627234.600,62,7,6088,302.0
1782627234.801,62,7,6088,302.0
1782627235.001,62,7,6088,297.6
1782627235.202,62,7,6088,297.6
1782627235.402,74,8,6088,294.2
1782627235.603,74,8,6088,294.2
1782627235.803,74,8,6088,294.2
1782627236.004,74,8,6088,298.5
1782627236.204,74,8,6088,298.5
1782627236.405,76,8,6088,304.0
1782627236.605,76,8,6088,304.0
1782627236.805,76,8,6088,304.0
1782627237.006,76,8,6088,306.2
1782627237.207,76,8,6088,306.2
1782627237.407,80,9,6088,303.9
1782627237.607,80,9,6088,303.9
1782627237.808,80,9,6088,303.9
1782627238.009,80,9,6088,257.2
1782627238.209,80,9,6088,257.2
1782627238.410,0,0,6088,157.1
1782627238.610,0,0,6088,157.1
1782627238.811,0,0,6088,157.1
1782627239.012,0,0,6088,100.4
1782627239.212,0,0,6088,100.4
1782627239.413,0,0,6088,100.0
1782627239.613,0,0,6088,100.0
1782627239.814,0,0,6088,100.0
1782627240.014,0,0,6088,199.9
1782627240.214,0,0,6088,199.9
1782627240.415,57,6,6088,299.6
1782627240.615,57,6,6088,299.6
1782627240.816,57,6,6088,299.6
1782627241.016,57,6,6088,282.3
1782627241.217,57,6,6088,282.3
1782627241.417,68,7,6088,282.6
1782627241.617,68,7,6088,282.6
1782627241.818,68,7,6088,282.6
1782627242.018,68,7,6088,289.9
1782627242.219,68,7,6088,289.9
1782627242.419,66,7,6088,293.7
1782627242.620,66,7,6088,293.7
1782627242.820,66,7,6088,293.7
1782627243.021,66,7,6088,294.6
1782627243.221,66,7,6088,294.6
1782627243.422,71,8,6088,295.1
1782627243.622,71,8,6088,295.1
1782627243.823,71,8,6088,295.1
1782627244.023,71,8,6088,299.8
1782627244.223,71,8,6088,299.8
1782627244.424,69,8,6088,298.6
1782627244.624,69,8,6088,298.6
1782627244.825,69,8,6088,298.6
1782627245.025,69,8,6088,296.1
1782627245.226,69,8,6088,296.1
1782627245.426,69,8,6088,292.2
1782627245.627,69,8,6088,292.2
1782627245.827,69,8,6088,292.2
1782627246.027,69,8,6088,293.0
1782627246.228,69,8,6088,293.0
1782627246.428,69,8,6088,293.0
1782627246.628,69,8,6088,293.0
1782627246.829,69,8,6088,293.0
1782627247.029,69,8,6088,291.1
1782627247.230,69,8,6088,291.1
1782627247.430,73,8,6088,298.7
1782627247.631,73,8,6088,298.7
1782627247.831,73,8,6088,298.7
1782627248.032,73,8,6088,303.6
1782627248.232,73,8,6088,303.6
1782627248.432,81,9,6088,306.3
1782627248.633,81,9,6088,306.3
1782627248.833,81,9,6088,306.3
1782627249.034,81,9,6088,310.1
1782627249.234,81,9,6088,310.1
1782627249.435,81,9,6088,314.3
1782627249.635,81,9,6088,314.3
1782627249.835,81,9,6088,314.3
1782627250.036,81,9,6088,317.5
1782627250.236,81,9,6088,317.5
1782627250.436,75,8,6088,314.7
1782627250.637,75,8,6088,314.7
1782627250.837,75,8,6088,314.7
1782627251.038,75,8,6088,312.3
1782627251.238,75,8,6088,312.3
1782627251.439,76,8,6088,311.9
1782627251.639,76,8,6088,311.9
1782627251.840,76,8,6088,311.9
1782627252.040,76,8,6088,311.1
1782627252.241,76,8,6088,311.1
1782627252.441,75,8,6088,312.7
1782627252.642,75,8,6088,312.7
1782627252.842,75,8,6088,312.7
1782627253.043,75,8,6088,315.5
1782627253.243,75,8,6088,315.5
1782627253.444,72,8,6088,313.3
1782627253.644,72,8,6088,313.3
1782627253.845,72,8,6088,313.3
1782627254.045,72,8,6088,304.0
1782627254.246,72,8,6088,304.0
1782627254.446,78,8,6088,308.3
1782627254.647,78,8,6088,308.3
1782627254.847,78,8,6088,308.3
1782627255.048,78,8,6088,315.6
1782627255.248,78,8,6088,315.6
1782627255.449,0,0,6088,235.5
1782627255.649,0,0,6088,235.5
1782627255.850,0,0,6088,131.1
1782627256.050,0,0,6088,131.1
1782627256.251,0,0,6088,131.1
1782627256.452,0,0,6088,101.3
1782627256.652,0,0,6088,101.3
1782627256.853,0,0,6088,144.8
1782627257.053,0,0,6088,144.8
1782627257.253,0,0,6088,144.8
1782627257.454,67,8,6088,245.5
1782627257.654,67,8,6088,245.5
1782627257.855,67,8,6088,306.0
1782627258.055,67,8,6088,306.0
1782627258.255,67,8,6088,306.0
1782627258.456,58,6,6088,274.6
1782627258.656,58,6,6088,274.6
1782627258.857,58,6,6088,274.7
1782627259.057,58,6,6088,274.7
1782627259.258,58,6,6088,274.7
1782627259.458,63,7,6088,279.8
1782627259.658,63,7,6088,279.8
1782627259.859,63,7,6088,285.9
1782627260.059,63,7,6088,285.9
1782627260.260,63,7,6088,285.9
1782627260.460,51,6,6088,282.7
1782627260.661,51,6,6088,282.7
1782627260.861,51,6,6088,277.8
1782627261.062,51,6,6088,277.8
1782627261.262,51,6,6088,277.8
1782627261.463,57,7,6088,276.3
1782627261.663,57,7,6088,276.3
1782627261.863,57,7,6088,276.5
1782627262.064,57,7,6088,276.5
1782627262.264,57,7,6088,276.5
1782627262.465,61,6,6088,279.4
1782627262.665,61,6,6088,279.4
1782627262.865,61,6,6088,279.0
1782627263.066,61,6,6088,279.0
1782627263.267,61,6,6088,279.0
1782627263.467,63,7,6088,276.3
1782627263.667,63,7,6088,276.3
1782627263.868,63,7,6088,284.3
1782627264.068,63,7,6088,284.3
1782627264.269,63,7,6088,284.3
1782627264.469,70,8,6088,282.8
1782627264.669,70,8,6088,282.8
1782627264.870,70,8,6088,296.4
1782627265.070,70,8,6088,296.4
1782627265.271,70,8,6088,296.4
1782627265.471,84,10,6088,330.0
1782627265.672,84,10,6088,330.0
1782627265.872,84,10,6088,338.3
1782627266.072,84,10,6088,338.3
1782627266.273,84,10,6088,338.3
1782627266.473,82,9,6088,335.3
1782627266.674,82,9,6088,335.3
1782627266.874,82,9,6088,333.8
1782627267.075,82,9,6088,333.8
1782627267.275,82,9,6088,333.8
1782627267.475,84,10,6088,337.8
1782627267.676,84,10,6088,337.8
1782627267.876,84,10,6088,333.1
1782627268.077,84,10,6088,333.1
1782627268.277,84,10,6088,333.1
1782627268.478,82,9,6088,330.6
1782627268.678,82,9,6088,330.6
1782627268.879,82,9,6088,332.7
1782627269.079,82,9,6088,332.7
1782627269.279,82,9,6088,332.7
1782627269.480,80,9,6088,331.1
1782627269.680,80,9,6088,331.1
1782627269.881,80,9,6088,329.4
1782627270.081,80,9,6088,329.4
1782627270.281,80,9,6088,329.4
1782627270.482,81,9,6088,328.8
1782627270.682,81,9,6088,328.8
1782627270.883,81,9,6088,335.0
1782627271.083,81,9,6088,335.0
1782627271.284,81,9,6088,335.0
1782627271.484,91,10,6088,339.7
1782627271.685,91,10,6088,339.7
1782627271.885,91,10,6088,242.3
1782627272.086,91,10,6088,242.3
1782627272.286,91,10,6088,242.3
1782627272.487,0,0,6088,112.3
1782627272.687,0,0,6088,112.3
1782627272.888,0,0,6088,108.8
1782627273.088,0,0,6088,108.8
1782627273.289,0,0,6088,108.8
1782627273.489,68,8,6088,222.1
1782627273.690,68,8,6088,222.1
1782627273.890,68,8,6088,310.4
1782627274.091,68,8,6088,310.4
1782627274.291,68,8,6088,310.4
1782627274.491,60,7,6088,264.6
1782627274.692,60,7,6088,264.6
1782627274.892,60,7,6088,270.7
1782627275.092,60,7,6088,270.7
1782627275.293,60,7,6088,270.7
1782627275.493,55,6,6088,279.4
1782627275.693,55,6,6088,279.4
1782627275.894,55,6,6088,276.7
1782627276.094,55,6,6088,276.7
1782627276.294,55,6,6088,276.7
1782627276.495,53,6,6088,271.6
1782627276.695,53,6,6088,271.6
1782627276.895,53,6,6088,266.2
1782627277.096,53,6,6088,266.2
1782627277.296,53,6,6088,266.2
1782627277.496,60,7,6088,268.9
1782627277.697,60,7,6088,268.9
1782627277.897,60,7,6088,277.8
1782627278.097,60,7,6088,277.8
1782627278.298,60,7,6088,277.8
1782627278.498,57,7,6088,275.4
1782627278.698,57,7,6088,275.4
1782627278.899,57,7,6088,272.9
1782627279.099,57,7,6088,272.9
1782627279.299,57,7,6088,272.9
1782627279.500,62,8,6088,278.1
1782627279.700,62,8,6088,278.1
1782627279.901,62,8,6088,278.3
1782627280.101,62,8,6088,278.3
1782627280.302,62,8,6088,278.3
1782627280.502,65,7,6088,275.6
1782627280.703,65,7,6088,275.6
1782627280.903,65,7,6088,274.4
1782627281.104,65,7,6088,274.4
1782627281.304,65,7,6088,274.4
1782627281.505,91,11,6088,320.4
1782627281.705,91,11,6088,320.4
1782627281.905,91,11,6088,362.1
1782627282.106,91,11,6088,362.1
1782627282.306,91,11,6088,362.1
1782627282.507,89,10,6088,366.5
1782627282.707,89,10,6088,366.5
1782627282.907,89,10,6088,367.7
1782627283.108,89,10,6088,367.7
1782627283.308,89,10,6088,367.7
1782627283.509,89,11,6088,366.3
1782627283.709,89,11,6088,366.3
1782627283.909,89,11,6088,362.0
1782627284.110,89,11,6088,362.0
1782627284.310,89,11,6088,362.0
1782627284.511,86,10,6088,363.0
1782627284.711,86,10,6088,363.0
1782627284.912,86,10,6088,361.6
1782627285.112,86,10,6088,361.6
1782627285.312,86,10,6088,361.6
1782627285.513,87,10,6088,358.2
1782627285.713,87,10,6088,358.2
1782627285.914,87,10,6088,360.9
1782627286.114,87,10,6088,360.9
1782627286.315,87,10,6088,360.9
1782627286.515,90,11,6088,361.6
1782627286.715,90,11,6088,361.6
1782627286.916,90,11,6088,298.9
1782627287.117,90,11,6088,298.9
1782627287.317,90,11,6088,298.9
1782627287.518,0,0,6088,189.0
1782627287.718,0,0,6088,189.0
1782627287.919,0,0,6088,101.8
1782627288.119,0,0,6088,101.8
1782627288.320,0,0,6088,101.8
1782627288.520,94,12,6088,170.5
1782627288.721,94,12,6088,170.5
1782627288.921,94,12,6088,259.8
1782627289.122,94,12,6088,259.8
1782627289.322,94,12,6088,259.8
1782627289.522,61,7,6088,299.5
1782627289.723,61,7,6088,299.5
1782627289.923,61,7,6088,276.8
1782627290.124,61,7,6088,276.8
1782627290.324,61,7,6088,276.8
1782627290.525,50,6,6088,287.0
1782627290.725,50,6,6088,287.0
1782627290.926,50,6,6088,281.1
1782627291.127,50,6,6088,281.1
1782627291.327,50,6,6088,281.1
1782627291.528,53,6,6088,275.2
1782627291.728,53,6,6088,275.2
1782627291.929,53,6,6088,281.5
1782627292.129,53,6,6088,281.5
1782627292.329,53,6,6088,281.5
1782627292.530,44,5,6088,279.4
1782627292.730,44,5,6088,279.4
1782627292.931,44,5,6088,270.2
1782627293.131,44,5,6088,270.2
1782627293.331,44,5,6088,270.2
1782627293.532,63,7,6088,270.1
1782627293.732,63,7,6088,270.1
1782627293.933,63,7,6088,278.3
1782627294.133,63,7,6088,278.3
1782627294.334,63,7,6088,278.3
1782627294.534,66,7,6088,283.2
1782627294.735,66,7,6088,283.2
1782627294.935,66,7,6088,278.9
1782627295.136,66,7,6088,278.9
1782627295.336,66,7,6088,278.9
1782627295.536,59,7,6088,278.1
1782627295.737,59,7,6088,278.1
1782627295.937,59,7,6088,279.0
1782627296.138,59,7,6088,279.0
1782627296.339,59,7,6088,279.0
1782627296.539,67,8,6088,287.2
1782627296.739,67,8,6088,287.2
1782627296.940,67,8,6088,304.4
1782627297.141,67,8,6088,304.4
1782627297.341,67,8,6088,304.4
1782627297.542,0,0,6088,215.1
1782627297.742,0,0,6088,215.1
1782627297.943,0,0,6088,113.0
1782627298.143,0,0,6088,113.0
1782627298.344,0,0,6088,113.0
1782627298.544,68,9,6088,119.5
1782627298.745,68,9,6088,119.5
1782627298.945,68,9,6088,241.9
1782627299.146,68,9,6088,241.9
1782627299.346,68,9,6088,241.9
1782627299.547,74,8,6088,320.8
1782627299.747,74,8,6088,320.8
1782627299.947,74,8,6088,302.3
1782627300.148,74,8,6088,302.3
1782627300.348,74,8,6088,302.3
1782627300.549,76,8,6088,301.7
1782627300.749,76,8,6088,301.7
1782627300.950,76,8,6088,299.5
1782627301.150,76,8,6088,299.5
1782627301.351,74,8,6088,293.9
1782627301.551,74,8,6088,293.9
1782627301.751,74,8,6088,293.9
1782627301.952,74,8,6088,294.0
1782627302.152,74,8,6088,294.0
1782627302.353,75,8,6088,299.2
1782627302.553,75,8,6088,299.2
1782627302.754,75,8,6088,299.2
1782627302.954,75,8,6088,295.6
1782627303.154,75,8,6088,295.6
1782627303.355,73,8,6088,302.2
1782627303.555,73,8,6088,302.2
1782627303.756,73,8,6088,302.2
1782627303.956,73,8,6088,301.4
1782627304.157,73,8,6088,301.4
1782627304.357,78,8,6088,299.3
1782627304.558,78,8,6088,299.3
1782627304.758,78,8,6088,299.3
1782627304.958,78,8,6088,298.9
1782627305.159,78,8,6088,298.9
1782627305.359,77,8,6088,299.5
1782627305.560,77,8,6088,299.5
1782627305.760,77,8,6088,299.5
1782627305.961,77,8,6088,299.9
1782627306.161,77,8,6088,299.9
1782627306.362,77,8,6088,297.3
1782627306.562,77,8,6088,297.3
1782627306.764,77,8,6088,297.3
1782627306.965,77,8,6088,292.0
1782627307.165,77,8,6088,292.0
1782627307.365,70,8,6088,295.3
1782627307.566,70,8,6088,295.3
1782627307.766,70,8,6088,295.3
1782627307.967,70,8,6088,293.8
1782627308.167,70,8,6088,293.8
1782627308.368,78,9,6088,296.4
1782627308.568,78,9,6088,296.4
1782627308.769,78,9,6088,296.4
1782627308.969,78,9,6088,298.8
1782627309.170,78,9,6088,298.8
1782627309.370,74,8,6088,293.9
1782627309.571,74,8,6088,293.9
1782627309.771,74,8,6088,293.9
1782627309.972,74,8,6088,288.9
1782627310.172,74,8,6088,288.9
1782627310.373,73,8,6088,291.7
1782627310.573,73,8,6088,291.7
1782627310.774,73,8,6088,291.7
1782627310.974,73,8,6088,301.3
1782627311.175,73,8,6088,301.3
1782627311.375,67,7,6088,301.6
1782627311.576,67,7,6088,301.6
1782627311.776,67,7,6088,301.6
1782627311.976,67,7,6088,294.7
1782627312.177,67,7,6088,294.7
1782627312.377,71,8,6088,299.3
1782627312.578,71,8,6088,299.3
1782627312.778,71,8,6088,299.3
1782627312.979,71,8,6088,307.3
1782627313.179,71,8,6088,307.3
1782627313.380,74,8,6088,303.4
1782627313.580,74,8,6088,303.4
1782627313.780,74,8,6088,303.4
1782627313.981,74,8,6088,311.3
1782627314.181,74,8,6088,311.3
1782627314.382,0,0,6088,284.1
1782627314.582,0,0,6088,284.1
1782627314.782,0,0,6088,284.1
1782627314.983,0,0,6088,188.4
1782627315.184,0,0,6088,188.4
1782627315.384,0,0,6088,100.8
1782627315.585,0,0,6088,100.8
1782627315.785,0,0,6088,100.8
1782627315.985,0,0,6088,100.3
1782627316.186,0,0,6088,100.3
1782627316.386,63,7,6088,205.9
1782627316.587,63,7,6088,205.9
1782627316.787,63,7,6088,205.9
1782627316.988,63,7,6088,304.7
1782627317.188,63,7,6088,304.7
1782627317.388,69,8,6088,296.3
1782627317.589,69,8,6088,296.3
1782627317.789,69,8,6088,296.3
1782627317.990,69,8,6088,296.4
1782627318.190,69,8,6088,296.4
1782627318.391,68,7,6088,295.5
1782627318.591,68,7,6088,295.5
1782627318.792,68,7,6088,295.5
1782627318.992,68,7,6088,295.2
1782627319.193,68,7,6088,295.2
1782627319.393,66,7,6088,291.4
1782627319.594,66,7,6088,291.4
1782627319.794,66,7,6088,291.4
1782627319.995,66,7,6088,288.9
1782627320.195,66,7,6088,288.9
1782627320.396,68,7,6088,292.9
1782627320.596,68,7,6088,292.9
1782627320.796,68,7,6088,292.9
1782627320.997,68,7,6088,290.8
1782627321.197,68,7,6088,290.8
1782627321.398,63,7,6088,283.9
1782627321.598,63,7,6088,283.9
1782627321.799,63,7,6088,283.9
1782627321.999,63,7,6088,286.8
1782627322.199,63,7,6088,286.8
1782627322.400,61,7,6088,288.0
1782627322.600,61,7,6088,288.0
1782627322.801,61,7,6088,288.0
1782627323.001,61,7,6088,285.7
1782627323.202,61,7,6088,285.7
1782627323.402,61,7,6088,283.9
1782627323.602,61,7,6088,283.9
1782627323.803,61,7,6088,283.9
1782627324.003,61,7,6088,298.5
1782627324.204,61,7,6088,298.5
1782627324.404,73,7,6088,309.1
1782627324.605,73,7,6088,309.1
1782627324.805,73,7,6088,309.1
1782627325.006,73,7,6088,310.0
1782627325.206,73,7,6088,310.0
1782627325.406,81,9,6088,309.8
1782627325.607,81,9,6088,309.8
1782627325.807,81,9,6088,309.8
1782627326.008,81,9,6088,309.7
1782627326.208,81,9,6088,309.7
1782627326.408,76,8,6088,313.1
1782627326.609,76,8,6088,313.1
1782627326.809,76,8,6088,313.1
1782627327.019,76,8,6088,313.4
1782627327.220,76,8,6088,313.4
1782627327.420,73,8,6088,305.9
1782627327.621,73,8,6088,305.9
1782627327.821,73,8,6088,305.9
1782627328.022,73,8,6088,307.0
1782627328.222,73,8,6088,307.0
1782627328.423,84,9,6088,313.9
1782627328.623,84,9,6088,313.9
1782627328.823,84,9,6088,313.9
1782627329.024,84,9,6088,318.3
1782627329.224,84,9,6088,318.3
1782627329.425,75,9,6088,320.3
1782627329.625,75,9,6088,320.3
1782627329.826,75,9,6088,320.3
1782627330.026,75,9,6088,313.9
1782627330.226,75,9,6088,313.9
1782627330.427,76,9,6088,308.1
1782627330.627,76,9,6088,308.1
1782627330.828,76,9,6088,308.1
1782627331.028,76,9,6088,306.6
1782627331.229,76,9,6088,306.6
1782627331.429,85,10,6088,310.6
1782627331.630,85,10,6088,310.6
1782627331.830,85,10,6088,310.6
1782627332.031,85,10,6088,251.4
1782627332.231,85,10,6088,251.4
1782627332.432,0,0,6088,163.0
1782627332.632,0,0,6088,163.0
1782627332.833,0,0,6088,163.0
1782627333.034,0,0,6088,101.4
1782627333.234,0,0,6088,101.4
1782627333.434,95,12,6088,138.6
1782627333.635,95,12,6088,138.6
1782627333.835,95,12,6088,138.6
1782627334.036,95,12,6088,251.1
1782627334.236,95,12,6088,251.1
1782627334.437,62,7,6088,311.8
1782627334.637,62,7,6088,311.8
1782627334.838,62,7,6088,311.8
1782627335.038,62,7,6088,279.7
1782627335.238,62,7,6088,279.7
1782627335.439,62,7,6088,278.2
1782627335.639,62,7,6088,278.2
1782627335.840,62,7,6088,278.2
1782627336.040,62,7,6088,272.8
1782627336.241,62,7,6088,272.8
1782627336.441,65,7,6088,277.8
1782627336.642,65,7,6088,277.8
1782627336.842,65,7,6088,277.8
1782627337.042,65,7,6088,279.2
1782627337.243,65,7,6088,279.2
1782627337.443,64,7,6088,278.0
1782627337.644,64,7,6088,278.0
1782627337.844,64,7,6088,278.0
1782627338.045,64,7,6088,278.0
1782627338.245,64,7,6088,278.0
1782627338.446,59,6,6088,275.7
1782627338.646,59,6,6088,275.7
1782627338.846,59,6,6088,275.7
1782627339.047,59,6,6088,269.9
1782627339.247,59,6,6088,269.9
1782627339.448,62,7,6088,266.0
1782627339.648,62,7,6088,266.0
1782627339.849,62,7,6088,266.0
1782627340.049,62,7,6088,272.5
1782627340.250,62,7,6088,272.5
1782627340.450,61,7,6088,280.3
1782627340.650,61,7,6088,280.3
1782627340.851,61,7,6088,280.3
1782627341.051,61,7,6088,277.8
1782627341.252,61,7,6088,277.8
1782627341.452,82,9,6088,298.7
1782627341.653,82,9,6088,298.7
1782627341.853,82,9,6088,298.7
1782627342.053,82,9,6088,329.0
1782627342.254,82,9,6088,329.0
1782627342.454,77,9,6088,331.7
1782627342.655,77,9,6088,331.7
1782627342.855,77,9,6088,322.7
1782627343.056,77,9,6088,322.7
1782627343.256,77,9,6088,322.7
1782627343.456,79,8,6088,321.1
1782627343.657,79,8,6088,321.1
1782627343.857,79,8,6088,325.6
1782627344.058,79,8,6088,325.6
1782627344.258,79,8,6088,325.6
1782627344.459,77,8,6088,325.2
1782627344.659,77,8,6088,325.2
1782627344.859,77,8,6088,326.0
1782627345.060,77,8,6088,326.0
1782627345.260,77,8,6088,326.0
1782627345.461,78,9,6088,322.6
1782627345.661,78,9,6088,322.6
1782627345.862,78,9,6088,324.0
1782627346.062,78,9,6088,324.0
1782627346.263,78,9,6088,324.0
1782627346.463,83,9,6088,330.0
1782627346.664,83,9,6088,330.0
1782627346.864,83,9,6088,327.3
1782627347.065,83,9,6088,327.3
1782627347.265,83,9,6088,327.3
1782627347.466,80,9,6088,325.3
1782627347.666,80,9,6088,325.3
1782627347.867,80,9,6088,301.2
1782627348.067,80,9,6088,301.2
1782627348.268,80,9,6088,301.2
1782627348.468,0,0,6088,186.1
1782627348.669,0,0,6088,186.1
1782627348.869,0,0,6088,102.4
1782627349.070,0,0,6088,102.4
1782627349.270,0,0,6088,102.4
1782627349.471,94,12,6088,159.2
1782627349.671,94,12,6088,159.2
1782627349.871,94,12,6088,247.9
1782627350.072,94,12,6088,247.9
1782627350.272,94,12,6088,247.9
1782627350.473,56,6,6088,295.6
1782627350.673,56,6,6088,295.6
1782627350.874,56,6,6088,271.5
1782627351.074,56,6,6088,271.5
1782627351.275,56,6,6088,271.5
1782627351.475,54,6,6088,276.1
1782627351.675,54,6,6088,276.1
1782627351.876,54,6,6088,276.5
1782627352.076,54,6,6088,276.5
1782627352.277,54,6,6088,276.5
1782627352.477,61,7,6088,272.9
1782627352.678,61,7,6088,272.9
1782627352.878,61,7,6088,276.3
1782627353.079,61,7,6088,276.3
1782627353.279,61,7,6088,276.3
1782627353.479,61,7,6088,271.4
1782627353.680,61,7,6088,271.4
1782627353.880,61,7,6088,274.9
1782627354.081,61,7,6088,274.9
1782627354.281,61,7,6088,274.9
1782627354.482,61,7,6088,282.4
1782627354.682,61,7,6088,282.4
1782627354.883,61,7,6088,282.4
1782627355.083,61,7,6088,282.4
1782627355.284,61,7,6088,282.4
1782627355.484,56,6,6088,278.2
1782627355.685,56,6,6088,278.2
1782627355.885,56,6,6088,279.1
1782627356.085,56,6,6088,279.1
1782627356.286,56,6,6088,279.1
1782627356.486,59,7,6088,278.6
1782627356.687,59,7,6088,278.6
1782627356.887,59,7,6088,280.3
1782627357.088,59,7,6088,280.3
1782627357.288,59,7,6088,280.3
1782627357.489,76,9,6088,295.1
1782627357.689,76,9,6088,295.1
1782627357.889,76,9,6088,328.6
1782627358.099,76,9,6088,328.6
1782627358.300,76,9,6088,328.6
1782627358.500,88,10,6088,357.7
1782627358.701,88,10,6088,357.7
1782627358.901,88,10,6088,356.9
1782627359.102,88,10,6088,356.9
1782627359.302,88,10,6088,356.9
1782627359.503,83,9,6088,350.3
1782627359.703,83,9,6088,350.3
1782627359.903,83,9,6088,351.1
1782627360.104,83,9,6088,351.1
1782627360.304,83,9,6088,351.1
1782627360.505,85,10,6088,354.2
1782627360.705,85,10,6088,354.2
1782627360.906,85,10,6088,359.2
1782627361.106,85,10,6088,359.2
1782627361.307,85,10,6088,359.2
1782627361.507,88,10,6088,356.4
1782627361.707,88,10,6088,356.4
1782627361.908,88,10,6088,354.3
1782627362.108,88,10,6088,354.3
1782627362.309,88,10,6088,354.3
1782627362.509,88,10,6088,353.7
1782627362.710,88,10,6088,353.7
1782627362.910,88,10,6088,315.6
1782627363.111,88,10,6088,315.6
1782627363.312,88,10,6088,315.6
1782627363.512,0,0,6088,203.4
1782627363.713,0,0,6088,203.4
1782627363.913,0,0,6088,102.2
1782627364.114,0,0,6088,102.2
1782627364.314,0,0,6088,102.2
1782627364.515,95,12,6088,152.6
1782627364.715,95,12,6088,152.6
1782627364.916,95,12,6088,264.5
1782627365.116,95,12,6088,264.5
1782627365.317,95,12,6088,264.5
1782627365.517,54,6,6088,301.7
1782627365.717,54,6,6088,301.7
1782627365.918,54,6,6088,281.5
1782627366.118,54,6,6088,281.5
1782627366.319,54,6,6088,281.5
1782627366.519,59,7,6088,285.2
1782627366.720,59,7,6088,285.2
1782627366.920,59,7,6088,282.2
1782627367.121,59,7,6088,282.2
1782627367.321,59,7,6088,282.2
1782627367.522,61,7,6088,273.9
1782627367.722,61,7,6088,273.9
1782627367.923,61,7,6088,269.6
1782627368.123,61,7,6088,269.6
1782627368.323,61,7,6088,269.6
1782627368.524,52,6,6088,274.2
1782627368.724,52,6,6088,274.2
1782627368.925,52,6,6088,271.5
1782627369.125,52,6,6088,271.5
1782627369.326,52,6,6088,271.5
1782627369.526,52,6,6088,273.1
1782627369.727,52,6,6088,273.1
1782627369.927,52,6,6088,274.1
1782627370.128,52,6,6088,274.1
1782627370.328,52,6,6088,274.1
1782627370.529,53,6,6088,263.7
1782627370.729,53,6,6088,263.7
1782627370.929,53,6,6088,269.7
1782627371.130,53,6,6088,269.7
1782627371.330,53,6,6088,269.7
1782627371.531,63,8,6088,287.4
1782627371.731,63,8,6088,287.4
1782627371.932,63,8,6088,287.2
1782627372.132,63,8,6088,287.2
1782627372.333,63,8,6088,287.2
1782627372.533,68,8,6088,285.1
1782627372.734,68,8,6088,285.1
1782627372.934,68,8,6088,288.9
1782627373.135,68,8,6088,288.9
1782627373.335,68,8,6088,288.9
1782627373.536,0,0,6088,197.0
1782627373.736,0,0,6088,197.0
1782627373.937,0,0,6088,110.0
1782627374.137,0,0,6088,110.0
1782627374.338,0,0,6088,110.0
1782627374.538,93,12,6088,127.7
1782627374.739,93,12,6088,127.7
1782627374.939,93,12,6088,243.0
1782627375.140,93,12,6088,243.0
1782627375.340,93,12,6088,243.0
1782627375.540,75,8,6088,313.6
1782627375.741,75,8,6088,313.6
1782627375.941,75,8,6088,299.6
1782627376.142,75,8,6088,299.6
1782627376.342,75,8,6088,299.6
1782627376.543,73,7,6088,299.9
1782627376.743,73,7,6088,299.9
1782627376.944,73,7,6088,295.3
1782627377.144,73,7,6088,295.3
1782627377.344,73,7,6088,295.3
1782627377.545,72,7,6088,291.7
1782627377.745,72,7,6088,291.7
1782627377.946,72,7,6088,287.4
1782627378.146,72,7,6088,287.4
1782627378.346,72,7,6088,287.4
1782627378.547,74,8,6088,288.1
1782627378.747,74,8,6088,288.1
1782627378.947,74,8,6088,289.8
1782627379.148,74,8,6088,289.8
1782627379.348,74,8,6088,289.8
1782627379.549,72,8,6088,292.9
1782627379.749,72,8,6088,292.9
1782627379.949,72,8,6088,294.3
1782627380.150,72,8,6088,294.3
1782627380.350,72,8,6088,294.3
1782627380.551,74,8,6088,298.9
1782627380.751,74,8,6088,298.9
1782627380.952,74,8,6088,293.5
1782627381.152,74,8,6088,293.5
1782627381.353,74,8,6088,293.5
1782627381.553,76,8,6088,295.2
1782627381.753,76,8,6088,295.2
1782627381.954,76,8,6088,294.6
1782627382.154,76,8,6088,294.6
1782627382.354,76,8,6088,294.6
1782627382.555,78,8,6088,294.7
1782627382.755,78,8,6088,294.7
1782627382.956,78,8,6088,291.6
1782627383.156,78,8,6088,291.6
1782627383.356,77,8,6088,293.3
1782627383.557,77,8,6088,293.3
1782627383.757,77,8,6088,293.3
1782627383.958,77,8,6088,297.7
1782627384.158,77,8,6088,297.7
1782627384.359,74,8,6088,296.7
1782627384.559,74,8,6088,296.7
1782627384.759,74,8,6088,296.7
1782627384.960,74,8,6088,293.4
1782627385.160,74,8,6088,293.4
1782627385.361,73,8,6088,292.5
1782627385.561,73,8,6088,292.5
1782627385.762,73,8,6088,292.5
1782627385.962,73,8,6088,298.6
1782627386.163,73,8,6088,298.6
1782627386.363,83,10,6088,304.7
1782627386.563,83,10,6088,304.7
1782627386.764,83,10,6088,304.7
1782627386.964,83,10,6088,309.7
1782627387.165,83,10,6088,309.7
1782627387.365,81,9,6088,304.7
1782627387.566,81,9,6088,304.7
1782627387.766,81,9,6088,304.7
1782627387.967,81,9,6088,301.7
1782627388.167,81,9,6088,301.7
1782627388.367,74,8,6088,301.0
1782627388.568,74,8,6088,301.0
1782627388.768,74,8,6088,301.0
1782627388.969,74,8,6088,299.5
1782627389.169,74,8,6088,299.5
1782627389.370,78,9,6088,303.3
1782627389.570,78,9,6088,303.3
1782627389.771,78,9,6088,303.3
1782627389.971,78,9,6088,304.6
1782627390.172,78,9,6088,304.6
1782627390.372,0,0,6088,246.3
1782627390.573,0,0,6088,246.3
1782627390.773,0,0,6088,246.3
1782627390.974,0,0,6088,139.2
1782627391.174,0,0,6088,139.2
1782627391.375,0,0,6088,100.2
1782627391.575,0,0,6088,100.2
1782627391.776,0,0,6088,100.2
1782627391.977,0,0,6088,98.9
1782627392.177,0,0,6088,98.9
1782627392.378,65,7,6088,225.8
1782627392.578,65,7,6088,225.8
1782627392.778,65,7,6088,225.8
1782627392.979,65,7,6088,318.8
1782627393.179,65,7,6088,318.8
1782627393.380,65,7,6088,285.7
1782627393.580,65,7,6088,285.7
1782627393.781,65,7,6088,285.7
1782627393.981,65,7,6088,289.3
1782627394.182,65,7,6088,289.3
1782627394.382,68,8,6088,286.2
1782627394.583,68,8,6088,286.2
1782627394.783,68,8,6088,286.2
1782627394.983,68,8,6088,287.1
1782627395.184,68,8,6088,287.1
1782627395.384,72,8,6088,292.5
1782627395.585,72,8,6088,292.5
1782627395.785,72,8,6088,292.5
1782627395.985,72,8,6088,295.4
1782627396.186,72,8,6088,295.4
1782627396.386,71,8,6088,296.6
1782627396.587,71,8,6088,296.6
1782627396.787,71,8,6088,296.6
1782627396.988,71,8,6088,291.5
1782627397.188,71,8,6088,291.5
1782627397.388,65,7,6088,288.3
1782627397.589,65,7,6088,288.3
1782627397.789,65,7,6088,288.3
1782627397.990,65,7,6088,296.4
1782627398.190,65,7,6088,296.4
1782627398.391,65,7,6088,294.6
1782627398.591,65,7,6088,294.6
1782627398.792,65,7,6088,294.6
1782627398.992,65,7,6088,294.5
1782627399.192,65,7,6088,294.5
1782627399.393,65,8,6088,292.4
1782627399.593,65,8,6088,292.4
1782627399.794,65,8,6088,292.4
1782627399.994,65,8,6088,302.4
1782627400.195,65,8,6088,302.4
1782627400.395,77,8,6088,308.9
1782627400.595,77,8,6088,308.9
1782627400.796,77,8,6088,308.9
1782627400.996,77,8,6088,309.0
1782627401.197,77,8,6088,309.0
1782627401.397,73,8,6088,300.2
1782627401.598,73,8,6088,300.2
1782627401.798,73,8,6088,300.2
1782627401.998,73,8,6088,307.2
1782627402.199,73,8,6088,307.2
1782627402.399,76,8,6088,308.0
1782627402.600,76,8,6088,308.0
1782627402.800,76,8,6088,308.0
1782627403.001,76,8,6088,304.4
1782627403.201,76,8,6088,304.4
1782627403.402,79,8,6088,310.4
1782627403.602,79,8,6088,310.4
1782627403.802,79,8,6088,310.4
1782627404.003,79,8,6088,306.8
1782627404.203,79,8,6088,306.8
1782627404.404,77,8,6088,305.7
1782627404.604,77,8,6088,305.7
1782627404.804,77,8,6088,305.7
1782627405.005,77,8,6088,305.4
1782627405.205,77,8,6088,305.4
1782627405.406,74,8,6088,300.8
1782627405.606,74,8,6088,300.8
1782627405.807,74,8,6088,300.8
1782627406.007,74,8,6088,299.9
1782627406.208,74,8,6088,299.9
1782627406.408,82,9,6088,299.2
1782627406.609,82,9,6088,299.2
1782627406.809,82,9,6088,299.2
1782627407.009,82,9,6088,301.8
1782627407.210,82,9,6088,301.8
1782627407.410,87,10,6088,319.3
1782627407.611,87,10,6088,319.3
1782627407.812,87,10,6088,319.3
1782627408.012,87,10,6088,223.2
1782627408.213,87,10,6088,223.2
1782627408.413,0,0,6088,107.3
1782627408.614,0,0,6088,107.3
1782627408.814,0,0,6088,107.3
1782627409.015,0,0,6088,100.7
1782627409.215,0,0,6088,100.7
1782627409.416,93,12,6088,172.1
1782627409.616,93,12,6088,172.1
1782627409.817,93,12,6088,172.1
1782627410.017,93,12,6088,252.8
1782627410.218,93,12,6088,252.8
1782627410.418,64,7,6088,291.0
1782627410.619,64,7,6088,291.0
1782627410.819,64,7,6088,291.0
1782627411.020,64,7,6088,279.5
1782627411.220,64,7,6088,279.5
1782627411.421,69,8,6088,275.4
1782627411.621,69,8,6088,275.4
1782627411.821,69,8,6088,275.4
1782627412.022,69,8,6088,276.9
1782627412.222,69,8,6088,276.9
1782627412.423,59,7,6088,282.0
1782627412.623,59,7,6088,282.0
1782627412.824,59,7,6088,282.0
1782627413.024,59,7,6088,280.2
1782627413.225,59,7,6088,280.2
1782627413.425,63,8,6088,280.1
1782627413.626,63,8,6088,280.1
1782627413.826,63,8,6088,280.1
1782627414.027,63,8,6088,290.5
1782627414.227,63,8,6088,290.5
1782627414.427,62,7,6088,292.5
1782627414.628,62,7,6088,292.5
1782627414.828,62,7,6088,292.5
1782627415.029,62,7,6088,286.3
1782627415.229,62,7,6088,286.3
1782627415.430,64,7,6088,282.4
1782627415.630,64,7,6088,282.4
1782627415.830,64,7,6088,282.4
1782627416.031,64,7,6088,282.0
1782627416.231,64,7,6088,282.0
1782627416.432,61,7,6088,282.5
1782627416.632,61,7,6088,282.5
1782627416.833,61,7,6088,282.5
1782627417.033,61,7,6088,278.5
1782627417.233,61,7,6088,278.5
1782627417.434,72,9,6088,298.6
1782627417.634,72,9,6088,298.6
1782627417.835,72,9,6088,298.6
1782627418.035,72,9,6088,316.6
1782627418.236,72,9,6088,316.6
1782627418.436,81,9,6088,320.1
1782627418.637,81,9,6088,320.1
1782627418.837,81,9,6088,320.1
1782627419.037,81,9,6088,331.6
1782627419.238,81,9,6088,331.6
1782627419.438,79,9,6088,334.6
1782627419.639,79,9,6088,334.6
1782627419.839,79,9,6088,334.6
1782627420.040,79,9,6088,329.1
1782627420.240,79,9,6088,329.1
1782627420.441,84,10,6088,334.4
1782627420.641,84,10,6088,334.4
1782627420.841,84,10,6088,334.4
1782627421.042,84,10,6088,336.6
1782627421.242,84,10,6088,336.6
1782627421.443,83,10,6088,333.9
1782627421.643,83,10,6088,333.9
1782627421.844,83,10,6088,333.9
1782627422.044,83,10,6088,335.2
1782627422.244,83,10,6088,335.2
1782627422.445,78,9,6088,330.3
1782627422.645,78,9,6088,330.3
1782627422.846,78,9,6088,330.3
1782627423.046,78,9,6088,321.7
1782627423.247,78,9,6088,321.7
1782627423.447,80,9,6088,324.8
1782627423.648,80,9,6088,324.8
1782627423.848,80,9,6088,324.8
1782627424.049,80,9,6088,326.8
1782627424.249,80,9,6088,326.8
1782627424.450,0,0,6088,222.1
1782627424.650,0,0,6088,222.1
1782627424.851,0,0,6088,222.1
1782627425.052,0,0,6088,130.8
1782627425.252,0,0,6088,130.8
1782627425.453,47,6,6088,112.3
1782627425.653,47,6,6088,112.3
1782627425.854,47,6,6088,112.3
1782627426.054,47,6,6088,218.0
1782627426.254,47,6,6088,218.0
1782627426.455,63,7,6088,301.2
1782627426.655,63,7,6088,301.2
1782627426.856,63,7,6088,301.2
1782627427.056,63,7,6088,266.7
1782627427.257,63,7,6088,266.7
1782627427.457,65,7,6088,267.3
1782627427.658,65,7,6088,267.3
1782627427.858,65,7,6088,267.3
1782627428.059,65,7,6088,271.7
1782627428.259,65,7,6088,271.7
1782627428.460,58,6,6088,271.9
1782627428.660,58,6,6088,271.9
1782627428.861,58,6,6088,262.3
1782627429.061,58,6,6088,262.3
1782627429.262,58,6,6088,262.3
1782627429.462,61,7,6088,263.3
1782627429.662,61,7,6088,263.3
1782627429.863,61,7,6088,265.6
1782627430.063,61,7,6088,265.6
1782627430.264,61,7,6088,265.6
1782627430.464,65,7,6088,269.9
1782627430.665,65,7,6088,269.9
1782627430.865,65,7,6088,271.9
1782627431.066,65,7,6088,271.9
1782627431.266,65,7,6088,271.9
1782627431.467,55,6,6088,263.4
1782627431.667,55,6,6088,263.4
1782627431.868,55,6,6088,266.3
1782627432.068,55,6,6088,266.3
1782627432.269,55,6,6088,266.3
1782627432.469,68,8,6088,275.4
1782627432.669,68,8,6088,275.4
1782627432.870,68,8,6088,275.6
1782627433.070,68,8,6088,275.6
1782627433.271,68,8,6088,275.6
1782627433.471,66,8,6088,280.0
1782627433.672,66,8,6088,280.0
1782627433.872,66,8,6088,308.5
1782627434.072,66,8,6088,308.5
1782627434.273,66,8,6088,308.5
1782627434.473,86,10,6088,349.6
1782627434.674,86,10,6088,349.6
1782627434.874,86,10,6088,353.3
1782627435.074,86,10,6088,353.3
1782627435.275,86,10,6088,353.3
1782627435.475,82,9,6088,354.6
1782627435.676,82,9,6088,354.6
1782627435.876,82,9,6088,356.0
1782627436.077,82,9,6088,356.0
1782627436.277,82,9,6088,356.0
1782627436.478,84,9,6088,349.6
1782627436.678,84,9,6088,349.6
1782627436.878,84,9,6088,349.2
1782627437.079,84,9,6088,349.2
1782627437.279,84,9,6088,349.2
1782627437.480,83,10,6088,347.6
1782627437.680,83,10,6088,347.6
1782627437.881,83,10,6088,350.3
1782627438.081,83,10,6088,350.3
1782627438.281,83,10,6088,350.3
1782627438.482,86,10,6088,356.1
1782627438.682,86,10,6088,356.1
1782627438.883,86,10,6088,306.5
1782627439.083,86,10,6088,306.5
1782627439.284,86,10,6088,306.5
1782627439.484,0,0,6088,173.7
1782627439.685,0,0,6088,173.7
1782627439.885,0,0,6088,101.9
1782627440.086,0,0,6088,101.9
1782627440.286,0,0,6088,101.9
1782627440.487,95,12,6088,155.8
1782627440.687,95,12,6088,155.8
1782627440.888,95,12,6088,249.3
1782627441.088,95,12,6088,249.3
1782627441.289,95,12,6088,249.3
1782627441.491,58,7,6088,308.3
1782627441.691,58,7,6088,308.3
1782627441.892,58,7,6088,290.3
1782627442.092,58,7,6088,290.3
1782627442.293,58,7,6088,290.3
1782627442.493,57,7,6088,289.0
1782627442.694,57,7,6088,289.0
1782627442.894,57,7,6088,282.6
1782627443.095,57,7,6088,282.6
1782627443.295,57,7,6088,282.6
1782627443.496,65,8,6088,280.2
1782627443.696,65,8,6088,280.2
1782627443.897,65,8,6088,289.8
1782627444.097,65,8,6088,289.8
1782627444.298,65,8,6088,289.8
1782627444.498,57,7,6088,290.5
1782627444.698,57,7,6088,290.5
1782627444.899,57,7,6088,276.6
1782627445.099,57,7,6088,276.6
1782627445.300,57,7,6088,276.6
1782627445.500,56,7,6088,273.3
1782627445.701,56,7,6088,273.3
1782627445.901,56,7,6088,274.9
1782627446.102,56,7,6088,274.9
1782627446.302,56,7,6088,274.9
1782627446.512,54,6,6088,276.2
1782627446.713,54,6,6088,276.2
1782627446.913,54,6,6088,274.6
1782627447.114,54,6,6088,274.6
1782627447.314,54,6,6088,274.6
1782627447.515,59,7,6088,279.3
1782627447.715,59,7,6088,279.3
1782627447.916,59,7,6088,286.1
1782627448.116,59,7,6088,286.1
1782627448.317,59,7,6088,286.1
1782627448.517,55,7,6088,279.3
1782627448.718,55,7,6088,279.3
1782627448.918,55,7,6088,262.8
1782627449.119,55,7,6088,262.8
1782627449.319,55,7,6088,262.8
1782627449.520,0,0,6088,176.3
1782627449.720,0,0,6088,176.3
1782627449.921,0,0,6088,101.2
1782627450.122,0,0,6088,101.2
1782627450.322,0,0,6088,101.2
1782627450.523,92,11,6088,152.9
1782627450.723,92,11,6088,152.9
1782627450.924,92,11,6088,246.2
1782627451.124,92,11,6088,246.2
1782627451.325,92,11,6088,246.2
1782627451.525,76,8,6088,307.3
1782627451.726,76,8,6088,307.3
1782627451.926,76,8,6088,293.5
1782627452.127,76,8,6088,293.5
1782627452.327,76,8,6088,293.5
1782627452.528,69,6,6088,287.1
1782627452.728,69,6,6088,287.1
1782627452.928,69,6,6088,294.1
1782627453.129,69,6,6088,294.1
1782627453.329,69,6,6088,294.1
1782627453.530,80,9,6088,298.4
1782627453.730,80,9,6088,298.4
1782627453.931,80,9,6088,293.3
1782627454.131,80,9,6088,293.3
1782627454.332,80,9,6088,293.3
1782627454.532,77,8,6088,288.9
1782627454.733,77,8,6088,288.9
1782627454.933,77,8,6088,294.2
1782627455.133,77,8,6088,294.2
1782627455.334,77,8,6088,294.2
1782627455.534,73,8,6088,297.2
1782627455.735,73,8,6088,297.2
1782627455.935,73,8,6088,293.1
1782627456.136,73,8,6088,293.1
1782627456.336,73,8,6088,293.1
1782627456.536,67,7,6088,291.4
1782627456.746,67,7,6088,291.4
1782627456.947,67,7,6088,286.7
1782627457.147,67,7,6088,286.7
1782627457.347,67,7,6088,286.7
1782627457.548,75,8,6088,289.5
1782627457.748,75,8,6088,289.5
1782627457.948,75,8,6088,292.6
1782627458.149,75,8,6088,292.6
1782627458.349,75,8,6088,292.6
1782627458.550,73,8,6088,291.7
1782627458.750,73,8,6088,291.7
1782627458.950,73,8,6088,288.2
1782627459.151,73,8,6088,288.2
1782627459.351,73,8,6088,288.2
1782627459.552,71,8,6088,288.8
1782627459.752,71,8,6088,288.8
1782627459.952,71,8,6088,290.0
1782627460.153,71,8,6088,290.0
1782627460.353,71,8,6088,290.0
1782627460.554,73,8,6088,290.4
1782627460.754,73,8,6088,290.4
1782627460.955,73,8,6088,297.1
1782627461.155,73,8,6088,297.1
1782627461.356,73,8,6088,297.1
1782627461.556,70,8,6088,296.5
1782627461.756,70,8,6088,296.5
1782627461.957,70,8,6088,294.9
1782627462.157,70,8,6088,294.9
1782627462.358,70,8,6088,294.9
1782627462.558,78,8,6088,292.3
1782627462.758,78,8,6088,292.3
1782627462.959,78,8,6088,287.1
1782627463.159,78,8,6088,287.1
1782627463.360,78,8,6088,287.1
1782627463.560,75,8,6088,294.6
1782627463.761,75,8,6088,294.6
1782627463.961,75,8,6088,298.2
1782627464.162,75,8,6088,298.2
1782627464.362,74,8,6088,300.4
1782627464.562,74,8,6088,300.4
1782627464.763,74,8,6088,300.4
1782627464.963,74,8,6088,295.7
1782627465.164,74,8,6088,295.7
1782627465.364,76,9,6088,294.2
1782627465.564,76,9,6088,294.2
1782627465.765,76,9,6088,294.2
1782627465.965,76,9,6088,302.5
1782627466.166,76,9,6088,302.5
1782627466.367,0,0,6088,214.7
1782627466.567,0,0,6088,214.7
1782627466.768,0,0,6088,214.7
1782627466.968,0,0,6088,117.9
1782627467.169,0,0,6088,117.9
1782627467.370,0,0,6088,100.2
1782627467.570,0,0,6088,100.2
1782627467.771,0,0,6088,100.2
1782627467.971,0,0,6088,157.5
1782627468.172,0,0,6088,157.5
1782627468.372,73,8,6088,246.3
1782627468.572,73,8,6088,246.3
1782627468.773,73,8,6088,246.3
1782627468.973,73,8,6088,305.4
1782627469.174,73,8,6088,305.4
1782627469.374,68,8,6088,290.5
1782627469.575,68,8,6088,290.5
1782627469.775,68,8,6088,290.5
1782627469.976,68,8,6088,294.2
1782627470.176,68,8,6088,294.2
1782627470.376,68,7,6088,291.8
1782627470.577,68,7,6088,291.8
1782627470.777,68,7,6088,291.8
1782627470.978,68,7,6088,291.4
1782627471.178,68,7,6088,291.4
1782627471.379,73,9,6088,290.8
1782627471.579,73,9,6088,290.8
1782627471.779,73,9,6088,290.8
1782627471.980,73,9,6088,292.1
1782627472.180,73,9,6088,292.1
1782627472.381,67,7,6088,294.6
1782627472.581,67,7,6088,294.6
1782627472.782,67,7,6088,294.6
1782627472.982,67,7,6088,290.6
1782627473.183,67,7,6088,290.6
1782627473.383,64,7,6088,292.3
1782627473.583,64,7,6088,292.3
1782627473.784,64,7,6088,292.3
1782627473.984,64,7,6088,297.2
1782627474.185,64,7,6088,297.2
1782627474.385,77,10,6088,293.7
1782627474.586,77,10,6088,293.7
1782627474.786,77,10,6088,293.7
1782627474.987,77,10,6088,298.2
1782627475.187,77,10,6088,298.2
1782627475.388,72,8,6088,301.0
1782627475.588,72,8,6088,301.0
1782627475.788,72,8,6088,301.0
1782627475.989,72,8,6088,303.5
1782627476.189,72,8,6088,303.5
1782627476.390,73,7,6088,309.7
1782627476.590,73,7,6088,309.7
1782627476.791,73,7,6088,309.7
1782627476.991,73,7,6088,311.1
1782627477.191,73,7,6088,311.1
1782627477.392,72,7,6088,302.0
1782627477.592,72,7,6088,302.0
1782627477.793,72,7,6088,302.0
1782627477.993,72,7,6088,298.8
1782627478.194,72,7,6088,298.8
1782627478.394,78,9,6088,305.1
1782627478.595,78,9,6088,305.1
1782627478.795,78,9,6088,305.1
1782627478.995,78,9,6088,306.5
1782627479.196,78,9,6088,306.5
1782627479.396,79,8,6088,305.8
1782627479.597,79,8,6088,305.8
1782627479.797,79,8,6088,305.8
1782627479.998,79,8,6088,308.1
1782627480.198,79,8,6088,308.1
1782627480.399,77,9,6088,311.6
1782627480.599,77,9,6088,311.6
1782627480.799,77,9,6088,311.6
1782627481.000,77,9,6088,319.3
1782627481.200,77,9,6088,319.3
1782627481.401,76,9,6088,312.9
1782627481.601,76,9,6088,312.9
1782627481.801,76,9,6088,312.9
1782627482.002,76,9,6088,309.7
1782627482.202,76,9,6088,309.7
1782627482.403,76,8,6088,312.4
1782627482.603,76,8,6088,312.4
1782627482.804,76,8,6088,312.4
1782627483.004,76,8,6088,314.9
1782627483.204,76,8,6088,314.9
1782627483.405,26,3,6088,310.5
1782627483.605,26,3,6088,310.5
1782627483.806,26,3,6088,310.5
1782627484.006,26,3,6088,204.7
1782627484.207,26,3,6088,204.7
1782627484.407,0,0,6088,109.7
1782627484.608,0,0,6088,109.7
1782627484.808,0,0,6088,109.7
1782627485.009,0,0,6088,100.8
1782627485.209,0,0,6088,100.8
1782627485.409,75,9,6088,205.6
1782627485.610,75,9,6088,205.6
1782627485.810,75,9,6088,205.6
1782627486.011,75,9,6088,302.6
1782627486.211,75,9,6088,302.6
1782627486.412,64,8,6088,292.2
1782627486.612,64,8,6088,292.2
1782627486.813,64,8,6088,292.2
1782627487.013,64,8,6088,286.2
1782627487.214,64,8,6088,286.2
1782627487.414,62,7,6088,286.1
1782627487.615,62,7,6088,286.1
1782627487.815,62,7,6088,286.1
1782627488.015,62,7,6088,285.9
1782627488.216,62,7,6088,285.9
1782627488.416,63,7,6088,285.9
1782627488.617,63,7,6088,285.9
1782627488.817,63,7,6088,285.9
1782627489.018,63,7,6088,281.7
1782627489.218,63,7,6088,281.7
1782627489.418,63,7,6088,287.3
1782627489.619,63,7,6088,287.3
1782627489.819,63,7,6088,287.3
1782627490.020,63,7,6088,284.2
1782627490.220,63,7,6088,284.2
1782627490.421,62,7,6088,274.5
1782627490.621,62,7,6088,274.5
1782627490.822,62,7,6088,274.5
1782627491.022,62,7,6088,273.0
1782627491.223,62,7,6088,273.0
1782627491.423,64,8,6088,281.3
1782627491.623,64,8,6088,281.3
1782627491.824,64,8,6088,281.3
1782627492.024,64,8,6088,292.2
1782627492.225,64,8,6088,292.2
1782627492.425,65,7,6088,290.0
1782627492.626,65,7,6088,290.0
1782627492.826,65,7,6088,290.0
1782627493.027,65,7,6088,291.3
1782627493.227,65,7,6088,291.3
1782627493.428,73,8,6088,303.2
1782627493.628,73,8,6088,303.2
1782627493.828,73,8,6088,303.2
1782627494.029,73,8,6088,313.2
1782627494.229,73,8,6088,313.2
1782627494.430,79,8,6088,323.2
1782627494.630,79,8,6088,323.2
1782627494.831,79,8,6088,323.2
1782627495.031,79,8,6088,332.2
1782627495.232,79,8,6088,332.2
1782627495.432,78,9,6088,328.9
1782627495.633,78,9,6088,328.9
1782627495.833,78,9,6088,328.9
1782627496.033,78,9,6088,324.4
1782627496.234,78,9,6088,324.4
1782627496.434,80,9,6088,326.3
1782627496.635,80,9,6088,326.3
1782627496.835,80,9,6088,326.3
1782627497.036,80,9,6088,334.6
1782627497.236,80,9,6088,334.6
1782627497.437,83,10,6088,332.1
1782627497.637,83,10,6088,332.1
1782627497.837,83,10,6088,332.1
1782627498.038,83,10,6088,324.9
1782627498.238,83,10,6088,324.9
1782627498.439,80,9,6088,326.6
1782627498.639,80,9,6088,326.6
1782627498.840,80,9,6088,326.6
1782627499.040,80,9,6088,331.5
1782627499.240,80,9,6088,331.5
1782627499.441,82,9,6088,329.5
1782627499.641,82,9,6088,329.5
1782627499.842,82,9,6088,329.5
1782627500.042,82,9,6088,284.0
1782627500.243,82,9,6088,284.0
1782627500.443,0,0,6088,181.8
1782627500.644,0,0,6088,181.8
1782627500.844,0,0,6088,181.8
1782627501.045,0,0,6088,101.4
1782627501.245,0,0,6088,101.4
1782627501.446,94,12,6088,186.0
1782627501.646,94,12,6088,186.0
1782627501.846,94,12,6088,186.0
1782627502.047,94,12,6088,261.1
1782627502.247,94,12,6088,261.1
1782627502.448,57,7,6088,282.9
1782627502.648,57,7,6088,282.9
1782627502.849,57,7,6088,282.9
1782627503.049,57,7,6088,276.2
1782627503.250,57,7,6088,276.2
1782627503.450,66,8,6088,275.2
1782627503.651,66,8,6088,275.2
1782627503.851,66,8,6088,275.2
1782627504.051,66,8,6088,272.0
1782627504.252,66,8,6088,272.0
1782627504.452,59,7,6088,268.3
1782627504.653,59,7,6088,268.3
1782627504.853,59,7,6088,268.3
1782627505.054,59,7,6088,270.6
1782627505.254,59,7,6088,270.6
1782627505.455,60,7,6088,270.2
1782627505.655,60,7,6088,270.2
1782627505.856,60,7,6088,270.2
1782627506.056,60,7,6088,273.0
1782627506.257,60,7,6088,273.0
1782627506.457,57,7,6088,276.8
1782627506.657,57,7,6088,276.8
1782627506.858,57,7,6088,276.8
1782627507.058,57,7,6088,278.5
1782627507.259,57,7,6088,278.5
1782627507.459,57,7,6088,275.1
1782627507.660,57,7,6088,275.1
1782627507.860,57,7,6088,275.1
1782627508.061,57,7,6088,278.3
1782627508.261,57,7,6088,278.3
1782627508.461,60,7,6088,275.4
1782627508.662,60,7,6088,275.4
1782627508.862,60,7,6088,275.4
1782627509.063,60,7,6088,269.7
1782627509.263,60,7,6088,269.7
1782627509.464,81,10,6088,287.6
1782627509.664,81,10,6088,287.6
1782627509.865,81,10,6088,330.0
1782627510.065,81,10,6088,330.0
1782627510.265,81,10,6088,330.0
1782627510.466,87,10,6088,356.4
1782627510.666,87,10,6088,356.4
1782627510.867,87,10,6088,356.3
1782627511.067,87,10,6088,356.3
1782627511.267,87,10,6088,356.3
1782627511.468,90,10,6088,356.7
1782627511.668,90,10,6088,356.7
1782627511.869,90,10,6088,353.0
1782627512.069,90,10,6088,353.0
1782627512.269,90,10,6088,353.0
1782627512.470,86,10,6088,352.8
1782627512.670,86,10,6088,352.8
1782627512.871,86,10,6088,358.8
1782627513.071,86,10,6088,358.8
1782627513.272,86,10,6088,358.8
1782627513.472,89,10,6088,360.4
1782627513.672,89,10,6088,360.4
1782627513.873,89,10,6088,350.8
1782627514.073,89,10,6088,350.8
1782627514.274,89,10,6088,350.8
1782627514.474,87,10,6088,353.2
1782627514.675,87,10,6088,353.2
1782627514.875,87,10,6088,271.5
1782627515.076,87,10,6088,271.5
1782627515.276,87,10,6088,271.5
1782627515.477,0,0,6088,155.5
1782627515.677,0,0,6088,155.5
1782627515.878,0,0,6088,101.0
1782627516.079,0,0,6088,101.0
1782627516.279,0,0,6088,101.0
1782627516.480,81,10,6088,198.5
1782627516.680,81,10,6088,198.5
1782627516.880,81,10,6088,281.7
1782627517.081,81,10,6088,281.7
1782627517.281,81,10,6088,281.7
1782627517.481,68,9,6088,291.6
1782627517.682,68,9,6088,291.6
1782627517.882,68,9,6088,290.2
1782627518.083,68,9,6088,290.2
1782627518.283,68,9,6088,290.2
1782627518.483,56,7,6088,279.9
1782627518.684,56,7,6088,279.9
1782627518.884,56,7,6088,274.4
1782627519.085,56,7,6088,274.4
1782627519.285,56,7,6088,274.4
1782627519.486,60,7,6088,273.6
1782627519.686,60,7,6088,273.6
1782627519.887,60,7,6088,276.4
1782627520.087,60,7,6088,276.4
1782627520.287,60,7,6088,276.4
1782627520.488,63,8,6088,288.3
1782627520.688,63,8,6088,288.3
1782627520.889,63,8,6088,289.6
1782627521.089,63,8,6088,289.6
1782627521.290,63,8,6088,289.6
1782627521.490,52,6,6088,281.9
1782627521.691,52,6,6088,281.9
1782627521.891,52,6,6088,278.0
1782627522.092,52,6,6088,278.0
1782627522.292,52,6,6088,278.0
1782627522.493,61,7,6088,277.5
1782627522.693,61,7,6088,277.5
1782627522.894,61,7,6088,285.9
1782627523.094,61,7,6088,285.9
1782627523.295,61,7,6088,285.9
1782627523.495,60,7,6088,289.3
1782627523.696,60,7,6088,289.3
1782627523.896,60,7,6088,289.6
1782627524.096,60,7,6088,289.6
1782627524.297,60,7,6088,289.6
1782627524.497,59,7,6088,290.9
1782627524.698,59,7,6088,290.9
1782627524.898,59,7,6088,253.1
1782627525.099,59,7,6088,253.1
1782627525.299,59,7,6088,253.1
1782627525.500,0,0,6088,156.6
1782627525.700,0,0,6088,156.6
1782627525.901,0,0,6088,101.1
1782627526.102,0,0,6088,101.1
1782627526.302,0,0,6088,101.1
1782627526.502,95,12,6088,172.6
1782627526.703,95,12,6088,172.6
1782627526.903,95,12,6088,263.0
1782627527.104,95,12,6088,263.0
1782627527.304,95,12,6088,263.0
1782627527.505,77,8,6088,302.0
1782627527.705,77,8,6088,302.0
1782627527.906,77,8,6088,299.8
1782627528.106,77,8,6088,299.8
1782627528.307,77,8,6088,299.8
1782627528.507,75,8,6088,301.2
1782627528.708,75,8,6088,301.2
1782627528.908,75,8,6088,306.6
1782627529.108,75,8,6088,306.6
1782627529.309,75,8,6088,306.6
1782627529.509,73,8,6088,308.4
1782627529.710,73,8,6088,308.4
1782627529.910,73,8,6088,304.4
1782627530.110,73,8,6088,304.4
1782627530.311,73,8,6088,304.4
1782627530.511,75,8,6088,302.9
1782627530.712,75,8,6088,302.9
1782627530.912,75,8,6088,300.1
1782627531.112,75,8,6088,300.1
1782627531.313,75,8,6088,300.1
1782627531.513,80,8,6088,298.0
1782627531.714,80,8,6088,298.0
1782627531.914,80,8,6088,300.5
1782627532.115,80,8,6088,300.5
1782627532.315,80,8,6088,300.5
1782627532.516,69,7,6088,299.6
1782627532.716,69,7,6088,299.6
1782627532.917,69,7,6088,293.4
1782627533.117,69,7,6088,293.4
1782627533.318,69,7,6088,293.4
1782627533.518,81,9,6088,300.0
1782627533.719,81,9,6088,300.0
1782627533.919,81,9,6088,299.3
1782627534.120,81,9,6088,299.3
1782627534.320,81,9,6088,299.3
1782627534.520,76,8,6088,296.9
1782627534.721,76,8,6088,296.9
1782627534.921,76,8,6088,294.7
1782627535.122,76,8,6088,294.7
1782627535.322,76,8,6088,294.7
1782627535.523,75,8,6088,291.8
1782627535.723,75,8,6088,291.8
1782627535.924,75,8,6088,293.1
1782627536.124,75,8,6088,293.1
1782627536.324,75,8,6088,293.1
1782627536.525,80,9,6088,297.4
1782627536.725,80,9,6088,297.4
1782627536.926,80,9,6088,303.2
1782627537.126,80,9,6088,303.2
1782627537.327,80,9,6088,303.2
1782627537.527,78,9,6088,308.5
1782627537.727,78,9,6088,308.5
1782627537.928,78,9,6088,308.0
1782627538.128,78,9,6088,308.0
1782627538.328,78,9,6088,308.0
1782627538.529,72,8,6088,301.4
1782627538.729,72,8,6088,301.4
1782627538.930,72,8,6088,300.9
1782627539.130,72,8,6088,300.9
1782627539.331,72,8,6088,300.9
1782627539.531,76,8,6088,301.0
1782627539.741,76,8,6088,301.0
1782627539.941,76,8,6088,301.3
1782627540.142,76,8,6088,301.3
1782627540.342,76,8,6088,301.3
1782627540.543,72,8,6088,300.8
1782627540.743,72,8,6088,300.8
1782627540.944,72,8,6088,298.8
1782627541.144,72,8,6088,298.8
1782627541.345,72,8,6088,298.8
1782627541.545,74,8,6088,299.7
1782627541.745,74,8,6088,299.7
1782627541.946,74,8,6088,310.3
1782627542.147,74,8,6088,310.3
1782627542.347,74,8,6088,310.3
1782627542.548,0,0,6088,213.0
1782627542.748,0,0,6088,213.0
1782627542.949,0,0,6088,103.1
1782627543.150,0,0,6088,103.1
1782627543.350,0,0,6088,103.1
1782627543.551,0,0,6088,100.8
1782627543.751,0,0,6088,100.8
1782627543.951,0,0,6088,145.5
1782627544.152,0,0,6088,145.5
1782627544.352,0,0,6088,145.5
1782627544.553,63,7,6088,252.5
1782627544.753,63,7,6088,252.5
1782627544.954,63,7,6088,298.6
1782627545.154,63,7,6088,298.6
1782627545.355,63,7,6088,298.6
1782627545.555,61,6,6088,282.6
1782627545.756,61,6,6088,282.6
1782627545.956,61,6,6088,284.4
1782627546.156,61,6,6088,284.4
1782627546.357,61,6,6088,284.4
1782627546.557,69,8,6088,287.9
1782627546.757,69,8,6088,287.9
1782627546.958,69,8,6088,288.2
1782627547.158,69,8,6088,288.2
1782627547.359,69,8,6088,288.2
1782627547.559,67,7,6088,287.6
1782627547.760,67,7,6088,287.6
1782627547.960,67,7,6088,293.0
1782627548.161,67,7,6088,293.0
1782627548.361,67,7,6088,293.0
1782627548.561,68,8,6088,292.3
1782627548.762,68,8,6088,292.3
1782627548.962,68,8,6088,288.7
1782627549.163,68,8,6088,288.7
1782627549.363,68,8,6088,288.7
1782627549.563,66,8,6088,288.3
1782627549.764,66,8,6088,288.3
1782627549.964,66,8,6088,291.9
1782627550.165,66,8,6088,291.9
1782627550.365,66,8,6088,291.9
1782627550.565,68,8,6088,295.4
1782627550.766,68,8,6088,295.4
1782627550.966,68,8,6088,289.8
1782627551.167,68,8,6088,289.8
1782627551.367,68,8,6088,291.1
1782627551.567,82,9,6088,291.1
1782627551.768,82,9,6088,291.1
1782627551.968,82,9,6088,304.0
1782627552.169,82,9,6088,304.0
1782627552.369,77,8,6088,316.4
1782627552.570,77,8,6088,316.4
1782627552.770,77,8,6088,316.4
1782627552.971,77,8,6088,312.8
1782627553.171,77,8,6088,312.8
1782627553.371,78,9,6088,311.1
1782627553.572,78,9,6088,311.1
1782627553.772,78,9,6088,311.1
1782627553.973,78,9,6088,310.2
1782627554.173,78,9,6088,310.2
1782627554.374,72,8,6088,308.2
1782627554.574,72,8,6088,308.2
1782627554.774,72,8,6088,308.2
1782627554.975,72,8,6088,307.3
1782627555.175,72,8,6088,307.3
1782627555.376,79,8,6088,308.8
1782627555.576,79,8,6088,308.8
1782627555.777,79,8,6088,308.8
1782627555.977,79,8,6088,313.4
1782627556.177,79,8,6088,313.4
1782627556.378,77,8,6088,316.2
1782627556.578,77,8,6088,316.2
1782627556.779,77,8,6088,316.2
1782627556.979,77,8,6088,311.4
1782627557.180,77,8,6088,311.4
1782627557.380,76,9,6088,306.7
1782627557.581,76,9,6088,306.7
1782627557.781,76,9,6088,306.7
1782627557.982,76,9,6088,309.7
1782627558.182,76,9,6088,309.7
1782627558.382,76,8,6088,310.3
1782627558.583,76,8,6088,310.3
1782627558.783,76,8,6088,310.3
1782627558.984,76,8,6088,311.3
1782627559.184,76,8,6088,311.3
1782627559.384,33,4,6088,306.8
1782627559.585,33,4,6088,306.8
1782627559.785,33,4,6088,306.8
1782627559.986,33,4,6088,202.5
1782627560.186,33,4,6088,202.5
1782627560.387,0,0,6088,112.3
1782627560.588,0,0,6088,112.3
1782627560.788,0,0,6088,112.3
1782627560.988,0,0,6088,100.5
1782627561.189,0,0,6088,100.5
1782627561.390,75,9,6088,191.5
1782627561.590,75,9,6088,191.5
1782627561.790,75,9,6088,191.5
1782627561.991,75,9,6088,272.5
1782627562.191,75,9,6088,272.5
1782627562.392,70,8,6088,281.2
1782627562.592,70,8,6088,281.2
1782627562.793,70,8,6088,281.2
1782627562.993,70,8,6088,289.2
1782627563.193,70,8,6088,289.2
1782627563.394,64,7,6088,288.6
1782627563.594,64,7,6088,288.6
1782627563.795,64,7,6088,288.6
1782627563.995,64,7,6088,278.7
1782627564.196,64,7,6088,278.7
1782627564.396,65,7,6088,279.0
1782627564.597,65,7,6088,279.0
1782627564.797,65,7,6088,279.0
1782627564.998,65,7,6088,276.7
1782627565.198,65,7,6088,276.7
1782627565.399,58,7,6088,280.6
1782627565.599,58,7,6088,280.6
1782627565.799,58,7,6088,280.6
1782627566.000,58,7,6088,282.6
1782627566.200,58,7,6088,282.6
1782627566.401,59,7,6088,277.4
1782627566.601,59,7,6088,277.4
1782627566.802,59,7,6088,277.4
1782627567.002,59,7,6088,273.9
1782627567.203,59,7,6088,273.9
1782627567.403,52,6,6088,272.2
1782627567.604,52,6,6088,272.2
1782627567.804,52,6,6088,272.2
1782627568.005,52,6,6088,278.9
1782627568.205,52,6,6088,278.9
1782627568.405,56,6,6088,284.9
1782627568.606,56,6,6088,284.9
1782627568.806,56,6,6088,284.9
1782627569.007,56,6,6088,291.6
1782627569.207,56,6,6088,291.6
1782627569.408,83,9,6088,309.8
1782627569.608,83,9,6088,309.8
1782627569.809,83,9,6088,309.8
1782627570.009,83,9,6088,327.1
1782627570.209,83,9,6088,327.1
1782627570.410,80,9,6088,332.2
1782627570.610,80,9,6088,332.2
1782627570.811,80,9,6088,332.2
1782627571.011,80,9,6088,326.5
1782627571.211,80,9,6088,326.5
1782627571.412,78,8,6088,319.3
1782627571.612,78,8,6088,319.3
1782627571.813,78,8,6088,319.3
1782627572.013,78,8,6088,314.2
1782627572.214,78,8,6088,314.2
1782627572.414,80,9,6088,318.4
1782627572.614,80,9,6088,318.4
1782627572.815,80,9,6088,318.4
1782627573.015,80,9,6088,325.7
1782627573.216,80,9,6088,325.7
1782627573.416,79,9,6088,321.8
1782627573.617,79,9,6088,321.8
1782627573.817,79,9,6088,321.8
1782627574.018,79,9,6088,319.6
1782627574.218,79,9,6088,319.6
1782627574.419,81,8,6088,321.7
1782627574.619,81,8,6088,321.7
1782627574.819,81,8,6088,321.7
1782627575.020,81,8,6088,321.1
1782627575.220,81,8,6088,321.1
1782627575.421,79,9,6088,319.4
1782627575.621,79,9,6088,319.4
1782627575.822,79,9,6088,319.4
1782627576.023,79,9,6088,251.2
1782627576.223,79,9,6088,251.2
1782627576.424,0,0,6088,158.7
1782627576.624,0,0,6088,158.7
1782627576.825,0,0,6088,158.7
1782627577.025,0,0,6088,101.9
1782627577.226,0,0,6088,101.9
1782627577.427,92,12,6088,174.5
1782627577.627,92,12,6088,174.5
1782627577.828,92,12,6088,174.5
1782627578.028,92,12,6088,267.3
1782627578.229,92,12,6088,267.3
1782627578.429,62,7,6088,296.1
1782627578.629,62,7,6088,296.1
1782627578.830,62,7,6088,296.1
1782627579.030,62,7,6088,282.2
1782627579.231,62,7,6088,282.2
1782627579.431,66,8,6088,275.7
1782627579.632,66,8,6088,275.7
1782627579.832,66,8,6088,275.7
1782627580.032,66,8,6088,275.2
1782627580.233,66,8,6088,275.2
1782627580.433,60,7,6088,279.1
1782627580.634,60,7,6088,279.1
1782627580.834,60,7,6088,279.1
1782627581.035,60,7,6088,278.7
1782627581.235,60,7,6088,278.7
1782627581.436,63,7,6088,285.3
1782627581.636,63,7,6088,285.3
1782627581.836,63,7,6088,285.3
1782627582.037,63,7,6088,285.3
1782627582.237,63,7,6088,285.3
1782627582.438,61,7,6088,280.2
1782627582.638,61,7,6088,280.2
1782627582.839,61,7,6088,280.2
1782627583.039,61,7,6088,279.1
1782627583.240,61,7,6088,279.1
1782627583.440,64,7,6088,271.8
1782627583.640,64,7,6088,271.8
1782627583.841,64,7,6088,271.8
1782627584.041,64,7,6088,277.2
1782627584.242,64,7,6088,277.2
1782627584.442,62,7,6088,282.3
1782627584.643,62,7,6088,282.3
1782627584.843,62,7,6088,282.3
1782627585.044,62,7,6088,274.1
1782627585.244,62,7,6088,274.1
1782627585.444,76,9,6088,283.2
1782627585.645,76,9,6088,283.2
1782627585.845,76,9,6088,283.2
1782627586.046,76,9,6088,312.0
1782627586.246,76,9,6088,312.0
1782627586.446,88,10,6088,340.7
1782627586.647,88,10,6088,340.7
1782627586.847,88,10,6088,340.7
1782627587.048,88,10,6088,351.8
1782627587.248,88,10,6088,351.8
1782627587.449,90,10,6088,353.7
1782627587.649,90,10,6088,353.7
1782627587.849,90,10,6088,353.7
1782627588.050,90,10,6088,349.7
1782627588.250,90,10,6088,349.7
1782627588.451,85,10,6088,353.4
1782627588.651,85,10,6088,353.4
1782627588.852,85,10,6088,353.4
1782627589.052,85,10,6088,354.0
1782627589.253,85,10,6088,354.0
1782627589.453,83,9,6088,355.3
1782627589.653,83,9,6088,355.3
1782627589.854,83,9,6088,355.3
1782627590.054,83,9,6088,354.7
1782627590.255,83,9,6088,354.7
1782627590.455,84,10,6088,354.9
1782627590.656,84,10,6088,354.9
1782627590.856,84,10,6088,354.9
1782627591.057,84,10,6088,284.7
1782627591.257,84,10,6088,284.7
1782627591.458,0,0,6088,175.2
1782627591.658,0,0,6088,175.2
1782627591.859,0,0,6088,175.2
1782627592.060,0,0,6088,101.6
1782627592.260,0,0,6088,101.6
1782627592.460,67,8,6088,205.4
1782627592.661,67,8,6088,205.4
1782627592.861,67,8,6088,205.4
1782627593.062,67,8,6088,299.4
1782627593.262,67,8,6088,299.4
1782627593.463,64,8,6088,282.7
1782627593.663,64,8,6088,282.7
1782627593.864,64,8,6088,282.7
1782627594.064,64,8,6088,278.6
1782627594.265,64,8,6088,278.6
1782627594.465,52,6,6088,287.0
1782627594.666,52,6,6088,287.0
1782627594.866,52,6,6088,287.0
1782627595.067,52,6,6088,281.1
1782627595.267,52,6,6088,281.1
1782627595.468,60,7,6088,280.3
1782627595.668,60,7,6088,280.3
1782627595.868,60,7,6088,280.3
1782627596.069,60,7,6088,277.3
1782627596.269,60,7,6088,277.3
1782627596.470,60,7,6088,279.8
1782627596.670,60,7,6088,279.8
1782627596.871,60,7,6088,281.7
1782627597.071,60,7,6088,281.7
1782627597.272,60,7,6088,281.7
1782627597.472,65,7,6088,275.3
1782627597.673,65,7,6088,275.3
1782627597.873,65,7,6088,278.1
1782627598.074,65,7,6088,278.1
1782627598.274,65,7,6088,278.1
1782627598.475,59,7,6088,281.1
1782627598.675,59,7,6088,281.1
1782627598.876,59,7,6088,286.9
1782627599.076,59,7,6088,286.9
1782627599.277,59,7,6088,286.9
1782627599.477,63,7,6088,283.7
1782627599.678,63,7,6088,283.7
1782627599.878,63,7,6088,287.1
1782627600.079,63,7,6088,287.1
1782627600.279,63,7,6088,287.1
1782627600.480,59,7,6088,284.8
1782627600.680,59,7,6088,284.8
1782627600.881,59,7,6088,274.9
1782627601.081,59,7,6088,274.9
1782627601.282,59,7,6088,274.9
1782627601.482,0,0,6088,187.6
1782627601.683,0,0,6088,187.6
1782627601.884,0,0,6088,103.2
1782627602.084,0,0,6088,103.2
1782627602.285,0,0,7148,103.2
1782627602.485,94,14,7148,159.5
1782627602.686,94,14,7148,159.5
1782627602.886,94,14,7148,257.7
1782627603.087,94,14,7148,257.7
1782627603.287,94,14,7148,257.7
1782627603.487,78,10,7148,333.9
1782627603.688,78,10,7148,333.9
1782627603.889,78,10,7148,314.1
1782627604.089,78,10,7148,314.1
1782627604.289,78,10,7148,314.1
1782627604.490,77,9,7148,309.6
1782627604.690,77,9,7148,309.6
1782627604.891,77,9,7148,309.9
1782627605.091,77,9,7148,309.9
1782627605.292,77,9,7148,309.9
1782627605.492,79,9,7148,309.4
1782627605.693,79,9,7148,309.4
1782627605.893,79,9,7148,312.8
1782627606.094,79,9,7148,312.8
1782627606.294,79,9,7148,312.8
1782627606.495,77,10,7148,308.5
1782627606.695,77,10,7148,308.5
1782627606.895,77,10,7148,309.0
1782627607.096,77,10,7148,309.0
1782627607.296,77,10,7148,309.0
1782627607.497,77,9,7148,313.7
1782627607.697,77,9,7148,313.7
1782627607.898,77,9,7148,310.8
1782627608.098,77,9,7148,310.8
1782627608.299,77,9,7148,310.8
1782627608.499,75,9,7148,308.5
1782627608.699,75,9,7148,308.5
1782627608.900,75,9,7148,314.2
1782627609.100,75,9,7148,314.2
1782627609.301,75,9,7148,314.2
1782627609.501,80,10,7148,318.5
1782627609.702,80,10,7148,318.5
1782627609.902,80,10,7148,314.1
1782627610.102,80,10,7148,314.1
1782627610.303,80,10,7148,314.1
1782627610.503,76,9,7148,311.8
1782627610.704,76,9,7148,311.8
1782627610.904,76,9,7148,313.6
1782627611.105,76,9,7148,313.6
1782627611.305,76,9,7148,313.6
1782627611.505,74,9,7148,314.7
1782627611.706,74,9,7148,314.7
1782627611.906,74,9,7148,313.6
1782627612.107,74,9,7660,313.6
1782627612.307,74,9,7660,313.6
1782627612.508,80,10,7660,315.7
1782627612.708,80,10,7660,315.7
1782627612.909,80,10,7660,315.1
1782627613.109,80,10,7660,315.1
1782627613.310,80,10,7660,315.1
1782627613.510,77,9,7660,312.5
1782627613.710,77,9,7660,312.5
1782627613.911,77,9,7660,312.6
1782627614.111,77,9,7660,312.6
1782627614.312,77,9,7660,312.6
1782627614.512,80,10,7660,315.9
1782627614.712,80,10,7660,315.9
1782627614.913,80,10,7660,317.7
1782627615.113,80,10,7660,317.7
1782627615.314,80,10,7660,317.7
1782627615.514,69,7,7660,311.4
1782627615.715,69,7,7660,311.4
1782627615.915,69,7,7660,310.6
1782627616.115,69,7,7660,310.6
1782627616.316,69,7,7660,310.6
1782627616.516,76,9,7660,313.9
1782627616.717,76,9,7660,313.9
1782627616.917,76,9,7660,311.2
1782627617.127,76,9,7660,311.2
1782627617.328,76,9,7660,311.2
1782627617.528,71,8,7660,307.5
1782627617.728,71,8,7660,307.5
1782627617.929,71,8,7660,310.1
1782627618.129,71,8,7660,310.1
1782627618.330,71,8,7660,310.1
1782627618.530,0,0,7660,253.7
1782627618.731,0,0,7660,253.7
1782627618.931,0,0,7660,158.9
1782627619.132,0,0,7660,158.9
1782627619.332,0,0,7660,158.9
1782627619.533,0,0,7660,100.3
1782627619.733,0,0,7660,100.3
1782627619.934,0,0,7660,100.1
1782627620.134,0,0,7660,100.1
1782627620.335,0,0,7660,100.1
1782627620.535,64,8,7660,217.1
1782627620.736,64,8,7660,217.1
1782627620.936,64,8,7660,328.2
1782627621.137,64,8,7660,328.2
1782627621.337,64,8,7660,328.2
1782627621.537,71,9,7660,302.0
1782627621.738,71,9,7660,302.0
1782627621.938,71,9,7660,302.5
1782627622.139,71,9,7660,302.5
1782627622.339,71,9,7660,302.5
1782627622.540,69,8,7660,301.9
1782627622.740,69,8,7660,301.9
1782627622.940,69,8,7660,295.9
1782627623.141,69,8,7660,295.9
1782627623.341,69,8,7660,295.9
1782627623.542,77,9,7660,300.4
1782627623.742,77,9,7660,300.4
1782627623.943,77,9,7660,305.8
1782627624.143,77,9,7660,305.8
1782627624.344,77,9,7660,305.8
1782627624.544,71,9,7660,311.3
1782627624.745,71,9,7660,311.3
1782627624.945,71,9,7660,317.0
1782627625.145,71,9,7660,317.0
1782627625.346,71,9,7660,317.0
1782627625.546,71,9,7660,312.6
1782627625.747,71,9,7660,312.6
1782627625.947,71,9,7660,311.9
1782627626.148,71,9,7660,311.9
1782627626.348,71,9,7660,311.9
1782627626.548,64,8,7660,303.3
1782627626.749,64,8,7660,303.3
1782627626.949,64,8,7660,302.9
1782627627.149,64,8,7660,302.9
1782627627.350,64,8,7660,302.9
1782627627.550,76,9,7660,303.1
1782627627.750,76,9,7660,303.1
1782627627.951,76,9,7660,311.6
1782627628.151,76,9,7660,311.6
1782627628.352,76,9,7660,311.6
1782627628.552,75,8,7660,327.2
1782627628.752,75,8,7660,327.2
1782627628.953,75,8,7660,327.6
1782627629.153,75,8,7660,327.6
1782627629.354,75,8,7660,327.6
1782627629.554,75,9,7660,326.5
1782627629.755,75,9,7660,326.5
1782627629.955,75,9,7660,323.3
1782627630.155,75,9,7660,323.3
1782627630.356,75,9,7660,323.3
1782627630.556,80,10,7660,323.3
1782627630.757,80,10,7660,323.3
1782627630.957,80,10,7660,328.4
1782627631.157,80,10,7660,328.4
1782627631.358,80,10,7660,328.4
1782627631.558,79,9,7660,324.0
1782627631.759,79,9,7660,324.0
1782627631.959,79,9,7660,322.9
1782627632.159,79,9,7660,322.9
1782627632.360,79,9,7660,322.9
1782627632.560,78,10,7660,325.9
1782627632.761,78,10,7660,325.9
1782627632.961,78,10,7660,324.5
1782627633.161,78,10,7660,324.5
1782627633.362,78,10,7660,324.5
1782627633.562,79,10,7660,324.4
1782627633.763,79,10,7660,324.4
1782627633.963,79,10,7660,320.2
1782627634.164,79,10,7660,320.2
1782627634.364,79,10,7660,320.2
1782627634.565,80,10,7660,319.3
1782627634.765,80,10,7660,319.3
1782627634.965,80,10,7660,324.1
1782627635.166,80,10,7660,324.1
1782627635.366,80,10,7660,324.1
1782627635.567,82,10,7660,326.5
1782627635.768,82,10,7660,326.5
1782627635.968,82,10,7660,260.7
1782627636.169,82,10,7660,260.7
1782627636.369,82,10,7660,260.7
1782627636.570,0,0,7660,140.0
1782627636.770,0,0,7660,140.0
1782627636.971,0,0,7660,100.8
1782627637.172,0,0,7660,100.8
1782627637.372,0,0,7660,100.8
1782627637.573,94,14,7660,141.9
1782627637.773,94,14,7660,141.9
1782627637.974,94,14,7660,250.9
1782627638.174,94,14,7660,250.9
1782627638.374,65,9,7660,322.8
1782627638.575,65,9,7660,322.8
1782627638.775,65,9,7660,322.8
1782627638.976,65,9,7660,297.6
1782627639.176,65,9,7660,297.6
1782627639.377,62,8,7660,288.9
1782627639.577,62,8,7660,288.9
1782627639.777,62,8,7660,288.9
1782627639.978,62,8,7660,288.9
1782627640.178,62,8,7660,288.9
1782627640.379,62,8,7660,294.1
1782627640.579,62,8,7660,294.1
1782627640.780,62,8,7660,294.1
1782627640.980,62,8,7660,292.9
1782627641.181,62,8,7660,292.9
1782627641.381,71,9,7660,293.4
1782627641.582,71,9,7660,293.4
1782627641.782,71,9,7660,293.4
1782627641.983,71,9,7660,295.8
1782627642.183,71,9,7660,295.8
1782627642.384,59,8,7660,288.2
1782627642.584,59,8,7660,288.2
1782627642.784,59,8,7660,288.2
1782627642.985,59,8,7660,287.0
1782627643.185,59,8,7660,287.0
1782627643.386,63,8,7660,291.6
1782627643.586,63,8,7660,291.6
1782627643.786,63,8,7660,291.6
1782627643.987,63,8,7660,293.5
1782627644.187,63,8,7660,293.5
1782627644.388,67,8,7660,291.8
1782627644.588,67,8,7660,291.8
1782627644.788,67,8,7660,291.8
1782627644.989,67,8,7660,294.7
1782627645.189,67,8,7660,294.7
1782627645.390,77,10,7660,310.0
1782627645.590,77,10,7660,310.0
1782627645.791,77,10,7660,310.0
1782627645.991,77,10,7660,326.1
1782627646.191,77,10,7660,326.1
1782627646.392,83,11,7660,338.9
1782627646.592,83,11,7660,338.9
1782627646.793,83,11,7660,338.9
1782627646.993,83,11,7660,355.8
1782627647.193,83,11,7660,355.8
1782627647.394,84,11,7660,360.6
1782627647.594,84,11,7660,360.6
1782627647.795,84,11,7660,360.6
1782627647.995,84,11,7660,353.3
1782627648.196,84,11,7660,353.3
1782627648.396,85,11,7660,346.4
1782627648.596,85,11,7660,346.4
1782627648.797,85,11,7660,346.4
1782627648.997,85,11,7660,346.3
1782627649.198,85,11,7660,346.3
1782627649.398,83,11,7660,349.2
1782627649.599,83,11,7660,349.2
1782627649.799,83,11,7660,349.2
1782627650.000,83,11,7660,344.8
1782627650.200,83,11,7660,344.8
1782627650.400,75,10,7660,343.0
1782627650.601,75,10,7660,343.0
1782627650.801,75,10,7660,343.0
1782627651.002,75,10,7660,346.8
1782627651.202,75,10,7660,346.8
1782627651.402,80,10,7660,348.8
1782627651.603,80,10,7660,348.8
1782627651.803,80,10,7660,348.8
1782627652.004,80,10,7660,339.6
1782627652.204,80,10,7660,339.6
1782627652.405,87,11,7660,345.5
1782627652.605,87,11,7660,345.5
1782627652.806,87,11,7660,345.5
1782627653.006,87,11,7660,307.4
1782627653.207,87,11,7660,307.4
1782627653.407,0,0,7660,196.8
1782627653.608,0,0,7660,196.8
1782627653.808,0,0,7660,196.8
1782627654.009,0,0,7660,102.2
1782627654.209,0,0,7660,102.2
1782627654.410,92,13,7660,185.0
1782627654.610,92,13,7660,185.0
1782627654.811,92,13,7660,185.0
1782627655.011,92,13,7660,268.6
1782627655.212,92,13,7660,268.6
1782627655.412,42,5,7660,286.2
1782627655.613,42,5,7660,286.2
1782627655.813,42,5,7660,286.2
1782627656.014,42,5,7660,281.3
1782627656.214,42,5,7660,281.3
1782627656.414,52,7,7660,272.7
1782627656.615,52,7,7660,272.7
1782627656.815,52,7,7660,272.7
1782627657.016,52,7,7660,278.4
1782627657.216,52,7,7660,278.4
1782627657.417,54,7,7660,274.6
1782627657.617,54,7,7660,274.6
1782627657.818,54,7,7660,274.6
1782627658.018,54,7,7660,275.0
1782627658.218,54,7,7660,275.0
1782627658.419,61,8,7660,277.2
1782627658.629,61,8,7660,277.2
1782627658.829,61,8,7660,277.2
1782627659.030,61,8,7660,277.3
1782627659.230,61,8,7660,277.3
1782627659.431,53,7,7660,276.7
1782627659.631,53,7,7660,276.7
1782627659.832,53,7,7660,276.7
1782627660.032,53,7,7660,276.8
1782627660.233,53,7,7660,276.8
1782627660.433,56,7,7660,278.1
1782627660.633,56,7,7660,278.1
1782627660.834,56,7,7660,278.1
1782627661.034,56,7,7660,280.6
1782627661.235,56,7,7660,280.6
1782627661.435,58,8,7660,280.9
1782627661.636,58,8,7660,280.9
1782627661.836,58,8,7660,280.9
1782627662.036,58,8,7660,279.4
1782627662.237,58,8,7660,279.4
1782627662.437,83,11,7660,299.8
1782627662.638,83,11,7660,299.8
1782627662.838,83,11,7660,299.8
1782627663.038,83,11,7660,333.6
1782627663.239,83,11,7660,333.6
1782627663.439,85,11,7660,370.4
1782627663.640,85,11,7660,370.4
1782627663.840,85,11,7660,370.4
1782627664.040,85,11,7660,367.2
1782627664.241,85,11,7660,367.2
1782627664.441,89,12,7660,365.2
1782627664.642,89,12,7660,365.2
1782627664.842,89,12,7660,365.2
1782627665.042,89,12,7660,371.6
1782627665.243,89,12,7660,371.6
1782627665.443,85,11,7660,371.0
1782627665.644,85,11,7660,371.0
1782627665.844,85,11,7660,371.0
1782627666.044,85,11,7660,367.1
1782627666.245,85,11,7660,367.1
1782627666.445,87,11,7660,367.0
1782627666.646,87,11,7660,367.0
1782627666.846,87,11,7660,367.0
1782627667.047,87,11,7660,367.0
1782627667.247,87,11,7660,367.0
1782627667.447,86,12,7660,374.3
1782627667.648,86,12,7660,374.3
1782627667.848,86,12,7660,374.3
1782627668.049,86,12,7660,377.5
1782627668.250,86,12,7660,377.5
1782627668.450,0,0,7660,247.2
1782627668.651,0,0,7660,247.2
1782627668.851,0,0,7660,247.2
1782627669.052,0,0,7660,134.0
1782627669.253,0,0,7660,134.0
1782627669.453,0,0,7660,102.6
1782627669.654,0,0,7660,102.6
1782627669.854,0,0,7660,102.6
1782627670.054,0,0,7660,232.3
1782627670.255,0,0,7660,232.3
1782627670.455,56,7,7660,328.5
1782627670.656,56,7,7660,328.5
1782627670.856,56,7,7660,328.5
1782627671.057,56,7,7660,281.4
1782627671.257,56,7,7660,281.4
1782627671.457,49,7,7660,271.7
1782627671.658,49,7,7660,271.7
1782627671.858,49,7,7660,271.7
1782627672.059,49,7,7660,275.8
1782627672.259,49,7,7660,275.8
1782627672.460,59,8,7660,284.8
1782627672.660,59,8,7660,284.8
1782627672.860,59,8,7660,284.8
1782627673.061,59,8,7660,297.0
1782627673.262,59,8,7660,297.0
1782627673.462,58,8,7660,287.4
1782627673.662,58,8,7660,287.4
1782627673.863,58,8,7660,287.4
1782627674.065,58,8,7660,281.3
1782627674.266,58,8,7660,281.3
1782627674.466,54,7,7660,283.2
1782627674.666,54,7,7660,283.2
1782627674.867,54,7,7660,283.2
1782627675.067,54,7,7660,279.2
1782627675.268,54,7,7660,279.2
1782627675.468,51,7,7660,278.0
1782627675.668,51,7,7660,278.0
1782627675.869,51,7,7660,278.0
1782627676.069,51,7,7660,277.3
1782627676.270,51,7,7660,277.3
1782627676.470,52,6,7660,276.0
1782627676.671,52,6,7660,276.0
1782627676.871,52,6,7660,276.0
1782627677.072,52,6,7660,278.8
1782627677.272,52,6,7660,278.8
1782627677.473,56,7,7660,277.9
1782627677.673,56,7,7660,277.9
1782627677.873,56,7,7660,277.9
1782627678.074,56,7,7660,281.3
1782627678.274,56,7,7660,281.3
1782627678.475,0,0,7660,194.7
1782627678.675,0,0,7660,194.7
1782627678.876,0,0,7660,102.3
1782627679.076,0,0,7660,102.3
1782627679.277,0,0,7660,102.3
1782627679.477,59,8,7660,118.1
1782627679.678,59,8,7660,118.1
1782627679.878,59,8,7660,229.8
1782627680.079,59,8,7660,229.8
1782627680.279,59,8,7660,229.8
1782627680.479,79,9,7660,325.1
1782627680.680,79,9,7660,325.1
1782627680.880,79,9,7660,310.3
1782627681.081,79,9,7660,310.3
1782627681.281,79,9,7660,310.3
1782627681.481,76,9,7660,314.1
1782627681.682,76,9,7660,314.1
1782627681.882,76,9,7660,319.1
1782627682.083,76,9,7660,319.1
1782627682.283,76,9,7660,319.1
1782627682.484,75,8,7660,316.5
1782627682.684,75,8,7660,316.5
1782627682.885,75,8,7660,314.2
1782627683.085,75,8,7660,314.2
1782627683.285,75,8,7660,314.2
1782627683.486,77,9,7660,315.7
1782627683.686,77,9,7660,315.7
1782627683.887,77,9,7660,313.2
1782627684.087,77,9,7660,313.2
1782627684.288,77,9,7660,313.2
1782627684.488,77,9,7660,316.0
1782627684.689,77,9,7660,316.0
1782627684.889,77,9,7660,317.9
1782627685.089,77,9,7660,317.9
1782627685.290,77,9,7660,317.9
1782627685.490,75,9,7660,313.9
1782627685.691,75,9,7660,313.9
1782627685.891,75,9,7660,311.8
1782627686.092,75,9,7660,311.8
1782627686.292,75,9,7660,311.8
1782627686.492,79,9,7660,312.5
1782627686.693,79,9,7660,312.5
1782627686.893,79,9,7660,310.4
1782627687.094,79,9,7660,310.4
1782627687.294,79,9,7660,310.4
1782627687.495,75,9,7660,307.7
1782627687.695,75,9,7660,307.7
1782627687.896,75,9,7660,308.6
1782627688.096,75,9,7660,308.6
1782627688.296,75,9,7660,308.6
1782627688.497,74,8,7660,311.3
1782627688.697,74,8,7660,311.3
1782627688.898,74,8,7660,314.5
1782627689.098,74,8,7660,314.5
1782627689.298,74,8,7660,314.5
1782627689.499,73,9,7660,306.8
1782627689.699,73,9,7660,306.8
1782627689.900,73,9,7660,304.6
1782627690.100,73,9,7660,304.6
1782627690.301,73,9,7660,304.6
1782627690.501,76,9,7660,313.4
1782627690.701,76,9,7660,313.4
1782627690.902,76,9,7660,316.7
1782627691.102,76,9,7660,316.7
1782627691.303,76,9,7660,316.7
1782627691.503,74,8,7660,313.4
1782627691.704,74,8,7660,313.4
1782627691.904,74,8,7660,315.5
1782627692.104,74,8,7660,315.5
1782627692.305,74,8,7660,315.5
1782627692.505,75,8,7660,318.8
1782627692.706,75,8,7660,318.8
1782627692.906,75,8,7660,318.5
1782627693.107,75,8,7660,318.5
1782627693.307,75,8,7660,318.5
1782627693.508,76,9,7660,310.6
1782627693.708,76,9,7660,310.6
1782627693.909,76,9,7660,305.6
1782627694.109,76,9,7660,305.6
1782627694.309,76,9,7660,305.6
1782627694.510,76,9,7660,309.8
1782627694.710,76,9,7660,309.8
1782627694.911,76,9,7660,314.6
1782627695.111,76,9,7660,314.6
1782627695.312,76,9,7660,314.6
1782627695.512,0,0,7660,278.7
1782627695.713,0,0,7660,278.7
1782627695.913,0,0,7660,182.7
1782627696.114,0,0,7660,182.7
1782627696.315,0,0,7660,182.7
1782627696.515,0,0,7660,100.9
1782627696.716,0,0,7660,100.9
1782627696.916,0,0,7660,100.3
1782627697.117,0,0,7660,100.3
1782627697.317,0,0,7660,100.3
1782627697.518,63,8,7660,201.7
1782627697.718,63,8,7660,201.7
1782627697.919,63,8,7660,288.3
1782627698.119,63,8,7660,288.3
1782627698.320,63,8,7660,288.3
1782627698.520,63,8,7660,300.3
1782627698.720,63,8,7660,300.3
1782627698.921,63,8,7660,306.7
1782627699.121,63,8,7660,306.7
1782627699.322,63,8,7660,306.7
1782627699.522,68,9,7660,302.9
1782627699.723,68,9,7660,302.9
1782627699.923,68,9,7660,299.8
1782627700.123,68,9,7660,299.8
1782627700.324,68,9,7660,299.8
1782627700.524,67,9,7660,301.9
1782627700.724,67,9,7660,301.9
1782627700.925,67,9,7660,304.3
1782627701.125,67,9,7660,304.3
1782627701.326,67,9,7660,304.3
1782627701.526,60,8,7660,293.3
1782627701.727,60,8,7660,293.3
1782627701.927,60,8,7660,291.0
1782627702.128,60,8,7660,291.0
1782627702.328,60,8,7660,291.0
1782627702.528,70,8,7660,294.2
1782627702.729,70,8,7660,294.2
1782627702.929,70,8,7660,297.9
1782627703.130,70,8,7660,297.9
1782627703.330,70,8,7660,297.9
1782627703.531,69,9,7660,304.2
1782627703.731,69,9,7660,304.2
1782627703.931,69,9,7660,303.4
1782627704.132,69,9,7660,303.4
1782627704.332,69,9,7660,303.4
1782627704.533,66,8,7660,301.3
1782627704.733,66,8,7660,301.3
1782627704.934,66,8,7660,303.8
1782627705.134,66,8,7660,303.8
1782627705.335,66,8,7660,303.8
1782627705.535,75,9,7660,313.5
1782627705.735,75,9,7660,313.5
1782627705.936,75,9,7660,322.5
1782627706.136,75,9,7660,322.5
1782627706.337,75,9,7660,322.5
1782627706.537,79,10,7660,326.4
1782627706.738,79,10,7660,326.4
1782627706.938,79,10,7660,330.2
1782627707.138,79,10,7660,330.2
1782627707.339,79,10,7660,330.2
1782627707.539,77,10,7660,333.4
1782627707.740,77,10,7660,333.4
1782627707.940,77,10,7660,332.8
1782627708.141,77,10,7660,332.8
1782627708.341,77,10,7660,332.8
1782627708.542,78,10,7660,327.5
1782627708.742,78,10,7660,327.5
1782627708.943,78,10,7660,325.6
1782627709.143,78,10,7660,325.6
1782627709.343,78,10,7660,325.6
1782627709.544,81,10,7660,334.2
1782627709.744,81,10,7660,334.2
1782627709.945,81,10,7660,335.3
1782627710.145,81,10,7660,335.3
1782627710.346,81,10,7660,335.3
1782627710.546,79,10,7660,329.8
1782627710.746,79,10,7660,329.8
1782627710.947,79,10,7660,334.3
1782627711.147,79,10,7660,334.3
1782627711.348,79,10,7660,334.3
1782627711.548,77,10,7660,330.8
1782627711.749,77,10,7660,330.8
1782627711.949,77,10,7660,324.8
1782627712.150,77,10,7660,324.8
1782627712.350,77,10,7660,324.8
1782627712.551,81,10,7660,325.2
1782627712.751,81,10,7660,325.2
1782627712.952,81,10,7660,285.6
1782627713.152,81,10,7660,285.6
1782627713.353,81,10,7660,285.6
1782627713.553,0,0,7660,170.9
1782627713.754,0,0,7660,170.9
1782627713.955,0,0,7660,102.2
1782627714.155,0,0,7660,102.2
1782627714.356,0,0,7660,102.2
1782627714.556,19,2,7660,105.7
1782627714.756,19,2,7660,105.7
1782627714.957,19,2,7660,238.0
1782627715.157,19,2,7660,238.0
1782627715.358,19,2,7660,238.0
1782627715.558,56,7,7660,327.7
1782627715.759,56,7,7660,327.7
1782627715.959,56,7,7660,288.9
1782627716.160,56,7,7660,288.9
1782627716.360,56,7,7660,288.9
1782627716.560,62,9,7660,290.1
1782627716.761,62,9,7660,290.1
1782627716.961,62,9,7660,297.0
1782627717.162,62,9,7660,297.0
1782627717.362,62,9,7660,297.0
1782627717.563,71,9,7660,301.5
1782627717.763,71,9,7660,301.5
1782627717.963,71,9,7660,293.1
1782627718.164,71,9,7660,293.1
1782627718.364,71,9,7660,293.1
1782627718.565,56,7,7660,288.9
1782627718.765,56,7,7660,288.9
1782627718.965,56,7,7660,289.7
1782627719.166,56,7,7660,289.7
1782627719.366,56,7,7660,289.7
1782627719.567,71,9,7660,287.3
1782627719.767,71,9,7660,287.3
1782627719.968,71,9,7660,293.0
1782627720.168,71,9,7660,293.0
1782627720.369,71,9,7660,293.0
1782627720.569,66,8,7660,296.9
1782627720.769,66,8,7660,296.9
1782627720.970,66,8,7660,296.2
1782627721.170,66,8,7660,296.2
1782627721.371,66,8,7660,296.2
1782627721.571,71,10,7660,294.7
1782627721.772,71,10,7660,294.7
1782627721.972,71,10,7660,293.3
1782627722.173,71,10,7660,293.3
1782627722.373,71,10,7660,293.3
1782627722.573,87,11,7660,316.1
1782627722.774,87,11,7660,316.1
1782627722.974,87,11,7660,343.8
1782627723.175,87,11,7660,343.8
1782627723.375,87,11,7660,343.8
1782627723.576,84,11,7660,356.2
1782627723.776,84,11,7660,356.2
1782627723.976,84,11,7660,350.7
1782627724.177,84,11,7660,350.7
1782627724.377,84,11,7660,350.7
1782627724.578,82,10,7660,352.3
1782627724.778,82,10,7660,352.3
1782627724.979,82,10,7660,356.6
1782627725.179,82,10,7660,356.6
1782627725.379,81,11,7660,354.4
1782627725.580,81,11,7660,354.4
1782627725.780,81,11,7660,354.4
1782627725.981,81,11,7660,355.5
1782627726.181,81,11,7660,355.5
1782627726.381,75,10,7660,349.7
1782627726.582,75,10,7660,349.7
1782627726.782,75,10,7660,349.7
1782627726.983,75,10,7660,344.5
1782627727.183,75,10,7660,344.5
1782627727.384,84,11,7660,350.7
1782627727.584,84,11,7660,350.7
1782627727.785,84,11,7660,350.7
1782627727.985,84,11,7660,355.6
1782627728.185,84,11,7660,355.6
1782627728.386,84,11,7660,353.8
1782627728.586,84,11,7660,353.8
1782627728.787,84,11,7660,353.8
1782627728.987,84,11,7660,350.9
1782627729.188,84,11,7660,350.9
1782627729.388,84,11,7660,343.7
1782627729.589,84,11,7660,343.7
1782627729.789,84,11,7660,343.7
1782627729.990,84,11,7660,331.2
1782627730.190,84,11,7660,331.2
1782627730.391,0,0,7660,224.6
1782627730.591,0,0,7660,224.6
1782627730.792,0,0,7660,224.6
1782627730.992,0,0,7660,109.3
1782627731.193,0,0,7660,109.3
1782627731.394,28,4,7660,107.8
1782627731.594,28,4,7660,107.8
1782627731.795,28,4,7660,107.8
1782627731.995,28,4,7660,239.0
1782627732.196,28,4,7660,239.0
1782627732.396,54,7,7660,323.6
1782627732.597,54,7,7660,323.6
1782627732.797,54,7,7660,323.6
1782627732.997,54,7,7660,280.6
1782627733.198,54,7,7660,280.6
1782627733.398,59,7,7660,271.3
1782627733.599,59,7,7660,271.3
1782627733.799,59,7,7660,271.3
1782627734.000,59,7,7660,277.1
1782627734.200,59,7,7660,277.1
1782627734.401,58,7,7660,279.1
1782627734.601,58,7,7660,279.1
1782627734.802,58,7,7660,279.1
1782627735.002,58,7,7660,281.0
1782627735.202,58,7,7660,281.0
1782627735.403,69,9,7660,286.2
1782627735.603,69,9,7660,286.2
1782627735.804,69,9,7660,286.2
1782627736.004,69,9,7660,289.0
1782627736.204,69,9,7660,289.0
1782627736.405,57,7,7660,287.0
1782627736.605,57,7,7660,287.0
1782627736.806,57,7,7660,287.0
1782627737.006,57,7,7660,285.2
1782627737.207,57,7,7660,285.2
1782627737.407,59,8,7660,280.2
1782627737.608,59,8,7660,280.2
1782627737.808,59,8,7660,280.2
1782627738.009,59,8,7660,281.3
1782627738.209,59,8,7660,281.3
1782627738.409,61,8,7660,288.5
1782627738.610,61,8,7660,288.5
1782627738.810,61,8,7660,288.5
1782627739.011,61,8,7660,281.8
1782627739.211,61,8,7660,281.8
1782627739.412,71,10,7660,291.8
1782627739.612,71,10,7660,291.8
1782627739.813,71,10,7660,291.8
1782627740.013,71,10,7660,337.7
1782627740.214,71,10,7660,337.7
1782627740.414,89,12,7660,379.2
1782627740.614,89,12,7660,379.2
1782627740.815,89,12,7660,379.2
1782627741.015,89,12,7660,381.0
1782627741.216,89,12,7660,381.0
1782627741.416,86,12,7660,374.3
1782627741.617,86,12,7660,374.3
1782627741.817,86,12,7660,374.3
1782627742.018,86,12,7660,374.6
1782627742.218,86,12,7660,374.6
1782627742.418,88,12,7660,378.2
1782627742.619,88,12,7660,378.2
1782627742.819,88,12,7660,378.2
1782627743.020,88,12,7660,381.0
1782627743.220,88,12,7660,381.0
1782627743.421,90,12,7660,384.8
1782627743.621,90,12,7660,384.8
1782627743.821,90,12,7660,384.8
1782627744.022,90,12,7660,384.3
1782627744.222,90,12,7660,384.3
1782627744.423,91,12,7660,385.3
1782627744.623,91,12,7660,385.3
1782627744.824,91,12,7660,385.3
1782627745.024,91,12,7660,386.8
1782627745.225,91,12,7660,386.8
1782627745.425,90,11,7660,383.3
1782627745.626,90,11,7660,383.3
1782627745.826,90,11,7660,383.3
1782627746.027,90,11,7660,261.7
1782627746.227,90,11,7660,261.7
1782627746.428,0,0,7660,122.1
1782627746.629,0,0,7660,122.1
1782627746.829,0,0,7660,122.1
1782627747.029,0,0,7660,111.7
1782627747.230,0,0,7660,111.7
1782627747.430,59,8,7660,233.2
1782627747.631,59,8,7660,233.2
1782627747.831,59,8,7660,233.2
1782627748.032,59,8,7660,314.6
1782627748.232,59,8,7660,314.6
1782627748.433,60,8,7660,285.2
1782627748.633,60,8,7660,285.2
1782627748.834,60,8,7660,285.2
1782627749.034,60,8,7660,285.6
1782627749.235,60,8,7660,285.6
1782627749.435,64,8,7660,283.3
1782627749.636,64,8,7660,283.3
1782627749.836,64,8,7660,283.3
1782627750.037,64,8,7660,288.5
1782627750.237,64,8,7660,288.5
1782627750.438,54,7,7660,287.5
1782627750.638,54,7,7660,287.5
1782627750.839,54,7,7660,287.5
1782627751.039,54,7,7660,276.2
1782627751.240,54,7,7660,276.2
1782627751.440,58,8,7660,279.1
1782627751.640,58,8,7660,279.1
1782627751.841,58,8,7660,279.1
1782627752.041,58,8,7660,283.7
1782627752.242,58,8,7660,283.7
1782627752.442,62,8,7660,284.3
1782627752.643,62,8,7660,284.3
1782627752.843,62,8,7660,284.3
1782627753.044,62,8,7660,285.7
1782627753.244,62,8,7660,285.7
1782627753.445,54,8,7660,279.2
1782627753.645,54,8,7660,279.2
1782627753.846,54,8,7660,279.2
1782627754.046,54,8,7660,271.6
1782627754.246,54,8,7660,271.6
1782627754.447,61,8,7660,282.1
1782627754.647,61,8,7660,282.1
1782627754.848,61,8,7660,282.1
1782627755.048,61,8,7660,285.6
1782627755.248,61,8,7660,285.6
1782627755.449,69,10,7660,295.3
1782627755.649,69,10,7660,295.3
1782627755.850,69,10,7660,295.3
1782627756.050,69,10,7660,213.0
1782627756.251,69,10,7660,213.0
1782627756.451,0,0,7660,102.1
1782627756.652,0,0,7660,102.1
1782627756.852,0,0,7660,102.1
1782627757.053,0,0,7660,105.7
1782627757.253,0,0,7660,105.7
1782627757.454,72,8,7660,237.5
1782627757.654,72,8,7660,237.5
1782627757.855,72,8,7660,237.5
1782627758.055,72,8,7660,316.0
1782627758.255,72,8,7660,316.0
1782627758.456,78,10,7660,306.2
1782627758.656,78,10,7660,306.2
1782627758.857,78,10,7660,306.2
1782627759.057,78,10,7660,309.5
1782627759.258,78,10,7660,309.5
1782627759.458,72,8,7660,312.1
1782627759.658,72,8,7660,312.1
1782627759.859,72,8,7660,312.1
1782627760.059,72,8,7660,315.3
1782627760.260,72,8,7660,315.3
1782627760.460,78,9,7660,315.0
1782627760.660,78,9,7660,315.0
1782627760.861,78,9,7660,315.0
1782627761.061,78,9,7660,317.5
1782627761.262,78,9,7660,317.5
1782627761.462,72,9,7660,317.4
1782627761.662,72,9,7660,317.4
1782627761.863,72,9,7660,317.4
1782627762.063,72,9,7660,310.1
1782627762.264,72,9,7660,310.1
1782627762.464,72,8,7660,311.8
1782627762.665,72,8,7660,311.8
1782627762.865,72,8,7660,311.8
1782627763.066,72,8,7660,314.6
1782627763.266,72,8,7660,314.6
1782627763.467,80,10,7660,308.8
1782627763.667,80,10,7660,308.8
1782627763.867,80,10,7660,308.8
1782627764.068,80,10,7660,302.4
1782627764.268,80,10,7660,302.4
1782627764.469,70,8,7660,306.2
1782627764.669,70,8,7660,306.2
1782627764.870,70,8,7660,306.2
1782627765.070,70,8,7660,309.7
1782627765.271,70,8,7660,309.7
1782627765.471,75,9,7660,310.6
1782627765.672,75,9,7660,310.6
1782627765.872,75,9,7660,310.6
1782627766.072,75,9,7660,312.0
1782627766.273,75,9,7660,312.0
1782627766.473,79,9,7660,316.0
1782627766.673,79,9,7660,316.0
1782627766.874,79,9,7660,316.0
1782627767.074,79,9,7660,314.6
1782627767.275,79,9,7660,314.6
1782627767.475,77,10,7660,308.4
1782627767.676,77,10,7660,308.4
1782627767.876,77,10,7660,308.4
1782627768.077,77,10,7660,308.1
1782627768.277,77,10,7660,308.1
1782627768.477,73,9,7660,309.2
1782627768.678,73,9,7660,309.2
1782627768.878,73,9,7660,309.2
1782627769.079,73,9,7660,313.0
1782627769.279,73,9,7660,313.0
1782627769.480,75,9,7660,314.2
1782627769.680,75,9,7660,314.2
1782627769.880,75,9,7660,314.2
1782627770.081,75,9,7660,305.5
1782627770.281,75,9,7660,305.5
1782627770.482,74,9,7660,303.9
1782627770.682,74,9,7660,303.9
1782627770.883,74,9,7660,305.9
1782627771.083,74,9,7660,305.9
1782627771.284,74,9,7660,305.9
1782627771.484,68,8,7660,305.7
1782627771.685,68,8,7660,305.7
1782627771.885,68,8,7660,302.1
1782627772.085,68,8,7660,302.1
1782627772.286,68,8,7660,302.1
1782627772.486,72,8,7660,300.8
1782627772.687,72,8,7660,300.8
1782627772.887,72,8,7660,311.8
1782627773.088,72,8,7660,311.8
1782627773.288,72,8,7660,311.8
1782627773.489,0,0,7660,216.1
1782627773.689,0,0,7660,216.1
1782627773.890,0,0,7660,112.6
1782627774.090,0,0,7660,112.6
1782627774.291,0,0,7660,112.6
1782627774.491,0,0,7660,101.5
1782627774.692,0,0,7660,101.5
1782627774.892,0,0,7660,166.4
1782627775.092,0,0,7660,166.4
1782627775.293,0,0,7660,166.4
1782627775.493,64,7,7660,277.4
1782627775.694,64,7,7660,277.4
1782627775.894,64,7,7660,300.3
1782627776.095,64,7,7660,300.3
1782627776.295,64,7,7660,300.3
1782627776.496,73,9,7660,292.0
1782627776.696,73,9,7660,292.0
1782627776.897,73,9,7660,295.8
1782627777.097,73,9,7660,295.8
1782627777.297,73,9,7660,295.8
1782627777.498,67,8,7660,298.9
1782627777.698,67,8,7660,298.9
1782627777.899,67,8,7660,306.6
1782627778.099,67,8,7660,306.6
1782627778.299,67,8,7660,306.6
1782627778.500,68,9,7660,304.7
1782627778.700,68,9,7660,304.7
1782627778.901,68,9,7660,304.4
1782627779.101,68,9,7660,304.4
1782627779.302,68,9,7660,304.4
1782627779.502,68,8,7660,300.8
1782627779.703,68,8,7660,300.8
1782627779.903,68,8,7660,293.3
1782627780.104,68,8,7660,293.3
1782627780.304,68,8,7660,293.3
1782627780.505,62,7,7660,293.4
1782627780.705,62,7,7660,293.4
1782627780.905,62,7,7660,293.3
1782627781.106,62,7,7660,293.3
1782627781.306,62,7,7660,293.3
1782627781.507,64,8,7660,295.2
1782627781.707,64,8,7660,295.2
1782627781.908,64,8,7660,302.1
1782627782.108,64,8,7660,302.1
1782627782.308,64,8,7660,302.1
1782627782.509,79,9,7660,306.9
1782627782.709,79,9,7660,306.9
1782627782.910,79,9,7660,313.3
1782627783.110,79,9,7660,313.3
1782627783.311,79,9,7660,313.3
1782627783.511,75,9,7660,328.0
1782627783.712,75,9,7660,328.0
1782627783.912,75,9,7660,332.3
1782627784.113,75,9,7660,332.3
1782627784.313,75,9,7660,332.3
1782627784.514,79,10,7660,333.5
1782627784.714,79,10,7660,333.5
1782627784.914,79,10,7660,330.1
1782627785.115,79,10,7660,330.1
1782627785.315,79,10,7660,330.1
1782627785.516,81,11,7660,320.1
1782627785.716,81,11,7660,320.1
1782627785.916,81,11,7660,315.1
1782627786.117,81,11,7660,315.1
1782627786.317,81,11,7660,315.1
1782627786.518,77,9,7660,314.5
1782627786.718,77,9,7660,314.5
1782627786.918,77,9,7660,320.2
1782627787.119,77,9,7660,320.2
1782627787.319,77,9,7660,320.2
1782627787.520,75,9,7660,317.5
1782627787.720,75,9,7660,317.5
1782627787.920,75,9,7660,315.6
1782627788.121,75,9,7660,315.6
1782627788.321,75,9,7660,315.6
1782627788.522,71,9,7660,318.1
1782627788.722,71,9,7660,318.1
1782627788.923,71,9,7660,317.1
1782627789.123,71,9,7660,317.1
1782627789.323,71,9,7660,317.1
1782627789.524,75,9,7660,319.8
1782627789.724,75,9,7660,319.8
1782627789.925,75,9,7660,319.4
1782627790.125,75,9,7660,319.4
1782627790.325,75,9,7660,319.4
1782627790.526,83,11,7660,326.6
1782627790.726,83,11,7660,326.6
1782627790.927,83,11,7660,230.6
1782627791.127,83,11,7660,230.6
1782627791.328,83,11,7660,230.6
1782627791.528,0,0,7660,111.9
1782627791.729,0,0,7660,111.9
1782627791.929,0,0,7660,101.6
1782627792.130,0,0,7660,101.6
1782627792.330,0,0,7660,101.6
1782627792.530,94,14,7660,172.1
1782627792.731,94,14,7660,172.1
1782627792.931,94,14,7660,274.8
1782627793.132,94,14,7660,274.8
1782627793.332,94,14,7660,274.8
1782627793.533,53,7,7660,286.5
1782627793.733,53,7,7660,286.5
1782627793.933,53,7,7660,277.6
1782627794.134,53,7,7660,277.6
1782627794.334,53,7,7660,277.6
1782627794.535,68,9,7660,286.3
1782627794.735,68,9,7660,286.3
1782627794.936,68,9,7660,291.8
1782627795.136,68,9,7660,291.8
1782627795.337,68,9,7660,291.8
1782627795.537,62,8,7660,289.7
1782627795.738,62,8,7660,289.7
1782627795.947,62,8,7660,287.8
1782627796.148,62,8,7660,287.8
1782627796.348,62,8,7660,287.8
1782627796.549,57,7,7660,277.8
1782627796.749,57,7,7660,277.8
1782627796.950,57,7,7660,281.9
1782627797.152,57,7,7660,281.9
1782627797.352,57,7,7660,281.9
1782627797.553,63,8,7660,286.8
1782627797.753,63,8,7660,286.8
1782627797.953,63,8,7660,291.4
1782627798.154,63,8,7660,291.4
1782627798.354,63,8,7660,291.4
1782627798.554,66,9,7660,292.6
1782627798.755,66,9,7660,292.6
1782627798.955,66,9,7660,286.0
1782627799.156,66,9,7660,286.0
1782627799.356,66,9,7660,286.0
1782627799.557,70,9,7660,284.1
1782627799.757,70,9,7660,284.1
1782627799.958,70,9,7660,291.3
1782627800.158,70,9,7660,291.3
1782627800.359,70,9,7660,291.3
1782627800.559,78,10,7660,318.9
1782627800.760,78,10,7660,318.9
1782627800.960,78,10,7660,327.7
1782627801.161,78,10,7660,327.7
1782627801.361,78,10,7660,327.7
1782627801.561,80,10,7660,328.5
1782627801.762,80,10,7660,328.5
1782627801.962,80,10,7660,344.2
1782627802.163,80,10,7660,344.2
1782627802.363,80,10,7660,344.2
1782627802.563,71,9,7660,346.2
1782627802.764,71,9,7660,346.2
1782627802.964,71,9,7660,346.2
1782627803.165,71,9,7660,346.2
1782627803.365,71,9,7660,346.2
1782627803.566,81,10,7660,350.1
1782627803.766,81,10,7660,350.1
1782627803.966,81,10,7660,345.8
1782627804.167,81,10,7660,345.8
1782627804.367,81,10,7660,345.8
1782627804.568,82,10,7660,351.2
1782627804.768,82,10,7660,351.2
1782627804.969,82,10,7660,352.3
1782627805.169,82,10,7660,352.3
1782627805.369,82,10,7660,352.3
1782627805.570,82,10,7660,349.1
1782627805.770,82,10,7660,349.1
1782627805.971,82,10,7660,353.3
1782627806.171,82,10,7660,353.3
1782627806.372,82,10,7660,353.3
1782627806.572,81,11,7660,346.6
1782627806.773,81,11,7660,346.6
1782627806.973,81,11,7660,339.9
1782627807.173,81,11,7660,339.9
1782627807.374,81,11,7660,339.9
1782627807.574,86,11,7660,344.2
1782627807.775,86,11,7660,344.2
1782627807.976,86,11,7660,259.3
1782627808.176,86,11,7660,259.3
1782627808.377,86,11,7660,259.3
1782627808.577,0,0,7660,154.2
1782627808.778,0,0,7660,154.2
1782627808.978,0,0,7660,102.3
1782627809.179,0,0,7660,102.3
1782627809.379,0,0,7660,102.3
1782627809.580,64,9,7660,213.9
1782627809.780,64,9,7660,213.9
1782627809.981,64,9,7660,321.4
1782627810.181,64,9,7660,321.4
1782627810.381,64,9,7660,321.4
1782627810.582,57,7,7660,285.6
1782627810.782,57,7,7660,285.6
1782627810.983,57,7,7660,271.2
1782627811.183,57,7,7660,271.2
1782627811.384,57,7,7660,271.2
1782627811.584,53,7,7660,266.4
1782627811.785,53,7,7660,266.4
1782627811.985,53,7,7660,273.6
1782627812.185,53,7,7660,273.6
1782627812.386,55,8,7660,277.5
1782627812.586,55,8,7660,277.5
1782627812.787,55,8,7660,277.5
1782627812.987,55,8,7660,278.8
1782627813.188,55,8,7660,278.8
1782627813.388,64,9,7660,287.0
1782627813.589,64,9,7660,287.0
1782627813.789,64,9,7660,287.0
1782627813.990,64,9,7660,290.5
1782627814.190,64,9,7660,290.5
1782627814.391,48,6,7660,277.9
1782627814.591,48,6,7660,277.9
1782627814.791,48,6,7660,277.9
1782627814.992,48,6,7660,271.6
1782627815.192,48,6,7660,271.6
1782627815.393,63,8,7660,276.3
1782627815.593,63,8,7660,276.3
1782627815.794,63,8,7660,276.3
1782627815.994,63,8,7660,283.4
1782627816.195,63,8,7660,283.4
1782627816.395,52,7,7660,282.3
1782627816.596,52,7,7660,282.3
1782627816.796,52,7,7660,282.3
1782627816.997,52,7,7660,273.6
1782627817.197,52,7,7660,273.6
1782627817.397,86,12,7660,309.3
1782627817.598,86,12,7660,309.3
1782627817.798,86,12,7660,309.3
1782627817.999,86,12,7660,355.4
1782627818.199,86,12,7660,355.4
1782627818.400,89,12,7660,372.7
1782627818.600,89,12,7660,372.7
1782627818.800,89,12,7660,372.7
1782627819.001,89,12,7660,377.0
1782627819.201,89,12,7660,377.0
1782627819.402,90,12,7660,379.2
1782627819.602,90,12,7660,379.2
1782627819.803,90,12,7660,379.2
1782627820.003,90,12,7660,383.6
1782627820.204,90,12,7660,383.6
1782627820.404,84,11,7660,380.1
1782627820.604,84,11,7660,380.1
1782627820.805,84,11,7660,380.1
1782627821.005,84,11,7660,376.4
1782627821.206,84,11,7660,376.4
1782627821.406,89,12,7660,377.3
1782627821.607,89,12,7660,377.3
1782627821.807,89,12,7660,377.3
1782627822.008,89,12,7660,377.8
1782627822.208,89,12,7660,377.8
1782627822.409,89,12,7660,381.2
1782627822.609,89,12,7660,381.2
1782627822.810,89,12,7660,381.2
1782627823.010,89,12,7660,383.0
1782627823.210,89,12,7660,383.0
1782627823.411,74,10,7660,381.0
1782627823.611,74,10,7660,381.0
1782627823.812,74,10,7660,381.0
1782627824.012,74,10,7660,241.4
1782627824.213,74,10,7660,241.4
1782627824.414,0,0,7660,102.5
1782627824.614,0,0,7660,102.5
1782627824.815,0,0,7660,102.5
1782627825.015,0,0,7660,101.2
1782627825.216,0,0,7660,101.2
1782627825.416,59,8,7660,234.4
1782627825.617,59,8,7660,234.4
1782627825.817,59,8,7660,234.4
1782627826.017,59,8,7660,328.1
1782627826.218,59,8,7660,328.1
1782627826.418,58,8,7660,281.6
1782627826.619,58,8,7660,281.6
1782627826.819,58,8,7660,281.6
1782627827.020,58,8,7660,274.6
1782627827.220,58,8,7660,274.6
1782627827.421,61,8,7660,279.1
1782627827.621,61,8,7660,279.1
1782627827.821,61,8,7660,279.1
1782627828.022,61,8,7660,275.0
1782627828.222,61,8,7660,275.0
1782627828.423,59,8,7660,281.6
1782627828.623,59,8,7660,281.6
1782627828.824,59,8,7660,281.6
1782627829.024,59,8,7660,283.0
1782627829.225,59,8,7660,283.0
1782627829.425,61,8,7660,282.3
1782627829.626,61,8,7660,282.3
1782627829.826,61,8,7660,282.3
1782627830.027,61,8,7660,287.9
1782627830.227,61,8,7660,287.9
1782627830.427,51,7,7660,283.8
1782627830.628,51,7,7660,283.8
1782627830.828,51,7,7660,283.8
1782627831.029,51,7,7660,281.7
1782627831.229,51,7,7660,281.7
1782627831.430,64,8,7660,284.0
1782627831.630,64,8,7660,284.0
1782627831.831,64,8,7660,284.0
1782627832.031,64,8,7660,284.0
1782627832.232,64,8,7660,284.0
1782627832.432,53,7,7660,283.2
1782627832.633,53,7,7660,283.2
1782627832.833,53,7,7660,283.2
1782627833.034,53,7,7660,279.3
1782627833.234,53,7,7660,279.3
1782627833.435,64,9,7660,278.0
1782627833.635,64,9,7660,278.0
1782627833.835,64,9,7660,278.0
1782627834.036,64,9,7660,208.0
1782627834.236,64,9,7660,208.0
1782627834.437,0,0,7660,128.4
1782627834.637,0,0,7660,128.4
1782627834.838,0,0,7660,128.4
1782627835.038,0,0,7660,100.7
1782627835.239,0,0,7660,100.7
1782627835.439,76,9,7660,229.9
1782627835.640,76,9,7660,229.9
1782627835.840,76,9,7660,229.9
1782627836.040,76,9,7660,336.9
1782627836.241,76,9,7660,336.9
1782627836.441,78,9,7660,315.2
1782627836.642,78,9,7660,315.2
1782627836.842,78,9,7660,315.2
1782627837.043,78,9,7660,319.9
1782627837.243,78,9,7660,319.9
1782627837.443,80,10,7660,317.4
1782627837.644,80,10,7660,317.4
1782627837.844,80,10,7660,317.4
1782627838.045,80,10,7660,312.1
1782627838.245,80,10,7660,312.1
1782627838.445,73,8,7660,312.4
1782627838.646,73,8,7660,312.4
1782627838.846,73,8,7660,312.4
1782627839.047,73,8,7660,316.1
1782627839.247,73,8,7660,316.1
1782627839.448,79,10,7660,318.2
1782627839.648,79,10,7660,318.2
1782627839.849,79,10,7660,318.2
1782627840.049,79,10,7660,317.1
1782627840.249,79,10,7660,317.1
1782627840.450,78,10,7660,322.6
1782627840.650,78,10,7660,322.6
1782627840.850,78,10,7660,322.6
1782627841.051,78,10,7660,321.3
1782627841.251,78,10,7660,321.3
1782627841.452,76,9,7660,313.2
1782627841.652,76,9,7660,313.2
1782627841.853,76,9,7660,313.2
1782627842.053,76,9,7660,307.1
1782627842.254,76,9,7660,307.1
1782627842.454,74,9,7660,310.3
1782627842.654,74,9,7660,310.3
1782627842.855,74,9,7660,310.3
1782627843.055,74,9,7660,309.0
1782627843.256,74,9,7660,309.0
1782627843.456,77,10,7660,308.5
1782627843.657,77,10,7660,308.5
1782627843.857,77,10,7660,308.5
1782627844.058,77,10,7660,303.6
1782627844.258,77,10,7660,303.6
1782627844.458,81,10,7660,306.3
1782627844.659,81,10,7660,306.3
1782627844.859,81,10,7660,306.3
1782627845.060,81,10,7660,312.8
1782627845.260,81,10,7660,312.8
1782627845.461,76,9,7660,307.0
1782627845.661,76,9,7660,307.0
1782627845.861,76,9,7660,307.0
1782627846.062,76,9,7660,300.6
1782627846.262,76,9,7660,300.6
1782627846.463,72,9,7660,298.1
1782627846.663,72,9,7660,298.1
1782627846.864,72,9,7660,298.1
1782627847.064,72,9,7660,297.7
1782627847.265,72,9,7660,297.7
1782627847.465,73,8,7660,302.2
1782627847.666,73,8,7660,302.2
1782627847.866,73,8,7660,302.2
1782627848.066,73,8,7660,307.4
1782627848.267,73,8,7660,307.4
1782627848.467,75,9,7660,313.0
1782627848.668,75,9,7660,313.0
1782627848.868,75,9,7660,313.0
1782627849.069,75,9,7660,304.2
1782627849.269,75,9,7660,304.2
1782627849.470,74,9,7660,300.9
1782627849.670,74,9,7660,300.9
1782627849.871,74,9,7660,300.9
1782627850.071,74,9,7660,308.8
1782627850.271,74,9,7660,308.8
1782627850.472,78,10,7660,310.9
1782627850.672,78,10,7660,310.9
1782627850.873,78,10,7660,310.9
1782627851.073,78,10,7660,321.2
1782627851.274,78,10,7660,321.2
1782627851.475,0,0,7660,229.2
1782627851.675,0,0,7660,229.2
1782627851.876,0,0,7660,229.2
1782627852.076,0,0,7660,103.0
1782627852.277,0,0,7660,103.0
1782627852.477,0,0,7660,102.2
1782627852.678,0,0,7660,102.2
1782627852.878,0,0,7660,102.2
1782627853.079,0,0,7660,166.3
1782627853.279,0,0,7660,166.3
1782627853.480,71,9,7660,258.6
1782627853.680,71,9,7660,258.6
1782627853.880,71,9,7660,258.6
1782627854.081,71,9,7660,313.9
1782627854.281,71,9,7660,313.9
1782627854.482,69,9,7660,294.8
1782627854.682,69,9,7660,294.8
1782627854.882,69,9,7660,294.8
1782627855.083,69,9,7660,297.9
1782627855.283,69,9,7660,297.9
1782627855.484,69,10,7660,299.3
1782627855.684,69,10,7660,299.3
1782627855.885,69,10,7660,299.3
1782627856.085,69,10,7660,303.2
1782627856.285,69,10,7660,303.2
1782627856.486,68,8,7660,303.1
1782627856.686,68,8,7660,303.1
1782627856.887,68,8,7660,303.1
1782627857.087,68,8,7660,300.0
1782627857.288,68,8,7660,300.0
1782627857.488,71,9,7660,302.4
1782627857.688,71,9,7660,302.4
1782627857.889,71,9,7660,308.6
1782627858.089,71,9,7660,308.6
1782627858.290,71,9,7660,308.6
1782627858.490,66,8,7660,306.9
1782627858.691,66,8,7660,306.9
1782627858.891,66,8,7660,300.2
1782627859.091,66,8,7660,300.2
1782627859.292,66,8,7660,300.2
1782627859.492,67,9,7660,304.6
1782627859.693,67,9,7660,304.6
1782627859.893,67,9,7660,301.7
1782627860.093,67,9,7660,301.7
1782627860.294,67,9,7660,301.7
1782627860.494,77,9,7660,311.5
1782627860.695,77,9,7660,311.5
1782627860.895,77,9,7660,331.4
1782627861.095,77,9,7660,331.4
1782627861.296,77,9,7660,331.4
1782627861.496,81,11,7660,334.4
1782627861.697,81,11,7660,334.4
1782627861.897,81,11,7660,332.8
1782627862.098,81,11,7660,332.8
1782627862.298,81,11,7660,332.8
1782627862.498,80,10,7660,329.8
1782627862.699,80,10,7660,329.8
1782627862.899,80,10,7660,326.3
1782627863.099,80,10,7660,326.3
1782627863.300,80,10,7660,326.3
1782627863.500,81,10,7660,323.3
1782627863.701,81,10,7660,323.3
1782627863.901,81,10,7660,325.4
1782627864.102,81,10,7660,325.4
1782627864.302,81,10,7660,325.4
1782627864.503,77,10,7660,328.9
1782627864.703,77,10,7660,328.9
1782627864.903,77,10,7660,324.5
1782627865.104,77,10,7660,324.5
1782627865.304,77,10,7660,324.5
1782627865.505,77,9,7660,321.7
1782627865.705,77,9,7660,321.7
1782627865.906,77,9,7660,321.8
1782627866.106,77,9,7660,321.8
1782627866.306,77,9,7660,321.8
1782627866.507,76,9,7660,322.3
1782627866.708,76,9,7660,322.3
1782627866.908,76,9,7660,319.2
1782627867.108,76,9,7660,319.2
1782627867.309,76,9,7660,319.2
1782627867.509,77,10,7660,319.0
1782627867.710,77,10,7660,319.0
1782627867.910,77,10,7660,325.1
1782627868.111,77,10,7660,325.1
1782627868.311,77,10,7660,325.1
1782627868.512,78,10,7660,331.6
1782627868.712,78,10,7660,331.6
1782627868.913,78,10,7660,229.7
1782627869.113,78,10,7660,229.7
1782627869.314,78,10,7660,229.7
1782627869.515,0,0,7660,125.9
1782627869.715,0,0,7660,125.9
1782627869.916,0,0,7660,101.0
1782627870.116,0,0,7660,101.0
1782627870.317,0,0,7660,101.0
1782627870.517,93,14,7660,192.5
1782627870.718,93,14,7660,192.5
1782627870.918,93,14,7660,287.8
1782627871.118,93,14,7660,287.8
1782627871.319,93,14,7660,287.8
1782627871.519,60,8,7660,289.1
1782627871.720,60,8,7660,289.1
1782627871.920,60,8,7660,284.3
1782627872.121,60,8,7660,284.3
1782627872.321,60,8,7660,284.3
1782627872.522,68,9,7660,287.2
1782627872.722,68,9,7660,287.2
1782627872.923,68,9,7660,291.7
1782627873.123,68,9,7660,291.7
1782627873.323,68,9,7660,291.7
1782627873.524,56,7,7660,283.6
1782627873.724,56,7,7660,283.6
1782627873.925,56,7,7660,283.2
1782627874.125,56,7,7660,283.2
1782627874.326,56,7,7660,283.2
1782627874.526,61,8,7660,285.5
1782627874.726,61,8,7660,285.5
1782627874.927,61,8,7660,280.3
1782627875.127,61,8,7660,280.3
1782627875.328,61,8,7660,280.3
1782627875.528,70,9,7660,287.6
1782627875.729,70,9,7660,287.6
1782627875.929,70,9,7660,291.5
1782627876.130,70,9,7660,291.5
1782627876.330,70,9,7660,291.5
1782627876.531,56,8,7660,284.0
1782627876.731,56,8,7660,284.0
1782627876.932,56,8,7660,279.6
1782627877.132,56,8,7660,279.6
1782627877.333,56,8,7660,279.6
1782627877.533,62,8,7660,289.0
1782627877.733,62,8,7660,289.0
1782627877.934,62,8,7660,312.4
1782627878.134,62,8,7660,312.4
1782627878.335,62,8,7660,312.4
1782627878.535,84,11,7660,335.1
1782627878.736,84,11,7660,335.1
1782627878.936,84,11,7660,345.0
1782627879.136,84,11,7660,345.0
1782627879.337,84,11,7660,345.0
1782627879.537,80,10,7660,350.3
1782627879.738,80,10,7660,350.3
1782627879.938,80,10,7660,350.0
1782627880.141,80,10,7660,350.0
1782627880.341,80,10,7660,350.0
1782627880.542,82,11,7660,349.4
1782627880.742,82,11,7660,349.4
1782627880.943,82,11,7660,351.8
1782627881.143,82,11,7660,351.8
1782627881.344,82,11,7660,351.8
1782627881.544,79,10,7660,346.8
1782627881.744,79,10,7660,346.8
1782627881.945,79,10,7660,345.4
1782627882.145,79,10,7660,345.4
1782627882.346,79,10,7660,345.4
1782627882.546,83,10,7660,345.9
1782627882.747,83,10,7660,345.9
1782627882.947,83,10,7660,343.9
1782627883.148,83,10,7660,343.9
1782627883.348,83,10,7660,343.9
1782627883.548,81,11,7660,341.8
1782627883.749,81,11,7660,341.8
1782627883.949,81,11,7660,339.2
1782627884.150,81,11,7660,339.2
1782627884.350,81,11,7660,339.2
1782627884.550,82,10,7660,342.2
1782627884.751,82,10,7660,342.2
1782627884.951,82,10,7660,350.1
1782627885.152,82,10,7660,350.1
1782627885.352,82,10,7660,350.1
1782627885.553,0,0,7660,305.1
1782627885.753,0,0,7660,305.1
1782627885.954,0,0,7660,175.6
1782627886.155,0,0,7660,175.6
1782627886.355,0,0,7660,175.6
1782627886.555,0,0,7660,102.1
1782627886.756,0,0,7660,102.1
1782627886.956,0,0,7660,183.8
1782627887.157,0,0,7660,183.8
1782627887.357,0,0,7660,183.8
1782627887.557,55,7,7660,268.1
1782627887.758,55,7,7660,268.1
1782627887.958,55,7,7660,283.6
1782627888.159,55,7,7660,283.6
1782627888.359,55,7,7660,283.6
1782627888.559,49,7,7660,272.4
1782627888.760,49,7,7660,272.4
1782627888.960,49,7,7660,273.7
1782627889.161,49,7,7660,273.7
1782627889.361,49,7,7660,273.7
1782627889.562,51,6,7660,284.6
1782627889.762,51,6,7660,284.6
1782627889.963,51,6,7660,284.2
1782627890.163,51,6,7660,284.2
1782627890.364,51,6,7660,284.2
1782627890.564,54,7,7660,278.3
1782627890.764,54,7,7660,278.3
1782627890.965,54,7,7660,270.7
1782627891.165,54,7,7660,270.7
1782627891.366,54,7,7660,270.7
1782627891.566,51,6,7660,271.7
1782627891.767,51,6,7660,271.7
1782627891.967,51,6,7660,277.2
1782627892.167,51,6,7660,277.2
1782627892.368,51,6,7660,277.2
1782627892.568,63,8,7660,282.7
1782627892.769,63,8,7660,282.7
1782627892.969,63,8,7660,281.6
1782627893.170,63,8,7660,281.6
1782627893.370,63,8,7660,281.6
1782627893.571,63,8,7660,281.2
1782627893.771,63,8,7660,281.2
1782627893.971,63,8,7660,284.4
1782627894.172,63,8,7660,284.4
1782627894.372,63,8,7660,284.4
1782627894.573,56,8,7660,275.7
1782627894.773,56,8,7660,275.7
1782627894.974,56,8,7660,296.0
1782627895.174,56,8,7660,296.0
1782627895.375,56,8,7660,296.0
1782627895.575,90,12,7660,353.8
1782627895.776,90,12,7660,353.8
1782627895.976,90,12,7660,378.1
1782627896.176,90,12,7660,378.1
1782627896.377,90,12,7660,378.1
1782627896.577,86,12,7660,379.8
1782627896.778,86,12,7660,379.8
1782627896.978,86,12,7660,378.8
1782627897.179,86,12,7660,378.8
1782627897.379,86,12,7660,378.8
1782627897.579,88,12,7660,372.8
1782627897.780,88,12,7660,372.8
1782627897.980,88,12,7660,371.0
1782627898.181,88,12,7660,371.0
1782627898.381,88,12,7660,371.0
1782627898.582,90,12,7660,372.8
1782627898.782,90,12,7660,372.8
1782627898.983,90,12,7660,375.0
1782627899.183,90,12,7660,375.0
1782627899.384,90,12,7660,375.0
1782627899.584,84,11,7660,374.8
1782627899.784,84,11,7660,374.8
1782627899.985,84,11,7660,373.8
1782627900.185,84,11,7660,373.8
1782627900.386,84,11,7660,373.8
1782627900.586,84,11,7660,374.8
1782627900.787,84,11,7660,374.8
1782627900.987,84,11,7660,317.1
1782627901.188,84,11,7660,317.1
1782627901.388,84,11,7660,317.1
1782627901.589,0,0,7660,175.3
1782627901.790,0,0,7660,175.3
1782627901.990,0,0,7660,101.8
1782627902.191,0,0,7660,101.8
1782627902.391,94,13,7660,166.0
1782627902.592,94,13,7660,166.0
1782627902.792,94,13,7660,166.0
1782627902.993,94,13,7660,268.5
1782627903.193,94,13,7660,268.5
1782627903.393,58,8,7660,306.0
1782627903.594,58,8,7660,306.0
1782627903.794,58,8,7660,306.0
1782627903.995,58,8,7660,282.8
1782627904.195,58,8,7660,282.8
1782627904.396,59,8,7660,282.9
1782627904.596,59,8,7660,282.9
1782627904.797,59,8,7660,282.9
1782627904.997,59,8,7660,281.7
1782627905.198,59,8,7660,281.7
1782627905.398,49,6,7660,277.3
1782627905.598,49,6,7660,277.3
1782627905.799,49,6,7660,277.3
1782627905.999,49,6,7660,275.6
1782627906.200,49,6,7660,275.6
1782627906.400,62,8,7660,283.9
1782627906.601,62,8,7660,283.9
1782627906.801,62,8,7660,283.9
1782627907.002,62,8,7660,284.5
1782627907.202,62,8,7660,284.5
1782627907.403,55,7,7660,285.1
1782627907.603,55,7,7660,285.1
1782627907.804,55,7,7660,285.1
1782627908.004,55,7,7660,289.3
1782627908.204,55,7,7660,289.3
1782627908.405,54,7,7660,286.9
1782627908.605,54,7,7660,286.9
1782627908.806,54,7,7660,286.9
1782627909.006,54,7,7660,294.8
1782627909.207,54,7,7660,294.8
1782627909.407,63,8,7660,294.7
1782627909.607,63,8,7660,294.7
1782627909.808,63,8,7660,294.7
1782627910.008,63,8,7660,283.4
1782627910.209,63,8,7660,283.4
1782627910.409,56,7,7660,278.0
1782627910.610,56,7,7660,278.0
1782627910.810,56,7,7660,278.0
1782627911.011,56,7,7660,273.0
1782627911.211,56,7,7660,273.0
1782627911.412,0,0,7660,191.9
1782627911.612,0,0,7660,191.9
1782627911.813,0,0,7660,191.9
1782627912.014,0,0,7660,101.7
1782627912.214,0,0,7660,101.7
1782627912.414,95,14,7660,156.1
1782627912.615,95,14,7660,156.1
1782627912.815,95,14,7660,156.1
1782627913.016,95,14,7660,272.8
1782627913.216,95,14,7660,272.8
1782627913.417,78,10,7660,333.4
1782627913.617,78,10,7660,333.4
1782627913.817,78,10,7660,333.4
1782627914.018,78,10,7660,312.6
1782627914.218,78,10,7660,312.6
1782627914.419,74,9,7660,311.1
1782627914.619,74,9,7660,311.1
1782627914.819,74,9,7660,311.1
1782627915.020,74,9,7660,308.9
1782627915.220,74,9,7660,308.9
1782627915.421,75,9,7660,312.1
1782627915.621,75,9,7660,312.1
1782627915.822,75,9,7660,312.1
1782627916.024,75,9,7660,319.5
1782627916.225,75,9,7660,319.5
1782627916.425,81,10,7660,319.4
1782627916.625,81,10,7660,319.4
1782627916.826,81,10,7660,319.4
1782627917.026,81,10,7660,314.8
1782627917.227,81,10,7660,314.8
1782627917.427,77,9,7660,314.1
1782627917.628,77,9,7660,314.1
1782627917.828,77,9,7660,314.1
1782627918.029,77,9,7660,313.2
1782627918.229,77,9,7660,313.2
1782627918.430,73,9,7660,310.8
1782627918.630,73,9,7660,310.8
1782627918.830,73,9,7660,310.8
1782627919.031,73,9,7660,315.9
1782627919.231,73,9,7660,315.9
1782627919.432,82,10,7660,317.4
1782627919.632,82,10,7660,317.4
1782627919.832,82,10,7660,317.4
1782627920.033,82,10,7660,313.3
1782627920.233,82,10,7660,313.3
1782627920.434,72,9,7660,314.0
1782627920.634,72,9,7660,314.0
1782627920.835,72,9,7660,314.0
1782627921.035,72,9,7660,307.6
1782627921.236,72,9,7660,307.6
1782627921.436,80,9,7660,304.7
1782627921.636,80,9,7660,304.7
1782627921.837,80,9,7660,304.7
1782627922.037,80,9,7660,310.0
1782627922.238,80,9,7660,310.0
1782627922.438,72,9,7660,311.8
1782627922.639,72,9,7660,311.8
1782627922.839,72,9,7660,311.8
1782627923.040,72,9,7660,313.2
1782627923.240,72,9,7660,313.2
1782627923.441,74,9,7660,313.1
1782627923.641,74,9,7660,313.1
1782627923.842,74,9,7660,313.1
1782627924.042,74,9,7660,311.1
1782627924.242,74,9,7660,311.1
1782627924.443,70,8,7660,308.4
1782627924.643,70,8,7660,308.4
1782627924.844,70,8,7660,308.4
1782627925.044,70,8,7660,309.1
1782627925.245,70,8,7660,309.1
1782627925.445,74,9,7660,309.0
1782627925.645,74,9,7660,309.0
1782627925.846,74,9,7660,309.0
1782627926.046,74,9,7660,303.1
1782627926.247,74,9,7660,303.1
1782627926.447,75,9,7660,303.2
1782627926.648,75,9,7660,303.2
1782627926.848,75,9,7660,303.2
1782627927.048,75,9,7660,312.5
1782627927.249,75,9,7660,312.5
1782627927.449,70,8,7660,314.2
1782627927.650,70,8,7660,314.2
1782627927.850,70,8,7660,314.2
1782627928.051,70,8,7660,309.9
1782627928.251,70,8,7660,309.9
1782627928.452,0,0,7660,242.5
1782627928.652,0,0,7660,242.5
1782627928.853,0,0,7660,242.5
1782627929.054,0,0,7660,155.1
1782627929.254,0,0,7660,155.1
1782627929.455,0,0,7660,102.3
1782627929.655,0,0,7660,102.3
1782627929.856,0,0,7660,102.3
1782627930.056,0,0,7660,111.8
1782627930.256,0,0,7660,111.8
1782627930.457,69,8,7660,228.4
1782627930.657,69,8,7660,228.4
1782627930.858,69,8,7660,228.4
1782627931.058,69,8,7660,321.8
1782627931.259,69,8,7660,321.8
1782627931.459,72,8,7660,288.9
1782627931.660,72,8,7660,288.9
1782627931.860,72,8,7660,288.9
1782627932.060,72,8,7660,295.6
1782627932.261,72,8,7660,295.6
1782627932.461,61,8,7660,301.6
1782627932.662,61,8,7660,301.6
1782627932.862,61,8,7660,301.6
1782627933.063,61,8,7660,295.6
1782627933.263,61,8,7660,295.6
1782627933.463,69,8,7660,290.7
1782627933.664,69,8,7660,290.7
1782627933.864,69,8,7660,290.7
1782627934.065,69,8,7660,293.6
1782627934.265,69,8,7660,293.6
1782627934.466,68,9,7660,299.4
1782627934.666,68,9,7660,299.4
1782627934.866,68,9,7660,299.4
1782627935.067,68,9,7660,300.5
1782627935.267,68,9,7660,300.5
1782627935.468,67,8,7660,293.9
1782627935.668,67,8,7660,293.9
1782627935.869,67,8,7660,293.9
1782627936.069,67,8,7660,295.1
1782627936.269,67,8,7660,295.1
1782627936.470,67,9,7660,305.1
1782627936.670,67,9,7660,305.1
1782627936.871,67,9,7660,305.1
1782627937.071,67,9,7660,302.5
1782627937.272,67,9,7660,302.5
1782627937.472,78,10,7660,299.3
1782627937.672,78,10,7660,299.3
1782627937.873,78,10,7660,299.3
1782627938.073,78,10,7660,308.9
1782627938.274,78,10,7660,308.9
1782627938.474,78,9,7660,319.9
1782627938.675,78,9,7660,319.9
1782627938.875,78,9,7660,319.9
1782627939.076,78,9,7660,326.7
1782627939.276,78,9,7660,326.7
1782627939.477,73,9,7660,330.5
1782627939.677,73,9,7660,330.5
1782627939.878,73,9,7660,330.5
1782627940.078,73,9,7660,327.7
1782627940.279,73,9,7660,327.7
1782627940.479,78,10,7660,329.6
1782627940.680,78,10,7660,329.6
1782627940.880,78,10,7660,329.6
1782627941.080,78,10,7660,326.4
1782627941.281,78,10,7660,326.4
1782627941.481,84,11,7660,329.4
1782627941.682,84,11,7660,329.4
1782627941.882,84,11,7660,329.4
1782627942.083,84,11,7660,330.4
1782627942.283,84,11,7660,330.4
1782627942.483,77,10,7660,324.3
1782627942.684,77,10,7660,324.3
1782627942.884,77,10,7660,324.3
1782627943.085,77,10,7660,324.5
1782627943.285,77,10,7660,324.5
1782627943.486,77,9,7660,330.4
1782627943.686,77,9,7660,330.4
1782627943.886,77,9,7660,330.4
1782627944.087,77,9,7660,329.0
1782627944.287,77,9,7660,329.0
1782627944.487,75,9,7660,330.0
1782627944.688,75,9,7660,330.0
1782627944.888,75,9,7660,330.0
1782627945.089,75,9,7660,332.1
1782627945.289,75,9,7660,332.1
1782627945.490,75,9,7660,328.2
1782627945.690,75,9,7660,328.2
1782627945.891,75,9,7660,328.2
1782627946.091,75,9,7660,268.8
1782627946.292,75,9,7660,268.8
1782627946.493,0,0,7660,150.7
1782627946.693,0,0,7660,150.7
1782627946.894,0,0,7660,101.5
1782627947.094,0,0,7660,101.5
1782627947.295,0,0,7660,101.5
1782627947.495,94,12,7660,133.1
1782627947.696,94,12,7660,133.1
1782627947.896,94,12,7660,239.2
1782627948.097,94,12,7660,239.2
1782627948.297,94,12,7660,239.2
1782627948.498,63,8,7660,319.7
1782627948.698,63,8,7660,319.7
1782627948.898,63,8,7660,279.1
1782627949.099,63,8,7660,279.1
1782627949.299,63,8,7660,279.1
1782627949.500,60,8,7660,271.4
1782627949.700,60,8,7660,271.4
1782627949.901,60,8,7660,276.4
1782627950.101,60,8,7660,276.4
1782627950.301,60,8,7660,276.4
1782627950.502,61,8,7660,284.0
1782627950.702,61,8,7660,284.0
1782627950.903,61,8,7660,288.2
1782627951.103,61,8,7660,288.2
1782627951.304,61,8,7660,288.2
1782627951.504,56,7,7660,294.0
1782627951.705,56,7,7660,294.0
1782627951.905,56,7,7660,296.2
1782627952.106,56,7,7660,296.2
1782627952.306,56,7,7660,296.2
1782627952.506,64,8,7660,296.4
1782627952.707,64,8,7660,296.4
1782627952.907,64,8,7660,294.2
1782627953.108,64,8,7660,294.2
1782627953.308,64,8,7660,294.2
1782627953.509,65,9,7660,294.3
1782627953.709,65,9,7660,294.3
1782627953.910,65,9,7660,289.0
1782627954.110,65,9,7660,289.0
1782627954.310,65,9,7660,289.0
1782627954.511,65,9,7660,289.8
1782627954.711,65,9,7660,289.8
1782627954.912,65,9,7660,299.7
1782627955.112,65,9,7660,299.7
1782627955.313,65,9,7660,299.7
1782627955.513,83,11,7660,329.0
1782627955.713,83,11,7660,329.0
1782627955.914,83,11,7660,345.5
1782627956.114,83,11,7660,345.5
1782627956.315,83,11,7660,345.5
1782627956.515,83,11,7660,344.8
1782627956.716,83,11,7660,344.8
1782627956.916,83,11,7660,342.7
1782627957.117,83,11,7660,342.7
1782627957.317,83,11,7660,342.7
1782627957.517,80,10,7660,345.5
1782627957.718,80,10,7660,345.5
1782627957.918,80,10,7660,348.5
1782627958.119,80,10,7660,348.5
1782627958.319,80,10,7660,348.5
1782627958.519,86,11,7660,344.7
1782627958.720,86,11,7660,344.7
1782627958.920,86,11,7660,346.3
1782627959.121,86,11,7660,346.3
1782627959.321,86,11,7660,346.3
1782627959.521,77,10,7660,347.0
1782627959.722,77,10,7660,347.0
1782627959.922,77,10,7660,347.6
1782627960.123,77,10,7660,347.6
1782627960.323,77,10,7660,347.6
1782627960.524,77,10,7660,341.0
1782627960.724,77,10,7660,341.0
1782627960.924,77,10,7660,343.7
1782627961.125,77,10,7660,343.7
1782627961.325,77,10,7660,343.7
1782627961.526,80,10,7660,350.0
1782627961.726,80,10,7660,350.0
1782627961.926,80,10,7660,346.4
1782627962.127,80,10,7660,346.4
1782627962.327,80,10,7660,346.4
1782627962.528,88,12,7660,349.5
1782627962.729,88,12,7660,349.5
1782627962.929,88,12,7660,247.4
1782627963.130,88,12,7660,247.4
1782627963.330,88,12,7660,247.4
1782627963.531,0,0,7660,118.1
1782627963.731,0,0,7660,118.1
1782627963.932,0,0,7660,101.0
1782627964.132,0,0,7660,101.0
1782627964.333,0,0,7660,101.0
1782627964.533,66,9,7660,200.8
1782627964.734,66,9,7660,200.8
1782627964.934,66,9,7660,286.1
1782627965.135,66,9,7660,286.1
1782627965.335,66,9,7660,286.1
1782627965.536,64,8,7660,289.2
1782627965.736,64,8,7660,289.2
1782627965.937,64,8,7660,277.2
1782627966.137,64,8,7660,277.2
1782627966.337,64,8,7660,277.2
1782627966.538,52,7,7660,277.4
1782627966.738,52,7,7660,277.4
1782627966.939,52,7,7660,283.3
1782627967.139,52,7,7660,283.3
1782627967.339,52,7,7660,283.3
1782627967.540,65,9,7660,284.6
1782627967.740,65,9,7660,284.6
1782627967.941,65,9,7660,280.0
1782627968.141,65,9,7660,280.0
1782627968.342,65,9,7660,280.0
1782627968.542,52,7,7660,275.4
1782627968.743,52,7,7660,275.4
1782627968.943,52,7,7660,276.5
1782627969.143,52,7,7660,276.5
1782627969.344,52,7,7660,276.5
1782627969.544,59,8,7660,278.3
1782627969.745,59,8,7660,278.3
1782627969.945,59,8,7660,285.9
1782627970.146,59,8,7660,285.9
1782627970.346,59,8,7660,285.9
1782627970.547,56,8,7660,285.4
1782627970.747,56,8,7660,285.4
1782627970.947,56,8,7660,285.4
1782627971.148,56,8,7660,285.4
1782627971.348,56,8,7660,285.4
1782627971.549,51,7,7660,281.1
1782627971.749,51,7,7660,281.1
1782627971.950,51,7,7660,284.7
1782627972.150,51,7,7660,284.7
1782627972.351,51,7,7660,284.7
1782627972.551,81,11,7660,308.3
1782627972.751,81,11,7660,308.3
1782627972.952,81,11,7660,336.3
1782627973.152,81,11,7660,336.3
1782627973.353,81,11,7660,336.3
1782627973.553,89,13,7660,363.6
1782627973.754,89,13,7660,363.6
1782627973.954,89,13,7660,380.7
1782627974.154,89,13,7660,380.7
1782627974.355,89,13,7660,380.7
1782627974.555,91,13,7660,382.0
1782627974.755,91,13,7660,382.0
1782627974.956,91,13,7660,380.2
1782627975.156,91,13,7660,380.2
1782627975.357,91,13,7660,380.2
1782627975.557,89,12,7660,383.5
1782627975.758,89,12,7660,383.5
1782627975.958,89,12,7660,383.2
1782627976.159,89,12,7660,383.2
1782627976.359,89,12,7660,383.2
1782627976.559,88,12,7660,382.6
1782627976.760,88,12,7660,382.6
1782627976.960,88,12,7660,380.8
1782627977.161,88,12,7660,380.8
1782627977.361,88,12,7660,380.8
1782627977.562,89,12,7660,380.2
1782627977.762,89,12,7660,380.2
1782627977.963,89,12,7660,378.6
1782627978.163,89,12,7660,378.6
1782627978.364,89,12,7660,378.6
1782627978.564,0,0,7660,297.5
1782627978.765,0,0,7660,297.5
1782627978.965,0,0,7660,160.7
1782627979.166,0,0,7660,160.7
1782627979.366,0,0,7660,160.7
1782627979.567,0,0,7660,102.1
1782627979.767,0,0,7660,102.1
1782627979.968,0,0,7660,217.2
1782627980.168,0,0,7660,217.2
1782627980.369,0,0,7660,217.2
1782627980.569,63,8,7660,298.2
1782627980.769,63,8,7660,298.2
1782627980.970,63,8,7660,291.2
1782627981.170,63,8,7660,291.2
1782627981.371,63,8,7660,291.2
1782627981.571,63,9,7660,277.8
1782627981.772,63,9,7660,277.8
1782627981.972,63,9,7660,290.9
1782627982.173,63,9,7660,290.9
1782627982.374,63,9,7660,290.9
1782627982.574,64,9,7660,292.9
1782627982.774,64,9,7660,292.9
1782627982.975,64,9,7660,274.0
1782627983.175,64,9,7660,274.0
1782627983.376,64,9,7660,274.0
1782627983.576,64,9,7660,275.7
1782627983.777,64,9,7660,275.7
1782627983.977,64,9,7660,280.8
1782627984.177,64,9,7660,280.8
1782627984.378,64,9,7660,280.8
1782627984.578,64,9,7660,292.8
1782627984.778,64,9,7660,292.8
1782627984.979,64,9,7660,299.9
1782627985.179,64,9,7660,299.9
1782627985.380,64,9,7660,299.9
1782627985.580,55,7,7660,293.8
1782627985.781,55,7,7660,293.8
1782627985.981,55,7,7660,288.9
1782627986.181,55,7,7660,288.9
1782627986.381,55,7,7660,288.9
1782627986.582,57,8,7660,286.4
1782627986.782,57,8,7660,286.4
1782627986.983,57,8,7660,288.7
1782627987.183,57,8,7660,288.7
1782627987.384,57,8,7660,288.7
1782627987.584,53,7,7660,293.2
1782627987.785,53,7,7660,293.2
1782627987.985,53,7,7660,291.2
1782627988.186,53,7,7660,291.2
1782627988.386,53,7,7660,291.2
1782627988.587,0,0,7660,242.7
1782627988.787,0,0,7660,242.7
1782627988.988,0,0,7660,146.4
1782627989.188,0,0,7660,146.4
1782627989.389,0,0,7660,146.4
1782627989.589,0,0,7660,102.2
1782627989.790,0,0,7660,102.2
1782627989.990,0,0,7660,122.8
1782627990.191,0,0,7660,122.8
1782627990.392,0,0,7660,122.8
1782627990.592,39,2,7660,159.8
1782627990.793,39,2,7660,159.8
1782627990.993,39,2,7660,171.4
1782627991.194,39,2,7660,171.4
1782627991.394,39,2,7660,171.4
1782627991.595,41,2,7660,171.0
1782627991.796,41,2,7660,171.0
1782627991.996,41,2,7660,170.4
1782627992.197,41,2,7660,170.4
1782627992.397,38,2,7660,169.0
1782627992.598,38,2,7660,169.0
1782627992.799,38,2,7660,169.0
1782627992.999,38,2,7660,169.1
1782627993.200,38,2,7660,169.1
1782627993.400,40,2,7660,169.3
1782627993.601,40,2,7660,169.3
1782627993.802,40,2,7660,169.3
1782627994.002,40,2,7660,168.5
1782627994.203,40,2,7660,168.5
1782627994.404,40,2,7660,168.8
1782627994.604,40,2,7660,168.8
1782627994.805,40,2,7660,168.8
1782627995.005,40,2,7660,170.0
1782627995.206,40,2,7660,170.0
1782627995.406,0,0,7660,138.3
1782627995.607,0,0,7660,138.3
1782627995.808,0,0,7660,138.3
1782627996.008,0,0,7660,109.3
1782627996.209,0,0,7660,109.3
1782627996.409,40,2,7660,132.4
1782627996.610,40,2,7660,132.4
1782627996.811,40,2,7660,132.4
1782627997.011,40,2,7660,161.1
1782627997.212,40,2,7660,161.1
1782627997.412,39,2,7660,169.2
1782627997.613,39,2,7660,169.2
1782627997.814,39,2,7660,169.2
1782627998.014,39,2,7660,169.2
1782627998.215,39,2,7660,169.2
1782627998.415,39,2,7660,169.0
1782627998.616,39,2,7660,169.0
1782627998.817,39,2,7660,169.0
1782627999.017,39,2,7660,168.5
1782627999.218,39,2,7660,168.5
1782627999.418,50,2,7660,179.5
1782627999.619,50,2,7660,179.5
1782627999.819,50,2,7660,179.5
1782628000.020,50,2,7660,188.2
1782628000.221,50,2,7660,188.2
1782628000.421,39,2,7660,178.3
1782628000.622,39,2,7660,178.3
1782628000.822,39,2,7660,178.3
1782628001.023,39,2,7660,168.9
1782628001.223,39,2,7660,168.9
1782628001.424,0,0,7660,142.5
1782628001.624,0,0,7660,142.5
1782628001.825,0,0,7660,142.5
1782628002.026,0,0,7660,114.1
1782628002.226,0,0,7660,114.1
1782628002.427,40,2,7660,135.0
1782628002.627,40,2,7660,135.0
1782628002.828,40,2,7660,135.0
1782628003.028,40,2,7660,161.7
1782628003.229,40,2,7660,161.7
1782628003.429,39,2,7660,166.7
1782628003.630,39,2,7660,166.7
1782628003.830,39,2,7660,166.7
1782628004.031,39,2,7660,168.1
1782628004.231,39,2,7660,168.1
1782628004.432,40,2,7660,168.0
1782628004.632,40,2,7660,168.0
1782628004.833,40,2,7660,168.0
1782628005.034,40,2,7660,167.7
1782628005.234,40,2,7660,167.7
1782628005.435,37,2,7660,167.7
1782628005.635,37,2,7660,167.7
1782628005.836,37,2,7660,167.7
1782628006.036,37,2,7660,167.1
1782628006.237,37,2,7660,167.1
1782628006.438,39,2,7660,167.3
1782628006.638,39,2,7660,167.3
1782628006.839,39,2,7660,167.3
1782628007.039,39,2,7660,167.5
1782628007.240,39,2,7660,167.5
1782628007.440,0,0,7660,154.2
1782628007.641,0,0,7660,154.2
1782628007.842,0,0,7660,154.2
1782628008.042,0,0,7952,118.7
1782628008.243,0,0,7952,118.7
1782628008.443,45,2,7966,122.9
1782628008.643,45,2,7966,122.9
1782628008.844,45,2,7966,122.9
1782628009.044,45,2,7982,151.4
1782628009.245,45,2,7982,151.4
1782628009.445,41,2,7982,170.0
1782628009.646,41,2,7982,170.0
1782628009.846,41,2,7982,170.0
1782628010.047,41,2,7982,172.2
1782628010.247,41,2,7982,172.2
1782628010.447,45,2,7982,171.7
1782628010.648,45,2,7982,171.7
1782628010.848,45,2,7982,171.7
1782628011.049,45,2,7982,172.3
1782628011.249,45,2,7982,172.3
1782628011.449,37,2,7982,171.9
1782628011.650,37,2,7982,171.9
1782628011.850,37,2,7982,171.9
1782628012.051,37,2,7982,169.0
1782628012.251,37,2,7982,169.0
1782628012.451,39,2,7982,170.5
1782628012.652,39,2,7982,170.5
1782628012.852,39,2,7982,170.5
1782628013.053,39,2,7982,173.7
1782628013.253,39,2,7982,173.7
1782628013.454,41,2,7982,172.8
1782628013.654,41,2,7982,172.8
1782628013.854,41,2,7982,172.8
1782628014.055,41,2,7982,172.0
1782628014.255,41,2,7982,172.0
1782628014.456,43,2,7982,172.6
1782628014.656,43,2,7982,172.6
1782628014.857,43,2,7982,172.6
1782628015.057,43,2,7982,171.9
1782628015.257,43,2,7982,171.9
1782628015.458,43,2,7982,172.8
1782628015.658,43,2,7982,172.8
1782628015.859,43,2,7982,172.8
1782628016.059,43,2,7982,171.7
1782628016.260,43,2,7982,171.7
1782628016.460,45,3,7982,171.0
1782628016.660,45,3,7982,171.0
1782628016.861,45,3,7982,171.0
1782628017.061,45,3,7982,171.5
1782628017.262,45,3,7982,171.5
1782628017.462,42,2,7982,173.1
1782628017.663,42,2,7982,173.1
1782628017.863,42,2,7982,173.1
1782628018.064,42,2,7982,172.9
1782628018.264,42,2,7982,172.9
1782628018.465,45,3,7982,173.7
1782628018.665,45,3,7982,173.7
1782628018.866,45,3,7982,173.7
1782628019.066,45,3,7982,172.3
1782628019.266,45,3,7982,172.3
1782628019.467,42,2,7982,171.2
1782628019.667,42,2,7982,171.2
1782628019.868,42,2,7982,171.2
1782628020.068,42,2,7982,171.5
1782628020.269,42,2,7982,171.5
1782628020.469,43,2,7982,171.5
1782628020.669,43,2,7982,171.5
1782628020.870,43,2,7982,171.5
1782628021.070,43,2,7982,170.8
1782628021.271,43,2,7982,170.8
1782628021.471,46,3,7982,172.5
1782628021.672,46,3,7982,172.5
1782628021.872,46,3,7982,172.5
1782628022.073,46,3,7982,173.2
1782628022.273,46,3,7982,173.2
1782628022.473,47,3,7982,171.9
1782628022.674,47,3,7982,171.9
1782628022.874,47,3,7982,171.9
1782628023.075,47,3,7982,170.8
1782628023.275,47,3,7982,170.8
1782628023.476,42,2,7982,170.7
1782628023.676,42,2,7982,170.7
1782628023.877,42,2,7982,170.7
1782628024.077,42,2,7982,180.1
1782628024.278,42,2,7982,180.1
1782628024.478,47,2,7982,191.1
1782628024.679,47,2,7982,191.1
1782628024.879,47,2,7982,191.1
1782628025.080,47,2,7982,190.1
1782628025.281,47,2,7982,190.1
1782628025.481,59,3,7982,189.1
1782628025.682,59,3,7982,189.1
1782628025.882,59,3,7982,189.1
1782628026.083,59,3,7982,191.5
1782628026.283,59,3,7982,191.5
1782628026.484,53,2,7982,188.1
1782628026.685,53,2,7982,188.1
1782628026.885,53,2,7982,188.1
1782628027.086,53,2,7982,178.1
1782628027.286,53,2,7982,178.1
1782628027.487,41,2,7982,171.7
1782628027.687,41,2,7982,171.7
1782628027.888,41,2,7982,171.7
1782628028.088,41,2,7982,169.4
1782628028.289,41,2,7982,169.4
1782628028.489,41,2,7982,169.2
1782628028.690,41,2,7982,169.2
1782628028.891,41,2,7982,169.2
1782628029.091,41,2,7982,138.8
1782628029.292,41,2,7982,138.8
1782628029.492,0,0,7982,104.1
1782628029.693,0,0,7982,104.1
1782628029.893,0,0,7982,104.1
1782628030.094,0,0,7982,99.1
1782628030.295,0,0,7982,99.1
1782628030.495,0,0,7982,94.0
1782628030.696,0,0,7982,94.0
1782628030.896,0,0,7982,94.0
1782628031.097,0,0,7982,82.3
1782628031.297,0,0,7982,82.3
1782628031.498,0,0,7982,72.4
1782628031.699,0,0,7982,72.4
1782628031.899,0,0,7982,72.4
1782628032.100,0,0,7982,72.4
1782628032.300,0,0,7982,72.4
1782628032.501,43,2,7982,107.7
1782628032.701,43,2,7982,107.7
1782628032.901,43,2,7982,156.9
1782628033.102,43,2,7994,156.9
1782628033.302,43,2,7994,156.9
1782628033.503,42,2,7994,169.5
1782628033.703,42,2,7994,169.5
1782628033.904,42,2,7994,169.0
1782628034.104,42,2,7994,169.0
1782628034.305,42,2,7996,169.0
1782628034.505,43,2,7996,170.6
1782628034.706,43,2,7996,170.6
1782628034.906,43,2,7996,171.3
1782628035.107,43,2,7996,171.3
1782628035.307,43,2,7996,171.3
1782628035.507,42,3,7996,172.2
1782628035.708,42,3,7996,172.2
1782628035.908,42,3,7996,173.4
1782628036.109,42,3,7996,173.4
1782628036.309,42,3,7996,173.4
1782628036.509,40,2,7996,172.0
1782628036.710,40,2,7996,172.0
1782628036.910,40,2,7996,171.9
1782628037.111,40,2,7996,171.9
1782628037.311,40,2,7996,171.9
1782628037.512,44,3,7996,174.3
1782628037.712,44,3,7996,174.3
1782628037.913,44,3,7996,171.2
1782628038.113,44,3,7996,171.2
1782628038.313,44,3,7996,171.2
1782628038.514,38,2,7996,168.3
1782628038.714,38,2,7996,168.3
1782628038.915,38,2,7996,170.9
1782628039.115,38,2,7996,170.9
1782628039.316,38,2,7996,170.9
1782628039.516,45,3,7996,172.7
1782628039.716,45,3,7996,172.7
1782628039.917,45,3,7996,171.7
1782628040.117,45,3,7996,171.7
1782628040.318,45,3,7996,171.7
1782628040.518,34,2,7996,169.1
1782628040.719,34,2,7996,169.1
1782628040.919,34,2,7996,166.9
1782628041.120,34,2,7996,166.9
1782628041.320,34,2,7996,166.9
1782628041.520,43,3,7996,169.3
1782628041.721,43,3,7996,169.3
1782628041.921,43,3,7996,169.6
1782628042.122,43,3,7996,169.6
1782628042.322,43,3,7996,169.6
1782628042.523,38,2,7996,168.9
1782628042.723,38,2,7996,168.9
1782628042.924,38,2,7996,170.1
1782628043.124,38,2,7996,170.1
1782628043.324,38,2,7996,170.1
1782628043.525,42,2,7996,171.1
1782628043.725,42,2,7996,171.1
1782628043.926,42,2,7996,171.0
1782628044.126,42,2,7996,171.0
1782628044.327,42,2,7996,171.0
1782628044.527,41,2,7996,171.0
1782628044.727,41,2,7996,171.0
1782628044.928,41,2,7996,172.4
1782628045.128,41,2,7996,172.4
1782628045.329,41,2,7996,172.4
1782628045.529,33,2,7996,170.5
1782628045.730,33,2,7996,170.5
1782628045.930,33,2,7996,169.2
1782628046.130,33,2,7996,169.2
1782628046.331,33,2,7996,169.2
1782628046.531,40,2,7996,170.6
1782628046.732,40,2,7996,170.6
1782628046.932,40,2,7996,170.8
1782628047.132,40,2,7996,170.8
1782628047.333,40,2,7996,170.8
1782628047.533,39,2,7996,169.9
1782628047.734,39,2,7996,169.9
1782628047.934,39,2,7996,178.1
1782628048.134,39,2,7996,178.1
1782628048.335,39,2,7996,178.1
1782628048.535,55,3,7996,183.5
1782628048.736,55,3,7996,183.5
1782628048.937,55,3,7996,184.4
1782628049.137,55,3,7996,184.4
1782628049.338,55,3,7996,184.4
1782628049.538,53,2,7996,188.9
1782628049.739,53,2,7996,188.9
1782628049.939,53,2,7996,189.6
1782628050.140,53,2,7996,189.6
1782628050.340,53,2,7996,189.6
1782628050.541,40,2,7996,181.2
1782628050.741,40,2,7996,181.2
1782628050.942,40,2,7996,172.2
1782628051.142,40,2,7996,172.2
1782628051.343,40,2,7996,172.2
1782628051.544,40,2,7996,168.5
1782628051.744,40,2,7996,168.5
1782628051.945,40,2,7996,167.8
1782628052.145,40,2,7996,167.8
1782628052.346,40,2,7996,167.8
1782628052.546,41,2,7996,167.6
1782628052.747,41,2,7996,167.6
1782628052.947,41,2,7996,145.4
1782628053.148,41,2,7996,145.4
1782628053.348,41,2,7996,145.4
1782628053.549,0,0,7996,115.7
1782628053.749,0,0,7996,115.7
1782628053.950,0,0,7996,98.3
1782628054.150,0,0,7996,98.3
1782628054.351,0,0,7996,98.3
1782628054.552,0,0,7996,93.3
1782628054.752,0,0,7996,93.3
1782628054.953,0,0,7996,80.0
1782628055.153,0,0,7996,80.0
1782628055.354,0,0,7996,80.0
1782628055.554,0,0,7996,71.9
1782628055.755,0,0,7996,71.9
1782628055.956,0,0,7996,72.0
1782628056.156,0,0,7996,72.0
1782628056.357,0,0,7996,72.0
1782628056.557,43,2,7996,94.4
1782628056.757,43,2,7996,94.4
1782628056.958,43,2,7996,138.9
1782628057.158,43,2,7996,138.9
1782628057.359,43,2,7996,138.9
1782628057.559,46,3,7996,168.6
1782628057.760,46,3,7996,168.6
1782628057.960,46,3,7996,169.9
1782628058.161,46,3,7996,169.9
1782628058.361,46,3,7996,169.9
1782628058.561,44,3,7996,171.3
1782628058.762,44,3,7996,171.3
1782628058.962,44,3,7996,172.5
1782628059.163,44,3,7996,172.5
1782628059.363,44,3,7996,172.5
1782628059.564,43,2,7996,171.1
1782628059.764,43,2,7996,171.1
1782628059.965,43,2,7996,170.1
1782628060.165,43,2,7996,170.1
1782628060.365,43,2,7996,170.1
1782628060.566,47,3,7996,173.1
1782628060.766,47,3,7996,173.1
1782628060.967,47,3,7996,172.7
1782628061.167,47,3,7996,172.7
1782628061.367,47,3,7996,172.7
1782628061.568,46,3,7996,170.8
1782628061.768,46,3,7996,170.8
1782628061.969,46,3,7996,169.5
1782628062.169,46,3,7996,169.5
1782628062.370,46,3,7996,169.5
1782628062.570,47,3,7996,170.0
1782628062.770,47,3,7996,170.0
1782628062.971,47,3,7996,170.7
1782628063.171,47,3,7996,170.7
1782628063.372,47,3,7996,170.7
1782628063.572,43,3,7996,170.5
1782628063.772,43,3,7996,170.5
1782628063.973,43,3,7996,171.8
1782628064.173,43,3,7996,171.8
1782628064.374,43,3,7996,171.8
1782628064.574,41,2,7996,172.1
1782628064.775,41,2,7996,172.1
1782628064.975,41,2,7996,169.7
1782628065.176,41,2,7996,169.7
1782628065.376,41,2,7996,169.7
1782628065.576,41,2,7996,168.3
1782628065.777,41,2,7996,168.3
1782628065.977,41,2,7996,166.7
1782628066.178,41,2,7996,166.7
1782628066.378,41,2,7996,166.7
1782628066.579,42,2,7996,167.2
1782628066.781,42,2,7996,167.2
1782628066.981,42,2,7996,170.7
1782628067.182,42,2,7996,170.7
1782628067.382,42,2,7996,170.7
1782628067.583,46,3,7996,172.2
1782628067.783,46,3,7996,172.2
1782628067.984,46,3,7996,172.0
1782628068.184,46,3,7996,172.0
1782628068.385,46,3,7996,172.0
1782628068.585,49,3,7996,173.0
1782628068.785,49,3,7996,173.0
1782628068.986,49,3,7996,172.0
1782628069.186,49,3,7996,172.0
1782628069.387,49,3,7996,172.0
1782628069.587,40,2,7996,170.1
1782628069.787,40,2,7996,170.1
1782628069.988,40,2,7996,169.2
1782628070.188,40,2,7996,169.2
1782628070.389,40,2,7996,169.2
1782628070.589,42,2,7996,169.8
1782628070.790,42,2,7996,169.8
1782628070.990,42,2,7996,169.4
1782628071.190,42,2,7996,169.4
1782628071.391,42,2,7996,169.4
1782628071.591,38,2,7996,167.7
1782628071.792,38,2,7996,167.7
1782628071.992,38,2,7996,172.3
1782628072.193,38,2,7996,172.3
1782628072.394,38,2,7996,172.3
1782628072.594,53,3,7996,184.0
1782628072.795,53,3,7996,184.0
1782628072.995,53,3,7996,186.4
1782628073.196,53,3,7996,186.4
1782628073.396,53,3,7996,186.4
1782628073.597,48,2,7996,186.6
1782628073.798,48,2,7996,186.6
1782628073.998,48,2,7996,190.4
1782628074.199,48,2,7996,190.4
1782628074.399,48,2,7996,184.7
1782628074.600,50,2,7996,184.7
1782628074.801,50,2,7996,184.7
1782628075.001,50,2,7996,180.6
1782628075.202,50,2,7996,180.6
1782628075.402,41,2,7996,173.5
1782628075.603,41,2,7996,173.5
1782628075.803,41,2,7996,173.5
1782628076.004,41,2,7996,166.3
1782628076.204,41,2,7996,166.3
1782628076.405,42,2,7996,165.8
1782628076.606,42,2,7996,165.8
1782628076.806,42,2,7996,165.8
1782628077.007,42,2,7996,142.1
1782628077.207,42,2,7996,142.1
1782628077.408,0,0,7996,111.0
1782628077.609,0,0,7996,111.0
1782628077.809,0,0,7996,111.0
1782628078.010,0,0,7996,98.2
1782628078.210,0,0,7996,98.2
1782628078.411,0,0,7996,93.1
1782628078.612,0,0,7996,93.1
1782628078.812,0,0,7996,93.1
1782628079.013,0,0,7996,81.4
1782628079.213,0,0,7996,81.4
1782628079.414,0,0,7996,71.2
1782628079.614,0,0,7996,71.2
1782628079.815,0,0,7996,71.2
1782628080.016,0,0,7996,71.1
1782628080.216,0,0,7996,71.1
1782628080.417,83,5,7996,136.3
1782628080.617,83,5,7996,136.3
1782628080.818,83,5,7996,136.3
1782628081.018,83,5,7996,233.0
1782628081.219,83,5,7996,233.0
1782628081.419,86,6,7996,261.9
1782628081.620,86,6,7996,261.9
1782628081.820,86,6,7996,261.9
1782628082.021,86,6,7996,262.0
1782628082.221,86,6,7996,262.0
1782628082.422,85,6,7996,266.4
1782628082.622,85,6,7996,266.4
1782628082.823,85,6,7996,266.4
1782628083.023,85,6,7996,268.7
1782628083.224,85,6,7996,268.7
1782628083.424,83,6,7996,267.2
1782628083.625,83,6,7996,267.2
1782628083.825,83,6,7996,267.2
1782628084.026,83,6,7996,265.3
1782628084.226,83,6,7996,265.3
1782628084.427,85,6,7996,263.6
1782628084.627,85,6,7996,263.6
1782628084.828,85,6,7996,263.6
1782628085.028,85,6,7996,261.4
1782628085.229,85,6,7996,261.4
1782628085.429,84,6,7996,260.5
1782628085.630,84,6,7996,260.5
1782628085.830,84,6,7996,260.5
1782628086.031,84,6,7996,260.8
1782628086.231,84,6,7996,260.8
1782628086.431,86,6,7996,262.4
1782628086.632,86,6,7996,262.4
1782628086.832,86,6,7996,262.4
1782628087.033,86,6,7996,262.7
1782628087.233,86,6,7996,262.7
1782628087.434,86,6,7996,263.5
1782628087.634,86,6,7996,263.5
1782628087.835,86,6,7996,263.5
1782628088.035,86,6,7996,264.6
1782628088.236,86,6,7996,264.6
1782628088.436,83,5,7996,262.2
1782628088.637,83,5,7996,262.2
1782628088.837,83,5,7996,262.2
1782628089.038,83,5,7996,263.4
1782628089.238,83,5,7996,263.4
1782628089.439,0,0,7996,229.1
1782628089.639,0,0,7996,229.1
1782628089.840,0,0,7996,229.1
1782628090.041,0,0,7996,145.9
1782628090.241,0,0,7996,145.9
1782628090.442,88,5,7996,135.1
1782628090.642,88,5,7996,135.1
1782628090.843,88,5,7996,135.1
1782628091.043,88,5,7996,203.1
1782628091.244,88,5,7996,203.1
1782628091.444,89,6,7996,262.6
1782628091.645,89,6,7996,262.6
1782628091.845,89,6,7996,262.6
1782628092.046,89,6,7996,271.1
1782628092.246,89,6,7996,271.1
1782628092.446,90,6,7996,269.2
1782628092.649,90,6,7996,269.2
1782628092.850,90,6,7996,269.2
1782628093.050,90,6,7996,269.8
1782628093.251,90,6,7996,269.8
1782628093.451,86,6,7996,268.6
1782628093.651,86,6,7996,268.6
1782628093.852,86,6,7996,268.6
1782628094.052,86,6,7996,264.3
1782628094.253,86,6,7996,264.3
1782628094.453,87,6,7996,264.4
1782628094.654,87,6,7996,264.4
1782628094.854,87,6,7996,264.4
1782628095.055,87,6,7996,264.1
1782628095.255,87,6,7996,264.1
1782628095.456,85,6,7996,262.2
1782628095.656,85,6,7996,262.2
1782628095.857,85,6,7996,262.2
1782628096.057,85,6,7996,262.5
1782628096.258,85,6,7996,262.5
1782628096.458,83,6,7996,266.3
1782628096.659,83,6,7996,266.3
1782628096.859,83,6,7996,266.3
1782628097.059,83,6,7996,266.7
1782628097.260,83,6,7996,266.7
1782628097.460,86,6,7996,266.7
1782628097.661,86,6,7996,266.7
1782628097.861,86,6,7996,266.7
1782628098.062,86,6,7996,263.6
1782628098.262,86,6,7996,263.6
1782628098.463,85,6,7996,261.6
1782628098.663,85,6,7996,261.6
1782628098.864,85,6,7996,261.6
1782628099.064,85,6,7996,264.1
1782628099.265,85,6,7996,264.1
1782628099.465,0,0,7996,243.1
1782628099.666,0,0,7996,243.1
1782628099.866,0,0,7996,243.1
1782628100.066,0,0,7996,166.8
1782628100.267,0,0,7996,166.8
1782628100.467,88,5,7996,137.6
1782628100.668,88,5,7996,137.6
1782628100.868,88,5,7996,137.6
1782628101.069,88,5,7996,210.0
1782628101.269,88,5,7996,210.0
1782628101.470,89,6,7996,260.9
1782628101.670,89,6,7996,260.9
1782628101.871,89,6,7996,260.9
1782628102.071,89,6,7996,265.8
1782628102.272,89,6,7996,265.8
1782628102.473,86,6,7996,268.8
1782628102.673,86,6,7996,268.8
1782628102.874,86,6,7996,268.8
1782628103.074,86,6,7996,270.0
1782628103.275,86,6,7996,270.0
1782628103.475,88,6,7996,267.8
1782628103.676,88,6,7996,267.8
1782628103.876,88,6,7996,267.8
1782628104.077,88,6,7996,267.7
1782628104.277,88,6,7996,267.7
1782628104.478,83,6,7996,267.0
1782628104.678,83,6,7996,267.0
1782628104.879,83,6,7996,267.0
1782628105.079,83,6,7996,265.7
1782628105.280,83,6,7996,265.7
1782628105.480,86,6,7996,266.3
1782628105.681,86,6,7996,266.3
1782628105.881,86,6,7996,266.3
1782628106.082,86,6,7996,267.0
1782628106.282,86,6,7996,267.0
1782628106.483,90,6,7996,266.8
1782628106.683,90,6,7996,266.8
1782628106.884,90,6,7996,266.8
1782628107.084,90,6,7996,263.2
1782628107.285,90,6,7996,263.2
1782628107.485,87,6,7996,263.2
1782628107.686,87,6,7996,263.2
1782628107.886,87,6,7996,263.2
1782628108.087,87,6,7996,261.6
1782628108.287,87,6,7996,261.6
1782628108.488,86,6,7996,265.3
1782628108.688,86,6,7996,265.3
1782628108.889,86,6,7996,265.3
1782628109.089,86,6,7996,262.6
1782628109.290,86,6,7996,262.6
1782628109.490,0,0,7996,244.0
1782628109.691,0,0,7996,244.0
1782628109.892,0,0,7996,244.0
1782628110.092,0,0,7996,165.8
1782628110.293,0,0,7996,165.8
1782628110.493,88,5,7996,117.1
1782628110.694,88,5,7996,117.1
1782628110.894,88,5,7996,117.1
1782628111.095,88,5,7996,172.0
1782628111.295,88,5,7996,172.0
1782628111.496,63,4,7996,221.1
1782628111.696,63,4,7996,221.1
1782628111.896,63,4,7996,221.1
1782628112.097,63,4,7996,215.3
1782628112.297,63,4,7996,215.3
1782628112.498,61,4,7996,215.9
1782628112.698,61,4,7996,215.9
1782628112.898,61,4,7996,215.9
1782628113.099,61,4,7996,215.9
1782628113.299,61,4,7996,215.9
1782628113.500,68,5,7996,216.9
1782628113.700,68,5,7996,216.9
1782628113.900,68,5,7996,216.9
1782628114.101,68,5,7996,216.4
1782628114.301,68,5,7996,216.4
1782628114.502,56,4,7996,215.4
1782628114.702,56,4,7996,215.4
1782628114.903,56,4,7996,215.3
1782628115.103,56,4,7996,215.3
1782628115.304,56,4,7996,215.3
1782628115.504,67,5,7996,216.8
1782628115.705,67,5,7996,216.8
1782628115.905,67,5,7996,219.0
1782628116.106,67,5,7996,219.0
1782628116.306,67,5,7996,219.0
1782628116.507,70,5,7996,218.1
1782628116.707,70,5,7996,218.1
1782628116.908,70,5,7996,216.6
1782628117.108,70,5,7996,216.6
1782628117.308,70,5,7996,216.6
1782628117.509,65,5,7996,218.3
1782628117.709,65,5,7996,218.3
1782628117.910,65,5,7996,219.3
1782628118.110,65,5,7996,219.3
1782628118.311,65,5,7996,219.3
1782628118.511,69,5,7996,218.2
1782628118.712,69,5,7996,218.2
1782628118.912,69,5,7996,217.5
1782628119.112,69,5,7996,217.5
1782628119.313,69,5,7996,217.5
1782628119.513,75,5,7996,218.4
1782628119.714,75,5,7996,218.4
1782628119.914,75,5,7996,214.8
1782628120.115,75,5,7996,214.8
1782628120.315,75,5,7996,214.8
1782628120.516,62,4,7996,212.1
1782628120.716,62,4,7996,212.1
1782628120.917,62,4,7996,215.4
1782628121.117,62,4,7996,215.4
1782628121.317,62,4,7996,215.4
1782628121.518,67,5,7996,219.7
1782628121.718,67,5,7996,219.7
1782628121.919,67,5,7996,218.9
1782628122.119,67,5,7996,218.9
1782628122.319,67,5,7996,218.9
1782628122.520,69,5,7996,219.3
1782628122.720,69,5,7996,219.3
1782628122.920,69,5,7996,219.2
1782628123.121,69,5,7996,219.2
1782628123.321,69,5,7996,219.2
1782628123.522,65,5,7996,217.2
1782628123.722,65,5,7996,217.2
1782628123.923,65,5,7996,220.3
1782628124.123,65,5,7996,220.3
1782628124.324,65,5,7996,220.3
1782628124.524,68,5,7996,223.6
1782628124.724,68,5,7996,223.6
1782628124.925,68,5,7996,221.8
1782628125.125,68,5,7996,221.8
1782628125.326,68,5,7996,221.8
1782628125.526,59,4,7996,215.6
1782628125.726,59,4,7996,215.6
1782628125.927,59,4,7996,216.1
1782628126.127,59,4,7996,216.1
1782628126.328,59,4,7996,216.1
1782628126.528,82,6,7996,223.4
1782628126.729,82,6,7996,223.4
1782628126.929,82,6,7996,244.1
1782628127.130,82,6,7996,244.1
1782628127.330,82,6,7996,244.1
1782628127.531,79,5,7996,259.7
1782628127.731,79,5,7996,259.7
1782628127.932,79,5,7996,256.5
1782628128.132,79,5,7996,256.5
1782628128.333,79,5,7996,256.5
1782628128.534,84,6,7996,254.8
1782628128.734,84,6,7996,254.8
1782628128.934,84,6,7996,252.3
1782628129.135,84,6,7996,252.3
1782628129.335,84,6,7996,252.3
1782628129.536,80,5,7996,255.5
1782628129.736,80,5,7996,255.5
1782628129.937,80,5,7996,260.5
1782628130.137,80,5,7996,260.5
1782628130.338,80,5,7996,260.5
1782628130.538,80,5,7996,256.1
1782628130.739,80,5,7996,256.1
1782628130.939,80,5,7996,258.1
1782628131.140,80,5,7996,258.1
1782628131.340,80,5,7996,258.1
1782628131.541,83,6,7996,265.6
1782628131.741,83,6,7996,265.6
1782628131.942,83,6,7996,269.0
1782628132.142,83,6,7996,269.0
1782628132.343,83,6,7996,269.0
1782628132.543,86,6,7996,268.2
1782628132.744,86,6,7996,268.2
1782628132.944,86,6,7996,266.3
1782628133.145,86,6,7996,266.3
1782628133.345,86,6,7996,266.3
1782628133.546,85,6,7996,264.1
1782628133.746,85,6,7996,264.1
1782628133.947,85,6,7996,263.9
1782628134.147,85,6,7996,263.9
1782628134.348,85,6,7996,263.9
1782628134.548,85,6,7996,265.4
1782628134.749,85,6,7996,265.4
1782628134.949,85,6,7996,265.6
1782628135.150,85,6,7996,265.6
1782628135.350,85,6,7996,265.6
1782628135.550,0,0,7996,188.6
1782628135.751,0,0,7996,188.6
1782628135.951,0,0,7996,99.9
1782628136.152,0,0,7996,99.9
1782628136.352,0,0,7996,99.9
1782628136.553,0,0,7996,99.6
1782628136.753,0,0,7996,99.6
1782628136.953,0,0,7996,92.9
1782628137.154,0,0,7996,92.9
1782628137.354,0,0,7996,92.9
1782628137.555,0,0,7996,79.2
1782628137.755,0,0,7996,79.2
1782628137.956,0,0,7996,73.6
1782628138.157,0,0,7996,73.6
1782628138.357,0,0,7996,73.6
1782628138.558,28,2,7996,77.0
1782628138.758,28,2,7996,77.0
1782628138.959,28,2,7996,147.6
1782628139.159,28,2,7996,147.6
1782628139.360,28,2,7996,147.6
1782628139.560,68,5,7996,222.4
1782628139.760,68,5,7996,222.4
1782628139.961,68,5,7996,215.3
1782628140.161,68,5,7996,215.3
1782628140.362,68,5,7996,215.3
1782628140.562,69,5,7996,217.0
1782628140.763,69,5,7996,217.0
1782628140.963,69,5,7996,216.9
1782628141.163,69,5,7996,216.9
1782628141.364,69,5,7996,216.9
1782628141.564,64,4,7996,214.4
1782628141.765,64,4,7996,214.4
1782628141.965,64,4,7996,215.8
1782628142.166,64,4,7996,215.8
1782628142.366,64,4,7996,215.8
1782628142.566,69,5,7996,215.9
1782628142.767,69,5,7996,215.9
1782628142.967,69,5,7996,211.8
1782628143.168,69,5,7996,211.8
1782628143.368,69,5,7996,211.8
1782628143.569,70,5,7996,215.5
1782628143.769,70,5,7996,215.5
1782628143.970,70,5,7996,218.4
1782628144.170,70,5,7996,218.4
1782628144.371,70,5,7996,218.4
1782628144.571,70,5,7996,217.8
1782628144.772,70,5,7996,217.8
1782628144.972,70,5,7996,217.9
1782628145.173,70,5,7996,217.9
1782628145.373,70,5,7996,217.9
1782628145.573,70,5,7996,218.7
1782628145.774,70,5,7996,218.7
1782628145.974,70,5,7996,218.5
1782628146.175,70,5,7996,218.5
1782628146.375,70,5,7996,218.5
1782628146.576,68,5,7996,219.0
1782628146.776,68,5,7996,219.0
1782628146.977,68,5,7996,217.7
1782628147.177,68,5,7996,217.7
1782628147.377,68,5,7996,217.7
1782628147.578,65,4,7996,218.3
1782628147.778,65,4,7996,218.3
1782628147.979,65,4,7996,217.4
1782628148.179,65,4,8010,217.4
1782628148.380,65,4,8010,217.4
1782628148.580,68,5,8010,216.4
1782628148.780,68,5,8010,216.4
1782628148.981,68,5,8010,218.5
1782628149.181,68,5,8010,218.5
1782628149.382,68,5,8010,218.5
1782628149.582,67,5,8010,219.9
1782628149.783,67,5,8010,219.9
1782628149.983,67,5,8010,220.5
1782628150.183,67,5,8010,220.5
1782628150.384,67,5,8010,220.5
1782628150.584,67,4,8010,221.4
1782628150.785,67,4,8010,221.4
1782628150.985,67,4,8010,219.6
1782628151.186,67,4,8010,219.6
1782628151.386,67,4,8010,219.6
1782628151.586,71,5,8010,220.1
1782628151.787,71,5,8010,220.1
1782628151.987,71,5,8010,221.8
1782628152.187,71,5,8010,221.8
1782628152.388,71,5,8010,221.8
1782628152.588,61,4,8010,220.5
1782628152.789,61,4,8010,220.5
1782628152.989,61,4,8010,220.9
1782628153.190,61,4,8010,220.9
1782628153.390,61,4,8010,220.9
1782628153.591,67,5,8010,219.2
1782628153.791,67,5,8010,219.2
1782628153.991,67,5,8010,217.3
1782628154.192,67,5,8010,217.3
1782628154.392,67,5,8010,217.3
1782628154.593,68,4,8010,219.9
1782628154.793,68,4,8010,219.9
1782628154.994,68,4,8010,240.8
1782628155.194,68,4,8010,240.8
1782628155.395,68,4,8010,240.8
1782628155.595,85,6,8010,258.3
1782628155.796,85,6,8010,258.3
1782628155.996,85,6,8010,258.7
1782628156.197,85,6,8010,258.7
1782628156.397,85,6,8010,258.7
1782628156.598,77,5,8010,259.7
1782628156.798,77,5,8010,259.7
1782628156.999,77,5,8010,261.1
1782628157.199,77,5,8010,261.1
1782628157.400,77,5,8010,261.1
1782628157.600,76,5,8010,256.7
1782628157.800,76,5,8010,256.7
1782628158.001,76,5,8010,257.4
1782628158.201,76,5,8010,257.4
1782628158.402,76,5,8010,257.4
1782628158.603,74,5,8010,258.2
1782628158.803,74,5,8010,258.2
1782628159.004,74,5,8010,253.4
1782628159.204,74,5,8010,253.4
1782628159.405,84,6,8010,256.6
1782628159.606,84,6,8010,256.6
1782628159.806,84,6,8010,256.6
1782628160.007,84,6,8010,264.0
1782628160.207,84,6,8010,264.0
1782628160.408,84,6,8010,266.1
1782628160.608,84,6,8010,266.1
1782628160.809,84,6,8010,266.1
1782628161.009,84,6,8010,268.5
1782628161.210,84,6,8010,268.5
1782628161.411,88,6,8010,268.6
1782628161.611,88,6,8010,268.6
1782628161.812,88,6,8010,268.6
1782628162.012,88,6,8010,270.4
1782628162.213,88,6,8010,270.4
1782628162.414,87,6,8010,269.5
1782628162.614,87,6,8010,269.5
1782628162.815,87,6,8010,269.5
1782628163.015,87,6,8010,264.7
1782628163.216,87,6,8010,264.7
1782628163.416,0,0,8010,188.2
1782628163.617,0,0,8010,188.2
1782628163.818,0,0,8010,188.2
1782628164.018,0,0,8010,99.5
1782628164.219,0,0,8010,99.5
1782628164.419,0,0,8010,99.4
1782628164.620,0,0,8010,99.4
1782628164.821,0,0,8010,99.4
1782628165.021,0,0,8010,93.0
1782628165.222,0,0,8010,93.0
1782628165.422,0,0,8010,79.9
1782628165.623,0,0,8010,79.9
1782628165.824,0,0,8010,79.9
1782628166.024,0,0,8010,74.0
1782628166.225,0,0,8010,74.0
1782628166.425,37,2,8010,79.4
1782628166.626,37,2,8010,79.4
1782628166.826,37,2,8010,79.4
1782628167.027,37,2,8010,154.4
1782628167.227,37,2,8010,154.4
1782628167.428,64,4,8010,212.2
1782628167.628,64,4,8010,212.2
1782628167.829,64,4,8010,212.2
1782628168.029,64,4,8010,213.1
1782628168.230,64,4,8010,213.1
1782628168.430,65,4,8010,214.9
1782628168.631,65,4,8010,214.9
1782628168.831,65,4,8010,214.9
1782628169.032,65,4,8010,220.0
1782628169.232,65,4,8010,220.0
1782628169.432,70,5,8010,220.7
1782628169.633,70,5,8010,220.7
1782628169.833,70,5,8010,220.7
1782628170.034,70,5,8010,219.0
1782628170.234,70,5,8010,219.0
1782628170.435,69,5,8010,221.5
1782628170.635,69,5,8010,221.5
1782628170.835,69,5,8010,221.5
1782628171.036,69,5,8010,219.7
1782628171.237,69,5,8010,219.7
1782628171.437,63,4,8010,216.8
1782628171.637,63,4,8010,216.8
1782628171.838,63,4,8010,216.8
1782628172.038,63,4,8010,216.4
1782628172.239,63,4,8010,216.4
1782628172.439,70,5,8010,215.4
1782628172.640,70,5,8010,215.4
1782628172.840,70,5,8010,215.4
1782628173.041,70,5,8010,220.2
1782628173.241,70,5,8010,220.2
1782628173.441,70,5,8010,222.3
1782628173.642,70,5,8010,222.3
1782628173.842,70,5,8010,222.3
1782628174.043,70,5,8010,220.9
1782628174.243,70,5,8010,220.9
1782628174.444,65,4,8010,218.9
1782628174.644,65,4,8010,218.9
1782628174.844,65,4,8010,218.9
1782628175.045,65,4,8010,216.4
1782628175.245,65,4,8010,216.4
1782628175.446,69,5,8010,218.1
1782628175.646,69,5,8010,218.1
1782628175.846,69,5,8010,218.1
1782628176.047,69,5,8010,219.2
1782628176.247,69,5,8010,219.2
1782628176.448,61,4,8010,220.8
1782628176.648,61,4,8010,220.8
1782628176.849,61,4,8010,220.8
1782628177.049,61,4,8010,217.3
1782628177.250,61,4,8010,217.3
1782628177.450,62,4,8010,214.4
1782628177.651,62,4,8010,214.4
1782628177.851,62,4,8010,214.4
1782628178.051,62,4,8010,219.4
1782628178.252,62,4,8010,219.4
1782628178.452,67,5,8010,220.2
1782628178.653,67,5,8010,220.2
1782628178.853,67,5,8010,220.2
1782628179.054,67,5,8010,217.8
1782628179.254,67,5,8010,217.8
1782628179.454,70,5,8010,218.9
1782628179.655,70,5,8010,218.9
1782628179.855,70,5,8010,218.9
1782628180.056,70,5,8010,221.7
1782628180.256,70,5,8010,221.7
1782628180.456,64,4,8010,217.3
1782628180.657,64,4,8010,217.3
1782628180.857,64,4,8010,217.3
1782628181.058,64,4,8010,215.7
1782628181.258,64,4,8010,215.7
1782628181.459,64,4,8010,217.7
1782628181.659,64,4,8010,217.7
1782628181.860,64,4,8010,217.7
1782628182.060,64,4,8010,218.5
1782628182.260,64,4,8010,218.5
1782628182.461,67,4,8010,220.0
1782628182.661,67,4,8010,220.0
1782628182.862,67,4,8010,220.0
1782628183.062,67,4,8010,238.4
1782628183.263,67,4,8010,238.4
1782628183.463,74,5,8010,259.3
1782628183.663,74,5,8010,259.3
1782628183.864,74,5,8010,259.3
1782628184.064,74,5,8010,259.3
1782628184.265,74,5,8010,259.3
1782628184.465,70,5,8010,258.6
1782628184.666,70,5,8010,258.6
1782628184.866,70,5,8010,258.6
1782628185.066,70,5,8010,257.0
1782628185.267,70,5,8010,257.0
1782628185.467,89,7,8010,257.2
1782628185.668,89,7,8010,257.2
1782628185.870,89,7,8010,257.2
1782628186.070,89,7,8010,260.6
1782628186.271,89,7,8010,260.6
1782628186.471,74,5,8010,256.6
1782628186.672,74,5,8010,256.6
1782628186.873,74,5,8010,256.6
1782628187.073,74,5,8010,261.1
1782628187.274,74,5,8010,261.1
1782628187.474,84,6,8010,263.0
1782628187.675,84,6,8010,263.0
1782628187.875,84,6,8010,263.0
1782628188.076,84,6,8010,266.2
1782628188.276,84,6,8010,266.2
1782628188.477,89,6,8010,271.2
1782628188.678,89,6,8010,271.2
1782628188.878,89,6,8010,271.2
1782628189.079,89,6,8010,274.5
1782628189.279,89,6,8010,274.5
1782628189.480,91,6,8010,272.7
1782628189.680,91,6,8010,272.7
1782628189.881,91,6,8010,272.7
1782628190.081,91,6,8010,271.0
1782628190.282,91,6,8010,271.0
1782628190.482,88,6,8010,269.1
1782628190.683,88,6,8010,269.1
1782628190.883,88,6,8010,269.1
1782628191.084,88,6,8010,252.9
1782628191.285,88,6,8010,252.9
1782628191.485,0,0,8010,176.6
1782628191.686,0,0,8010,176.6
1782628191.886,0,0,8010,176.6
1782628192.087,0,0,8010,98.6
1782628192.287,0,0,8010,98.6
1782628192.488,0,0,8010,98.7
1782628192.688,0,0,8010,98.7
1782628192.889,0,0,8010,98.7
1782628193.090,0,0,8010,92.0
1782628193.290,0,0,8010,92.0
1782628193.491,0,0,8010,80.4
1782628193.691,0,0,8010,80.4
1782628193.892,0,0,8010,80.4
1782628194.093,0,0,8010,73.2
1782628194.293,0,0,8010,73.2
1782628194.494,95,7,8010,97.8
1782628194.694,95,7,8010,97.8
1782628194.895,95,7,8010,97.8
1782628195.095,95,7,8010,207.9
1782628195.295,95,7,8010,207.9
1782628195.496,87,6,8010,308.5
1782628195.696,87,6,8010,308.5
1782628195.897,87,6,8010,308.5
1782628196.097,87,6,8010,299.2
1782628196.298,87,6,8010,299.2
1782628196.498,90,7,8010,305.0
1782628196.699,90,7,8010,305.0
1782628196.899,90,7,8010,305.0
1782628197.100,90,7,8010,313.3
1782628197.300,90,7,8010,313.3
1782628197.501,87,7,8010,320.8
1782628197.701,87,7,8010,320.8
1782628197.902,87,7,8010,320.8
1782628198.102,87,7,8010,308.6
1782628198.303,87,7,8010,308.6
1782628198.503,90,7,8010,302.9
1782628198.704,90,7,8010,302.9
1782628198.904,90,7,8010,302.9
1782628199.105,90,7,8010,311.6
1782628199.305,90,7,8010,311.6
1782628199.506,82,6,8010,315.2
1782628199.706,82,6,8010,315.2
1782628199.907,82,6,8010,310.5
1782628200.107,82,6,8010,310.5
1782628200.308,82,6,8010,310.5
1782628200.508,92,8,8010,306.4
1782628200.708,92,8,8010,306.4
1782628200.909,92,8,8010,308.8
1782628201.109,92,8,8010,308.8
1782628201.310,92,8,8010,308.8
1782628201.510,88,7,8010,312.0
1782628201.711,88,7,8010,312.0
1782628201.911,88,7,8010,309.7
1782628202.111,88,7,8010,309.7
1782628202.312,88,7,8010,309.7
1782628202.512,82,6,8010,310.7
1782628202.713,82,6,8010,310.7
1782628202.913,82,6,8010,304.3
1782628203.114,82,6,8010,304.3
1782628203.314,82,6,8010,304.3
1782628203.515,83,6,8010,299.9
1782628203.715,83,6,8010,299.9
1782628203.915,83,6,8010,301.5
1782628204.116,83,6,8010,301.5
1782628204.316,83,6,8010,301.5
1782628204.517,82,7,8010,303.2
1782628204.717,82,7,8010,303.2
1782628204.918,82,7,8010,267.8
1782628205.118,82,7,8010,267.8
1782628205.318,82,7,8010,267.8
1782628205.519,0,0,8010,175.0
1782628205.719,0,0,8010,175.0
1782628205.920,0,0,8010,182.3
1782628206.120,0,0,8010,182.3
1782628206.321,0,0,8010,182.3
1782628206.521,89,7,8010,268.9
1782628206.722,89,7,8010,268.9
1782628206.922,89,7,8010,302.6
1782628207.122,89,7,8010,302.6
1782628207.323,89,7,8010,302.6
1782628207.524,80,6,8010,300.2
1782628207.724,80,6,8010,300.2
1782628207.925,80,6,8010,298.6
1782628208.125,80,6,8010,298.6
1782628208.325,80,6,8010,298.6
1782628208.526,85,7,8010,303.5
1782628208.726,85,7,8010,303.5
1782628208.927,85,7,8010,312.7
1782628209.127,85,7,8010,312.7
1782628209.328,85,7,8010,312.7
1782628209.528,87,7,8010,312.0
1782628209.729,87,7,8010,312.0
1782628209.929,87,7,8010,314.8
1782628210.130,87,7,8010,314.8
1782628210.330,87,7,8010,314.8
1782628210.531,82,6,8010,316.2
1782628210.731,82,6,8010,316.2
1782628210.932,82,6,8010,314.5
1782628211.132,82,6,8010,314.5
1782628211.332,82,6,8010,314.5
1782628211.533,87,7,8010,317.5
1782628211.733,87,7,8010,317.5
1782628211.934,87,7,8010,311.7
1782628212.134,87,7,8010,311.7
1782628212.334,87,7,8010,311.7
1782628212.535,79,6,8010,309.3
1782628212.735,79,6,8010,309.3
1782628212.936,79,6,8010,309.6
1782628213.136,79,6,8010,309.6
1782628213.337,79,6,8010,309.6
1782628213.537,81,6,8010,308.2
1782628213.737,81,6,8010,308.2
1782628213.938,81,6,8010,307.9
1782628214.138,81,6,8010,307.9
1782628214.339,81,6,8010,307.9
1782628214.539,87,7,8010,310.2
1782628214.740,87,7,8010,310.2
1782628214.941,87,7,8010,318.7
1782628215.141,87,7,8010,318.7
1782628215.341,87,7,8010,318.7
1782628215.542,83,6,8010,306.4
1782628215.742,83,6,8010,306.4
1782628215.943,83,6,8010,300.5
1782628216.143,83,6,8010,300.5
1782628216.344,83,6,8010,300.5
1782628216.544,0,0,8010,208.5
1782628216.745,0,0,8010,208.5
1782628216.945,0,0,8010,108.4
1782628217.146,0,0,8010,108.4
1782628217.346,0,0,8010,108.4
1782628217.547,87,7,8010,220.0
1782628217.747,87,7,8010,220.0
1782628217.948,87,7,8010,307.7
1782628218.148,87,7,8010,307.7
1782628218.349,87,7,8010,307.7
1782628218.549,94,7,8010,318.7
1782628218.750,94,7,8010,318.7
1782628218.950,94,7,8010,313.0
1782628219.150,94,7,8010,313.0
1782628219.351,94,7,8010,313.0
1782628219.551,81,7,8010,306.6
1782628219.752,81,7,8010,306.6
1782628219.952,81,7,8010,310.0
1782628220.153,81,7,8010,310.0
1782628220.354,81,7,8010,310.0
1782628220.554,80,6,8010,311.9
1782628220.755,80,6,8010,311.9
1782628220.955,80,6,8010,305.3
1782628221.156,80,6,8010,305.3
1782628221.356,80,6,8010,305.3
1782628221.557,88,7,8010,307.7
1782628221.757,88,7,8010,307.7
1782628221.958,88,7,8010,309.8
1782628222.158,88,7,8010,309.8
1782628222.359,88,7,8010,309.8
1782628222.559,83,6,8010,309.8
1782628222.760,83,6,8010,309.8
1782628222.960,83,6,8010,304.9
1782628223.161,83,6,8010,304.9
1782628223.361,83,6,8010,304.9
1782628223.562,86,7,8010,302.7
1782628223.762,86,7,8010,302.7
1782628223.963,86,7,8010,298.4
1782628224.163,86,7,8010,298.4
1782628224.364,86,7,8010,298.4
1782628224.564,88,7,8010,302.3
1782628224.764,88,7,8010,302.3
1782628224.965,88,7,8010,300.8
1782628225.165,88,7,8010,300.8
1782628225.366,88,7,8010,300.8
1782628225.566,90,7,8010,301.3
1782628225.767,90,7,8010,301.3
1782628225.967,90,7,8010,311.3
1782628226.168,90,7,8010,311.3
1782628226.368,90,7,8010,311.3
1782628226.569,90,7,8010,324.5
1782628226.769,90,7,8010,324.5
1782628226.970,90,7,8010,320.4
1782628227.170,90,7,8010,320.4
1782628227.371,90,7,8010,320.4
1782628227.571,0,0,8010,284.5
1782628227.772,0,0,8010,284.5
1782628227.982,0,0,8010,178.3
1782628228.183,0,0,8010,178.3
1782628228.383,0,0,8010,178.3
1782628228.584,95,7,8010,164.2
1782628228.784,95,7,8010,164.2
1782628228.984,95,7,8010,225.9
1782628229.185,95,7,8010,225.9
1782628229.385,95,7,8010,225.9
1782628229.586,69,5,8010,248.5
1782628229.786,69,5,8010,248.5
1782628229.987,69,5,8010,235.5
1782628230.187,69,5,8010,235.5
1782628230.388,69,5,8010,235.5
1782628230.588,65,5,8010,230.8
1782628230.788,65,5,8010,230.8
1782628230.989,65,5,8010,234.5
1782628231.189,65,5,8010,234.5
1782628231.390,65,5,8010,234.5
1782628231.590,69,5,8010,239.9
1782628231.790,69,5,8010,239.9
1782628231.991,69,5,8010,237.6
1782628232.191,69,5,8010,237.6
1782628232.392,69,5,8010,237.6
1782628232.592,70,5,8010,240.1
1782628232.793,70,5,8010,240.1
1782628232.993,70,5,8010,241.3
1782628233.194,70,5,8010,241.3
1782628233.394,70,5,8010,241.3
1782628233.595,69,5,8010,240.5
1782628233.795,69,5,8010,240.5
1782628233.996,69,5,8010,237.3
1782628234.196,69,5,8010,237.3
1782628234.396,69,5,8010,237.3
1782628234.597,64,5,8010,234.7
1782628234.797,64,5,8010,234.7
1782628234.998,64,5,8010,236.6
1782628235.198,64,5,8010,236.6
1782628235.399,64,5,8010,236.6
1782628235.599,56,5,8010,235.3
1782628235.800,56,5,8010,235.3
1782628236.000,56,5,8010,233.2
1782628236.200,56,5,8010,233.2
1782628236.401,56,5,8010,233.2
1782628236.601,61,5,8010,232.4
1782628236.802,61,5,8010,232.4
1782628237.002,61,5,8010,235.4
1782628237.203,61,5,8010,235.4
1782628237.403,61,5,8010,235.4
1782628237.603,67,5,8010,233.9
1782628237.804,67,5,8010,233.9
1782628238.004,67,5,8010,232.8
1782628238.206,67,5,8010,232.8
1782628238.406,67,5,8010,232.8
1782628238.607,59,4,8010,231.3
1782628238.807,59,4,8010,231.3
1782628239.007,59,4,8010,233.8
1782628239.208,59,4,8010,233.8
1782628239.408,70,6,8010,239.6
1782628239.609,70,6,8010,239.6
1782628239.809,70,6,8010,239.6
1782628240.010,70,6,8010,236.9
1782628240.210,70,6,8010,236.9
1782628240.411,56,5,8010,234.0
1782628240.611,56,5,8010,234.0
1782628240.811,56,5,8010,234.0
1782628241.012,56,5,8010,234.7
1782628241.212,56,5,8010,234.7
1782628241.413,63,5,8010,232.3
1782628241.613,63,5,8010,232.3
1782628241.814,63,5,8010,232.3
1782628242.014,63,5,8010,238.7
1782628242.215,63,5,8010,238.7
1782628242.415,62,4,8010,235.3
1782628242.615,62,4,8010,235.3
1782628242.816,62,4,8010,235.3
1782628243.016,62,4,8010,229.2
1782628243.226,62,4,8010,229.2
1782628243.427,64,5,8010,231.1
1782628243.627,64,5,8010,231.1
1782628243.828,64,5,8010,231.1
1782628244.028,64,5,8010,234.5
1782628244.229,64,5,8010,234.5
1782628244.429,81,6,8010,243.2
1782628244.629,81,6,8010,243.2
1782628244.830,81,6,8010,243.2
1782628245.030,81,6,8010,265.3
1782628245.231,81,6,8010,265.3
1782628245.431,67,5,8010,272.1
1782628245.632,67,5,8010,272.1
1782628245.832,67,5,8010,272.1
1782628246.032,67,5,8010,262.7
1782628246.233,67,5,8010,262.7
1782628246.433,76,6,8010,263.0
1782628246.634,76,6,8010,263.0
1782628246.834,76,6,8010,263.0
1782628247.034,76,6,8010,265.2
1782628247.235,76,6,8010,265.2
1782628247.435,74,5,8010,269.6
1782628247.636,74,5,8010,269.6
1782628247.836,74,5,8010,269.6
1782628248.037,74,5,8010,275.1
1782628248.239,74,5,8010,275.1
1782628248.439,81,6,8010,273.2
1782628248.640,81,6,8010,273.2
1782628248.840,81,6,8010,273.2
1782628249.041,81,6,8010,266.9
1782628249.241,81,6,8010,266.9
1782628249.442,80,6,8010,272.9
1782628249.642,80,6,8010,272.9
1782628249.843,80,6,8010,272.9
1782628250.043,80,6,8010,291.4
1782628250.244,80,6,8010,291.4
1782628250.444,83,6,8010,309.4
1782628250.645,83,6,8010,309.4
1782628250.845,83,6,8010,309.4
1782628251.046,83,6,8010,311.7
1782628251.246,83,6,8010,311.7
1782628251.446,90,7,8010,313.8
1782628251.647,90,7,8010,313.8
1782628251.847,90,7,8010,313.8
1782628252.048,90,7,8010,312.0
1782628252.248,90,7,8010,312.0
1782628252.449,92,7,8010,314.2
1782628252.649,92,7,8010,314.2
1782628252.850,92,7,8010,314.2
1782628253.050,92,7,8010,305.8
1782628253.251,92,7,8010,305.8
1782628253.451,83,6,8010,294.1
1782628253.652,83,6,8010,294.1
1782628253.852,83,6,8010,294.1
1782628254.053,83,6,8010,293.9
1782628254.253,83,6,8010,293.9
1782628254.454,0,0,8010,238.0
1782628254.654,0,0,8010,238.0
1782628254.855,0,0,8010,238.0
1782628255.055,0,0,8010,140.4
1782628255.256,0,0,8010,140.4
1782628255.457,0,0,8010,100.2
1782628255.657,0,0,8010,100.2
1782628255.858,0,0,8010,100.2
1782628256.058,0,0,8010,98.4
1782628256.259,0,0,8010,98.4
1782628256.459,0,0,8010,88.3
1782628256.660,0,0,8010,88.3
1782628256.861,0,0,8010,88.3
1782628257.061,0,0,8010,77.4
1782628257.262,0,0,8010,77.4
1782628257.462,0,0,8010,76.8
1782628257.663,0,0,8010,76.8
1782628257.864,0,0,8010,76.8
1782628258.064,0,0,8010,155.2
1782628258.265,0,0,8010,155.2
1782628258.465,63,5,8010,215.5
1782628258.666,63,5,8010,215.5
1782628258.866,63,5,8010,215.5
1782628259.067,63,5,8010,238.9
1782628259.267,63,5,8010,238.9
1782628259.468,66,5,8010,233.2
1782628259.668,66,5,8010,233.2
1782628259.869,66,5,8010,233.2
1782628260.069,66,5,8010,232.0
1782628260.270,66,5,8010,232.0
1782628260.470,60,5,8010,230.6
1782628260.670,60,5,8010,230.6
1782628260.871,60,5,8010,230.6
1782628261.071,60,5,8010,229.7
1782628261.272,60,5,8010,229.7
1782628261.472,64,5,8010,232.5
1782628261.673,64,5,8010,232.5
1782628261.873,64,5,8010,232.5
1782628262.074,64,5,8010,235.5
1782628262.274,64,5,8010,235.5
1782628262.475,67,5,8010,235.1
1782628262.675,67,5,8010,235.1
1782628262.876,67,5,8010,235.1
1782628263.076,67,5,8010,241.1
1782628263.276,67,5,8010,241.1
1782628263.477,63,5,8010,245.5
1782628263.677,63,5,8010,245.5
1782628263.878,63,5,8010,245.5
1782628264.078,63,5,8010,242.4
1782628264.278,63,5,8010,242.4
1782628264.479,58,5,8010,241.7
1782628264.679,58,5,8010,241.7
1782628264.880,58,5,8010,241.7
1782628265.080,58,5,8010,239.9
1782628265.280,58,5,8010,239.9
1782628265.481,70,6,8010,239.8
1782628265.681,70,6,8010,239.8
1782628265.881,70,6,8010,239.8
1782628266.082,70,6,8010,246.8
1782628266.282,70,6,8010,246.8
1782628266.483,68,5,8010,245.2
1782628266.683,68,5,8010,245.2
1782628266.883,68,5,8010,245.2
1782628267.084,68,5,8010,242.7
1782628267.284,68,5,8010,242.7
1782628267.485,67,5,8010,240.8
1782628267.685,67,5,8010,240.8
1782628267.886,67,5,8010,240.8
1782628268.086,67,5,8010,235.3
1782628268.287,67,5,8010,235.3
1782628268.487,67,5,8010,233.5
1782628268.688,67,5,8010,233.5
1782628268.888,67,5,8010,233.5
1782628269.089,67,5,8010,234.5
1782628269.289,67,5,8010,234.5
1782628269.490,76,6,8010,236.3
1782628269.690,76,6,8010,236.3
1782628269.891,76,6,8010,236.3
1782628270.091,76,6,8010,241.0
1782628270.291,76,6,8010,241.0
1782628270.492,66,5,8010,240.4
1782628270.692,66,5,8010,240.4
1782628270.893,66,5,8010,240.4
1782628271.093,66,5,8010,237.9
1782628271.294,66,5,8010,237.9
1782628271.494,60,5,8010,235.3
1782628271.695,60,5,8010,235.3
1782628271.895,60,5,8010,235.3
1782628272.096,60,5,8010,233.0
1782628272.296,60,5,8010,233.0
1782628272.497,68,6,8010,234.2
1782628272.697,68,6,8010,234.2
1782628272.898,68,6,8010,234.2
1782628273.098,68,6,8010,235.2
1782628273.299,68,6,8010,235.2
1782628273.499,69,5,8010,237.9
1782628273.700,69,5,8010,237.9
1782628273.900,69,5,8010,237.9
1782628274.101,69,5,8010,250.0
1782628274.301,69,5,8010,250.0
1782628274.501,72,5,8010,265.9
1782628274.702,72,5,8010,265.9
1782628274.902,72,5,8010,265.9
1782628275.103,72,5,8010,275.1
1782628275.303,72,5,8010,275.1
1782628275.503,75,6,8010,270.7
1782628275.704,75,6,8010,270.7
1782628275.904,75,6,8010,270.7
1782628276.105,75,6,8010,269.9
1782628276.305,75,6,8010,269.9
1782628276.506,78,6,8010,266.4
1782628276.706,78,6,8010,266.4
1782628276.907,78,6,8010,266.4
1782628277.107,78,6,8010,267.1
1782628277.308,78,6,8010,267.1
1782628277.508,81,6,8010,265.4
1782628277.709,81,6,8010,265.4
1782628277.909,81,6,8010,265.4
1782628278.109,81,6,8010,266.0
1782628278.310,81,6,8010,266.0
1782628278.510,75,6,8010,270.9
1782628278.711,75,6,8010,270.9
1782628278.911,75,6,8010,274.9
1782628279.112,75,6,8010,274.9
1782628279.312,75,6,8010,274.9
1782628279.512,74,6,8010,288.4
1782628279.713,74,6,8010,288.4
1782628279.914,74,6,8010,299.8
1782628280.114,74,6,8010,299.8
1782628280.314,74,6,8010,299.8
1782628280.515,82,6,8010,307.0
1782628280.715,82,6,8010,307.0
1782628280.916,82,6,8010,307.0
1782628281.116,82,6,8010,307.0
1782628281.317,82,6,8010,307.0
1782628281.517,82,6,8010,304.3
1782628281.718,82,6,8010,304.3
1782628281.919,82,6,8010,299.2
1782628282.119,82,6,8010,299.2
1782628282.320,82,6,8010,299.2
1782628282.520,87,7,8010,302.8
1782628282.721,87,7,8010,302.8
1782628282.921,87,7,8010,303.4
1782628283.122,87,7,8010,303.4
1782628283.322,87,7,8010,303.4
1782628283.523,87,7,8010,300.7
1782628283.723,87,7,8010,300.7
1782628283.923,87,7,8010,297.6
1782628284.124,87,7,8010,297.6
1782628284.325,87,7,8010,297.6
1782628284.525,0,0,8010,210.3
1782628284.726,0,0,8010,210.3
1782628284.926,0,0,8010,100.3
1782628285.127,0,0,8010,100.3
1782628285.328,0,0,8010,100.3
1782628285.528,0,0,8010,100.0
1782628285.729,0,0,8010,100.0
1782628285.929,0,0,8010,94.0
1782628286.130,0,0,8010,94.0
1782628286.330,0,0,8010,94.0
1782628286.531,0,0,8010,83.9
1782628286.732,0,0,8010,83.9
1782628286.932,0,0,8010,77.4
1782628287.133,0,0,8010,77.4
1782628287.333,0,0,8010,77.4
1782628287.534,66,5,8010,93.4
1782628287.734,66,5,8010,93.4
1782628287.935,66,5,8010,186.3
1782628288.135,66,5,8010,186.3
1782628288.336,66,5,8010,186.3
1782628288.536,65,5,8010,261.2
1782628288.737,65,5,8010,261.2
1782628288.937,65,5,8010,238.1
1782628289.137,65,5,8010,238.1
1782628289.338,65,5,8010,238.1
1782628289.538,69,5,8010,238.9
1782628289.739,69,5,8010,238.9
1782628289.939,69,5,8010,236.1
1782628290.140,69,5,8010,236.1
1782628290.340,69,5,8010,236.1
1782628290.540,65,5,8010,235.9
1782628290.741,65,5,8010,235.9
1782628290.941,65,5,8010,239.1
1782628291.142,65,5,8010,239.1
1782628291.342,65,5,8010,239.1
1782628291.542,65,5,8010,236.8
1782628291.743,65,5,8010,236.8
1782628291.943,65,5,8010,231.6
1782628292.143,65,5,8010,231.6
1782628292.344,65,5,8010,231.6
1782628292.544,68,5,8010,232.8
1782628292.745,68,5,8010,232.8
1782628292.945,68,5,8010,235.3
1782628293.146,68,5,8010,235.3
1782628293.346,68,5,8010,235.3
1782628293.546,62,5,8010,235.6
1782628293.747,62,5,8010,235.6
1782628293.947,62,5,8010,235.0
1782628294.148,62,5,8010,235.0
1782628294.348,62,5,8010,235.0
1782628294.549,67,5,8010,235.6
1782628294.749,67,5,8010,235.6
1782628294.950,67,5,8010,235.1
1782628295.150,67,5,8010,235.1
1782628295.351,67,5,8010,235.1
1782628295.551,66,5,8010,233.0
1782628295.751,66,5,8010,233.0
1782628295.952,66,5,8010,233.7
1782628296.152,66,5,8010,233.7
1782628296.353,66,5,8010,233.7
1782628296.553,64,5,8010,239.2
1782628296.754,64,5,8010,239.2
1782628296.954,64,5,8010,240.1
1782628297.154,64,5,8010,240.1
1782628297.355,64,5,8010,240.1
1782628297.555,68,5,8010,239.4
1782628297.756,68,5,8010,239.4
1782628297.956,68,5,8010,237.6
1782628298.157,68,5,8010,237.6
1782628298.357,68,5,8010,237.6
1782628298.557,64,5,8010,233.8
1782628298.758,64,5,8010,233.8
1782628298.958,64,5,8010,238.3
1782628299.159,64,5,8010,238.3
1782628299.359,64,5,8010,238.3
1782628299.560,66,5,8010,240.7
1782628299.760,66,5,8010,240.7
1782628299.961,66,5,8010,239.5
1782628300.161,66,5,8010,239.5
1782628300.361,66,5,8010,239.5
1782628300.562,65,5,8010,238.2
1782628300.762,65,5,8010,238.2
1782628300.963,65,5,8010,237.0
1782628301.163,65,5,8010,237.0
1782628301.364,65,5,8010,237.0
1782628301.564,66,5,8010,231.9
1782628301.765,66,5,8010,231.9
1782628301.965,66,5,8010,234.5
1782628302.165,66,5,8010,234.5
1782628302.366,66,5,8010,234.5
1782628302.566,65,5,8010,237.1
1782628302.767,65,5,8010,237.1
1782628302.967,65,5,8010,235.7
1782628303.168,65,5,8010,235.7
1782628303.368,65,5,8010,235.7
1782628303.569,68,5,8010,236.2
1782628303.769,68,5,8010,236.2
1782628303.970,68,5,8010,251.8
1782628304.170,68,5,8010,251.8
1782628304.370,68,5,8010,251.8
1782628304.571,72,5,8010,273.6
1782628304.771,72,5,8010,273.6
1782628304.972,72,5,8010,271.2
1782628305.172,72,5,8010,271.2
1782628305.372,72,5,8010,271.2
1782628305.573,73,5,8010,266.4
1782628305.773,73,5,8010,266.4
1782628305.974,73,5,8010,270.7
1782628306.174,73,5,8010,270.7
1782628306.374,73,5,8010,270.7
1782628306.575,77,6,8010,265.9
1782628306.775,77,6,8010,265.9
1782628306.976,77,6,8010,259.5
1782628307.176,77,6,8010,259.5
1782628307.377,77,6,8010,259.5
1782628307.577,67,5,8010,257.3
1782628307.777,67,5,8010,257.3
1782628307.978,67,5,8010,262.1
1782628308.178,67,5,8010,262.1
1782628308.379,67,5,8010,262.1
1782628308.579,77,6,8010,267.2
1782628308.779,77,6,8010,267.2
1782628308.980,77,6,8010,283.9
1782628309.180,77,6,8010,283.9
1782628309.381,77,6,8010,283.9
1782628309.581,78,6,8010,297.1
1782628309.781,78,6,8010,297.1
1782628309.982,78,6,8010,304.0
1782628310.182,78,6,8010,304.0
1782628310.383,78,6,8010,304.0
1782628310.583,80,6,8010,308.9
1782628310.784,80,6,8010,308.9
1782628310.984,80,6,8010,311.6
1782628311.185,80,6,8010,311.6
1782628311.385,80,6,8010,311.6
1782628311.586,83,6,8010,299.8
1782628311.787,83,6,8010,299.8
1782628311.987,83,6,8010,291.2
1782628312.188,83,6,8010,291.2
1782628312.388,83,6,8010,291.2
1782628312.589,80,6,8010,293.9
1782628312.789,80,6,8010,293.9
1782628312.990,80,6,8010,293.7
1782628313.190,80,6,8010,293.7
1782628313.391,80,6,8010,293.7
1782628313.591,91,7,8010,290.5
1782628313.792,91,7,8010,290.5
1782628313.993,91,7,8010,239.7
1782628314.193,91,7,8010,239.7
1782628314.394,91,7,8010,239.7
1782628314.594,0,0,8010,136.5
1782628314.795,0,0,8010,136.5
1782628314.996,0,0,8010,99.2
1782628315.196,0,0,8010,99.2
1782628315.397,0,0,8010,99.2
1782628315.597,0,0,8010,99.2
1782628315.798,0,0,8010,99.2
1782628315.999,0,0,8010,87.2
1782628316.199,0,0,8010,87.2
1782628316.400,0,0,8010,87.2
1782628316.600,0,0,8010,75.2
1782628316.801,0,0,8010,75.2
1782628317.002,0,0,8010,75.2
1782628317.202,0,0,8010,75.2
1782628317.403,0,0,8010,75.2
1782628317.603,83,7,8010,174.2
1782628317.804,83,7,8010,174.2
1782628318.004,83,7,8010,259.9
1782628318.205,83,7,8010,259.9
1782628318.405,83,7,8010,259.9
1782628318.606,73,7,8010,287.7
1782628318.806,73,7,8010,287.7
1782628319.007,73,7,8010,296.8
1782628319.207,73,7,8010,296.8
1782628319.408,73,7,8010,296.8
1782628319.608,82,7,8010,297.5
1782628319.809,82,7,8010,297.5
1782628320.009,82,7,8010,296.4
1782628320.210,82,7,8010,296.4
1782628320.410,82,7,8010,296.4
1782628320.610,87,8,8010,297.2
1782628320.811,87,8,8010,297.2
1782628321.011,87,8,8010,302.2
1782628321.212,87,8,8010,302.2
1782628321.412,87,8,8010,302.2
1782628321.613,81,7,8010,304.7
1782628321.813,81,7,8010,304.7
1782628322.014,81,7,8010,298.2
1782628322.214,81,7,8010,298.2
1782628322.414,76,7,8010,297.0
1782628322.615,76,7,8010,297.0
1782628322.815,76,7,8010,297.0
1782628323.016,76,7,8010,293.3
1782628323.216,76,7,8010,293.3
1782628323.417,79,6,8010,295.1
1782628323.617,79,6,8010,295.1
1782628323.817,79,6,8010,295.1
1782628324.018,79,6,8010,300.9
1782628324.218,79,6,8010,300.9
1782628324.419,81,7,8010,302.0
1782628324.619,81,7,8010,302.0
1782628324.819,81,7,8010,302.0
1782628325.020,81,7,8010,292.3
1782628325.220,81,7,8010,292.3
1782628325.421,80,7,8010,300.9
1782628325.621,80,7,8010,300.9
1782628325.822,80,7,8010,300.9
1782628326.022,80,7,8010,306.1
1782628326.232,80,7,8010,306.1
1782628326.433,77,7,8010,299.3
1782628326.633,77,7,8010,299.3
1782628326.834,77,7,8010,299.3
1782628327.034,77,7,8010,300.8
1782628327.235,77,7,8010,300.8
1782628327.435,81,7,8010,296.0
1782628327.635,81,7,8010,296.0
1782628327.836,81,7,8010,296.0
1782628328.036,81,7,8010,299.0
1782628328.237,81,7,8010,299.0
1782628328.437,0,0,8010,277.9
1782628328.638,0,0,8010,277.9
1782628328.839,0,0,8010,277.9
1782628329.039,0,0,8010,186.2
1782628329.240,0,0,8010,186.2
1782628329.440,98,9,8010,135.0
1782628329.641,98,9,8010,135.0
1782628329.842,98,9,8010,135.0
1782628330.042,98,9,8010,246.1
1782628330.242,98,9,8010,246.1
1782628330.443,80,7,8010,297.6
1782628330.644,80,7,8010,297.6
1782628330.844,80,7,8010,297.6
1782628331.045,80,7,8010,282.6
1782628331.245,80,7,8010,282.6
1782628331.446,85,7,8010,300.0
1782628331.646,85,7,8010,300.0
1782628331.846,85,7,8010,300.0
1782628332.047,85,7,8010,299.7
1782628332.247,85,7,8010,299.7
1782628332.448,74,6,8010,294.2
1782628332.648,74,6,8010,294.2
1782628332.849,74,6,8010,294.2
1782628333.049,74,6,8010,294.9
1782628333.250,74,6,8010,294.9
1782628333.450,83,8,8010,301.5
1782628333.650,83,8,8010,301.5
1782628333.851,83,8,8010,301.5
1782628334.051,83,8,8010,310.7
1782628334.252,83,8,8010,310.7
1782628334.453,83,8,8010,308.8
1782628334.653,83,8,8010,308.8
1782628334.854,83,8,8010,308.8
1782628335.054,83,8,8010,296.1
1782628335.255,83,8,8010,296.1
1782628335.455,82,7,8010,294.3
1782628335.655,82,7,8010,294.3
1782628335.856,82,7,8010,294.3
1782628336.056,82,7,8010,298.8
1782628336.257,82,7,8010,298.8
1782628336.467,80,7,8010,304.0
1782628336.667,80,7,8010,304.0
1782628336.868,80,7,8010,304.0
1782628337.068,80,7,8010,300.3
1782628337.269,80,7,8010,300.3
1782628337.469,79,7,8010,295.9
1782628337.670,79,7,8010,295.9
1782628337.870,79,7,8010,295.9
1782628338.070,79,7,8010,297.9
1782628338.271,79,7,8010,297.9
1782628338.471,81,7,8010,302.1
1782628338.672,81,7,8010,302.1
1782628338.872,81,7,8010,302.1
1782628339.073,81,7,8010,296.8
1782628339.273,81,7,8010,296.8
1782628339.474,82,7,8010,300.6
1782628339.674,82,7,8010,300.6
1782628339.874,82,7,8010,300.6
1782628340.075,82,7,8010,301.2
1782628340.275,82,7,8010,301.2
1782628340.476,87,7,8010,300.1
1782628340.676,87,7,8010,300.1
1782628340.877,87,7,8010,300.1
1782628341.077,87,7,8010,250.8
1782628341.278,87,7,8010,250.8
1782628341.478,0,0,8010,161.7
1782628341.679,0,0,8010,161.7
1782628341.879,0,0,8010,161.7
1782628342.080,0,0,8010,204.6
1782628342.281,0,0,8010,204.6
1782628342.481,83,7,8010,317.8
1782628342.681,83,7,8010,317.8
1782628342.882,83,7,8010,317.8
1782628343.082,83,7,8010,302.2
1782628343.283,83,7,8010,302.2
1782628343.483,84,7,8010,303.1
1782628343.684,84,7,8010,303.1
1782628343.884,84,7,8010,303.1
1782628344.085,84,7,8010,301.2
1782628344.285,84,7,8010,301.2
1782628344.485,81,7,8010,301.1
1782628344.686,81,7,8010,301.1
1782628344.886,81,7,8010,301.1
1782628345.087,81,7,8010,294.9
1782628345.287,81,7,8010,294.9
1782628345.487,80,7,8010,294.8
1782628345.688,80,7,8010,294.8
1782628345.888,80,7,8010,294.8
1782628346.088,80,7,8010,302.7
1782628346.289,80,7,8010,302.7
1782628346.489,81,7,8010,300.2
1782628346.690,81,7,8010,300.2
1782628346.890,81,7,8010,300.2
1782628347.091,81,7,8010,294.1
1782628347.291,81,7,8010,294.1
1782628347.492,77,7,8010,292.5
1782628347.692,77,7,8010,292.5
1782628347.893,77,7,8010,292.5
1782628348.093,77,7,8010,299.6
1782628348.294,77,7,8010,299.6
1782628348.494,75,6,8010,300.4
1782628348.695,75,6,8010,300.4
1782628348.895,75,6,8010,300.4
1782628349.096,75,6,8010,295.5
1782628349.296,75,6,8010,295.5
1782628349.497,77,7,8010,294.6
1782628349.697,77,7,8010,294.6
1782628349.897,77,7,8010,294.6
1782628350.098,77,7,8010,299.6
1782628350.298,77,7,8010,299.6
1782628350.499,74,6,8010,298.3
1782628350.699,74,6,8010,298.3
1782628350.900,74,6,8010,298.3
1782628351.100,74,6,8010,293.6
1782628351.300,74,6,8010,293.6
1782628351.501,78,7,8010,291.3
1782628351.701,78,7,8010,291.3
1782628351.902,78,7,8010,291.3
1782628352.102,78,7,8010,292.5
1782628352.303,78,7,8010,292.5
1782628352.503,78,6,8010,291.9
1782628352.704,78,6,8010,291.9
1782628352.904,78,6,8010,291.9
1782628353.105,78,6,8010,234.4
1782628353.305,78,6,8010,234.4
1782628353.506,0,0,8010,152.2
1782628353.707,0,0,8010,152.2
1782628353.907,0,0,8010,152.2
1782628354.107,0,0,8010,197.2
1782628354.308,0,0,8010,197.2
1782628354.508,63,5,8010,277.7
1782628354.709,63,5,8010,277.7
1782628354.909,63,5,8010,277.7
1782628355.110,63,5,8010,242.0
1782628355.310,63,5,8010,242.0
1782628355.511,63,5,8010,242.4
1782628355.711,63,5,8010,242.4
1782628355.911,63,5,8010,242.4
1782628356.112,63,5,8010,244.2
1782628356.312,63,5,8010,244.2
1782628356.513,64,5,8010,248.9
1782628356.713,64,5,8010,248.9
1782628356.914,64,5,8010,248.9
1782628357.124,64,5,8010,252.5
1782628357.324,64,5,8010,252.5
1782628357.525,56,5,8010,243.8
1782628357.725,56,5,8010,243.8
1782628357.926,56,5,8010,245.8
1782628358.126,56,5,8010,245.8
1782628358.326,56,5,8010,245.8
1782628358.527,63,6,8010,251.6
1782628358.727,63,6,8010,251.6
1782628358.928,63,6,8010,249.3
1782628359.128,63,6,8010,249.3
1782628359.328,63,6,8010,249.3
1782628359.529,64,6,8010,248.3
1782628359.729,64,6,8010,248.3
1782628359.930,64,6,8010,247.5
1782628360.130,64,6,8010,247.5
1782628360.330,64,6,8010,247.5
1782628360.531,65,6,8010,248.5
1782628360.731,65,6,8010,248.5
1782628360.932,65,6,8010,249.0
1782628361.132,65,6,8010,249.0
1782628361.333,65,6,8010,249.0
1782628361.533,57,5,8010,248.0
1782628361.734,57,5,8010,248.0
1782628361.934,57,5,8010,246.7
1782628362.135,57,5,8010,246.7
1782628362.335,57,5,8010,246.7
1782628362.536,65,6,8010,246.3
1782628362.736,65,6,8010,246.3
1782628362.937,65,6,8010,243.4
1782628363.137,65,6,8010,243.4
1782628363.337,65,6,8010,243.4
1782628363.538,67,6,8010,243.6
1782628363.738,67,6,8010,243.6
1782628363.939,67,6,8010,244.7
1782628364.139,67,6,8010,244.7
1782628364.340,67,6,8010,244.7
1782628364.540,63,5,8010,247.3
1782628364.740,63,5,8010,247.3
1782628364.941,63,5,8010,248.2
1782628365.141,63,5,8010,248.2
1782628365.342,63,5,8010,248.2
1782628365.542,64,5,8010,247.4
1782628365.743,64,5,8010,247.4
1782628365.943,64,5,8010,246.2
1782628366.144,64,5,8010,246.2
1782628366.344,64,5,8010,246.2
1782628366.544,66,6,8010,244.7
1782628366.745,66,6,8010,244.7
1782628366.945,66,6,8010,250.1
1782628367.146,66,6,8010,250.1
1782628367.346,66,6,8010,250.1
1782628367.547,70,6,8010,251.5
1782628367.747,70,6,8010,251.5
1782628367.948,70,6,8010,246.9
1782628368.148,70,6,8010,246.9
1782628368.349,70,6,8010,246.9
1782628368.549,65,6,8010,247.7
1782628368.749,65,6,8010,247.7
1782628368.950,65,6,8010,246.5
1782628369.150,65,6,8010,246.5
1782628369.351,65,6,8010,246.5
1782628369.551,74,6,8010,247.8
1782628369.752,74,6,8010,247.8
1782628369.952,74,6,8010,260.4
1782628370.153,74,6,8010,260.4
1782628370.353,74,6,8010,260.4
1782628370.554,77,6,8010,278.1
1782628370.754,77,6,8010,278.1
1782628370.955,77,6,8010,278.9
1782628371.155,77,6,8010,278.9
1782628371.355,77,6,8010,278.9
1782628371.556,78,7,8010,281.9
1782628371.756,78,7,8010,281.9
1782628371.957,78,7,8010,279.4
1782628372.157,78,7,8010,279.4
1782628372.358,78,7,8010,279.4
1782628372.558,76,7,8010,275.9
1782628372.758,76,7,8010,275.9
1782628372.959,76,7,8010,276.1
1782628373.159,76,7,8010,276.1
1782628373.360,76,7,8010,276.1
1782628373.560,71,6,8010,277.6
1782628373.761,71,6,8010,277.6
1782628373.961,71,6,8010,272.9
1782628374.162,71,6,8010,272.9
1782628374.362,71,6,8010,272.9
1782628374.563,73,6,8010,266.9
1782628374.763,73,6,8010,266.9
1782628374.964,73,6,8010,269.9
1782628375.164,73,6,8010,269.9
1782628375.365,73,6,8010,269.9
1782628375.565,77,6,8010,277.9
1782628375.766,77,6,8010,277.9
1782628375.966,77,6,8010,286.9
1782628376.166,77,6,8010,286.9
1782628376.367,77,6,8010,286.9
1782628376.568,80,7,8010,300.3
1782628376.768,80,7,8010,300.3
1782628376.968,80,7,8010,297.5
1782628377.169,80,7,8010,297.5
1782628377.369,80,7,8010,297.5
1782628377.570,75,6,8010,294.2
1782628377.770,75,6,8010,294.2
1782628377.971,75,6,8010,296.3
1782628378.172,75,6,8010,296.3
1782628378.372,75,6,8010,296.3
1782628378.573,76,6,8010,293.4
1782628378.773,76,6,8010,293.4
1782628378.973,76,6,8010,294.7
1782628379.174,76,6,8010,294.7
1782628379.375,76,6,8010,294.7
1782628379.575,83,7,8010,295.2
1782628379.776,83,7,8010,295.2
1782628379.976,83,7,8010,292.1
1782628380.176,83,7,8010,292.1
1782628380.377,83,7,8010,292.1
1782628380.578,0,0,8010,251.3
1782628380.778,0,0,8010,251.3
1782628380.979,0,0,8010,161.5
1782628381.179,0,0,8010,161.5
1782628381.380,0,0,8010,161.5
1782628381.580,0,0,8010,100.6
1782628381.781,0,0,8010,100.6
1782628381.982,0,0,8010,99.8
1782628382.182,0,0,8010,99.8
1782628382.383,0,0,8010,99.8
1782628382.583,0,0,8010,88.9
1782628382.784,0,0,8010,88.9
1782628382.985,0,0,8010,77.7
1782628383.185,0,0,8010,77.7
1782628383.386,0,0,8010,77.7
1782628383.586,0,0,8010,74.9
1782628383.787,0,0,8010,74.9
1782628383.987,0,0,8024,150.4
1782628384.188,0,0,8024,150.4
1782628384.388,0,0,8024,150.4
1782628384.589,68,6,8024,224.6
1782628384.789,68,6,8024,224.6
1782628384.989,68,6,8024,262.3
1782628385.190,68,6,8024,262.3
1782628385.390,68,6,8024,262.3
1782628385.591,63,5,8024,248.2
1782628385.791,63,5,8024,248.2
1782628385.991,63,5,8024,250.7
1782628386.192,63,5,8024,250.7
1782628386.392,63,5,8024,250.7
1782628386.593,68,6,8024,248.8
1782628386.793,68,6,8024,248.8
1782628386.994,68,6,8024,247.7
1782628387.194,68,6,8024,247.7
1782628387.395,68,6,8024,247.7
1782628387.595,68,6,8024,246.8
1782628387.795,68,6,8024,246.8
1782628387.996,68,6,8024,243.8
1782628388.196,68,6,8024,243.8
1782628388.397,68,6,8024,243.8
1782628388.597,67,6,8024,246.8
1782628388.798,67,6,8024,246.8
1782628388.998,67,6,8024,243.8
1782628389.198,67,6,8024,243.8
1782628389.399,67,6,8024,243.8
1782628389.599,69,6,8024,243.7
1782628389.800,69,6,8024,243.7
1782628390.000,69,6,8024,247.7
1782628390.200,69,6,8024,247.7
1782628390.401,69,6,8024,247.7
1782628390.601,57,5,8024,243.2
1782628390.802,57,5,8024,243.2
1782628391.002,57,5,8024,239.6
1782628391.203,57,5,8024,239.6
1782628391.403,57,5,8024,239.6
1782628391.604,66,5,8024,245.3
1782628391.804,66,5,8024,245.3
1782628392.005,66,5,8024,243.0
1782628392.205,66,5,8024,243.0
1782628392.406,66,5,8024,243.0
1782628392.606,68,6,8024,244.5
1782628392.806,68,6,8024,244.5
1782628393.007,68,6,8024,248.8
1782628393.207,68,6,8024,248.8
1782628393.409,68,6,8024,248.8
1782628393.609,62,5,8024,243.2
1782628393.810,62,5,8024,243.2
1782628394.010,62,5,8024,244.5
1782628394.211,62,5,8024,244.5
1782628394.411,62,5,8024,244.5
1782628394.612,64,6,8024,248.4
1782628394.812,64,6,8024,248.4
1782628395.012,64,6,8024,247.1
1782628395.213,64,6,8024,247.1
1782628395.413,64,6,8024,247.1
1782628395.614,67,6,8024,247.5
1782628395.814,67,6,8024,247.5
1782628396.015,67,6,8024,250.6
1782628396.215,67,6,8024,250.6
1782628396.415,67,6,8024,250.6
1782628396.616,74,7,8024,250.5
1782628396.816,74,7,8024,250.5
1782628397.017,74,7,8024,244.8
1782628397.217,74,7,8024,244.8
1782628397.417,74,7,8024,242.6
1782628397.618,61,5,8024,242.6
1782628397.818,61,5,8024,242.6
1782628398.019,61,5,8024,247.3
1782628398.219,61,5,8024,247.3
1782628398.429,64,6,8024,249.7
1782628398.630,64,6,8024,249.7
1782628398.830,64,6,8024,249.7
1782628399.031,64,6,8024,243.6
1782628399.231,64,6,8024,243.6
1782628399.432,65,6,8024,243.3
1782628399.632,65,6,8024,243.3
1782628399.833,65,6,8024,243.3
1782628400.033,65,6,8024,252.5
1782628400.234,65,6,8024,252.5
1782628400.434,68,6,8024,260.3
1782628400.635,68,6,8024,260.3
1782628400.835,68,6,8024,260.3
1782628401.035,68,6,8024,267.9
1782628401.236,68,6,8024,267.9
1782628401.436,79,7,8024,273.3
1782628401.637,79,7,8024,273.3
1782628401.837,79,7,8024,273.3
1782628402.038,79,7,8024,279.0
1782628402.238,79,7,8024,279.0
1782628402.439,73,6,8024,279.7
1782628402.639,73,6,8024,279.7
1782628402.839,73,6,8024,279.7
1782628403.040,73,6,8024,281.1
1782628403.240,73,6,8024,281.1
1782628403.441,79,6,8024,278.7
1782628403.641,79,6,8024,278.7
1782628403.842,79,6,8024,278.7
1782628404.042,79,6,8024,278.0
1782628404.243,79,6,8024,278.0
1782628404.443,74,6,8024,277.3
1782628404.643,74,6,8024,277.3
1782628404.844,74,6,8024,277.3
1782628405.044,74,6,8024,280.0
1782628405.245,74,6,8024,280.0
1782628405.445,76,6,8024,279.0
1782628405.646,76,6,8024,279.0
1782628405.846,76,6,8024,279.0
1782628406.047,76,6,8024,282.8
1782628406.247,76,6,8024,282.8
1782628406.448,82,7,8024,288.1
1782628406.648,82,7,8024,288.1
1782628406.849,82,7,8024,288.1
1782628407.049,82,7,8024,293.1
1782628407.250,82,7,8024,293.1
1782628407.450,84,7,8024,289.9
1782628407.651,84,7,8024,289.9
1782628407.851,84,7,8024,289.9
1782628408.051,84,7,8024,299.0
1782628408.252,84,7,8024,299.0
1782628408.452,75,6,8024,301.6
1782628408.653,75,6,8024,301.6
1782628408.853,75,6,8024,301.6
1782628409.053,75,6,8024,302.2
1782628409.254,75,6,8024,302.2
1782628409.454,79,7,8024,298.1
1782628409.655,79,7,8024,298.1
1782628409.855,79,7,8024,298.1
1782628410.055,79,7,8024,292.6
1782628410.256,79,7,8024,292.6
1782628410.456,80,7,8024,296.1
1782628410.657,80,7,8024,296.1
1782628410.857,80,7,8024,296.1
1782628411.058,80,7,8024,258.2
1782628411.258,80,7,8024,258.2
1782628411.459,0,0,8024,169.4
1782628411.659,0,0,8024,169.4
1782628411.860,0,0,8024,169.4
1782628412.060,0,0,8024,100.8
1782628412.261,0,0,8024,100.8
1782628412.461,0,0,8024,100.1
1782628412.662,0,0,8024,100.1
1782628412.862,0,0,8024,100.1
1782628413.063,0,0,8024,91.3
1782628413.263,0,0,8024,91.3
1782628413.464,0,0,8024,78.3
1782628413.665,0,0,8024,78.3
1782628413.865,0,0,8024,78.3
1782628414.066,0,0,8024,75.4
1782628414.266,0,0,8024,75.4
1782628414.467,96,8,8024,132.0
1782628414.667,96,8,8024,132.0
1782628414.867,96,8,8024,132.0
1782628415.068,96,8,8024,231.2
1782628415.268,96,8,8024,231.2
1782628415.469,72,6,8024,266.5
1782628415.669,72,6,8024,266.5
1782628415.870,72,6,8024,266.5
1782628416.070,72,6,8024,246.2
1782628416.271,72,6,8024,246.2
1782628416.471,65,6,8024,245.9
1782628416.671,65,6,8024,245.9
1782628416.872,65,6,8024,245.9
1782628417.072,65,6,8024,244.9
1782628417.273,65,6,8024,244.9
1782628417.473,68,6,8024,246.9
1782628417.674,68,6,8024,246.9
1782628417.874,68,6,8024,246.9
1782628418.074,68,6,8024,246.9
1782628418.275,68,6,8024,246.9
1782628418.475,67,6,8024,247.6
1782628418.676,67,6,8024,247.6
1782628418.876,67,6,8024,247.6
1782628419.077,67,6,8024,251.2
1782628419.277,67,6,8024,251.2
1782628419.478,72,6,8024,249.7
1782628419.678,72,6,8024,249.7
1782628419.879,72,6,8024,249.7
1782628420.079,72,6,8024,244.9
1782628420.280,72,6,8024,244.9
1782628420.480,63,6,8024,240.1
1782628420.680,63,6,8024,240.1
1782628420.881,63,6,8024,240.1
1782628421.081,63,6,8024,242.1
1782628421.282,63,6,8024,242.1
1782628421.482,68,6,8024,243.3
1782628421.683,68,6,8024,243.3
1782628421.883,68,6,8024,243.3
1782628422.084,68,6,8024,246.0
1782628422.284,68,6,8024,246.0
1782628422.484,64,5,8024,245.2
1782628422.685,64,5,8024,245.2
1782628422.885,64,5,8024,245.2
1782628423.086,64,5,8024,246.3
1782628423.286,64,5,8024,246.3
1782628423.486,66,5,8024,252.7
1782628423.687,66,5,8024,252.7
1782628423.887,66,5,8024,252.7
1782628424.088,66,5,8024,254.9
1782628424.290,66,5,8024,254.9
1782628424.491,64,6,8024,256.7
1782628424.691,64,6,8024,256.7
1782628424.891,64,6,8024,256.7
1782628425.092,64,6,8024,257.9
1782628425.292,64,6,8024,257.9
1782628425.493,68,6,8024,254.3
1782628425.693,68,6,8024,254.3
1782628425.893,68,6,8024,254.3
1782628426.094,68,6,8024,249.8
1782628426.294,68,6,8024,249.8
1782628426.495,69,6,8024,250.0
1782628426.695,69,6,8024,250.0
1782628426.896,69,6,8024,250.0
1782628427.096,69,6,8024,252.3
1782628427.296,69,6,8024,252.3
1782628427.497,68,6,8024,249.5
1782628427.697,68,6,8024,249.5
1782628427.898,68,6,8024,249.5
1782628428.098,68,6,8024,246.8
1782628428.298,68,6,8024,246.8
1782628428.499,72,6,8024,250.6
1782628428.699,72,6,8024,250.6
1782628428.900,72,6,8024,250.6
1782628429.100,72,6,8024,252.0
1782628429.301,72,6,8024,252.0
1782628429.501,67,6,8024,248.2
1782628429.701,67,6,8024,248.2
1782628429.902,67,6,8024,248.2
1782628430.102,67,6,8024,243.5
1782628430.303,67,6,8024,243.5
1782628430.503,72,6,8024,248.9
1782628430.704,72,6,8024,248.9
1782628430.904,72,6,8024,248.9
1782628431.105,72,6,8024,268.4
1782628431.305,72,6,8024,268.4
1782628431.505,78,6,8024,278.7
1782628431.706,78,6,8024,278.7
1782628431.906,78,6,8024,278.7
1782628432.107,78,6,8024,279.7
1782628432.307,78,6,8024,279.7
1782628432.508,77,7,8024,279.9
1782628432.708,77,7,8024,279.9
1782628432.908,77,7,8024,279.9
1782628433.109,77,7,8024,279.1
1782628433.310,77,7,8024,279.1
1782628433.510,76,6,8024,278.9
1782628433.710,76,6,8024,278.9
1782628433.911,76,6,8024,278.9
1782628434.111,76,6,8024,274.1
1782628434.312,76,6,8024,274.1
1782628434.512,73,6,8024,273.0
1782628434.713,73,6,8024,273.0
1782628434.913,73,6,8024,273.0
1782628435.113,73,6,8024,279.0
1782628435.314,73,6,8024,279.0
1782628435.514,81,7,8024,291.9
1782628435.715,81,7,8024,291.9
1782628435.915,81,7,8024,291.9
1782628436.116,81,7,8024,288.5
1782628436.316,81,7,8024,288.5
1782628436.516,83,7,8024,282.5
1782628436.717,83,7,8024,282.5
1782628436.917,83,7,8024,282.5
1782628437.118,83,7,8024,290.0
1782628437.318,83,7,8024,290.0
1782628437.519,75,6,8024,298.5
1782628437.719,75,6,8024,298.5
1782628437.919,75,6,8024,298.5
1782628438.120,75,6,8024,294.9
1782628438.320,75,6,8024,294.9
1782628438.521,82,7,8024,293.8
1782628438.721,82,7,8024,293.8
1782628438.922,82,7,8024,299.5
1782628439.122,82,7,8024,299.5
1782628439.322,82,7,8024,299.5
1782628439.523,84,7,8024,296.7
1782628439.723,84,7,8024,296.7
1782628439.924,84,7,8024,302.1
1782628440.124,84,7,8024,302.1
1782628440.325,84,7,8024,302.1
1782628440.525,84,7,8024,304.9
1782628440.725,84,7,8024,304.9
1782628440.926,84,7,8024,300.7
1782628441.126,84,7,8024,300.7
1782628441.327,84,7,8024,300.7
1782628441.527,4,0,8024,267.2
1782628441.728,4,0,8024,267.2
1782628441.928,4,0,8024,178.3
1782628442.129,4,0,8024,178.3
1782628442.329,4,0,8024,178.3
1782628442.530,0,0,8024,99.7
1782628442.731,0,0,8024,99.7
1782628442.931,0,0,8024,99.4
1782628443.132,0,0,8024,99.4
1782628443.332,0,0,8024,99.4
1782628443.533,0,0,8024,92.5
1782628443.734,0,0,8024,92.5
1782628443.934,0,0,8024,80.8
1782628444.135,0,0,8024,80.8
1782628444.335,0,0,8024,80.8
1782628444.536,0,0,8024,75.8
1782628444.737,0,0,8024,75.8
1782628444.937,0,0,8024,129.2
1782628445.138,0,0,8024,129.2
1782628445.338,0,0,8024,129.2
1782628445.539,81,8,8024,251.6
1782628445.739,81,8,8024,251.6
1782628445.940,81,8,8024,314.5
1782628446.140,81,8,8024,314.5
1782628446.340,81,8,8024,314.5
1782628446.541,85,8,8024,311.2
1782628446.741,85,8,8024,311.2
1782628446.942,85,8,8024,310.3
1782628447.142,85,8,8024,310.3
1782628447.343,85,8,8024,310.3
1782628447.543,83,8,8024,305.6
1782628447.743,83,8,8024,305.6
1782628447.944,83,8,8024,311.0
1782628448.144,83,8,8024,311.0
1782628448.344,83,8,8024,311.0
1782628448.545,80,7,8024,314.9
1782628448.745,80,7,8024,314.9
1782628448.946,80,7,8024,315.9
1782628449.146,80,7,8024,315.9
1782628449.347,80,7,8024,315.9
1782628449.547,80,8,8024,312.9
1782628449.747,80,8,8024,312.9
1782628449.948,80,8,8024,318.1
1782628450.148,80,8,8024,318.1
1782628450.349,80,8,8024,318.1
1782628450.549,81,7,8024,317.0
1782628450.750,81,7,8024,317.0
1782628450.950,81,7,8024,312.9
1782628451.150,81,7,8024,312.9
1782628451.351,81,7,8024,312.9
1782628451.551,80,8,8024,316.2
1782628451.752,80,8,8024,316.2
1782628451.952,80,8,8024,312.4
1782628452.152,80,8,8024,312.4
1782628452.353,80,8,8024,312.4
1782628452.553,81,8,8024,309.1
1782628452.754,81,8,8024,309.1
1782628452.954,81,8,8024,315.7
1782628453.155,81,8,8024,315.7
1782628453.355,81,8,8024,315.7
1782628453.556,83,8,8024,315.4
1782628453.756,83,8,8024,315.4
1782628453.957,83,8,8024,313.2
1782628454.157,83,8,8024,313.2
1782628454.357,83,8,8024,313.2
1782628454.558,79,7,8024,316.1
1782628454.758,79,7,8024,316.1
1782628454.959,79,7,8024,316.6
1782628455.159,79,7,8024,316.6
1782628455.359,79,7,8024,316.6
1782628455.560,82,8,8024,307.8
1782628455.760,82,8,8024,307.8
1782628455.961,82,8,8024,307.1
1782628456.161,82,8,8024,307.1
1782628456.361,82,8,8024,307.1
1782628456.562,81,8,8024,312.2
1782628456.762,81,8,8024,312.2
1782628456.963,81,8,8024,304.5
1782628457.163,81,8,8024,304.5
1782628457.364,81,8,8024,304.5
1782628457.564,0,0,8024,197.8
1782628457.765,0,0,8024,197.8
1782628457.965,0,0,8024,131.7
1782628458.166,0,0,8024,131.7
1782628458.366,0,0,8024,131.7
1782628458.567,75,7,8024,226.2
1782628458.767,75,7,8024,226.2
1782628458.968,75,7,8024,316.8
1782628459.168,75,7,8024,316.8
1782628459.369,75,7,8024,316.8
1782628459.569,78,7,8024,307.2
1782628459.769,78,7,8024,307.2
1782628459.970,78,7,8024,314.5
1782628460.170,78,7,8024,314.5
1782628460.370,78,7,8024,314.5
1782628460.571,80,7,8024,317.5
1782628460.771,80,7,8024,317.5
1782628460.972,80,7,8024,311.9
1782628461.172,80,7,8024,311.9
1782628461.373,80,7,8024,311.9
1782628461.573,82,8,8024,311.0
1782628461.773,82,8,8024,311.0
1782628461.974,82,8,8024,312.6
1782628462.174,82,8,8024,312.6
1782628462.375,82,8,8024,312.6
1782628462.575,84,8,8024,314.0
1782628462.776,84,8,8024,314.0
1782628462.976,84,8,8024,313.5
1782628463.176,84,8,8024,313.5
1782628463.377,84,8,8024,313.5
1782628463.577,84,8,8024,308.9
1782628463.778,84,8,8024,308.9
1782628463.978,84,8,8024,309.1
1782628464.179,84,8,8024,309.1
1782628464.379,84,8,8024,309.1
1782628464.580,80,8,8024,312.6
1782628464.780,80,8,8024,312.6
1782628464.980,80,8,8024,311.5
1782628465.181,80,8,8024,311.5
1782628465.381,80,8,8024,311.5
1782628465.582,80,8,8024,308.8
1782628465.782,80,8,8024,308.8
1782628465.983,80,8,8024,307.0
1782628466.183,80,8,8024,307.0
1782628466.384,80,8,8024,307.0
1782628466.584,86,8,8024,309.5
1782628466.784,86,8,8024,309.5
1782628466.985,86,8,8024,312.5
1782628467.185,86,8,8024,312.5
1782628467.386,86,8,8024,312.5
1782628467.586,79,7,8024,309.3
1782628467.786,79,7,8024,309.3
1782628467.987,79,7,8024,309.0
1782628468.187,79,7,8024,309.0
1782628468.388,79,7,8024,309.0
1782628468.588,82,8,8024,313.7
1782628468.788,82,8,8024,313.7
1782628468.989,82,8,8024,317.2
1782628469.189,82,8,8024,317.2
1782628469.390,82,8,8024,317.2
1782628469.590,84,8,8024,316.9
1782628469.791,84,8,8024,316.9
1782628469.991,84,8,8024,249.3
1782628470.192,84,8,8024,249.3
1782628470.392,84,8,8024,249.3
1782628470.593,0,0,8024,142.6
1782628470.793,0,0,8024,142.6
1782628470.994,0,0,8024,216.0
1782628471.194,0,0,8024,216.0
1782628471.395,0,0,8024,216.0
1782628471.595,79,8,8024,307.4
1782628471.796,79,8,8024,307.4
1782628471.996,79,8,8024,303.4
1782628472.196,79,8,8024,303.4
1782628472.397,79,8,8024,303.4
1782628472.597,82,8,8024,308.6
1782628472.798,82,8,8024,308.6
1782628472.998,82,8,8024,311.0
1782628473.198,82,8,8024,311.0
1782628473.399,82,8,8024,311.0
1782628473.599,81,8,8024,310.8
1782628473.800,81,8,8024,310.8
1782628474.000,81,8,8024,308.3
1782628474.201,81,8,8024,308.3
1782628474.401,81,8,8024,308.3
1782628474.602,80,8,8024,305.9
1782628474.802,80,8,8024,305.9
1782628475.002,80,8,8024,310.5
1782628475.203,80,8,8024,310.5
1782628475.403,80,8,8024,310.5
1782628475.604,83,8,8024,317.6
1782628475.804,83,8,8024,317.6
1782628476.005,83,8,8024,317.8
1782628476.205,83,8,8024,317.8
1782628476.405,83,8,8024,317.8
1782628476.606,80,8,8024,317.9
1782628476.806,80,8,8024,317.9
1782628477.007,80,8,8024,314.9
1782628477.207,80,8,8024,314.9
1782628477.408,80,8,8024,314.9
1782628477.608,80,7,8024,307.0
1782628477.809,80,7,8024,307.0
1782628478.009,80,7,8024,307.5
1782628478.209,80,7,8024,307.5
1782628478.410,80,7,8024,307.5
1782628478.610,85,8,8024,310.1
1782628478.811,85,8,8024,310.1
1782628479.011,85,8,8024,315.2
1782628479.211,85,8,8024,315.2
1782628479.412,85,8,8024,315.2
1782628479.612,85,8,8024,311.8
1782628479.813,85,8,8024,311.8
1782628480.013,85,8,8024,312.0
1782628480.214,85,8,8024,312.0
1782628480.414,85,8,8024,312.0
1782628480.614,82,8,8024,316.1
1782628480.815,82,8,8024,316.1
1782628481.015,82,8,8024,313.9
1782628481.216,82,8,8024,313.9
1782628481.416,82,8,8024,313.9
1782628481.616,85,8,8024,310.7
1782628481.817,85,8,8024,310.7
1782628482.017,85,8,8024,309.8
1782628482.218,85,8,8024,309.8
1782628482.418,85,8,8024,309.8
1782628482.619,15,2,8024,299.0
1782628482.819,15,2,8024,299.0
1782628483.020,15,2,8024,194.5
1782628483.221,15,2,8024,194.5
1782628483.421,15,2,8024,194.5
1782628483.622,95,10,8024,132.1
1782628483.822,95,10,8024,132.1
1782628484.022,95,10,8024,220.0
1782628484.223,95,10,8024,220.0
1782628484.423,66,6,8024,277.2
1782628484.624,66,6,8024,277.2
1782628484.824,66,6,8024,277.2
1782628485.025,66,6,8024,258.7
1782628485.225,66,6,8024,258.7
1782628485.426,68,6,8024,262.8
1782628485.626,68,6,8024,262.8
1782628485.827,68,6,8024,262.8
1782628486.027,68,6,8024,259.5
1782628486.229,68,6,8024,259.5
1782628486.429,67,6,8024,259.3
1782628486.630,67,6,8024,259.3
1782628486.830,67,6,8024,259.3
1782628487.031,67,6,8024,257.5
1782628487.231,67,6,8024,257.5
1782628487.432,62,6,8024,247.9
1782628487.632,62,6,8024,247.9
1782628487.833,62,6,8024,247.9
1782628488.033,62,6,8024,249.2
1782628488.234,62,6,8024,249.2
1782628488.434,67,7,8024,256.0
1782628488.635,67,7,8024,256.0
1782628488.835,67,7,8024,256.0
1782628489.036,67,7,8024,256.7
1782628489.236,67,7,8024,256.7
1782628489.436,66,6,8024,257.3
1782628489.637,66,6,8024,257.3
1782628489.837,66,6,8024,257.3
1782628490.038,66,6,8024,257.0
1782628490.238,66,6,8024,257.0
1782628490.439,66,6,8024,252.4
1782628490.639,66,6,8024,252.4
1782628490.839,66,6,8024,252.4
1782628491.040,66,6,8024,255.3
1782628491.242,66,6,8024,255.3
1782628491.442,69,7,8024,261.0
1782628491.643,69,7,8024,261.0
1782628491.843,69,7,8024,261.0
1782628492.044,69,7,8024,255.4
1782628492.244,69,7,8024,255.4
1782628492.444,71,7,8024,258.7
1782628492.645,71,7,8024,258.7
1782628492.845,71,7,8024,258.7
1782628493.046,71,7,8024,256.3
1782628493.246,71,7,8024,256.3
1782628493.447,72,7,8024,261.9
1782628493.647,72,7,8024,261.9
1782628493.848,72,7,8024,261.9
1782628494.048,72,7,8024,268.5
1782628494.249,72,7,8024,268.5
1782628494.449,70,7,8024,266.3
1782628494.649,70,7,8024,266.3
1782628494.850,70,7,8024,266.3
1782628495.050,70,7,8024,261.7
1782628495.251,70,7,8024,261.7
1782628495.451,68,6,8024,255.7
1782628495.652,68,6,8024,255.7
1782628495.852,68,6,8024,255.7
1782628496.052,68,6,8024,253.2
1782628496.253,68,6,8024,253.2
1782628496.453,73,7,8024,256.1
1782628496.654,73,7,8024,256.1
1782628496.854,73,7,8024,256.1
1782628497.055,73,7,8024,260.2
1782628497.255,73,7,8024,260.2
1782628497.455,72,7,8024,266.6
1782628497.656,72,7,8024,266.6
1782628497.856,72,7,8024,266.6
1782628498.057,72,7,8024,260.0
1782628498.257,72,7,8024,260.0
1782628498.458,66,6,8024,256.5
1782628498.658,66,6,8024,256.5
1782628498.859,66,6,8024,256.5
1782628499.059,66,6,8024,255.0
1782628499.260,66,6,8024,255.0
1782628499.460,69,6,8024,255.6
1782628499.660,69,6,8024,255.6
1782628499.861,69,6,8024,255.6
1782628500.061,69,6,8024,273.7
1782628500.262,69,6,8024,273.7
1782628500.462,73,7,8024,285.8
1782628500.663,73,7,8024,285.8
1782628500.863,73,7,8024,285.8
1782628501.064,73,7,8024,288.7
1782628501.264,73,7,8024,288.7
1782628501.465,73,7,8024,289.5
1782628501.665,73,7,8024,289.5
1782628501.866,73,7,8024,289.5
1782628502.066,73,7,8024,290.5
1782628502.266,73,7,8024,290.5
1782628502.467,75,7,8024,291.6
1782628502.668,75,7,8024,291.6
1782628502.868,75,7,8024,291.6
1782628503.068,75,7,8024,292.0
1782628503.269,75,7,8024,292.0
1782628503.469,77,7,8024,291.1
1782628503.670,77,7,8024,291.1
1782628503.870,77,7,8024,291.1
1782628504.071,77,7,8024,284.0
1782628504.271,77,7,8024,284.0
1782628504.472,81,7,8024,282.4
1782628504.672,81,7,8024,282.4
1782628504.873,81,7,8024,282.4
1782628505.073,81,7,8024,289.1
1782628505.273,81,7,8024,289.1
1782628505.474,79,7,8024,292.8
1782628505.674,79,7,8024,292.8
1782628505.874,79,7,8024,292.8
1782628506.075,79,7,8024,298.1
1782628506.275,79,7,8024,298.1
1782628506.476,76,7,8024,302.9
1782628506.676,76,7,8024,302.9
1782628506.877,76,7,8024,302.9
1782628507.077,76,7,8024,301.2
1782628507.278,76,7,8024,301.2
1782628507.478,79,8,8024,300.5
1782628507.678,79,8,8024,300.5
1782628507.879,79,8,8024,300.5
1782628508.079,79,8,8024,302.2
1782628508.280,79,8,8024,302.2
1782628508.480,78,7,8024,303.5
1782628508.680,78,7,8024,303.5
1782628508.881,78,7,8024,303.5
1782628509.081,78,7,8024,303.9
1782628509.282,78,7,8024,303.9
1782628509.482,78,8,8024,307.6
1782628509.682,78,8,8024,307.6
1782628509.883,78,8,8024,307.6
1782628510.083,78,8,8024,306.8
1782628510.284,78,8,8024,306.8
1782628510.484,75,7,8024,302.9
1782628510.685,75,7,8024,302.9
1782628510.885,75,7,8024,302.9
1782628511.086,75,7,8024,284.6
1782628511.286,75,7,8024,284.6
1782628511.487,0,0,8024,192.3
1782628511.687,0,0,8024,192.3
1782628511.888,0,0,8024,192.3
1782628512.089,0,0,8024,101.5
1782628512.289,0,0,8024,101.5
1782628512.490,0,0,8024,100.7
1782628512.690,0,0,8024,100.7
1782628512.891,0,0,8024,100.7
1782628513.092,0,0,8024,92.4
1782628513.292,0,0,8024,92.4
1782628513.493,0,0,8024,80.1
1782628513.693,0,0,8024,80.1
1782628513.894,0,0,8024,80.1
1782628514.095,0,0,8024,77.6
1782628514.295,0,0,8024,77.6
1782628514.496,95,10,8024,117.6
1782628514.696,95,10,8024,117.6
1782628514.897,95,10,8024,117.6
1782628515.097,95,10,8024,216.0
1782628515.298,95,10,8024,216.0
1782628515.498,64,6,8024,288.7
1782628515.698,64,6,8024,288.7
1782628515.899,64,6,8024,288.7
1782628516.099,64,6,8024,263.7
1782628516.300,64,6,8024,263.7
1782628516.500,72,7,8024,262.6
1782628516.700,72,7,8024,262.6
1782628516.901,72,7,8024,262.6
1782628517.101,72,7,8024,271.2
1782628517.302,72,7,8024,271.2
1782628517.502,67,6,8024,269.5
1782628517.702,67,6,8024,269.5
1782628517.903,67,6,8024,269.5
1782628518.103,67,6,8024,259.2
1782628518.304,67,6,8024,259.2
1782628518.504,70,7,8024,261.1
1782628518.705,70,7,8024,261.1
1782628518.905,70,7,8024,261.1
1782628519.106,70,7,8024,262.7
1782628519.306,70,7,8024,262.7
1782628519.507,67,6,8024,262.4
1782628519.707,67,6,8024,262.4
1782628519.908,67,6,8024,262.4
1782628520.108,67,6,8024,262.5
1782628520.309,67,6,8024,262.5
1782628520.509,65,6,8024,259.0
1782628520.710,65,6,8024,259.0
1782628520.910,65,6,8024,259.0
1782628521.110,65,6,8024,254.9
1782628521.311,65,6,8024,254.9
1782628521.511,72,7,8024,261.3
1782628521.712,72,7,8024,261.3
1782628521.912,72,7,8024,261.3
1782628522.112,72,7,8024,266.6
1782628522.313,72,7,8024,266.6
1782628522.513,63,6,8024,268.2
1782628522.714,63,6,8024,268.2
1782628522.914,63,6,8024,268.2
1782628523.114,63,6,8024,266.1
1782628523.315,63,6,8024,266.1
1782628523.515,64,6,8024,253.4
1782628523.716,64,6,8024,253.4
1782628523.916,64,6,8024,253.4
1782628524.117,64,6,8024,256.9
1782628524.317,64,6,8024,256.9
1782628524.518,68,6,8024,267.6
1782628524.718,68,6,8024,267.6
1782628524.918,68,6,8024,267.6
1782628525.119,68,6,8024,266.5
1782628525.319,68,6,8024,266.5
1782628525.520,67,6,8024,259.1
1782628525.720,67,6,8024,259.1
1782628525.921,67,6,8024,259.1
1782628526.121,67,6,8024,259.8
1782628526.322,67,6,8024,259.8
1782628526.522,72,7,8024,264.3
1782628526.723,72,7,8024,264.3
1782628526.923,72,7,8024,264.3
1782628527.123,72,7,8024,261.2
1782628527.324,72,7,8024,261.2
1782628527.524,65,6,8024,262.2
1782628527.725,65,6,8024,262.2
1782628527.925,65,6,8024,262.3
1782628528.126,65,6,8024,262.3
1782628528.326,65,6,8024,262.3
1782628528.527,69,7,8024,264.4
1782628528.727,69,7,8024,264.4
1782628528.927,69,7,8024,265.0
1782628529.128,69,7,8024,265.0
1782628529.328,69,7,8024,265.0
1782628529.529,67,6,8024,265.6
1782628529.729,67,6,8024,265.6
1782628529.930,67,6,8024,265.6
1782628530.130,67,6,8024,265.6
1782628530.330,67,6,8024,265.6
1782628530.531,80,8,8024,266.3
1782628530.731,80,8,8024,266.3
1782628530.932,80,8,8024,281.3
1782628531.132,80,8,8024,281.3
1782628531.332,80,8,8024,281.3
1782628531.533,77,7,8024,290.3
1782628531.733,77,7,8024,290.3
1782628531.934,77,7,8024,292.1
1782628532.134,77,7,8024,292.1
1782628532.334,77,7,8024,292.1
1782628532.535,75,7,8024,292.5
1782628532.735,75,7,8024,292.5
1782628532.936,75,7,8024,289.9
1782628533.136,75,7,8024,289.9
1782628533.337,75,7,8024,289.9
1782628533.537,71,7,8024,288.3
1782628533.738,71,7,8024,288.3
1782628533.938,71,7,8024,291.9
1782628534.138,71,7,8024,291.9
1782628534.339,71,7,8024,291.9
1782628534.539,78,7,8024,290.4
1782628534.740,78,7,8024,290.4
1782628534.940,78,7,8024,294.3
1782628535.141,78,7,8024,294.3
1782628535.341,78,7,8024,294.3
1782628535.541,73,7,8024,295.3
1782628535.742,73,7,8024,295.3
1782628535.942,73,7,8024,287.1
1782628536.143,73,7,8024,287.1
1782628536.343,73,7,8024,287.1
1782628536.543,77,7,8024,291.3
1782628536.744,77,7,8024,291.3
1782628536.944,77,7,8024,301.5
1782628537.145,77,7,8024,301.5
1782628537.345,77,7,8024,301.5
1782628537.546,75,7,8024,303.9
1782628537.746,75,7,8024,303.9
1782628537.947,75,7,8024,304.3
1782628538.147,75,7,8024,304.3
1782628538.348,75,7,8024,304.3
1782628538.548,79,7,8024,308.7
1782628538.748,79,7,8024,308.7
1782628538.949,79,7,8024,308.1
1782628539.149,79,7,8024,308.1
1782628539.350,79,7,8024,308.1
1782628539.550,83,8,8024,309.7
1782628539.751,83,8,8024,309.7
1782628539.951,83,8,8024,309.7
1782628540.152,83,8,8024,309.7
1782628540.352,83,8,8024,309.7
1782628540.553,84,8,8024,310.5
1782628540.753,84,8,8024,310.5
1782628540.954,84,8,8024,314.0
1782628541.154,84,8,8024,314.0
1782628541.355,84,8,8024,314.0
1782628541.555,76,8,8024,316.8
1782628541.756,76,8,8024,316.8
1782628541.956,76,8,8024,239.2
1782628542.157,76,8,8024,239.2
1782628542.357,76,8,8024,239.2
1782628542.558,0,0,8024,131.7
1782628542.758,0,0,8024,131.7
1782628542.959,0,0,8024,100.3
1782628543.160,0,0,8024,100.3
1782628543.360,0,0,8024,100.3
1782628543.561,0,0,8024,98.1
1782628543.761,0,0,8024,98.1
1782628543.962,0,0,8024,86.5
1782628544.162,0,0,8024,86.5
1782628544.363,0,0,8024,86.5
1782628544.564,0,0,8024,77.0
1782628544.764,0,0,8024,77.0
1782628544.965,0,0,8024,76.9
1782628545.165,0,0,8024,76.9
1782628545.366,0,0,8024,76.9
1782628545.566,74,8,8024,167.1
1782628545.767,74,8,8024,167.1
1782628545.967,74,8,8024,265.8
1782628546.168,74,8,8024,265.8
1782628546.368,74,8,8024,265.8
1782628546.568,62,6,8024,259.9
1782628546.769,62,6,8024,259.9
1782628546.969,62,6,8024,262.6
1782628547.170,62,6,8024,262.6
1782628547.370,62,6,8024,262.6
1782628547.570,67,7,8024,261.7
1782628547.771,67,7,8024,261.7
1782628547.971,67,7,8024,260.3
1782628548.171,67,7,8024,260.3
1782628548.372,67,7,8024,260.3
1782628548.572,72,7,8024,260.3
1782628548.773,72,7,8024,260.3
1782628548.973,72,7,8024,260.5
1782628549.174,72,7,8024,260.5
1782628549.374,72,7,8024,260.5
1782628549.575,68,7,8024,258.5
1782628549.775,68,7,8024,258.5
1782628549.975,68,7,8024,258.6
1782628550.176,68,7,8024,258.6
1782628550.376,68,7,8024,258.6
1782628550.577,67,6,8024,257.0
1782628550.777,67,6,8024,257.0
1782628550.978,67,6,8024,255.8
1782628551.178,67,6,8024,255.8
1782628551.379,67,6,8024,255.8
1782628551.579,70,7,8024,258.8
1782628551.780,70,7,8024,258.8
1782628551.980,70,7,8024,262.1
1782628552.180,70,7,8024,262.1
1782628552.381,70,7,8024,262.1
1782628552.581,61,6,8024,262.1
1782628552.782,61,6,8024,262.1
1782628552.982,61,6,8024,263.0
1782628553.183,61,6,8024,263.0
1782628553.383,61,6,8024,263.0
1782628553.583,65,6,8024,264.2
1782628553.784,65,6,8024,264.2
1782628553.984,65,6,8024,260.0
1782628554.184,65,6,8024,260.0
1782628554.385,65,6,8024,260.0
1782628554.585,66,6,8024,256.0
1782628554.786,66,6,8024,256.0
1782628554.986,66,6,8024,262.9
1782628555.187,66,6,8024,262.9
1782628555.387,66,6,8024,262.9
1782628555.587,65,6,8024,264.5
1782628555.788,65,6,8024,264.5
1782628555.988,65,6,8024,259.5
1782628556.189,65,6,8024,259.5
1782628556.389,65,6,8024,259.5
1782628556.589,69,6,8024,259.1
1782628556.790,69,6,8024,259.1
1782628556.990,69,6,8024,259.9
1782628557.191,69,6,8024,259.9
1782628557.391,69,6,8024,259.9
1782628557.591,68,7,8024,259.6
1782628557.792,68,7,8024,259.6
1782628557.992,68,7,8024,255.4
1782628558.193,68,7,8024,255.4
1782628558.393,68,7,8024,255.4
1782628558.594,72,7,8024,254.5
1782628558.794,72,7,8024,254.5
1782628558.995,72,7,8024,262.1
1782628559.195,72,7,8024,262.1
1782628559.396,72,7,8024,262.1
1782628559.596,66,6,8024,263.4
1782628559.796,66,6,8024,263.4
1782628559.997,66,6,8024,259.0
1782628560.197,66,6,8024,259.0
1782628560.398,66,6,8024,259.0
1782628560.598,72,7,8024,262.8
1782628560.799,72,7,8024,262.8
1782628560.999,72,7,8024,263.6
1782628561.199,72,7,8024,263.6
1782628561.400,72,7,8024,263.6
1782628561.600,77,7,8024,270.7
1782628561.801,77,7,8024,270.7
1782628562.001,77,7,8024,285.6
1782628562.202,77,7,8024,285.6
1782628562.402,77,7,8024,285.6
1782628562.603,79,8,8024,293.6
1782628562.803,79,8,8024,293.6
1782628563.004,79,8,8024,295.0
1782628563.204,79,8,8024,295.0
1782628563.405,79,8,8024,295.0
1782628563.606,72,6,8024,291.4
1782628563.806,72,6,8024,291.4
1782628564.006,72,6,8024,288.9
1782628564.207,72,6,8024,288.9
1782628564.407,72,6,8024,288.9
1782628564.608,75,7,8024,286.2
1782628564.808,75,7,8024,286.2
1782628565.009,75,7,8024,286.2
1782628565.209,75,7,8024,286.2
1782628565.410,75,7,8024,286.2
1782628565.610,77,7,8024,288.8
1782628565.811,77,7,8024,288.8
1782628566.011,77,7,8024,286.4
1782628566.211,77,7,8024,286.4
1782628566.412,77,7,8024,286.4
1782628566.612,76,7,8024,284.6
1782628566.813,76,7,8024,284.6
1782628567.013,76,7,8024,292.0
1782628567.214,76,7,8024,292.0
1782628567.414,76,7,8024,292.0
1782628567.615,81,8,8024,299.2
1782628567.815,81,8,8024,299.2
1782628568.016,81,8,8024,307.5
1782628568.216,81,8,8024,307.5
1782628568.417,81,8,8024,307.5
1782628568.617,78,8,8024,304.6
1782628568.817,78,8,8024,304.6
1782628569.018,78,8,8024,299.7
1782628569.218,78,8,8024,299.7
1782628569.419,78,8,8024,299.7
1782628569.619,80,8,8024,303.0
1782628569.820,80,8,8024,303.0
1782628570.020,80,8,8024,305.1
1782628570.220,80,8,8024,305.1
1782628570.421,80,8,8024,305.1
1782628570.621,84,8,8024,307.9
1782628570.822,84,8,8024,307.9
1782628571.022,84,8,8024,310.8
1782628571.222,84,8,8024,310.8
1782628571.423,84,8,8024,310.8
1782628571.623,78,7,8024,310.8
1782628571.824,78,7,8024,310.8
1782628572.024,78,7,8024,306.9
1782628572.225,78,7,8024,306.9
1782628572.425,78,7,8024,306.9
1782628572.625,82,8,8024,308.7
1782628572.826,82,8,8024,308.7
1782628573.027,82,8,8024,263.9
1782628573.227,82,8,8024,263.9
1782628573.428,0,0,8024,151.3
1782628573.628,0,0,8024,151.3
1782628573.829,0,0,8024,151.3
1782628574.030,0,0,8024,100.0
1782628574.230,0,0,8024,100.0
1782628574.431,0,0,8024,99.7
1782628574.631,0,0,8024,99.7
1782628574.832,0,0,8024,99.7
1782628575.033,0,0,8024,91.7
1782628575.233,0,0,8024,91.7
1782628575.434,0,0,8024,79.5
1782628575.634,0,0,8024,79.5
1782628575.835,0,0,8024,79.5
1782628576.035,0,0,8024,77.1
1782628576.236,0,0,8024,77.1
1782628576.437,94,12,8024,157.1
1782628576.637,94,12,8024,157.1
1782628576.838,94,12,8024,157.1
1782628577.038,94,12,8024,292.2
1782628577.239,94,12,8024,292.2
1782628577.439,74,8,8024,327.3
1782628577.639,74,8,8024,327.3
1782628577.840,74,8,8024,327.3
1782628578.040,74,8,8024,325.4
1782628578.241,74,8,8024,325.4
1782628578.441,80,8,8024,321.6
1782628578.642,80,8,8024,321.6
1782628578.842,80,8,8024,321.6
1782628579.043,80,8,8024,325.0
1782628579.243,80,8,8024,325.0
1782628579.444,80,9,8024,325.0
1782628579.644,80,9,8024,325.0
1782628579.845,80,9,8024,325.0
1782628580.045,80,9,8024,325.7
1782628580.245,80,9,8024,325.7
1782628580.446,82,9,8024,325.8
1782628580.646,82,9,8024,325.8
1782628580.847,82,9,8024,325.8
1782628581.047,82,9,8024,326.6
1782628581.247,82,9,8024,326.6
1782628581.448,77,9,8024,329.6
1782628581.648,77,9,8024,329.6
1782628581.849,77,9,8024,329.6
1782628582.049,77,9,8024,331.7
1782628582.250,77,9,8024,331.7
1782628582.450,84,10,8024,332.4
1782628582.651,84,10,8024,332.4
1782628582.851,84,10,8024,332.4
1782628583.052,84,10,8024,335.1
1782628583.252,84,10,8024,335.1
1782628583.452,81,9,8024,332.1
1782628583.653,81,9,8024,332.1
1782628583.853,81,9,8024,332.1
1782628584.054,81,9,8024,328.6
1782628584.264,81,9,8024,328.6
1782628584.464,79,9,8024,328.7
1782628584.665,79,9,8024,328.7
1782628584.865,79,9,8024,328.7
1782628585.066,79,9,8024,329.6
1782628585.266,79,9,8024,329.6
1782628585.467,76,8,8024,326.8
1782628585.667,76,8,8024,326.8
1782628585.868,76,8,8024,326.8
1782628586.068,76,8,8024,325.8
1782628586.269,76,8,8024,325.8
1782628586.469,81,9,8024,328.7
1782628586.670,81,9,8024,328.7
1782628586.870,81,9,8024,328.7
1782628587.070,81,9,8024,326.5
1782628587.271,81,9,8024,326.5
1782628587.471,84,9,8024,325.8
1782628587.672,84,9,8024,325.8
1782628587.872,84,9,8024,325.8
1782628588.073,84,9,8024,328.0
1782628588.273,84,9,8024,328.0
1782628588.473,80,9,8024,329.9
1782628588.674,80,9,8024,329.9
1782628588.874,80,9,8024,329.9
1782628589.075,80,9,8024,328.7
1782628589.275,80,9,8024,328.7
1782628589.475,87,10,8024,336.6
1782628589.676,87,10,8024,336.6
1782628589.877,87,10,8024,336.6
1782628590.077,87,10,8024,264.2
1782628590.278,87,10,8024,264.2
1782628590.478,18,3,8024,139.4
1782628590.679,18,3,8024,139.4
1782628590.879,18,3,8024,139.4
1782628591.079,18,3,8024,239.2
1782628591.280,18,3,8024,239.2
1782628591.480,78,9,8024,326.6
1782628591.681,78,9,8024,326.6
1782628591.881,78,9,8024,326.6
1782628592.082,78,9,8024,324.1
1782628592.282,78,9,8024,324.1
1782628592.483,81,9,8024,326.3
1782628592.683,81,9,8024,326.3
1782628592.884,81,9,8024,326.3
1782628593.084,81,9,8024,328.1
1782628593.284,81,9,8024,328.1
1782628593.485,80,9,8024,331.0
1782628593.685,80,9,8024,331.0
1782628593.886,80,9,8024,331.0
1782628594.086,80,9,8024,328.9
1782628594.287,80,9,8024,328.9
1782628594.489,79,9,8024,323.9
1782628594.689,79,9,8024,323.9
1782628594.890,79,9,8024,323.9
1782628595.090,79,9,8024,324.1
1782628595.291,79,9,8024,324.1
1782628595.491,82,9,8024,331.0
1782628595.692,82,9,8024,331.0
1782628595.892,82,9,8024,331.0
1782628596.092,82,9,8024,331.0
1782628596.293,82,9,8024,331.0
1782628596.493,82,9,8024,326.2
1782628596.694,82,9,8024,326.2
1782628596.894,82,9,8024,326.2
1782628597.095,82,9,8024,326.4
1782628597.295,82,9,8024,326.4
1782628597.495,83,10,8024,324.3
1782628597.696,83,10,8024,324.3
1782628597.896,83,10,8024,324.3
1782628598.097,83,10,8024,325.1
1782628598.297,83,10,8024,325.1
1782628598.497,84,9,8024,331.8
1782628598.698,84,9,8024,331.8
1782628598.898,84,9,8024,331.8
1782628599.098,84,9,8024,328.7
1782628599.299,84,9,8024,328.7
1782628599.499,82,10,8024,328.2
1782628599.700,82,10,8024,328.2
1782628599.900,82,10,8024,328.2
1782628600.100,82,10,8024,329.5
1782628600.301,82,10,8024,329.5
1782628600.501,79,9,8024,327.3
1782628600.702,79,9,8024,327.3
1782628600.902,79,9,8024,327.3
1782628601.102,79,9,8024,324.7
1782628601.303,79,9,8024,324.7
1782628601.503,80,9,8024,328.9
1782628601.704,80,9,8024,328.9
1782628601.904,80,9,8024,328.9
1782628602.105,80,9,8024,327.7
1782628602.305,80,9,8024,327.7
1782628602.506,76,9,8024,324.6
1782628602.706,76,9,8024,324.6
1782628602.906,76,9,8024,324.6
1782628603.107,76,9,8024,329.9
1782628603.307,76,9,8024,329.9
1782628603.508,88,10,8024,330.7
1782628603.708,88,10,8024,330.7
1782628603.909,88,10,8024,330.7
1782628604.110,88,10,8024,242.1
1782628604.310,88,10,8024,242.1
1782628604.511,0,0,8024,147.1
1782628604.711,0,0,8024,147.1
1782628604.912,0,0,8024,147.1
1782628605.112,0,0,8024,201.8
1782628605.312,0,0,8024,201.8
1782628605.513,80,10,8024,327.8
1782628605.713,80,10,8024,327.8
1782628605.914,80,10,8024,327.8
1782628606.114,80,10,8024,328.4
1782628606.315,80,10,8024,328.4
1782628606.515,82,9,8024,321.1
1782628606.715,82,9,8024,321.1
1782628606.916,82,9,8024,321.1
1782628607.116,82,9,8024,315.5
1782628607.317,82,9,8024,315.5
1782628607.517,83,10,8024,321.7
1782628607.718,83,10,8024,321.7
1782628607.918,83,10,8024,321.7
1782628608.119,83,10,8024,329.6
1782628608.319,83,10,8024,329.6
1782628608.519,80,9,8024,332.2
1782628608.720,80,9,8024,332.2
1782628608.920,80,9,8024,332.2
1782628609.121,80,9,8024,331.7
1782628609.321,80,9,8024,331.7
1782628609.522,83,10,8024,334.0
1782628609.722,83,10,8024,334.0
1782628609.923,83,10,8024,334.0
1782628610.123,83,10,8024,331.8
1782628610.323,83,10,8024,331.8
1782628610.524,80,9,8024,327.3
1782628610.724,80,9,8024,327.3
1782628610.925,80,9,8024,327.3
1782628611.125,80,9,8024,327.3
1782628611.325,80,9,8024,327.3
1782628611.526,79,9,8024,321.3
1782628611.726,79,9,8024,321.3
1782628611.927,79,9,8024,321.3
1782628612.127,79,9,8024,320.2
1782628612.328,79,9,8024,320.2
1782628612.528,80,9,8024,325.9
1782628612.729,80,9,8024,325.9
1782628612.929,80,9,8024,325.9
1782628613.130,80,9,8024,327.7
1782628613.330,80,9,8024,327.7
1782628613.531,79,9,8024,322.9
1782628613.731,79,9,8024,322.9
1782628613.932,79,9,8024,323.8
1782628614.132,79,9,8024,323.8
1782628614.333,79,9,8024,323.8
1782628614.533,83,10,8024,328.4
1782628614.733,83,10,8024,328.4
1782628614.934,83,10,8024,328.4
1782628615.134,83,10,8024,328.4
1782628615.335,83,10,8024,328.4
1782628615.535,77,9,8024,324.6
1782628615.736,77,9,8024,324.6
1782628615.936,77,9,8024,322.9
1782628616.137,77,9,8024,322.9
1782628616.337,77,9,8024,322.9
1782628616.537,77,8,8024,323.9
1782628616.738,77,8,8024,323.9
1782628616.938,77,8,8024,330.3
1782628617.139,77,8,8024,330.3
1782628617.339,77,8,8024,330.3
1782628617.540,90,11,8024,337.5
1782628617.740,90,11,8024,337.5
1782628617.941,90,11,8024,287.7
1782628618.141,90,11,8024,287.7
1782628618.342,90,11,8024,287.7
1782628618.542,0,0,8024,187.1
1782628618.743,0,0,8024,187.1
1782628618.943,0,0,8024,206.1
1782628619.144,0,0,8024,206.1
1782628619.344,0,0,8024,206.1
1782628619.545,66,7,8024,289.5
1782628619.745,66,7,8024,289.5
1782628619.946,66,7,8024,269.3
1782628620.146,66,7,8024,269.3
1782628620.346,66,7,8024,269.3
1782628620.547,68,7,8024,269.6
1782628620.747,68,7,8024,269.6
1782628620.948,68,7,8024,270.5
1782628621.148,68,7,8024,270.5
1782628621.349,68,7,8024,270.5
1782628621.549,67,6,8024,266.8
1782628621.750,67,6,8024,266.8
1782628621.950,67,6,8024,265.7
1782628622.151,67,6,8024,265.7
1782628622.351,67,6,8024,265.7
1782628622.552,69,8,8024,271.4
1782628622.752,69,8,8024,271.4
1782628622.953,69,8,8024,271.0
1782628623.153,69,8,8024,271.0
1782628623.353,69,8,8024,271.0
1782628623.554,68,7,8024,266.0
1782628623.754,68,7,8024,266.0
1782628623.955,68,7,8024,270.1
1782628624.155,68,7,8024,270.1
1782628624.355,68,7,8024,270.1
1782628624.556,66,7,8024,272.3
1782628624.756,66,7,8024,272.3
1782628624.957,66,7,8024,271.1
1782628625.157,66,7,8024,271.1
1782628625.358,66,7,8024,271.1
1782628625.558,63,6,8024,269.1
1782628625.759,63,6,8024,269.1
1782628625.959,63,6,8024,269.6
1782628626.160,63,6,8024,269.6
1782628626.360,63,6,8024,269.6
1782628626.561,71,7,8024,268.8
1782628626.761,71,7,8024,268.8
1782628626.962,71,7,8024,272.3
1782628627.162,71,7,8024,272.3
1782628627.362,71,7,8024,272.3
1782628627.563,72,8,8024,273.6
1782628627.763,72,8,8024,273.6
1782628627.964,72,8,8024,271.6
1782628628.164,72,8,8024,271.6
1782628628.365,72,8,8024,271.6
1782628628.565,74,8,8024,273.8
1782628628.766,74,8,8024,273.8
1782628628.966,74,8,8024,274.0
1782628629.166,74,8,8024,274.0
1782628629.367,74,8,8024,274.0
1782628629.567,62,6,8024,274.7
1782628629.768,62,6,8024,274.7
1782628629.968,62,6,8024,273.8
1782628630.169,62,6,8024,273.8
1782628630.369,62,6,8024,273.8
1782628630.570,69,8,8024,277.0
1782628630.770,69,8,8024,277.0
1782628630.970,69,8,8024,273.2
1782628631.171,69,8,8024,273.2
1782628631.371,69,8,8024,273.2
1782628631.572,70,8,8024,269.7
1782628631.772,70,8,8024,269.7
1782628631.973,70,8,8024,273.4
1782628632.173,70,8,8024,273.4
1782628632.373,70,8,8024,273.4
1782628632.574,64,7,8024,274.7
1782628632.774,64,7,8024,274.7
1782628632.975,64,7,8024,272.3
1782628633.175,64,7,8024,272.3
1782628633.376,64,7,8024,272.3
1782628633.576,73,8,8024,270.9
1782628633.777,73,8,8024,270.9
1782628633.977,73,8,8024,271.5
1782628634.177,73,8,8024,271.5
1782628634.378,73,8,8024,271.5
1782628634.578,69,7,8024,267.5
1782628634.779,69,7,8024,267.5
1782628634.979,69,7,8024,281.9
1782628635.179,69,7,8024,281.9
1782628635.380,69,7,8024,281.9
1782628635.580,75,8,8024,297.2
1782628635.781,75,8,8024,297.2
1782628635.981,75,8,8024,304.6
1782628636.182,75,8,8024,304.6
1782628636.382,75,8,8024,304.6
1782628636.583,76,8,8024,309.9
1782628636.783,76,8,8024,309.9
1782628636.984,76,8,8024,309.0
1782628637.184,76,8,8024,309.0
1782628637.384,76,8,8024,309.0
1782628637.585,75,9,8024,304.2
1782628637.785,75,9,8024,304.2
1782628637.986,75,9,8024,309.4
1782628638.186,75,9,8024,309.4
1782628638.387,75,9,8024,309.4
1782628638.587,82,9,8024,313.6
1782628638.787,82,9,8024,313.6
1782628638.988,82,9,8024,313.0
1782628639.188,82,9,8024,313.0
1782628639.389,82,9,8024,313.0
1782628639.589,76,8,8024,309.2
1782628639.790,76,8,8024,309.2
1782628639.990,76,8,8024,300.7
1782628640.191,76,8,8024,300.7
1782628640.391,76,8,8024,300.7
1782628640.592,76,8,8024,304.2
1782628640.792,76,8,8024,304.2
1782628640.992,76,8,8024,308.1
1782628641.193,76,8,8024,308.1
1782628641.393,76,8,8024,308.1
1782628641.594,77,8,8024,312.1
1782628641.794,77,8,8024,312.1
1782628641.995,77,8,8024,316.5
1782628642.195,77,8,8024,316.5
1782628642.396,77,8,8024,316.5
1782628642.596,74,8,8024,320.3
1782628642.796,74,8,8024,320.3
1782628642.997,74,8,8024,325.8
1782628643.197,74,8,8024,325.8
1782628643.398,74,8,8024,325.8
1782628643.598,76,9,8024,328.3
1782628643.799,76,9,8024,328.3
1782628643.999,76,9,8024,330.7
1782628644.199,76,9,8024,330.7
1782628644.400,76,9,8024,330.7
1782628644.600,78,8,8024,328.9
1782628644.801,78,8,8024,328.9
1782628645.001,78,8,8024,327.7
1782628645.202,78,8,8024,327.7
1782628645.402,78,8,8024,327.7
1782628645.603,84,10,8024,329.7
1782628645.803,84,10,8024,329.7
1782628646.003,84,10,8024,331.7
1782628646.204,84,10,8024,331.7
1782628646.404,84,10,8024,331.7
1782628646.605,79,9,8024,334.1
1782628646.805,79,9,8024,334.1
1782628647.006,79,9,8024,315.8
1782628647.206,79,9,8024,315.8
1782628647.407,79,9,8024,315.8
1782628647.607,0,0,8024,197.9
1782628647.808,0,0,8024,197.9
1782628648.008,0,0,8024,102.9
1782628648.209,0,0,8024,102.9
1782628648.410,0,0,8024,102.9
1782628648.610,0,0,8024,100.6
1782628648.811,0,0,8024,100.6
1782628649.011,0,0,8024,96.4
1782628649.212,0,0,8024,96.4
1782628649.412,0,0,8024,96.4
1782628649.613,0,0,8024,86.0
1782628649.814,0,0,8024,86.0
1782628650.014,0,0,8024,77.5
1782628650.215,0,0,8024,77.5
1782628650.415,0,0,8024,77.5
1782628650.616,80,10,8024,101.8
1782628650.816,80,10,8024,101.8
1782628651.016,80,10,8024,222.4
1782628651.217,80,10,8024,222.4
1782628651.417,80,10,8024,222.4
1782628651.618,66,8,8024,296.1
1782628651.818,66,8,8024,296.1
1782628652.019,66,8,8024,270.4
1782628652.219,66,8,8024,270.4
1782628652.420,66,8,8024,270.4
1782628652.620,75,8,8024,275.2
1782628652.821,75,8,8024,275.2
1782628653.021,75,8,8024,280.8
1782628653.221,75,8,8024,280.8
1782628653.422,75,8,8024,280.8
1782628653.622,75,8,8024,280.9
1782628653.823,75,8,8024,280.9
1782628654.023,75,8,8024,278.2
1782628654.223,75,8,8024,278.2
1782628654.424,75,8,8024,278.2
1782628654.624,68,7,8024,274.1
1782628654.825,68,7,8024,274.1
1782628655.025,68,7,8024,270.3
1782628655.225,68,7,8024,270.3
1782628655.426,68,7,8024,270.3
1782628655.626,65,7,8024,270.4
1782628655.827,65,7,8024,270.4
1782628656.027,65,7,8024,272.4
1782628656.228,65,7,8024,272.4
1782628656.428,65,7,8024,272.4
1782628656.628,62,6,8024,270.1
1782628656.829,62,6,8024,270.1
1782628657.029,62,6,8024,269.0
1782628657.230,62,6,8024,269.0
1782628657.430,62,6,8024,269.0
1782628657.630,71,7,8024,269.7
1782628657.831,71,7,8024,269.7
1782628658.031,71,7,8024,270.0
1782628658.232,71,7,8024,270.0
1782628658.432,71,7,8024,270.0
1782628658.633,67,7,8024,266.7
1782628658.833,67,7,8024,266.7
1782628659.033,67,7,8024,266.9
1782628659.234,67,7,8024,266.9
1782628659.434,66,7,8024,264.2
1782628659.634,66,7,8024,264.2
1782628659.835,66,7,8024,264.2
1782628660.035,66,7,8024,260.9
1782628660.236,66,7,8024,260.9
1782628660.436,70,8,8024,270.0
1782628660.636,70,8,8024,270.0
1782628660.837,70,8,8024,270.0
1782628661.037,70,8,8024,274.3
1782628661.238,70,8,8024,274.3
1782628661.438,69,7,8024,267.4
1782628661.639,69,7,8024,267.4
1782628661.839,69,7,8024,267.4
1782628662.040,69,7,8024,266.2
1782628662.240,69,7,8024,266.2
1782628662.440,69,7,8024,266.9
1782628662.641,69,7,8024,266.9
1782628662.841,69,7,8024,266.9
1782628663.042,69,7,8024,265.0
1782628663.242,69,7,8024,265.0
1782628663.442,68,7,8024,265.6
1782628663.643,68,7,8024,265.6
1782628663.843,68,7,8024,265.6
1782628664.044,68,7,8024,265.4
1782628664.244,68,7,8024,265.4
1782628664.445,72,8,8024,271.7
1782628664.645,72,8,8024,271.7
1782628664.845,72,8,8024,271.7
1782628665.046,72,8,8024,273.6
1782628665.246,72,8,8024,273.6
1782628665.447,72,8,8024,274.1
1782628665.647,72,8,8024,274.1
1782628665.847,72,8,8024,274.1
1782628666.048,72,8,8024,268.2
1782628666.248,72,8,8024,268.2
1782628666.449,73,7,8024,269.3
1782628666.649,73,7,8024,269.3
1782628666.849,73,7,8024,269.3
1782628667.050,73,7,8024,293.0
1782628667.250,73,7,8024,293.0
1782628667.451,79,9,8024,311.1
1782628667.651,79,9,8024,311.1
1782628667.852,79,9,8024,311.1
1782628668.052,79,9,8024,312.9
1782628668.252,79,9,8024,312.9
1782628668.453,78,9,8024,315.6
1782628668.653,78,9,8024,315.6
1782628668.854,78,9,8024,315.6
1782628669.054,78,9,8024,309.3
1782628669.255,78,9,8024,309.3
1782628669.455,79,8,8024,306.3
1782628669.655,79,8,8024,306.3
1782628669.856,79,8,8024,306.3
1782628670.056,79,8,8024,308.3
1782628670.257,79,8,8024,308.3
1782628670.457,80,9,8024,312.2
1782628670.658,80,9,8024,312.2
1782628670.858,80,9,8024,312.2
1782628671.058,80,9,8024,311.0
1782628671.259,80,9,8024,311.0
1782628671.459,78,9,8024,314.2
1782628671.660,78,9,8024,314.2
1782628671.860,78,9,8024,314.2
1782628672.061,78,9,8024,315.2
1782628672.261,78,9,8024,315.2
1782628672.462,75,8,8024,307.3
1782628672.662,75,8,8024,307.3
1782628672.862,75,8,8024,307.3
1782628673.063,75,8,8024,314.4
1782628673.263,75,8,8024,314.4
1782628673.464,78,8,8024,326.3
1782628673.664,78,8,8024,326.3
1782628673.864,78,8,8024,326.3
1782628674.065,78,8,8024,330.7
1782628674.265,78,8,8024,330.7
1782628674.466,82,9,8024,334.0
1782628674.666,82,9,8024,334.0
1782628674.867,82,9,8024,334.0
1782628675.067,82,9,8024,340.0
1782628675.267,82,9,8024,340.0
1782628675.468,85,10,8024,338.3
1782628675.668,85,10,8024,338.3
1782628675.869,85,10,8024,338.3
1782628676.069,85,10,8024,335.5
1782628676.269,85,10,8024,335.5
1782628676.470,87,10,8024,337.6
1782628676.670,87,10,8024,337.6
1782628676.871,87,10,8024,337.6
1782628677.071,87,10,8024,336.2
1782628677.272,87,10,8024,336.2
1782628677.472,85,10,8024,338.2
1782628677.672,85,10,8024,338.2
1782628677.873,85,10,8024,338.2
1782628678.073,85,10,8024,336.4
1782628678.276,85,10,8024,336.4
1782628678.476,84,9,8024,331.1
1782628678.677,84,9,8024,331.1
1782628678.877,84,9,8024,331.1
1782628679.078,84,9,8024,294.8
1782628679.279,84,9,8024,294.8
1782628679.479,0,0,8024,191.2
1782628679.680,0,0,8024,191.2
1782628679.880,0,0,8024,191.2
1782628680.081,0,0,8024,101.0
1782628680.282,0,0,8024,101.0
1782628680.482,0,0,8024,100.3
1782628680.683,0,0,8024,100.3
1782628680.883,0,0,8024,100.3
1782628681.084,0,0,8024,91.2
1782628681.284,0,0,8024,91.2
1782628681.485,0,0,8024,81.3
1782628681.686,0,0,8024,81.3
1782628681.886,0,0,8024,81.3
1782628682.087,0,0,8024,76.8
1782628682.288,0,0,8024,76.8
1782628682.488,96,13,8024,144.3
1782628682.689,96,13,8024,144.3
1782628682.889,96,13,8024,144.3
1782628683.089,96,13,8024,237.6
1782628683.290,96,13,8024,237.6
1782628683.490,68,8,8024,295.9
1782628683.691,68,8,8024,295.9
1782628683.891,68,8,8024,295.9
1782628684.092,68,8,8024,268.8
1782628684.292,68,8,8024,268.8
1782628684.492,75,8,8024,274.9
1782628684.692,75,8,8024,274.9
1782628684.893,75,8,8024,274.9
1782628685.093,75,8,8024,274.6
1782628685.293,75,8,8024,274.6
1782628685.494,63,7,8024,268.7
1782628685.694,63,7,8024,268.7
1782628685.895,63,7,8024,268.7
1782628686.095,63,7,8024,271.5
1782628686.295,63,7,8024,271.5
1782628686.496,65,7,8024,269.8
1782628686.696,65,7,8024,269.8
1782628686.897,65,7,8024,269.8
1782628687.097,65,7,8024,268.9
1782628687.298,65,7,8024,268.9
1782628687.498,73,8,8024,276.7
1782628687.699,73,8,8024,276.7
1782628687.899,73,8,8024,276.7
1782628688.100,73,8,8024,280.0
1782628688.300,73,8,8024,280.0
1782628688.500,67,7,8024,278.0
1782628688.701,67,7,8024,278.0
1782628688.901,67,7,8024,278.0
1782628689.102,67,7,8024,276.3
1782628689.302,67,7,8024,276.3
1782628689.503,75,8,8024,271.5
1782628689.703,75,8,8024,271.5
1782628689.904,75,8,8024,271.5
1782628690.104,75,8,8024,273.8
1782628690.304,75,8,8024,273.8
1782628690.505,66,7,8024,274.8
1782628690.705,66,7,8024,274.8
1782628690.906,66,7,8024,274.8
1782628691.107,66,7,8024,275.9
1782628691.307,66,7,8024,275.9
1782628691.507,71,7,8024,278.3
1782628691.708,71,7,8024,278.3
1782628691.908,71,7,8024,278.3
1782628692.109,71,7,8024,273.6
1782628692.309,71,7,8024,273.6
1782628692.510,72,7,8024,275.1
1782628692.710,72,7,8024,275.1
1782628692.910,72,7,8024,275.1
1782628693.111,72,7,8024,277.6
1782628693.311,72,7,8024,277.6
1782628693.522,64,7,8024,277.6
1782628693.722,64,7,8024,277.6
1782628693.922,64,7,8024,277.6
1782628694.123,64,7,8024,275.6
1782628694.323,64,7,8024,275.6
1782628694.524,72,8,8024,275.7
1782628694.724,72,8,8024,275.7
1782628694.924,72,8,8024,275.7
1782628695.125,72,8,8024,276.0
1782628695.325,72,8,8024,276.0
1782628695.525,74,8,8024,281.6
1782628695.726,74,8,8024,281.6
1782628695.926,74,8,8024,281.6
1782628696.126,74,8,8024,282.1
1782628696.327,74,8,8024,282.1
1782628696.527,64,6,8024,275.4
1782628696.728,64,6,8024,275.4
1782628696.928,64,6,8024,275.4
1782628697.128,64,6,8024,268.1
1782628697.329,64,6,8024,268.1
1782628697.529,66,7,8024,271.1
1782628697.729,66,7,8024,271.1
1782628697.930,66,7,8024,271.1
1782628698.130,66,7,8024,275.4
1782628698.330,66,7,8024,275.4
1782628698.531,82,9,8024,279.6
1782628698.731,82,9,8024,279.6
1782628698.931,82,9,8024,279.6
1782628699.132,82,9,8024,298.4
1782628699.332,82,9,8024,298.4
1782628699.533,76,8,8024,306.7
1782628699.733,76,8,8024,306.7
1782628699.934,76,8,8024,306.7
1782628700.134,76,8,8024,309.5
1782628700.334,76,8,8024,309.5
1782628700.535,76,8,8024,307.1
1782628700.735,76,8,8024,307.1
1782628700.936,76,8,8024,307.1
1782628701.136,76,8,8024,308.1
1782628701.336,76,8,8024,308.1
1782628701.537,74,8,8024,310.9
1782628701.737,74,8,8024,310.9
1782628701.937,74,8,8024,309.7
1782628702.138,74,8,8024,309.7
1782628702.338,74,8,8024,309.7
1782628702.538,77,9,8024,305.0
1782628702.739,77,9,8024,305.0
1782628702.939,77,9,8024,304.2
1782628703.139,77,9,8024,304.2
1782628703.340,77,9,8024,304.2
1782628703.540,79,8,8024,306.3
1782628703.741,79,8,8024,306.3
1782628703.941,79,8,8024,307.5
1782628704.141,79,8,8024,307.5
1782628704.342,79,8,8024,307.5
1782628704.542,78,9,8024,317.3
1782628704.743,78,9,8024,317.3
1782628704.943,78,9,8024,321.9
1782628705.144,78,9,8024,321.9
1782628705.344,78,9,8024,321.9
1782628705.544,79,9,8024,326.6
1782628705.745,79,9,8024,326.6
1782628705.945,79,9,8024,332.1
1782628706.146,79,9,8024,332.1
1782628706.346,79,9,8024,332.1
1782628706.547,79,9,8024,332.5
1782628706.747,79,9,8024,332.5
1782628706.947,79,9,8024,333.1
1782628707.148,79,9,8024,333.1
1782628707.348,79,9,8024,333.1
1782628707.549,80,9,8024,330.4
1782628707.749,80,9,8024,330.4
1782628707.950,80,9,8024,325.3
1782628708.150,80,9,8024,325.3
1782628708.350,80,9,8024,325.3
1782628708.551,76,8,8024,320.5
1782628708.753,76,8,8024,320.5
1782628708.953,76,8,8024,323.8
1782628709.154,76,8,8024,323.8
1782628709.354,76,8,8024,323.8
1782628709.555,80,9,8024,327.3
1782628709.755,80,9,8024,327.3
1782628709.955,80,9,8024,326.6
1782628710.156,80,9,8024,326.6
1782628710.356,80,9,8024,326.6
1782628710.557,83,9,8024,327.8
1782628710.757,83,9,8024,327.8
1782628710.958,83,9,8024,279.0
1782628711.158,83,9,8024,279.0
1782628711.359,83,9,8024,279.0
1782628711.559,0,0,8024,182.3
1782628711.760,0,0,8024,182.3
1782628711.960,0,0,8024,100.3
1782628712.161,0,0,8024,100.3
1782628712.362,0,0,8024,100.3
1782628712.562,0,0,8024,100.2
1782628712.763,0,0,8024,100.2
1782628712.963,0,0,8024,92.1
1782628713.164,0,0,8024,92.1
1782628713.365,0,0,8024,92.1
1782628713.565,0,0,8024,81.6
1782628713.766,0,0,8024,81.6
1782628713.966,0,0,8024,77.1
1782628714.167,0,0,8024,77.1
1782628714.367,0,0,8024,77.1
1782628714.567,94,14,8024,157.9
1782628714.768,94,14,8024,157.9
1782628714.968,94,14,8024,296.0
1782628715.169,94,14,8024,296.0
1782628715.369,94,14,8024,296.0
1782628715.570,81,10,8024,348.8
1782628715.770,81,10,8024,348.8
1782628715.970,81,10,8024,338.9
1782628716.171,81,10,8024,338.9
1782628716.371,81,10,8024,338.9
1782628716.572,80,10,8024,337.6
1782628716.772,80,10,8024,337.6
1782628716.973,80,10,8024,338.2
1782628717.173,80,10,8024,338.2
1782628717.374,80,10,8024,338.2
1782628717.574,85,12,8024,345.5
1782628717.774,85,12,8024,345.5
1782628717.975,85,12,8024,347.6
1782628718.175,85,12,8024,347.6
1782628718.376,85,12,8024,347.6
1782628718.576,83,11,8024,344.9
1782628718.777,83,11,8024,344.9
1782628718.979,83,11,8024,339.7
1782628719.180,83,11,8024,339.7
1782628719.380,83,11,8024,339.7
1782628719.581,82,11,8024,336.2
1782628719.781,82,11,8024,336.2
1782628719.981,82,11,8024,342.0
1782628720.182,82,11,8024,342.0
1782628720.382,82,11,8024,342.0
1782628720.583,83,11,8024,346.9
1782628720.783,83,11,8024,346.9
1782628720.984,83,11,8024,343.9
1782628721.184,83,11,8024,343.9
1782628721.384,83,11,8024,343.9
1782628721.584,81,10,8024,344.8
1782628721.785,81,10,8024,344.8
1782628721.985,81,10,8024,344.4
1782628722.185,81,10,8024,344.4
1782628722.386,81,10,8024,344.4
1782628722.586,85,11,8024,346.7
1782628722.786,85,11,8024,346.7
1782628722.987,85,11,8024,350.4
1782628723.187,85,11,8024,350.4
1782628723.387,85,11,8024,350.4
1782628723.588,83,11,8024,350.8
1782628723.788,83,11,8024,350.8
1782628723.988,83,11,8024,345.4
1782628724.188,83,11,8024,345.4
1782628724.389,83,11,8024,345.4
1782628724.589,78,10,8024,337.8
1782628724.789,78,10,8024,337.8
1782628724.990,78,10,8024,339.5
1782628725.190,78,10,8024,339.5
1782628725.391,78,10,8024,339.5
1782628725.591,76,9,8024,337.3
1782628725.792,76,9,8024,337.3
1782628725.992,76,9,8024,337.0
1782628726.193,76,9,8024,337.0
1782628726.393,76,9,8024,337.0
1782628726.593,84,11,8024,337.7
1782628726.794,84,11,8024,337.7
1782628726.994,84,11,8024,343.6
1782628727.195,84,11,8024,343.6
1782628727.395,84,11,8024,343.6
1782628727.596,86,11,8024,349.1
1782628727.796,86,11,8024,349.1
1782628727.997,86,11,8024,348.4
1782628728.197,86,11,8024,348.4
1782628728.397,86,11,8024,348.4
1782628728.598,91,12,8024,360.5
1782628728.798,91,12,8024,360.5
1782628728.999,91,12,8024,252.5
1782628729.200,91,12,8024,252.5
1782628729.400,91,12,8024,252.5
1782628729.601,95,13,8024,170.3
1782628729.801,95,13,8024,170.3
1782628730.002,95,13,8024,251.4
1782628730.202,95,13,8024,251.4
1782628730.403,95,13,8024,251.4
1782628730.603,81,10,8024,356.8
1782628730.804,81,10,8024,356.8
1782628731.004,81,10,8024,338.2
1782628731.205,81,10,8024,338.2
1782628731.405,81,10,8024,338.2
1782628731.606,80,10,8024,342.1
1782628731.806,80,10,8024,342.1
1782628732.006,80,10,8024,342.1
1782628732.207,80,10,8024,342.1
1782628732.407,80,10,8024,342.1
1782628732.608,82,11,8024,346.3
1782628732.808,82,11,8024,346.3
1782628733.009,82,11,8024,351.1
1782628733.209,82,11,8024,351.1
1782628733.409,82,11,8024,351.1
1782628733.610,82,10,8024,351.6
1782628733.810,82,10,8024,351.6
1782628734.011,82,10,8024,344.9
1782628734.211,82,10,8024,344.9
1782628734.412,82,10,8024,344.9
1782628734.612,83,10,8024,341.4
1782628734.812,83,10,8024,341.4
1782628735.013,83,10,8024,343.4
1782628735.213,83,10,8024,343.4
1782628735.414,83,10,8024,343.4
1782628735.614,80,10,8024,343.2
1782628735.814,80,10,8024,343.2
1782628736.015,80,10,8024,344.6
1782628736.215,80,10,8024,344.6
1782628736.416,80,10,8024,344.6
1782628736.616,76,9,8024,343.6
1782628736.817,76,9,8024,343.6
1782628737.017,76,9,8024,342.5
1782628737.218,76,9,8024,342.5
1782628737.418,76,9,8024,342.5
1782628737.619,76,9,8024,338.0
1782628737.819,76,9,8024,338.0
1782628738.020,76,9,8024,336.0
1782628738.220,76,9,8024,336.0
1782628738.420,76,9,8024,336.0
1782628738.621,80,10,8024,341.0
1782628738.821,80,10,8024,341.0
1782628739.022,80,10,8024,340.4
1782628739.222,80,10,8024,340.4
1782628739.422,80,10,8024,340.4
1782628739.623,80,10,8024,342.6
1782628739.823,80,10,8024,342.6
1782628740.024,80,10,8024,342.9
1782628740.224,80,10,8024,342.9
1782628740.425,80,10,8024,342.9
1782628740.625,79,10,8024,344.7
1782628740.825,79,10,8024,344.7
1782628741.026,79,10,8024,346.3
1782628741.226,79,10,8024,346.3
1782628741.427,79,10,8024,346.3
1782628741.627,83,10,8024,346.6
1782628741.828,83,10,8024,346.6
1782628742.028,83,10,8024,347.0
1782628742.228,83,10,8024,347.0
1782628742.429,83,10,8024,347.0
1782628742.629,82,11,8024,346.9
1782628742.830,82,11,8024,346.9
1782628743.030,82,11,8024,349.9
1782628743.231,82,11,8024,349.9
1782628743.431,82,11,8024,349.9
1782628743.631,82,11,8024,352.3
1782628743.832,82,11,8024,352.3
1782628744.033,82,11,8024,304.2
1782628744.233,82,11,8024,304.2
1782628744.434,82,11,8024,304.2
1782628744.634,0,0,8024,196.1
1782628744.835,0,0,8024,196.1
1782628745.035,0,0,8024,176.5
1782628745.236,0,0,8024,176.5
1782628745.436,0,0,8024,176.5
1782628745.636,83,11,8024,303.7
1782628745.837,83,11,8024,303.7
1782628746.037,83,11,8024,344.3
1782628746.238,83,11,8024,344.3
1782628746.438,83,11,8024,344.3
1782628746.639,83,11,8024,344.8
1782628746.839,83,11,8024,344.8
1782628747.040,83,11,8024,340.8
1782628747.240,83,11,8024,340.8
1782628747.441,80,10,8024,339.6
1782628747.641,80,10,8024,339.6
1782628747.842,80,10,8024,339.6
1782628748.042,80,10,8024,345.5
1782628748.242,80,10,8024,345.5
1782628748.443,80,10,8024,343.9
1782628748.643,80,10,8024,343.9
1782628748.844,80,10,8024,343.9
1782628749.044,80,10,8024,338.4
1782628749.245,80,10,8024,338.4
1782628749.445,79,10,8024,341.5
1782628749.646,79,10,8024,341.5
1782628749.846,79,10,8024,341.5
1782628750.046,79,10,8024,343.4
1782628750.247,79,10,8024,343.4
1782628750.447,81,11,8024,337.8
1782628750.648,81,11,8024,337.8
1782628750.848,81,11,8024,337.8
1782628751.048,81,11,8024,334.6
1782628751.249,81,11,8024,334.6
1782628751.449,81,10,8024,337.2
1782628751.649,81,10,8024,337.2
1782628751.850,81,10,8024,337.2
1782628752.050,81,10,8024,336.2
1782628752.250,81,10,8024,336.2
1782628752.451,79,10,8024,341.6
1782628752.651,79,10,8024,341.6
1782628752.851,79,10,8024,341.6
1782628753.052,79,10,8024,343.2
1782628753.252,79,10,8024,343.2
1782628753.452,79,9,8024,339.8
1782628753.653,79,9,8024,339.8
1782628753.853,79,9,8024,339.8
1782628754.054,79,9,8024,342.3
1782628754.254,79,9,8024,342.3
1782628754.454,81,10,8024,340.9
1782628754.655,81,10,8024,340.9
1782628754.855,81,10,8024,340.9
1782628755.056,81,10,8024,343.9
1782628755.256,81,10,8024,343.9
1782628755.456,78,10,8024,342.7
1782628755.657,78,10,8024,342.7
1782628755.857,78,10,8024,342.7
1782628756.058,78,10,8024,339.2
1782628756.258,78,10,8024,339.2
1782628756.459,78,9,8024,342.0
1782628756.659,78,9,8024,342.0
1782628756.859,78,9,8024,342.0
1782628757.060,78,9,8024,346.7
1782628757.260,78,9,8024,346.7
1782628757.460,76,9,8024,345.0
1782628757.661,76,9,8024,345.0
1782628757.861,76,9,8024,345.0
1782628758.062,76,9,8024,344.5
1782628758.262,76,9,8024,344.5
1782628758.463,85,11,8024,348.6
1782628758.663,85,11,8024,348.6
1782628758.864,85,11,8024,348.6
1782628759.064,85,11,8024,302.2
1782628759.265,85,11,8024,302.2
1782628759.465,0,0,8024,192.4
1782628759.666,0,0,8024,192.4
1782628759.866,0,0,8024,192.4
1782628760.067,0,0,8024,208.3
1782628760.267,0,0,8024,208.3
1782628760.467,71,8,8024,276.6
1782628760.668,71,8,8024,276.6
1782628760.868,71,8,8024,276.6
1782628761.069,71,8,8024,287.3
1782628761.269,71,8,8024,287.3
1782628761.469,69,8,8024,284.2
1782628761.670,69,8,8024,284.2
1782628761.870,69,8,8024,284.2
1782628762.071,69,8,8024,283.9
1782628762.271,69,8,8024,283.9
1782628762.471,75,9,8024,287.8
1782628762.672,75,9,8024,287.8
1782628762.872,75,9,8024,287.8
1782628763.073,75,9,8024,286.6
1782628763.273,75,9,8024,286.6
1782628763.474,74,8,8024,287.0
1782628763.674,74,8,8024,287.0
1782628763.875,74,8,8024,287.0
1782628764.075,74,8,8024,287.2
1782628764.275,74,8,8024,287.2
1782628764.476,63,7,8024,284.6
1782628764.676,63,7,8024,284.6
1782628764.877,63,7,8024,284.6
1782628765.077,63,7,8024,283.6
1782628765.278,63,7,8024,283.6
1782628765.478,67,7,8024,279.6
1782628765.679,67,7,8024,279.6
1782628765.879,67,7,8024,279.6
1782628766.080,67,7,8024,280.3
1782628766.280,67,7,8024,280.3
1782628766.480,63,7,8024,276.1
1782628766.681,63,7,8024,276.1
1782628766.881,63,7,8024,276.1
1782628767.082,63,7,8024,277.0
1782628767.282,63,7,8024,277.0
1782628767.482,67,7,8024,278.8
1782628767.683,67,7,8024,278.8
1782628767.883,67,7,8024,278.8
1782628768.084,67,7,8024,276.4
1782628768.284,67,7,8024,276.4
1782628768.485,73,8,8024,279.6
1782628768.685,73,8,8024,279.6
1782628768.885,73,8,8024,279.6
1782628769.086,73,8,8024,288.7
1782628769.286,73,8,8024,288.7
1782628769.487,75,9,8024,293.8
1782628769.687,75,9,8024,293.8
1782628769.888,75,9,8024,293.8
1782628770.088,75,9,8024,290.6
1782628770.289,75,9,8024,290.6
1782628770.489,65,7,8024,289.9
1782628770.690,65,7,8024,289.9
1782628770.890,65,7,8024,289.9
1782628771.091,65,7,8024,282.9
1782628771.291,65,7,8024,282.9
1782628771.491,68,7,8024,274.5
1782628771.692,68,7,8024,274.5
1782628771.892,68,7,8024,274.5
1782628772.093,68,7,8024,277.7
1782628772.293,68,7,8024,277.7
1782628772.494,71,8,8024,279.6
1782628772.694,71,8,8024,279.6
1782628772.895,71,8,8024,279.6
1782628773.095,71,8,8024,283.1
1782628773.295,71,8,8024,283.1
1782628773.496,68,8,8024,282.7
1782628773.696,68,8,8024,282.7
1782628773.897,68,8,8024,282.7
1782628774.097,68,8,8024,281.9
1782628774.297,68,8,8024,281.9
1782628774.498,69,8,8024,279.4
1782628774.698,69,8,8024,279.4
1782628774.899,69,8,8024,279.4
1782628775.099,69,8,8024,280.7
1782628775.300,69,8,8024,280.7
1782628775.500,69,7,8024,286.3
1782628775.700,69,7,8024,286.3
1782628775.911,69,7,8024,286.3
1782628776.111,69,7,8024,297.4
1782628776.311,69,7,8024,297.4
1782628776.512,80,9,8024,318.2
1782628776.712,80,9,8024,318.2
1782628776.913,80,9,8024,318.2
1782628777.113,80,9,8024,329.1
1782628777.314,80,9,8024,329.1
1782628777.514,77,9,8024,325.8
1782628777.715,77,9,8024,325.8
1782628777.915,77,9,8024,325.8
1782628778.115,77,9,8024,323.3
1782628778.316,77,9,8024,323.3
1782628778.516,80,10,8024,326.7
1782628778.717,80,10,8024,326.7
1782628778.917,80,10,8024,326.7
1782628779.118,80,10,8024,320.7
1782628779.318,80,10,8024,320.7
1782628779.519,72,9,8024,318.8
1782628779.719,72,9,8024,318.8
1782628779.919,72,9,8024,318.8
1782628780.120,72,9,8024,320.6
1782628780.320,72,9,8024,320.6
1782628780.521,79,10,8024,326.5
1782628780.721,79,10,8024,326.5
1782628780.921,79,10,8024,326.5
1782628781.122,79,10,8024,329.2
1782628781.322,79,10,8024,329.2
1782628781.523,79,9,8024,326.5
1782628781.723,79,9,8024,326.5
1782628781.924,79,9,8024,326.5
1782628782.124,79,9,8024,325.3
1782628782.324,79,9,8024,325.3
1782628782.525,84,11,8024,334.6
1782628782.725,84,11,8024,334.6
1782628782.926,84,11,8024,334.6
1782628783.126,84,11,8024,345.0
1782628783.326,84,11,8024,345.0
1782628783.527,84,11,8024,350.5
1782628783.727,84,11,8024,350.5
1782628783.928,84,11,8024,350.5
1782628784.128,84,11,8024,353.0
1782628784.328,84,11,8024,353.0
1782628784.529,81,10,8024,347.0
1782628784.729,81,10,8024,347.0
1782628784.930,81,10,8024,347.0
1782628785.130,81,10,8024,341.3
1782628785.331,81,10,8024,341.3
1782628785.531,82,11,8024,342.3
1782628785.731,82,11,8024,342.3
1782628785.932,82,11,8024,342.3
1782628786.132,82,11,8024,344.0
1782628786.333,82,11,8024,344.0
1782628786.533,89,11,8024,344.0
1782628786.733,89,11,8024,344.0
1782628786.934,89,11,8024,344.0
1782628787.134,89,11,8024,343.7
1782628787.335,89,11,8024,343.7
1782628787.535,81,10,8024,342.3
1782628787.736,81,10,8024,342.3
1782628787.936,81,10,8024,342.3
1782628788.136,81,10,8024,346.3
1782628788.337,81,10,8024,346.3
1782628788.537,88,11,8024,354.5
1782628788.738,88,11,8024,354.5
1782628788.939,88,11,8024,354.5
1782628789.139,88,11,8024,236.8
1782628789.340,88,11,8024,236.8
1782628789.540,0,0,8024,134.2
1782628789.741,0,0,8024,134.2
1782628789.941,0,0,8024,134.2
1782628790.142,0,0,8024,103.5
1782628790.342,0,0,8024,103.5
1782628790.543,0,0,8024,101.2
1782628790.743,0,0,8024,101.2
1782628790.944,0,0,8024,89.5
1782628791.145,0,0,8024,89.5
1782628791.345,0,0,8024,89.5
1782628791.546,0,0,8024,80.3
1782628791.746,0,0,8024,80.3
1782628791.947,0,0,8024,79.8
1782628792.147,0,0,8024,79.8
1782628792.348,0,0,8024,79.8
1782628792.548,49,6,8024,208.4
1782628792.749,49,6,8024,208.4
1782628792.949,49,6,8024,288.4
1782628793.149,49,6,8024,288.4
1782628793.350,49,6,8024,288.4
1782628793.550,69,8,8024,277.4
1782628793.751,69,8,8024,277.4
1782628793.951,69,8,8024,287.8
1782628794.152,69,8,8024,287.8
1782628794.352,69,8,8024,287.8
1782628794.553,70,8,8024,283.5
1782628794.753,70,8,8024,283.5
1782628794.954,70,8,8024,284.4
1782628795.154,70,8,8024,284.4
1782628795.354,70,8,8024,284.4
1782628795.555,72,8,8024,289.6
1782628795.755,72,8,8024,289.6
1782628795.956,72,8,8024,285.6
1782628796.156,72,8,8024,285.6
1782628796.357,72,8,8024,285.6
1782628796.557,77,9,8024,284.8
1782628796.757,77,9,8024,284.8
1782628796.958,77,9,8024,285.2
1782628797.158,77,9,8024,285.2
1782628797.359,77,9,8024,285.2
1782628797.559,66,8,8024,286.2
1782628797.760,66,8,8024,286.2
1782628797.960,66,8,8024,280.8
1782628798.161,66,8,8024,280.8
1782628798.361,66,8,8024,280.8
1782628798.562,63,8,8024,281.4
1782628798.762,63,8,8024,281.4
1782628798.963,63,8,8024,284.0
1782628799.163,63,8,8024,284.0
1782628799.363,63,8,8024,284.0
1782628799.564,74,9,8024,286.7
1782628799.764,74,9,8024,286.7
1782628799.965,74,9,8024,285.6
1782628800.165,74,9,8024,285.6
1782628800.366,74,9,8024,285.6
1782628800.566,70,8,8024,282.2
1782628800.767,70,8,8024,282.2
1782628800.967,70,8,8024,283.5
1782628801.168,70,8,8024,283.5
1782628801.368,70,8,8024,283.5
1782628801.569,66,7,8024,281.6
1782628801.769,66,7,8024,281.6
1782628801.970,66,7,8024,280.2
1782628802.170,66,7,8024,280.2
1782628802.370,66,7,8024,280.2
1782628802.571,73,9,8024,284.9
1782628802.771,73,9,8024,284.9
1782628802.972,73,9,8024,290.3
1782628803.172,73,9,8024,290.3
1782628803.373,73,9,8024,290.3
1782628803.573,66,7,8024,287.4
1782628803.773,66,7,8024,287.4
1782628803.974,66,7,8024,284.8
1782628804.174,66,7,8024,284.8
1782628804.375,66,7,8024,284.8
1782628804.575,77,9,8024,289.1
1782628804.776,77,9,8024,289.1
1782628804.976,77,9,8024,292.6
1782628805.177,77,9,8024,292.6
1782628805.377,77,9,8024,292.6
1782628805.577,73,8,8024,292.8
1782628805.778,73,8,8024,292.8
1782628805.978,73,8,8024,286.8
1782628806.178,73,8,8024,286.8
1782628806.379,73,8,8024,286.8
1782628806.579,79,9,8024,287.9
1782628806.780,79,9,8024,287.9
1782628806.980,79,9,8024,285.0
1782628807.180,79,9,8024,285.0
1782628807.381,79,9,8024,285.0
1782628807.581,72,9,8024,288.4
1782628807.782,72,9,8024,288.4
1782628807.982,72,9,8024,290.5
1782628808.183,72,9,8024,290.5
1782628808.383,72,9,8024,290.5
1782628808.583,81,10,8024,302.9
1782628808.784,81,10,8024,302.9
1782628808.984,81,10,8024,324.5
1782628809.185,81,10,8024,324.5
1782628809.385,81,10,8024,324.5
1782628809.586,81,10,8024,332.2
1782628809.786,81,10,8024,332.2
1782628809.986,81,10,8024,324.4
1782628810.187,81,10,8024,324.4
1782628810.387,81,10,8024,324.4
1782628810.588,74,9,8024,312.0
1782628810.788,74,9,8024,312.0
1782628810.989,74,9,8024,317.7
1782628811.189,74,9,8024,317.7
1782628811.389,74,9,8024,317.7
1782628811.590,79,10,8024,326.7
1782628811.790,79,10,8024,326.7
1782628811.991,79,10,8024,330.8
1782628812.191,79,10,8024,330.8
1782628812.392,79,10,8024,330.8
1782628812.592,78,10,8024,328.0
1782628812.793,78,10,8024,328.0
1782628812.993,78,10,8024,319.1
1782628813.194,78,10,8024,319.1
1782628813.394,78,10,8024,319.1
1782628813.595,76,9,8024,316.6
1782628813.795,76,9,8024,316.6
1782628813.995,76,9,8024,319.8
1782628814.196,76,9,8024,319.8
1782628814.396,76,9,8024,319.8
1782628814.596,77,9,8024,324.1
1782628814.797,77,9,8024,324.1
1782628814.997,77,9,8024,331.5
1782628815.198,77,9,8024,331.5
1782628815.398,77,9,8024,331.5
1782628815.598,85,11,8024,341.4
1782628815.799,85,11,8024,341.4
1782628815.999,85,11,8024,336.6
1782628816.200,85,11,8024,336.6
1782628816.400,85,11,8024,336.6
1782628816.600,83,10,8024,338.9
1782628816.801,83,10,8024,338.9
1782628817.001,83,10,8024,346.9
1782628817.202,83,10,8024,346.9
1782628817.402,83,10,8024,346.9
1782628817.603,82,10,8024,347.9
1782628817.803,82,10,8024,347.9
1782628818.004,82,10,8024,349.6
1782628818.204,82,10,8024,349.6
1782628818.405,82,10,8024,349.6
1782628818.605,77,10,8024,350.0
1782628818.806,77,10,8024,350.0
1782628819.006,77,10,8024,345.7
1782628819.206,77,10,8024,345.7
1782628819.407,77,10,8024,345.7
1782628819.607,81,10,8024,346.1
1782628819.808,81,10,8024,346.1
1782628820.008,81,10,8024,347.0
1782628820.209,81,10,8024,347.0
1782628820.409,81,10,8024,347.0
1782628820.609,82,11,8024,348.5
1782628820.810,82,11,8024,348.5
1782628821.010,82,11,8024,349.9
1782628821.211,82,11,8024,349.9
1782628821.411,82,11,8024,349.9
1782628821.612,0,0,8024,299.4
1782628821.812,0,0,8024,299.4
1782628822.013,0,0,8024,189.4
1782628822.214,0,0,8024,189.4
1782628822.414,0,0,8024,189.4
1782628822.615,0,0,8024,103.4
1782628822.815,0,0,8024,103.4
1782628823.016,0,0,8024,102.8
1782628823.216,0,0,8024,102.8
1782628823.417,0,0,8024,102.8
1782628823.617,0,0,8024,90.9
1782628823.818,0,0,8024,90.9
1782628824.018,0,0,8024,78.7
1782628824.219,0,0,8024,78.7
1782628824.420,0,0,8024,78.7
1782628824.620,0,0,8024,78.0
1782628824.821,0,0,8024,78.0
1782628825.021,0,0,8024,149.1
1782628825.222,0,0,8024,149.1
1782628825.422,0,0,8024,149.1
1782628825.623,73,8,8024,245.9
1782628825.823,73,8,8024,245.9
1782628826.023,73,8,8024,291.9
1782628826.224,73,8,8024,291.9
1782628826.424,73,8,8024,291.9
1782628826.625,74,8,8024,279.4
1782628826.825,74,8,8024,279.4
1782628827.026,74,8,8024,285.1
1782628827.226,74,8,8024,285.1
1782628827.427,74,8,8024,285.1
1782628827.627,69,8,8024,285.5
1782628827.827,69,8,8024,285.5
1782628828.028,69,8,8024,282.1
1782628828.228,69,8,8024,282.1
1782628828.429,69,8,8024,282.1
1782628828.629,70,8,8024,283.7
1782628828.830,70,8,8024,283.7
1782628829.030,70,8,8024,283.1
1782628829.231,70,8,8024,283.1
1782628829.431,70,8,8024,283.1
1782628829.631,74,9,8024,283.8
1782628829.832,74,9,8024,283.8
1782628830.032,74,9,8024,287.1
1782628830.233,74,9,8024,287.1
1782628830.433,74,9,8024,287.1
1782628830.633,65,8,8024,285.6
1782628830.834,65,8,8024,285.6
1782628831.034,65,8,8024,283.7
1782628831.235,65,8,8024,283.7
1782628831.435,65,8,8024,283.7
1782628831.635,67,7,8024,279.8
1782628831.836,67,7,8024,279.8
1782628832.036,67,7,8024,282.1
1782628832.237,67,7,8024,282.1
1782628832.437,67,7,8024,282.1
1782628832.637,63,7,8024,280.6
1782628832.838,63,7,8024,280.6
1782628833.038,63,7,8024,285.5
1782628833.239,63,7,8024,285.5
1782628833.439,63,7,8024,285.5
1782628833.639,69,8,8024,285.9
1782628833.840,69,8,8024,285.9
1782628834.040,69,8,8024,278.2
1782628834.241,69,8,8024,278.2
1782628834.441,69,8,8024,278.2
1782628834.642,78,9,8024,279.6
1782628834.842,78,9,8024,279.6
1782628835.043,78,9,8024,281.2
1782628835.243,78,9,8024,281.2
1782628835.444,78,9,8024,281.2
1782628835.644,79,9,8024,290.9
1782628835.845,79,9,8024,290.9
1782628836.045,79,9,8024,291.0
1782628836.245,79,9,8024,291.0
1782628836.446,73,9,8024,286.4
1782628836.646,73,9,8024,286.4
1782628836.847,73,9,8024,286.4
1782628837.047,73,9,8024,283.8
1782628837.248,73,9,8024,283.8
1782628837.448,69,8,8024,278.4
1782628837.648,69,8,8024,278.4
1782628837.849,69,8,8024,278.4
1782628838.049,69,8,8024,279.7
1782628838.249,69,8,8024,279.7
1782628838.450,69,8,8024,282.9
1782628838.650,69,8,8024,282.9
1782628838.851,69,8,8024,282.9
1782628839.051,69,8,8024,284.3
1782628839.251,69,8,8024,284.3
1782628839.452,69,9,8024,283.6
1782628839.653,69,9,8024,283.6
1782628839.853,69,9,8024,283.6
1782628840.053,69,9,8024,281.6
1782628840.254,69,9,8024,281.6
1782628840.454,71,8,8024,277.5
1782628840.655,71,8,8024,277.5
1782628840.855,71,8,8024,277.5
1782628841.056,71,8,8024,287.9
1782628841.256,71,8,8024,287.9
1782628841.457,79,10,8024,305.1
1782628841.657,79,10,8024,305.1
1782628841.858,79,10,8024,305.1
1782628842.058,79,10,8024,324.1
1782628842.258,79,10,8024,324.1
1782628842.459,80,10,8024,327.7
1782628842.659,80,10,8024,327.7
1782628842.860,80,10,8024,327.7
1782628843.060,80,10,8024,325.0
1782628843.261,80,10,8024,325.0
1782628843.461,75,9,8024,323.6
1782628843.661,75,9,8024,323.6
1782628843.862,75,9,8024,323.6
1782628844.062,75,9,8024,325.5
1782628844.263,75,9,8024,325.5
1782628844.463,81,10,8024,327.6
1782628844.664,81,10,8024,327.6
1782628844.864,81,10,8024,327.6
1782628845.065,81,10,8024,324.0
1782628845.265,81,10,8024,324.0
1782628845.465,76,9,8024,321.1
1782628845.666,76,9,8024,321.1
1782628845.866,76,9,8024,321.1
1782628846.067,76,9,8024,322.6
1782628846.267,76,9,8024,322.6
1782628846.468,78,9,8024,324.7
1782628846.668,78,9,8024,324.7
1782628846.868,78,9,8024,324.7
1782628847.069,78,9,8024,328.5
1782628847.269,78,9,8024,328.5
1782628847.470,78,10,8024,333.0
1782628847.670,78,10,8024,333.0
1782628847.871,78,10,8024,333.0
1782628848.071,78,10,8024,335.0
1782628848.271,78,10,8024,335.0
1782628848.472,78,10,8024,337.6
1782628848.672,78,10,8024,337.6
1782628848.873,78,10,8024,337.6
1782628849.073,78,10,8024,333.4
1782628849.274,78,10,8024,333.4
1782628849.474,82,11,8024,337.3
1782628849.674,82,11,8024,337.3
1782628849.875,82,11,8024,337.3
1782628850.075,82,11,8024,332.9
1782628850.276,82,11,8024,332.9
1782628850.476,81,10,8024,334.5
1782628850.677,81,10,8024,334.5
1782628850.877,81,10,8024,334.5
1782628851.078,81,10,8024,342.4
1782628851.278,81,10,8024,342.4
1782628851.479,80,10,8024,346.1
1782628851.679,80,10,8024,346.1
1782628851.880,80,10,8024,346.1
1782628852.080,80,10,8024,346.7
1782628852.281,80,10,8024,346.7
1782628852.481,79,10,8024,342.7
1782628852.682,79,10,8024,342.7
1782628852.882,79,10,8024,342.7
1782628853.082,79,10,8024,342.2
1782628853.283,79,10,8024,342.2
1782628853.483,83,10,8024,344.6
1782628853.684,83,10,8024,344.6
1782628853.884,83,10,8024,344.6
1782628854.085,83,10,8024,292.5
1782628854.286,83,10,8024,292.5
1782628854.486,0,0,8024,170.3
1782628854.687,0,0,8024,170.3
1782628854.887,0,0,8024,170.3
1782628855.088,0,0,8024,101.5
1782628855.288,0,0,8024,101.5
1782628855.489,0,0,8024,100.7
1782628855.690,0,0,8024,100.7
1782628855.890,0,0,8024,100.7
1782628856.091,0,0,8024,91.5
1782628856.291,0,0,8024,91.5
1782628856.492,0,0,8024,81.8
1782628856.693,0,0,8024,81.8
1782628856.893,0,0,8024,81.8
1782628857.094,0,0,8024,77.3
1782628857.294,0,0,8024,77.3
1782628857.495,0,0,8024,77.2
1782628857.695,0,0,8024,77.2
1782628857.896,0,0,8024,77.2
1782628858.096,0,0,8024,77.0
1782628858.296,0,0,8024,77.0
1782628858.497,0,0,8024,77.4
1782628858.697,0,0,8024,77.4
1782628858.898,0,0,8024,77.4
1782628859.098,0,0,8024,78.0
1782628859.299,0,0,8024,78.0
1782628859.499,0,0,8024,78.2
1782628859.700,0,0,8024,78.2
1782628859.900,0,0,8024,78.2
1782628860.100,0,0,8024,78.3
1782628860.301,0,0,8024,78.3
1782628860.501,0,0,8024,78.5
1782628860.702,0,0,8024,78.5
1782628860.902,0,0,8024,78.5
1782628861.103,0,0,8024,78.0
1782628861.303,0,0,8024,78.0
1782628861.503,0,0,8024,77.0
1782628861.704,0,0,8024,77.0
1782628861.904,0,0,8024,77.0
1782628862.105,0,0,8024,76.4
1782628862.315,0,0,8024,76.4
1782628862.515,0,0,8024,75.8
1782628862.716,0,0,8024,75.8
1782628862.916,0,0,8024,75.8
1782628863.117,0,0,8024,75.3
1782628863.317,0,0,8024,75.3
1782628863.518,0,0,8024,75.2
1782628863.718,0,0,8024,75.2
1782628863.918,0,0,8024,75.2
1782628864.119,0,0,8024,75.2
1782628864.319,0,0,8024,75.2
1782628864.520,0,0,8024,75.2
1782628864.720,0,0,8024,75.2
1782628864.921,0,0,8024,75.2
1782628865.121,0,0,8024,75.7
1782628865.322,0,0,8024,75.7
1782628865.522,0,0,8024,76.0
1782628865.722,0,0,8024,76.0
1782628865.923,0,0,8024,76.0
1782628866.123,0,0,8024,75.6
1782628866.323,0,0,8024,75.6
1782628866.524,0,0,8024,75.6
1782628866.724,0,0,8024,75.6
1782628866.925,0,0,8024,75.6
1782628867.125,0,0,8024,75.4
1782628867.326,0,0,8024,75.4
1782628867.526,0,0,8024,75.1
1782628867.727,0,0,8024,75.1
1782628867.927,0,0,8024,75.1
1782628868.128,0,0,8024,75.1
1782628868.328,0,0,8024,75.1
1782628868.529,0,0,8024,75.2
1782628868.729,0,0,8024,75.2
1782628868.930,0,0,8024,75.2
1782628869.130,0,0,8024,75.0
1782628869.330,0,0,8024,75.0
1782628869.531,0,0,8024,74.4
1782628869.731,0,0,8024,74.4
1782628869.932,0,0,8024,74.4
1782628870.132,0,0,8024,73.9
1782628870.333,0,0,8024,73.9
1782628870.533,0,0,8024,73.6
1782628870.734,0,0,8024,73.6
1782628870.934,0,0,8024,73.6
1782628871.134,0,0,8024,54.6
1782628871.335,0,0,8024,54.6
1782628871.536,0,1,8024,28.5
1782628871.736,0,1,8024,28.5
1782628871.937,0,1,8024,28.5
1782628872.137,0,1,8024,28.5
1782628872.337,0,1,8024,28.5
1782628872.538,0,7,8024,15.0
1782628872.738,0,7,8024,15.0
1782628872.939,0,7,8024,15.0
1782628873.139,0,7,8024,15.0
1782628873.340,0,7,8024,15.0
1782628873.540,0,10,8024,14.4
1782628873.740,0,10,8024,14.4
1782628873.941,0,10,8024,14.4
1782628874.141,0,10,8024,14.6
1782628874.342,0,10,8024,14.6
1782628874.542,0,3,8024,15.4
1782628874.743,0,3,8024,15.4
1782628874.943,0,3,8024,15.4
1782628875.144,0,3,8024,16.8
1782628875.344,0,3,8024,16.8
1782628875.545,0,7,8024,16.8
1782628875.745,0,7,8024,16.8
1782628875.945,0,7,8024,16.8
1782628876.146,0,7,8024,13.8
1782628876.346,0,7,8024,13.8
1782628876.547,0,8,8024,13.8
1782628876.747,0,8,8024,13.8
1782628876.948,0,8,8024,13.8
1782628877.148,0,8,8024,13.2
1782628877.349,0,8,8024,13.2
1782628877.549,0,13,8024,13.2
1782628877.749,0,13,8024,13.2
1782628877.950,0,13,8024,13.2
1782628878.150,0,13,8024,13.0
1782628878.351,0,13,8024,13.0
1782628878.551,0,12,8024,13.0
1782628878.751,0,12,8024,13.0
1782628878.952,0,12,8024,13.0
1782628879.152,0,12,8024,13.0
1782628879.353,0,12,8024,13.0
1782628879.553,0,9,8024,13.0
1782628879.754,0,9,8024,13.0
1782628879.954,0,9,8024,13.0
1782628880.154,0,9,8024,13.0
1782628880.355,0,9,8024,13.0
1782628880.555,0,16,8024,13.0
1782628880.756,0,16,8024,13.0
1782628880.956,0,16,8024,13.4
1782628881.157,0,16,8024,13.4
1782628881.357,0,16,8024,13.4
1782628881.558,0,9,8024,14.9
1782628881.758,0,9,8024,14.9
1782628881.959,0,9,8024,17.7
1782628882.159,0,9,8024,17.7
1782628882.360,0,9,8024,17.7
1782628882.560,0,3,8024,17.8
1782628882.761,0,3,8024,17.8
1782628882.961,0,3,8024,17.8
1782628883.162,0,3,8024,17.8
1782628883.362,0,3,8024,17.8
1782628883.562,0,10,8024,15.0
1782628883.763,0,10,8024,15.0
1782628883.963,0,10,8024,15.0
1782628884.164,0,10,8024,15.0
1782628884.364,0,10,8024,15.0
1782628884.565,0,14,8024,13.9
1782628884.765,0,14,8024,13.9
1782628884.966,0,14,8024,13.9
1782628885.166,0,14,8024,13.9
1782628885.367,0,14,8024,13.9
1782628885.567,0,7,8024,13.1
1782628885.768,0,7,8024,13.1
1782628885.968,0,7,8024,13.1
1782628886.169,0,7,8024,13.1
1782628886.369,0,7,8024,13.1
1782628886.570,0,10,8024,12.2
1782628886.770,0,10,8024,12.2
1782628886.971,0,10,8024,12.2
1782628887.171,0,10,8024,12.2
1782628887.372,0,10,8024,12.2
1782628887.572,0,11,8024,11.8
1782628887.773,0,11,8024,11.8
1782628887.973,0,11,8024,11.8
1782628888.174,0,11,8024,11.8
1782628888.374,0,11,8024,11.8
1782628888.575,0,6,8024,12.5
1782628888.775,0,6,8024,12.5
1782628888.976,0,6,8024,13.2
1782628889.176,0,6,8024,13.2
1782628889.376,0,6,8024,13.2
1782628889.577,0,10,8024,14.7
1782628889.777,0,10,8024,14.7
1782628889.978,0,10,8024,14.7
1782628890.178,0,10,8024,14.7
1782628890.379,0,10,8024,14.7
1782628890.579,0,14,8024,12.5
1782628890.780,0,14,8024,12.5
1782628890.980,0,14,8024,12.5
1782628891.180,0,14,8024,12.5
1782628891.381,0,14,8024,12.5
1782628891.581,0,14,8024,12.1
1782628891.782,0,14,8024,12.1
1782628891.982,0,14,8024,12.1
1782628892.183,0,14,8024,12.1
1782628892.383,0,14,8024,12.1
1782628892.584,0,13,8024,12.1
1782628892.784,0,13,8024,12.1
1782628892.987,0,13,8024,12.1
1782628893.187,0,13,8024,12.1
1782628893.387,0,13,8024,12.1
1782628893.588,0,12,8024,11.6
1782628893.788,0,12,8024,11.6
1782628893.989,0,12,8024,11.6
1782628894.189,0,12,8024,11.6
1782628894.390,0,12,8024,11.6
1782628894.590,0,15,8024,11.2
1782628894.791,0,15,8024,11.2
1782628894.991,0,15,8024,11.2
1782628895.191,0,15,8024,11.2
1782628895.392,0,15,8024,11.2
1782628895.592,0,0,8024,11.6
1782628895.793,0,0,8024,11.6
1782628895.993,0,0,8024,12.5
1782628896.193,0,0,8024,12.5
1782628896.394,0,0,8024,12.5
1782628896.594,0,4,8024,14.3
1782628896.795,0,4,8024,14.3
1782628896.995,0,4,8024,14.3
1782628897.196,0,4,8024,14.3
1782628897.396,0,4,8024,14.3
1782628897.596,0,12,8024,12.3
1782628897.797,0,12,8024,12.3
1782628897.997,0,12,8024,12.3
1782628898.198,0,12,8024,12.3
1782628898.398,0,12,8024,12.3
1782628898.599,0,17,8024,12.0
1782628898.799,0,17,8024,12.0
1782628898.999,0,17,8024,12.0
1782628899.200,0,17,8024,12.0
1782628899.400,0,17,8024,12.0
1782628899.601,0,12,8024,11.7
1782628899.801,0,12,8024,11.7
1782628900.002,0,12,8024,11.7
1782628900.202,0,12,8024,11.7
1782628900.402,0,12,8024,11.7
1782628900.603,0,12,8024,11.3
1782628900.803,0,12,8024,11.3
1782628901.004,0,12,8024,11.3
1782628901.204,0,12,8024,11.3
1782628901.405,0,12,8024,11.3
1782628901.605,0,17,8024,11.3
1782628901.806,0,17,8024,11.3
1782628902.006,0,17,8024,11.3
1782628902.207,0,17,8024,11.3
1782628902.407,0,17,8024,11.3
1782628902.608,0,15,8024,11.6
1782628902.808,0,15,8024,11.6
1782628903.009,0,15,8024,12.7
1782628903.219,0,15,8024,12.7
1782628903.420,0,15,8024,12.7
1782628903.620,0,3,8024,13.5
1782628903.821,0,3,8024,13.5
1782628904.021,0,3,8024,15.0
1782628904.221,0,3,8024,15.0
1782628904.422,0,3,8024,15.0
1782628904.622,0,7,8024,15.0
1782628904.823,0,7,8024,15.0
1782628905.023,0,7,8024,12.9
1782628905.224,0,7,8024,12.9
1782628905.424,0,7,8024,12.9
1782628905.625,0,10,8024,12.9
1782628905.825,0,10,8024,12.9
1782628906.026,0,10,8024,13.1
1782628906.226,0,10,8024,13.1
1782628906.427,0,10,8024,13.1
1782628906.627,0,9,8024,13.1
1782628906.828,0,9,8024,13.1
1782628907.028,0,9,8024,13.2
1782628907.229,0,9,8024,13.2
1782628907.429,0,9,8024,13.2
1782628907.630,0,23,8024,13.2
1782628907.830,0,23,8024,13.2
1782628908.031,0,23,8024,12.6
1782628908.231,0,23,8024,12.6
1782628908.432,0,23,8024,12.6
1782628908.632,0,14,8024,12.6
1782628908.833,0,14,8024,12.6
1782628909.033,0,14,8024,10.6
1782628909.234,0,14,8024,10.6
1782628909.434,0,14,8024,10.6
1782628909.634,0,9,8024,10.6
1782628909.835,0,9,8024,10.6
1782628910.035,0,9,8024,11.0
1782628910.236,0,9,8024,11.0
1782628910.436,0,9,8024,11.0
1782628910.637,0,5,8024,12.0
1782628910.837,0,5,8024,12.0
1782628911.038,0,5,8024,14.1
1782628911.238,0,5,8024,14.1
1782628911.439,0,5,8024,14.1
1782628911.639,0,3,8024,14.1
1782628911.840,0,3,8024,14.1
1782628912.040,0,3,8024,11.2
1782628912.241,0,3,8024,11.2
1782628912.441,0,3,8024,11.2
1782628912.642,0,9,8024,11.2
1782628912.842,0,9,8024,11.2
1782628913.042,0,9,8024,11.2
1782628913.243,0,9,8024,11.2
1782628913.443,0,9,8024,11.2
1782628913.644,0,12,8024,11.2
1782628913.844,0,12,8024,11.2
1782628914.045,0,12,8024,11.2
1782628914.245,0,12,8024,11.2
1782628914.446,0,12,8024,11.2
1782628914.646,0,15,8024,11.2
1782628914.847,0,15,8024,11.2
1782628915.047,0,15,8024,11.2
1782628915.247,0,15,8024,11.2
1782628915.448,0,15,8024,11.2
1782628915.648,0,11,8024,11.2
1782628915.849,0,11,8024,11.2
1782628916.049,0,11,8024,10.7
1782628916.249,0,11,8024,10.7
1782628916.450,0,11,8024,10.7
1782628916.650,0,9,8024,10.7
1782628916.851,0,9,8024,10.7
1782628917.051,0,9,8024,9.6
1782628917.252,0,9,8024,9.6
1782628917.452,0,9,8024,9.6
1782628917.653,0,4,8024,10.2
1782628917.853,0,4,8024,10.2
1782628918.053,0,4,8024,11.5
1782628918.254,0,4,8024,11.5
1782628918.454,0,4,8024,11.5
1782628918.655,0,3,8024,11.5
1782628918.855,0,3,8024,11.5
1782628919.056,0,3,8024,10.5
1782628919.256,0,3,8024,10.5
1782628919.457,0,3,8024,10.5
1782628919.657,0,10,8024,10.5
1782628919.858,0,10,8024,10.5
1782628920.058,0,10,8024,11.0
1782628920.259,0,10,8024,11.0
1782628920.459,0,10,8024,11.0
1782628920.660,0,3,8024,11.9
1782628920.860,0,3,8024,11.9
1782628921.061,0,3,8024,12.3
1782628921.261,0,3,8024,12.3
1782628921.462,0,3,8024,12.3
1782628921.662,0,6,8024,12.3
1782628921.863,0,6,8024,12.3
1782628922.063,0,6,8024,10.5
1782628922.263,0,6,8024,10.5
1782628922.464,0,6,8024,10.5
1782628922.664,0,10,8024,10.5
1782628922.865,0,10,8024,10.5
1782628923.065,0,10,8024,9.6
1782628923.266,0,10,8024,9.6
1782628923.467,0,10,8024,9.6
1782628923.667,0,9,8024,9.6
1782628923.867,0,9,8024,9.6
1782628924.068,0,9,8024,9.5
1782628924.269,0,9,8024,9.5
1782628924.469,0,9,8024,9.5
1782628924.669,0,3,8024,10.4
1782628924.870,0,3,8024,10.4
1782628925.070,0,3,8024,11.0
1782628925.271,0,3,8024,11.0
1782628925.471,0,3,8024,11.0
1782628925.672,0,3,8024,12.8
1782628925.872,0,3,8024,12.8
1782628926.073,0,3,8024,12.8
1782628926.273,0,3,8024,12.8
1782628926.474,0,3,8024,12.8
1782628926.674,0,11,8024,10.4
1782628926.875,0,11,8024,10.4
1782628927.075,0,11,8024,10.4
1782628927.276,0,11,8024,10.4
1782628927.476,0,11,8024,10.4
1782628927.676,0,15,8024,10.9
1782628927.877,0,15,8024,10.9
1782628928.077,0,15,8024,10.9
1782628928.278,0,15,8024,10.9
1782628928.478,0,15,8024,10.9
1782628928.679,0,21,8024,11.1
1782628928.879,0,21,8024,11.1
1782628929.080,0,21,8024,11.1
1782628929.280,0,21,8024,11.1
1782628929.481,0,21,8024,11.1
1782628929.681,0,19,8024,11.7
1782628929.881,0,19,8024,11.7
1782628930.082,0,19,8024,11.7
1782628930.282,0,19,8024,11.7
1782628930.483,0,19,8024,11.7
1782628930.683,0,10,8024,11.5
1782628930.883,0,10,8024,11.5
1782628931.084,0,10,8024,11.5
1782628931.287,0,10,8024,11.5
1782628931.487,0,5,8024,9.7
1782628931.688,0,5,8024,9.7
1782628931.888,0,5,8024,9.7
1782628932.089,0,5,8024,10.4
1782628932.289,0,5,8024,10.4
1782628932.489,0,5,8024,11.5
1782628932.690,0,5,8024,11.5
1782628932.890,0,5,8024,11.5
1782628933.091,0,5,8024,11.5
1782628933.291,0,5,8024,11.5
1782628933.492,0,10,8024,9.2
1782628933.692,0,10,8024,9.2
1782628933.893,0,10,8024,9.2
1782628934.093,0,10,8024,9.2
1782628934.294,0,10,8024,9.2
1782628934.494,0,9,8024,9.3
1782628934.694,0,9,8024,9.3
1782628934.895,0,9,8024,9.3
1782628935.095,0,9,8024,9.3
1782628935.296,0,9,8024,9.3
1782628935.497,0,17,8024,9.3
1782628935.697,0,17,8024,9.3
1782628935.898,0,17,8024,9.3
1782628936.098,0,17,8024,9.3
1782628936.299,0,17,8024,9.3
1782628936.499,0,19,8024,9.8
1782628936.700,0,19,8024,9.8
1782628936.900,0,19,8024,9.8
1782628937.101,0,19,8024,41.3
1782628937.301,0,19,8024,41.3
1782628937.502,64,10,8024,190.9
1782628937.702,64,10,8024,190.9
1782628937.903,64,10,8024,190.9
1782628938.103,64,10,8024,334.2
1782628938.303,64,10,8024,334.2
1782628938.504,69,10,8024,317.8
1782628938.704,69,10,8024,317.8
1782628938.905,69,10,8024,317.8
1782628939.105,69,10,8024,317.8
1782628939.306,69,10,8024,317.8
1782628939.506,69,10,8024,320.3
1782628939.706,69,10,8024,320.3
1782628939.907,69,10,8024,320.3
1782628940.107,69,10,8024,321.9
1782628940.308,69,10,8024,321.9
1782628940.508,69,11,8024,319.4
1782628940.709,69,11,8024,319.4
1782628940.909,69,11,8024,319.4
1782628941.110,69,11,8024,315.4
1782628941.310,69,11,8024,315.4
1782628941.511,77,12,8024,319.7
1782628941.711,77,12,8024,319.7
1782628941.911,77,12,8024,319.7
1782628942.112,77,12,8024,326.5
1782628942.312,77,12,8024,326.5
1782628942.513,74,11,8024,332.0
1782628942.713,74,11,8024,332.0
1782628942.914,74,11,8024,332.0
1782628943.114,74,11,8024,331.6
1782628943.315,74,11,8024,331.6
1782628943.515,74,11,8024,333.4
1782628943.716,74,11,8024,333.4
1782628943.916,74,11,8024,333.4
1782628944.116,74,11,8024,336.7
1782628944.317,74,11,8024,336.7
1782628944.517,48,7,8024,320.5
1782628944.718,48,7,8024,320.5
1782628944.919,48,7,8024,320.5
1782628945.119,48,7,8024,200.9
1782628945.320,48,7,8024,200.9
1782628945.520,95,15,8024,185.4
1782628945.721,95,15,8024,185.4
1782628945.921,95,15,8024,185.4
1782628946.121,95,15,8024,275.2
1782628946.322,95,15,8024,275.2
1782628946.522,74,11,8024,325.9
1782628946.723,74,11,8024,325.9
1782628946.923,74,11,8024,325.9
1782628947.124,74,11,8024,323.7
1782628947.324,74,11,8024,323.7
1782628947.524,72,11,8024,324.8
1782628947.725,72,11,8024,324.8
1782628947.925,72,11,8024,324.8
1782628948.126,72,11,8024,329.8
1782628948.326,72,11,8024,329.8
1782628948.527,70,11,8024,329.8
1782628948.727,70,11,8024,329.8
1782628948.927,70,11,8024,329.8
1782628949.128,70,11,8024,322.4
1782628949.328,70,11,8024,322.4
1782628949.529,70,11,8024,319.6
1782628949.729,70,11,8024,319.6
1782628949.930,70,11,8024,319.6
1782628950.130,70,11,8024,325.5
1782628950.331,70,11,8024,325.5
1782628950.531,71,10,8024,322.2
1782628950.731,71,10,8024,322.2
1782628950.932,71,10,8024,322.2
1782628951.132,71,10,8024,326.2
1782628951.333,71,10,8024,326.2
1782628951.533,78,12,8024,339.3
1782628951.733,78,12,8024,339.3
1782628951.934,78,12,8024,339.3
1782628952.134,78,12,8024,335.6
1782628952.335,78,12,8024,335.6
1782628952.535,73,11,8024,323.7
1782628952.736,73,11,8024,323.7
1782628952.936,73,11,8024,323.7
1782628953.137,73,11,8024,290.2
1782628953.337,73,11,8024,290.2
1782628953.537,53,8,8024,198.5
1782628953.738,53,8,8024,198.5
1782628953.938,53,8,8024,198.5
1782628954.139,53,8,8024,241.7
1782628954.339,53,8,8024,241.7
1782628954.540,69,11,8024,341.6
1782628954.740,69,11,8024,341.6
1782628954.940,69,11,8024,341.6
1782628955.141,69,11,8024,326.8
1782628955.341,69,11,8024,326.8
1782628955.542,67,10,8024,326.7
1782628955.742,67,10,8024,326.7
1782628955.943,67,10,8024,326.7
1782628956.143,67,10,8024,321.9
1782628956.343,67,10,8024,321.9
1782628956.544,69,11,8024,320.4
1782628956.745,69,11,8024,320.4
1782628956.945,69,11,8024,320.4
1782628957.145,69,11,8024,327.6
1782628957.346,69,11,8024,327.6
1782628957.546,77,12,8024,332.7
1782628957.747,77,12,8024,332.7
1782628957.947,77,12,8024,332.7
1782628958.147,77,12,8024,329.0
1782628958.348,77,12,8024,329.0
1782628958.548,73,11,8024,332.2
1782628958.749,73,11,8024,332.2
1782628958.949,73,11,8024,332.2
1782628959.150,73,11,8024,330.3
1782628959.350,73,11,8024,330.3
1782628959.551,67,10,8024,325.7
1782628959.751,67,10,8024,325.7
1782628959.951,67,10,8024,325.7
1782628960.152,67,10,8024,318.7
1782628960.352,67,10,8024,318.7
1782628960.553,77,12,8024,321.5
1782628960.753,77,12,8024,321.5
1782628960.954,77,12,8024,321.5
1782628961.154,77,12,8024,327.3
1782628961.355,77,12,8024,327.3
1782628961.555,0,0,8024,211.5
1782628961.756,0,0,8024,211.5
1782628961.956,0,0,8024,211.5
1782628962.157,0,0,8024,215.0
1782628962.357,0,0,8024,215.0
1782628962.557,81,13,8024,346.0
1782628962.758,81,13,8024,346.0
1782628962.958,81,13,8024,346.0
1782628963.159,81,13,8024,358.3
1782628963.359,81,13,8024,358.3
1782628963.560,77,12,8024,357.8
1782628963.760,77,12,8024,357.8
1782628963.960,77,12,8024,357.8
1782628964.161,77,12,8024,354.9
1782628964.361,77,12,8024,354.9
1782628964.562,80,12,8024,357.5
1782628964.762,80,12,8024,357.5
1782628964.963,80,12,8024,357.5
1782628965.163,80,12,8024,359.8
1782628965.364,80,12,8024,359.8
1782628965.564,81,12,8024,356.6
1782628965.765,81,12,8024,356.6
1782628965.965,81,12,8024,356.6
1782628966.166,81,12,8024,354.7
1782628966.366,81,12,8024,354.7
1782628966.567,78,12,8024,356.4
1782628966.767,78,12,8024,356.4
1782628966.968,78,12,8024,356.4
1782628967.168,78,12,8024,359.0
1782628967.369,78,12,8024,359.0
1782628967.569,82,13,8024,360.3
1782628967.769,82,13,8024,360.3
1782628967.970,82,13,8024,360.3
1782628968.170,82,13,8024,359.2
1782628968.370,82,13,8024,359.2
1782628968.571,77,12,8024,359.8
1782628968.771,77,12,8024,359.8
1782628968.972,77,12,8024,359.8
1782628969.172,77,12,8024,363.5
1782628969.373,77,12,8024,363.5
1782628969.573,81,13,8024,365.0
1782628969.774,81,13,8024,365.0
1782628969.974,81,13,8024,365.0
1782628970.175,81,13,8024,366.0
1782628970.375,81,13,8024,366.0
1782628970.576,80,12,8024,366.7
1782628970.776,80,12,8024,366.7
1782628970.976,80,12,8024,366.7
1782628971.177,80,12,8024,363.8
1782628971.377,80,12,8024,363.8
1782628971.577,80,13,8024,362.1
1782628971.778,80,13,8024,362.1
1782628971.978,80,13,8024,362.1
1782628972.179,80,13,8024,359.3
1782628972.379,80,13,8024,359.3
1782628972.580,55,8,8024,315.9
1782628972.780,55,8,8024,315.9
1782628972.981,55,8,8024,315.9
1782628973.181,55,8,8024,277.3
1782628973.381,55,8,8024,277.3
1782628973.582,69,10,8024,295.7
1782628973.782,69,10,8024,295.7
1782628973.983,69,10,8024,295.7
1782628974.183,69,10,8024,301.2
1782628974.384,69,10,8024,301.2
1782628974.584,45,6,8024,291.5
1782628974.785,45,6,8024,291.5
1782628974.985,45,6,8024,291.5
1782628975.186,45,6,8024,294.4
1782628975.386,45,6,8024,294.4
1782628975.587,67,10,8024,303.0
1782628975.787,67,10,8024,303.0
1782628975.987,67,10,8024,303.0
1782628976.188,67,10,8024,316.4
1782628976.388,67,10,8024,316.4
1782628976.589,74,11,8024,328.0
1782628976.789,74,11,8024,328.0
1782628976.990,74,11,8024,328.0
1782628977.190,74,11,8024,336.3
1782628977.391,74,11,8024,336.3
1782628977.591,72,11,8024,332.8
1782628977.791,72,11,8024,332.8
1782628977.992,72,11,8024,327.3
1782628978.192,72,11,8024,327.3
1782628978.393,72,11,8024,327.3
1782628978.593,82,12,8024,336.2
1782628978.794,82,12,8024,336.2
1782628978.994,82,12,8024,267.7
1782628979.195,82,12,8024,267.7
1782628979.395,82,12,8024,267.7
1782628979.596,0,0,8024,158.0
1782628979.797,0,0,8024,158.0
1782628979.997,0,0,8024,99.1
1782628980.198,0,0,8024,99.1
1782628980.398,0,0,8024,99.1
1782628980.599,0,0,8024,96.9
1782628980.799,0,0,8024,96.9
1782628981.000,0,0,8024,83.8
1782628981.200,0,0,8024,83.8
1782628981.401,0,0,8024,83.8
1782628981.601,0,0,8024,73.0
1782628981.802,0,0,8024,73.0
1782628982.002,0,0,8024,175.5
1782628982.203,0,0,8024,175.5
1782628982.403,0,0,8024,175.5
1782628982.603,81,13,8024,299.6
1782628982.804,81,13,8024,299.6
1782628983.004,81,13,8024,369.6
1782628983.205,81,13,8024,369.6
1782628983.405,81,13,8024,369.6
1782628983.606,87,14,8024,368.7
1782628983.806,87,14,8024,368.7
1782628984.007,87,14,8024,364.9
1782628984.207,87,14,8024,364.9
1782628984.408,87,14,8024,364.9
1782628984.608,75,12,8024,357.9
1782628984.809,75,12,8024,357.9
1782628985.009,75,12,8024,360.9
1782628985.209,75,12,8024,360.9
1782628985.410,75,12,8024,360.9
1782628985.610,77,12,8024,364.5
1782628985.811,77,12,8024,364.5
1782628986.011,77,12,8024,360.6
1782628986.212,77,12,8024,360.6
1782628986.412,77,12,8024,360.6
1782628986.613,80,12,8024,357.5
1782628986.813,80,12,8024,357.5
1782628987.014,80,12,8024,356.9
1782628987.214,80,12,8024,356.9
1782628987.415,80,12,8024,356.9
1782628987.615,82,12,8024,362.5
1782628987.816,82,12,8024,362.5
1782628988.016,82,12,8024,363.7
1782628988.217,82,12,8024,363.7
1782628988.417,82,12,8024,363.7
1782628988.618,79,12,8024,361.1
1782628988.818,79,12,8024,361.1
1782628989.019,79,12,8024,365.9
1782628989.219,79,12,8024,365.9
1782628989.419,79,12,8024,365.9
1782628989.620,77,12,8024,363.4
1782628989.821,77,12,8024,363.4
1782628990.021,77,12,8024,358.5
1782628990.222,77,12,8024,358.5
1782628990.422,77,12,8024,358.5
1782628990.622,81,12,8024,358.4
1782628990.823,81,12,8024,358.4
1782628991.023,81,12,8024,363.3
1782628991.223,81,12,8024,363.3
1782628991.424,81,12,8024,363.3
1782628991.624,83,13,8024,365.8
1782628991.825,83,13,8024,365.8
1782628992.025,83,13,8024,363.8
1782628992.226,83,13,8024,363.8
1782628992.426,83,13,8024,363.8
1782628992.627,51,7,8024,346.1
1782628992.827,51,7,8024,346.1
1782628993.028,51,7,8024,306.8
1782628993.228,51,7,8024,306.8
1782628993.429,51,7,8024,306.8
1782628993.629,62,9,8024,304.2
1782628993.829,62,9,8024,304.2
1782628994.030,62,9,8024,313.1
1782628994.230,62,9,8024,313.1
1782628994.431,62,9,8024,313.1
1782628994.631,71,11,8024,305.1
1782628994.832,71,11,8024,305.1
1782628995.032,71,11,8024,296.7
1782628995.233,71,11,8024,296.7
1782628995.433,71,11,8024,296.7
1782628995.634,64,9,8024,299.2
1782628995.834,64,9,8024,299.2
1782628996.034,64,9,8024,293.8
1782628996.235,64,9,8024,293.8
1782628996.435,64,9,8024,293.8
1782628996.636,74,11,8024,301.7
1782628996.836,74,11,8024,301.7
1782628997.036,74,11,8024,321.8
1782628997.237,74,11,8024,321.8
1782628997.437,74,11,8024,321.8
1782628997.638,67,10,8024,328.9
1782628997.838,67,10,8024,328.9
1782628998.039,67,10,8024,339.6
1782628998.239,67,10,8024,339.6
1782628998.439,67,10,8024,339.6
1782628998.640,83,12,8024,342.6
1782628998.840,83,12,8024,342.6
1782628999.041,83,12,8024,308.6
1782628999.241,83,12,8024,308.6
1782628999.442,83,12,8024,308.6
1782628999.642,0,0,8024,185.6
1782628999.843,0,0,8024,185.6
1782629000.043,0,0,8024,99.6
1782629000.244,0,0,8024,99.6
1782629000.444,0,0,8024,99.6
1782629000.644,0,0,8024,99.0
1782629000.845,0,0,8024,99.0
1782629001.046,0,0,8024,89.7
1782629001.246,0,0,8024,89.7
1782629001.447,0,0,8024,89.7
1782629001.647,0,0,8024,79.7
1782629001.848,0,0,8024,79.7
1782629002.048,0,0,8024,106.8
1782629002.249,0,0,8024,106.8
1782629002.449,0,0,8024,106.8
1782629002.650,76,12,8024,261.1
1782629002.850,76,12,8024,261.1
1782629003.051,76,12,8024,377.2
1782629003.251,76,12,8024,377.2
1782629003.452,76,12,8024,377.2
1782629003.652,80,12,8024,365.0
1782629003.853,80,12,8024,365.0
1782629004.053,80,12,8024,364.7
1782629004.253,80,12,8024,364.7
1782629004.454,80,12,8024,364.7
1782629004.654,88,14,8024,366.2
1782629004.855,88,14,8024,366.2
1782629005.055,88,14,8024,370.4
1782629005.256,88,14,8024,370.4
1782629005.456,88,14,8024,370.4
1782629005.657,82,13,8024,371.2
1782629005.857,82,13,8024,371.2
1782629006.058,82,13,8024,364.0
1782629006.258,82,13,8024,364.0
1782629006.459,82,13,8024,364.0
1782629006.659,79,12,8024,366.2
1782629006.860,79,12,8024,366.2
1782629007.060,79,12,8024,373.6
1782629007.260,79,12,8024,373.6
1782629007.461,79,12,8024,373.6
1782629007.661,80,12,8024,372.6
1782629007.862,80,12,8024,372.6
1782629008.062,80,12,8024,372.2
1782629008.263,80,12,8024,372.2
1782629008.463,80,12,8024,372.2
1782629008.664,82,13,8024,368.0
1782629008.864,82,13,8024,368.0
1782629009.065,82,13,8024,369.0
1782629009.265,82,13,8024,369.0
1782629009.466,82,13,8024,369.0
1782629009.666,79,12,8024,367.4
1782629009.867,79,12,8024,367.4
1782629010.067,79,12,8024,362.0
1782629010.267,79,12,8024,362.0
1782629010.468,79,12,8024,362.0
1782629010.668,84,13,8024,363.8
1782629010.869,84,13,8024,363.8
1782629011.069,84,13,8024,367.1
1782629011.270,84,13,8024,367.1
1782629011.470,84,13,8024,367.1
1782629011.671,82,13,8024,362.4
1782629011.871,82,13,8024,362.4
1782629012.072,82,13,8024,362.3
1782629012.274,82,13,8024,362.3
1782629012.474,82,13,8024,362.3
1782629012.675,49,7,8024,336.2
1782629012.875,49,7,8024,336.2
1782629013.076,49,7,8024,297.1
1782629013.276,49,7,8024,297.1
1782629013.477,49,7,8024,297.1
1782629013.677,56,8,8024,291.7
1782629013.878,56,8,8024,291.7
1782629014.078,56,8,8024,306.5
1782629014.279,56,8,8024,306.5
1782629014.479,56,8,8024,306.5
1782629014.679,59,9,8024,305.6
1782629014.880,59,9,8024,305.6
1782629015.080,59,9,8024,312.0
1782629015.281,59,9,8024,312.0
1782629015.481,59,9,8024,312.0
1782629015.682,63,10,8024,310.7
1782629015.882,63,10,8024,310.7
1782629016.083,63,10,8024,309.5
1782629016.283,63,10,8024,309.5
1782629016.483,63,10,8024,309.5
1782629016.684,62,10,8024,321.3
1782629016.884,62,10,8024,321.3
1782629017.085,62,10,8024,329.5
1782629017.295,62,10,8024,329.5
1782629017.495,75,11,8024,340.7
1782629017.696,75,11,8024,340.7
1782629017.896,75,11,8024,340.7
1782629018.097,75,11,8024,327.6
1782629018.297,75,11,8024,327.6
1782629018.498,69,10,8024,320.9
1782629018.698,69,10,8024,320.9
1782629018.899,69,10,8024,320.9
1782629019.099,69,10,8024,292.0
1782629019.300,69,10,8024,292.0
1782629019.500,0,0,8024,191.2
1782629019.701,0,0,8024,191.2
1782629019.901,0,0,8024,191.2
1782629020.102,0,0,8024,102.2
1782629020.303,0,0,8024,102.2
1782629020.503,0,0,8024,101.6
1782629020.704,0,0,8024,101.6
1782629020.904,0,0,8024,101.6
1782629021.105,0,0,8024,92.2
1782629021.305,0,0,8024,92.2
1782629021.506,0,0,8024,82.0
1782629021.706,0,0,8024,82.0
