epoch,util_gpu,util_mem,mem_used_mib,power_w,cpu_pct,cpu_nbusy,ram_used_mib
1783075412.560,6,0,2407,76.5,7.6,1,19982
1783075412.761,6,0,2407,76.5,2.7,0,19983
1783075412.961,6,0,2407,76.5,2.1,0,19983
1783075413.162,6,0,2403,76.5,1.8,0,19983
1783075413.363,6,0,2403,76.5,7.0,0,19985
1783075413.563,12,0,2403,76.2,1.4,0,19985
1783075413.764,12,0,2403,76.2,0.9,0,19972
1783075413.965,12,0,2404,75.2,1.0,0,19972
1783075414.165,12,0,2740,75.2,11.1,2,20119
1783075414.366,12,0,2740,75.2,12.0,2,20134
1783075414.567,47,3,2760,96.8,14.4,2,20150
1783075414.768,47,3,2762,96.8,14.6,2,20158
1783075414.971,47,3,2762,145.7,14.3,3,20163
1783075415.172,47,3,2762,145.7,14.7,3,20163
1783075415.372,47,3,2762,145.7,13.2,2,20165
1783075415.573,58,4,2764,168.8,13.9,3,20165
1783075415.773,58,4,2764,168.8,13.6,2,20165
1783075415.974,58,4,2764,168.7,11.8,2,20165
1783075416.174,58,4,2764,168.7,14.8,2,20166
1783075416.375,58,4,2764,168.7,13.7,2,20165
1783075416.575,52,4,2764,169.0,12.8,2,20166
1783075416.777,52,4,2764,169.0,15.0,2,20165
1783075416.977,52,4,2773,167.0,13.8,2,20165
1783075417.178,52,4,2765,167.0,13.2,2,20165
1783075417.378,52,4,2765,167.0,13.5,2,20162
1783075417.579,46,4,2765,167.8,13.6,2,20162
1783075417.780,46,4,2766,167.8,13.8,2,20156
1783075417.980,46,4,2760,170.3,13.6,2,20155
1783075418.181,46,4,2754,170.3,13.5,2,20145
1783075418.381,46,4,2754,170.3,14.9,3,20145
1783075418.582,56,5,2760,172.6,14.7,3,20145
1783075418.783,56,5,2760,172.6,19.4,3,20147
1783075418.983,56,5,2766,172.2,16.6,4,20147
1783075419.184,56,5,2766,172.2,12.0,2,20147
1783075419.385,56,5,2766,172.2,16.0,3,20147
1783075419.585,51,4,2766,172.9,15.9,3,20148
1783075419.786,51,4,2766,172.9,12.6,2,20148
1783075419.986,51,4,2770,170.2,13.3,2,20149
1783075420.187,51,4,2770,170.2,15.3,3,20147
1783075420.388,51,4,2770,170.2,37.1,8,20148
1783075420.588,43,3,2803,168.2,41.3,9,20180
1783075420.789,43,3,2803,168.2,19.7,3,20180
1783075420.989,43,3,2803,166.6,18.2,3,20181
1783075421.190,43,3,2803,166.6,19.9,4,20181
1783075421.390,43,3,2803,166.6,17.0,3,20181
1783075421.591,49,4,2803,165.4,31.6,8,20181
1783075421.792,49,4,2802,165.4,16.0,3,20185
1783075421.992,49,4,2804,151.3,28.5,7,20192
1783075422.193,49,4,2817,151.3,11.1,2,20192
1783075422.394,49,4,2822,151.3,10.8,2,20201
1783075422.594,7,0,2827,120.5,8.0,2,20202
1783075422.795,7,0,2832,120.5,16.4,2,20228
1783075422.996,7,0,2833,102.4,25.9,8,20278
1783075423.197,7,0,2833,102.4,41.3,8,20414
1783075423.398,7,0,2841,102.4,22.8,4,20442
1783075423.598,8,0,2841,103.0,13.5,2,20448
1783075423.799,8,0,2841,103.0,16.2,2,20477
1783075424.001,8,0,2841,110.0,33.2,8,20463
1783075424.201,8,0,2841,110.0,20.7,4,20652
1783075424.402,8,0,2841,110.0,21.9,3,20749
1783075424.603,45,3,2841,131.3,17.4,3,20807
1783075424.804,45,3,2839,131.3,18.2,4,20820
1783075425.004,45,3,2839,152.2,17.9,4,20824
1783075425.205,45,3,2839,152.2,28.1,8,20828
1783075425.405,45,3,2826,152.2,25.7,7,20890
1783075425.606,34,2,2794,154.2,19.9,3,20879
1783075425.807,34,2,2794,154.2,17.3,3,20878
1783075426.007,34,2,2794,157.4,17.3,3,20875
1783075426.208,34,2,2794,157.4,16.1,3,20873
1783075426.409,34,2,2794,157.4,29.8,8,20869
1783075426.610,44,3,2794,159.1,20.7,3,20868
1783075426.811,44,3,2794,159.1,14.6,2,20866
1783075427.012,44,3,2794,162.7,13.2,2,20868
1783075427.213,44,3,2794,162.7,12.7,2,20868
1783075427.414,44,3,2794,162.7,13.1,3,20868
1783075427.614,58,4,2794,169.8,13.8,3,20863
1783075427.816,58,4,2794,169.8,13.6,2,20866
1783075428.016,58,4,2774,174.1,12.4,2,20858
1783075428.217,58,4,2774,174.1,14.1,2,20860
1783075428.419,63,4,2774,175.2,13.8,2,20855
1783075428.620,63,4,2751,175.2,13.8,2,20855
1783075428.820,63,4,2751,175.2,15.0,3,20851
1783075429.021,63,4,2751,175.0,13.0,3,20851
1783075429.222,63,4,2751,175.0,14.2,2,20864
1783075429.422,55,4,2751,176.2,13.8,2,20863
1783075429.623,55,4,2751,176.2,14.0,3,20863
1783075429.823,55,4,2751,176.2,13.2,2,20861
1783075430.024,55,4,2751,175.2,13.4,4,20862
1783075430.225,55,4,2751,175.2,14.2,2,20864
1783075430.426,57,4,2751,175.9,13.7,2,20862
1783075430.626,57,4,2751,175.9,14.9,2,20863
1783075430.827,57,4,2751,175.9,17.1,3,20863
1783075431.028,57,4,2757,172.5,15.7,2,20865
1783075431.228,57,4,2757,172.5,7.1,1,20863
1783075431.429,25,1,2757,159.7,4.4,1,20858
1783075431.629,25,1,2757,159.7,5.0,1,20858
1783075431.830,25,1,2757,159.7,5.0,1,20861
1783075432.030,25,1,2757,124.2,5.0,1,20861
1783075432.231,25,1,2757,124.2,5.0,1,20861
1783075432.432,6,0,2757,100.1,4.4,1,20861
1783075432.632,6,0,2757,100.1,4.8,1,20861
1783075432.833,6,0,2757,100.1,6.0,1,20861
1783075433.033,6,0,2757,99.8,6.1,1,20861
1783075433.234,6,0,2757,99.8,7.7,1,20861
1783075433.435,53,4,2757,103.6,14.5,3,20861
1783075433.636,53,4,2757,103.6,14.4,3,20861
1783075433.836,53,4,2757,103.6,13.2,2,20861
1783075434.037,53,4,2757,135.0,13.2,2,20861
1783075434.237,53,4,2757,135.0,13.3,2,20862
1783075434.438,53,4,2757,170.4,13.1,2,20862
1783075434.639,53,4,2757,170.4,13.7,2,20868
1783075434.839,53,4,2757,170.4,12.0,2,20868
1783075435.040,53,4,2757,170.2,16.6,2,20747
1783075435.240,53,4,2757,170.2,14.0,2,20747
1783075435.441,50,4,2757,167.9,12.3,2,20735
1783075435.641,50,4,2757,167.9,14.9,4,20735
1783075435.842,50,4,2757,167.9,13.4,2,20734
1783075436.043,50,4,2757,169.3,14.3,2,20734
1783075436.243,50,4,2757,169.3,12.5,2,20734
1783075436.444,54,4,2757,171.8,13.3,2,20734
1783075436.646,54,4,2757,171.8,13.2,2,20734
1783075436.846,54,4,2757,171.8,13.4,3,20734
1783075437.047,54,4,2757,170.8,13.6,2,20734
1783075437.247,54,4,2757,170.8,13.4,2,20738
1783075437.449,52,4,2757,171.6,12.9,2,20738
1783075437.650,52,4,2757,171.6,12.7,2,20728
1783075437.850,52,4,2757,171.6,14.0,3,20735
1783075438.051,52,4,2757,172.2,14.2,3,20735
1783075438.252,52,4,2751,172.2,13.1,2,20734
1783075438.453,57,4,2751,171.6,14.5,3,20735
1783075438.653,57,4,2751,171.6,13.8,3,20735
1783075438.854,57,4,2751,171.6,12.8,2,20742
1783075439.055,57,4,2751,170.0,13.0,2,20742
1783075439.257,57,4,2751,170.0,14.5,2,20742
1783075439.458,57,4,2751,172.5,13.0,2,20742
1783075439.658,57,4,2751,172.5,13.3,2,20742
1783075439.859,57,4,2751,172.5,13.7,2,20742
1783075440.060,57,4,2751,172.0,13.4,3,20742
1783075440.260,57,4,2751,172.0,7.7,2,20737
1783075440.461,6,0,2751,158.1,4.4,1,20737
1783075440.662,6,0,2751,158.1,4.6,1,20737
1783075440.862,6,0,2751,158.1,6.0,1,20736
1783075441.064,6,0,2751,123.8,5.6,1,20736
1783075441.266,6,0,2751,123.8,19.9,4,20737
1783075441.466,12,0,2751,101.6,20.3,4,20737
1783075441.667,12,0,2751,101.6,11.2,2,20737
1783075441.867,12,0,2751,101.6,10.1,2,20736
1783075442.068,12,0,2763,102.8,12.5,2,20736
1783075442.269,12,0,2763,102.8,19.0,2,20772
1783075442.470,6,0,2763,96.1,17.4,2,20773
1783075442.670,6,0,2763,96.1,41.8,8,20771
1783075442.871,6,0,2763,96.1,29.8,8,20788
1783075443.071,6,0,2763,83.4,41.2,8,20787
1783075443.272,6,0,2763,83.4,37.3,8,20841
1783075443.473,6,0,2763,81.2,15.9,2,20851
1783075443.673,6,0,2763,81.2,16.6,3,20858
1783075443.874,6,0,2764,81.2,15.1,2,20855
1783075444.074,6,0,2763,81.2,17.0,3,20857
1783075444.275,6,0,2763,81.2,14.2,2,20870
1783075444.475,8,0,2763,78.0,29.4,7,20862
1783075444.676,8,0,2809,78.0,41.0,8,20885
1783075444.877,8,0,2809,78.0,19.5,3,20881
1783075445.077,8,0,2809,79.6,41.5,8,20874
1783075445.278,8,0,2810,79.6,28.8,8,20878
1783075445.479,100,1,2810,101.4,21.8,6,20885
1783075445.679,100,1,2810,101.4,25.2,6,20886
1783075445.880,100,1,2810,101.4,22.2,4,20891
1783075446.081,100,1,2810,123.8,14.8,2,20891
1783075446.282,100,1,2810,123.8,21.2,3,20884
1783075446.483,6,0,2810,111.7,41.0,8,20887
1783075446.686,6,0,2808,111.7,20.1,4,20886
1783075446.887,6,0,2808,111.7,13.5,2,20891
1783075447.087,6,0,2808,102.1,9.2,2,20890
1783075447.288,6,0,2796,102.1,9.9,2,20889
1783075447.488,11,0,2796,99.8,10.0,2,20888
1783075447.689,11,0,2795,99.8,9.8,2,20889
1783075447.889,11,0,2795,99.8,10.1,2,20889
1783075448.090,11,0,2795,97.8,10.4,2,20888
1783075448.291,11,0,2795,97.8,10.3,2,20888
1783075448.491,6,0,2795,85.3,8.8,2,20888
1783075448.692,6,0,2795,85.3,10.7,2,20887
1783075448.892,6,0,2802,85.3,10.2,2,20889
1783075449.093,6,0,2802,76.0,9.2,2,20889
1783075449.294,6,0,2802,76.0,10.2,2,20889
1783075449.495,7,0,2778,75.5,9.0,2,20889
1783075449.697,7,0,2778,75.5,10.7,2,20890
1783075449.898,7,0,2796,75.5,10.3,2,20880
1783075450.098,7,0,2814,76.9,11.1,2,20892
1783075450.299,7,0,2835,76.9,11.1,2,20892
1783075450.499,12,0,2954,79.6,14.6,2,20809
1783075450.700,12,0,2974,79.6,8.0,1,20807
1783075450.900,12,0,2990,79.6,6.8,1,20816
1783075451.101,12,0,3012,81.8,7.2,1,20834
1783075451.301,12,0,3026,81.8,8.2,1,20844
1783075451.502,9,1,3042,81.9,7.2,1,20844
1783075451.702,9,1,2945,81.9,5.9,1,20844
1783075451.903,9,1,2945,81.9,5.8,1,20844
1783075452.103,9,1,2945,81.9,4.8,1,20844
1783075452.304,9,1,2945,81.9,10.6,2,20865
1783075452.504,9,0,2945,80.3,10.8,2,20874
1783075452.705,9,0,2945,80.3,10.7,2,20875
1783075452.906,9,0,2945,80.3,11.4,2,20892
1783075453.106,9,0,2945,79.0,10.4,2,20904
1783075453.307,9,0,2945,79.0,11.0,2,20904
1783075453.507,9,0,2945,79.5,10.3,2,20908
1783075453.708,9,0,2945,79.5,12.8,2,20917
1783075453.908,9,0,2945,79.5,9.6,2,20918
1783075454.109,9,0,2946,77.9,13.1,2,20920
1783075454.310,9,0,2946,77.9,9.7,2,20933
1783075454.510,6,0,2946,76.1,9.6,2,20940
1783075454.711,6,0,2946,76.1,10.4,2,20945
1783075454.911,6,0,2946,76.1,10.5,2,20955
1783075455.112,6,0,2946,75.4,9.7,2,20956
1783075455.312,6,0,2943,75.4,10.8,2,20961
1783075455.513,6,0,2942,74.6,9.6,2,20977
1783075455.713,6,0,2942,74.6,10.0,2,20988
1783075455.914,6,0,2940,74.6,12.0,2,20989
1783075456.115,6,0,2940,73.8,10.5,2,20977
1783075456.315,6,0,2934,73.8,10.3,2,20980
1783075456.516,7,0,2933,75.7,10.6,2,20974
1783075456.716,7,0,2927,75.7,11.5,2,20981
1783075456.917,7,0,2927,75.7,11.5,2,20986
1783075457.117,7,0,2927,78.5,10.1,2,20982
1783075457.318,7,0,2927,78.5,10.0,2,20993
1783075457.518,8,1,2925,71.6,10.3,2,21013
1783075457.719,8,1,2925,71.6,10.5,2,21024
1783075457.919,8,1,2925,60.5,10.2,2,21024
1783075458.120,8,1,2925,60.5,9.9,2,21031
1783075458.320,8,1,2913,60.5,9.8,2,21034
1783075458.521,16,6,2913,52.3,10.1,2,21039
1783075458.722,16,6,2913,52.3,12.0,2,21040
1783075458.922,16,6,2913,50.7,10.7,2,21040
1783075459.123,16,6,2913,50.7,10.0,2,21040
1783075459.324,16,6,2913,50.7,10.3,2,21045
1783075459.524,9,6,2912,50.7,10.7,2,21047
1783075459.725,9,6,2920,50.7,10.3,2,21047
1783075459.926,9,6,2920,50.6,21.2,6,21047
1783075460.126,9,6,2920,50.6,15.0,3,21047
1783075460.327,9,6,2920,50.6,9.5,2,21047
1783075460.527,15,6,2919,44.8,10.2,2,21047
1783075460.728,15,6,2921,44.8,9.8,2,21047
1783075460.929,15,6,2912,41.9,7.2,1,21048
1783075461.129,15,6,2910,41.9,7.1,1,21047
1783075461.330,15,6,2910,41.9,16.0,3,21040
1783075461.531,17,6,2910,48.8,35.4,8,21040
1783075461.731,17,6,2910,48.8,12.1,2,21043
1783075461.932,17,6,2910,52.9,14.0,2,21044
1783075462.132,17,6,2910,52.9,15.2,2,21052
1783075462.333,17,6,2910,52.9,16.6,3,21032
1783075462.534,20,10,2909,51.6,15.2,3,21025
1783075462.734,20,10,2910,51.6,31.6,8,21006
1783075462.935,20,10,2910,51.2,24.1,5,21008
1783075463.136,20,10,2910,51.2,11.1,2,21023
1783075463.337,20,10,2910,51.2,10.1,2,21024
1783075463.537,11,5,2910,52.6,9.0,2,21024
1783075463.738,11,5,2910,52.6,10.2,2,21025
1783075463.938,11,5,2910,53.9,10.4,2,21035
1783075464.139,11,5,2910,53.9,10.3,2,21035
1783075464.340,11,5,2910,53.9,10.8,2,21043
1783075464.540,12,5,2910,52.9,11.2,2,21044
1783075464.741,12,5,2910,52.9,11.5,2,21046
1783075464.941,12,5,2906,58.6,12.8,2,21048
1783075465.142,12,5,2906,58.6,9.5,2,21050
1783075465.343,12,5,2906,58.6,10.2,2,21050
1783075465.543,17,7,2905,59.0,9.7,2,21052
1783075465.744,17,7,2905,59.0,8.9,2,21052
1783075465.945,17,7,2905,52.6,10.8,2,21052
1783075466.145,17,7,2905,52.6,9.4,2,21052
1783075466.346,17,7,2905,52.6,10.3,2,21052
1783075466.546,8,3,2880,47.8,9.7,2,21052
1783075466.747,8,3,2880,47.8,9.7,2,21051
1783075466.947,8,3,2880,42.2,10.4,2,21052
1783075467.148,8,3,2880,42.2,9.2,2,21052
1783075467.348,8,3,2880,42.2,9.7,2,21052
1783075467.549,18,9,2880,38.8,10.2,2,21052
1783075467.749,18,9,2880,38.8,9.8,2,21047
1783075467.950,18,9,2880,37.3,9.6,2,21047
1783075468.150,18,9,2880,37.3,11.2,2,21046
1783075468.351,18,9,2880,37.3,9.6,2,21045
1783075468.552,8,9,2880,36.3,9.9,2,21052
1783075468.752,8,9,2880,36.3,9.6,2,21053
1783075468.953,8,9,2880,38.2,9.7,2,21036
1783075469.154,8,9,2880,38.2,10.6,2,21049
1783075469.355,8,9,2880,38.2,10.4,2,21049
1783075469.555,11,5,2878,36.1,9.2,2,21045
1783075469.756,11,5,2878,36.1,8.6,2,21048
1783075469.956,11,5,2880,36.8,8.2,2,21015
1783075470.157,11,5,2881,36.8,4.4,1,21016
1783075470.358,11,5,2881,36.8,7.7,1,21016
1783075470.558,23,12,2881,43.2,5.0,1,21016
1783075470.759,23,12,2881,43.2,5.0,1,21017
1783075470.960,23,12,2881,50.0,5.2,1,21014
1783075471.160,23,12,2881,50.0,4.6,1,21014
1783075471.361,23,12,2881,50.0,4.8,1,21014
1783075471.564,14,6,2880,51.2,5.4,1,20935
1783075471.765,14,6,2880,51.2,8.3,2,20935
1783075471.965,14,6,2880,48.8,8.8,2,20936
1783075472.166,14,6,2918,48.8,10.0,2,20906
1783075472.366,14,6,2918,48.8,9.4,2,20905
1783075472.568,21,6,2918,47.6,10.0,2,20921
1783075472.768,21,6,2912,47.6,23.1,6,20928
1783075472.969,21,6,2924,82.7,23.5,6,20918
1783075473.173,21,6,2924,82.7,22.4,6,20919
1783075473.374,21,6,2924,82.7,23.4,6,20919
1783075473.574,52,4,2923,140.7,22.4,6,20916
1783075473.775,52,4,2923,140.7,23.3,6,20922
1783075473.975,52,4,2924,167.1,25.3,6,20923
1783075474.178,52,4,2924,167.1,33.0,8,20930
1783075474.379,52,4,2924,167.1,24.4,6,20927
1783075474.579,52,4,2926,164.4,23.9,6,20926
1783075474.780,52,4,2926,164.4,23.3,6,20928
1783075474.980,52,4,2938,162.2,23.0,6,20934
1783075475.181,52,4,2938,162.2,23.2,6,20936
1783075475.381,52,4,2938,162.2,22.8,6,20937
1783075475.582,55,4,2938,161.8,23.7,6,20938
1783075475.783,55,4,2938,161.8,23.7,6,20938
1783075475.984,55,4,2938,163.4,30.4,7,20939
1783075476.184,55,4,2938,163.4,40.3,8,20939
1783075476.385,55,4,2938,163.4,30.3,8,20932
1783075476.585,54,4,2938,161.7,28.0,7,20929
1783075476.786,54,4,2938,161.7,28.3,8,20930
1783075476.987,54,4,2938,161.8,26.8,7,20930
1783075477.187,54,4,2938,161.8,22.7,6,20930
1783075477.389,54,4,2938,161.8,38.8,8,20932
1783075477.590,38,3,2938,162.2,42.9,8,20932
1783075477.794,38,3,2938,162.2,29.1,8,20932
1783075477.995,38,3,2938,157.2,28.1,8,20932
1783075478.195,38,3,2938,157.2,27.4,8,20934
1783075478.396,38,3,2967,157.2,33.5,8,20943
1783075478.596,48,3,2967,156.6,26.3,7,20944
1783075478.797,48,3,2967,156.6,34.8,8,20950
1783075478.997,48,3,2959,157.0,38.6,8,20950
1783075479.198,48,3,2959,157.0,27.0,8,20951
1783075479.399,48,3,2959,157.0,27.3,6,20952
1783075479.599,60,4,2960,155.2,24.3,6,20951
1783075479.800,60,4,2961,155.2,25.2,6,20952
1783075480.001,60,4,2962,161.8,23.0,6,20952
1783075480.201,60,4,2962,161.8,21.4,5,20952
1783075480.402,60,4,2962,161.8,17.9,5,20953
1783075480.603,47,4,2961,163.3,13.5,3,20953
1783075480.803,47,4,2961,163.3,13.9,3,20953
1783075481.004,47,4,2961,132.4,12.5,3,20953
1783075481.204,47,4,2961,132.4,13.3,3,20953
1783075481.405,47,4,2961,132.4,13.1,3,20953
1783075481.605,6,0,2959,101.9,17.3,4,20953
1783075481.806,6,0,2959,101.9,16.0,4,20953
1783075482.006,6,0,2959,97.9,12.9,3,20953
1783075482.207,6,0,2959,97.9,13.1,3,20953
1783075482.408,6,0,2959,97.9,15.8,3,20956
1783075482.608,5,0,2958,92.8,24.1,6,20957
1783075482.809,5,0,2958,92.8,22.9,6,20958
1783075483.010,5,0,2958,120.9,22.8,6,20958
1783075483.210,5,0,2958,120.9,23.1,6,20958
1783075483.411,5,0,2934,120.9,24.0,6,20959
1783075483.614,53,5,2933,154.7,22.9,6,20959
1783075483.815,53,5,2933,154.7,22.4,6,20959
1783075484.015,53,5,2933,166.1,23.0,6,20960
1783075484.216,53,5,2934,166.1,23.9,6,20960
1783075484.416,53,5,2934,166.1,23.7,6,20960
1783075484.619,53,5,2934,167.3,23.1,6,20960
1783075484.820,53,5,2933,167.3,23.1,6,20960
1783075485.020,53,5,2933,168.7,23.0,6,20960
1783075485.221,53,5,2933,168.7,22.9,6,20960
1783075485.421,53,5,2933,168.7,22.5,6,20960
1783075485.623,59,5,2933,167.1,24.2,6,20960
1783075485.823,59,5,2937,167.1,23.9,6,20960
1783075486.026,59,5,2937,165.3,23.4,6,20960
1783075486.227,59,5,2937,165.3,22.7,6,20960
1783075486.427,58,4,2937,166.7,23.5,6,20960
1783075486.628,58,4,2937,166.7,23.0,6,20960
1783075486.830,58,4,2937,166.7,23.8,6,20960
1783075487.031,58,4,2937,167.6,22.2,6,20960
1783075487.231,58,4,2937,167.6,22.1,6,20960
1783075487.432,55,4,2937,167.5,23.5,6,20960
1783075487.632,55,4,2935,167.5,24.1,6,20960
1783075487.833,55,4,2935,167.5,24.0,6,20961
1783075488.033,55,4,2935,173.9,22.8,6,20961
1783075488.234,55,4,2935,173.9,22.3,6,20961
1783075488.435,59,5,2935,174.9,23.6,6,20961
1783075488.636,59,5,2934,174.9,22.8,6,20961
1783075488.836,59,5,2934,174.9,23.0,6,20963
1783075489.040,59,5,2934,170.5,21.9,5,20963
1783075489.240,59,5,2934,170.5,19.4,5,20964
1783075489.441,21,2,2934,163.2,13.2,2,20964
1783075489.641,21,2,2934,163.2,13.1,3,20964
1783075489.842,21,2,2934,163.2,13.5,3,20964
1783075490.042,21,2,2934,131.1,14.1,3,20964
1783075490.243,21,2,2934,131.1,12.9,3,20964
1783075490.443,6,0,2934,102.3,15.3,3,20965
1783075490.644,6,0,2934,102.3,14.0,3,20965
1783075490.845,6,0,2934,102.3,13.1,3,20964
1783075491.045,6,0,2933,98.2,13.7,3,20963
1783075491.246,6,0,2933,98.2,16.0,3,20963
1783075491.446,25,2,2933,89.9,21.2,5,20971
1783075491.650,25,2,2932,89.9,23.3,6,20971
1783075491.851,25,2,2933,89.9,23.6,6,20965
1783075492.051,25,2,2933,123.0,26.3,7,20969
1783075492.252,25,2,2946,123.0,40.3,8,20969
1783075492.452,49,4,2955,152.9,31.9,8,20973
1783075492.653,49,4,2955,152.9,30.1,8,20974
1783075492.853,49,4,2955,152.9,43.4,12,20973
1783075493.054,49,4,2955,156.6,26.9,7,20973
1783075493.254,49,4,2955,156.6,24.4,6,20973
1783075493.455,51,4,3009,162.1,26.3,7,20977
1783075493.655,51,4,3008,162.1,30.5,8,20979
1783075493.857,51,4,3020,162.1,33.1,8,20984
1783075494.058,51,4,3020,159.7,31.5,8,20984
1783075494.259,51,4,3020,159.7,27.1,8,20984
1783075494.459,46,3,3020,160.1,33.4,8,20983
1783075494.660,46,3,3018,160.1,29.6,8,20986
1783075494.862,46,3,3018,160.1,34.8,8,20983
1783075495.063,46,3,3018,160.3,37.4,9,20983
1783075495.264,46,3,3016,160.3,28.9,8,20983
1783075495.465,50,4,3016,160.1,27.9,6,20984
1783075495.665,50,4,3016,160.1,23.1,6,20984
1783075495.866,50,4,3016,160.1,22.0,6,20984
1783075496.066,50,4,3016,162.3,22.4,6,20984
1783075496.267,50,4,3016,162.3,22.3,6,20984
1783075496.467,48,4,3016,166.5,22.1,6,20984
1783075496.668,48,4,3015,166.5,22.3,6,20984
1783075496.868,48,4,3015,166.5,22.8,6,20984
1783075497.069,48,4,3015,164.7,22.1,6,20984
1783075497.270,48,4,3011,164.7,23.7,6,20984
1783075497.470,63,4,3011,168.4,24.2,6,20985
1783075497.671,63,4,3011,168.4,22.6,6,20985
1783075497.871,63,4,3011,168.4,23.9,6,20985
1783075498.073,63,4,3011,173.9,22.6,6,20985
1783075498.276,63,4,2955,173.9,22.4,6,20985
1783075498.477,49,4,2926,171.4,19.1,5,20985
1783075498.677,49,4,2926,171.4,13.3,3,20985
1783075498.878,49,4,2926,171.4,13.1,3,20985
1783075499.078,49,4,2926,145.3,13.3,3,20986
1783075499.279,49,4,2926,145.3,13.3,3,20986
1783075499.480,5,0,2916,107.7,13.3,3,20986
1783075499.680,5,0,2916,107.7,13.1,3,20986
1783075499.881,5,0,2910,107.7,12.9,3,20986
1783075500.081,5,0,2910,97.4,14.6,3,21007
1783075500.282,5,0,2910,97.4,13.3,3,21007
1783075500.483,5,0,2910,92.1,15.8,3,20990
1783075500.683,5,0,2910,92.1,18.1,4,20991
1783075500.885,5,0,2910,92.1,17.6,3,20990
1783075501.086,5,0,2910,77.2,18.5,5,20995
1783075501.286,5,0,2910,77.2,18.3,5,21017
1783075501.487,3,0,2910,68.2,18.3,6,21018
1783075501.687,3,0,2910,68.2,18.0,4,21018
1783075501.888,3,0,2910,68.2,18.4,5,21017
1783075502.088,3,0,2910,68.5,19.8,6,21050
1783075502.289,3,0,2910,68.5,18.3,6,21050
1783075502.489,7,0,2910,69.5,18.7,4,21058
1783075502.690,7,0,2910,69.5,18.1,5,21059
1783075502.891,7,0,2910,69.5,18.3,5,21059
1783075503.092,7,0,2910,69.9,16.5,2,21059
1783075503.295,7,0,2910,69.9,17.9,5,21059
1783075503.496,6,0,2910,69.8,17.0,3,21064
1783075503.696,6,0,2910,69.8,17.9,5,21065
1783075503.899,6,0,2910,69.8,18.0,5,21065
1783075504.099,6,0,2910,69.5,17.6,5,21065
1783075504.300,6,0,2910,69.5,17.3,3,21065
1783075504.502,6,0,2910,69.0,17.3,4,21065
1783075504.702,6,0,2910,69.0,17.8,3,21070
1783075504.906,6,0,2914,69.0,18.8,4,21074
1783075505.107,6,0,2914,68.6,17.8,5,21076
1783075505.307,6,0,2914,68.6,18.1,4,21076
1783075505.508,6,0,2914,69.4,17.6,3,21076
1783075505.709,6,0,2914,69.4,18.2,5,21076
1783075505.909,6,0,2914,69.4,17.9,4,21076
1783075506.111,6,0,2914,69.1,17.8,5,21076
1783075506.312,6,0,2914,69.1,17.2,3,21073
1783075506.512,6,0,2914,68.5,17.8,4,21074
1783075506.713,6,0,2914,68.5,18.0,4,21074
1783075506.913,6,0,2914,68.5,17.6,4,21074
1783075507.114,6,0,2914,68.8,18.0,4,21074
1783075507.314,6,0,2914,68.8,17.7,5,21074
1783075507.515,5,0,2914,69.5,18.0,4,21074
1783075507.715,5,0,2914,69.5,18.1,5,21074
1783075507.916,5,0,2914,69.5,17.7,4,21074
1783075508.116,5,0,2914,68.7,17.6,4,21074
1783075508.319,5,0,2914,68.7,23.4,6,21074
1783075508.520,6,0,2914,68.8,33.5,8,21059
1783075508.720,6,0,2914,68.8,20.2,5,21059
1783075508.921,6,0,2914,68.8,16.7,4,21059
1783075509.121,6,0,2914,69.4,17.5,4,21059
1783075509.322,6,0,2914,69.4,16.6,4,21059
1783075509.522,7,0,2914,69.9,12.7,3,21059
1783075509.723,7,0,2914,69.9,28.9,7,21059
1783075509.924,7,0,2914,71.3,37.0,9,21055
1783075510.125,7,0,2910,71.3,24.4,6,21110
1783075510.326,7,0,2923,71.3,25.7,8,21125
1783075510.528,5,0,2923,72.9,25.5,7,21115
1783075510.729,5,0,2923,72.9,23.4,8,21127
1783075510.929,5,0,2923,74.4,24.0,8,21151
1783075511.131,5,0,2923,74.4,41.8,9,21169
1783075511.332,5,0,2923,74.4,26.9,6,21169
1783075511.533,6,0,2923,72.6,19.4,5,21188
1783075511.734,6,0,2923,72.6,17.7,4,21191
1783075511.937,6,0,2923,71.2,18.0,5,21191
1783075512.138,6,0,2923,71.2,18.7,5,21191
1783075512.339,6,0,2923,71.2,17.8,5,21193
1783075512.541,5,0,2923,70.8,18.7,5,21197
1783075512.741,5,0,2911,70.8,18.9,6,21197
1783075512.942,5,0,2911,72.0,25.1,7,21200
1783075513.143,5,0,2912,72.0,20.2,6,21206
1783075513.344,5,0,2912,72.0,21.7,6,21210
1783075513.547,7,0,2912,73.3,20.8,6,21210
1783075513.747,7,0,2912,73.3,18.2,5,21210
1783075513.950,7,0,2912,71.2,17.6,5,21210
1783075514.150,7,0,2911,71.2,18.3,5,21209
1783075514.351,7,0,2911,71.2,18.5,5,21209
1783075514.552,7,0,2898,67.7,18.6,5,21211
1783075514.752,7,0,2930,67.7,21.3,7,21218
1783075514.953,7,0,2942,71.5,18.8,5,21226
1783075515.153,7,0,2942,71.5,30.3,7,21226
1783075515.354,7,0,2942,71.5,35.4,8,21226
1783075515.555,13,1,2942,69.0,26.3,8,21228
1783075515.755,13,1,2942,69.0,27.0,8,21233
1783075515.956,13,1,2942,54.1,24.0,5,21244
1783075516.157,13,1,2940,54.1,25.8,7,21241
1783075516.358,13,1,2940,54.1,18.9,4,21235
1783075516.558,8,3,2940,49.3,28.1,6,21232
1783075516.759,8,3,2940,49.3,45.2,9,21227
1783075516.959,8,3,2940,46.5,43.1,9,21231
1783075517.160,8,3,2940,46.5,26.4,8,21242
1783075517.361,8,3,2940,46.5,24.0,8,21234
1783075517.562,0,9,2940,33.9,33.2,8,21241
1783075517.762,0,9,2940,33.9,23.9,8,21242
1783075517.963,0,9,2940,38.4,63.9,16,21244
1783075518.164,0,9,2940,38.4,50.1,9,21233
1783075518.364,0,9,2940,38.4,28.5,8,21239
1783075518.565,6,0,2940,48.4,28.0,8,21230
1783075518.768,6,0,2940,48.4,21.7,5,21218
1783075518.969,6,0,2934,49.1,34.1,8,21221
1783075519.169,6,0,2934,49.1,47.9,11,21227
1783075519.370,6,0,2933,49.1,25.5,7,21229
1783075519.571,12,5,2933,47.3,23.8,6,21228
1783075519.771,12,5,2901,47.3,28.4,6,21228
1783075519.972,12,5,2890,46.7,20.2,3,21228
1783075520.173,12,5,2890,46.7,35.2,8,21228
1783075520.373,12,5,2890,46.7,24.8,5,21227
1783075520.574,15,3,2890,46.8,19.0,3,21213
1783075520.774,15,3,2890,46.8,12.9,3,21207
1783075520.975,15,3,2836,45.3,17.5,3,21194
1783075521.176,15,3,2836,45.3,19.3,4,21162
1783075521.376,15,3,2836,45.3,18.7,5,21168
1783075521.577,6,0,2852,53.6,18.9,6,21172
1783075521.777,6,0,2852,53.6,21.4,6,21172
1783075521.978,6,0,2853,57.6,19.7,6,21166
1783075522.179,6,0,2853,57.6,18.0,5,21166
1783075522.380,6,0,2853,57.6,17.9,4,21166
1783075522.580,5,0,2853,51.7,18.0,5,21170
1783075522.782,5,0,2855,51.7,19.9,5,21187
1783075522.982,5,0,2855,53.1,24.6,6,21191
1783075523.183,5,0,2855,53.1,22.6,7,21192
1783075523.384,5,0,2855,53.1,41.2,9,21193
1783075523.584,17,1,2855,52.7,35.8,8,21193
1783075523.785,17,1,2855,52.7,37.9,9,21197
1783075523.986,17,1,2854,52.9,22.4,7,21198
1783075524.187,17,1,2854,52.9,22.1,6,21198
1783075524.388,17,1,2855,52.9,21.8,6,21214
1783075524.588,26,7,2855,50.2,19.8,6,21239
1783075524.789,26,7,2855,50.2,37.7,8,21240
1783075524.991,26,7,2855,49.9,36.7,8,21237
1783075525.191,26,7,2904,49.9,47.1,9,21238
1783075525.392,26,7,2904,49.9,65.3,17,21239
1783075525.593,2,3,2904,50.9,38.6,8,21267
1783075525.794,2,3,2904,50.9,52.2,10,21251
1783075525.995,2,3,2904,65.9,40.2,8,21258
1783075526.195,2,3,2904,65.9,29.2,8,21253
1783075526.396,2,3,2904,65.9,32.1,8,21255
1783075526.598,95,1,2904,92.6,32.5,8,21253
1783075526.799,95,1,2904,92.6,31.0,8,21252
1783075526.999,95,1,2904,116.6,33.8,8,21255
1783075527.200,95,1,2904,116.6,32.4,8,21251
1783075527.400,95,1,2904,116.6,31.5,8,21260
1783075527.601,100,1,2904,118.9,39.3,9,21265
1783075527.802,100,1,2876,118.9,56.2,14,21266
1783075528.002,100,1,2865,117.7,30.8,8,21264
1783075528.203,100,1,2865,117.7,39.3,8,21270
1783075528.404,100,1,2870,117.7,36.3,8,21255
1783075528.604,93,1,2870,117.3,25.1,7,21260
1783075528.805,93,1,2870,117.3,35.1,8,21270
1783075529.005,93,1,2870,109.6,41.7,8,21269
1783075529.207,93,1,2877,109.6,25.7,7,21270
1783075529.407,93,1,2877,109.6,23.4,8,21273
1783075529.608,11,0,2877,100.0,25.1,8,21275
1783075529.809,11,0,2865,100.0,22.6,7,21280
1783075530.010,11,0,2865,96.4,18.8,4,21279
1783075530.210,11,0,2865,96.4,14.6,3,21281
1783075530.411,11,0,2865,96.4,13.3,3,21285
1783075530.611,7,0,2865,97.8,12.9,3,21285
1783075530.812,7,0,2865,97.8,14.0,3,21285
1783075531.012,7,0,2846,79.5,13.9,3,21284
1783075531.213,7,0,2846,79.5,14.2,3,21282
1783075531.413,7,0,2846,79.5,14.2,3,21283
1783075531.614,10,5,2846,58.3,14.1,3,21283
1783075531.814,10,5,2846,58.3,13.4,3,21260
1783075532.016,10,5,2846,51.3,17.8,4,21264
1783075532.217,10,5,2846,51.3,17.9,4,21264
1783075532.417,10,5,2846,51.3,17.9,4,21264
1783075532.618,11,5,2846,50.3,25.8,4,21259
1783075532.819,11,5,2844,50.3,37.7,10,21257
1783075533.020,11,5,2843,50.3,34.1,8,21229
1783075533.220,11,5,2824,50.3,47.9,9,21229
1783075533.421,11,5,2822,50.3,30.9,8,20371
1783075533.621,55,4,2822,98.1,30.6,8,20342
1783075533.824,55,4,2821,98.1,30.6,8,20343
1783075534.024,55,4,2821,145.8,30.6,8,20343
1783075534.225,55,4,2815,145.8,31.4,8,20347
1783075534.425,49,4,2815,164.8,30.6,8,20349
1783075534.626,49,4,2815,164.8,30.6,8,20349
1783075534.826,49,4,2815,164.8,30.5,8,20349
1783075535.027,49,4,2815,165.8,30.3,8,20350
1783075535.228,49,4,2815,165.8,31.0,8,20350
1783075535.429,45,3,2823,164.0,30.3,8,20373
1783075535.630,45,3,2824,164.0,29.5,8,20373
1783075535.830,45,3,2824,164.0,30.4,8,20377
1783075536.031,45,3,2824,160.7,32.0,8,20378
1783075536.232,45,3,2824,160.7,31.6,8,20382
1783075536.433,52,4,2824,157.0,31.2,8,20384
1783075536.636,52,4,2824,157.0,30.2,8,20388
1783075536.837,52,4,2823,157.0,31.5,8,20387
1783075537.037,52,4,2956,159.4,30.4,8,20394
1783075537.238,52,4,2967,159.4,36.5,8,20346
1783075537.438,55,4,2919,157.9,30.7,8,20340
1783075537.640,55,4,2919,157.9,30.0,8,20340
1783075537.840,55,4,2919,157.9,31.7,8,20340
1783075538.041,55,4,2919,155.6,30.3,8,20340
1783075538.241,55,4,2919,155.6,30.6,8,20345
1783075538.442,44,4,2927,156.5,31.0,8,20355
1783075538.643,44,4,2927,156.5,30.3,8,20350
1783075538.844,44,4,2927,156.5,31.4,8,20349
1783075539.045,44,4,2911,158.5,31.0,8,20355
1783075539.247,44,4,2911,158.5,33.6,8,20358
1783075539.447,61,5,2911,162.1,31.6,8,20363
1783075539.648,61,5,2911,162.1,31.2,8,20364
1783075539.848,61,5,2910,162.1,32.3,8,20362
1783075540.049,61,5,2935,166.5,32.8,8,20384
1783075540.249,61,5,2943,166.5,43.6,10,20382
1783075540.450,36,3,2943,158.5,65.6,18,20402
1783075540.650,36,3,2943,158.5,31.1,7,20407
1783075540.851,36,3,2943,158.5,26.5,6,20413
1783075541.051,36,3,2943,129.5,25.8,6,20413
1783075541.252,36,3,2943,129.5,24.5,5,20412
1783075541.453,2,0,2943,107.2,21.3,5,20412
1783075541.654,2,0,2943,107.2,36.6,8,20429
1783075541.855,2,0,2950,107.2,49.4,12,20447
1783075542.056,2,0,2946,96.9,35.9,8,20669
1783075542.256,2,0,2946,96.9,33.8,8,20736
1783075542.457,4,0,2996,87.9,35.3,8,20782
1783075542.657,4,0,3006,87.9,41.3,8,20789
1783075542.858,4,0,3098,87.9,60.4,11,20803
1783075543.059,4,0,3098,96.9,32.1,8,20852
1783075543.260,4,0,3098,96.9,34.7,8,20856
1783075543.461,35,3,3086,123.9,32.8,8,20891
1783075543.661,35,3,3086,123.9,34.2,8,20891
1783075543.862,35,3,3030,123.9,31.2,8,20891
1783075544.062,35,3,3030,148.1,31.0,8,20891
1783075544.263,35,3,3038,148.1,32.1,8,20899
1783075544.464,54,4,3046,156.1,30.9,8,20901
1783075544.664,54,4,3054,156.1,31.5,8,20901
1783075544.865,54,4,3061,156.1,32.2,8,20900
1783075545.066,54,4,3069,162.6,33.8,8,20904
1783075545.266,54,4,3029,162.6,32.0,8,20905
1783075545.467,45,4,3029,161.1,31.6,8,20905
1783075545.668,45,4,3023,161.1,32.4,8,20905
1783075545.868,45,4,3023,161.1,30.4,8,20905
1783075546.070,45,4,3023,163.5,32.0,8,20905
1783075546.271,45,4,3023,163.5,31.0,8,20906
1783075546.472,54,4,3023,163.3,31.6,8,20898
1783075546.672,54,4,3023,163.3,29.7,8,20899
1783075546.873,54,4,3023,163.3,30.6,8,20896
1783075547.073,54,4,3031,159.7,31.0,8,20896
1783075547.274,54,4,3025,159.7,31.1,8,20896
1783075547.474,52,4,3025,162.2,30.5,8,20896
1783075547.675,52,4,3025,162.2,30.3,8,20896
1783075547.876,52,4,3025,162.2,30.5,8,20897
1783075548.076,52,4,3025,162.4,30.7,8,20897
1783075548.278,52,4,3025,162.4,30.8,8,20897
1783075548.479,57,4,3025,160.8,31.5,8,20897
1783075548.681,57,4,3025,160.8,30.3,8,20890
1783075548.882,57,4,3024,160.8,31.4,8,20888
1783075549.082,57,4,3024,162.6,32.0,8,20897
1783075549.283,57,4,3024,162.6,31.2,8,20896
1783075549.483,59,4,3024,165.4,31.3,8,20889
1783075549.685,59,4,3024,165.4,32.4,8,20872
1783075549.885,59,4,3024,165.4,31.6,8,20891
1783075550.086,59,4,3041,163.4,27.8,7,20908
1783075550.286,59,4,3041,163.4,22.1,5,20908
1783075550.487,7,0,3041,145.6,21.4,5,20909
1783075550.688,7,0,3041,145.6,21.6,5,20909
1783075550.888,7,0,3041,145.6,21.5,5,20908
1783075551.089,7,0,3041,111.6,22.6,5,20906
1783075551.290,7,0,3049,111.6,22.1,5,20906
1783075551.491,8,0,3049,96.7,21.3,5,20906
1783075551.691,8,0,3049,96.7,21.5,5,20906
1783075551.892,8,0,3049,96.7,21.4,5,20905
1783075552.092,8,0,3057,95.6,23.7,5,20908
1783075552.293,8,0,3057,95.6,31.0,8,20912
1783075552.494,53,4,3057,104.7,30.4,8,20912
1783075552.695,53,4,3057,104.7,30.6,8,20911
1783075552.896,53,4,3065,104.7,31.0,8,20910
1783075553.097,53,4,3073,138.2,31.8,8,20911
1783075553.297,53,4,3073,138.2,33.2,8,20911
1783075553.498,49,4,3073,160.6,32.2,8,20911
1783075553.698,49,4,3073,160.6,32.1,8,20909
1783075553.899,49,4,3073,160.6,29.9,8,20907
1783075554.101,49,4,3081,164.9,32.0,8,20907
1783075554.302,49,4,3033,164.9,31.3,8,20905
1783075554.503,50,4,3033,163.2,30.5,8,20905
1783075554.704,50,4,3041,163.2,30.9,8,20904
1783075554.905,50,4,3049,163.2,31.4,8,20900
1783075555.105,50,4,3049,159.2,30.4,8,20900
1783075555.306,50,4,3045,159.2,31.7,8,20894
1783075555.507,55,4,3045,161.7,31.9,8,20894
1783075555.707,55,4,3057,161.7,30.5,8,20894
1783075555.908,55,4,3057,161.7,31.0,8,20890
1783075556.112,55,4,3057,164.6,30.6,8,20890
1783075556.313,55,4,3057,164.6,34.5,8,20891
1783075556.513,36,3,3057,164.8,71.7,18,20971
1783075556.714,36,3,3057,164.8,41.5,8,20994
1783075556.914,36,3,3056,164.8,36.7,8,20996
1783075557.115,36,3,3056,157.9,34.9,8,20996
1783075557.315,36,3,3056,157.9,36.8,8,20996
1783075557.516,43,4,3056,156.7,31.6,8,20996
1783075557.716,43,4,3056,156.7,32.2,8,20996
1783075557.917,43,4,3056,156.7,42.3,8,20996
1783075558.118,43,4,3056,158.2,63.1,15,21008
1783075558.318,43,4,3056,158.2,33.8,8,21008
1783075558.519,40,3,3056,149.0,34.2,8,21008
1783075558.721,40,3,3056,149.0,31.9,8,21006
1783075558.922,40,3,3048,149.0,32.9,8,21006
1783075559.122,40,3,3048,142.6,31.5,8,21007
1783075559.323,40,3,3048,142.6,41.5,8,21007
1783075559.523,42,3,3048,143.6,49.5,10,21073
1783075559.724,42,3,3048,143.6,32.2,8,21073
1783075559.925,42,3,3087,143.6,35.7,8,21076
1783075560.125,42,3,3086,145.1,26.7,6,21076
1783075560.326,42,3,3086,145.1,26.9,6,21076
1783075560.527,6,0,3086,133.0,47.5,11,21075
1783075560.727,6,0,3086,133.0,29.8,7,21073
1783075560.928,6,0,3086,111.0,25.4,6,21073
1783075561.128,6,0,3086,111.0,26.4,6,21075
1783075561.330,6,0,3086,111.0,28.2,6,21075
1783075561.531,8,0,3074,97.1,40.4,10,21071
1783075561.731,8,0,3074,97.1,30.2,8,21072
1783075561.933,8,0,3049,94.2,30.2,8,21072
1783075562.134,8,0,3049,94.2,33.9,8,21085
1783075562.334,8,0,3049,94.2,31.0,8,21085
1783075562.535,11,0,3049,82.6,33.7,8,21083
1783075562.736,11,0,3049,82.6,32.3,8,21091
1783075562.936,11,0,3049,75.3,42.5,8,21106
1783075563.137,11,0,3049,75.3,45.1,11,21110
1783075563.340,11,0,3049,75.3,31.4,8,21106
1783075563.541,7,0,3049,76.8,33.7,8,21113
1783075563.742,7,0,3049,76.8,27.7,8,21112
1783075563.943,7,0,3049,75.5,26.3,8,21113
1783075564.143,7,0,3049,75.5,28.8,8,21110
1783075564.344,7,0,3049,75.5,48.4,10,21057
1783075564.545,0,0,3049,72.0,44.2,8,21083
1783075564.746,0,0,3049,72.0,31.5,8,21083
1783075564.946,0,0,3018,68.0,32.1,8,21083
1783075565.147,0,0,3018,68.0,31.3,8,21086
1783075565.348,0,0,3018,68.0,47.2,10,21088
1783075565.549,3,0,3018,68.3,34.4,8,21009
1783075565.750,3,0,3018,68.3,35.7,8,20982
1783075565.950,3,0,3018,68.0,35.2,8,20980
1783075566.151,3,0,3018,68.0,33.3,8,20981
1783075566.351,3,0,3018,68.0,30.8,8,20973
1783075566.552,0,0,3018,66.0,33.0,8,20988
1783075566.753,0,0,3018,66.0,30.7,8,20974
1783075566.953,0,0,3018,64.9,45.8,10,20966
1783075567.154,0,0,3018,64.9,42.4,8,20967
1783075567.355,0,0,3018,64.9,33.6,8,20967
1783075567.558,3,0,3018,65.6,30.2,8,20967
1783075567.758,3,0,3018,65.6,26.3,8,20965
1783075567.959,3,0,3018,68.3,26.8,8,20965
1783075568.160,3,0,3018,68.3,26.9,8,20965
1783075568.363,3,0,3018,68.3,26.3,8,20958
1783075568.564,0,0,3018,69.4,26.2,8,20965
1783075568.764,0,0,3018,69.4,26.8,8,20965
1783075568.965,0,0,3018,67.6,26.2,8,20966
1783075569.167,0,0,3018,67.6,26.5,8,20966
1783075569.368,0,0,3018,67.6,26.4,8,20966
1783075569.568,1,0,3018,65.9,26.5,8,20966
1783075569.769,1,0,3018,65.9,25.9,8,20959
1783075569.969,1,0,3018,65.9,26.7,8,20957
1783075570.170,1,0,3018,65.9,27.5,8,20958
1783075570.371,1,0,3018,65.9,26.8,8,20958
1783075570.572,0,0,3018,69.1,38.1,8,20947
1783075570.772,0,0,3018,69.1,42.1,10,20936
1783075570.973,0,0,3018,72.0,28.7,7,20923
1783075571.173,0,0,3018,72.0,24.6,5,20914
1783075571.374,0,0,3018,72.0,24.0,6,20914
1783075571.575,1,0,3018,69.9,41.2,10,20900
1783075571.776,1,0,3018,69.9,22.8,5,20898
1783075571.977,1,0,3018,68.7,28.8,8,20899
1783075572.177,1,0,3018,68.7,31.8,8,20913
1783075572.378,1,0,3018,68.7,26.2,8,20913
1783075572.580,6,0,3076,69.9,31.7,8,20913
1783075572.780,6,0,3075,69.9,27.3,6,20913
1783075572.982,6,0,3075,71.9,46.9,11,20912
1783075573.183,6,0,3085,71.9,54.0,12,20917
1783075573.384,6,0,3085,71.9,42.3,8,20916
1783075573.584,8,0,3085,72.4,32.8,8,20916
1783075573.785,8,0,3085,72.4,25.6,6,20916
1783075573.985,8,0,3067,69.3,26.9,6,20898
1783075574.186,8,0,3067,69.3,28.7,8,20919
1783075574.387,8,0,3067,69.3,31.0,8,20914
1783075574.587,6,0,3065,66.8,57.7,13,20897
1783075574.788,6,0,3065,66.8,35.8,8,20932
1783075574.989,6,0,3065,66.0,34.6,8,20947
1783075575.191,6,0,3065,66.0,33.2,8,20970
1783075575.392,6,0,3065,66.0,34.9,8,20964
1783075575.594,6,0,3064,66.1,31.5,8,20964
1783075575.794,6,0,3064,66.1,32.7,8,20956
1783075575.995,6,0,3064,66.2,51.8,13,20959
1783075576.196,6,0,3064,66.2,31.5,8,20954
1783075576.396,6,0,3064,66.2,34.1,8,20954
1783075576.597,9,0,3064,67.4,26.7,7,20955
1783075576.799,9,0,2985,67.4,27.8,8,20833
1783075576.999,9,0,2827,68.3,28.5,8,20548
1783075577.200,9,0,2827,68.3,27.7,8,20548
1783075577.402,9,0,2840,68.3,47.5,10,20553
1783075577.603,22,1,2846,65.5,49.3,11,20552
1783075577.803,22,1,2821,65.5,33.3,8,20551
1783075578.004,22,1,2799,56.5,33.3,8,20542
1783075578.205,22,1,2799,56.5,35.6,8,20518
1783075578.406,22,1,2790,56.5,47.4,11,20508
1783075578.606,13,5,2790,52.5,37.8,8,20509
1783075578.807,13,5,2790,52.5,32.3,8,20502
1783075579.009,13,5,2790,46.8,33.8,8,20502
1783075579.209,13,5,2827,46.8,39.2,8,20499
1783075579.410,13,5,2827,46.8,33.5,8,20515
1783075579.611,17,4,2827,48.8,49.6,11,20515
1783075579.811,17,4,2827,48.8,65.2,17,20500
1783075580.012,17,4,2827,42.2,48.3,8,20496
1783075580.213,17,4,2827,42.2,38.1,8,20498
1783075580.414,17,4,2827,42.2,35.5,8,20502
1783075580.617,6,13,2822,35.7,37.7,8,20510
1783075580.817,6,13,2822,35.7,31.3,8,20501
1783075581.018,6,13,2822,40.5,31.6,8,20501
1783075581.218,6,13,2822,40.5,57.5,12,20502
1783075581.419,6,13,2822,40.5,32.6,8,20498
1783075581.619,13,7,2472,38.8,42.6,9,19986
1783075581.820,13,7,2402,38.8,36.9,8,19203
1783075582.022,13,7,2402,48.1,41.3,9,19184
1783075582.222,13,7,2402,48.1,66.2,15,19187
1783075582.423,13,7,2402,48.1,52.1,9,19195
1783075582.623,5,0,2402,70.5,38.5,8,19195
1783075582.824,5,0,2402,70.5,35.6,8,19187
1783075583.026,5,0,2402,78.6,34.7,8,19190
1783075583.227,5,0,2402,78.6,28.2,8,19186
1783075583.430,2,0,2402,77.8,23.2,6,19171
1783075583.630,2,0,2402,77.8,42.8,10,19174
1783075583.831,2,0,2402,77.8,37.9,8,19152
1783075584.032,2,0,2402,70.5,29.1,8,19153
1783075584.232,2,0,2407,70.5,28.3,8,19142
1783075584.433,3,0,2405,53.7,30.6,7,19145
1783075584.635,3,0,2406,53.7,37.8,8,19146
1783075584.836,3,0,2406,53.7,69.1,18,19147
1783075585.036,3,0,2406,44.7,38.8,8,19147
1783075585.237,3,0,2406,44.7,34.5,8,19147
1783075585.438,37,4,2410,41.1,31.0,8,19132
1783075585.638,37,4,2342,41.1,25.6,6,19132
1783075585.840,37,4,2341,41.1,33.0,7,19146
1783075586.041,37,4,2341,39.8,50.0,10,19172
1783075586.242,37,4,2341,39.8,58.9,14,19175
1783075586.442,0,1,2354,42.1,50.8,11,19175
1783075586.643,0,1,2354,42.1,56.8,12,19175
1783075586.844,0,1,2354,42.1,62.8,17,19182
1783075587.045,0,1,2354,48.2,45.8,8,19201
1783075587.246,0,1,2354,48.2,36.3,8,19196
1783075587.447,5,0,2354,54.9,37.9,8,19209
1783075587.647,5,0,2354,54.9,34.0,8,19222
1783075587.848,5,0,2354,54.9,46.6,9,19231
1783075588.049,5,0,2354,53.5,47.5,8,19271
1783075588.249,5,0,2354,53.5,43.0,8,19290
1783075588.450,8,0,2354,51.0,35.0,8,19286
1783075588.651,8,0,2354,51.0,30.6,8,19295
1783075588.852,8,0,2354,51.0,37.5,8,19291
1783075589.052,8,0,2354,39.8,51.8,11,19304
1783075589.253,8,0,2354,39.8,32.3,8,19303
1783075589.454,6,0,2354,28.8,32.2,8,19296
1783075589.654,6,0,2354,28.8,30.6,8,19303
1783075589.855,6,0,2354,28.8,33.6,8,19305
1783075590.056,6,0,2354,25.4,30.9,8,19299
1783075590.260,6,0,2354,25.4,50.0,11,19319
1783075590.461,7,0,2354,26.4,41.5,8,19322
1783075590.661,7,0,2354,26.4,32.9,8,19330
1783075590.862,7,0,2354,26.4,33.8,8,19314
1783075591.063,7,0,2354,27.7,34.6,8,19322
1783075591.263,7,0,2354,27.7,49.3,10,19316
1783075591.464,7,1,2354,26.3,38.7,8,19327
1783075591.664,7,1,2354,26.3,32.9,8,19336
1783075591.865,7,1,2354,26.3,30.0,8,19353
1783075592.066,7,1,2354,20.9,33.0,8,19360
1783075592.266,7,1,2354,20.9,26.0,6,19360
1783075592.467,5,1,2354,22.7,26.1,6,19360
1783075592.668,5,1,2354,22.7,26.6,8,19360
1783075592.871,5,1,2354,22.7,26.8,8,19361
1783075593.072,5,1,2354,23.3,26.2,8,19359
1783075593.272,5,1,2354,23.3,26.1,8,19359
1783075593.473,13,1,2354,21.0,25.6,7,19358
1783075593.676,13,1,2354,21.0,26.3,7,19358
1783075593.876,13,1,2354,21.0,25.6,6,19358
1783075594.077,13,1,2354,18.6,26.1,7,19358
1783075594.277,13,1,2354,18.6,25.6,6,19358
1783075594.478,8,1,2354,21.1,26.0,8,19358
1783075594.679,8,1,2354,21.1,25.9,7,19359
1783075594.879,8,1,2354,21.1,24.5,6,19353
1783075595.080,8,1,2354,23.4,24.2,7,19350
1783075595.280,8,1,2354,23.4,24.3,6,19350
1783075595.481,5,1,2354,23.3,22.4,5,19351
1783075595.681,5,1,2354,23.3,19.9,5,19351
1783075595.882,5,1,2354,23.3,19.8,5,19347
1783075596.082,5,1,2354,22.4,19.7,5,19347
1783075596.283,5,1,2354,22.4,21.4,5,19347
1783075596.485,5,4,2354,21.5,21.6,5,19347
1783075596.685,5,4,2354,21.5,21.3,5,19348
1783075596.886,5,4,2354,21.5,21.5,5,19345
1783075597.086,5,4,2354,21.1,21.5,5,19344
1783075597.287,5,4,2354,21.1,21.5,5,19344
1783075597.487,6,1,2353,19.1,22.0,5,19344
1783075597.688,6,1,2353,19.1,21.5,5,19337
1783075597.888,6,1,2353,19.1,33.3,8,19336
1783075598.089,6,1,2353,15.3,34.0,8,19337
1783075598.289,6,1,2353,15.3,34.2,8,19337
1783075598.489,0,0,2353,16.1,33.7,8,19338
1783075598.690,0,0,2353,16.1,34.8,8,19256
1783075598.891,0,0,2353,16.1,47.7,12,19259
1783075599.093,0,0,2353,35.3,50.2,12,19258
1783075599.293,0,0,2353,35.3,48.9,12,19258
1783075599.494,44,3,2353,77.2,48.4,12,19257
1783075599.697,44,3,2353,77.2,48.5,12,19257
1783075599.897,44,3,2353,77.2,47.9,12,19253
1783075600.098,44,3,2353,109.4,49.8,12,19254
1783075600.299,44,3,2353,109.4,48.8,12,19251
1783075600.500,44,3,2365,110.4,48.6,12,19252
1783075600.700,44,3,2365,110.4,53.3,13,19244
1783075600.902,44,3,2365,110.4,56.1,14,19243
1783075601.103,44,3,2365,108.6,87.1,23,19243
1783075601.304,44,3,2365,108.6,62.0,14,19244
1783075601.505,46,3,2365,107.1,55.5,14,19244
1783075601.707,46,3,2365,107.1,53.3,13,19251
1783075601.908,46,3,2365,107.1,54.1,13,19244
1783075602.108,46,3,2365,109.3,52.1,13,19238
1783075602.310,46,3,2365,109.3,51.5,13,19238
1783075602.511,45,3,2365,110.7,48.5,12,19238
1783075602.712,45,3,2365,110.7,56.1,13,19238
1783075602.913,45,3,2365,110.7,63.7,14,19230
1783075603.117,45,3,2365,109.0,55.8,12,19230
1783075603.318,45,3,2365,109.0,57.8,12,19230
1783075603.519,41,2,2365,106.9,71.1,17,19230
1783075603.719,41,2,2365,106.9,59.2,12,19226
1783075603.920,41,2,2365,106.9,52.5,12,19224
1783075604.124,41,2,2365,105.8,55.0,12,19224
1783075604.325,41,2,2365,105.8,55.5,12,19225
1783075604.525,45,3,2365,107.4,53.8,12,19225
1783075604.726,45,3,2365,107.4,51.7,12,19225
1783075604.927,45,3,2365,107.4,48.7,12,19220
1783075605.127,45,3,2365,109.0,48.5,12,19221
1783075605.328,45,3,2365,109.0,48.8,12,19221
1783075605.528,43,3,2365,108.0,48.3,12,19221
1783075605.732,43,3,2365,108.0,49.5,12,19218
1783075605.933,43,3,2365,108.6,50.8,12,19218
1783075606.133,43,3,2365,108.6,50.0,12,19218
1783075606.334,43,3,2365,108.6,49.3,12,19218
1783075606.535,46,3,2365,109.8,49.3,12,19218
1783075606.738,46,3,2365,109.8,48.3,12,19214
1783075606.938,46,3,2365,110.8,49.6,12,19214
1783075607.139,46,3,2365,110.8,48.9,12,19215
1783075607.343,46,3,2365,110.8,49.3,12,19215
1783075607.543,47,3,2365,110.5,45.8,11,19215
1783075607.744,47,3,2365,110.5,45.4,11,19213
1783075607.945,47,3,2365,103.8,41.1,10,19213
1783075608.145,47,3,2365,103.8,38.7,9,19212
1783075608.346,47,3,2365,103.8,38.1,9,19212
1783075608.547,5,0,2365,83.1,38.1,9,19212
1783075608.747,5,0,2365,83.1,37.9,9,19210
1783075608.948,5,0,2365,68.2,38.1,9,19210
1783075609.149,5,0,2365,68.2,38.3,9,19212
1783075609.349,5,0,2365,68.2,37.9,9,19212
1783075609.550,5,0,2365,66.5,37.7,9,19212
1783075609.751,5,0,2365,66.5,38.5,9,19211
1783075609.952,5,0,2365,63.7,37.7,9,19210
1783075610.152,5,0,2365,63.7,38.9,9,19210
1783075610.353,5,0,2365,63.7,38.3,9,19211
1783075610.554,13,0,2365,62.4,38.1,9,19212
1783075610.754,13,0,2365,62.4,46.1,12,19220
1783075610.955,13,0,2365,76.1,49.1,12,19220
1783075611.156,13,0,2365,76.1,48.7,12,19219
1783075611.356,13,0,2365,76.1,48.7,12,19220
1783075611.557,44,3,2365,98.7,48.5,12,19219
1783075611.758,44,3,2365,98.7,49.3,12,19218
1783075611.958,44,3,2365,109.1,47.9,12,19218
1783075612.159,44,3,2365,109.1,49.8,12,19218
1783075612.360,44,3,2365,109.1,48.3,12,19219
1783075612.560,46,3,2365,110.0,48.4,12,19219
1783075612.761,46,3,2365,110.0,48.3,12,19217
1783075612.962,46,3,2365,108.2,48.2,12,19217
1783075613.163,46,3,2365,108.2,49.2,12,19217
1783075613.363,46,3,2365,108.2,49.2,12,19218
1783075613.564,53,3,2365,108.0,48.0,12,19218
1783075613.765,53,3,2365,108.0,48.7,12,19218
1783075613.966,53,3,2365,108.4,48.9,12,19218
1783075614.166,53,3,2365,108.4,49.1,12,19217
1783075614.367,53,3,2365,108.4,49.2,12,19218
1783075614.568,51,3,2365,108.4,66.8,17,19218
1783075614.769,51,3,2365,108.4,53.3,12,19218
1783075614.971,51,3,2365,107.8,48.9,12,19218
1783075615.172,51,3,2365,107.8,48.4,12,19218
1783075615.372,51,3,2365,107.8,49.5,12,19218
1783075615.573,45,3,2365,107.0,48.5,12,19218
1783075615.774,45,3,2365,107.0,48.6,12,19218
1783075615.975,45,3,2365,107.4,48.0,12,19218
1783075616.176,45,3,2365,107.4,48.7,12,19219
1783075616.376,45,3,2365,107.4,49.3,12,19219
1783075616.577,45,3,2365,107.9,48.5,12,19219
1783075616.778,45,3,2365,107.9,48.8,12,19219
1783075616.979,45,3,2365,108.8,48.5,12,19219
1783075617.182,45,3,2365,108.8,48.4,12,19219
1783075617.383,45,3,2365,108.8,51.6,13,19220
1783075617.584,44,3,2365,108.4,68.6,18,19220
1783075617.787,44,3,2365,108.4,60.5,14,19220
1783075617.988,44,3,2365,107.0,54.3,14,19220
1783075618.188,44,3,2365,107.0,52.2,12,19220
1783075618.389,44,3,2365,107.0,52.6,13,19220
1783075618.590,45,3,2365,105.4,52.7,13,19219
1783075618.790,45,3,2365,105.4,52.9,13,19222
1783075618.991,45,3,2365,104.8,47.7,12,19220
1783075619.192,45,3,2365,104.8,57.1,12,19219
1783075619.395,45,3,2365,104.8,74.0,17,19219
1783075619.596,28,2,2365,104.0,73.7,19,19219
1783075619.796,28,2,2365,104.0,50.9,11,19217
1783075619.997,28,2,2365,101.0,50.0,10,19214
1783075620.198,28,2,2365,101.0,43.7,9,19213
1783075620.398,28,2,2365,101.0,46.1,9,19213
1783075620.599,5,0,2365,84.5,43.2,10,19214
1783075620.799,5,0,2365,84.5,56.3,12,19213
1783075621.000,5,0,2365,67.3,54.6,11,19213
1783075621.201,5,0,2365,67.3,43.1,9,19213
1783075621.401,5,0,2365,67.3,37.9,9,19213
1783075621.602,5,0,2365,66.7,38.3,9,19213
1783075621.803,5,0,2365,66.7,38.3,9,19213
1783075622.003,5,0,2365,63.6,38.1,9,19212
1783075622.204,5,0,2365,63.6,38.5,9,19212
1783075622.405,5,0,2365,63.6,38.1,9,19211
1783075622.605,5,0,2365,61.5,46.1,8,19199
1783075622.806,5,0,2365,61.5,48.9,12,19199
1783075623.007,5,0,2365,81.9,48.6,12,19200
1783075623.208,5,0,2365,81.9,49.1,12,19200
1783075623.408,5,0,2365,81.9,48.0,12,19200
1783075623.609,44,3,2365,105.3,48.9,12,19200
1783075623.810,44,3,2365,105.3,48.9,12,19201
1783075624.010,44,3,2365,109.4,47.8,12,19201
1783075624.211,44,3,2365,109.4,48.5,12,19200
1783075624.412,44,3,2365,109.4,49.1,12,19200
1783075624.612,53,3,2365,109.8,48.4,12,19200
1783075624.813,53,3,2365,109.8,49.3,12,19200
1783075625.014,53,3,2365,111.3,49.5,12,19200
1783075625.214,53,3,2365,111.3,50.0,12,19200
1783075625.415,53,3,2365,111.3,49.1,12,19201
1783075625.616,50,3,2365,114.7,48.9,12,19200
1783075625.816,50,3,2365,114.7,49.5,12,19201
1783075626.017,50,3,2365,115.0,49.7,12,19201
1783075626.218,50,3,2365,115.0,49.1,12,19201
1783075626.419,50,3,2365,115.0,48.6,12,19201
1783075626.619,51,3,2365,112.7,49.6,12,19201
1783075626.820,51,3,2365,112.7,48.2,12,19201
1783075627.021,51,3,2365,110.5,48.8,12,19201
1783075627.222,51,3,2365,110.5,48.8,12,19201
1783075627.423,51,3,2365,110.5,49.0,12,19201
1783075627.623,44,3,2365,109.0,47.6,12,19201
1783075627.824,44,3,2365,109.0,48.7,12,19201
1783075628.025,44,3,2365,108.0,49.2,12,19201
1783075628.225,44,3,2365,108.0,48.5,12,19202
1783075628.426,44,3,2365,108.0,48.5,12,19202
1783075628.627,45,3,2365,108.6,49.0,12,19202
1783075628.828,45,3,2365,108.6,48.2,12,19202
1783075629.028,45,3,2365,108.5,48.7,12,19202
1783075629.229,45,3,2365,108.5,48.2,12,19203
1783075629.429,45,3,2365,108.5,48.5,12,19202
1783075629.630,46,3,2365,107.5,48.5,12,19202
1783075629.831,46,3,2365,107.5,48.9,12,19202
1783075630.031,46,3,2365,108.2,49.6,12,19202
1783075630.232,46,3,2365,108.2,48.7,12,19202
1783075630.433,46,3,2365,109.4,49.2,12,19202
1783075630.633,46,3,2365,109.4,50.6,12,19203
1783075630.834,46,3,2365,109.4,48.2,12,19203
1783075631.035,46,3,2365,111.7,47.1,11,19202
1783075631.235,46,3,2365,111.7,45.2,11,19202
1783075631.436,24,1,2365,103.5,39.2,9,19204
1783075631.637,24,1,2365,103.5,38.9,9,19204
1783075631.837,24,1,2365,103.5,37.7,9,19204
1783075632.038,24,1,2365,78.9,37.9,9,19204
1783075632.239,24,1,2365,78.9,38.5,9,19204
1783075632.439,5,0,2365,65.4,38.7,9,19203
1783075632.640,5,0,2365,65.4,37.9,9,19203
1783075632.840,5,0,2365,65.4,38.3,9,19204
1783075633.041,5,0,2365,63.4,37.7,9,19204
1783075633.242,5,0,2365,63.4,38.3,9,19204
1783075633.443,8,0,2365,63.3,38.3,9,19203
1783075633.643,8,0,2365,63.3,38.3,9,19203
1783075633.844,8,0,2365,63.3,40.2,10,19204
1783075634.045,8,0,2365,62.8,60.0,15,19204
1783075634.245,8,0,2365,62.8,54.4,10,19181
1783075634.446,5,0,2365,63.1,52.5,14,19188
1783075634.646,5,0,2365,63.1,49.8,13,19189
1783075634.847,5,0,2365,63.1,49.8,13,19194
1783075635.048,5,0,2365,63.1,49.9,13,19202
1783075635.248,5,0,2365,63.1,49.8,13,19201
1783075635.449,5,0,2365,62.5,44.8,12,19208
1783075635.650,5,0,2365,62.5,50.9,13,19208
1783075635.850,5,0,2365,62.5,69.4,18,19219
1783075636.051,5,0,2365,62.5,65.2,16,19218
1783075636.252,5,0,2365,62.5,54.3,12,19219
1783075636.452,7,0,2365,62.1,50.0,12,19220
1783075636.653,7,0,2365,62.1,50.3,12,19220
1783075636.853,7,0,2365,62.1,52.3,10,19221
1783075637.054,7,0,2365,61.7,51.0,12,19214
1783075637.255,7,0,2365,61.7,53.2,12,19216
1783075637.455,5,0,2365,61.6,70.2,17,19217
1783075637.656,5,0,2365,61.6,54.7,12,19221
1783075637.857,5,0,2365,61.6,51.9,12,19225
1783075638.057,5,0,2365,61.7,45.3,12,19226
1783075638.258,5,0,2365,61.7,46.6,12,19225
1783075638.459,6,0,2365,62.3,45.3,12,19225
1783075638.659,6,0,2365,62.3,45.2,12,19225
1783075638.860,6,0,2365,62.3,45.4,12,19225
1783075639.060,6,0,2365,62.5,44.6,11,19225
1783075639.261,6,0,2365,62.5,46.8,12,19230
1783075639.462,5,0,2365,62.3,45.1,12,19229
1783075639.662,5,0,2365,62.3,44.5,12,19230
1783075639.863,5,0,2365,62.3,45.5,12,19230
1783075640.064,5,0,2365,62.5,45.0,12,19230
1783075640.264,5,0,2365,62.5,45.5,12,19231
1783075640.465,6,0,2365,62.6,44.9,12,19231
1783075640.665,6,0,2365,62.6,45.0,12,19232
1783075640.866,6,0,2365,62.6,44.6,12,19241
1783075641.067,6,0,2365,62.8,45.1,12,19241
1783075641.267,6,0,2365,62.8,45.7,12,19243
1783075641.468,12,0,2365,62.4,45.6,12,19242
1783075641.669,12,0,2365,62.4,45.3,12,19242
1783075641.869,12,0,2365,62.4,46.0,12,19243
1783075642.070,12,0,2365,61.7,45.8,12,19242
1783075642.271,12,0,2365,61.7,45.6,12,19243
1783075642.471,7,0,2365,61.2,45.7,12,19242
1783075642.672,7,0,2365,61.2,44.6,12,19240
1783075642.872,7,0,2365,61.2,44.9,12,19239
1783075643.073,7,0,2365,61.0,45.6,12,19239
1783075643.274,7,0,2365,61.0,45.6,12,19239
1783075643.474,5,0,2365,61.1,42.7,11,19250
1783075643.675,5,0,2365,61.1,40.0,10,19250
1783075643.876,5,0,2365,61.1,38.3,9,19251
1783075644.076,5,0,2365,61.5,38.6,9,19251
1783075644.277,5,0,2365,61.5,37.9,9,19248
1783075644.478,14,0,2353,62.0,55.8,12,19279
1783075644.679,14,0,2353,62.0,39.3,9,19280
1783075644.880,14,0,2353,62.0,38.1,9,19279
1783075645.080,14,0,2353,61.8,38.1,9,19279
1783075645.281,14,0,2353,61.8,37.9,9,19279
1783075645.482,7,0,2353,61.4,38.1,9,19278
1783075645.683,7,0,2353,61.4,37.9,9,19279
1783075645.883,7,0,2353,61.4,38.5,9,19278
1783075646.084,7,0,2353,62.1,41.1,9,19276
1783075646.285,7,0,2353,62.1,38.3,9,19278
1783075646.485,5,0,2353,62.7,46.0,12,19317
1783075646.686,5,0,2353,62.7,45.0,12,19319
1783075646.886,5,0,2353,62.7,45.3,12,19313
1783075647.087,5,0,2353,62.9,45.4,12,19314
1783075647.288,5,0,2353,62.9,45.1,12,19314
1783075647.488,5,0,2353,63.3,46.3,12,19321
1783075647.689,5,0,2353,63.3,47.8,13,19321
1783075647.889,5,0,2353,63.3,48.2,13,19323
1783075648.090,5,0,2353,63.3,47.2,12,19330
1783075648.291,5,0,2353,63.3,45.6,12,19337
1783075648.491,7,0,2353,53.6,45.0,12,19344
1783075648.692,7,0,2353,53.6,45.4,12,19344
1783075648.892,7,0,2353,53.6,45.6,12,19345
1783075649.093,7,0,2353,36.3,45.6,12,19345
1783075649.294,7,0,2353,36.3,44.8,12,19345
1783075649.494,0,0,2353,25.7,46.0,12,19344
1783075649.695,0,0,2353,25.7,45.8,12,19344
1783075649.895,0,0,2353,25.7,45.1,12,19342
1783075650.096,0,0,2353,23.5,44.9,12,19347
1783075650.297,0,0,2353,23.5,47.2,12,19347
1783075650.497,6,1,2353,26.0,62.2,17,19347
1783075650.699,6,1,2353,26.0,77.7,20,19348
1783075650.900,6,1,2353,26.0,59.6,13,19363
1783075651.100,6,1,2353,26.4,50.6,13,19363
1783075651.301,6,1,2353,26.4,48.9,13,19363
1783075651.501,6,1,2353,25.7,49.6,13,19363
1783075651.702,6,1,2353,25.7,49.3,13,19363
1783075651.902,6,1,2353,25.7,47.2,12,19366
1783075652.103,6,1,2353,23.8,47.5,12,19364
1783075652.304,6,1,2353,23.8,53.0,12,19369
1783075652.504,0,0,2353,21.6,57.4,13,19377
1783075652.706,0,0,2353,21.6,52.2,12,19379
1783075652.907,0,0,2353,21.6,52.6,12,19377
1783075653.107,0,0,2353,17.4,50.5,12,19375
1783075653.308,0,0,2353,17.4,55.6,12,19378
1783075653.509,7,2,2353,15.8,68.8,17,19376
1783075653.709,7,2,2353,15.8,50.7,12,19377
1783075653.910,7,2,2353,15.8,52.0,12,19371
1783075654.110,7,2,2353,15.6,50.5,12,19374
1783075654.311,7,2,2353,15.6,50.0,12,19371
1783075654.511,0,4,2353,15.5,44.4,12,19374
1783075654.712,0,4,2353,15.5,45.4,12,19374
1783075654.913,0,4,2353,15.5,44.6,12,19370
1783075655.113,0,4,2353,16.4,44.1,12,19376
1783075655.314,0,4,2353,16.4,45.5,12,19368
1783075655.515,6,1,2353,18.0,42.4,11,19373
1783075655.715,6,1,2353,18.0,40.3,10,19369
1783075655.918,6,1,2353,18.0,42.1,10,19366
1783075656.119,6,1,2353,19.2,42.8,10,19369
1783075656.319,6,1,2353,19.2,39.5,10,19371
1783075656.520,6,4,2353,19.1,37.9,9,19371
1783075656.721,6,4,2353,19.1,36.4,9,19369
1783075656.921,6,4,2353,19.1,36.4,9,19370
1783075657.122,6,4,2353,15.3,38.5,9,19365
1783075657.323,6,4,2353,15.3,38.3,9,19364
1783075657.524,5,1,2353,13.6,38.5,9,19366
1783075657.724,5,1,2353,13.6,38.1,9,19365
1783075657.925,5,1,2353,13.6,37.5,9,19365
1783075658.126,5,1,2353,14.1,39.1,9,19365
1783075658.326,5,1,2353,14.1,38.3,9,19345
1783075658.527,7,1,2353,17.2,37.7,9,19344
1783075658.728,7,1,2353,17.2,39.1,9,19344
1783075658.929,7,1,2353,17.2,38.7,9,19343
1783075659.129,7,1,2353,17.0,38.5,9,19302
1783075659.330,7,1,2353,17.0,45.8,12,19298
1783075659.531,5,1,2353,15.0,46.0,12,19310
1783075659.731,5,1,2353,15.0,45.7,12,19313
1783075659.932,5,1,2353,15.0,45.8,12,19316
1783075660.133,5,1,2353,13.8,45.0,12,19316
1783075660.333,5,1,2353,13.8,44.9,12,19320
1783075660.534,5,1,2353,13.3,45.7,12,19325
1783075660.735,5,1,2353,13.3,45.9,12,19324
1783075660.936,5,1,2353,14.3,47.0,12,19334
1783075661.136,5,1,2353,14.3,45.2,12,19330
1783075661.337,5,1,2353,14.3,46.6,12,19330
1783075661.537,13,1,2353,15.6,45.0,12,19338
1783075661.738,13,1,2353,15.6,45.7,12,19337
1783075661.940,13,1,2353,15.4,45.0,12,19336
1783075662.141,13,1,2353,15.4,45.2,12,19336
1783075662.341,13,1,2353,15.4,45.6,12,19336
1783075662.542,5,1,2353,16.3,44.8,12,19356
1783075662.742,5,1,2353,16.3,45.9,12,19355
1783075662.943,5,1,2353,19.2,44.8,12,19356
1783075663.143,5,1,2353,19.2,45.8,12,19356
1783075663.344,5,1,2353,19.2,44.9,12,19356
1783075663.545,0,0,2353,17.7,45.3,12,19355
1783075663.745,0,0,2353,17.7,45.8,12,19347
1783075663.946,0,0,2353,16.1,44.8,12,19347
1783075664.147,0,0,2353,16.1,46.3,12,19348
1783075664.348,0,0,2353,16.1,45.4,12,19348
1783075664.548,5,1,2353,17.5,45.4,12,19347
1783075664.749,5,1,2353,17.5,45.1,11,19347
1783075664.950,5,1,2353,17.5,44.7,12,19347
1783075665.150,5,1,2353,17.5,45.5,12,19351
1783075665.351,5,1,2353,17.5,45.8,12,19351
1783075665.552,14,1,2353,17.0,44.7,12,19351
1783075665.753,14,1,2353,17.0,45.6,12,19342
1783075665.953,14,1,2353,15.2,45.3,12,19346
1783075666.154,14,1,2353,15.2,45.3,12,19346
1783075666.355,14,1,2353,15.2,45.6,12,19346
1783075666.556,12,1,2353,15.2,45.9,12,19346
1783075666.756,12,1,2353,15.2,45.2,12,19345
1783075666.957,12,1,2353,14.1,54.2,13,19345
1783075667.158,12,1,2353,14.1,72.2,18,19345
1783075667.358,12,1,2353,14.1,69.5,18,19346
1783075667.559,13,1,2353,15.1,51.8,14,19345
1783075667.760,13,1,2353,15.1,49.0,12,19347
1783075667.962,13,1,2353,13.2,48.8,13,19347
1783075668.163,13,1,2353,13.2,47.9,12,19347
1783075668.363,13,1,2353,13.2,43.5,11,19347
1783075668.564,8,1,2353,12.8,37.9,9,19348
1783075668.764,8,1,2353,12.8,47.9,10,19348
1783075668.965,8,1,2353,13.5,49.8,10,19347
1783075669.166,8,1,2353,13.5,46.9,10,19347
1783075669.366,8,1,2353,13.5,43.9,9,19346
1783075669.567,10,1,2353,16.7,43.5,9,19346
1783075669.768,10,1,2353,16.7,56.8,14,19345
1783075669.968,10,1,2353,17.6,52.8,9,19345
1783075670.169,10,1,2353,17.6,46.0,9,19346
1783075670.370,10,1,2353,17.6,43.5,9,19346
1783075670.571,5,2,2353,15.8,43.3,9,19345
1783075670.771,5,2,2353,15.8,44.5,9,19343
1783075670.972,5,2,2353,12.9,37.9,9,19343
1783075671.173,5,2,2353,12.9,53.1,12,19341
1783075671.373,5,2,2353,12.9,67.5,16,19341
1783075671.574,12,1,2353,15.4,67.1,16,19340
1783075671.775,12,1,2353,15.4,67.1,16,19337
1783075671.975,12,1,2353,16.5,67.3,16,19337
1783075672.176,12,1,2353,16.5,73.9,16,19281
1783075672.377,12,1,2353,16.5,82.2,20,19282
1783075672.578,53,3,2353,44.6,82.5,20,19282
1783075672.778,53,3,2353,44.6,82.5,20,19280
1783075672.979,53,3,2353,90.2,82.1,20,19280
1783075673.180,53,3,2353,90.2,83.5,20,19279
1783075673.380,53,3,2353,90.2,82.7,20,19279
1783075673.581,52,3,2353,107.8,82.2,20,19279
1783075673.782,52,3,2353,107.8,82.4,20,19277
1783075673.982,52,3,2353,107.2,82.1,20,19277
1783075674.183,52,3,2353,107.2,82.2,20,19277
1783075674.384,52,3,2353,107.2,81.9,20,19277
1783075674.584,51,3,2353,105.2,82.6,20,19277
1783075674.785,51,3,2353,105.2,81.8,20,19284
1783075674.986,51,3,2353,105.6,82.3,20,19284
1783075675.186,51,3,2353,105.6,82.9,20,19284
1783075675.387,51,3,2353,105.6,83.6,20,19284
1783075675.588,56,3,2353,107.1,82.0,20,19284
1783075675.788,56,3,2353,107.1,82.1,20,19282
1783075675.989,56,3,2353,106.6,82.2,20,19281
1783075676.190,56,3,2353,106.6,82.3,20,19281
1783075676.390,56,3,2353,106.6,82.1,20,19282
1783075676.591,47,3,2353,105.4,81.9,20,19282
1783075676.792,47,3,2353,105.4,82.9,20,19278
1783075676.992,47,3,2353,105.8,82.2,20,19279
1783075677.193,47,3,2353,105.8,82.3,20,19279
1783075677.393,47,3,2353,105.8,82.6,20,19279
1783075677.594,50,3,2353,106.1,82.3,20,19279
1783075677.795,50,3,2353,106.1,82.4,20,19277
1783075677.996,50,3,2353,106.5,82.3,20,19278
1783075678.196,50,3,2353,106.5,82.3,20,19278
1783075678.397,50,3,2353,106.5,83.1,20,19279
1783075678.598,52,3,2353,106.7,82.2,20,19279
1783075678.798,52,3,2353,106.7,81.9,20,19278
1783075678.999,52,3,2353,106.7,82.8,20,19278
1783075679.200,52,3,2353,106.7,82.5,20,19278
1783075679.400,52,3,2353,106.7,82.9,20,19278
1783075679.601,52,3,2353,107.0,83.9,20,19278
1783075679.802,52,3,2353,107.0,82.3,20,19279
1783075680.002,52,3,2353,108.6,82.7,20,19279
1783075680.203,52,3,2351,108.6,82.6,20,19279
1783075680.404,52,3,2351,108.6,82.5,20,19281
1783075680.604,52,3,2351,107.9,81.0,20,19282
1783075680.805,52,3,2351,107.9,78.1,19,19281
1783075681.006,52,3,2351,101.5,71.6,17,19281
1783075681.207,52,3,2351,101.5,71.4,17,19281
1783075681.408,52,3,2351,101.5,72.1,17,19283
1783075681.609,12,0,2351,83.7,71.5,17,19285
1783075681.809,12,0,2351,83.7,71.2,17,19284
1783075682.010,12,0,2351,65.9,71.2,17,19278
1783075682.211,12,0,2351,65.9,71.8,17,19278
1783075682.411,12,0,2351,65.9,71.6,17,19278
1783075682.612,11,0,2351,64.2,71.2,17,19278
1783075682.813,11,0,2351,64.2,71.2,17,19278
1783075683.013,11,0,2351,61.6,71.2,17,19278
1783075683.214,11,0,2351,61.6,71.2,17,19278
1783075683.414,11,0,2351,61.6,74.6,18,19280
1783075683.615,12,0,2351,59.5,92.2,23,19280
1783075683.817,12,0,2351,59.5,97.1,24,19280
1783075684.018,12,0,2351,61.8,95.6,24,19283
1783075684.218,12,0,2351,61.8,87.5,21,19283
1783075684.420,12,0,2351,61.8,87.3,21,19283
1783075684.621,50,3,2351,86.2,86.4,21,19282
1783075684.822,50,3,2351,86.2,85.8,21,19282
1783075685.022,50,3,2351,106.5,85.0,20,19282
1783075685.223,50,3,2351,106.5,82.9,20,19282
1783075685.424,50,3,2351,106.5,93.0,24,19282
1783075685.625,31,2,2351,104.0,91.9,23,19282
1783075685.827,31,2,2351,104.0,88.2,23,19281
1783075686.028,31,2,2351,99.2,87.5,20,19281
1783075686.228,31,2,2351,99.2,87.0,20,19281
1783075686.431,31,2,2351,99.2,87.5,20,19283
1783075686.634,49,3,2351,98.7,96.5,24,19285
1783075686.834,49,3,2351,98.7,90.8,24,19279
1783075687.035,49,3,2351,95.8,86.2,20,19283
1783075687.235,49,3,2351,95.8,85.6,19,19284
1783075687.436,46,2,2351,94.3,86.5,21,19287
1783075687.638,46,2,2351,94.3,87.8,21,19287
1783075687.839,46,2,2351,94.3,85.2,20,19287
1783075688.042,46,2,2351,99.0,82.2,20,19286
1783075688.243,46,2,2351,99.0,82.5,20,19286
1783075688.443,52,3,2351,103.4,82.9,20,19286
1783075688.644,52,3,2351,103.4,82.9,20,19286
1783075688.845,52,3,2351,103.4,82.1,20,19281
1783075689.047,52,3,2351,107.5,81.7,20,19275
1783075689.248,52,3,2351,107.5,81.6,20,19275
1783075689.448,54,3,2351,106.7,83.1,20,19275
1783075689.649,54,3,2351,106.7,82.1,20,19275
1783075689.853,54,3,2351,106.7,81.7,20,19273
1783075690.054,54,3,2351,106.3,83.2,20,19279
1783075690.254,54,3,2351,106.3,82.5,20,19279
1783075690.458,54,3,2351,107.4,82.5,20,19277
1783075690.659,54,3,2351,107.4,82.1,20,19275
1783075690.859,54,3,2351,107.4,82.0,20,19273
1783075691.060,54,3,2351,107.5,82.1,20,19273
1783075691.261,54,3,2351,107.5,82.2,20,19273
1783075691.461,51,3,2351,107.8,82.9,20,19273
1783075691.662,51,3,2351,107.8,82.0,20,19272
1783075691.863,51,3,2351,107.8,83.1,20,19273
1783075692.065,51,3,2351,108.1,82.7,20,19273
1783075692.266,51,3,2351,108.1,82.7,20,19271
1783075692.466,54,3,2351,108.4,83.1,20,19272
1783075692.670,54,3,2351,108.4,82.8,20,19272
1783075692.870,54,3,2351,108.4,82.1,20,19272
1783075693.071,54,3,2351,108.8,79.1,19,19271
1783075693.272,54,3,2351,108.8,76.3,18,19271
1783075693.472,27,0,2351,99.2,71.7,17,19271
1783075693.673,27,0,2351,99.2,71.5,17,19271
1783075693.874,27,0,2351,99.2,71.2,17,19271
1783075694.074,27,0,2351,75.5,71.2,17,19270
1783075694.275,27,0,2351,75.5,71.7,17,19270
1783075694.476,11,0,2351,63.1,71.7,17,19271
1783075694.677,11,0,2351,63.1,71.8,17,19270
1783075694.877,11,0,2351,63.1,71.2,17,19271
1783075695.078,11,0,2351,61.8,70.8,17,19270
1783075695.279,11,0,2351,61.8,71.2,17,19270
1783075695.479,14,0,2351,61.1,71.5,17,19270
1783075695.680,14,0,2351,61.1,71.2,17,19270
1783075695.881,14,0,2351,61.1,70.8,17,19270
1783075696.082,14,0,2351,59.9,71.2,17,19270
1783075696.285,14,0,2351,59.9,75.4,17,19273
1783075696.486,53,3,2351,68.5,82.7,20,19274
1783075696.686,53,3,2351,68.5,82.8,20,19274
1783075696.887,53,3,2351,68.5,82.4,20,19274
1783075697.087,53,3,2351,89.9,82.3,20,19274
1783075697.288,53,3,2351,89.9,82.7,20,19273
1783075697.489,52,3,2351,108.0,82.4,20,19274
1783075697.693,52,3,2351,108.0,82.5,20,19271
1783075697.894,52,3,2351,108.0,82.8,20,19263
1783075698.094,52,3,2351,108.8,83.1,20,19270
1783075698.295,52,3,2351,108.8,82.3,20,19270
1783075698.496,51,3,2351,108.3,82.6,20,19270
1783075698.699,51,3,2351,108.3,82.3,20,19270
1783075698.900,51,3,2351,108.3,82.1,20,19270
1783075699.100,51,3,2351,108.2,82.1,20,19270
1783075699.301,51,3,2351,108.2,82.9,20,19270
1783075699.502,49,3,2351,107.4,82.7,20,19270
1783075699.703,49,3,2351,107.4,82.9,20,19270
1783075699.904,49,3,2351,107.4,82.3,20,19270
1783075700.104,49,3,2351,107.5,86.0,21,19278
1783075700.305,49,3,2351,107.5,97.9,24,19276
1783075700.506,26,1,2351,100.8,97.3,24,19268
1783075700.707,26,1,2351,100.8,93.9,22,19268
1783075700.908,26,1,2351,100.8,90.1,22,19269
1783075701.109,26,1,2351,96.9,86.4,21,19269
1783075701.309,26,1,2351,96.9,87.1,21,19264
1783075701.510,50,3,2351,103.0,87.8,21,19264
1783075701.710,50,3,2351,103.0,84.8,20,19264
1783075701.911,50,3,2351,103.0,82.0,20,19264
1783075702.113,50,3,2351,107.9,89.9,22,19263
1783075702.314,50,3,2351,107.9,91.8,23,19260
1783075702.515,36,2,2351,102.0,88.1,22,19261
1783075702.715,36,2,2351,102.0,88.4,23,19263
1783075702.916,36,2,2351,102.0,84.8,20,19263
1783075703.116,36,2,2351,97.5,86.0,20,19263
1783075703.317,36,2,2351,97.5,93.8,24,19263
1783075703.518,27,1,2351,95.2,94.0,24,19267
1783075703.719,27,1,2351,95.2,85.6,22,19267
1783075703.920,27,1,2351,95.2,87.6,22,19267
1783075704.121,27,1,2351,95.6,85.7,22,19267
1783075704.322,27,1,2351,95.6,86.6,21,19267
1783075704.523,54,3,2351,97.5,84.1,20,19268
1783075704.723,54,3,2351,97.5,82.5,20,19269
1783075704.924,54,3,2351,97.5,81.9,20,19269
1783075705.125,54,3,2351,104.6,82.4,20,19268
1783075705.327,54,3,2351,104.6,82.0,20,19268
1783075705.528,42,3,2351,108.0,80.3,19,19268
1783075705.728,42,3,2351,108.0,78.1,19,19266
1783075705.932,42,3,2351,108.0,80.1,18,19266
1783075706.133,42,3,2351,100.3,72.1,17,19266
1783075706.333,42,3,2351,100.3,71.8,17,19266
1783075706.534,10,0,2351,78.2,71.9,17,19266
1783075706.735,10,0,2351,78.2,71.4,17,19266
1783075706.936,10,0,2351,63.5,71.3,17,19266
1783075707.136,10,0,2351,63.5,71.0,17,19266
1783075707.337,10,0,2351,63.5,71.6,17,19266
1783075707.538,10,0,2351,62.4,71.7,17,19267
1783075707.738,10,0,2351,62.4,71.3,17,19267
1783075707.939,10,0,2351,61.0,71.6,17,19267
1783075708.140,10,0,2351,61.0,71.8,17,19268
1783075708.340,10,0,2351,61.0,71.8,17,19268
1783075708.541,9,0,2351,60.3,71.3,17,19269
1783075708.742,9,0,2351,60.3,71.2,17,19269
1783075708.942,9,0,2351,60.5,77.8,18,19305
1783075709.145,9,0,2351,60.5,78.5,20,19305
1783075709.346,9,0,2351,60.5,77.9,20,19313
1783075709.546,6,0,2351,60.1,79.4,20,19308
1783075709.747,6,0,2351,60.1,78.4,20,19308
1783075709.948,6,0,2351,59.8,78.5,20,19309
1783075710.148,6,0,2351,59.8,79.4,20,19323
1783075710.349,6,0,2351,59.8,78.1,20,19332
1783075710.553,11,0,2351,59.8,79.1,20,19343
1783075710.754,11,0,2351,59.8,78.6,20,19346
1783075710.954,11,0,2351,59.8,78.4,20,19347
1783075711.158,11,0,2351,59.8,78.7,20,19347
1783075711.358,11,0,2351,59.8,79.0,20,19348
1783075711.559,11,0,2351,60.2,79.2,20,19348
1783075711.759,11,0,2351,60.2,77.7,20,19344
1783075711.960,11,0,2351,60.1,79.2,20,19340
1783075712.161,11,0,2351,60.1,78.5,20,19341
1783075712.362,11,0,2351,60.1,78.6,20,19341
1783075712.563,16,0,2351,60.2,79.0,20,19341
1783075712.763,16,0,2351,60.2,78.1,20,19353
1783075712.967,16,0,2351,60.1,79.1,20,19351
1783075713.168,16,0,2351,60.1,79.0,20,19351
1783075713.368,16,0,2351,60.1,78.5,20,19353
1783075713.571,6,0,2351,60.3,78.6,20,19357
1783075713.772,6,0,2351,60.3,79.1,20,19353
1783075713.972,6,0,2351,60.6,77.7,20,19354
1783075714.173,6,0,2351,60.6,78.6,20,19353
1783075714.375,6,0,2351,60.6,79.4,20,19363
1783075714.577,6,0,2351,61.0,78.7,20,19360
1783075714.778,6,0,2351,61.0,78.2,20,19361
1783075714.978,6,0,2351,61.0,78.6,20,19363
1783075715.179,6,0,2351,61.0,78.5,20,19363
1783075715.380,6,0,2351,61.0,79.1,20,19363
1783075715.580,6,0,2351,60.8,78.6,20,19361
1783075715.783,6,0,2351,60.8,79.5,20,19362
1783075715.984,6,0,2351,60.5,79.0,20,19362
1783075716.184,6,0,2351,60.5,79.1,20,19361
1783075716.385,6,0,2351,60.5,78.7,20,19362
1783075716.586,11,0,2351,60.9,78.7,20,19362
1783075716.786,11,0,2351,60.9,82.5,21,19363
1783075716.991,11,0,2351,61.1,97.9,24,19371
1783075717.191,11,0,2351,61.1,98.2,24,19378
1783075717.392,11,0,2351,61.1,94.3,24,19381
1783075717.593,11,0,2351,61.0,82.8,21,19385
1783075717.793,11,0,2351,61.0,81.7,21,19385
1783075717.994,11,0,2351,60.6,83.5,21,19385
1783075718.195,11,0,2351,60.6,82.7,21,19385
1783075718.396,11,0,2351,60.6,81.7,21,19387
1783075718.598,14,0,2351,60.9,75.6,19,19386
1783075718.799,14,0,2351,60.9,83.1,20,19381
1783075719.000,14,0,2351,60.9,83.3,19,19365
1783075719.201,14,0,2351,60.9,78.3,17,19347
1783075719.401,14,0,2351,60.9,80.7,18,19347
1783075719.602,6,0,2351,60.8,76.2,17,19373
1783075719.803,6,0,2351,60.8,79.9,17,19372
1783075720.004,6,0,2351,60.7,96.1,24,19372
1783075720.205,6,0,2351,60.7,80.3,18,19372
1783075720.408,6,0,2351,60.7,79.3,18,19372
1783075720.609,6,0,2351,60.5,78.4,17,19373
1783075720.809,6,0,2351,60.5,78.2,18,19371
1783075721.010,6,0,2351,61.0,73.5,17,19371
1783075721.210,6,0,2351,61.0,71.9,17,19371
1783075721.411,6,0,2351,61.0,71.9,17,19371
1783075721.612,11,0,2351,61.3,73.1,17,19371
1783075721.812,11,0,2351,61.3,78.6,18,19371
1783075722.013,11,0,2351,60.3,82.2,17,19400
1783075722.217,11,0,2351,60.3,79.0,20,19409
1783075722.418,11,0,2351,60.3,78.6,20,19421
1783075722.619,13,0,2351,60.7,78.9,20,19435
1783075722.822,13,0,2351,60.7,79.1,20,19446
1783075723.023,13,0,2351,60.8,78.5,20,19445
1783075723.223,13,0,2351,60.8,78.4,20,19450
1783075723.425,13,0,2351,60.8,79.1,20,19454
1783075723.625,19,1,2351,49.4,78.0,20,19462
1783075723.826,19,1,2351,49.4,78.3,20,19459
1783075724.027,19,1,2351,31.5,77.5,20,19459
1783075724.227,19,1,2351,31.5,78.9,20,19462
1783075724.428,19,1,2351,31.5,78.7,20,19463
1783075724.629,12,1,2351,19.6,78.0,20,19463
1783075724.830,12,1,2351,19.6,77.9,20,19463
1783075725.030,12,1,2351,17.7,77.7,20,19467
1783075725.231,12,1,2351,17.7,77.6,19,19471
1783075725.432,12,1,2351,17.7,77.9,20,19475
1783075725.632,11,1,2351,23.6,77.2,20,19474
1783075725.833,11,1,2351,23.6,77.9,20,19474
1783075726.034,11,1,2351,21.8,77.1,20,19477
1783075726.234,11,1,2351,21.8,77.5,20,19477
1783075726.435,11,1,2351,21.8,78.6,20,19473
1783075726.635,13,1,2351,16.7,78.1,20,19477
1783075726.836,13,1,2351,16.7,77.8,20,19459
1783075727.037,13,1,2351,13.9,77.9,20,19465
1783075727.237,13,1,2351,13.9,78.5,20,19465
1783075727.438,13,1,2351,14.9,78.9,19,19465
1783075727.639,13,1,2351,14.9,78.6,20,19465
1783075727.839,13,1,2351,14.9,78.7,20,19460
1783075728.040,13,1,2351,14.0,78.9,20,19460
1783075728.241,13,1,2351,14.0,77.5,20,19468
1783075728.441,11,1,2351,14.4,80.9,20,19470
1783075728.642,11,1,2351,14.4,77.4,20,19475
1783075728.843,11,1,2351,14.4,78.3,20,19476
1783075729.043,11,1,2351,15.2,77.8,20,19476
1783075729.244,11,1,2351,15.2,77.9,20,19479
1783075729.445,10,1,2351,15.7,78.5,20,19475
1783075729.645,10,1,2351,15.7,77.9,20,19479
1783075729.846,10,1,2351,15.7,78.0,20,19475
1783075730.047,10,1,2351,13.7,77.4,20,19475
1783075730.248,10,1,2351,13.7,77.7,20,19475
1783075730.449,10,1,2351,12.7,78.2,20,19475
1783075730.649,10,1,2351,12.7,78.2,20,19475
1783075730.850,10,1,2351,12.7,78.0,20,19474
1783075731.050,10,1,2351,13.8,78.1,20,19476
1783075731.251,10,1,2351,13.8,79.0,20,19481
1783075731.452,13,1,2351,16.5,77.8,20,19500
1783075731.653,13,1,2351,16.5,78.6,20,19496
1783075731.853,13,1,2351,16.5,75.6,18,19516
1783075732.054,13,1,2351,16.5,70.7,17,19491
1783075732.254,13,1,2351,16.5,70.7,17,19491
1783075732.455,13,1,2351,20.4,71.5,17,19491
1783075732.656,13,1,2351,20.4,71.5,17,19491
1783075732.857,13,1,2351,20.4,71.0,17,19488
1783075733.057,13,1,2351,20.4,71.7,17,19488
1783075733.258,13,1,2351,20.4,71.2,17,19488
1783075733.459,8,1,2351,17.3,74.4,18,19488
1783075733.659,8,1,2351,17.3,93.4,22,19488
1783075733.860,8,1,2351,17.3,88.4,20,19486
1783075734.061,8,1,2351,15.0,97.7,24,19487
1783075734.262,8,1,2351,15.0,76.6,18,19487
1783075734.464,5,2,2351,16.3,76.5,18,19467
1783075734.664,5,2,2351,16.3,82.8,21,19496
1783075734.865,5,2,2351,16.3,82.3,21,19512
1783075735.066,5,2,2351,16.9,80.8,20,19511
1783075735.266,5,2,2351,16.9,79.6,20,19539
1783075735.467,0,0,2351,16.6,87.9,23,19554
1783075735.668,0,0,2351,16.6,90.4,24,19548
1783075735.868,0,0,2351,16.6,87.2,22,19549
1783075736.070,0,0,2351,21.2,85.8,22,19573
1783075736.271,0,0,2351,21.2,82.9,20,19584
1783075736.471,5,1,2351,21.7,83.8,21,19583
1783075736.673,5,1,2351,21.7,88.2,23,19571
1783075736.874,5,1,2351,21.7,97.0,24,19565
1783075737.075,5,1,2351,20.3,85.3,21,19570
1783075737.279,5,1,2351,20.3,84.7,20,19576
1783075737.479,16,1,2351,19.6,83.9,20,19581
1783075737.680,16,1,2351,19.6,83.6,21,19550
1783075737.880,16,1,2351,19.6,83.3,20,19569
1783075738.081,16,1,2351,18.2,78.2,20,19552
1783075738.282,16,1,2351,18.2,78.2,20,19555
1783075738.482,10,3,2351,19.4,79.4,20,19548
1783075738.683,10,3,2351,19.4,77.7,20,19549
1783075738.883,10,3,2351,19.4,79.0,20,19548
1783075739.084,10,3,2351,18.6,78.3,19,19543
1783075739.285,10,3,2351,18.6,78.6,20,19548
1783075739.485,13,1,2351,18.4,80.0,20,19542
1783075739.687,13,1,2351,18.4,77.9,20,19545
1783075739.887,13,1,2351,18.4,78.8,20,19548
1783075740.088,13,1,2351,18.0,79.2,20,19548
1783075740.289,13,1,2351,18.0,77.3,20,19548
1783075740.489,18,2,2351,20.2,79.4,20,19548
1783075740.690,18,2,2351,20.2,78.6,20,19549
1783075740.890,18,2,2351,20.2,79.1,20,19549
1783075741.091,18,2,2351,19.2,77.9,20,19549
1783075741.292,18,2,2351,19.2,78.6,20,19553
1783075741.492,11,1,2351,17.5,78.8,20,19557
1783075741.693,11,1,2351,17.5,78.2,20,19557
1783075741.894,11,1,2351,17.5,78.0,20,19557
1783075742.094,11,1,2351,15.2,78.9,20,19558
1783075742.295,11,1,2351,15.2,81.3,20,19558
1783075742.496,11,1,2351,15.9,78.2,19,19558
1783075742.696,11,1,2351,15.9,78.6,20,19558
1783075742.897,11,1,2351,15.9,78.4,20,19558
1783075743.097,11,1,2351,17.4,78.8,20,19559
1783075743.298,11,1,2351,17.4,79.4,20,19567
1783075743.499,11,1,2351,16.9,79.3,20,19567
1783075743.699,11,1,2351,16.9,78.1,20,19567
1783075743.900,11,1,2351,16.9,78.4,20,19567
1783075744.101,11,1,2351,13.3,78.7,20,19567
1783075744.301,11,1,2351,13.3,77.8,19,19567
1783075744.502,10,1,2351,14.2,73.7,18,19569
1783075744.703,10,1,2351,14.2,73.3,18,19570
1783075744.903,10,1,2351,14.2,72.8,18,19570
1783075745.104,10,1,2351,14.8,71.6,17,19570
1783075745.305,10,1,2351,14.8,71.4,17,19570
1783075745.505,14,1,2351,15.9,71.5,17,19571
1783075745.706,14,1,2351,15.9,71.0,17,19571
1783075745.907,14,1,2351,15.9,71.0,17,19571
1783075746.107,14,1,2351,14.8,71.5,17,19571
1783075746.308,14,1,2351,14.8,71.5,17,19572
1783075746.509,13,7,2351,13.9,72.2,17,19573
1783075746.709,13,7,2351,13.9,70.8,17,19573
1783075746.910,13,7,2351,13.9,71.0,17,19573
1783075747.111,13,7,2351,17.6,71.2,17,19573
1783075747.312,13,7,2351,17.6,71.4,17,19573
1783075747.513,6,0,2351,20.8,86.8,24,19588
1783075747.714,6,0,2351,20.8,100.0,24,19589
1783075747.914,6,0,2351,20.8,100.0,24,19589
1783075748.117,6,0,2351,17.3,100.0,24,19589
1783075748.318,6,0,2351,17.3,100.0,24,19589
1783075748.518,7,2,2351,16.3,100.0,24,19528
1783075748.722,7,2,2351,16.3,100.0,24,19502
1783075748.923,7,2,2351,16.3,100.0,24,19501
1783075749.123,7,2,2351,46.6,100.0,24,19500
1783075749.324,7,2,2351,46.6,100.0,24,19500
1783075749.527,30,2,2351,80.5,100.0,24,19504
1783075749.728,30,2,2351,80.5,100.0,24,19502
1783075749.929,30,2,2351,80.5,100.0,24,19502
1783075750.129,30,2,2351,88.0,100.0,24,19501
1783075750.330,30,2,2351,88.0,100.0,24,19501
1783075750.530,23,1,2351,87.8,100.0,24,19502
1783075750.732,23,1,2351,87.8,100.0,24,19497
1783075750.936,23,1,2351,87.8,100.0,24,19497
1783075751.137,23,1,2351,88.6,100.0,24,19497
1783075751.337,23,1,2351,88.6,100.0,24,19497
1783075751.538,28,1,2351,87.0,100.0,24,19497
1783075751.739,28,1,2351,87.0,100.0,24,19492
1783075751.939,28,1,2351,87.0,100.0,24,19492
1783075752.142,28,1,2351,84.1,100.0,24,19492
1783075752.343,28,1,2351,84.1,100.0,24,19492
1783075752.543,36,1,2351,85.0,100.0,24,19494
1783075752.744,36,1,2351,85.0,100.0,24,19488
1783075752.944,36,1,2351,86.2,100.0,24,19480
1783075753.145,36,1,2351,86.2,100.0,24,19479
1783075753.349,36,1,2351,86.2,100.0,24,19479
1783075753.550,26,1,2351,86.4,100.0,24,19480
1783075753.751,26,1,2351,86.4,100.0,24,19475
1783075753.952,26,1,2351,85.6,100.0,24,19475
1783075754.152,26,1,2351,85.6,100.0,24,19475
1783075754.353,26,1,2351,85.6,100.0,24,19475
1783075754.554,33,2,2351,85.5,100.0,24,19475
1783075754.755,33,2,2351,85.5,100.0,24,19473
1783075754.956,33,2,2351,85.2,100.0,24,19472
1783075755.156,33,2,2351,85.2,100.0,24,19471
1783075755.360,33,2,2351,85.2,100.0,24,19470
1783075755.561,30,1,2351,85.9,100.0,24,19470
1783075755.761,30,1,2351,85.9,100.0,24,19467
1783075755.962,30,1,2351,87.2,100.0,24,19463
1783075756.162,30,1,2351,87.2,100.0,24,19463
1783075756.363,30,1,2351,87.2,100.0,24,19463
1783075756.564,31,2,2351,87.4,100.0,24,19463
1783075756.765,31,2,2351,87.4,100.0,24,19461
1783075756.966,31,2,2351,87.6,100.0,24,19461
1783075757.169,31,2,2351,87.6,100.0,24,19461
1783075757.370,31,2,2351,87.6,100.0,24,19461
1783075757.570,30,1,2351,85.7,100.0,24,19462
1783075757.771,30,1,2351,85.7,100.0,24,19461
1783075757.971,30,1,2351,84.6,100.0,24,19460
1783075758.172,30,1,2351,84.6,100.0,24,19460
1783075758.373,30,1,2351,84.6,100.0,24,19460
1783075758.573,31,2,2351,84.1,100.0,24,19461
1783075758.775,31,2,2351,84.1,100.0,24,19459
1783075758.976,31,2,2351,83.6,100.0,24,19459
1783075759.176,31,2,2351,83.6,100.0,24,19458
1783075759.378,31,2,2351,83.6,100.0,24,19457
1783075759.581,34,1,2351,85.0,100.0,24,19457
1783075759.783,34,1,2351,85.0,100.0,24,19456
1783075759.984,34,1,2351,83.9,100.0,24,19456
1783075760.184,34,1,2351,83.9,100.0,24,19456
1783075760.385,34,1,2351,83.9,100.0,24,19456
1783075760.586,34,2,2351,85.5,100.0,24,19456
1783075760.788,34,2,2351,85.5,100.0,24,19455
1783075760.989,34,2,2351,86.7,100.0,24,19455
1783075761.189,34,2,2351,86.7,100.0,24,19455
1783075761.390,34,2,2351,86.7,100.0,24,19455
1783075761.591,25,1,2351,84.2,100.0,24,19456
1783075761.792,25,1,2351,84.2,100.0,24,19456
1783075761.993,25,1,2351,83.9,100.0,24,19455
1783075762.196,25,1,2351,83.9,100.0,24,19455
1783075762.396,25,1,2351,83.9,100.0,24,19455
1783075762.597,26,2,2351,85.9,100.0,24,19456
1783075762.797,26,2,2351,85.9,100.0,24,19453
1783075762.998,26,2,2351,87.0,100.0,24,19453
1783075763.198,26,2,2351,87.0,100.0,24,19453
1783075763.401,26,2,2351,87.0,100.0,24,19454
1783075763.601,28,2,2351,87.3,100.0,24,19454
1783075763.802,28,2,2351,87.3,100.0,24,19454
1783075764.006,28,2,2351,81.1,100.0,24,19454
1783075764.207,28,2,2351,81.1,100.0,24,19454
1783075764.407,28,2,2351,81.1,100.0,24,19454
1783075764.608,5,0,2351,69.0,100.0,24,19454
1783075764.808,5,0,2351,69.0,100.0,24,19454
1783075765.008,5,0,2351,60.8,100.0,24,19453
1783075765.209,5,0,2351,60.8,100.0,24,19453
1783075765.409,5,0,2351,60.8,100.0,24,19455
1783075765.610,10,0,2351,60.8,100.0,24,19456
1783075765.814,10,0,2351,60.8,100.0,24,19456
1783075766.015,10,0,2351,60.7,100.0,24,19455
1783075766.215,10,0,2351,60.7,100.0,24,19454
1783075766.416,10,0,2351,60.7,100.0,24,19454
1783075766.616,5,0,2351,60.7,100.0,24,19455
1783075766.817,5,0,2351,60.7,100.0,24,19454
1783075767.017,5,0,2351,60.8,100.0,24,19454
1783075767.218,5,0,2351,60.8,100.0,24,19454
1783075767.418,5,0,2351,60.8,100.0,24,19454
1783075767.619,11,0,2351,60.7,100.0,24,19455
1783075767.821,11,0,2351,60.7,100.0,24,19455
1783075768.022,11,0,2351,60.6,100.0,24,19455
1783075768.222,11,0,2351,60.6,100.0,24,19455
1783075768.423,11,0,2351,60.6,100.0,24,19455
1783075768.623,7,0,2351,60.7,100.0,24,19459
1783075768.824,7,0,2351,60.7,100.0,24,19460
1783075769.026,7,0,2351,68.3,100.0,24,19460
1783075769.227,7,0,2351,68.3,100.0,24,19460
1783075769.427,7,0,2351,68.3,100.0,24,19460
1783075769.628,30,1,2351,78.6,100.0,24,19461
1783075769.828,30,1,2351,78.6,100.0,24,19461
1783075770.029,30,1,2351,83.6,100.0,24,19461
1783075770.231,30,1,2351,83.6,100.0,24,19461
1783075770.432,30,1,2351,83.6,100.0,24,19461
1783075770.632,35,2,2351,84.8,100.0,24,19461
1783075770.833,35,2,2351,84.8,100.0,24,19461
1783075771.033,35,2,2351,87.3,100.0,24,19461
1783075771.234,35,2,2351,87.3,100.0,24,19461
1783075771.438,35,2,2351,87.3,100.0,24,19458
1783075771.639,17,1,2351,85.9,100.0,24,19458
1783075771.839,17,1,2351,85.9,100.0,24,19458
1783075772.040,17,1,2351,83.3,100.0,24,19458
1783075772.240,17,1,2351,83.3,100.0,24,19459
1783075772.441,17,1,2351,83.3,100.0,24,19459
1783075772.641,33,1,2351,83.4,100.0,24,19459
1783075772.842,33,1,2351,83.4,100.0,24,19459
1783075773.042,33,1,2351,85.1,100.0,24,19459
1783075773.243,33,1,2351,85.1,100.0,24,19459
1783075773.443,25,1,2351,84.4,100.0,24,19460
1783075773.645,25,1,2351,84.4,100.0,24,19460
1783075773.848,25,1,2351,84.4,100.0,24,19460
1783075774.050,25,1,2351,83.8,100.0,24,19460
1783075774.251,25,1,2351,83.8,100.0,24,19460
1783075774.452,34,1,2351,86.0,100.0,24,19461
1783075774.655,34,1,2351,86.0,100.0,24,19460
1783075774.857,34,1,2351,86.0,100.0,24,19461
1783075775.059,34,1,2351,85.2,100.0,24,19461
1783075775.260,34,1,2351,85.2,100.0,24,19461
1783075775.460,26,1,2351,85.0,100.0,24,19461
1783075775.667,26,1,2351,85.0,100.0,24,19461
1783075775.868,26,1,2351,85.0,100.0,24,19456
1783075776.068,26,1,2351,85.9,100.0,24,19456
1783075776.269,26,1,2351,85.9,100.0,24,19457
1783075776.469,23,1,2351,84.6,100.0,24,19459
1783075776.670,23,1,2351,84.6,100.0,24,19459
1783075776.871,23,1,2351,84.6,100.0,24,19459
1783075777.071,23,1,2351,84.6,100.0,24,19459
1783075777.272,23,1,2351,84.6,100.0,24,19459
1783075777.476,28,2,2351,85.3,100.0,24,19463
1783075777.677,28,2,2351,85.3,100.0,24,19463
1783075777.877,28,2,2351,85.3,100.0,24,19462
1783075778.078,28,2,2351,84.5,100.0,24,19461
1783075778.279,28,2,2351,84.5,100.0,24,19462
1783075778.479,22,1,2351,84.5,100.0,24,19461
1783075778.680,22,1,2351,84.5,100.0,24,19458
1783075778.880,22,1,2351,84.5,100.0,24,19457
1783075779.081,22,1,2351,86.6,100.0,24,19457
1783075779.281,22,1,2351,86.6,100.0,24,19457
1783075779.484,28,2,2351,87.9,100.0,24,19458
1783075779.684,28,2,2351,87.9,100.0,24,19458
1783075779.885,28,2,2351,87.9,100.0,24,19457
1783075780.085,28,2,2351,87.1,100.0,24,19457
1783075780.286,28,2,2351,87.1,100.0,24,19457
1783075780.486,20,1,2351,86.4,100.0,24,19458
1783075780.687,20,1,2351,86.4,100.0,24,19458
1783075780.887,20,1,2351,86.4,100.0,24,19458
1783075781.088,20,1,2351,86.4,100.0,24,19458
1783075781.288,20,1,2351,86.4,100.0,24,19458
1783075781.490,30,2,2351,85.4,100.0,24,19458
1783075781.690,30,2,2351,85.4,100.0,24,19458
1783075781.891,30,2,2351,85.4,100.0,24,19458
1783075782.091,30,2,2351,84.1,100.0,24,19458
1783075782.292,30,2,2351,84.1,100.0,24,19458
1783075782.495,38,2,2351,84.8,100.0,24,19460
1783075782.696,38,2,2351,84.8,100.0,24,19460
1783075782.896,38,2,2351,84.8,100.0,24,19460
1783075783.099,38,2,2351,86.6,100.0,24,19464
1783075783.300,38,2,2351,86.6,100.0,24,19464
1783075783.500,30,2,2351,87.6,100.0,24,19464
1783075783.701,30,2,2351,87.6,100.0,24,19464
1783075783.902,30,2,2351,87.6,100.0,24,19465
1783075784.104,30,2,2351,86.2,100.0,24,19459
1783075784.305,30,2,2351,86.2,100.0,24,19459
1783075784.505,8,0,2351,73.3,100.0,24,19459
1783075784.706,8,0,2351,73.3,100.0,24,19460
1783075784.906,8,0,2351,73.3,100.0,24,19460
1783075785.110,8,0,2351,62.6,100.0,24,19465
1783075785.310,8,0,2351,62.6,100.0,24,19465
1783075785.511,6,0,2351,60.9,100.0,24,19465
1783075785.711,6,0,2351,60.9,100.0,24,19465
1783075785.912,6,0,2351,60.9,100.0,24,19465
1783075786.112,6,0,2351,60.8,100.0,24,19465
1783075786.313,6,0,2351,60.8,100.0,24,19465
1783075786.523,5,0,2351,61.2,100.0,24,19465
1783075786.728,5,0,2351,61.2,100.0,24,19465
1783075786.929,5,0,2351,61.2,100.0,24,19466
1783075787.129,5,0,2351,60.9,100.0,24,19465
1783075787.330,5,0,2351,60.9,100.0,24,19465
1783075787.531,5,0,2351,60.8,100.0,24,19465
1783075787.731,5,0,2351,60.8,100.0,24,19465
1783075787.932,5,0,2351,60.8,100.0,24,19472
1783075788.134,5,0,2351,61.1,100.0,24,19471
1783075788.335,5,0,2351,61.1,100.0,24,19472
1783075788.535,10,0,2351,61.4,100.0,24,19470
1783075788.736,10,0,2351,61.4,100.0,24,19469
1783075788.939,10,0,2351,61.4,100.0,24,19470
1783075789.140,10,0,2351,61.2,100.0,24,19478
1783075789.345,10,0,2351,61.2,100.0,24,19478
1783075789.546,46,2,2351,70.2,100.0,24,19483
1783075789.746,46,2,2351,70.2,100.0,24,19484
1783075789.947,46,2,2351,81.7,100.0,24,19485
1783075790.148,46,2,2351,81.7,100.0,24,19486
1783075790.348,46,2,2351,81.7,100.0,24,19486
1783075790.549,17,1,2351,82.3,100.0,24,19486
1783075790.749,17,1,2351,82.3,100.0,24,19485
1783075790.950,17,1,2351,84.7,100.0,24,19485
1783075791.151,17,1,2351,84.7,100.0,24,19485
1783075791.356,17,1,2351,84.7,100.0,24,19485
1783075791.557,26,1,2351,86.6,100.0,24,19485
1783075791.758,26,1,2351,86.6,100.0,24,19485
1783075791.958,26,1,2351,87.7,100.0,24,19485
1783075792.159,26,1,2351,87.7,100.0,24,19485
1783075792.360,26,1,2351,87.7,100.0,24,19485
1783075792.560,28,1,2351,87.9,100.0,24,19485
1783075792.761,28,1,2351,87.9,100.0,24,19485
1783075792.965,28,1,2351,87.2,100.0,24,19485
1783075793.166,28,1,2351,87.2,100.0,24,19485
1783075793.367,28,1,2351,87.2,100.0,24,19485
1783075793.567,21,1,2351,86.5,100.0,24,19485
1783075793.768,21,1,2351,86.5,100.0,24,19484
1783075793.969,21,1,2351,85.3,100.0,24,19484
1783075794.169,21,1,2351,85.3,100.0,24,19484
1783075794.372,21,1,2351,85.3,100.0,24,19484
1783075794.573,28,1,2351,83.5,100.0,24,19484
1783075794.776,28,1,2351,83.5,100.0,24,19485
1783075794.977,28,1,2351,83.9,100.0,24,19485
1783075795.177,28,1,2351,83.9,100.0,24,19485
1783075795.378,28,1,2351,83.9,100.0,24,19484
1783075795.578,30,2,2351,85.5,100.0,24,19484
1783075795.780,30,2,2351,85.5,100.0,24,19485
1783075795.981,30,2,2351,85.7,100.0,24,19480
1783075796.185,30,2,2351,85.7,100.0,24,19480
1783075796.386,30,2,2351,85.7,100.0,24,19480
1783075796.586,32,1,2351,84.3,100.0,24,19481
1783075796.787,32,1,2351,84.3,100.0,24,19478
1783075796.988,32,1,2351,86.0,100.0,24,19478
1783075797.188,32,1,2351,86.0,100.0,24,19476
1783075797.389,32,1,2351,86.0,100.0,24,19470
1783075797.589,25,1,2351,88.2,100.0,24,19470
1783075797.789,25,1,2351,88.2,100.0,24,19465
1783075797.990,25,1,2351,87.7,100.0,24,19469
1783075798.191,25,1,2351,87.7,100.0,24,19468
1783075798.392,25,1,2351,87.7,100.0,24,19466
1783075798.592,23,1,2351,85.4,100.0,24,19466
1783075798.793,23,1,2351,85.4,100.0,24,19465
1783075798.993,23,1,2351,84.2,100.0,24,19465
1783075799.196,23,1,2351,84.2,100.0,24,19465
1783075799.396,23,1,2351,84.2,100.0,24,19466
1783075799.597,27,1,2351,83.3,100.0,24,19466
1783075799.797,27,1,2351,83.3,100.0,24,19465
1783075799.998,27,1,2351,84.2,100.0,24,19465
1783075800.198,27,1,2351,84.2,100.0,24,19465
1783075800.399,27,1,2351,84.2,100.0,24,19466
1783075800.601,23,1,2351,86.3,100.0,24,19466
1783075800.805,23,1,2351,86.3,100.0,24,19466
1783075801.006,23,1,2351,85.5,100.0,24,19466
1783075801.206,23,1,2351,85.5,100.0,24,19465
1783075801.407,23,1,2351,85.5,100.0,24,19465
1783075801.607,33,1,2351,85.9,100.0,24,19465
1783075801.807,33,1,2351,85.9,100.0,24,19465
1783075802.010,33,1,2351,86.7,100.0,24,19466
1783075802.210,33,1,2351,86.7,100.0,24,19466
1783075802.411,33,1,2351,86.7,100.0,24,19466
1783075802.614,21,1,2351,84.5,100.0,24,19466
1783075802.815,21,1,2351,84.5,100.0,24,19466
1783075803.015,21,1,2351,83.3,100.0,24,19466
1783075803.216,21,1,2351,83.3,100.0,24,19466
1783075803.416,21,1,2351,83.3,100.0,24,19466
1783075803.617,24,2,2351,84.2,100.0,24,19466
1783075803.817,24,2,2351,84.2,100.0,24,19466
1783075804.019,24,2,2351,84.5,100.0,24,19466
1783075804.220,24,2,2351,84.5,100.0,24,19466
1783075804.423,24,2,2351,84.5,100.0,24,19466
1783075804.624,13,1,2351,82.4,100.0,24,19466
1783075804.824,13,1,2351,82.4,100.0,24,19467
1783075805.025,13,1,2351,72.5,100.0,24,19467
1783075805.225,13,1,2351,72.5,100.0,24,19467
1783075805.426,13,1,2351,72.5,100.0,24,19467
1783075805.626,1,0,2351,62.8,100.0,24,19467
1783075805.827,1,0,2351,62.8,100.0,24,19467
1783075806.029,1,0,2351,61.2,100.0,24,19470
1783075806.230,1,0,2351,61.2,100.0,24,19467
1783075806.431,1,0,2351,61.2,100.0,24,19467
1783075806.631,7,0,2351,61.8,100.0,24,19467
1783075806.832,7,0,2351,61.8,100.0,24,19467
1783075807.043,7,0,2351,62.2,100.0,24,19468
1783075807.243,7,0,2351,62.2,100.0,24,19468
1783075807.444,22,0,2351,62.0,100.0,24,19469
1783075807.645,22,0,2351,62.0,100.0,24,19469
1783075807.846,22,0,2351,62.0,100.0,24,19469
1783075808.047,22,0,2351,62.0,100.0,24,19469
1783075808.247,22,0,2351,62.0,100.0,24,19469
1783075808.451,8,0,2351,62.0,100.0,24,19469
1783075808.652,8,0,2351,62.0,100.0,24,19469
1783075808.853,8,0,2351,62.0,100.0,24,19470
1783075809.054,8,0,2351,61.9,100.0,24,19469
1783075809.254,8,0,2351,61.9,100.0,24,19479
1783075809.457,7,0,2351,62.6,100.0,24,19479
1783075809.658,7,0,2351,62.6,100.0,24,19480
1783075809.859,7,0,2351,62.6,100.0,24,19481
1783075810.059,7,0,2351,62.1,100.0,24,19479
1783075810.264,7,0,2351,62.1,100.0,24,19479
1783075810.465,6,0,2351,62.1,100.0,24,19465
1783075810.665,6,0,2351,62.1,100.0,24,19468
1783075810.866,6,0,2351,62.1,100.0,24,19478
1783075811.067,6,0,2351,63.2,100.0,24,19474
1783075811.267,6,0,2351,63.2,100.0,24,19471
1783075811.468,6,0,2351,62.7,100.0,24,19471
1783075811.668,6,0,2351,62.7,100.0,24,19471
1783075811.869,6,0,2351,62.7,100.0,24,19477
1783075812.070,6,0,2351,62.7,100.0,24,19484
1783075812.272,6,0,2351,62.7,100.0,24,19484
1783075812.473,11,0,2351,62.0,100.0,24,19488
1783075812.674,11,0,2351,62.0,100.0,24,19489
1783075812.874,11,0,2351,62.0,100.0,24,19493
1783075813.076,11,0,2351,61.8,100.0,24,19493
1783075813.277,11,0,2351,61.8,100.0,24,19493
1783075813.477,12,0,2351,61.9,100.0,24,19493
1783075813.678,12,0,2351,61.9,100.0,24,19493
1783075813.880,12,0,2351,61.9,100.0,24,19499
1783075814.081,12,0,2351,61.8,100.0,24,19499
1783075814.281,12,0,2351,61.8,100.0,24,19497
1783075814.482,6,0,2351,61.9,100.0,24,19496
1783075814.686,6,0,2351,61.9,100.0,24,19488
1783075814.890,6,0,2351,61.9,100.0,24,19485
1783075815.091,6,0,2351,62.1,100.0,24,19485
1783075815.291,6,0,2351,62.1,100.0,24,19485
1783075815.492,6,0,2351,61.9,100.0,24,19485
1783075815.693,6,0,2351,61.9,100.0,24,19486
1783075815.893,6,0,2351,61.9,100.0,24,19486
1783075816.098,6,0,2351,61.5,100.0,24,19481
1783075816.299,6,0,2351,61.5,100.0,24,19481
1783075816.499,6,0,2351,61.9,100.0,24,19481
1783075816.700,6,0,2351,61.9,100.0,24,19481
1783075816.901,6,0,2351,61.9,100.0,24,19481
1783075817.104,6,0,2351,62.1,100.0,24,19481
1783075817.305,6,0,2351,62.1,100.0,24,19481
1783075817.506,0,0,2351,62.1,100.0,24,19486
1783075817.708,0,0,2351,62.1,100.0,24,19489
1783075817.909,0,0,2351,62.1,100.0,24,19489
1783075818.119,0,0,2351,61.9,100.0,24,19489
1783075818.320,0,0,2351,61.9,100.0,24,19489
1783075818.520,0,0,2351,61.8,100.0,24,19489
1783075818.721,0,0,2351,61.8,100.0,24,19489
1783075818.922,0,0,2351,61.8,100.0,24,19489
1783075819.125,0,0,2351,61.9,100.0,24,19489
1783075819.326,0,0,2351,61.9,100.0,24,19490
1783075819.526,6,0,2351,61.6,100.0,24,19490
1783075819.727,6,0,2351,61.6,100.0,24,19490
1783075819.927,6,0,2351,61.6,100.0,24,19494
1783075820.128,6,0,2351,61.3,100.0,24,19494
1783075820.328,6,0,2351,61.3,100.0,24,19498
1783075820.529,7,0,2351,61.5,100.0,24,19498
1783075820.731,7,0,2351,61.5,100.0,24,19501
1783075820.932,7,0,2351,61.5,100.0,24,19501
1783075821.132,7,0,2351,61.8,100.0,24,19501
1783075821.333,7,0,2351,61.8,100.0,24,19502
1783075821.536,2,0,2351,51.2,100.0,24,19501
1783075821.737,2,0,2351,51.2,100.0,24,19502
1783075821.937,2,0,2351,51.2,100.0,24,19506
1783075822.138,2,0,2351,35.6,100.0,24,19508
1783075822.338,2,0,2351,35.6,100.0,24,19508
1783075822.539,5,0,2351,25.5,100.0,24,19506
1783075822.739,5,0,2351,25.5,100.0,24,19505
1783075822.940,5,0,2351,25.5,100.0,24,19504
1783075823.142,5,0,2351,23.1,100.0,24,19495
1783075823.343,5,0,2351,23.1,100.0,24,19497
1783075823.544,6,0,2351,24.2,100.0,24,19495
1783075823.745,6,0,2351,24.2,100.0,24,19495
1783075823.946,6,0,2351,21.9,100.0,24,19495
1783075824.147,6,0,2351,21.9,100.0,24,19495
1783075824.349,6,0,2351,21.9,100.0,24,19496
1783075824.550,8,1,2351,16.0,100.0,24,19495
1783075824.750,8,1,2351,16.0,100.0,24,19496
1783075824.951,8,1,2351,15.3,100.0,24,19495
1783075825.154,8,1,2351,15.3,100.0,24,19495
1783075825.355,8,1,2351,15.3,100.0,24,19497
1783075825.555,0,0,2351,14.9,100.0,24,19497
1783075825.756,0,0,2351,14.9,100.0,24,19496
1783075825.956,0,0,2351,22.3,100.0,24,19495
1783075826.157,0,0,2351,22.3,100.0,24,19495
1783075826.358,0,0,2351,22.3,100.0,24,19493
1783075826.558,83,0,2351,56.9,100.0,24,19493
1783075826.760,83,0,2351,56.9,100.0,24,19493
1783075826.961,83,0,2351,79.5,100.0,24,19493
1783075827.161,83,0,2351,79.5,100.0,24,19493
1783075827.365,83,0,2351,79.5,100.0,24,19493
1783075827.566,83,0,2351,80.3,100.0,24,19493
1783075827.766,83,0,2351,80.3,100.0,24,19493
1783075827.967,83,0,2351,80.7,100.0,24,19492
1783075828.168,83,0,2351,80.7,100.0,24,19492
1783075828.368,83,0,2351,80.7,100.0,24,19472
1783075828.569,6,0,2351,73.9,100.0,24,19472
1783075828.769,6,0,2351,73.9,100.0,24,19471
1783075828.972,6,0,2351,68.5,100.0,24,19471
1783075829.173,6,0,2351,68.5,100.0,24,19471
1783075829.373,6,0,2351,68.5,100.0,24,19471
1783075829.574,6,0,2351,67.4,100.0,24,19471
1783075829.774,6,0,2351,67.4,100.0,24,19472
1783075829.978,6,0,2351,60.9,100.0,24,19471
1783075830.178,6,0,2351,60.9,100.0,24,19470
1783075830.379,6,0,2351,60.9,100.0,24,19479
1783075830.579,11,1,2351,44.9,100.0,24,19479
1783075830.780,11,1,2351,44.9,100.0,24,19476
1783075830.981,11,1,2351,27.6,100.0,24,19488
1783075831.181,11,1,2351,27.6,100.0,24,19494
1783075831.382,11,1,2351,27.6,100.0,24,19503
1783075831.582,0,0,2351,25.7,100.0,24,19502
1783075831.785,0,0,2351,25.7,100.0,24,19506
1783075831.986,0,0,2351,24.7,100.0,24,19507
1783075832.186,0,0,2351,24.7,100.0,24,19512
1783075832.387,0,0,2351,24.7,100.0,24,19512
1783075832.587,0,0,2351,22.5,100.0,24,19512
1783075832.788,0,0,2351,22.5,100.0,24,19513
1783075832.991,0,0,2351,22.9,100.0,24,19510
1783075833.192,0,0,2351,22.9,100.0,24,19510
1783075833.392,0,0,2351,22.9,100.0,24,19511
1783075833.593,11,1,2351,21.5,100.0,24,19511
1783075833.793,11,1,2351,21.5,100.0,24,19511
1783075833.994,11,1,2351,16.0,100.0,24,19511
1783075834.195,11,1,2351,16.0,100.0,24,19511
1783075834.395,11,1,2351,16.0,100.0,24,19511
1783075834.597,0,0,2351,14.7,100.0,24,19511
1783075834.798,0,0,2351,14.7,100.0,24,19513
1783075834.998,0,0,2351,18.7,100.0,24,19513
1783075835.199,0,0,2351,18.7,100.0,24,19513
1783075835.403,0,0,2351,18.7,100.0,24,19513
1783075835.605,1,0,2351,19.1,100.0,24,19513
1783075835.806,1,0,2351,19.1,100.0,24,19513
1783075836.009,1,0,2351,18.2,100.0,24,19513
1783075836.210,1,0,2351,18.2,100.0,24,19513
1783075836.410,1,0,2351,18.2,100.0,24,19520
1783075836.611,6,4,2351,17.0,100.0,24,19520
1783075836.812,6,4,2351,17.0,100.0,24,19518
1783075837.012,6,4,2351,14.2,100.0,24,19518
1783075837.213,6,4,2351,14.2,100.0,24,19518
1783075837.413,6,4,2351,14.2,100.0,24,19518
1783075837.614,6,1,2351,13.5,100.0,24,19518
1783075837.815,6,1,2351,13.5,100.0,24,19518
1783075838.015,6,1,2351,16.0,100.0,24,19518
1783075838.216,6,1,2351,16.0,100.0,24,19518
1783075838.416,6,1,2351,16.0,100.0,24,19519
1783075838.618,5,1,2351,16.5,100.0,24,19519
1783075838.819,5,1,2351,16.5,100.0,24,19517
1783075839.023,5,1,2351,17.6,100.0,24,19518
1783075839.224,5,1,2351,17.6,100.0,24,19518
1783075839.424,5,1,2351,17.6,100.0,24,19518
1783075839.625,6,1,2351,17.9,100.0,24,19518
1783075839.825,6,1,2351,17.9,100.0,24,19513
1783075840.026,6,1,2351,14.4,100.0,24,19514
1783075840.227,6,1,2351,14.4,100.0,24,19515
1783075840.427,6,1,2351,14.4,100.0,24,19515
1783075840.628,6,0,2351,16.5,100.0,24,19515
1783075840.828,6,0,2351,16.5,100.0,24,19519
1783075841.032,6,0,2351,19.3,100.0,24,19519
1783075841.233,6,0,2351,19.3,100.0,24,19519
1783075841.433,6,0,2351,19.3,100.0,24,19519
1783075841.634,5,1,2351,17.3,100.0,24,19519
1783075841.834,5,1,2351,17.3,100.0,24,19521
1783075842.035,5,1,2351,14.4,100.0,24,19521
1783075842.238,5,1,2351,14.4,100.0,24,19521
1783075842.439,5,1,2351,14.4,100.0,24,19521
1783075842.639,6,0,2351,15.6,100.0,24,19525
1783075842.840,6,0,2351,15.6,100.0,24,19530
1783075843.040,6,0,2351,15.9,100.0,24,19530
1783075843.241,6,0,2351,15.9,100.0,24,19530
1783075843.442,6,0,2351,15.9,100.0,24,19530
1783075843.652,0,0,2351,16.7,100.0,24,19530
1783075843.853,0,0,2351,16.7,100.0,24,19532
1783075844.055,0,0,2351,15.7,100.0,24,19531
1783075844.256,0,0,2351,15.7,100.0,24,19531
1783075844.456,12,1,2351,15.1,100.0,24,19531
1783075844.657,12,1,2351,15.1,100.0,24,19530
1783075844.859,12,1,2351,15.1,100.0,24,19533
1783075845.060,12,1,2351,15.8,100.0,24,19531
1783075845.260,12,1,2351,15.8,100.0,24,19530
1783075845.461,3,0,2351,17.0,100.0,24,19530
1783075845.662,3,0,2351,17.0,100.0,24,19530
1783075845.866,3,0,2351,17.0,100.0,24,19530
1783075846.067,3,0,2351,20.2,100.0,24,19525
1783075846.267,3,0,2351,20.2,100.0,24,19525
1783075846.468,0,0,2351,23.2,100.0,24,19526
1783075846.668,0,0,2351,23.2,100.0,24,19525
1783075846.869,0,0,2351,23.2,100.0,24,19526
1783075847.069,0,0,2351,20.5,100.0,24,19526
1783075847.273,0,0,2351,20.5,100.0,24,19526
1783075847.473,4,1,2351,17.6,100.0,24,19526
1783075847.674,4,1,2351,17.6,100.0,24,19526
1783075847.875,4,1,2351,17.6,100.0,24,19525
1783075848.075,4,1,2351,13.7,100.0,24,19525
1783075848.276,4,1,2351,13.7,100.0,24,19525
1783075848.476,0,0,2351,13.7,100.0,24,19525
1783075848.677,0,0,2351,13.7,100.0,24,19525
1783075848.877,0,0,2351,13.7,100.0,24,19525
1783075849.078,0,0,2351,17.2,100.0,24,19525
1783075849.278,0,0,2351,17.2,100.0,24,19525
1783075849.480,0,0,2351,18.7,100.0,24,19525
1783075849.681,0,0,2351,18.7,100.0,24,19525
1783075849.881,0,0,2351,18.7,100.0,24,19533
1783075850.082,0,0,2351,16.5,100.0,24,19557
1783075850.285,0,0,2351,16.5,100.0,24,19564
1783075850.486,4,0,2351,14.3,100.0,24,19563
1783075850.686,4,0,2351,14.3,100.0,24,19563
1783075850.887,4,0,2351,14.3,100.0,24,19568
1783075851.087,4,0,2351,14.6,100.0,24,19568
1783075851.288,4,0,2351,14.6,100.0,24,19569
1783075851.489,6,0,2351,16.5,100.0,24,19569
1783075851.689,6,0,2351,16.5,100.0,24,19577
1783075851.890,6,0,2351,16.5,100.0,24,19585
1783075852.093,6,0,2351,17.9,100.0,24,19585
1783075852.294,6,0,2351,17.9,100.0,24,19600
1783075852.494,6,0,2351,19.6,100.0,24,19600
1783075852.695,6,0,2351,19.6,100.0,24,19600
1783075852.897,6,0,2351,19.6,100.0,24,19604
1783075853.098,6,0,2351,18.8,100.0,24,19619
1783075853.299,6,0,2351,18.8,100.0,24,19619
1783075853.500,6,1,2351,17.4,100.0,24,19619
1783075853.702,6,1,2351,17.4,100.0,24,19621
1783075853.903,6,1,2351,17.4,100.0,24,19621
1783075854.103,6,1,2351,18.2,100.0,24,19619
1783075854.304,6,1,2351,18.2,100.0,24,19619
1783075854.505,6,0,2351,20.7,100.0,24,19619
1783075854.705,6,0,2351,20.7,100.0,24,19634
1783075854.906,6,0,2351,20.7,100.0,24,19628
1783075855.106,6,0,2351,21.7,100.0,24,19628
1783075855.310,6,0,2351,21.7,100.0,24,19628
1783075855.511,5,1,2351,18.6,100.0,24,19624
1783075855.711,5,1,2351,18.6,100.0,24,19630
1783075855.914,5,1,2351,18.6,100.0,24,19641
1783075856.115,5,1,2351,15.9,100.0,24,19641
1783075856.315,5,1,2351,15.9,100.0,24,19641
1783075856.516,6,1,2351,15.0,100.0,24,19641
1783075856.717,6,1,2351,15.0,100.0,24,19640
1783075856.917,6,1,2351,15.0,100.0,24,19640
1783075857.118,6,1,2351,16.5,100.0,24,19640
1783075857.318,6,1,2351,16.5,100.0,24,19640
1783075857.519,6,1,2351,19.7,100.0,24,19655
1783075857.720,6,1,2351,19.7,100.0,24,19653
1783075857.921,6,1,2351,19.7,100.0,24,19657
1783075858.124,6,1,2351,19.3,100.0,24,19657
1783075858.325,6,1,2351,19.3,100.0,24,19658
1783075858.525,6,1,2351,18.8,100.0,24,19658
1783075858.726,6,1,2351,18.8,100.0,24,19656
1783075858.929,6,1,2351,18.8,100.0,24,19653
1783075859.139,6,1,2351,21.1,100.0,24,19653
1783075859.340,6,1,2351,21.1,100.0,24,19653
1783075859.540,0,0,2351,22.6,100.0,24,19654
1783075859.741,0,0,2351,22.6,100.0,24,19637
1783075859.941,0,0,2351,22.6,100.0,24,19646
1783075860.142,0,0,2351,19.8,100.0,24,19647
1783075860.343,0,0,2351,19.8,100.0,24,19647
1783075860.544,0,1,2351,19.9,100.0,24,19647
1783075860.745,0,1,2351,19.9,100.0,24,19640
1783075860.948,0,1,2351,20.1,100.0,24,19640
1783075861.149,0,1,2351,20.1,100.0,24,19640
1783075861.349,0,1,2351,20.1,100.0,24,19640
1783075861.550,6,1,2351,19.4,100.0,24,19641
1783075861.751,6,1,2351,19.4,100.0,24,19638
1783075861.956,6,1,2351,17.0,100.0,24,19637
1783075862.160,6,1,2351,17.0,100.0,24,19637
1783075862.361,6,1,2351,17.0,100.0,24,19637
1783075862.564,0,0,2351,13.3,100.0,24,19637
1783075862.765,0,0,2351,13.3,100.0,24,19633
1783075862.966,0,0,2351,16.3,100.0,24,19632
1783075863.168,0,0,2351,16.3,100.0,24,19632
1783075863.369,0,0,2351,16.3,100.0,24,19632
1783075863.569,6,0,2351,16.9,100.0,24,19633
1783075863.770,6,0,2351,16.9,100.0,24,19629
1783075863.972,6,0,2351,15.4,100.0,24,19629
1783075864.175,6,0,2351,15.4,100.0,24,19628
1783075864.376,6,0,2351,15.4,100.0,24,19629
1783075864.576,12,1,2351,16.2,100.0,24,19628
1783075864.777,12,1,2351,16.2,100.0,24,19626
1783075864.977,12,1,2351,15.2,100.0,24,19626
1783075865.180,12,1,2351,15.2,100.0,24,19635
1783075865.381,12,1,2351,15.2,100.0,24,19635
1783075865.581,5,0,2351,16.2,100.0,24,19635
1783075865.782,5,0,2351,16.2,100.0,24,19634
1783075865.982,5,0,2351,21.2,100.0,24,19629
1783075866.182,5,0,2351,21.2,100.0,24,19629
1783075866.383,5,0,2351,21.2,100.0,24,19630
1783075866.584,6,0,2351,24.2,100.0,24,19630
1783075866.787,6,0,2351,24.2,100.0,24,19628
1783075866.987,6,0,2351,23.4,100.0,24,19628
1783075867.188,6,0,2351,23.4,100.0,24,19628
1783075867.389,6,0,2351,23.4,100.0,24,19628
1783075867.589,6,0,2351,22.1,100.0,24,19628
1783075867.789,6,0,2351,22.1,100.0,24,19629
1783075867.990,6,0,2351,23.1,100.0,24,19629
1783075868.190,6,0,2351,23.1,100.0,24,19629
1783075868.393,6,0,2351,23.1,100.0,24,19629
1783075868.594,6,1,2351,21.8,100.0,24,19629
1783075868.795,6,1,2351,21.8,100.0,24,19625
1783075868.995,6,1,2351,18.8,100.0,24,19625
1783075869.196,6,1,2351,18.8,100.0,24,19625
1783075869.396,6,1,2351,18.8,67.3,14,19500
1783075869.597,7,1,2351,18.4,33.9,8,19495
1783075869.798,7,1,2351,18.4,47.5,12,19378
1783075869.999,7,1,2351,39.1,48.8,12,19378
1783075870.200,7,1,2351,39.1,47.8,12,19362
1783075870.400,7,1,2351,39.1,49.3,12,19362
1783075870.601,48,3,2351,81.6,49.0,12,19362
1783075870.802,48,3,2351,81.6,49.1,12,19363
1783075871.002,48,3,2351,107.5,49.3,12,19361
1783075871.203,48,3,2351,107.5,49.5,12,19355
1783075871.404,48,3,2351,107.5,48.4,12,19354
1783075871.604,45,3,2351,107.9,48.2,12,19355
1783075871.805,45,3,2351,107.9,49.3,12,19353
1783075872.006,45,3,2351,106.9,48.3,12,19351
1783075872.206,45,3,2351,106.9,47.8,12,19349
1783075872.407,45,3,2351,106.9,49.3,12,19349
1783075872.608,47,3,2351,106.6,47.9,12,19348
1783075872.808,47,3,2351,106.6,47.9,12,19347
1783075873.009,47,3,2351,106.7,48.0,12,19347
1783075873.210,47,3,2351,106.7,47.7,12,19346
1783075873.410,47,3,2351,106.7,47.6,12,19346
1783075873.611,36,3,2351,105.7,47.6,12,19341
1783075873.812,36,3,2351,105.7,48.7,12,19339
1783075874.013,36,3,2351,104.7,47.9,12,19339
1783075874.214,36,3,2351,104.7,48.4,12,19338
1783075874.414,36,3,2351,104.7,47.5,12,19338
1783075874.615,36,3,2351,105.9,47.4,12,19338
1783075874.816,36,3,2351,105.9,48.5,12,19338
1783075875.016,36,3,2351,107.3,48.5,12,19338
1783075875.217,36,3,2351,107.3,48.2,12,19338
1783075875.417,36,3,2351,107.3,49.1,12,19338
1783075875.618,57,3,2351,109.1,48.3,12,19338
1783075875.819,57,3,2351,109.1,48.6,12,19338
1783075876.019,57,3,2351,110.3,48.9,12,19338
1783075876.220,57,3,2351,110.3,49.5,12,19338
1783075876.421,57,3,2351,110.3,63.6,15,19338
1783075876.621,48,3,2351,108.4,64.6,16,19338
1783075876.822,48,3,2351,108.4,57.0,14,19338
1783075877.022,48,3,2351,107.3,52.7,13,19338
1783075877.223,48,3,2351,107.3,52.3,13,19338
1783075877.423,48,3,2351,107.3,52.2,13,19338
1783075877.624,41,3,2351,108.4,52.8,13,19338
1783075877.825,41,3,2351,108.4,49.5,12,19339
1783075878.026,41,3,2351,107.6,53.9,12,19338
1783075878.226,41,3,2351,107.6,60.4,14,19339
1783075878.427,41,3,2351,107.6,75.1,19,19338
1783075878.627,45,2,2351,104.3,56.2,12,19338
1783075878.828,45,2,2351,104.3,53.3,11,19339
1783075879.029,45,2,2351,99.9,45.8,10,19310
1783075879.230,45,2,2351,99.9,14.9,2,19306
1783075879.431,45,2,2351,99.9,11.5,2,19305
1783075879.631,6,0,2351,80.9,10.2,2,19305
1783075879.832,6,0,2351,80.9,22.7,6,19305
1783075880.032,6,0,2351,63.2,14.6,1,19306
1783075880.233,6,0,2351,63.2,4.6,1,19307
1783075880.434,6,0,2351,63.2,4.4,1,19307
1783075880.634,5,0,2351,60.8,5.2,1,19307
1783075880.835,5,0,2351,60.8,5.4,1,19307
1783075881.036,5,0,2351,60.9,21.8,5,19303
1783075881.236,5,0,2351,60.9,33.5,8,19303
1783075881.437,5,0,2351,60.9,47.9,12,19303
1783075881.638,46,3,2351,67.3,45.9,12,19303
1783075881.838,46,3,2351,67.3,48.6,12,19302
1783075882.039,46,3,2351,88.1,47.4,12,19302
1783075882.240,46,3,2351,88.1,49.4,12,19302
1783075882.441,46,3,2351,88.1,48.7,12,19302
1783075882.641,50,3,2351,107.9,48.2,12,19298
1783075882.842,50,3,2351,107.9,48.9,12,19298
1783075883.043,50,3,2351,108.1,48.2,12,19298
1783075883.244,50,3,2351,108.1,49.3,12,19298
1783075883.444,50,3,2351,108.1,49.1,11,19298
1783075883.645,49,3,2351,109.4,48.1,12,19298
1783075883.846,49,3,2351,109.4,50.0,12,19298
1783075884.046,49,3,2351,108.8,49.2,12,19297
1783075884.247,49,3,2351,108.8,47.8,12,19298
1783075884.448,49,3,2351,108.8,49.3,12,19292
1783075884.648,49,3,2351,107.3,49.8,12,19292
1783075884.849,49,3,2351,107.3,49.5,12,19292
1783075885.050,49,3,2351,110.6,47.9,12,19292
1783075885.251,49,3,2351,110.6,49.1,12,19291
1783075885.452,44,3,2351,110.3,48.0,12,19292
1783075885.652,44,3,2351,110.3,47.7,12,19291
1783075885.853,44,3,2351,110.3,48.4,12,19292
1783075886.054,44,3,2351,106.6,47.7,12,19292
1783075886.255,44,3,2351,106.6,48.9,12,19292
1783075886.455,44,3,2351,105.5,47.8,12,19292
1783075886.656,44,3,2351,105.5,47.9,12,19292
1783075886.857,44,3,2351,105.5,48.7,12,19292
1783075887.058,44,3,2351,106.0,48.5,12,19292
1783075887.258,44,3,2351,106.0,47.8,12,19296
1783075887.459,38,3,2351,106.3,47.8,12,19296
1783075887.660,38,3,2351,106.3,48.4,12,19294
1783075887.861,38,3,2351,106.3,48.8,12,19295
1783075888.061,38,3,2351,106.8,48.5,12,19295
1783075888.262,38,3,2351,106.8,49.1,12,19292
1783075888.463,46,3,2351,108.0,48.1,12,19293
1783075888.663,46,3,2351,108.0,48.8,12,19293
1783075888.864,46,3,2351,108.0,48.6,12,19293
1783075889.065,46,3,2351,109.3,47.6,12,19293
1783075889.266,46,3,2351,109.3,48.5,12,19293
1783075889.466,49,3,2351,108.6,49.0,12,19293
1783075889.667,49,3,2351,108.6,48.0,12,19293
1783075889.868,49,3,2351,108.6,48.1,12,19293
1783075890.069,49,3,2351,107.4,47.8,12,19292
1783075890.269,49,3,2351,107.4,43.3,11,19292
1783075890.470,26,0,2351,102.3,31.9,9,19293
1783075890.671,26,0,2351,102.3,5.2,1,19294
1783075890.871,26,0,2351,102.3,4.6,1,19295
1783075891.072,26,0,2351,84.1,4.8,1,19295
1783075891.273,26,0,2351,84.1,4.6,1,19295
1783075891.473,5,0,2351,68.0,4.6,1,19295
1783075891.674,5,0,2351,68.0,5.0,1,19295
1783075891.875,5,0,2351,68.0,4.6,1,19295
1783075892.075,5,0,2351,67.7,4.4,1,19295
1783075892.276,5,0,2351,67.7,7.8,1,19295
1783075892.476,12,0,2351,64.5,33.7,8,19292
1783075892.677,12,0,2351,64.5,42.9,10,19292
1783075892.881,12,0,2351,64.5,61.0,14,19295
1783075893.082,12,0,2351,75.3,67.9,18,19296
1783075893.282,12,0,2351,75.3,56.8,14,19296
1783075893.483,43,3,2351,98.9,53.0,13,19296
1783075893.684,43,3,2351,98.9,53.5,13,19296
1783075893.884,43,3,2351,98.9,52.5,13,19296
1783075894.085,43,3,2351,106.9,52.2,13,19296
1783075894.285,43,3,2351,106.9,50.5,12,19296
1783075894.486,49,3,2351,107.0,52.2,12,19298
1783075894.687,49,3,2351,107.0,59.2,16,19298
1783075894.892,49,3,2351,107.0,73.6,21,19298
1783075895.092,49,3,2351,106.7,57.5,12,19298
1783075895.293,49,3,2351,106.7,55.7,12,19299
1783075895.494,43,3,2351,104.0,53.4,12,19295
1783075895.695,43,3,2351,104.0,54.3,11,19295
1783075895.895,43,3,2351,104.0,56.3,13,19295
1783075896.096,43,3,2351,106.1,53.6,12,19295
1783075896.297,43,3,2351,106.1,53.9,12,19295
1783075896.501,44,3,2351,109.2,67.3,17,19295
1783075896.702,44,3,2351,109.2,61.7,14,19296
1783075896.903,44,3,2351,109.2,49.1,11,19300
1783075897.103,44,3,2351,107.5,49.3,12,19307
1783075897.304,44,3,2351,107.5,49.1,12,19307
1783075897.505,45,3,2351,106.1,48.5,12,19305
1783075897.706,45,3,2351,106.1,48.0,12,19305
1783075897.906,45,3,2351,106.1,49.2,12,19307
1783075898.107,45,3,2351,106.9,48.9,12,19307
1783075898.308,45,3,2351,106.9,47.7,12,19307
1783075898.508,43,3,2351,108.0,48.7,12,19307
1783075898.709,43,3,2351,108.0,47.8,12,19307
1783075898.910,43,3,2351,108.0,48.1,12,19308
1783075899.110,43,3,2351,107.4,48.2,12,19308
1783075899.311,43,3,2351,107.4,47.8,12,19307
1783075899.512,43,3,2351,106.4,48.0,12,19307
1783075899.713,43,3,2351,106.4,49.1,12,19307
1783075899.913,43,3,2351,106.4,48.7,12,19307
1783075900.114,43,3,2351,107.7,48.5,12,19307
1783075900.315,43,3,2351,107.7,48.1,12,19307
1783075900.516,44,3,2351,108.3,47.5,12,19307
1783075900.716,44,3,2351,108.3,55.9,14,19307
1783075900.917,44,3,2351,108.3,50.0,12,19308
1783075901.118,44,3,2351,108.4,58.6,12,19312
1783075901.318,44,3,2351,108.4,54.5,12,19313
1783075901.519,39,3,2351,107.3,49.3,12,19313
1783075901.720,39,3,2351,107.3,45.9,11,19309
1783075901.920,39,3,2351,107.3,45.3,11,19308
1783075902.121,39,3,2351,106.0,26.2,9,19307
1783075902.321,39,3,2351,106.0,5.2,1,19307
1783075902.522,0,0,2351,88.7,4.8,1,19307
1783075902.723,0,0,2351,88.7,4.8,1,19307
1783075902.924,0,0,2351,88.7,4.8,1,19307
1783075903.124,0,0,2351,70.8,5.4,1,19308
1783075903.327,0,0,2351,70.8,5.0,1,19308
1783075903.528,11,0,2351,67.8,5.2,1,19308
1783075903.728,11,0,2351,67.8,4.6,1,19308
1783075903.929,11,0,2351,67.8,9.8,1,19309
1783075904.131,11,0,2351,64.0,33.8,8,19309
1783075904.331,11,0,2351,64.0,41.8,8,19321
1783075904.532,0,0,2351,61.1,45.2,12,19325
1783075904.733,0,0,2351,61.1,45.7,12,19325
1783075904.934,0,0,2351,61.1,46.1,12,19325
1783075905.135,0,0,2351,61.6,45.6,12,19325
1783075905.338,0,0,2351,61.6,47.3,12,19325
1783075905.539,6,0,2351,61.1,45.4,12,19331
1783075905.742,6,0,2351,61.1,48.2,11,19336
1783075905.943,6,0,2351,61.1,46.6,11,19346
1783075906.147,6,0,2351,61.7,45.6,12,19351
1783075906.348,6,0,2351,61.7,45.6,12,19351
1783075906.550,12,0,2351,62.0,45.1,12,19351
1783075906.751,12,0,2351,62.0,45.1,11,19353
1783075906.951,12,0,2351,61.6,45.5,12,19365
1783075907.152,12,0,2351,61.6,46.1,12,19367
1783075907.353,12,0,2351,61.6,50.5,12,19360
1783075907.556,12,0,2351,61.5,47.3,12,19365
1783075907.757,12,0,2351,61.5,46.1,12,19361
1783075907.957,12,0,2351,61.5,46.3,12,19362
1783075908.158,12,0,2351,61.5,46.3,12,19369
1783075908.359,12,0,2351,61.5,49.6,13,19371
1783075908.560,12,0,2351,61.7,53.7,13,19371
1783075908.763,12,0,2351,61.7,50.0,13,19382
1783075908.964,12,0,2351,61.3,46.7,12,19382
1783075909.164,12,0,2351,61.3,54.1,14,19382
1783075909.365,12,0,2351,61.3,55.5,14,19383
1783075909.566,11,0,2351,61.2,74.2,18,19384
1783075909.767,11,0,2351,61.2,66.0,19,19383
1783075909.968,11,0,2351,61.0,52.1,14,19384
1783075910.168,11,0,2351,61.0,48.0,12,19384
1783075910.369,11,0,2351,61.0,49.7,13,19384
1783075910.570,6,0,2351,61.3,48.4,12,19392
1783075910.770,6,0,2351,61.3,47.9,13,19396
1783075910.971,6,0,2351,61.5,48.0,12,19407
1783075911.172,6,0,2351,61.5,55.8,13,19409
1783075911.373,6,0,2351,61.5,57.8,14,19409
1783075911.574,6,0,2351,61.6,51.2,12,19409
1783075911.775,6,0,2351,61.6,53.6,12,19410
1783075911.975,6,0,2351,60.7,50.2,12,19410
1783075912.176,6,0,2351,60.7,50.7,12,19410
1783075912.376,6,0,2351,60.7,61.0,16,19410
1783075912.577,6,0,2351,60.7,61.3,14,19412
1783075912.778,6,0,2351,60.7,50.0,12,19411
1783075912.978,6,0,2351,61.0,51.3,12,19411
1783075913.179,6,0,2351,61.0,50.2,12,19419
1783075913.380,6,0,2351,61.0,46.5,11,19427
1783075913.580,6,0,2351,61.3,46.3,12,19433
1783075913.781,6,0,2351,61.3,44.6,11,19435
1783075913.982,6,0,2351,61.3,41.7,10,19436
1783075914.183,6,0,2351,61.3,38.6,9,19436
1783075914.383,6,0,2351,61.3,29.7,8,19436
1783075914.584,6,0,2351,61.1,5.0,1,19436
1783075914.785,6,0,2351,61.1,4.6,1,19436
1783075914.985,6,0,2351,61.0,5.0,1,19436
1783075915.186,6,0,2351,61.0,4.6,1,19436
1783075915.387,6,0,2351,61.0,4.8,1,19436
1783075915.587,6,0,2351,60.8,4.8,1,19436
1783075915.788,6,0,2351,60.8,4.6,1,19436
1783075915.989,6,0,2351,61.5,30.2,8,19374
1783075916.190,6,0,2351,61.5,37.6,8,19402
1783075916.390,6,0,2351,61.5,46.3,12,19417
1783075916.591,0,0,2351,61.7,45.3,12,19420
1783075916.792,0,0,2351,61.7,46.1,12,19408
1783075916.992,0,0,2351,61.8,45.0,12,19410
1783075917.193,0,0,2351,61.8,46.2,12,19415
1783075917.393,0,0,2351,61.8,45.6,12,19426
1783075917.594,1,0,2351,61.6,45.7,12,19426
1783075917.795,1,0,2351,61.6,44.9,12,19437
1783075917.995,1,0,2351,61.6,45.5,12,19444
1783075918.196,1,0,2351,61.6,46.4,12,19444
1783075918.397,1,0,2351,61.6,46.0,12,19446
1783075918.597,1,0,2351,61.7,45.7,12,19446
1783075918.798,1,0,2351,61.7,45.4,12,19444
1783075918.998,1,0,2351,61.7,46.5,12,19444
1783075919.199,1,0,2351,61.7,46.0,12,19444
1783075919.400,1,0,2351,61.7,45.5,12,19444
1783075919.600,5,0,2351,51.6,45.9,12,19451
1783075919.801,5,0,2351,51.6,46.5,12,19449
1783075920.001,5,0,2351,33.7,45.9,12,19449
1783075920.202,5,0,2351,33.7,46.4,12,19449
1783075920.403,5,0,2351,33.7,46.0,12,19450
1783075920.603,13,1,2351,22.9,45.5,12,19450
1783075920.804,13,1,2351,22.9,45.8,12,19448
1783075921.005,13,1,2351,19.9,45.7,12,19448
1783075921.205,13,1,2351,19.9,46.1,12,19448
1783075921.406,13,1,2351,19.9,45.1,12,19448
1783075921.607,4,0,2351,18.1,46.8,12,19448
1783075921.807,4,0,2351,18.1,45.2,12,19447
1783075922.008,4,0,2351,17.9,45.0,12,19451
1783075922.208,4,0,2351,17.9,46.4,12,19454
1783075922.409,4,0,2351,17.9,45.6,12,19454
1783075922.610,4,0,2351,22.5,45.4,12,19455
1783075922.810,4,0,2351,22.5,45.8,12,19453
1783075923.011,4,0,2351,22.0,46.4,12,19453
1783075923.212,4,0,2351,22.0,46.0,12,19453
1783075923.412,4,0,2351,22.0,46.0,12,19461
1783075923.613,14,1,2351,15.5,45.2,12,19462
1783075923.813,14,1,2351,15.5,45.2,12,19460
1783075924.014,14,1,2351,12.8,46.0,12,19460
1783075924.215,14,1,2351,12.8,45.6,12,19460
1783075924.415,14,1,2351,12.8,46.4,12,19460
1783075924.616,6,1,2351,13.0,45.5,12,19460
1783075924.817,6,1,2351,13.0,44.4,11,19459
1783075925.017,6,1,2351,13.9,41.9,11,19459
1783075925.218,6,1,2351,13.9,43.3,11,19459
1783075925.418,6,1,2351,13.9,40.4,9,19459
1783075925.619,6,1,2351,15.6,36.9,9,19459
1783075925.820,6,1,2351,15.6,11.7,2,19459
1783075926.021,6,1,2351,19.4,26.0,6,19460
1783075926.222,6,1,2351,19.4,12.8,3,19460
1783075926.423,6,1,2351,19.4,9.2,2,19460
1783075926.623,12,1,2351,20.8,8.9,2,19460
1783075926.824,12,1,2351,20.8,7.9,2,19460
1783075927.025,12,1,2351,17.2,5.4,1,19462
1783075927.228,12,1,2351,17.2,30.8,8,19434
1783075927.429,12,1,2351,17.2,53.5,12,19434
1783075927.629,6,1,2351,16.2,53.2,11,19418
1783075927.830,6,1,2351,16.2,50.6,11,19421
1783075928.030,6,1,2351,14.7,50.2,12,19442
1783075928.231,6,1,2351,14.7,54.4,12,19443
1783075928.431,6,1,2351,14.7,51.6,11,19453
1783075928.632,6,0,2351,14.8,50.0,12,19454
1783075928.832,6,0,2351,14.8,69.1,17,19453
1783075929.032,6,0,2351,15.5,56.4,12,19447
1783075929.233,6,0,2351,15.5,48.8,12,19454
1783075929.434,6,0,2351,15.5,45.2,12,19454
1783075929.634,0,0,2351,13.6,44.8,11,19448
1783075929.835,0,0,2351,13.6,44.5,12,19447
1783075930.036,0,0,2351,14.1,45.2,12,19447
1783075930.238,0,0,2351,14.1,45.6,12,19447
1783075930.438,0,0,2351,14.1,45.2,12,19447
1783075930.639,0,1,2351,13.9,46.1,12,19442
1783075930.840,0,1,2351,13.9,44.5,12,19442
1783075931.043,0,1,2351,15.2,48.4,13,19441
1783075931.244,0,1,2351,15.2,44.8,11,19445
1783075931.445,0,1,2351,15.2,46.2,12,19445
1783075931.646,4,1,2351,14.9,45.0,12,19445
1783075931.846,4,1,2351,14.9,44.9,12,19445
1783075932.050,4,1,2351,14.7,45.0,12,19445
1783075932.251,4,1,2351,14.7,45.9,12,19445
1783075932.453,4,1,2351,14.7,44.9,9,19446
1783075932.656,6,0,2351,15.6,44.7,12,19446
1783075932.857,6,0,2351,15.6,44.6,12,19446
1783075933.057,6,0,2351,17.5,44.5,12,19448
1783075933.258,6,0,2351,17.5,48.4,12,19448
1783075933.459,6,1,2351,17.4,45.7,12,19450
1783075933.660,6,1,2351,17.4,45.2,12,19459
1783075933.861,6,1,2351,17.4,44.8,12,19460
1783075934.063,6,1,2351,18.3,45.7,12,19464
1783075934.264,6,1,2351,18.3,44.6,12,19495
1783075934.464,6,1,2351,19.9,45.2,11,19508
1783075934.665,6,1,2351,19.9,45.1,12,19508
1783075934.868,6,1,2351,19.9,45.7,12,19508
1783075935.069,6,1,2351,20.9,45.2,12,19508
1783075935.269,6,1,2351,20.9,44.5,12,19508
1783075935.470,12,1,2351,19.3,46.2,12,19509
1783075935.671,12,1,2351,19.3,45.2,12,19509
1783075935.871,12,1,2351,19.3,45.0,12,19510
1783075936.073,12,1,2351,19.3,45.0,12,19512
1783075936.273,12,1,2351,19.3,45.9,12,19510
1783075936.476,6,1,2351,23.4,44.6,11,19515
1783075936.676,6,1,2351,23.4,45.3,11,19512
1783075936.877,6,1,2351,23.4,39.6,10,19513
1783075937.078,6,1,2351,19.5,37.0,9,19513
1783075937.278,6,1,2351,19.5,26.3,8,19522
1783075937.479,13,1,2351,17.8,5.1,1,19522
1783075937.680,13,1,2351,17.8,4.6,1,19522
1783075937.881,13,1,2351,17.8,4.4,1,19522
1783075938.082,13,1,2351,17.9,5.0,1,19522
1783075938.282,13,1,2351,17.9,4.4,1,19522
1783075938.483,6,1,2351,16.8,4.6,1,19522
