config,rep,stream_id,fidx,read_pre_ms,infer_ms,post_ms,other_ms,eff_ms,miss
none,0,0,30,5.874,6.918,3.917,0.015,16.724,0
none,0,0,31,5.869,7.706,1.566,0.012,15.154,0
none,0,0,32,5.765,7.001,3.521,0.012,16.299,0
none,0,0,33,5.871,6.939,2.724,0.012,15.546,0
none,0,0,34,5.72,7.199,3.555,0.033,16.506,0
none,0,0,35,5.681,8.508,2.444,0.014,16.647,0
none,0,0,36,5.894,10.005,1.941,0.013,17.854,0
none,0,0,37,5.768,7.397,2.606,0.013,15.784,0
none,0,0,38,5.826,8.026,4.084,0.016,17.953,0
none,0,0,39,7.407,7.308,2.632,0.013,17.36,0
none,0,0,40,6.342,8.168,2.416,0.012,16.938,0
none,0,0,41,6.004,8.119,1.914,0.012,16.049,0
none,0,0,42,5.847,8.095,3.63,0.012,17.585,0
none,0,0,43,6.154,7.172,1.734,0.012,15.072,0
none,0,0,44,5.792,7.064,2.588,0.015,15.46,0
none,0,0,45,6.035,8.438,2.49,0.016,16.98,0
none,0,0,46,6.055,8.034,4.704,0.015,18.808,0
none,0,0,47,5.969,9.156,2.077,0.013,17.215,0
none,0,0,48,5.816,7.79,3.202,0.013,16.821,0
none,0,0,49,5.885,7.153,4.352,0.013,17.403,0
none,0,0,50,5.701,7.423,3.6,0.013,16.738,0
none,0,0,51,5.719,7.339,3.64,0.014,16.712,0
none,0,0,52,5.954,11.36,3.464,0.013,20.791,0
none,0,0,53,5.79,8.745,2.784,0.013,17.332,0
none,0,0,54,5.621,7.455,3.455,0.018,16.549,0
none,0,0,55,5.836,9.738,2.854,0.015,18.444,0
none,0,0,56,5.714,8.023,3.44,0.016,17.194,0
none,0,0,57,5.866,9.21,5.012,0.014,20.102,0
none,0,0,58,5.676,8.879,5.785,0.017,20.357,0
none,0,0,59,7.308,9.781,3.087,0.017,20.192,0
none,0,0,60,5.833,9.474,3.833,0.018,19.158,0
none,0,0,61,6.407,8.957,4.779,0.016,20.16,0
none,0,0,62,6.207,10.19,3.827,0.029,20.252,0
none,0,0,63,10.323,7.453,4.219,0.019,22.014,0
none,0,0,64,6.677,7.279,3.721,0.013,17.69,0
none,0,0,65,5.628,9.055,5.35,0.016,20.049,0
none,0,0,66,7.595,7.662,3.656,0.016,18.928,0
none,0,0,67,6.335,6.986,3.017,0.017,16.354,0
none,0,0,68,5.938,7.258,3.168,0.015,16.38,0
none,0,0,69,5.807,10.835,1.428,0.014,18.084,0
none,0,0,70,5.574,7.53,1.507,0.013,14.623,0
none,0,0,71,5.567,8.022,1.795,0.013,15.397,0
none,0,0,72,5.605,7.811,2.509,0.015,15.94,0
none,0,0,73,5.897,8.666,1.662,0.014,16.238,0
none,0,0,74,5.642,7.281,1.528,0.013,14.464,0
none,0,0,75,5.72,7.279,1.526,0.012,14.537,0
none,0,0,76,5.593,7.498,2.248,0.013,15.352,0
none,0,0,77,5.689,8.937,3.151,0.014,17.792,0
none,0,0,78,5.919,7.554,3.448,0.014,16.936,0
none,0,0,79,6.413,8.769,2.487,0.016,17.684,0
none,0,0,80,5.743,9.519,1.847,0.015,17.123,0
none,0,0,81,5.735,9.214,3.207,0.016,18.173,0
none,0,0,82,5.691,7.681,2.108,0.018,15.498,0
none,0,0,83,5.786,8.035,2.143,0.015,15.979,0
none,0,0,84,6.886,7.019,2.074,0.013,15.993,0
none,0,0,85,5.847,6.949,2.455,0.013,15.266,0
none,0,0,86,6.217,7.126,1.791,0.014,15.148,0
none,0,0,87,6.669,8.131,2.276,0.014,17.09,0
none,0,0,88,6.157,6.871,1.918,0.013,14.959,0
none,0,0,89,6.298,7.391,1.799,0.013,15.501,0
none,0,0,90,5.816,7.324,3.171,0.013,16.324,0
none,0,0,91,5.758,8.187,1.842,0.014,15.801,0
none,0,0,92,5.892,9.382,2.167,0.013,17.454,0
none,0,0,93,5.997,7.025,2.028,0.014,15.064,0
none,0,0,94,5.821,7.375,1.392,0.014,14.602,0
none,0,0,95,5.819,10.876,1.624,0.037,18.356,0
none,0,0,96,5.815,7.01,5.079,0.015,17.92,0
none,0,0,97,5.817,7.595,6.638,0.015,20.065,0
none,0,0,98,5.749,6.959,3.178,0.015,15.901,0
none,0,0,99,5.922,7.036,2.241,0.014,15.213,0
none,0,0,100,5.707,6.929,2.157,0.013,14.807,0
none,0,0,101,5.715,10.161,3.257,0.015,19.147,0
none,0,0,102,5.894,8.105,2.868,0.015,16.881,0
none,0,0,103,5.711,8.136,3.302,0.014,17.163,0
none,0,0,104,5.841,7.181,3.512,0.014,16.549,0
none,0,0,105,5.754,8.543,2.092,0.013,16.403,0
none,0,0,106,5.724,7.17,1.908,0.014,14.816,0
none,0,0,107,6.607,6.665,2.974,0.014,16.26,0
none,0,0,108,5.911,8.034,2.148,0.013,16.106,0
none,0,0,109,5.763,6.992,2.631,0.013,15.399,0
none,0,0,110,5.817,8.269,3.559,0.016,17.661,0
none,0,0,111,5.871,8.587,2.524,0.014,16.997,0
none,0,0,112,6.122,7.504,2.245,0.015,15.887,0
none,0,0,113,5.809,7.323,2.398,0.013,15.543,0
none,0,0,114,5.855,8.12,1.836,0.013,15.825,0
none,0,0,115,5.679,7.959,2.215,0.014,15.867,0
none,0,0,116,5.89,7.551,3.093,0.014,16.548,0
none,0,0,117,6.028,9.382,2.479,0.015,17.904,0
none,0,0,118,6.073,7.789,3.508,0.015,17.384,0
none,0,0,119,6.388,8.005,2.91,0.019,17.323,0
none,0,0,120,9.249,8.159,1.729,0.013,19.151,0
none,0,0,121,5.91,9.604,3.206,0.015,18.735,0
none,0,0,122,5.887,7.547,4.462,0.013,17.91,0
none,0,0,123,5.679,7.223,3.604,0.012,16.518,0
none,0,0,124,5.687,7.892,2.843,0.013,16.435,0
none,0,0,125,5.736,8.32,3.82,0.015,17.891,0
none,0,0,126,5.817,9.432,4.373,0.018,19.64,0
none,0,0,127,6.675,8.184,4.788,0.015,19.662,0
none,0,0,128,5.846,9.335,5.203,0.013,20.397,0
none,0,0,129,5.636,9.198,3.421,0.015,18.269,0
none,0,0,130,5.779,8.297,5.742,0.016,19.833,0
none,0,0,131,5.912,11.033,1.837,0.014,18.795,0
none,0,0,132,6.236,7.423,4.837,0.014,18.511,0
none,0,0,133,5.907,9.081,3.828,0.014,18.83,0
none,0,0,134,6.073,6.978,2.7,0.011,15.762,0
none,0,0,135,5.805,7.355,2.578,0.014,15.753,0
none,0,0,136,7.524,9.927,5.196,0.019,22.666,0
none,0,0,137,5.977,14.633,9.606,0.021,30.238,0
none,0,0,138,8.518,8.316,3.768,0.019,20.621,0
none,0,0,139,6.908,10.706,1.672,0.015,19.301,0
none,0,0,140,5.909,9.088,5.403,0.019,20.419,0
none,0,0,141,7.534,7.632,3.229,0.015,18.409,0
none,0,0,142,7.127,9.661,4.666,0.03,21.485,0
none,0,0,143,5.963,12.775,2.86,0.019,21.617,0
none,0,0,144,6.205,9.055,14.458,0.047,29.765,0
none,0,0,145,9.359,9.415,1.888,0.018,20.681,0
none,0,0,146,5.965,7.036,1.548,0.017,14.565,0
none,0,0,147,6.018,7.501,3.704,0.016,17.239,0
none,0,0,148,7.773,8.673,6.022,0.016,22.483,0
none,0,0,149,5.868,8.05,5.839,0.041,19.797,0
none,0,0,150,6.904,6.947,2.309,0.014,16.174,0
none,0,0,151,6.73,6.922,1.9,0.013,15.565,0
none,0,0,152,5.843,7.966,3.466,0.016,17.291,0
none,0,0,153,6.685,13.541,5.007,0.031,25.265,0
none,0,0,154,5.944,14.507,11.981,0.016,32.448,0
none,0,0,155,10.785,8.811,4.541,0.017,24.154,0
none,0,0,156,6.749,8.97,5.86,0.045,21.624,0
none,0,0,157,6.721,7.545,2.265,0.015,16.545,0
none,0,0,158,5.828,7.951,1.852,0.015,15.646,0
none,0,0,159,6.062,8.339,5.372,0.018,19.791,0
none,0,0,160,6.598,7.758,2.264,0.014,16.634,0
none,0,0,161,6.062,7.069,2.601,0.275,16.006,0
none,0,0,162,6.116,7.537,1.81,0.346,15.811,0
none,0,0,163,6.516,10.548,7.336,0.022,24.422,0
none,0,0,164,7.761,7.766,4.945,0.02,20.492,0
none,0,0,165,6.059,7.146,2.605,0.015,15.825,0
none,0,0,166,5.998,7.254,1.979,0.013,15.244,0
none,0,0,167,5.762,7.404,2.245,0.015,15.426,0
none,0,0,168,6.704,7.402,2.072,0.017,16.195,0
none,0,0,169,6.748,7.414,4.49,0.019,18.672,0
none,0,0,170,6.518,7.656,2.653,0.017,16.844,0
none,0,0,171,6.446,8.354,1.67,0.018,16.488,0
none,0,0,172,6.161,7.177,2.731,0.019,16.088,0
none,0,0,173,6.268,7.51,1.891,0.016,15.685,0
none,0,0,174,6.32,7.517,2.118,0.015,15.97,0
none,0,0,175,7.614,7.916,3.3,0.015,18.845,0
none,0,0,176,5.953,7.734,3.283,0.019,16.989,0
none,0,0,177,6.408,7.771,13.909,0.019,28.107,0
none,0,0,178,6.154,8.104,9.144,0.021,23.423,0
none,0,0,179,7.211,9.541,4.835,0.021,21.607,0
none,0,0,180,5.76,7.641,3.806,0.019,17.225,0
none,0,0,181,7.779,7.38,4.219,0.02,19.397,0
none,0,0,182,7.705,15.749,2.471,0.02,25.945,0
none,0,0,183,8.432,8.976,3.54,0.019,20.968,0
none,0,0,184,5.816,10.309,9.149,0.02,25.294,0
none,0,0,185,6.237,8.309,5.613,0.025,20.184,0
none,0,0,186,6.413,13.123,11.332,0.04,30.908,0
none,0,0,187,8.873,11.625,4.06,0.027,24.585,0
none,0,0,188,6.141,10.58,2.477,0.017,19.215,0
none,0,0,189,8.668,7.414,3.917,0.022,20.022,0
none,0,0,190,7.393,7.488,2.281,0.019,17.181,0
none,0,0,191,7.484,7.259,3.758,0.016,18.517,0
none,0,0,192,5.994,8.376,1.663,0.015,16.048,0
none,0,0,193,6.15,8.227,3.294,0.018,17.689,0
none,0,0,194,6.274,7.389,4.692,0.015,18.37,0
none,0,0,195,9.551,8.825,2.508,0.019,20.902,0
none,0,0,196,6.067,6.947,2.204,0.015,15.234,0
none,0,0,197,8.095,7.568,3.614,0.016,19.293,0
none,0,0,198,6.999,7.611,3.478,0.019,18.107,0
none,0,0,199,6.481,7.75,3.722,0.023,17.977,0
none,0,0,200,6.046,8.244,6.534,0.028,20.852,0
none,0,0,201,6.786,8.394,6.728,0.02,21.928,0
none,0,0,202,6.115,7.494,1.837,0.015,15.462,0
none,0,0,203,7.79,7.298,1.907,0.015,17.01,0
none,0,0,204,6.331,7.782,5.497,0.041,19.651,0
none,0,0,205,7.225,7.492,5.001,0.015,19.733,0
none,0,0,206,5.714,8.716,3.207,0.016,17.653,0
none,0,0,207,5.859,8.584,3.412,0.018,17.872,0
none,0,0,208,6.754,7.679,2.577,0.025,17.035,0
none,0,0,209,6.18,7.732,1.924,0.013,15.849,0
none,0,0,210,6.389,7.949,4.587,0.016,18.941,0
none,0,0,211,6.637,7.609,4.078,0.018,18.343,0
none,0,0,212,6.098,9.014,3.112,0.02,18.244,0
none,0,0,213,5.649,9.248,2.667,0.019,17.582,0
none,0,0,214,6.012,12.524,3.591,0.027,22.153,0
none,0,0,215,6.2,8.436,4.053,0.018,18.707,0
none,0,0,216,5.617,7.767,5.055,0.019,18.457,0
none,0,0,217,7.093,7.654,2.562,0.021,17.33,0
none,0,0,218,7.471,7.654,4.135,0.018,19.277,0
none,0,0,219,7.402,8.041,6.932,0.016,22.391,0
none,0,0,220,6.132,7.658,3.981,0.016,17.787,0
none,0,0,221,6.336,8.314,2.238,0.015,16.902,0
none,0,0,222,7.207,8.867,12.538,0.021,28.633,0
none,0,0,223,5.762,7.257,2.784,0.019,15.823,0
none,0,0,224,6.657,7.379,2.582,0.016,16.634,0
none,0,0,225,8.052,7.132,2.348,0.015,17.547,0
none,0,0,226,6.115,6.955,3.336,0.015,16.421,0
none,0,0,227,5.56,7.186,3.583,0.015,16.344,0
none,0,0,228,6.542,7.407,2.32,0.017,16.286,0
none,0,0,229,6.127,9.093,2.865,0.016,18.101,0
none,0,0,230,5.989,7.606,4.704,0.017,18.316,0
none,0,0,231,5.756,7.309,4.658,0.017,17.74,0
none,0,0,232,5.793,7.647,4.195,0.015,17.65,0
none,0,0,233,6.162,8.622,4.236,0.016,19.035,0
none,0,0,234,7.713,8.191,3.59,0.018,19.512,0
none,0,0,235,6.005,7.04,2.084,0.015,15.144,0
none,0,0,236,6.698,7.851,3.033,0.017,17.598,0
none,0,0,237,6.607,7.625,4.669,0.017,18.918,0
none,0,0,238,5.543,7.292,2.377,0.015,15.226,0
none,0,0,239,6.149,7.438,2.872,0.015,16.474,0
none,0,0,240,5.8,7.984,2.942,0.017,16.742,0
none,0,0,241,7.061,7.757,7.475,0.021,22.314,0
none,0,0,242,7.166,7.843,13.667,0.019,28.696,0
none,0,0,243,6.669,7.313,2.136,0.016,16.135,0
none,0,0,244,9.931,8.984,2.951,0.017,21.883,0
none,0,0,245,5.769,7.464,3.387,0.016,16.636,0
none,0,0,246,5.623,7.569,3.528,0.016,16.737,0
none,0,0,247,5.944,7.922,3.4,0.017,17.283,0
none,0,0,248,6.071,8.64,2.968,0.022,17.701,0
none,0,0,249,6.551,9.26,3.473,0.018,19.303,0
none,0,0,250,6.806,7.999,4.195,0.019,19.018,0
none,0,0,251,6.125,7.377,4.585,0.02,18.108,0
none,0,0,252,6.803,8.604,6.718,0.019,22.144,0
none,0,0,253,7.199,7.636,5.847,0.018,20.701,0
none,0,0,254,6.369,7.5,6.817,0.016,20.702,0
none,0,0,255,6.192,7.248,2.388,0.014,15.842,0
none,0,0,256,6.876,8.136,2.817,0.016,17.845,0
none,0,0,257,6.116,7.839,2.455,0.015,16.425,0
none,0,0,258,6.134,8.296,2.496,0.017,16.943,0
none,0,0,259,5.831,7.794,2.64,0.017,16.282,0
none,0,0,260,6.302,7.879,3.135,0.029,17.346,0
none,0,0,261,5.864,7.453,2.62,0.016,15.953,0
none,0,0,262,5.624,8.799,2.114,0.018,16.555,0
none,0,0,263,5.692,7.791,4.604,0.016,18.103,0
none,0,0,264,6.653,8.378,6.864,0.019,21.914,0
none,0,0,265,6.124,8.181,1.81,0.017,16.132,0
none,0,0,266,7.637,9.305,1.866,0.016,18.824,0
none,0,0,267,7.309,7.226,3.459,0.017,18.011,0
none,0,0,268,6.414,7.055,1.898,0.013,15.381,0
none,0,0,269,9.387,11.833,6.582,0.034,27.836,0
none,0,0,270,6.104,8.825,10.037,0.031,24.997,0
none,0,0,271,5.912,10.17,8.948,0.023,25.053,0
none,0,0,272,6.151,8.738,2.938,0.025,17.852,0
none,0,0,273,8.172,7.497,4.944,0.021,20.634,0
none,0,0,274,9.405,9.523,3.405,0.026,22.359,0
none,0,0,275,5.787,9.651,4.231,0.019,19.688,0
none,0,0,276,6.711,12.269,4.897,0.02,23.896,0
none,0,0,277,8.975,11.036,8.515,0.034,28.56,0
none,0,0,278,13.129,11.021,2.01,0.016,26.176,0
none,0,0,279,6.047,11.294,5.908,0.019,23.268,0
none,0,0,280,8.983,11.209,2.541,0.016,22.75,0
none,0,0,281,5.85,9.196,4.314,0.014,19.374,0
none,0,0,282,8.938,10.556,3.419,0.014,22.929,0
none,0,0,283,7.216,7.442,5.03,0.019,19.706,0
none,0,0,284,7.206,7.893,2.491,0.018,17.607,0
none,0,0,285,6.357,8.724,2.535,0.015,17.631,0
none,0,0,286,5.931,8.147,2.754,0.019,16.851,0
none,0,0,287,6.168,7.683,2.205,0.018,16.074,0
none,0,0,288,5.792,7.546,2.039,0.016,15.393,0
none,0,0,289,8.395,7.143,2.948,0.016,18.502,0
none,0,0,290,8.175,7.166,3.511,0.017,18.87,0
none,0,0,291,6.654,8.659,4.288,0.024,19.625,0
none,0,0,292,5.987,7.771,2.623,0.016,16.397,0
none,0,0,293,6.366,8.037,4.165,0.019,18.587,0
none,0,0,294,6.387,8.403,1.711,0.017,16.518,0
none,0,0,295,7.32,7.107,3.536,0.018,17.981,0
none,0,0,296,10.26,8.594,2.189,0.017,21.06,0
none,0,0,297,5.95,8.744,3.408,0.017,18.118,0
none,0,0,298,5.956,7.934,5.023,0.017,18.93,0
none,0,0,299,6.566,7.866,1.916,0.017,16.365,0
none,0,0,300,6.083,7.535,2.365,0.015,15.999,0
none,0,0,301,7.314,7.924,2.862,0.016,18.116,0
none,0,0,302,6.143,7.533,2.125,0.015,15.816,0
none,0,0,303,8.067,7.956,2.462,0.016,18.502,0
none,0,0,304,6.774,9.291,4.651,0.016,20.731,0
none,0,0,305,6.276,7.776,3.99,0.018,18.06,0
none,0,0,306,6.14,7.492,1.641,0.016,15.289,0
none,0,0,307,6.812,7.914,6.689,0.017,21.432,0
none,0,0,308,7.748,7.609,2.969,0.016,18.342,0
none,0,0,309,5.971,7.271,3.454,0.015,16.711,0
none,0,0,310,6.14,9.542,3.474,0.016,19.172,0
none,0,0,311,5.746,7.549,3.738,0.018,17.051,0
none,0,0,312,6.581,7.34,2.455,0.02,16.395,0
none,0,0,313,6.995,7.658,3.561,0.023,18.238,0
none,0,0,314,6.168,7.324,2.458,0.018,15.968,0
none,0,0,315,6.7,7.23,1.222,0.016,15.167,0
none,0,0,316,6.97,7.413,2.829,0.107,17.319,0
none,0,0,317,6.822,6.848,9.796,0.018,23.483,0
none,0,0,318,6.409,7.684,2.303,0.016,16.412,0
none,0,0,319,5.819,7.462,8.034,0.021,21.336,0
none,0,0,320,6.333,7.592,2.787,0.02,16.733,0
none,0,0,321,5.824,10.136,6.364,0.018,22.342,0
none,0,0,322,6.536,8.82,2.498,0.017,17.871,0
none,0,0,323,6.036,8.215,2.324,0.017,16.592,0
none,0,0,324,6.986,7.133,3.456,0.018,17.593,0
none,0,0,325,5.94,8.561,3.549,0.017,18.067,0
none,0,0,326,6.272,7.929,4.1,0.019,18.319,0
none,0,0,327,6.606,7.337,3.356,0.018,17.318,0
none,0,0,328,7.97,7.536,2.252,0.028,17.786,0
none,0,0,329,6.499,7.77,2.296,0.015,16.581,0
none,0,0,330,6.529,7.202,4.784,0.02,18.535,0
none,0,0,331,7.358,7.764,3.197,0.016,18.334,0
none,0,0,332,6.147,7.681,3.667,0.016,17.511,0
none,0,0,333,6.859,9.079,3.719,0.02,19.677,0
none,0,0,334,6.52,9.445,3.494,0.017,19.475,0
none,0,0,335,6.044,7.872,3.365,0.015,17.296,0
none,0,0,336,7.296,11.298,2.823,0.016,21.432,0
none,0,0,337,8.374,7.381,2.939,0.021,18.715,0
none,0,0,338,6.956,8.424,3.493,0.017,18.89,0
none,0,0,339,5.872,7.939,4.314,0.018,18.143,0
none,0,0,340,5.871,10.264,3.267,0.018,19.42,0
none,0,0,341,7.02,7.625,2.961,0.019,17.625,0
none,0,0,342,7.211,7.05,2.886,0.016,17.163,0
none,0,0,343,8.106,9.044,3.659,0.015,20.824,0
none,0,0,344,7.667,8.922,2.274,0.026,18.889,0
none,0,0,345,6.792,10.143,8.796,0.022,25.753,0
none,0,0,346,6.306,7.507,4.71,0.017,18.54,0
none,0,0,347,8.753,11.954,4.888,0.02,25.616,0
none,0,0,348,6.908,12.628,2.916,0.023,22.475,0
none,0,0,349,10.491,10.0,6.123,0.025,26.64,0
none,0,0,350,10.617,8.624,1.903,0.021,21.165,0
none,0,0,351,6.781,8.682,3.155,0.025,18.643,0
none,0,0,352,6.568,10.975,2.354,0.018,19.915,0
none,0,0,353,6.03,7.195,3.576,0.019,16.821,0
none,0,0,354,5.942,9.257,4.236,0.02,19.455,0
none,0,0,355,5.887,8.023,3.118,0.02,17.048,0
none,0,0,356,7.841,7.577,3.155,0.018,18.59,0
none,0,0,357,7.107,10.135,3.569,0.087,20.898,0
none,0,0,358,6.255,7.739,6.37,0.073,20.437,0
none,0,0,359,6.45,7.813,1.923,0.015,16.201,0
none,0,0,360,5.963,7.919,4.623,0.016,18.521,0
none,0,0,361,5.935,7.219,1.446,0.015,14.615,0
none,0,0,362,9.291,7.707,1.438,0.02,18.456,0
none,0,0,363,6.513,7.566,2.307,0.016,16.402,0
none,0,0,364,5.885,7.928,2.725,0.016,16.554,0
none,0,0,365,7.01,12.311,2.453,0.019,21.793,0
none,0,0,366,7.834,7.173,3.277,0.026,18.311,0
none,0,0,367,6.452,9.142,2.276,0.018,17.888,0
none,0,0,368,6.246,7.421,2.135,0.016,15.818,0
none,0,0,369,6.414,6.832,4.061,0.018,17.324,0
none,0,0,370,5.935,10.999,2.75,0.016,19.701,0
none,0,0,371,5.853,7.392,2.701,0.019,15.964,0
none,0,0,372,7.509,7.909,3.28,0.015,18.713,0
none,0,0,373,7.195,7.279,3.76,0.016,18.25,0
none,0,0,374,5.916,8.562,2.553,0.018,17.049,0
none,0,0,375,6.648,6.934,2.674,0.016,16.272,0
none,0,0,376,6.497,7.293,2.685,0.016,16.492,0
none,0,0,377,5.919,7.2,4.316,0.018,17.454,0
none,0,0,378,6.629,8.108,11.562,0.031,26.329,0
none,0,0,379,10.218,10.011,4.0,0.017,24.246,0
none,0,0,380,6.172,11.701,8.006,0.019,25.899,0
none,0,0,381,6.212,8.63,2.564,0.016,17.423,0
none,0,0,382,6.198,15.654,11.992,0.02,33.864,1
none,0,0,383,6.026,8.281,2.136,0.016,16.459,0
none,0,0,384,5.926,8.066,3.03,0.017,17.039,0
none,0,0,385,5.78,12.328,4.555,0.025,22.688,0
none,0,0,386,17.428,12.771,9.645,0.026,39.87,1
none,0,0,387,10.401,7.925,1.909,0.015,20.249,0
none,0,0,388,8.788,9.178,8.276,0.022,26.263,0
none,0,0,389,9.409,7.255,1.757,0.016,18.436,0
none,0,0,390,5.675,9.221,2.81,0.016,17.721,0
none,0,0,391,6.142,7.191,3.929,0.015,17.277,0
none,0,0,392,6.205,8.29,3.422,0.018,17.935,0
none,0,0,393,5.743,10.197,3.961,0.018,19.919,0
none,0,0,394,6.265,7.346,3.305,0.016,16.931,0
none,0,0,395,8.302,7.856,2.396,0.016,18.57,0
none,0,0,396,6.107,7.617,4.577,0.021,18.322,0
none,0,0,397,5.682,7.196,2.336,0.014,15.229,0
none,0,0,398,6.623,7.287,3.902,0.017,17.829,0
none,0,0,399,7.006,10.434,3.798,0.017,21.256,0
none,0,0,400,7.697,7.882,1.89,0.019,17.489,0
none,0,0,401,8.229,7.277,2.053,0.016,17.576,0
none,0,0,402,5.831,7.128,4.146,0.017,17.122,0
none,0,0,403,5.705,6.958,2.581,0.014,15.259,0
none,0,0,404,6.182,7.616,2.753,0.017,16.568,0
none,0,0,405,5.681,7.921,2.428,0.015,16.045,0
none,0,0,406,6.101,8.94,3.55,0.015,18.606,0
none,0,0,407,5.703,7.446,4.446,0.015,17.611,0
none,0,0,408,5.972,8.192,5.51,0.019,19.693,0
none,0,0,409,6.232,7.002,3.957,0.024,17.215,0
none,0,0,410,7.195,6.864,2.346,0.017,16.422,0
none,0,0,411,6.903,8.752,2.402,0.018,18.075,0
none,0,0,412,5.712,7.097,2.066,0.013,14.889,0
none,0,0,413,5.547,8.001,2.511,0.013,16.072,0
none,0,0,414,5.704,7.952,3.932,0.013,17.601,0
none,0,0,415,5.576,8.215,3.068,0.011,16.87,0
none,0,0,416,5.882,10.374,2.549,0.015,18.821,0
none,0,0,417,5.921,7.415,3.848,0.016,17.2,0
none,0,0,418,5.828,7.674,1.715,0.012,15.228,0
none,0,0,419,5.699,7.541,2.732,0.016,15.989,0
none,0,0,420,6.681,9.221,3.481,0.016,19.399,0
none,0,0,421,5.994,8.215,3.509,0.018,17.736,0
none,0,0,422,7.058,9.642,4.562,0.014,21.277,0
none,0,0,423,6.692,7.529,1.673,0.013,15.908,0
none,0,0,424,5.931,7.384,3.756,0.015,17.086,0
none,0,0,425,6.98,7.489,2.149,0.015,16.633,0
none,0,0,426,5.965,7.057,1.417,0.013,14.452,0
none,0,0,427,5.892,9.229,2.4,0.012,17.533,0
none,0,0,428,5.77,8.254,3.731,0.014,17.769,0
none,0,0,429,5.844,9.375,5.363,0.015,20.598,0
none,0,0,430,5.83,7.482,2.343,0.014,15.669,0
none,0,0,431,6.081,7.496,2.608,0.013,16.198,0
none,0,0,432,6.844,7.349,3.76,0.015,17.968,0
none,0,0,433,6.936,7.194,1.998,0.013,16.141,0
none,0,0,434,5.826,7.497,5.123,0.014,18.461,0
none,0,0,435,5.699,7.198,2.581,0.014,15.491,0
none,0,0,436,6.1,7.178,1.695,0.012,14.985,0
none,0,0,437,7.114,7.918,4.249,0.013,19.295,0
none,0,0,438,5.898,8.255,3.115,0.013,17.281,0
none,0,0,439,5.9,7.86,2.41,0.016,16.185,0
none,0,0,440,5.838,7.191,1.802,0.012,14.843,0
none,0,0,441,5.883,8.791,1.721,0.014,16.409,0
none,0,0,442,6.016,8.073,2.944,0.015,17.048,0
none,0,0,443,6.425,8.597,4.033,0.014,19.069,0
none,0,0,444,6.021,7.507,2.715,0.013,16.256,0
none,0,0,445,5.775,8.233,3.01,0.016,17.034,0
none,0,0,446,5.826,8.653,2.818,0.015,17.313,0
none,0,0,447,6.028,7.393,1.5,0.013,14.934,0
none,0,0,448,5.955,8.31,1.714,0.012,15.991,0
none,0,0,449,6.083,7.75,3.367,0.013,17.213,0
none,0,0,450,5.954,6.946,4.381,0.013,17.294,0
none,0,0,451,6.842,7.633,2.213,0.012,16.7,0
none,0,0,452,5.684,8.256,3.376,0.015,17.331,0
none,0,0,453,5.757,7.837,3.221,0.018,16.833,0
none,0,0,454,5.704,7.854,3.312,0.016,16.886,0
none,0,0,455,5.766,7.373,2.3,0.013,15.452,0
none,0,0,456,5.567,8.68,3.206,0.015,17.468,0
none,0,0,457,5.69,8.242,3.126,0.015,17.073,0
none,0,0,458,5.579,7.707,2.622,0.011,15.92,0
none,0,0,459,6.281,7.449,3.39,0.013,17.132,0
none,0,0,460,5.568,9.398,2.382,0.017,17.364,0
none,0,0,461,5.535,8.765,1.91,0.015,16.224,0
none,0,0,462,5.547,7.051,1.532,0.011,14.141,0
none,0,0,463,5.735,8.109,3.422,0.012,17.279,0
none,0,0,464,5.999,7.447,1.844,0.011,15.301,0
none,0,0,465,5.814,9.601,1.754,0.012,17.181,0
none,0,0,466,5.457,7.682,2.474,0.015,15.629,0
none,0,0,467,5.518,7.59,1.9,0.011,15.019,0
none,0,0,468,5.502,6.932,3.246,0.013,15.694,0
none,1,0,30,6.446,9.007,2.507,0.014,17.975,0
none,1,0,31,6.527,8.75,2.592,0.014,17.883,0
none,1,0,32,6.724,8.828,3.369,0.034,18.955,0
none,1,0,33,6.521,9.136,5.84,0.016,21.514,0
none,1,0,34,5.745,8.533,7.452,0.017,21.748,0
none,1,0,35,6.068,8.733,4.001,0.014,18.815,0
none,1,0,36,5.69,8.859,1.832,0.015,16.395,0
none,1,0,37,5.858,8.841,5.513,0.014,20.226,0
none,1,0,38,5.923,8.143,5.5,0.013,19.58,0
none,1,0,39,6.03,7.609,1.606,0.013,15.259,0
none,1,0,40,5.988,7.952,4.686,0.012,18.638,0
none,1,0,41,7.225,8.412,3.312,0.014,18.962,0
none,1,0,42,6.619,7.939,3.696,0.014,18.268,0
none,1,0,43,5.76,7.676,2.971,0.012,16.419,0
none,1,0,44,5.691,7.62,2.537,0.012,15.859,0
none,1,0,45,6.183,7.309,1.747,0.012,15.251,0
none,1,0,46,6.011,8.342,2.344,0.012,16.709,0
none,1,0,47,6.173,8.242,2.008,0.011,16.434,0
none,1,0,48,6.666,8.094,2.202,0.013,16.975,0
none,1,0,49,6.443,8.44,2.264,0.017,17.164,0
none,1,0,50,5.616,7.061,2.111,0.013,14.802,0
none,1,0,51,5.681,9.025,3.117,0.012,17.835,0
none,1,0,52,5.601,7.095,1.602,0.012,14.31,0
none,1,0,53,5.594,8.325,4.739,0.012,18.67,0
none,1,0,54,5.607,7.395,2.641,0.013,15.655,0
none,1,0,55,5.572,8.197,3.257,0.014,17.039,0
none,1,0,56,7.019,7.383,2.192,0.014,16.608,0
none,1,0,57,5.716,8.06,2.583,0.012,16.371,0
none,1,0,58,5.678,7.697,2.825,0.014,16.214,0
none,1,0,59,6.498,8.065,2.641,0.013,17.217,0
none,1,0,60,6.579,9.874,4.115,0.014,20.582,0
none,1,0,61,5.613,8.585,2.102,0.013,16.313,0
none,1,0,62,5.71,8.621,2.184,0.013,16.529,0
none,1,0,63,5.602,7.078,3.944,0.014,16.639,0
none,1,0,64,5.602,8.738,2.775,0.015,17.13,0
none,1,0,65,5.858,7.871,5.463,0.014,19.207,0
none,1,0,66,5.554,7.251,4.181,0.011,16.997,0
none,1,0,67,7.226,7.026,3.347,0.013,17.612,0
none,1,0,68,8.202,7.455,3.768,0.014,19.439,0
none,1,0,69,5.6,7.723,4.145,0.015,17.483,0
none,1,0,70,5.859,8.319,1.773,0.014,15.965,0
none,1,0,71,5.674,7.519,2.834,0.014,16.041,0
none,1,0,72,5.643,9.077,4.592,0.015,19.327,0
none,1,0,73,5.892,8.124,3.026,0.014,17.056,0
none,1,0,74,6.051,7.592,3.847,0.013,17.503,0
none,1,0,75,5.683,8.166,3.438,0.013,17.3,0
none,1,0,76,5.651,7.13,2.198,0.014,14.994,0
none,1,0,77,5.901,8.149,2.616,0.012,16.678,0
none,1,0,78,5.982,8.304,4.618,0.015,18.918,0
none,1,0,79,5.652,10.56,2.015,0.013,18.24,0
none,1,0,80,5.835,7.993,2.819,0.012,16.66,0
none,1,0,81,5.659,7.938,2.154,0.013,15.764,0
none,1,0,82,5.787,10.096,2.911,0.014,18.809,0
none,1,0,83,5.612,7.289,2.784,0.013,15.698,0
none,1,0,84,5.619,8.001,3.17,0.013,16.802,0
none,1,0,85,5.732,7.783,5.967,0.017,19.499,0
none,1,0,86,5.579,7.538,3.315,0.012,16.444,0
none,1,0,87,5.803,7.128,3.55,0.014,16.495,0
none,1,0,88,5.706,7.497,3.674,0.013,16.89,0
none,1,0,89,5.764,8.326,3.915,0.013,18.018,0
none,1,0,90,6.087,8.078,2.137,0.014,16.316,0
none,1,0,91,5.589,8.45,1.978,0.012,16.028,0
none,1,0,92,5.571,7.139,5.42,0.015,18.146,0
none,1,0,93,5.885,7.832,2.92,0.014,16.65,0
none,1,0,94,6.111,8.092,2.692,0.013,16.909,0
none,1,0,95,5.877,7.133,1.76,0.015,14.785,0
none,1,0,96,5.817,8.731,1.636,0.015,16.199,0
none,1,0,97,5.619,7.486,2.654,0.013,15.772,0
none,1,0,98,5.774,7.394,5.856,0.014,19.037,0
none,1,0,99,5.727,7.295,6.397,0.014,19.432,0
none,1,0,100,5.799,9.401,2.892,0.015,18.108,0
none,1,0,101,5.85,9.14,3.06,0.014,18.064,0
none,1,0,102,5.751,7.897,5.774,0.015,19.437,0
none,1,0,103,5.714,8.032,4.042,0.014,17.802,0
none,1,0,104,5.769,9.963,3.252,0.015,18.999,0
none,1,0,105,6.48,7.404,2.337,0.013,16.234,0
none,1,0,106,5.858,7.757,4.542,0.019,18.177,0
none,1,0,107,5.77,7.26,1.967,0.012,15.009,0
none,1,0,108,5.664,7.353,2.151,0.012,15.18,0
none,1,0,109,6.758,7.716,1.586,0.012,16.071,0
none,1,0,110,5.718,8.038,2.551,0.014,16.32,0
none,1,0,111,5.702,9.578,2.393,0.016,17.688,0
none,1,0,112,5.78,7.366,2.095,0.013,15.255,0
none,1,0,113,5.701,7.099,2.473,0.013,15.285,0
none,1,0,114,7.843,7.49,3.215,0.014,18.563,0
none,1,0,115,5.75,8.504,4.347,0.014,18.615,0
none,1,0,116,8.362,7.817,4.1,0.015,20.293,0
none,1,0,117,5.77,7.811,3.301,0.015,16.897,0
none,1,0,118,5.825,8.189,2.294,0.018,16.326,0
none,1,0,119,5.612,8.255,2.919,0.014,16.8,0
none,1,0,120,5.811,7.338,1.431,0.012,14.592,0
none,1,0,121,5.717,8.276,1.46,0.012,15.464,0
none,1,0,122,7.02,7.141,5.611,0.015,19.787,0
none,1,0,123,10.749,12.425,2.303,0.017,25.494,0
none,1,0,124,5.874,6.918,2.031,0.014,14.837,0
none,1,0,125,5.773,7.141,2.017,0.012,14.943,0
none,1,0,126,5.974,7.321,7.148,0.016,20.459,0
none,1,0,127,6.062,7.304,3.138,0.016,16.521,0
none,1,0,128,5.889,7.482,2.259,0.013,15.643,0
none,1,0,129,5.763,7.932,1.669,0.013,15.377,0
none,1,0,130,5.785,8.37,2.147,0.013,16.315,0
none,1,0,131,5.746,6.991,3.177,0.014,15.928,0
none,1,0,132,5.888,7.266,4.237,0.017,17.408,0
none,1,0,133,6.044,7.484,1.997,0.012,15.537,0
none,1,0,134,5.967,8.189,2.839,0.014,17.009,0
none,1,0,135,5.969,7.737,2.621,0.013,16.339,0
none,1,0,136,5.983,7.071,4.996,0.015,18.066,0
none,1,0,137,6.469,8.077,4.942,0.016,19.504,0
none,1,0,138,6.99,9.285,2.122,0.014,18.412,0
none,1,0,139,5.765,8.381,2.727,0.014,16.887,0
none,1,0,140,6.017,6.985,1.627,0.012,14.641,0
none,1,0,141,5.942,7.607,2.809,0.014,16.372,0
none,1,0,142,5.948,10.259,1.423,0.014,17.644,0
none,1,0,143,5.833,6.805,2.434,0.014,15.086,0
none,1,0,144,6.479,6.792,2.703,0.013,15.987,0
none,1,0,145,5.915,9.209,1.261,0.012,16.398,0
none,1,0,146,5.79,7.773,3.313,0.014,16.89,0
none,1,0,147,6.152,7.338,1.359,0.014,14.863,0
none,1,0,148,5.715,7.444,3.723,0.014,16.895,0
none,1,0,149,5.836,9.661,2.473,0.014,17.984,0
none,1,0,150,5.934,8.649,2.966,0.012,17.561,0
none,1,0,151,5.757,9.626,2.768,0.015,18.166,0
none,1,0,152,5.748,7.634,3.142,0.013,16.538,0
none,1,0,153,5.887,7.91,1.768,0.016,15.581,0
none,1,0,154,7.011,8.349,2.528,0.014,17.902,0
none,1,0,155,6.131,11.228,1.957,0.014,19.33,0
none,1,0,156,5.882,8.206,4.21,0.013,18.312,0
none,1,0,157,6.159,7.554,2.767,0.016,16.497,0
none,1,0,158,6.877,8.374,3.314,0.013,18.578,0
none,1,0,159,5.732,8.059,3.544,0.013,17.348,0
none,1,0,160,6.557,7.969,2.722,0.014,17.262,0
none,1,0,161,6.041,7.034,1.893,0.012,14.979,0
none,1,0,162,5.993,7.368,2.81,0.015,16.185,0
none,1,0,163,6.731,9.427,2.367,0.012,18.537,0
none,1,0,164,5.693,7.341,2.325,0.012,15.371,0
none,1,0,165,5.715,7.896,1.883,0.012,15.507,0
none,1,0,166,5.734,7.635,3.134,0.012,16.516,0
none,1,0,167,5.775,7.678,3.867,0.015,17.335,0
none,1,0,168,5.714,7.763,3.142,0.013,16.631,0
none,1,0,169,6.009,7.834,1.043,0.012,14.898,0
none,1,0,170,5.846,7.701,1.011,0.014,14.572,0
none,1,0,171,5.898,9.41,1.186,0.012,16.506,0
none,1,0,172,5.809,7.906,1.094,0.012,14.821,0
none,1,0,173,5.783,8.141,2.569,0.016,16.508,0
none,1,0,174,5.72,7.791,2.86,0.016,16.387,0
none,1,0,175,5.7,8.358,2.406,0.014,16.479,0
none,1,0,176,5.753,8.058,2.018,0.015,15.844,0
none,1,0,177,5.707,7.373,2.167,0.013,15.259,0
none,1,0,178,5.687,7.304,1.686,0.013,14.689,0
none,1,0,179,5.885,7.401,3.836,0.012,17.134,0
none,1,0,180,6.035,8.673,1.568,0.013,16.288,0
none,1,0,181,5.723,7.436,2.027,0.013,15.199,0
none,1,0,182,5.844,8.664,2.282,0.013,16.803,0
none,1,0,183,5.85,8.04,1.493,0.017,15.4,0
none,1,0,184,5.688,7.045,4.254,0.016,17.002,0
none,1,0,185,5.737,6.902,1.711,0.015,14.365,0
none,1,0,186,6.49,7.702,4.358,0.016,18.565,0
none,1,0,187,5.794,7.351,2.853,0.081,16.079,0
none,1,0,188,8.721,7.667,3.219,0.014,19.621,0
none,1,0,189,8.222,8.402,2.997,0.016,19.637,0
none,1,0,190,5.808,8.157,2.611,0.018,16.593,0
none,1,0,191,5.929,8.828,3.448,0.014,18.219,0
none,1,0,192,5.713,8.947,3.285,0.018,17.964,0
none,1,0,193,5.872,8.395,2.733,0.025,17.025,0
none,1,0,194,6.089,7.71,2.197,0.014,16.01,0
none,1,0,195,6.749,7.342,2.016,0.012,16.119,0
none,1,0,196,6.692,8.26,2.302,0.014,17.269,0
none,1,0,197,5.901,7.608,2.832,0.015,16.356,0
none,1,0,198,5.734,7.518,4.596,0.019,17.867,0
none,1,0,199,6.425,7.549,1.958,0.013,15.944,0
none,1,0,200,5.948,7.629,2.383,0.012,15.972,0
none,1,0,201,5.983,7.276,2.363,0.012,15.634,0
none,1,0,202,5.863,7.545,2.084,0.013,15.506,0
none,1,0,203,6.143,7.819,3.263,0.013,17.238,0
none,1,0,204,5.618,8.259,2.204,0.015,16.097,0
none,1,0,205,5.91,7.603,1.802,0.013,15.329,0
none,1,0,206,5.898,7.339,2.233,0.015,15.485,0
none,1,0,207,5.579,9.511,4.04,0.015,19.146,0
none,1,0,208,5.875,8.122,2.64,0.014,16.65,0
none,1,0,209,6.377,8.293,1.469,0.014,16.154,0
none,1,0,210,5.66,7.242,1.87,0.013,14.785,0
none,1,0,211,5.61,7.762,5.519,0.013,18.905,0
none,1,0,212,6.708,7.452,1.686,0.013,15.859,0
none,1,0,213,5.726,8.69,2.421,0.018,16.856,0
none,1,0,214,5.882,8.788,2.76,0.017,17.447,0
none,1,0,215,5.881,8.276,2.828,0.015,17.0,0
none,1,0,216,7.13,7.143,2.477,0.012,16.763,0
none,1,0,217,5.976,6.767,2.571,0.013,15.328,0
none,1,0,218,5.836,8.42,1.694,0.012,15.962,0
none,1,0,219,5.72,6.707,1.469,0.012,13.909,0
none,1,0,220,5.91,7.308,1.425,0.012,14.654,0
none,1,0,221,5.956,7.379,2.95,0.013,16.298,0
none,1,0,222,5.698,7.899,2.731,0.012,16.34,0
none,1,0,223,5.755,8.089,1.821,0.014,15.679,0
none,1,0,224,6.393,7.296,2.346,0.013,16.047,0
none,1,0,225,6.087,7.704,2.066,0.012,15.869,0
none,1,0,226,5.763,7.726,2.03,0.011,15.53,0
none,1,0,227,7.702,7.171,1.886,0.012,16.772,0
none,1,0,228,5.62,7.88,2.154,0.012,15.666,0
none,1,0,229,6.403,8.035,4.039,0.015,18.493,0
none,1,0,230,5.686,8.73,3.507,0.014,17.937,0
none,1,0,231,5.607,7.365,4.494,0.014,17.48,0
none,1,0,232,5.538,7.507,3.695,0.014,16.753,0
none,1,0,233,6.802,7.457,2.672,0.014,16.945,0
none,1,0,234,5.582,7.001,2.813,0.013,15.409,0
none,1,0,235,5.953,7.181,3.065,0.014,16.214,0
none,1,0,236,6.896,7.277,2.47,0.013,16.656,0
none,1,0,237,5.649,6.96,2.392,0.014,15.015,0
none,1,0,238,5.779,6.972,2.884,0.013,15.648,0
none,1,0,239,5.791,6.873,2.417,0.013,15.094,0
none,1,0,240,5.68,9.513,1.801,0.012,17.005,0
none,1,0,241,5.718,7.451,1.594,0.012,14.775,0
none,1,0,242,5.525,7.482,1.837,0.014,14.858,0
none,1,0,243,5.558,7.718,3.922,0.064,17.262,0
none,1,0,244,5.624,7.122,3.472,0.014,16.232,0
none,1,0,245,6.071,7.619,1.569,0.014,15.272,0
none,1,0,246,5.617,7.343,4.364,0.013,17.338,0
none,1,0,247,6.17,6.968,2.129,0.013,15.28,0
none,1,0,248,5.735,9.706,2.124,0.015,17.579,0
none,1,0,249,5.653,7.276,3.229,0.014,16.172,0
none,1,0,250,6.299,7.538,2.782,0.013,16.632,0
none,1,0,251,5.741,6.973,5.331,0.016,18.06,0
none,1,0,252,5.878,7.166,1.497,0.013,14.554,0
none,1,0,253,5.867,7.475,2.054,0.014,15.41,0
none,1,0,254,5.744,7.679,1.848,0.014,15.285,0
none,1,0,255,5.854,7.547,5.018,0.015,18.434,0
none,1,0,256,5.852,9.003,3.138,0.015,18.007,0
none,1,0,257,7.643,8.153,2.449,0.015,18.26,0
none,1,0,258,5.713,8.357,2.712,0.015,16.797,0
none,1,0,259,5.677,9.158,2.864,0.019,17.718,0
none,1,0,260,5.905,7.582,2.726,0.016,16.229,0
none,1,0,261,5.56,7.566,1.578,0.013,14.716,0
none,1,0,262,5.765,7.245,2.464,0.013,15.487,0
none,1,0,263,5.591,7.241,4.329,0.016,17.177,0
none,1,0,264,6.945,7.69,4.222,0.014,18.871,0
none,1,0,265,5.903,7.976,1.425,0.013,15.318,0
none,1,0,266,5.63,7.986,3.094,0.013,16.723,0
none,1,0,267,6.524,7.096,1.782,0.014,15.415,0
none,1,0,268,5.731,10.276,1.617,0.013,17.637,0
none,1,0,269,5.693,7.022,1.647,0.014,14.376,0
none,1,0,270,5.784,7.054,3.533,0.013,16.384,0
none,1,0,271,5.775,7.273,2.481,0.014,15.544,0
none,1,0,272,5.63,8.034,2.58,0.015,16.259,0
none,1,0,273,5.992,8.659,5.006,0.016,19.673,0
none,1,0,274,5.705,7.447,1.712,0.012,14.876,0
none,1,0,275,5.682,6.871,2.818,0.011,15.382,0
none,1,0,276,5.642,7.016,1.432,0.013,14.103,0
none,1,0,277,7.983,7.36,1.733,0.013,17.088,0
none,1,0,278,5.816,7.683,1.445,0.013,14.957,0
none,1,0,279,5.731,7.588,5.223,0.014,18.556,0
none,1,0,280,5.753,7.99,2.019,0.013,15.774,0
none,1,0,281,6.1,6.971,2.265,0.012,15.349,0
none,1,0,282,6.103,7.262,2.144,0.013,15.522,0
none,1,0,283,5.678,9.108,6.571,0.016,21.374,0
none,1,0,284,5.689,8.863,2.482,0.014,17.049,0
none,1,0,285,5.583,7.639,2.904,0.012,16.138,0
none,1,0,286,6.625,7.584,2.187,0.015,16.411,0
none,1,0,287,6.095,7.966,1.527,0.017,15.605,0
none,1,0,288,5.967,8.018,1.457,0.014,15.456,0
none,1,0,289,5.877,7.728,2.729,0.015,16.348,0
none,1,0,290,5.689,9.141,2.419,0.016,17.265,0
none,1,0,291,5.794,7.653,2.805,0.013,16.265,0
none,1,0,292,5.662,8.37,2.819,0.012,16.863,0
none,1,0,293,6.172,8.184,1.624,0.014,15.994,0
none,1,0,294,6.125,8.435,1.583,0.013,16.156,0
none,1,0,295,6.036,7.548,1.567,0.012,15.163,0
none,1,0,296,6.053,8.359,2.027,0.014,16.453,0
none,1,0,297,6.405,7.059,3.53,0.018,17.012,0
none,1,0,298,6.581,7.136,2.815,0.014,16.547,0
none,1,0,299,5.761,7.518,2.158,0.023,15.46,0
none,1,0,300,5.956,8.357,1.677,0.012,16.003,0
none,1,0,301,7.235,7.265,1.754,0.015,16.269,0
none,1,0,302,6.051,6.902,4.084,0.012,17.049,0
none,1,0,303,5.676,7.155,2.673,0.013,15.518,0
none,1,0,304,5.744,7.061,1.804,0.013,14.622,0
none,1,0,305,5.686,9.497,1.766,0.014,16.963,0
none,1,0,306,5.766,7.695,3.052,0.013,16.526,0
none,1,0,307,5.829,7.111,1.665,0.014,14.619,0
none,1,0,308,5.718,7.731,2.409,0.015,15.873,0
none,1,0,309,5.895,7.345,3.732,0.014,16.987,0
none,1,0,310,5.764,6.915,1.934,0.013,14.625,0
none,1,0,311,6.311,8.078,2.678,0.015,17.081,0
none,1,0,312,6.448,7.157,5.589,0.017,19.211,0
none,1,0,313,6.385,8.267,2.704,0.014,17.37,0
none,1,0,314,5.744,7.962,2.324,0.013,16.043,0
none,1,0,315,5.697,7.389,1.296,0.012,14.395,0
none,1,0,316,5.681,7.329,1.504,0.011,14.525,0
none,1,0,317,5.641,8.715,4.057,0.015,18.429,0
none,1,0,318,5.631,7.316,7.5,0.016,20.463,0
none,1,0,319,6.102,6.952,1.259,0.015,14.328,0
none,1,0,320,5.743,8.457,1.823,0.015,16.039,0
none,1,0,321,5.802,8.139,2.844,0.014,16.798,0
none,1,0,322,5.808,7.988,2.212,0.013,16.021,0
none,1,0,323,5.636,8.969,2.074,0.014,16.693,0
none,1,0,324,5.677,8.087,3.372,0.015,17.152,0
none,1,0,325,5.997,7.808,2.932,0.013,16.75,0
none,1,0,326,5.873,7.71,2.325,0.016,15.924,0
none,1,0,327,5.804,8.635,1.935,0.017,16.391,0
none,1,0,328,5.735,8.019,5.905,0.015,19.674,0
none,1,0,329,5.707,8.929,3.181,0.014,17.83,0
none,1,0,330,5.736,7.508,4.655,0.013,17.912,0
none,1,0,331,7.122,7.324,4.791,0.016,19.253,0
none,1,0,332,6.099,8.27,2.591,0.014,16.975,0
none,1,0,333,6.62,8.237,3.053,0.014,17.924,0
none,1,0,334,6.124,7.988,1.45,0.012,15.575,0
none,1,0,335,6.806,6.881,3.152,0.015,16.854,0
none,1,0,336,5.891,7.524,1.544,0.013,14.972,0
none,1,0,337,6.0,7.662,1.722,0.012,15.396,0
none,1,0,338,5.835,7.719,1.53,0.013,15.097,0
none,1,0,339,7.024,8.087,1.428,0.013,16.553,0
none,1,0,340,7.147,7.365,1.603,0.013,16.128,0
none,1,0,341,8.231,7.793,3.329,0.013,19.367,0
none,1,0,342,6.077,7.689,1.838,0.014,15.618,0
none,1,0,343,5.812,6.951,1.756,0.012,14.531,0
none,1,0,344,5.718,7.405,1.998,0.013,15.133,0
none,1,0,345,5.958,7.156,2.12,0.015,15.249,0
none,1,0,346,6.032,6.79,2.67,0.014,15.505,0
none,1,0,347,6.367,6.985,2.275,0.016,15.643,0
none,1,0,348,5.754,6.931,1.904,0.015,14.605,0
none,1,0,349,5.853,8.218,3.819,0.015,17.904,0
none,1,0,350,5.847,7.833,1.571,0.014,15.264,0
none,1,0,351,6.139,7.069,6.356,0.018,19.582,0
none,1,0,352,6.418,6.95,4.571,0.017,17.955,0
none,1,0,353,6.26,7.967,1.972,0.014,16.213,0
none,1,0,354,6.221,7.086,1.805,0.014,15.125,0
none,1,0,355,6.038,8.118,2.583,0.014,16.754,0
none,1,0,356,5.813,8.478,3.04,0.024,17.356,0
none,1,0,357,6.225,7.282,1.879,0.013,15.398,0
none,1,0,358,6.36,7.137,2.267,0.014,15.778,0
none,1,0,359,5.93,7.302,1.842,0.013,15.087,0
none,1,0,360,5.812,7.486,2.51,0.022,15.83,0
none,1,0,361,6.796,9.019,2.679,0.014,18.509,0
none,1,0,362,7.126,7.322,4.083,0.013,18.545,0
none,1,0,363,5.841,8.182,3.935,0.015,17.974,0
none,1,0,364,5.913,8.622,3.579,0.016,18.13,0
none,1,0,365,6.209,7.266,4.134,0.016,17.625,0
none,1,0,366,6.002,7.208,2.517,0.016,15.742,0
none,1,0,367,5.856,7.122,2.494,0.015,15.488,0
none,1,0,368,5.869,7.196,2.042,0.014,15.121,0
none,1,0,369,6.012,7.511,2.811,0.014,16.348,0
none,1,0,370,5.798,7.999,2.2,0.015,16.012,0
none,1,0,371,6.001,8.264,2.931,0.014,17.21,0
none,1,0,372,5.976,7.178,3.622,0.015,16.791,0
none,1,0,373,6.657,8.25,2.082,0.014,17.003,0
none,1,0,374,5.909,6.973,2.163,0.014,15.06,0
none,1,0,375,6.04,7.988,3.66,0.016,17.704,0
none,1,0,376,5.638,8.112,3.543,0.016,17.308,0
none,1,0,377,5.797,7.453,3.143,0.013,16.405,0
none,1,0,378,5.687,7.355,2.498,0.017,15.557,0
none,1,0,379,5.785,7.449,2.677,0.016,15.927,0
none,1,0,380,5.868,8.433,2.928,0.015,17.245,0
none,1,0,381,6.033,7.14,2.588,0.015,15.777,0
none,1,0,382,6.317,7.685,1.944,0.015,15.962,0
none,1,0,383,5.824,9.078,1.973,0.015,16.89,0
none,1,0,384,5.858,8.007,2.146,0.015,16.027,0
none,1,0,385,5.838,8.213,7.177,0.015,21.244,0
none,1,0,386,5.709,10.547,1.534,0.018,17.808,0
none,1,0,387,6.106,6.972,1.795,0.014,14.887,0
none,1,0,388,5.545,7.243,1.485,0.015,14.288,0
none,1,0,389,5.636,7.853,1.514,0.013,15.017,0
none,1,0,390,5.82,6.797,2.57,0.014,15.202,0
none,1,0,391,6.126,6.762,1.347,0.013,14.247,0
none,1,0,392,5.86,7.368,2.631,0.013,15.872,0
none,1,0,393,5.603,7.894,1.774,0.012,15.282,0
none,1,0,394,5.627,9.473,2.026,0.016,17.142,0
none,1,0,395,5.781,6.787,2.966,0.016,15.55,0
none,1,0,396,5.714,7.524,4.247,0.015,17.499,0
none,1,0,397,5.8,6.968,1.418,0.013,14.198,0
none,1,0,398,5.769,7.364,2.308,0.013,15.454,0
none,1,0,399,5.846,8.69,4.286,0.016,18.837,0
none,1,0,400,5.643,7.301,3.345,0.015,16.304,0
none,1,0,401,6.126,7.848,2.675,0.014,16.664,0
none,1,0,402,5.709,7.101,2.492,0.014,15.316,0
none,1,0,403,6.208,6.897,2.514,0.013,15.632,0
none,1,0,404,5.551,8.016,2.609,0.015,16.191,0
none,1,0,405,5.869,7.401,4.91,0.017,18.197,0
none,1,0,406,6.659,7.861,1.957,0.015,16.492,0
none,1,0,407,7.674,7.276,2.754,0.017,17.721,0
none,1,0,408,6.057,6.979,1.516,0.012,14.564,0
none,1,0,409,6.025,7.596,1.737,0.017,15.376,0
none,1,0,410,5.983,7.324,1.899,0.013,15.22,0
none,1,0,411,6.159,7.244,1.766,0.014,15.182,0
none,1,0,412,5.959,7.313,1.548,0.014,14.834,0
none,1,0,413,6.118,9.594,2.656,0.015,18.384,0
none,1,0,414,6.239,7.021,2.109,0.013,15.381,0
none,1,0,415,5.992,6.881,4.159,0.015,17.047,0
none,1,0,416,5.677,8.078,3.976,0.014,17.745,0
none,1,0,417,6.503,7.308,2.376,0.015,16.201,0
none,1,0,418,6.324,7.118,2.565,0.013,16.021,0
none,1,0,419,5.875,7.069,1.834,0.013,14.791,0
none,1,0,420,8.001,7.853,3.828,0.015,19.698,0
none,1,0,421,6.04,8.807,3.911,0.014,18.772,0
none,1,0,422,6.283,8.108,3.112,0.017,17.52,0
none,1,0,423,5.665,7.458,3.234,0.014,16.371,0
none,1,0,424,6.375,7.045,2.257,0.012,15.689,0
none,1,0,425,5.854,7.432,2.39,0.013,15.688,0
none,1,0,426,5.715,7.343,2.797,0.014,15.868,0
none,1,0,427,6.112,6.922,1.771,0.014,14.819,0
none,1,0,428,5.991,8.696,1.594,0.014,16.295,0
none,1,0,429,6.058,7.467,1.999,0.015,15.539,0
none,1,0,430,5.711,8.109,2.528,0.013,16.362,0
none,1,0,431,5.892,6.817,2.063,0.012,14.784,0
none,1,0,432,5.826,8.884,1.836,0.013,16.559,0
none,1,0,433,5.806,7.312,2.398,0.014,15.531,0
none,1,0,434,5.735,7.418,2.163,0.014,15.33,0
none,1,0,435,6.17,7.016,4.239,0.014,17.44,0
none,1,0,436,6.122,7.154,4.065,0.015,17.357,0
none,1,0,437,5.748,7.619,1.556,0.013,14.936,0
none,1,0,438,6.23,7.139,3.797,0.014,17.18,0
none,1,0,439,5.783,8.322,1.861,0.012,15.979,0
none,1,0,440,6.193,7.316,1.816,0.016,15.341,0
none,1,0,441,5.968,7.06,3.887,0.017,16.932,0
none,1,0,442,5.828,10.457,5.935,0.021,22.241,0
none,1,0,443,5.805,7.6,3.203,0.015,16.623,0
none,1,0,444,5.859,8.821,3.483,0.014,18.177,0
none,1,0,445,5.885,8.437,3.886,0.014,18.222,0
none,1,0,446,5.887,7.561,5.13,0.015,18.593,0
none,1,0,447,7.321,7.601,2.113,0.014,17.049,0
none,1,0,448,5.927,7.574,2.006,0.016,15.524,0
none,1,0,449,5.824,7.527,1.45,0.013,14.814,0
none,1,0,450,7.496,8.287,4.055,0.016,19.854,0
none,1,0,451,6.598,9.203,5.606,0.019,21.426,0
none,1,0,452,6.276,9.953,1.82,0.017,18.066,0
none,1,0,453,5.96,10.652,3.886,0.016,20.514,0
none,1,0,454,5.768,9.602,4.364,0.018,19.752,0
none,1,0,455,5.705,8.066,4.865,0.024,18.66,0
none,1,0,456,5.697,6.959,2.671,0.015,15.343,0
none,1,0,457,6.073,7.083,4.727,0.015,17.899,0
none,1,0,458,5.864,11.534,2.361,0.016,19.775,0
none,1,0,459,5.77,8.276,4.233,0.016,18.295,0
none,1,0,460,6.019,7.213,3.323,0.015,16.57,0
none,1,0,461,6.815,7.267,1.492,0.012,15.587,0
none,1,0,462,5.829,7.156,1.51,0.011,14.507,0
none,1,0,463,5.757,6.989,2.004,0.013,14.762,0
none,1,0,464,5.688,10.713,2.16,0.013,18.574,0
none,1,0,465,5.676,8.648,1.99,0.014,16.328,0
none,1,0,466,5.791,6.846,1.972,0.013,14.622,0
none,1,0,467,5.698,7.031,2.509,0.015,15.252,0
none,1,0,468,5.834,7.071,1.71,0.013,14.628,0
none,2,0,30,6.932,8.411,2.836,0.013,18.192,0
none,2,0,31,5.735,9.162,3.485,0.013,18.395,0
none,2,0,32,5.917,7.823,10.618,0.018,24.375,0
none,2,0,33,10.504,7.504,3.579,0.014,21.601,0
none,2,0,34,8.899,10.438,3.24,0.017,22.593,0
none,2,0,35,6.013,8.592,2.401,0.015,17.021,0
none,2,0,36,5.858,8.487,3.001,0.016,17.362,0
none,2,0,37,6.317,8.878,3.63,0.014,18.838,0
none,2,0,38,6.482,7.884,4.685,0.013,19.064,0
none,2,0,39,7.078,8.218,6.436,0.081,21.812,0
none,2,0,40,6.369,7.819,1.813,0.013,16.014,0
none,2,0,41,6.488,9.145,3.618,0.019,19.27,0
none,2,0,42,6.562,7.614,3.826,0.017,18.018,0
none,2,0,43,6.599,7.162,1.795,0.035,15.591,0
none,2,0,44,6.362,7.961,2.998,0.015,17.335,0
none,2,0,45,5.725,7.005,3.516,0.013,16.259,0
none,2,0,46,5.952,8.297,4.309,0.017,18.576,0
none,2,0,47,7.212,7.938,5.901,0.014,21.065,0
none,2,0,48,6.167,8.034,4.581,0.015,18.796,0
none,2,0,49,5.881,8.73,3.622,0.014,18.246,0
none,2,0,50,6.606,7.633,5.812,0.019,20.07,0
none,2,0,51,5.761,8.066,4.092,0.014,17.934,0
none,2,0,52,5.827,8.452,1.864,0.014,16.158,0
none,2,0,53,6.36,7.569,4.351,0.014,18.293,0
none,2,0,54,5.776,8.899,5.461,0.022,20.158,0
none,2,0,55,5.777,8.806,2.253,0.017,16.854,0
none,2,0,56,6.049,7.384,3.545,0.015,16.993,0
none,2,0,57,5.997,7.921,2.9,0.015,16.833,0
none,2,0,58,6.264,7.382,11.433,0.019,25.098,0
none,2,0,59,6.584,7.469,2.486,0.242,16.782,0
none,2,0,60,9.767,8.597,5.382,0.015,23.761,0
none,2,0,61,6.641,7.789,4.925,0.014,19.37,0
none,2,0,62,5.724,7.795,3.033,0.014,16.565,0
none,2,0,63,5.613,8.21,4.963,0.013,18.799,0
none,2,0,64,6.428,8.205,5.847,0.015,20.495,0
none,2,0,65,6.454,8.426,2.479,0.014,17.372,0
none,2,0,66,8.253,7.159,2.853,0.014,18.28,0
none,2,0,67,6.566,7.077,3.316,0.014,16.974,0
none,2,0,68,6.491,7.111,1.61,0.013,15.225,0
none,2,0,69,5.895,7.632,1.954,0.021,15.503,0
none,2,0,70,6.666,9.554,5.234,0.016,21.471,0
none,2,0,71,6.194,8.054,4.502,0.016,18.766,0
none,2,0,72,7.576,7.632,3.925,0.022,19.155,0
none,2,0,73,6.93,8.095,5.596,0.015,20.635,0
none,2,0,74,7.01,8.066,3.705,0.013,18.794,0
none,2,0,75,5.696,8.421,3.526,0.015,17.658,0
none,2,0,76,5.675,8.715,2.44,0.018,16.848,0
none,2,0,77,6.946,8.412,2.634,0.027,18.019,0
none,2,0,78,6.152,10.006,2.924,0.017,19.098,0
none,2,0,79,5.871,7.646,3.499,0.024,17.04,0
none,2,0,80,6.988,8.476,3.294,0.076,18.834,0
none,2,0,81,5.639,7.621,3.209,0.012,16.48,0
none,2,0,82,6.47,7.039,2.277,0.013,15.8,0
none,2,0,83,5.873,7.677,2.535,0.012,16.098,0
none,2,0,84,6.654,7.644,2.792,0.014,17.103,0
none,2,0,85,5.703,7.692,4.957,0.052,18.405,0
none,2,0,86,6.03,6.945,2.093,0.013,15.08,0
none,2,0,87,5.75,8.253,4.347,0.014,18.364,0
none,2,0,88,6.147,16.578,5.289,0.017,28.031,0
none,2,0,89,5.859,11.574,6.735,0.021,24.189,0
none,2,0,90,6.752,7.743,1.705,0.015,16.214,0
none,2,0,91,9.734,8.301,10.477,0.022,28.534,0
none,2,0,92,8.581,8.021,4.942,0.017,21.561,0
none,2,0,93,8.019,7.254,4.46,0.018,19.751,0
none,2,0,94,7.226,9.611,7.358,0.02,24.216,0
none,2,0,95,6.361,7.839,7.362,0.021,21.583,0
none,2,0,96,5.773,7.621,3.321,0.019,16.734,0
none,2,0,97,8.162,10.787,3.684,0.017,22.65,0
none,2,0,98,6.082,7.732,2.281,0.014,16.109,0
none,2,0,99,5.697,7.968,1.879,0.013,15.557,0
none,2,0,100,5.664,7.437,1.896,0.012,15.009,0
none,2,0,101,5.714,7.909,2.012,0.012,15.649,0
none,2,0,102,5.545,8.55,1.49,0.013,15.598,0
none,2,0,103,5.625,8.601,2.062,0.014,16.302,0
none,2,0,104,5.674,8.738,2.307,0.014,16.733,0
none,2,0,105,5.699,8.308,1.265,0.012,15.284,0
none,2,0,106,5.757,8.14,3.988,0.013,17.899,0
none,2,0,107,6.076,7.622,2.891,0.031,16.62,0
none,2,0,108,6.071,8.777,3.342,0.013,18.203,0
none,2,0,109,5.84,8.576,2.768,0.014,17.198,0
none,2,0,110,5.796,7.896,2.611,0.014,16.317,0
none,2,0,111,5.745,8.241,1.739,0.013,15.738,0
none,2,0,112,5.767,8.503,1.826,0.012,16.107,0
none,2,0,113,6.479,6.913,2.136,0.012,15.539,0
none,2,0,114,5.813,7.017,1.726,0.011,14.567,0
none,2,0,115,5.75,7.14,2.221,0.013,15.125,0
none,2,0,116,5.763,7.224,2.635,0.014,15.635,0
none,2,0,117,5.791,9.256,2.782,0.013,17.841,0
none,2,0,118,5.854,7.563,2.723,0.015,16.155,0
none,2,0,119,5.776,8.185,2.034,0.017,16.011,0
none,2,0,120,5.773,6.971,3.641,0.03,16.415,0
none,2,0,121,5.964,8.359,2.408,0.012,16.743,0
none,2,0,122,5.992,9.584,2.498,0.015,18.089,0
none,2,0,123,6.056,7.354,1.829,0.014,15.253,0
none,2,0,124,6.103,7.359,1.855,0.011,15.329,0
none,2,0,125,6.04,6.994,2.049,0.012,15.094,0
none,2,0,126,5.711,7.637,2.289,0.012,15.65,0
none,2,0,127,5.652,8.4,3.213,0.014,17.279,0
none,2,0,128,5.857,7.842,2.035,0.014,15.748,0
none,2,0,129,5.668,8.329,3.134,0.013,17.144,0
none,2,0,130,5.821,7.771,4.076,0.014,17.681,0
none,2,0,131,6.187,7.206,3.756,0.013,17.162,0
none,2,0,132,5.888,8.016,3.754,0.013,17.671,0
none,2,0,133,6.204,9.777,1.792,0.015,17.787,0
none,2,0,134,5.724,8.99,8.539,0.014,23.268,0
none,2,0,135,5.908,7.178,3.323,0.016,16.425,0
none,2,0,136,6.12,7.474,4.351,0.012,17.957,0
none,2,0,137,7.407,7.097,1.648,0.012,16.164,0
none,2,0,138,5.862,7.246,1.544,0.012,14.664,0
none,2,0,139,6.749,7.32,2.631,0.012,16.712,0
none,2,0,140,5.828,7.385,3.218,0.012,16.443,0
none,2,0,141,6.057,7.741,3.05,0.012,16.86,0
none,2,0,142,5.727,8.328,2.364,0.016,16.435,0
none,2,0,143,5.826,8.432,2.103,0.017,16.377,0
none,2,0,144,6.258,7.695,3.555,0.014,17.523,0
none,2,0,145,6.024,7.161,2.416,0.014,15.614,0
none,2,0,146,5.937,8.321,1.658,0.014,15.93,0
none,2,0,147,6.507,6.991,2.867,0.015,16.379,0
none,2,0,148,5.847,7.988,1.647,0.013,15.495,0
none,2,0,149,5.892,6.897,1.902,0.012,14.703,0
none,2,0,150,5.743,6.979,2.701,0.012,15.436,0
none,2,0,151,5.779,7.7,2.579,0.014,16.072,0
none,2,0,152,7.019,9.105,2.673,0.015,18.812,0
none,2,0,153,6.949,7.233,2.448,0.012,16.642,0
none,2,0,154,5.835,7.972,2.371,0.013,16.191,0
none,2,0,155,5.977,7.941,3.028,0.014,16.96,0
none,2,0,156,6.117,7.632,2.802,0.014,16.564,0
none,2,0,157,5.933,8.026,1.975,0.014,15.949,0
none,2,0,158,5.761,8.144,2.929,0.015,16.848,0
none,2,0,159,6.425,9.573,2.978,0.016,18.992,0
none,2,0,160,6.75,7.712,5.512,0.013,19.986,0
none,2,0,161,5.79,8.252,2.522,0.015,16.578,0
none,2,0,162,5.82,8.196,1.604,0.013,15.633,0
none,2,0,163,6.062,7.298,2.548,0.015,15.923,0
none,2,0,164,5.696,7.892,2.822,0.013,16.423,0
none,2,0,165,6.08,7.393,2.237,0.017,15.726,0
none,2,0,166,6.904,7.394,2.365,0.015,16.678,0
none,2,0,167,5.781,7.961,2.995,0.014,16.751,0
none,2,0,168,5.77,7.657,2.178,0.014,15.618,0
none,2,0,169,6.109,9.262,4.166,0.015,19.552,0
none,2,0,170,5.752,8.319,2.608,0.016,16.694,0
none,2,0,171,5.832,8.277,2.967,0.013,17.089,0
none,2,0,172,6.161,8.135,3.309,0.016,17.621,0
none,2,0,173,5.796,8.069,2.485,0.016,16.366,0
none,2,0,174,5.695,7.649,2.676,0.013,16.033,0
none,2,0,175,5.673,8.099,1.782,0.012,15.566,0
none,2,0,176,5.77,8.829,2.131,0.013,16.742,0
none,2,0,177,5.645,8.36,2.275,0.014,16.294,0
none,2,0,178,6.024,9.037,2.693,0.012,17.765,0
none,2,0,179,5.688,7.915,2.567,0.017,16.187,0
none,2,0,180,6.342,7.42,2.347,0.013,16.122,0
none,2,0,181,5.782,7.861,2.156,0.019,15.818,0
none,2,0,182,5.717,7.701,2.031,0.012,15.461,0
none,2,0,183,7.995,7.845,2.584,0.016,18.441,0
none,2,0,184,5.78,7.762,2.149,0.015,15.706,0
none,2,0,185,7.101,8.884,2.332,0.014,18.331,0
none,2,0,186,5.743,7.842,2.15,0.014,15.748,0
none,2,0,187,5.843,8.188,1.875,0.013,15.92,0
none,2,0,188,5.947,9.509,2.682,0.017,18.156,0
none,2,0,189,7.846,8.246,2.296,0.013,18.401,0
none,2,0,190,5.82,8.374,6.733,0.012,20.939,0
none,2,0,191,6.906,7.227,1.24,0.013,15.387,0
none,2,0,192,5.776,7.844,1.88,0.015,15.515,0
none,2,0,193,6.498,7.804,1.898,0.013,16.214,0
none,2,0,194,5.771,10.002,2.835,0.013,18.622,0
none,2,0,195,5.816,7.222,3.446,0.013,16.496,0
none,2,0,196,5.742,8.15,3.262,0.013,17.167,0
none,2,0,197,5.763,8.895,2.075,0.011,16.744,0
none,2,0,198,5.728,7.796,2.088,0.013,15.626,0
none,2,0,199,5.633,7.871,1.873,0.014,15.39,0
none,2,0,200,5.861,7.607,1.649,0.011,15.128,0
none,2,0,201,5.856,8.552,1.975,0.016,16.399,0
none,2,0,202,5.877,10.653,2.829,0.016,19.376,0
none,2,0,203,6.051,7.663,1.708,0.016,15.438,0
none,2,0,204,6.059,7.156,1.964,0.013,15.193,0
none,2,0,205,6.214,8.303,1.652,0.011,16.18,0
none,2,0,206,6.204,8.221,1.63,0.012,16.067,0
none,2,0,207,6.143,9.062,3.024,0.016,18.245,0
none,2,0,208,6.192,8.085,1.846,0.014,16.138,0
none,2,0,209,7.396,7.405,1.929,0.017,16.747,0
none,2,0,210,5.9,7.223,2.197,0.015,15.335,0
none,2,0,211,5.777,7.266,4.051,0.014,17.108,0
none,2,0,212,5.654,7.503,1.485,0.012,14.654,0
none,2,0,213,5.863,7.175,5.172,0.014,18.224,0
none,2,0,214,6.106,7.322,1.695,0.012,15.135,0
none,2,0,215,6.431,7.072,2.377,0.012,15.892,0
none,2,0,216,6.672,8.765,2.661,0.015,18.114,0
none,2,0,217,6.354,7.382,4.238,0.014,17.988,0
none,2,0,218,6.084,8.238,4.576,0.012,18.911,0
none,2,0,219,6.73,7.266,1.688,0.012,15.696,0
none,2,0,220,5.909,7.336,2.991,0.013,16.248,0
none,2,0,221,6.067,7.318,2.213,0.012,15.609,0
none,2,0,222,5.953,8.171,3.097,0.014,17.235,0
none,2,0,223,5.844,8.055,2.7,0.013,16.612,0
none,2,0,224,5.932,7.448,3.031,0.016,16.428,0
none,2,0,225,5.79,8.875,3.063,0.021,17.75,0
none,2,0,226,5.769,8.004,3.278,0.016,17.067,0
none,2,0,227,5.755,8.255,2.717,0.015,16.742,0
none,2,0,228,5.696,8.606,6.322,0.023,20.647,0
none,2,0,229,5.803,8.278,2.416,0.014,16.511,0
none,2,0,230,5.594,7.313,1.478,0.012,14.397,0
none,2,0,231,5.737,7.476,1.333,0.012,14.558,0
none,2,0,232,5.932,8.004,1.407,0.012,15.356,0
none,2,0,233,5.677,7.653,4.135,0.015,17.481,0
none,2,0,234,5.707,8.056,2.606,0.013,16.382,0
none,2,0,235,5.675,8.152,2.964,0.015,16.806,0
none,2,0,236,5.795,7.787,2.262,0.013,15.856,0
none,2,0,237,5.631,7.278,1.355,0.011,14.275,0
none,2,0,238,6.128,7.042,2.237,0.013,15.42,0
none,2,0,239,6.256,7.907,1.71,0.015,15.888,0
none,2,0,240,5.663,8.35,1.504,0.013,15.53,0
none,2,0,241,5.911,7.884,2.299,0.013,16.107,0
none,2,0,242,6.085,8.408,2.909,0.013,17.415,0
none,2,0,243,5.969,7.415,1.481,0.013,14.879,0
none,2,0,244,5.982,8.586,1.871,0.013,16.452,0
none,2,0,245,5.69,7.513,3.15,0.014,16.367,0
none,2,0,246,5.821,8.083,3.02,0.016,16.94,0
none,2,0,247,5.758,6.889,4.347,0.014,17.008,0
none,2,0,248,5.739,7.38,2.672,0.016,15.806,0
none,2,0,249,6.241,8.503,3.224,0.014,17.983,0
none,2,0,250,5.966,6.953,1.564,0.013,14.497,0
none,2,0,251,6.245,7.536,3.517,0.014,17.313,0
none,2,0,252,6.172,8.48,3.245,0.017,17.914,0
none,2,0,253,8.426,7.883,2.851,0.017,19.177,0
none,2,0,254,5.728,7.883,3.518,0.014,17.144,0
none,2,0,255,5.911,7.751,1.996,0.013,15.671,0
none,2,0,256,5.722,7.404,2.174,0.015,15.315,0
none,2,0,257,5.769,7.95,2.478,0.014,16.211,0
none,2,0,258,5.715,8.09,2.404,0.016,16.225,0
none,2,0,259,5.809,6.894,2.836,0.014,15.553,0
none,2,0,260,5.801,7.981,2.033,0.012,15.827,0
none,2,0,261,5.686,7.553,3.865,0.013,17.118,0
none,2,0,262,5.58,7.928,1.943,0.013,15.464,0
none,2,0,263,5.622,8.455,5.166,0.015,19.259,0
none,2,0,264,5.726,7.949,2.415,0.014,16.104,0
none,2,0,265,5.664,7.201,1.296,0.012,14.173,0
none,2,0,266,5.814,7.951,3.025,0.015,16.805,0
none,2,0,267,5.815,7.786,2.797,0.014,16.411,0
none,2,0,268,5.785,8.795,2.418,0.015,17.014,0
none,2,0,269,5.979,7.219,2.941,0.013,16.152,0
none,2,0,270,5.646,8.314,2.523,0.014,16.498,0
none,2,0,271,5.754,7.051,2.108,0.022,14.935,0
none,2,0,272,5.895,7.035,2.778,0.016,15.724,0
none,2,0,273,5.609,6.774,1.627,0.015,14.025,0
none,2,0,274,5.689,10.184,2.599,0.014,18.487,0
none,2,0,275,5.699,7.09,2.038,0.013,14.841,0
none,2,0,276,5.755,7.082,1.332,0.013,14.183,0
none,2,0,277,5.802,7.043,1.875,0.014,14.733,0
none,2,0,278,5.866,8.219,2.367,0.012,16.464,0
none,2,0,279,5.814,7.75,1.595,0.015,15.175,0
none,2,0,280,6.365,7.638,2.67,0.017,16.691,0
none,2,0,281,5.723,9.28,2.503,0.015,17.521,0
none,2,0,282,6.065,8.484,2.934,0.013,17.497,0
none,2,0,283,5.795,7.144,1.821,0.012,14.771,0
none,2,0,284,5.715,7.945,3.052,0.015,16.727,0
none,2,0,285,5.583,8.196,2.105,0.015,15.898,0
none,2,0,286,5.574,6.953,3.478,0.013,16.019,0
none,2,0,287,5.686,7.225,2.858,0.014,15.783,0
none,2,0,288,5.634,8.067,1.631,0.014,15.346,0
none,2,0,289,5.756,7.889,1.91,0.015,15.569,0
none,2,0,290,5.666,7.836,3.519,0.016,17.037,0
none,2,0,291,5.812,7.659,3.127,0.014,16.612,0
none,2,0,292,6.546,7.567,1.754,0.015,15.882,0
none,2,0,293,5.845,7.935,2.122,0.013,15.915,0
none,2,0,294,5.622,8.51,3.867,0.017,18.017,0
none,2,0,295,5.986,7.765,2.797,0.015,16.564,0
none,2,0,296,5.944,8.504,2.806,0.013,17.268,0
none,2,0,297,5.85,7.955,2.096,0.013,15.915,0
none,2,0,298,5.762,9.0,3.628,0.015,18.406,0
none,2,0,299,6.731,8.301,2.86,0.018,17.91,0
none,2,0,300,5.877,7.436,1.86,0.014,15.187,0
none,2,0,301,6.109,7.343,2.394,0.014,15.86,0
none,2,0,302,5.738,8.074,2.699,0.014,16.526,0
none,2,0,303,5.965,10.609,5.188,0.016,21.777,0
none,2,0,304,5.81,8.449,3.509,0.014,17.781,0
none,2,0,305,5.805,6.729,2.589,0.015,15.138,0
none,2,0,306,5.696,7.788,4.708,0.013,18.205,0
none,2,0,307,5.671,7.773,1.73,0.013,15.186,0
none,2,0,308,5.792,7.836,3.989,0.013,17.631,0
none,2,0,309,5.997,10.002,2.915,0.016,18.93,0
none,2,0,310,5.83,7.586,3.035,0.016,16.467,0
none,2,0,311,5.924,7.979,3.177,0.013,17.094,0
none,2,0,312,5.77,7.649,3.312,0.014,16.746,0
none,2,0,313,5.819,11.664,2.908,0.014,20.404,0
none,2,0,314,5.767,6.985,3.317,0.015,16.085,0
none,2,0,315,5.807,6.978,2.575,0.016,15.376,0
none,2,0,316,5.87,7.025,1.033,0.012,13.94,0
none,2,0,317,5.822,7.674,3.231,0.014,16.74,0
none,2,0,318,6.086,7.76,4.697,0.016,18.559,0
none,2,0,319,6.622,9.681,2.382,0.013,18.698,0
none,2,0,320,6.142,7.38,2.222,0.012,15.755,0
none,2,0,321,5.817,7.484,5.036,0.014,18.35,0
none,2,0,322,5.732,7.872,2.497,0.015,16.117,0
none,2,0,323,5.707,7.213,2.282,0.013,15.215,0
none,2,0,324,6.172,9.802,2.512,0.035,18.521,0
none,2,0,325,5.807,7.155,2.155,0.015,15.132,0
none,2,0,326,5.749,9.602,2.28,0.017,17.648,0
none,2,0,327,6.174,8.397,2.615,0.015,17.2,0
none,2,0,328,5.986,8.085,3.611,0.014,17.695,0
none,2,0,329,6.464,7.398,3.171,0.013,17.046,0
none,2,0,330,6.4,7.465,1.815,0.013,15.693,0
none,2,0,331,6.308,7.507,1.782,0.013,15.61,0
none,2,0,332,6.138,7.803,1.716,0.013,15.67,0
none,2,0,333,6.081,8.404,1.644,0.013,16.142,0
none,2,0,334,6.14,7.362,2.133,0.013,15.648,0
none,2,0,335,6.049,8.883,2.69,0.014,17.637,0
none,2,0,336,5.809,7.202,3.106,0.015,16.132,0
none,2,0,337,6.07,7.18,2.106,0.015,15.37,0
none,2,0,338,5.844,7.325,4.77,0.049,17.989,0
none,2,0,339,6.008,7.161,3.679,0.014,16.862,0
none,2,0,340,5.726,8.176,1.991,0.014,15.906,0
none,2,0,341,5.689,7.027,2.363,0.012,15.091,0
none,2,0,342,5.716,10.101,3.626,0.013,19.456,0
none,2,0,343,6.012,6.968,3.71,0.015,16.705,0
none,2,0,344,6.365,7.131,3.938,0.012,17.447,0
none,2,0,345,5.864,8.289,3.018,0.015,17.186,0
none,2,0,346,5.968,6.961,2.65,0.012,15.592,0
none,2,0,347,5.786,8.673,4.289,0.013,18.761,0
none,2,0,348,6.006,7.807,4.384,0.015,18.212,0
none,2,0,349,5.877,9.008,2.02,0.014,16.92,0
none,2,0,350,5.757,10.677,2.772,0.013,19.219,0
none,2,0,351,5.938,8.1,2.739,0.014,16.79,0
none,2,0,352,5.99,6.924,2.603,0.014,15.531,0
none,2,0,353,5.886,7.149,4.991,0.02,18.047,0
none,2,0,354,6.219,6.97,1.599,0.017,14.804,0
none,2,0,355,6.284,7.215,2.65,0.013,16.161,0
none,2,0,356,5.832,7.295,1.852,0.013,14.992,0
none,2,0,357,5.804,7.236,2.057,0.014,15.112,0
none,2,0,358,5.997,7.638,3.389,0.013,17.038,0
none,2,0,359,5.775,7.966,5.86,0.014,19.616,0
none,2,0,360,6.18,9.724,1.649,0.015,17.569,0
none,2,0,361,6.401,7.242,2.596,0.014,16.254,0
none,2,0,362,6.059,8.045,3.375,0.013,17.492,0
none,2,0,363,6.852,7.479,3.442,0.015,17.788,0
none,2,0,364,5.862,8.984,3.835,0.018,18.699,0
none,2,0,365,5.778,9.659,2.658,0.018,18.113,0
none,2,0,366,5.786,8.325,2.857,0.016,16.983,0
none,2,0,367,5.83,7.909,3.59,0.014,17.343,0
none,2,0,368,6.198,7.852,2.158,0.014,16.223,0
none,2,0,369,5.835,7.277,4.612,0.014,17.738,0
none,2,0,370,5.764,8.41,2.905,0.015,17.093,0
none,2,0,371,6.59,7.62,4.265,0.017,18.493,0
none,2,0,372,6.053,7.8,6.412,0.014,20.278,0
none,2,0,373,6.442,7.711,1.979,0.014,16.145,0
none,2,0,374,6.628,8.133,4.364,0.015,19.141,0
none,2,0,375,7.179,7.121,2.237,0.015,16.553,0
none,2,0,376,5.903,7.176,1.202,0.014,14.294,0
none,2,0,377,5.782,7.707,2.155,0.012,15.656,0
none,2,0,378,5.938,7.667,1.628,0.013,15.246,0
none,2,0,379,6.095,7.635,2.005,0.014,15.749,0
none,2,0,380,5.747,10.561,2.327,0.014,18.649,0
none,2,0,381,5.983,6.814,4.516,0.014,17.326,0
none,2,0,382,6.353,7.563,3.747,0.014,17.677,0
none,2,0,383,5.899,7.427,4.286,0.016,17.627,0
none,2,0,384,5.789,6.988,1.65,0.015,14.442,0
none,2,0,385,5.891,7.239,2.079,0.015,15.224,0
none,2,0,386,6.369,8.047,1.828,0.014,16.259,0
none,2,0,387,6.057,7.4,2.479,0.013,15.95,0
none,2,0,388,5.661,7.148,1.976,0.013,14.798,0
none,2,0,389,5.866,7.134,1.91,0.014,14.924,0
none,2,0,390,5.837,6.84,1.968,0.013,14.657,0
none,2,0,391,7.243,7.756,3.166,0.013,18.179,0
none,2,0,392,5.974,7.891,2.564,0.014,16.444,0
none,2,0,393,6.024,8.389,2.261,0.014,16.688,0
none,2,0,394,5.998,8.147,3.872,0.014,18.031,0
none,2,0,395,5.646,8.443,4.831,0.013,18.933,0
none,2,0,396,5.545,8.285,3.172,0.015,17.016,0
none,2,0,397,5.528,8.481,1.886,0.012,15.907,0
none,2,0,398,5.816,8.073,1.879,0.014,15.782,0
none,2,0,399,5.847,8.062,1.883,0.013,15.807,0
none,2,0,400,5.791,7.192,1.444,0.012,14.439,0
none,2,0,401,5.664,7.428,1.91,0.013,15.016,0
none,2,0,402,5.734,7.51,2.498,0.014,15.755,0
none,2,0,403,5.715,6.953,1.895,0.012,14.575,0
none,2,0,404,5.688,7.328,3.077,0.015,16.109,0
none,2,0,405,5.619,7.274,2.112,0.013,15.018,0
none,2,0,406,6.028,7.054,1.811,0.013,14.907,0
none,2,0,407,7.93,9.363,3.335,0.014,20.642,0
none,2,0,408,5.631,8.796,2.198,0.015,16.64,0
none,2,0,409,5.76,8.745,2.263,0.013,16.781,0
none,2,0,410,5.692,6.965,2.138,0.012,14.807,0
none,2,0,411,5.681,7.584,1.842,0.013,15.119,0
none,2,0,412,5.695,7.201,2.272,0.014,15.183,0
none,2,0,413,5.737,7.712,2.836,0.014,16.3,0
none,2,0,414,5.83,7.357,3.717,0.014,16.919,0
none,2,0,415,5.709,7.25,2.355,0.013,15.326,0
none,2,0,416,5.646,6.961,2.273,0.015,14.894,0
none,2,0,417,5.613,7.685,3.278,0.014,16.59,0
none,2,0,418,5.822,8.024,4.003,1.294,19.144,0
none,2,0,419,5.84,7.345,2.925,0.016,16.127,0
none,2,0,420,5.685,8.231,4.176,0.014,18.107,0
none,2,0,421,5.655,8.618,5.146,0.013,19.433,0
none,2,0,422,5.669,9.309,7.364,0.014,22.358,0
none,2,0,423,5.728,7.916,3.163,0.015,16.822,0
none,2,0,424,5.86,7.352,2.154,0.014,15.38,0
none,2,0,425,7.862,7.506,2.163,0.018,17.548,0
none,2,0,426,7.952,7.533,3.802,0.014,19.301,0
none,2,0,427,7.724,7.241,3.279,0.017,18.26,0
none,2,0,428,8.233,7.566,2.984,0.015,18.798,0
none,2,0,429,8.187,7.526,3.23,0.014,18.957,0
none,2,0,430,7.652,7.525,3.136,0.017,18.331,0
none,2,0,431,8.492,7.814,3.512,0.013,19.83,0
none,2,0,432,7.438,7.308,7.236,0.019,22.001,0
none,2,0,433,7.998,7.873,3.616,0.015,19.503,0
none,2,0,434,8.735,7.321,2.598,0.014,18.669,0
none,2,0,435,7.773,7.597,5.023,0.015,20.408,0
none,2,0,436,7.934,8.203,5.692,0.015,21.845,0
none,2,0,437,7.459,8.063,5.835,0.015,21.374,0
none,2,0,438,8.465,10.681,4.004,0.014,23.163,0
none,2,0,439,7.57,7.847,4.184,0.016,19.617,0
none,2,0,440,7.587,7.522,5.807,0.015,20.931,0
none,2,0,441,7.715,7.556,4.311,0.015,19.597,0
none,2,0,442,7.724,7.635,2.685,0.015,18.058,0
none,2,0,443,7.605,7.673,2.934,0.014,18.226,0
none,2,0,444,7.76,8.404,3.42,0.015,19.599,0
none,2,0,445,7.611,9.038,5.771,0.016,22.436,0
none,2,0,446,7.823,7.156,3.67,0.018,18.667,0
none,2,0,447,7.747,7.303,3.48,0.014,18.544,0
none,2,0,448,7.64,8.542,4.138,0.017,20.336,0
none,2,0,449,7.519,8.778,8.143,0.017,24.456,0
none,2,0,450,7.663,8.16,4.301,0.017,20.141,0
none,2,0,451,8.517,6.994,3.136,0.015,18.662,0
none,2,0,452,7.662,7.788,3.612,0.015,19.077,0
none,2,0,453,7.69,8.338,2.229,0.015,18.272,0
none,2,0,454,9.104,8.402,3.419,0.014,20.939,0
none,2,0,455,7.593,7.949,2.343,0.014,17.899,0
none,2,0,456,7.531,7.347,3.04,0.014,17.933,0
none,2,0,457,7.645,6.698,2.945,0.013,17.301,0
none,2,0,458,7.845,6.817,3.031,0.012,17.705,0
none,2,0,459,7.406,7.546,2.89,0.013,17.855,0
none,2,0,460,7.413,7.476,2.925,0.013,17.827,0
none,2,0,461,7.48,7.572,3.126,0.014,18.192,0
none,2,0,462,7.616,7.46,7.412,0.012,22.501,0
none,2,0,463,7.331,7.223,3.479,0.014,18.047,0
none,2,0,464,7.344,8.288,3.046,0.014,18.692,0
none,2,0,465,7.341,8.292,3.314,0.015,18.963,0
none,2,0,466,7.359,6.964,3.399,0.011,17.733,0
none,2,0,467,7.246,7.327,2.481,0.012,17.066,0
none,2,0,468,7.314,7.804,3.771,0.013,18.902,0
synth_c24,0,0,31,17.374,7.178,8.944,0.013,33.509,1
synth_c24,0,0,32,13.248,6.879,4.567,0.013,24.706,0
synth_c24,0,0,33,8.945,10.341,3.661,0.01,22.957,0
synth_c24,0,0,34,15.411,7.02,2.14,0.012,24.583,0
synth_c24,0,0,35,14.306,6.963,4.543,0.012,25.824,0
synth_c24,0,0,36,13.095,6.913,1.23,0.011,21.249,0
synth_c24,0,0,37,13.638,6.77,4.714,0.011,25.132,0
synth_c24,0,0,38,13.423,6.818,7.263,0.013,27.517,0
synth_c24,0,0,39,19.848,8.473,4.532,0.014,32.868,0
synth_c24,0,0,40,11.156,9.826,1.471,0.013,22.466,0
synth_c24,0,0,41,14.244,7.281,5.274,0.013,26.813,0
synth_c24,0,0,42,19.191,6.772,5.514,0.017,31.494,0
synth_c24,0,0,43,17.349,10.843,2.169,0.017,30.378,0
synth_c24,0,0,44,20.053,6.797,8.876,0.015,35.74,1
synth_c24,0,0,45,18.905,6.783,2.203,0.013,27.904,0
synth_c24,0,0,46,22.56,6.765,2.045,0.024,31.395,0
synth_c24,0,0,47,20.705,6.844,2.303,0.018,29.87,0
synth_c24,0,0,48,21.315,6.949,4.133,0.021,32.419,0
synth_c24,0,0,49,20.031,7.081,6.972,0.015,34.099,1
synth_c24,0,0,50,16.391,10.806,2.166,0.015,29.377,0
synth_c24,0,0,51,20.292,6.808,7.151,0.015,34.266,1
synth_c24,0,0,52,18.596,9.883,2.112,0.015,30.605,0
synth_c24,0,0,53,20.088,7.097,4.388,0.026,31.599,0
synth_c24,0,0,54,17.13,11.015,6.221,0.019,34.385,1
synth_c24,0,0,55,16.347,8.609,6.039,0.015,31.011,0
synth_c24,0,0,56,20.152,6.959,5.984,0.014,33.109,0
synth_c24,0,0,57,18.757,10.906,2.755,0.015,32.433,0
synth_c24,0,0,58,19.886,7.828,5.445,0.017,33.176,0
synth_c24,0,0,59,16.072,10.831,1.91,0.013,28.827,0
synth_c24,0,0,60,16.117,11.017,2.935,0.016,30.086,0
synth_c24,0,0,61,19.607,7.089,8.618,0.017,35.331,1
synth_c24,0,0,62,16.398,12.208,12.536,0.016,41.158,1
synth_c24,0,0,63,22.161,7.145,7.599,0.015,36.921,1
synth_c24,0,0,64,20.544,7.313,6.178,0.016,34.051,1
synth_c24,0,0,65,20.087,7.42,11.407,0.017,38.931,1
synth_c24,0,0,66,16.455,10.945,6.008,0.014,33.422,1
synth_c24,0,0,67,20.93,7.744,3.479,0.017,32.17,0
synth_c24,0,0,68,19.186,7.381,5.524,0.016,32.107,0
synth_c24,0,0,69,19.161,8.8,11.589,0.017,39.568,1
synth_c24,0,0,70,21.62,10.423,5.931,0.019,37.993,1
synth_c24,0,0,71,17.241,7.095,6.236,0.015,30.588,0
synth_c24,0,0,72,32.093,8.429,6.119,0.016,46.657,1
synth_c24,0,0,74,16.207,11.439,5.599,0.017,33.262,0
synth_c24,0,0,75,17.396,7.234,9.701,0.021,34.352,1
synth_c24,0,0,76,17.033,9.995,2.214,0.015,29.258,0
synth_c24,0,0,77,18.274,14.169,3.731,0.019,36.194,1
synth_c24,0,0,78,16.104,8.339,9.084,0.018,33.545,1
synth_c24,0,0,79,15.515,11.183,5.425,0.017,32.141,0
synth_c24,0,0,80,19.06,10.733,6.018,0.018,35.829,1
synth_c24,0,0,81,15.875,11.031,3.04,0.015,29.961,0
synth_c24,0,0,82,19.374,6.793,5.245,0.018,31.43,0
synth_c24,0,0,83,19.749,6.768,7.577,0.015,34.11,1
synth_c24,0,0,84,17.912,7.333,5.717,0.016,30.978,0
synth_c24,0,0,85,19.143,7.25,5.55,0.019,31.963,0
synth_c24,0,0,86,20.176,11.817,6.209,0.015,38.217,1
synth_c24,0,0,87,16.691,7.379,9.514,0.016,33.6,1
synth_c24,0,0,88,20.61,7.566,6.61,0.022,34.808,1
synth_c24,0,0,89,19.113,6.856,5.933,0.015,31.917,0
synth_c24,0,0,90,15.264,8.37,6.037,0.02,29.69,0
synth_c24,0,0,91,17.334,7.354,5.751,0.015,30.455,0
synth_c24,0,0,92,17.242,7.52,4.899,0.015,29.676,0
synth_c24,0,0,93,17.666,6.825,5.623,0.014,30.129,0
synth_c24,0,0,94,15.15,11.865,7.315,0.018,34.348,1
synth_c24,0,0,95,21.165,6.823,3.743,0.014,31.745,0
synth_c24,0,0,96,19.152,10.17,2.958,0.017,32.296,0
synth_c24,0,0,97,20.018,10.62,8.059,0.016,38.713,1
synth_c24,0,0,98,18.689,6.996,5.438,0.016,31.14,0
synth_c24,0,0,99,19.807,12.264,2.01,0.016,34.097,1
synth_c24,0,0,100,17.637,13.243,1.701,0.013,32.594,0
synth_c24,0,0,101,11.121,9.157,1.491,0.012,21.781,0
synth_c24,0,0,102,13.784,6.798,1.714,0.017,22.314,0
synth_c24,0,0,103,13.372,6.985,6.577,0.017,26.951,0
synth_c24,0,0,104,10.994,8.094,15.742,0.015,34.844,1
synth_c24,0,0,105,8.862,10.403,4.789,0.014,24.068,0
synth_c24,0,0,106,9.284,10.887,1.476,0.012,21.659,0
synth_c24,0,0,107,13.496,6.98,3.86,0.012,24.347,0
synth_c24,0,0,108,15.428,6.832,1.239,0.011,23.51,0
synth_c24,0,0,109,13.547,7.111,8.946,0.013,29.617,0
synth_c24,0,0,110,17.787,6.976,5.194,0.012,29.969,0
synth_c24,0,0,111,10.558,10.374,3.925,0.017,24.874,0
synth_c24,0,0,112,10.287,10.699,5.085,0.016,26.087,0
synth_c24,0,0,113,13.678,7.021,6.391,0.012,27.101,0
synth_c24,0,0,114,9.174,10.646,5.107,0.014,24.94,0
synth_c24,0,0,115,8.193,9.631,4.269,0.015,22.107,0
synth_c24,0,0,116,13.639,8.433,2.768,0.012,24.853,0
synth_c24,0,0,117,15.216,7.259,4.99,0.012,27.477,0
synth_c24,0,0,118,12.636,10.605,5.067,0.013,28.322,0
synth_c24,0,0,119,13.35,7.305,1.753,0.014,22.423,0
synth_c24,0,0,120,14.01,10.496,2.946,0.014,27.466,0
synth_c24,0,0,121,12.753,7.727,8.052,0.014,28.547,0
synth_c24,0,0,122,11.396,10.157,1.537,0.012,23.102,0
synth_c24,0,0,123,13.81,8.43,3.748,0.027,26.015,0
synth_c24,0,0,124,14.355,6.924,4.645,0.015,25.939,0
synth_c24,0,0,125,13.611,7.025,3.931,0.011,24.578,0
synth_c24,0,0,126,10.315,14.286,2.775,0.012,27.388,0
synth_c24,0,0,127,12.557,7.271,6.992,0.013,26.833,0
synth_c24,0,0,128,11.28,7.816,8.718,0.027,27.841,0
synth_c24,0,0,129,14.27,7.03,1.342,0.014,22.655,0
synth_c24,0,0,130,15.934,8.994,4.377,0.012,29.316,0
synth_c24,0,0,131,16.226,7.075,1.544,0.014,24.86,0
synth_c24,0,0,132,12.683,6.704,2.267,0.015,21.669,0
synth_c24,0,0,133,14.797,10.033,1.185,0.012,26.027,0
synth_c24,0,0,134,10.857,8.988,7.512,0.011,27.368,0
synth_c24,0,0,135,17.486,6.955,1.357,0.014,25.812,0
synth_c24,0,0,136,13.844,7.329,7.942,0.013,29.129,0
synth_c24,0,0,137,16.463,7.522,4.498,0.011,28.494,0
synth_c24,0,0,138,10.183,12.994,2.555,0.014,25.745,0
synth_c24,0,0,139,16.522,7.078,1.51,0.016,25.126,0
synth_c24,0,0,140,14.267,6.839,12.112,0.017,33.236,0
synth_c24,0,0,141,10.052,7.243,8.98,0.014,26.289,0
synth_c24,0,0,142,7.112,17.863,8.764,0.014,33.753,1
synth_c24,0,0,143,13.537,7.054,4.583,0.014,25.187,0
synth_c24,0,0,144,10.733,7.082,3.789,0.015,21.62,0
synth_c24,0,0,145,12.312,6.895,3.416,0.019,22.641,0
synth_c24,0,0,146,16.153,6.883,2.426,0.011,25.473,0
synth_c24,0,0,147,8.501,10.734,5.602,0.013,24.85,0
synth_c24,0,0,148,7.918,9.46,1.206,0.011,18.595,0
synth_c24,0,0,149,12.469,6.685,4.855,0.013,24.022,0
synth_c24,0,0,150,9.547,9.923,2.396,0.016,21.882,0
synth_c24,0,0,151,11.665,8.088,5.739,0.016,25.508,0
synth_c24,0,0,152,11.784,7.728,6.385,0.012,25.909,0
synth_c24,0,0,153,14.794,6.671,6.063,0.018,27.546,0
synth_c24,0,0,154,13.365,7.038,3.651,0.013,24.067,0
synth_c24,0,0,155,14.007,6.847,4.52,0.012,25.386,0
synth_c24,0,0,156,9.269,10.888,9.322,0.026,29.506,0
synth_c24,0,0,157,13.89,7.752,3.55,0.014,25.206,0
synth_c24,0,0,158,11.998,6.753,1.152,0.011,19.915,0
synth_c24,0,0,159,13.046,7.34,1.271,0.014,21.672,0
synth_c24,0,0,160,13.919,7.528,5.452,0.015,26.915,0
synth_c24,0,0,161,11.132,6.792,6.995,0.014,24.933,0
synth_c24,0,0,162,14.223,8.431,2.726,0.023,25.402,0
synth_c24,0,0,163,18.047,6.854,10.972,0.017,35.89,1
synth_c24,0,0,164,7.819,9.636,6.221,0.012,23.689,0
synth_c24,0,0,165,10.498,9.41,6.044,0.014,25.966,0
synth_c24,0,0,166,15.514,6.943,4.837,0.014,27.308,0
synth_c24,0,0,167,14.182,6.939,8.167,0.013,29.301,0
synth_c24,0,0,168,11.472,6.762,10.927,0.022,29.183,0
synth_c24,0,0,169,16.664,9.42,1.265,0.012,27.361,0
synth_c24,0,0,170,11.94,7.718,1.297,0.013,20.968,0
synth_c24,0,0,171,13.533,7.729,3.467,0.011,24.74,0
synth_c24,0,0,172,15.591,6.793,1.253,0.011,23.649,0
synth_c24,0,0,173,13.413,10.776,1.205,0.014,25.408,0
synth_c24,0,0,174,12.138,7.087,3.326,0.014,22.565,0
synth_c24,0,0,175,12.774,9.589,3.717,0.012,26.091,0
synth_c24,0,0,176,15.168,6.655,1.103,0.013,22.938,0
synth_c24,0,0,177,12.653,10.612,1.389,0.013,24.666,0
synth_c24,0,0,178,9.191,7.517,4.622,0.013,21.342,0
synth_c24,0,0,179,13.931,9.293,4.201,0.015,27.439,0
synth_c24,0,0,180,17.186,10.122,4.814,0.02,32.142,0
synth_c24,0,0,181,21.716,6.856,1.044,0.012,29.629,0
synth_c24,0,0,182,9.332,10.592,4.496,0.013,24.434,0
synth_c24,0,0,183,12.946,6.991,4.878,0.014,24.83,0
synth_c24,0,0,184,10.464,7.321,4.511,0.012,22.308,0
synth_c24,0,0,185,12.804,6.962,5.352,0.012,25.13,0
synth_c24,0,0,186,10.269,10.894,1.318,0.012,22.492,0
synth_c24,0,0,187,9.959,13.676,2.64,0.012,26.288,0
synth_c24,0,0,188,13.296,6.642,0.982,0.011,20.931,0
synth_c24,0,0,189,15.379,7.039,4.833,0.013,27.263,0
synth_c24,0,0,190,13.085,6.859,8.785,0.016,28.745,0
synth_c24,0,0,191,11.069,10.282,3.786,0.012,25.15,0
synth_c24,0,0,192,12.319,7.347,3.803,0.011,23.481,0
synth_c24,0,0,193,9.155,10.409,1.114,0.011,20.69,0
synth_c24,0,0,194,13.469,10.409,4.633,0.014,28.524,0
synth_c24,0,0,195,14.046,6.874,1.195,0.014,22.129,0
synth_c24,0,0,196,15.514,6.886,5.456,0.014,27.869,0
synth_c24,0,0,197,15.212,7.055,4.685,0.017,26.969,0
synth_c24,0,0,198,13.968,6.946,1.417,0.014,22.345,0
synth_c24,0,0,199,7.293,10.176,6.254,0.015,23.738,0
synth_c24,0,0,200,12.182,6.838,1.528,0.016,20.564,0
synth_c24,0,0,201,12.348,6.935,3.759,0.017,23.06,0
synth_c24,0,0,202,14.62,7.394,4.979,0.014,27.008,0
synth_c24,0,0,203,9.463,6.844,3.057,0.012,19.376,0
synth_c24,0,0,204,12.454,6.881,6.398,0.017,25.75,0
synth_c24,0,0,205,11.57,7.099,23.119,0.016,41.804,1
synth_c24,0,0,206,15.225,8.044,11.143,0.019,34.431,1
synth_c24,0,0,207,7.352,10.402,8.028,0.013,25.796,0
synth_c24,0,0,208,12.404,7.23,4.133,0.013,23.78,0
synth_c24,0,0,209,13.475,6.998,4.587,0.019,25.079,0
synth_c24,0,0,210,13.231,7.514,5.528,0.016,26.288,0
synth_c24,0,0,211,13.036,6.876,1.616,0.015,21.543,0
synth_c24,0,0,212,13.077,6.733,6.03,0.014,25.854,0
synth_c24,0,0,213,12.835,7.188,1.838,0.017,21.878,0
synth_c24,0,0,214,13.358,7.29,1.335,0.012,21.995,0
synth_c24,0,0,215,18.417,6.829,8.665,0.015,33.926,1
synth_c24,0,0,216,13.624,7.185,1.368,0.014,22.191,0
synth_c24,0,0,217,13.401,9.862,1.282,0.011,24.556,0
synth_c24,0,0,218,13.185,6.841,4.8,0.014,24.84,0
synth_c24,0,0,219,10.457,7.51,9.764,0.019,27.75,0
synth_c24,0,0,220,9.351,10.455,1.426,0.011,21.244,0
synth_c24,0,0,221,14.008,6.791,1.539,0.015,22.352,0
synth_c24,0,0,222,13.49,7.676,8.127,0.012,29.304,0
synth_c24,0,0,223,7.177,9.483,2.329,0.013,19.002,0
synth_c24,0,0,224,13.337,11.519,3.597,0.012,28.465,0
synth_c24,0,0,225,11.286,11.345,4.728,0.015,27.373,0
synth_c24,0,0,226,11.656,6.913,9.064,0.016,27.648,0
synth_c24,0,0,227,9.138,7.021,5.09,0.012,21.261,0
synth_c24,0,0,228,16.48,6.688,4.951,0.015,28.133,0
synth_c24,0,0,229,13.242,6.885,4.453,0.014,24.594,0
synth_c24,0,0,230,13.965,8.097,2.077,0.014,24.154,0
synth_c24,0,0,231,14.172,6.892,8.827,0.019,29.911,0
synth_c24,0,0,232,14.722,7.59,1.506,0.014,23.831,0
synth_c24,0,0,233,12.136,11.215,1.56,0.013,24.925,0
synth_c24,0,0,234,16.37,7.135,2.459,0.014,25.978,0
synth_c24,0,0,235,14.82,7.104,3.725,0.022,25.672,0
synth_c24,0,0,236,11.914,11.802,10.912,0.701,35.328,1
synth_c24,0,0,237,11.175,16.116,5.499,0.016,32.806,0
synth_c24,0,0,238,11.553,7.051,5.054,0.017,23.675,0
synth_c24,0,0,239,13.64,6.825,5.78,0.016,26.262,0
synth_c24,0,0,240,13.468,7.207,4.072,0.013,24.76,0
synth_c24,0,0,241,9.732,8.459,3.131,0.015,21.336,0
synth_c24,0,0,242,13.381,9.202,3.393,0.011,25.987,0
synth_c24,0,0,243,12.102,6.693,4.265,0.015,23.075,0
synth_c24,0,0,244,19.526,6.783,1.202,0.011,27.522,0
synth_c24,0,0,245,13.271,6.906,6.275,0.011,26.464,0
synth_c24,0,0,246,11.353,7.945,3.463,0.013,22.774,0
synth_c24,0,0,247,13.305,6.681,5.018,0.012,25.016,0
synth_c24,0,0,248,13.579,6.811,1.513,0.011,21.915,0
synth_c24,0,0,249,13.649,6.622,4.884,0.012,25.167,0
synth_c24,0,0,250,19.082,7.984,1.45,0.015,28.53,0
synth_c24,0,0,251,9.656,6.992,4.71,0.011,21.369,0
synth_c24,0,0,252,13.386,6.723,5.491,0.012,25.612,0
synth_c24,0,0,253,9.15,11.187,2.701,0.012,23.05,0
synth_c24,0,0,254,11.853,6.716,5.262,0.013,23.845,0
synth_c24,0,0,255,14.226,7.004,1.573,0.013,22.815,0
synth_c24,0,0,256,9.446,14.31,9.025,0.015,32.797,0
synth_c24,0,0,257,8.875,7.133,1.373,0.015,17.395,0
synth_c24,0,0,258,13.733,6.756,6.505,0.013,27.007,0
synth_c24,0,0,259,14.616,6.793,4.096,0.012,25.517,0
synth_c24,0,0,260,11.052,7.31,1.493,0.016,19.871,0
synth_c24,0,0,261,12.936,10.082,1.226,0.012,24.255,0
synth_c24,0,0,262,13.625,6.916,5.125,0.017,25.684,0
synth_c24,0,0,263,9.813,11.276,1.188,0.011,22.288,0
synth_c24,0,0,264,13.555,7.155,4.863,0.013,25.586,0
synth_c24,0,0,265,13.345,8.184,6.977,0.012,28.518,0
synth_c24,0,0,266,11.231,7.524,1.387,0.013,20.156,0
synth_c24,0,0,267,9.126,14.078,2.62,0.012,25.837,0
synth_c24,0,0,268,13.424,6.877,4.724,0.013,25.038,0
synth_c24,0,0,269,15.423,6.989,1.307,0.014,23.734,0
synth_c24,0,0,270,9.388,11.537,4.492,0.018,25.434,0
synth_c24,0,0,271,9.058,7.004,1.291,0.012,17.365,0
synth_c24,0,0,272,12.888,6.724,5.528,0.012,25.152,0
synth_c24,0,0,273,14.481,7.739,1.131,0.012,23.363,0
synth_c24,0,0,274,13.502,6.657,5.546,0.013,25.717,0
synth_c24,0,0,275,9.301,10.712,1.023,0.011,21.048,0
synth_c24,0,0,276,15.401,6.784,4.795,0.012,26.993,0
synth_c24,0,0,277,14.221,6.966,5.409,0.012,26.609,0
synth_c24,0,0,278,9.288,14.534,4.427,0.012,28.261,0
synth_c24,0,0,279,13.424,8.992,4.917,0.013,27.346,0
synth_c24,0,0,280,13.201,6.644,6.315,0.015,26.176,0
synth_c24,0,0,281,13.937,6.67,1.119,0.017,21.743,0
synth_c24,0,0,282,12.489,7.248,4.191,0.012,23.941,0
synth_c24,0,0,283,11.749,7.29,2.184,0.011,21.233,0
synth_c24,0,0,284,12.647,6.742,6.4,0.016,25.805,0
synth_c24,0,0,285,12.619,7.579,7.325,0.012,27.536,0
synth_c24,0,0,286,13.443,7.01,5.916,0.014,26.383,0
synth_c24,0,0,287,13.335,6.956,4.201,0.012,24.505,0
synth_c24,0,0,288,9.369,12.32,3.33,0.011,25.031,0
synth_c24,0,0,289,12.249,6.871,1.062,0.012,20.193,0
synth_c24,0,0,290,14.644,6.662,3.43,0.012,24.747,0
synth_c24,0,0,291,15.373,6.708,4.232,0.014,26.327,0
synth_c24,0,0,292,9.305,6.748,1.115,0.012,17.18,0
synth_c24,0,0,293,16.363,7.066,1.15,0.012,24.591,0
synth_c24,0,0,294,13.466,10.148,2.531,0.012,26.157,0
synth_c24,0,0,295,15.472,9.943,3.494,0.013,28.923,0
synth_c24,0,0,296,15.521,6.905,2.343,0.011,24.78,0
synth_c24,0,0,297,12.351,8.194,1.273,0.012,21.829,0
synth_c24,0,0,298,9.223,6.673,4.299,0.014,20.209,0
synth_c24,0,0,299,16.431,8.359,5.538,0.02,30.349,0
synth_c24,0,0,300,13.718,6.715,1.949,0.014,22.396,0
synth_c24,0,0,301,11.54,8.416,6.584,0.017,26.556,0
synth_c24,0,0,302,13.758,6.762,1.313,0.015,21.849,0
synth_c24,0,0,303,14.485,6.662,1.793,0.012,22.951,0
synth_c24,0,0,304,16.551,10.042,3.293,0.013,29.899,0
synth_c24,0,0,305,12.516,9.536,1.062,0.013,23.126,0
synth_c24,0,0,306,9.752,10.946,4.506,0.014,25.219,0
synth_c24,0,0,307,14.292,9.448,1.082,0.012,24.834,0
synth_c24,0,0,308,14.868,9.196,6.07,0.014,30.148,0
synth_c24,0,0,309,9.406,14.281,4.228,0.012,27.926,0
synth_c24,0,0,310,9.759,7.058,1.14,0.011,17.967,0
synth_c24,0,0,311,13.502,7.9,2.871,0.012,24.285,0
synth_c24,0,0,312,15.226,6.691,3.972,0.014,25.903,0
synth_c24,0,0,313,10.173,6.86,1.309,0.015,18.356,0
synth_c24,0,0,314,13.161,6.669,2.045,0.013,21.888,0
synth_c24,0,0,315,13.926,12.313,12.184,0.017,38.44,1
synth_c24,0,0,316,14.898,6.817,5.209,0.013,26.937,0
synth_c24,0,0,317,14.04,6.793,4.497,0.015,25.346,0
synth_c24,0,0,318,13.852,7.027,4.112,0.013,25.003,0
synth_c24,0,0,319,11.462,6.691,4.438,0.012,22.603,0
synth_c24,0,0,320,9.739,6.656,1.18,0.011,17.586,0
synth_c24,0,0,321,21.035,6.951,9.62,0.018,37.625,1
synth_c24,0,0,322,10.809,11.633,1.223,0.014,23.679,0
synth_c24,0,0,323,14.01,6.709,6.747,0.015,27.481,0
synth_c24,0,0,324,12.204,6.698,1.497,0.015,20.414,0
synth_c24,0,0,325,15.289,6.666,6.183,0.015,28.153,0
synth_c24,0,0,326,16.472,7.342,4.58,0.013,28.406,0
synth_c24,0,0,327,10.909,6.915,5.171,0.012,23.007,0
synth_c24,0,0,328,10.814,6.708,1.595,0.012,19.129,0
synth_c24,0,0,329,16.166,6.751,3.727,0.017,26.662,0
synth_c24,0,0,330,11.659,6.888,1.258,0.012,19.816,0
synth_c24,0,0,331,13.517,7.761,11.405,0.015,32.699,0
synth_c24,0,0,332,12.019,6.751,3.953,0.018,22.742,0
synth_c24,0,0,333,9.857,11.066,10.61,0.017,31.55,0
synth_c24,0,0,334,15.252,6.675,6.563,0.015,28.505,0
synth_c24,0,0,335,15.936,6.699,1.426,0.013,24.073,0
synth_c24,0,0,336,16.846,7.172,1.784,0.015,25.818,0
synth_c24,0,0,337,21.797,12.509,15.194,0.018,49.518,1
synth_c24,0,0,338,14.104,15.167,9.026,0.021,38.318,1
synth_c24,0,0,339,11.049,20.875,6.914,0.016,38.853,1
synth_c24,0,0,340,20.866,8.322,3.891,0.016,33.095,0
synth_c24,0,0,341,24.772,7.612,17.154,0.02,49.559,1
synth_c24,0,0,343,16.608,6.783,1.419,0.015,24.825,0
synth_c24,0,0,344,13.238,19.278,5.399,0.019,37.934,1
synth_c24,0,0,345,13.33,10.674,10.591,0.016,34.611,1
synth_c24,0,0,346,18.088,11.802,4.943,0.024,34.856,1
synth_c24,0,0,347,16.962,8.019,9.127,0.017,34.125,1
synth_c24,0,0,348,17.922,7.695,6.62,0.019,32.255,0
synth_c24,0,0,349,12.109,7.485,7.349,0.017,26.96,0
synth_c24,0,0,350,17.032,10.535,7.093,0.021,34.68,1
synth_c24,0,0,351,11.422,6.799,8.207,0.021,26.45,0
synth_c24,0,0,352,17.74,6.769,1.898,0.016,26.424,0
synth_c24,0,0,353,14.253,6.831,8.45,0.017,29.551,0
synth_c24,0,0,354,14.293,6.68,12.785,0.023,33.78,1
synth_c24,0,0,355,15.546,6.725,5.041,0.015,27.327,0
synth_c24,0,0,356,13.957,6.995,1.309,0.013,22.274,0
synth_c24,0,0,357,15.1,7.977,5.614,0.014,28.705,0
synth_c24,0,0,358,13.277,7.015,1.962,0.012,22.266,0
synth_c24,0,0,359,14.0,6.683,5.477,0.013,26.173,0
synth_c24,0,0,360,13.993,6.993,4.938,0.017,25.942,0
synth_c24,0,0,361,10.854,10.163,9.883,0.014,30.913,0
synth_c24,0,0,362,13.527,7.177,8.86,0.014,29.578,0
synth_c24,0,0,363,12.369,12.673,2.872,0.012,27.925,0
synth_c24,0,0,364,14.772,7.809,4.133,0.013,26.727,0
synth_c24,0,0,365,12.641,7.966,4.375,0.014,24.996,0
synth_c24,0,0,366,13.594,8.458,3.494,0.016,25.561,0
synth_c24,0,0,367,13.543,6.666,4.822,0.013,25.044,0
synth_c24,0,0,368,13.586,7.105,8.311,0.013,29.014,0
synth_c24,0,0,369,13.596,7.682,2.189,0.014,23.481,0
synth_c24,0,0,370,14.552,8.05,7.817,0.014,30.433,0
synth_c24,0,0,371,11.791,7.032,4.747,0.015,23.584,0
synth_c24,0,0,372,14.795,6.91,2.326,0.016,24.046,0
synth_c24,0,0,373,17.074,6.717,4.157,0.015,27.963,0
synth_c24,0,0,374,14.241,12.373,11.897,0.021,38.533,1
synth_c24,0,0,375,11.474,6.933,1.342,0.016,19.765,0
synth_c24,0,0,376,13.411,6.896,12.928,0.014,33.249,0
synth_c24,0,0,377,13.877,6.68,2.095,0.017,22.669,0
synth_c24,0,0,378,17.994,7.069,8.759,0.013,33.835,1
synth_c24,0,0,379,9.333,7.807,1.227,0.012,18.379,0
synth_c24,0,0,380,10.611,6.788,1.839,0.014,19.252,0
synth_c24,0,0,381,14.371,6.719,10.657,0.019,31.766,0
synth_c24,0,0,382,19.301,6.714,3.06,0.016,29.09,0
synth_c24,0,0,383,18.555,6.845,10.933,0.056,36.389,1
synth_c24,0,0,384,14.559,8.586,1.541,0.012,24.699,0
synth_c24,0,0,385,15.153,7.298,9.516,0.018,31.984,0
synth_c24,0,0,386,16.39,6.897,4.959,0.014,28.26,0
synth_c24,0,0,387,18.464,8.127,4.478,0.014,31.084,0
synth_c24,0,0,388,13.089,7.694,6.389,0.017,27.189,0
synth_c24,0,0,389,12.096,10.248,4.041,0.06,26.445,0
synth_c24,0,0,390,17.676,6.807,7.198,0.015,31.695,0
synth_c24,0,0,391,13.895,7.451,8.126,0.017,29.489,0
synth_c24,0,0,392,10.602,7.776,8.931,0.021,27.33,0
synth_c24,0,0,393,14.125,9.729,8.303,0.017,32.173,0
synth_c24,0,0,394,22.422,7.37,5.756,0.026,35.575,1
synth_c24,0,0,395,21.531,10.549,9.354,0.02,41.454,1
synth_c24,0,0,396,27.769,8.554,9.743,0.023,46.089,1
synth_c24,0,0,397,25.327,13.838,9.392,0.02,48.577,1
synth_c24,0,0,399,21.711,23.146,9.232,0.024,54.112,1
synth_c24,0,0,400,24.72,10.035,9.08,0.021,43.856,1
synth_c24,0,0,402,22.1,6.988,13.425,0.023,42.537,1
synth_c24,0,0,403,31.939,6.907,13.186,0.021,52.053,1
synth_c24,0,0,404,18.327,6.927,4.919,0.02,30.193,0
synth_c24,0,0,405,27.765,7.163,10.838,0.024,45.79,1
synth_c24,0,0,407,29.225,12.546,4.339,0.021,46.131,1
synth_c24,0,0,408,26.576,8.278,10.463,0.02,45.337,1
synth_c24,0,0,409,19.483,7.271,2.985,0.016,29.755,0
synth_c24,0,0,410,20.059,7.228,2.792,0.016,30.096,0
synth_c24,0,0,411,20.255,7.432,9.169,0.033,36.889,1
synth_c24,0,0,412,21.954,6.797,4.899,0.015,33.665,1
synth_c24,0,0,413,19.715,7.516,5.084,0.024,32.34,0
synth_c24,0,0,414,19.863,6.843,5.18,0.015,31.901,0
synth_c24,0,0,415,18.782,6.979,6.455,0.019,32.235,0
synth_c24,0,0,416,20.298,7.062,2.026,0.018,29.404,0
synth_c24,0,0,417,19.349,7.369,3.945,0.016,30.679,0
synth_c24,0,0,418,18.6,14.651,9.31,0.017,42.578,1
synth_c24,0,0,419,24.559,7.314,5.336,0.016,37.225,1
synth_c24,0,0,420,23.272,7.061,3.396,0.022,33.751,1
synth_c24,0,0,421,23.933,6.843,4.678,0.015,35.469,1
synth_c24,0,0,423,16.451,8.645,5.485,0.018,30.599,0
synth_c24,0,0,424,17.992,11.052,5.673,0.016,34.733,1
synth_c24,0,0,425,18.196,7.817,5.233,0.016,31.262,0
synth_c24,0,0,426,20.037,10.378,3.091,0.016,33.522,1
synth_c24,0,0,427,20.325,7.285,8.225,0.016,35.85,1
synth_c24,0,0,428,19.313,7.302,5.274,0.017,31.905,0
synth_c24,0,0,429,15.292,7.103,6.183,0.017,28.595,0
synth_c24,0,0,430,15.272,7.776,4.687,0.017,27.752,0
synth_c24,0,0,431,18.443,8.277,8.055,0.016,34.791,1
synth_c24,0,0,432,20.097,9.941,6.078,0.017,36.133,1
synth_c24,0,0,433,19.087,11.195,2.132,0.018,32.43,0
synth_c24,0,0,434,20.44,7.045,4.621,0.014,32.12,0
synth_c24,0,0,435,19.735,6.959,4.306,0.018,31.018,0
synth_c24,0,0,436,22.774,6.83,2.32,0.016,31.941,0
synth_c24,0,0,437,22.841,6.804,4.306,0.017,33.968,1
synth_c24,0,0,438,21.287,7.191,2.315,0.014,30.807,0
synth_c24,0,0,439,17.595,6.818,6.349,0.016,30.778,0
synth_c24,0,0,440,20.312,8.063,9.541,0.02,37.936,1
synth_c24,0,0,441,20.852,7.445,1.636,0.016,29.949,0
synth_c24,0,0,442,19.362,7.309,6.746,0.017,33.434,1
synth_c24,0,0,443,27.884,11.094,2.303,0.017,41.298,1
synth_c24,0,0,444,20.99,6.867,5.291,0.018,33.166,0
synth_c24,0,0,445,20.006,6.803,2.726,0.016,29.551,0
synth_c24,0,0,446,16.54,14.808,6.039,0.016,37.402,1
synth_c24,0,0,447,16.014,12.409,1.765,0.015,30.203,0
synth_c24,0,0,448,20.195,7.186,4.738,0.015,32.135,0
synth_c24,0,0,449,21.996,7.272,5.634,0.033,34.935,1
synth_c24,0,0,450,21.247,10.759,2.021,0.015,34.041,1
synth_c24,0,0,451,15.705,8.373,6.44,0.016,30.534,0
synth_c24,0,0,452,18.758,6.799,1.459,0.017,27.034,0
synth_c24,0,0,453,19.026,6.821,6.25,3.945,36.042,1
synth_c24,0,0,454,14.839,11.047,2.494,0.016,28.396,0
synth_c24,0,0,455,22.645,10.432,4.436,0.015,37.528,1
synth_c24,0,0,456,18.036,7.059,12.194,0.021,37.309,1
synth_c24,0,0,457,19.064,9.568,1.718,0.016,30.366,0
synth_c24,0,0,458,20.09,7.449,2.856,0.016,30.412,0
synth_c24,0,0,459,22.806,7.314,4.261,0.019,34.4,1
synth_c24,0,0,460,21.576,6.877,2.675,0.016,31.144,0
synth_c24,0,0,461,18.487,8.948,4.956,0.015,32.407,0
synth_c24,0,0,462,20.258,6.865,1.626,0.014,28.764,0
synth_c24,0,0,463,20.287,6.777,8.039,0.014,35.117,1
synth_c24,0,0,464,17.51,6.851,6.266,0.02,30.647,0
synth_c24,0,0,465,20.862,7.057,4.623,0.014,32.556,0
synth_c24,0,0,466,20.484,6.985,1.76,0.015,29.244,0
synth_c24,0,0,467,23.578,6.822,4.319,0.015,34.733,1
synth_c24,0,0,468,20.713,9.659,3.613,0.014,33.998,1
synth_c24,1,0,30,18.927,6.988,2.997,0.014,28.926,0
synth_c24,1,0,31,21.04,6.919,5.166,0.014,33.138,0
synth_c24,1,0,32,17.608,6.956,3.995,0.014,28.573,0
synth_c24,1,0,33,21.532,6.776,6.444,0.013,34.765,1
synth_c24,1,0,34,20.943,7.059,8.973,0.017,36.991,1
synth_c24,1,0,35,18.547,7.0,1.721,0.014,27.283,0
synth_c24,1,0,36,19.822,7.186,5.879,0.018,32.905,0
synth_c24,1,0,37,23.451,7.263,1.661,0.014,32.389,0
synth_c24,1,0,38,19.488,7.445,2.108,0.014,29.055,0
synth_c24,1,0,39,20.421,7.926,10.144,0.014,38.504,1
synth_c24,1,0,40,19.077,8.332,15.869,0.016,43.294,1
synth_c24,1,0,41,22.102,7.015,4.839,0.015,33.972,1
synth_c24,1,0,42,22.225,16.862,5.544,0.015,44.646,1
synth_c24,1,0,43,20.075,6.714,8.88,0.015,35.683,1
synth_c24,1,0,44,16.032,8.955,1.841,0.015,26.842,0
synth_c24,1,0,45,20.227,11.07,5.741,0.015,37.052,1
synth_c24,1,0,46,20.371,11.388,5.706,0.013,37.478,1
synth_c24,1,0,47,19.492,7.051,5.382,0.014,31.939,0
synth_c24,1,0,48,21.557,8.782,2.045,0.014,32.399,0
synth_c24,1,0,49,14.606,10.251,1.458,0.011,26.327,0
synth_c24,1,0,50,18.017,7.516,2.526,0.019,28.079,0
synth_c24,1,0,51,20.863,8.048,9.999,0.016,38.926,1
synth_c24,1,0,52,17.385,10.958,7.139,0.013,35.496,1
synth_c24,1,0,53,17.153,9.834,4.236,0.014,31.237,0
synth_c24,1,0,54,20.879,7.591,7.786,0.015,36.27,1
synth_c24,1,0,55,15.762,11.603,9.028,0.016,36.41,1
synth_c24,1,0,56,17.49,7.009,8.522,0.02,33.042,0
synth_c24,1,0,57,24.363,7.458,4.223,0.017,36.061,1
synth_c24,1,0,58,17.122,9.84,5.44,0.016,32.419,0
synth_c24,1,0,59,20.63,7.428,5.365,0.014,33.438,1
synth_c24,1,0,60,21.967,8.16,4.228,0.019,34.374,1
synth_c24,1,0,61,19.137,7.034,8.517,0.018,34.707,1
synth_c24,1,0,62,20.582,6.997,5.134,0.014,32.727,0
synth_c24,1,0,63,20.337,6.778,3.18,0.013,30.308,0
synth_c24,1,0,64,19.803,6.963,1.644,0.013,28.423,0
synth_c24,1,0,65,25.234,7.245,5.178,0.014,37.671,1
synth_c24,1,0,66,22.635,6.905,1.955,0.017,31.511,0
synth_c24,1,0,67,22.137,6.785,2.132,0.013,31.068,0
synth_c24,1,0,68,18.827,12.271,3.874,0.013,34.986,1
synth_c24,1,0,69,14.247,9.889,5.902,0.055,30.093,0
synth_c24,1,0,70,19.864,8.04,3.435,0.015,31.353,0
synth_c24,1,0,71,20.986,7.175,6.222,0.016,34.399,1
synth_c24,1,0,72,17.708,7.404,12.426,0.016,37.555,1
synth_c24,1,0,73,21.928,6.874,5.576,0.015,34.392,1
synth_c24,1,0,74,20.226,10.948,2.503,0.016,33.693,1
synth_c24,1,0,75,20.017,7.044,2.658,0.013,29.732,0
synth_c24,1,0,76,21.27,10.325,3.984,0.014,35.593,1
synth_c24,1,0,77,23.009,8.495,4.189,0.015,35.708,1
synth_c24,1,0,78,20.385,7.829,8.964,0.012,37.19,1
synth_c24,1,0,79,20.08,6.929,2.276,0.015,29.3,0
synth_c24,1,0,80,16.203,10.464,2.305,0.017,28.989,0
synth_c24,1,0,81,21.419,6.802,6.391,0.015,34.628,1
synth_c24,1,0,82,20.071,6.892,2.136,0.016,29.115,0
synth_c24,1,0,83,18.244,7.633,2.318,0.015,28.21,0
synth_c24,1,0,84,19.93,7.593,17.306,0.015,44.844,1
synth_c24,1,0,85,19.966,6.916,5.51,0.014,32.406,0
synth_c24,1,0,86,16.831,15.46,2.669,0.017,34.977,1
synth_c24,1,0,87,20.693,6.864,9.817,0.018,37.391,1
synth_c24,1,0,88,19.037,6.765,3.961,0.012,29.774,0
synth_c24,1,0,89,18.853,7.708,4.572,0.019,31.151,0
synth_c24,1,0,90,18.327,7.27,2.674,0.013,28.283,0
synth_c24,1,0,91,19.522,9.239,4.412,0.018,33.191,0
synth_c24,1,0,92,20.364,7.039,9.008,0.017,36.429,1
synth_c24,1,0,93,21.272,8.356,5.467,0.016,35.11,1
synth_c24,1,0,94,20.935,7.522,5.904,0.018,34.38,1
synth_c24,1,0,95,17.455,7.252,6.482,0.014,31.204,0
synth_c24,1,0,96,19.808,7.28,2.784,0.019,29.892,0
synth_c24,1,0,97,16.623,8.234,2.149,0.013,27.019,0
synth_c24,1,0,98,23.354,6.847,2.31,0.014,32.525,0
synth_c24,1,0,99,27.47,7.483,5.098,0.014,40.066,1
synth_c24,1,0,100,16.384,7.005,1.841,0.013,25.242,0
synth_c24,1,0,101,23.849,7.463,2.736,0.014,34.062,1
synth_c24,1,0,102,19.515,9.781,2.055,0.014,31.365,0
synth_c24,1,0,103,22.561,6.974,5.162,0.016,34.713,1
synth_c24,1,0,104,17.59,11.132,2.059,0.013,30.795,0
synth_c24,1,0,105,25.111,7.933,11.85,0.014,44.908,1
synth_c24,1,0,106,20.604,6.798,1.974,0.015,29.392,0
synth_c24,1,0,107,20.397,6.908,2.055,0.017,29.377,0
synth_c24,1,0,108,21.191,8.156,6.883,0.018,36.248,1
synth_c24,1,0,109,19.397,7.891,5.334,0.014,32.636,0
synth_c24,1,0,110,19.011,7.808,11.07,0.017,37.905,1
synth_c24,1,0,111,18.002,8.279,3.139,0.019,29.438,0
synth_c24,1,0,112,19.192,7.06,2.087,0.014,28.353,0
synth_c24,1,0,113,21.191,6.837,4.381,0.019,32.428,0
synth_c24,1,0,114,18.701,8.255,3.125,0.015,30.095,0
synth_c24,1,0,115,16.54,6.987,6.297,0.014,29.838,0
synth_c24,1,0,116,18.107,7.041,4.882,0.018,30.048,0
synth_c24,1,0,117,22.112,7.172,2.424,0.019,31.728,0
synth_c24,1,0,118,21.318,7.051,9.013,0.02,37.402,1
synth_c24,1,0,119,18.288,6.908,11.743,0.017,36.956,1
synth_c24,1,0,120,19.682,6.826,6.453,0.014,32.975,0
synth_c24,1,0,121,19.189,6.807,3.897,0.015,29.907,0
synth_c24,1,0,122,19.305,8.791,12.015,0.016,40.127,1
synth_c24,1,0,123,19.502,7.012,2.077,0.017,28.608,0
synth_c24,1,0,124,17.516,7.012,7.157,0.016,31.7,0
synth_c24,1,0,125,20.318,7.897,7.759,0.017,35.992,1
synth_c24,1,0,126,21.561,6.913,1.847,0.013,30.334,0
synth_c24,1,0,127,21.748,7.119,1.792,0.014,30.673,0
synth_c24,1,0,128,21.866,7.156,8.052,0.019,37.092,1
synth_c24,1,0,129,22.761,7.187,8.152,0.017,38.118,1
synth_c24,1,0,130,18.039,6.998,3.469,0.015,28.52,0
synth_c24,1,0,131,20.144,6.931,5.65,0.015,32.739,0
synth_c24,1,0,132,18.192,7.265,6.084,0.018,31.559,0
synth_c24,1,0,133,16.575,8.603,2.129,0.02,27.327,0
synth_c24,1,0,134,20.8,7.742,6.118,0.015,34.675,1
synth_c24,1,0,135,22.846,6.819,6.841,0.014,36.52,1
synth_c24,1,0,136,21.142,7.228,2.392,0.014,30.775,0
synth_c24,1,0,137,21.095,6.801,2.093,0.014,30.003,0
synth_c24,1,0,138,20.089,11.472,5.616,0.014,37.192,1
synth_c24,1,0,139,21.674,7.936,1.975,0.015,31.601,0
synth_c24,1,0,140,20.962,6.929,2.767,0.019,30.677,0
synth_c24,1,0,141,21.24,6.927,2.387,0.015,30.568,0
synth_c24,1,0,142,21.385,6.836,6.951,0.014,35.186,1
synth_c24,1,0,143,16.406,6.99,5.89,0.019,29.305,0
synth_c24,1,0,144,17.93,7.733,4.897,0.015,30.575,0
synth_c24,1,0,145,20.263,11.521,6.099,0.017,37.9,1
synth_c24,1,0,146,16.779,9.879,2.121,0.015,28.794,0
synth_c24,1,0,147,21.214,10.083,6.875,0.015,38.187,1
synth_c24,1,0,148,20.269,8.694,6.111,0.016,35.09,1
synth_c24,1,0,149,17.359,7.274,6.298,0.016,30.947,0
synth_c24,1,0,150,21.322,9.787,3.989,0.016,35.113,1
synth_c24,1,0,151,16.355,7.154,5.904,0.021,29.433,0
synth_c24,1,0,152,15.502,7.013,5.606,0.013,28.134,0
synth_c24,1,0,153,15.279,17.359,12.854,0.019,45.511,1
synth_c24,1,0,154,19.228,7.132,4.792,0.018,31.169,0
synth_c24,1,0,155,19.303,6.868,1.283,0.014,27.468,0
synth_c24,1,0,156,18.857,8.142,5.134,0.016,32.149,0
synth_c24,1,0,157,22.885,11.241,9.076,0.021,43.222,1
synth_c24,1,0,158,17.607,12.737,3.394,0.018,33.756,1
synth_c24,1,0,159,18.202,11.395,5.789,0.019,35.405,1
synth_c24,1,0,160,18.475,7.22,6.359,0.016,32.07,0
synth_c24,1,0,161,19.495,6.84,7.079,0.018,33.432,1
synth_c24,1,0,162,18.746,6.791,4.718,0.015,30.27,0
synth_c24,1,0,163,18.774,14.032,1.48,0.016,34.302,1
synth_c24,1,0,164,21.082,6.963,1.445,0.016,29.506,0
synth_c24,1,0,165,22.366,8.451,1.515,0.015,32.347,0
synth_c24,1,0,166,21.229,7.5,2.799,0.014,31.543,0
synth_c24,1,0,167,18.428,9.521,4.578,0.021,32.548,0
synth_c24,1,0,168,22.818,6.834,3.826,0.015,33.494,1
synth_c24,1,0,169,23.603,7.447,1.522,0.014,32.586,0
synth_c24,1,0,170,20.311,6.961,4.625,0.02,31.917,0
synth_c24,1,0,171,20.279,7.605,6.349,0.02,34.253,1
synth_c24,1,0,172,18.37,11.393,5.272,0.019,35.055,1
synth_c24,1,0,173,20.291,7.484,3.524,0.015,31.314,0
synth_c24,1,0,174,17.063,10.499,5.035,0.016,32.613,0
synth_c24,1,0,175,16.402,10.66,11.65,0.019,38.731,1
synth_c24,1,0,176,16.17,7.651,5.474,0.015,29.31,0
synth_c24,1,0,177,9.087,9.706,6.546,0.016,25.354,0
synth_c24,1,0,178,11.816,9.521,4.374,0.014,25.726,0
synth_c24,1,0,179,16.53,9.501,1.252,0.016,27.299,0
synth_c24,1,0,180,12.56,6.908,8.22,0.014,27.702,0
synth_c24,1,0,181,13.905,9.275,5.68,0.014,28.874,0
synth_c24,1,0,182,16.445,7.191,1.29,0.015,24.941,0
synth_c24,1,0,183,14.421,6.701,1.261,0.016,22.399,0
synth_c24,1,0,184,15.619,7.023,1.367,0.025,24.034,0
synth_c24,1,0,185,16.98,6.98,3.012,0.016,26.988,0
synth_c24,1,0,186,13.783,7.973,2.494,0.011,24.262,0
synth_c24,1,0,187,16.482,6.854,3.823,0.01,27.169,0
synth_c24,1,0,188,14.322,11.329,1.318,0.015,26.984,0
synth_c24,1,0,189,13.204,10.457,8.402,0.016,32.079,0
synth_c24,1,0,190,9.627,10.92,1.298,0.012,21.858,0
synth_c24,1,0,191,14.202,8.419,4.608,0.011,27.24,0
synth_c24,1,0,192,12.943,6.928,3.159,0.015,23.044,0
synth_c24,1,0,193,16.569,7.023,4.008,0.016,27.616,0
synth_c24,1,0,194,20.196,8.457,4.919,0.013,33.586,1
synth_c24,1,0,195,13.977,8.035,1.117,0.01,23.14,0
synth_c24,1,0,196,14.948,7.906,6.758,0.02,29.632,0
synth_c24,1,0,197,14.296,6.869,5.722,0.012,26.899,0
synth_c24,1,0,198,11.736,10.535,4.931,0.014,27.216,0
synth_c24,1,0,199,14.196,8.544,1.216,0.012,23.968,0
synth_c24,1,0,200,11.436,10.574,1.318,0.012,23.34,0
synth_c24,1,0,201,13.042,6.82,12.737,0.013,32.612,0
synth_c24,1,0,202,6.622,10.385,9.085,0.027,26.118,0
synth_c24,1,0,203,16.239,6.808,1.284,0.015,24.346,0
synth_c24,1,0,204,14.102,8.898,2.745,0.012,25.757,0
synth_c24,1,0,205,17.973,6.979,1.264,0.011,26.227,0
synth_c24,1,0,206,13.522,6.646,1.336,0.011,21.515,0
synth_c24,1,0,207,17.74,6.907,1.305,0.015,25.968,0
synth_c24,1,0,208,13.404,10.484,1.379,0.015,25.282,0
synth_c24,1,0,209,13.137,7.316,2.932,0.016,23.401,0
synth_c24,1,0,210,12.731,9.158,7.678,0.013,29.58,0
synth_c24,1,0,211,8.679,8.863,5.526,0.02,23.089,0
synth_c24,1,0,212,13.044,7.218,4.798,0.016,25.076,0
synth_c24,1,0,213,11.657,9.798,2.481,0.013,23.949,0
synth_c24,1,0,214,12.645,10.701,1.607,0.011,24.964,0
synth_c24,1,0,215,13.551,6.981,2.871,0.02,23.422,0
synth_c24,1,0,216,9.649,11.906,1.228,0.012,22.795,0
synth_c24,1,0,217,16.859,7.327,11.291,0.021,35.497,1
synth_c24,1,0,218,16.382,6.961,2.416,0.013,25.773,0
synth_c24,1,0,219,12.497,11.041,5.077,0.012,28.628,0
synth_c24,1,0,220,14.768,6.961,6.325,0.014,28.068,0
synth_c24,1,0,221,13.827,7.045,5.034,0.013,25.918,0
synth_c24,1,0,222,12.724,6.668,2.255,0.012,21.66,0
synth_c24,1,0,223,16.224,7.009,3.074,0.013,26.321,0
synth_c24,1,0,224,8.666,10.215,1.159,0.012,20.052,0
synth_c24,1,0,225,13.597,6.813,8.804,0.013,29.227,0
synth_c24,1,0,226,12.819,6.748,4.389,0.012,23.967,0
synth_c24,1,0,227,18.786,7.927,3.829,0.011,30.554,0
synth_c24,1,0,228,11.67,10.397,6.526,0.011,28.604,0
synth_c24,1,0,229,8.19,13.09,4.803,0.014,26.096,0
synth_c24,1,0,230,12.837,12.164,6.965,0.013,31.98,0
synth_c24,1,0,231,11.031,9.286,2.347,0.013,22.677,0
synth_c24,1,0,232,12.717,6.793,1.516,0.012,21.039,0
synth_c24,1,0,233,10.993,10.02,1.158,0.011,22.182,0
synth_c24,1,0,234,18.209,7.594,2.539,0.014,28.355,0
synth_c24,1,0,235,11.565,12.047,6.422,0.012,30.046,0
synth_c24,1,0,236,15.71,6.809,4.266,0.014,26.799,0
synth_c24,1,0,237,11.329,12.176,1.506,0.014,25.026,0
synth_c24,1,0,238,16.846,6.816,1.612,0.012,25.287,0
synth_c24,1,0,239,14.149,16.066,9.572,0.019,39.805,1
synth_c24,1,0,240,12.521,8.746,5.464,0.013,26.744,0
synth_c24,1,0,241,13.357,6.878,5.085,0.014,25.335,0
synth_c24,1,0,242,11.597,9.723,3.277,0.015,24.611,0
synth_c24,1,0,243,13.225,6.714,1.496,0.016,21.45,0
synth_c24,1,0,244,19.505,7.708,4.881,0.012,32.105,0
synth_c24,1,0,245,14.409,8.984,2.496,0.013,25.902,0
synth_c24,1,0,246,10.488,10.68,2.839,0.018,24.024,0
synth_c24,1,0,247,9.25,10.769,1.739,0.012,21.77,0
synth_c24,1,0,248,14.633,6.727,11.822,0.015,33.197,0
synth_c24,1,0,249,14.257,6.767,5.658,0.016,26.698,0
synth_c24,1,0,250,10.395,6.823,7.453,0.015,24.686,0
synth_c24,1,0,251,14.297,7.199,1.665,0.014,23.175,0
synth_c24,1,0,252,9.547,10.739,12.768,0.014,33.067,0
synth_c24,1,0,253,8.926,11.775,3.424,0.015,24.139,0
synth_c24,1,0,254,17.788,6.774,1.369,0.013,25.945,0
synth_c24,1,0,255,16.078,6.666,15.895,0.019,38.657,1
synth_c24,1,0,256,19.737,6.759,2.253,0.012,28.762,0
synth_c24,1,0,257,13.43,7.182,6.963,0.012,27.587,0
synth_c24,1,0,258,10.577,11.084,1.268,0.012,22.94,0
synth_c24,1,0,259,12.272,7.178,9.079,0.013,28.542,0
synth_c24,1,0,260,9.233,6.753,3.135,0.012,19.132,0
synth_c24,1,0,261,17.708,7.157,2.843,0.014,27.722,0
synth_c24,1,0,262,11.859,6.839,5.374,0.012,24.085,0
synth_c24,1,0,263,13.255,7.972,1.437,0.012,22.676,0
synth_c24,1,0,264,13.092,6.834,4.221,0.011,24.158,0
synth_c24,1,0,265,14.794,7.917,4.679,0.014,27.404,0
synth_c24,1,0,266,7.628,9.829,8.292,0.011,25.759,0
synth_c24,1,0,267,10.69,11.088,1.529,0.016,23.322,0
synth_c24,1,0,268,13.304,6.641,8.497,0.018,28.461,0
synth_c24,1,0,269,11.627,6.886,2.124,0.012,20.65,0
synth_c24,1,0,270,18.284,6.968,3.546,0.012,28.81,0
synth_c24,1,0,271,11.064,13.339,1.069,0.012,25.485,0
synth_c24,1,0,272,14.074,7.171,2.331,0.014,23.591,0
synth_c24,1,0,273,16.859,6.739,2.188,0.013,25.799,0
synth_c24,1,0,274,12.36,6.662,5.67,0.013,24.705,0
synth_c24,1,0,275,15.111,6.832,2.414,0.011,24.368,0
synth_c24,1,0,276,16.093,6.766,7.776,0.013,30.648,0
synth_c24,1,0,277,9.1,7.803,11.612,0.014,28.53,0
synth_c24,1,0,278,14.134,7.453,5.451,0.013,27.052,0
synth_c24,1,0,279,12.195,6.986,8.891,0.014,28.085,0
synth_c24,1,0,280,9.16,6.618,1.285,0.016,17.079,0
synth_c24,1,0,281,12.089,6.891,3.143,0.013,22.136,0
synth_c24,1,0,282,12.293,7.072,1.288,0.013,20.666,0
synth_c24,1,0,283,15.622,6.619,6.828,0.013,29.082,0
synth_c24,1,0,284,17.929,6.883,1.17,0.014,25.998,0
synth_c24,1,0,285,19.516,6.838,10.189,0.019,36.563,1
synth_c24,1,0,286,12.876,7.129,1.173,0.013,21.192,0
synth_c24,1,0,287,14.614,6.688,4.426,0.014,25.742,0
synth_c24,1,0,288,18.813,6.736,1.132,0.013,26.695,0
synth_c24,1,0,289,8.615,11.922,1.411,0.013,21.961,0
synth_c24,1,0,290,16.409,6.682,9.438,0.032,32.562,0
synth_c24,1,0,291,9.88,10.822,1.56,0.016,22.278,0
synth_c24,1,0,292,17.37,6.865,1.381,0.016,25.632,0
synth_c24,1,0,293,15.008,9.878,11.442,0.014,36.342,1
synth_c24,1,0,294,10.092,9.963,3.418,0.015,23.488,0
synth_c24,1,0,295,22.445,7.643,2.908,0.014,33.01,0
synth_c24,1,0,296,20.304,8.041,1.452,0.015,29.813,0
synth_c24,1,0,297,19.438,6.834,7.042,0.016,33.33,0
synth_c24,1,0,298,20.344,8.138,3.431,0.015,31.927,0
synth_c24,1,0,299,20.74,6.873,4.184,0.016,31.813,0
synth_c24,1,0,300,20.858,7.882,1.271,0.017,30.027,0
synth_c24,1,0,301,23.046,7.131,2.399,0.017,32.592,0
synth_c24,1,0,302,19.925,7.962,4.733,0.019,32.639,0
synth_c24,1,0,303,21.257,6.891,7.286,0.019,35.453,1
synth_c24,1,0,304,21.54,7.316,2.506,0.016,31.379,0
synth_c24,1,0,305,20.324,7.269,4.435,0.041,32.069,0
synth_c24,1,0,306,21.416,6.868,6.778,0.02,35.082,1
synth_c24,1,0,307,20.503,6.857,4.275,0.016,31.651,0
synth_c24,1,0,308,16.582,16.043,1.479,0.014,34.118,1
synth_c24,1,0,309,18.438,7.074,8.656,0.015,34.182,1
synth_c24,1,0,310,21.207,6.838,3.602,0.017,31.665,0
synth_c24,1,0,311,24.046,7.034,5.043,0.015,36.138,1
synth_c24,1,0,312,16.865,10.302,1.517,0.021,28.706,0
synth_c24,1,0,313,18.485,7.153,4.824,0.017,30.479,0
synth_c24,1,0,314,21.057,7.232,2.707,0.018,31.013,0
synth_c24,1,0,315,19.098,6.788,7.845,0.015,33.745,1
synth_c24,1,0,316,18.891,7.562,4.858,0.016,31.327,0
synth_c24,1,0,317,14.583,11.684,3.536,0.017,29.821,0
synth_c24,1,0,318,19.382,7.014,1.457,0.014,27.867,0
synth_c24,1,0,319,21.14,8.387,9.882,0.018,39.427,1
synth_c24,1,0,320,16.364,10.657,6.42,0.018,33.459,1
synth_c24,1,0,321,15.225,11.11,2.433,0.016,28.784,0
synth_c24,1,0,322,18.192,11.597,5.195,0.015,34.998,1
synth_c24,1,0,323,20.313,8.465,11.924,0.016,40.718,1
synth_c24,1,0,324,19.161,13.569,1.373,0.015,34.117,1
synth_c24,1,0,325,21.242,6.817,1.426,0.017,29.502,0
synth_c24,1,0,326,20.398,6.82,5.041,0.016,32.276,0
synth_c24,1,0,327,16.258,6.941,1.4,0.014,24.613,0
synth_c24,1,0,328,21.438,6.954,7.011,0.015,35.418,1
synth_c24,1,0,329,19.787,8.188,4.555,0.018,32.548,0
synth_c24,1,0,330,18.851,10.951,3.474,0.017,33.293,0
synth_c24,1,0,331,23.046,7.354,2.576,0.019,32.994,0
synth_c24,1,0,332,23.566,10.314,3.767,0.017,37.664,1
synth_c24,1,0,333,20.192,8.557,12.754,0.016,41.52,1
synth_c24,1,0,334,14.589,12.735,1.481,0.015,28.82,0
synth_c24,1,0,335,20.888,7.887,9.671,0.023,38.469,1
synth_c24,1,0,336,20.578,7.586,7.794,0.018,35.976,1
synth_c24,1,0,337,17.29,11.095,15.874,0.019,44.277,1
synth_c24,1,0,338,22.355,11.578,3.419,0.016,37.368,1
synth_c24,1,0,339,16.078,10.55,7.381,0.013,34.023,1
synth_c24,1,0,340,11.563,8.62,7.551,0.017,27.751,0
synth_c24,1,0,341,12.591,6.743,3.659,0.014,23.007,0
synth_c24,1,0,342,14.411,9.17,1.521,0.014,25.117,0
synth_c24,1,0,343,12.445,15.637,2.223,0.015,30.32,0
synth_c24,1,0,344,13.548,7.184,11.527,0.017,32.276,0
synth_c24,1,0,345,12.476,6.948,5.696,0.014,25.134,0
synth_c24,1,0,346,9.938,13.668,5.114,0.015,28.735,0
synth_c24,1,0,347,13.733,7.104,4.459,0.014,25.31,0
synth_c24,1,0,348,13.909,7.236,3.02,0.016,24.181,0
synth_c24,1,0,349,12.611,18.635,5.811,0.015,37.072,1
synth_c24,1,0,350,12.493,7.702,24.89,0.022,45.107,1
synth_c24,1,0,351,11.428,12.677,21.263,0.018,45.387,1
synth_c24,1,0,352,10.523,9.411,1.237,0.017,21.188,0
synth_c24,1,0,353,16.159,7.245,1.514,0.013,24.932,0
synth_c24,1,0,354,13.482,16.971,5.254,0.021,35.727,1
synth_c24,1,0,355,12.27,7.324,8.809,0.018,28.422,0
synth_c24,1,0,356,13.801,7.68,3.877,0.016,25.373,0
synth_c24,1,0,357,14.179,9.678,4.02,0.017,27.893,0
synth_c24,1,0,358,13.129,9.139,7.341,0.017,29.626,0
synth_c24,1,0,359,12.689,10.189,6.622,0.017,29.517,0
synth_c24,1,0,360,12.646,8.052,10.933,0.015,31.646,0
synth_c24,1,0,361,9.707,15.041,5.502,0.016,30.266,0
synth_c24,1,0,362,19.592,8.884,1.769,0.018,30.263,0
synth_c24,1,0,363,12.518,7.034,2.668,0.017,22.237,0
synth_c24,1,0,364,11.16,8.521,17.836,0.017,37.534,1
synth_c24,1,0,365,13.316,10.197,4.923,0.015,28.451,0
synth_c24,1,0,366,10.505,9.673,7.493,0.016,27.687,0
synth_c24,1,0,367,14.627,7.858,1.547,0.013,24.045,0
synth_c24,1,0,368,14.17,7.121,2.488,0.013,23.792,0
synth_c24,1,0,369,15.082,9.828,1.844,0.013,26.766,0
synth_c24,1,0,370,13.641,7.809,2.505,0.014,23.968,0
synth_c24,1,0,371,13.537,7.856,2.858,0.013,24.264,0
synth_c24,1,0,372,14.96,8.258,3.682,0.014,26.914,0
synth_c24,1,0,373,26.046,7.847,1.15,0.014,35.058,1
synth_c24,1,0,374,21.112,9.99,1.743,0.016,32.861,0
synth_c24,1,0,375,14.492,8.16,3.814,0.028,26.494,0
synth_c24,1,0,376,14.687,8.78,8.28,0.013,31.761,0
synth_c24,1,0,377,12.244,11.84,3.005,0.014,27.103,0
synth_c24,1,0,378,10.671,10.635,4.289,0.014,25.609,0
synth_c24,1,0,379,14.677,9.608,3.245,0.018,27.548,0
synth_c24,1,0,380,16.446,7.088,1.895,0.019,25.448,0
synth_c24,1,0,381,20.998,6.988,7.376,0.017,35.379,1
synth_c24,1,0,382,18.826,8.909,5.313,0.018,33.065,0
synth_c24,1,0,383,16.086,11.659,3.158,0.017,30.921,0
synth_c24,1,0,384,20.611,7.211,6.797,0.019,34.638,1
synth_c24,1,0,385,17.088,9.084,9.49,0.016,35.679,1
synth_c24,1,0,386,16.166,10.385,6.244,0.016,32.812,0
synth_c24,1,0,387,25.77,7.656,4.708,0.017,38.151,1
synth_c24,1,0,388,20.057,6.917,8.558,0.019,35.551,1
synth_c24,1,0,389,17.969,10.263,10.659,0.021,38.913,1
synth_c24,1,0,390,21.274,7.083,4.377,0.017,32.751,0
synth_c24,1,0,391,21.792,13.352,6.202,0.019,41.365,1
synth_c24,1,0,392,20.505,6.965,1.799,0.016,29.286,0
synth_c24,1,0,393,22.102,7.208,1.973,0.018,31.302,0
synth_c24,1,0,394,17.433,11.337,14.3,0.016,43.087,1
synth_c24,1,0,395,20.398,8.53,5.516,0.018,34.462,1
synth_c24,1,0,396,22.15,6.998,2.415,0.019,31.582,0
synth_c24,1,0,397,21.047,7.014,14.021,0.018,42.1,1
synth_c24,1,0,399,13.202,15.155,1.853,0.016,30.226,0
synth_c24,1,0,400,17.052,14.305,3.54,0.017,34.915,1
synth_c24,1,0,401,20.502,9.277,6.597,0.018,36.394,1
synth_c24,1,0,402,21.48,7.145,9.156,0.02,37.801,1
synth_c24,1,0,403,21.877,6.894,2.687,0.021,31.479,0
synth_c24,1,0,404,18.117,13.498,6.988,0.017,38.62,1
synth_c24,1,0,405,19.557,11.22,9.045,0.02,39.843,1
synth_c24,1,0,406,18.031,6.947,6.015,0.017,31.01,0
synth_c24,1,0,407,16.96,6.933,3.448,0.023,27.364,0
synth_c24,1,0,408,20.689,6.979,6.514,0.017,34.198,1
synth_c24,1,0,409,20.735,7.445,26.609,0.024,54.813,1
synth_c24,1,0,410,21.553,7.976,5.825,0.021,35.375,1
synth_c24,1,0,412,21.619,7.047,7.558,0.022,36.245,1
synth_c24,1,0,413,23.655,7.513,14.372,0.026,45.566,1
synth_c24,1,0,414,16.616,10.678,9.603,0.021,36.917,1
synth_c24,1,0,415,18.602,8.402,12.83,0.022,39.856,1
synth_c24,1,0,416,19.284,6.899,7.404,0.019,33.606,1
synth_c24,1,0,417,20.004,7.156,7.482,0.019,34.661,1
synth_c24,1,0,418,19.634,7.967,7.362,0.02,34.982,1
synth_c24,1,0,419,21.801,7.29,9.64,0.021,38.752,1
synth_c24,1,0,421,26.715,7.451,13.588,0.021,47.775,1
synth_c24,1,0,422,17.814,8.262,2.292,0.017,28.385,0
synth_c24,1,0,423,20.395,6.951,4.447,0.017,31.81,0
synth_c24,1,0,424,22.12,6.861,2.066,0.018,31.065,0
synth_c24,1,0,425,22.818,6.869,2.069,0.019,31.775,0
synth_c24,1,0,426,24.24,8.001,1.932,0.021,34.194,1
synth_c24,1,0,427,22.941,7.134,5.15,0.02,35.245,1
synth_c24,1,0,428,22.211,10.513,1.815,0.016,34.555,1
synth_c24,1,0,429,20.316,7.209,1.941,0.019,29.484,0
synth_c24,1,0,430,23.163,7.044,6.775,0.016,36.998,1
synth_c24,1,0,431,20.177,6.87,2.572,0.018,29.638,0
synth_c24,1,0,432,21.282,6.795,4.065,0.015,32.156,0
synth_c24,1,0,433,19.878,8.947,2.074,0.014,30.913,0
synth_c24,1,0,434,20.179,7.036,6.083,0.015,33.312,0
synth_c24,1,0,435,16.401,8.035,5.819,0.015,30.269,0
synth_c24,1,0,436,17.446,10.688,4.031,0.017,32.182,0
synth_c24,1,0,437,19.876,7.041,1.442,0.013,28.371,0
synth_c24,1,0,438,12.738,9.696,5.343,0.011,27.79,0
synth_c24,1,0,439,12.378,6.669,2.15,0.01,21.208,0
synth_c24,1,0,440,13.895,10.536,2.633,0.012,27.076,0
synth_c24,1,0,441,12.593,7.352,8.048,0.013,28.006,0
synth_c24,1,0,442,15.433,6.78,2.009,0.012,24.233,0
synth_c24,1,0,443,18.128,6.622,1.252,0.011,26.013,0
synth_c24,1,0,444,12.191,7.772,1.614,0.011,21.589,0
synth_c24,1,0,445,13.566,13.798,4.732,0.015,32.112,0
synth_c24,1,0,446,9.786,10.551,8.4,0.013,28.751,0
synth_c24,1,0,447,13.506,9.495,4.421,0.017,27.439,0
synth_c24,1,0,448,11.586,10.366,1.338,0.012,23.303,0
synth_c24,1,0,449,13.586,7.112,7.343,0.013,28.053,0
synth_c24,1,0,450,11.621,6.632,4.513,0.012,22.778,0
synth_c24,1,0,451,14.232,9.415,2.401,0.013,26.061,0
synth_c24,1,0,452,15.849,6.709,1.512,0.012,24.081,0
synth_c24,1,0,453,12.551,9.039,8.352,0.012,29.954,0
synth_c24,1,0,454,13.004,10.542,1.381,0.012,24.939,0
synth_c24,1,0,455,12.975,6.693,4.278,0.014,23.959,0
synth_c24,1,0,456,8.415,11.815,3.094,0.012,23.337,0
synth_c24,1,0,457,13.927,6.699,5.372,0.011,26.009,0
synth_c24,1,0,458,16.446,6.642,1.239,0.01,24.338,0
synth_c24,1,0,459,10.525,10.318,4.435,0.012,25.29,0
synth_c24,1,0,460,13.437,6.737,2.708,0.011,22.892,0
synth_c24,1,0,461,9.706,10.925,1.232,0.015,21.878,0
synth_c24,1,0,462,15.133,7.01,6.971,0.011,29.125,0
synth_c24,1,0,463,16.19,7.414,7.379,0.011,30.994,0
synth_c24,1,0,464,10.776,7.032,4.962,0.011,22.781,0
synth_c24,1,0,465,9.274,10.467,1.832,0.018,21.591,0
synth_c24,1,0,466,13.385,7.806,4.644,0.011,25.846,0
synth_c24,1,0,467,11.45,6.814,5.818,0.015,24.097,0
synth_c24,1,0,468,15.567,10.656,2.726,0.013,28.962,0
synth_c24,2,0,30,12.373,7.046,3.133,0.012,22.564,0
synth_c24,2,0,31,15.739,7.297,7.714,0.011,30.761,0
synth_c24,2,0,32,14.017,7.341,4.693,0.011,26.063,0
synth_c24,2,0,33,13.931,6.79,5.925,0.011,26.658,0
synth_c24,2,0,34,13.751,7.03,5.363,0.015,26.159,0
synth_c24,2,0,35,11.244,8.483,5.899,0.012,25.638,0
synth_c24,2,0,36,16.576,7.002,5.102,0.015,28.696,0
synth_c24,2,0,37,13.47,6.626,6.244,0.016,26.356,0
synth_c24,2,0,38,12.524,6.978,2.935,0.011,22.448,0
synth_c24,2,0,39,13.171,6.855,2.824,0.012,22.861,0
synth_c24,2,0,40,12.401,6.837,4.788,0.013,24.039,0
synth_c24,2,0,41,13.748,6.689,9.84,0.014,30.291,0
synth_c24,2,0,42,13.846,8.223,1.509,0.012,23.589,0
synth_c24,2,0,43,14.927,6.831,12.413,0.012,34.183,1
synth_c24,2,0,44,10.289,6.96,12.643,0.012,29.905,0
synth_c24,2,0,45,13.265,6.833,4.491,0.011,24.6,0
synth_c24,2,0,46,13.832,6.947,7.538,0.011,28.328,0
synth_c24,2,0,47,13.458,7.762,5.22,0.011,26.452,0
synth_c24,2,0,48,9.089,6.996,2.273,0.011,18.369,0
synth_c24,2,0,49,13.672,6.962,10.634,0.011,31.279,0
synth_c24,2,0,50,13.272,7.075,9.362,0.013,29.723,0
synth_c24,2,0,51,12.49,6.891,14.113,0.018,33.512,1
synth_c24,2,0,52,8.178,6.691,9.045,0.012,23.925,0
synth_c24,2,0,53,12.182,6.845,4.596,0.011,23.634,0
synth_c24,2,0,54,13.478,6.956,4.634,0.013,25.081,0
synth_c24,2,0,55,9.587,6.785,6.848,0.021,23.241,0
synth_c24,2,0,56,20.845,6.734,3.685,0.012,31.276,0
synth_c24,2,0,57,13.824,6.658,10.993,0.011,31.486,0
synth_c24,2,0,58,10.268,6.739,3.662,0.016,20.685,0
synth_c24,2,0,59,11.714,6.956,1.628,0.011,20.31,0
synth_c24,2,0,60,13.417,7.125,5.21,0.011,25.763,0
synth_c24,2,0,61,12.686,10.23,2.556,0.012,25.484,0
synth_c24,2,0,62,16.319,6.833,1.569,0.014,24.735,0
synth_c24,2,0,63,9.205,6.793,3.685,0.011,19.694,0
synth_c24,2,0,64,14.3,6.774,4.605,0.013,25.692,0
synth_c24,2,0,65,17.5,6.713,3.61,0.011,27.835,0
synth_c24,2,0,66,14.435,6.932,4.727,0.012,26.106,0
synth_c24,2,0,67,16.152,7.353,1.458,0.011,24.975,0
synth_c24,2,0,68,12.973,6.641,1.734,0.013,21.361,0
synth_c24,2,0,69,14.142,6.734,6.521,0.011,27.408,0
synth_c24,2,0,70,14.525,6.883,2.227,0.011,23.646,0
synth_c24,2,0,71,8.939,6.883,12.77,0.013,28.604,0
synth_c24,2,0,72,13.502,6.761,4.883,0.012,25.157,0
synth_c24,2,0,73,13.943,7.892,1.566,0.011,23.412,0
synth_c24,2,0,74,13.797,6.646,5.079,0.014,25.537,0
synth_c24,2,0,75,8.376,6.856,3.737,0.011,18.98,0
synth_c24,2,0,76,11.758,6.803,8.362,0.015,26.938,0
synth_c24,2,0,77,15.08,8.157,8.167,0.017,31.42,0
synth_c24,2,0,78,20.681,6.874,5.369,0.015,32.94,0
synth_c24,2,0,79,20.52,7.415,5.56,0.029,33.524,1
synth_c24,2,0,80,16.358,10.625,2.18,0.017,29.181,0
synth_c24,2,0,81,23.269,7.021,6.586,0.017,36.893,1
synth_c24,2,0,82,19.113,10.729,4.418,0.019,34.28,1
synth_c24,2,0,83,21.105,7.021,4.278,0.017,32.422,0
synth_c24,2,0,84,17.03,12.08,7.387,0.016,36.512,1
synth_c24,2,0,85,17.934,10.589,8.802,0.016,37.34,1
synth_c24,2,0,86,17.341,7.515,1.818,0.019,26.693,0
synth_c24,2,0,87,19.68,9.812,7.845,0.016,37.353,1
synth_c24,2,0,88,20.873,8.688,1.786,0.016,31.363,0
synth_c24,2,0,89,20.732,6.97,4.977,0.017,32.696,0
synth_c24,2,0,90,16.097,15.714,10.775,0.025,42.611,1
synth_c24,2,0,91,16.297,11.054,1.803,0.016,29.169,0
synth_c24,2,0,92,21.18,6.845,5.377,0.015,33.417,1
synth_c24,2,0,93,23.989,7.113,4.695,0.016,35.813,1
synth_c24,2,0,94,17.384,11.459,1.66,0.015,30.518,0
synth_c24,2,0,95,17.481,11.816,1.907,0.015,31.219,0
synth_c24,2,0,96,17.362,10.672,9.193,0.015,37.242,1
synth_c24,2,0,97,22.013,8.804,8.502,0.015,39.334,1
synth_c24,2,0,98,22.727,7.117,2.098,0.017,31.96,0
synth_c24,2,0,99,16.115,9.422,5.101,0.015,30.653,0
synth_c24,2,0,100,16.939,11.782,5.953,0.02,34.694,1
synth_c24,2,0,101,19.431,8.554,5.067,0.016,33.069,0
synth_c24,2,0,102,22.245,7.017,6.768,0.017,36.047,1
synth_c24,2,0,103,19.79,7.671,5.435,0.016,32.912,0
synth_c24,2,0,104,17.37,6.974,4.822,0.018,29.184,0
synth_c24,2,0,105,28.461,7.77,13.662,0.018,49.911,1
synth_c24,2,0,106,17.226,10.511,8.39,0.016,36.143,1
synth_c24,2,0,107,17.691,15.647,2.815,0.016,36.169,1
synth_c24,2,0,109,17.073,11.021,8.364,0.016,36.475,1
synth_c24,2,0,110,20.114,8.239,6.417,0.017,34.787,1
synth_c24,2,0,111,16.169,11.829,3.908,0.015,31.921,0
synth_c24,2,0,112,21.484,7.135,3.832,0.016,32.467,0
synth_c24,2,0,113,24.307,8.106,4.311,0.019,36.744,1
synth_c24,2,0,114,22.933,8.852,3.374,0.019,35.177,1
synth_c24,2,0,115,21.377,11.052,5.447,0.072,37.949,1
synth_c24,2,0,116,19.94,10.657,8.143,0.016,38.757,1
synth_c24,2,0,117,19.416,6.841,8.051,0.017,34.326,1
synth_c24,2,0,118,20.0,7.0,4.266,0.018,31.284,0
synth_c24,2,0,119,17.971,11.13,5.009,0.017,34.128,1
synth_c24,2,0,120,22.059,7.008,1.614,0.016,30.697,0
synth_c24,2,0,121,27.078,7.078,7.147,0.016,41.32,1
synth_c24,2,0,122,15.337,6.912,2.469,0.02,24.738,0
synth_c24,2,0,123,23.735,6.835,6.844,0.02,37.434,1
synth_c24,2,0,124,16.556,7.384,12.008,0.015,35.964,1
synth_c24,2,0,125,17.913,6.803,1.735,0.015,26.466,0
synth_c24,2,0,126,22.227,6.894,6.846,0.014,35.982,1
synth_c24,2,0,127,20.057,7.299,3.486,0.019,30.86,0
synth_c24,2,0,128,17.672,7.117,5.832,0.016,30.637,0
synth_c24,2,0,129,21.034,6.802,2.894,0.015,30.745,0
synth_c24,2,0,130,21.116,6.88,10.718,0.018,38.732,1
synth_c24,2,0,131,18.391,7.376,6.458,0.017,32.242,0
synth_c24,2,0,132,18.927,6.848,3.655,0.018,29.449,0
synth_c24,2,0,133,18.167,6.877,16.934,0.016,41.993,1
synth_c24,2,0,134,22.121,7.099,1.852,0.017,31.089,0
synth_c24,2,0,135,21.325,7.199,6.819,0.017,35.36,1
synth_c24,2,0,136,19.294,7.49,4.903,0.016,31.703,0
synth_c24,2,0,137,16.633,11.582,2.106,0.016,30.336,0
synth_c24,2,0,138,21.391,7.163,5.231,0.015,33.8,1
synth_c24,2,0,139,21.765,7.631,11.26,0.016,40.672,1
synth_c24,2,0,140,16.258,10.856,5.219,0.016,32.349,0
synth_c24,2,0,141,22.961,7.042,1.571,0.015,31.588,0
synth_c24,2,0,142,21.112,7.441,1.612,0.018,30.183,0
synth_c24,2,0,143,20.079,7.473,7.317,0.015,34.883,1
synth_c24,2,0,144,24.48,8.474,2.859,0.019,35.832,1
synth_c24,2,0,145,22.838,7.393,1.41,0.014,31.654,0
synth_c24,2,0,146,14.301,10.046,8.234,0.015,32.595,0
synth_c24,2,0,147,13.534,7.482,4.955,0.012,25.984,0
synth_c24,2,0,148,16.608,6.678,5.262,0.013,28.562,0
synth_c24,2,0,149,13.576,7.125,4.39,0.014,25.106,0
synth_c24,2,0,150,9.873,10.17,3.732,0.015,23.79,0
synth_c24,2,0,151,13.484,7.661,6.311,0.012,27.468,0
synth_c24,2,0,152,16.094,7.08,2.664,0.016,25.854,0
synth_c24,2,0,153,15.749,6.941,8.557,0.012,31.259,0
synth_c24,2,0,154,9.776,7.719,8.729,0.018,26.242,0
synth_c24,2,0,155,9.337,9.35,2.376,0.012,21.074,0
synth_c24,2,0,156,13.448,7.081,9.5,0.014,30.043,0
synth_c24,2,0,157,13.242,10.811,4.546,0.013,28.611,0
synth_c24,2,0,158,13.776,8.731,6.34,0.013,28.859,0
synth_c24,2,0,159,12.734,7.95,3.813,0.016,24.513,0
synth_c24,2,0,160,18.405,7.145,5.299,0.018,30.867,0
synth_c24,2,0,161,19.631,10.528,1.572,0.015,31.746,0
synth_c24,2,0,162,21.375,7.56,5.363,0.019,34.316,1
synth_c24,2,0,163,19.203,12.494,7.236,0.018,38.95,1
synth_c24,2,0,164,16.32,7.852,8.396,0.02,32.588,0
synth_c24,2,0,165,19.266,7.208,1.564,0.016,28.054,0
synth_c24,2,0,166,20.803,10.278,1.54,0.014,32.635,0
synth_c24,2,0,167,19.956,10.755,2.775,0.017,33.504,1
synth_c24,2,0,168,20.21,7.036,6.663,0.016,33.925,1
synth_c24,2,0,169,20.86,6.857,9.114,0.015,36.846,1
synth_c24,2,0,170,21.451,7.062,9.634,0.023,38.17,1
synth_c24,2,0,171,14.76,12.691,6.015,0.037,33.503,1
synth_c24,2,0,172,20.902,9.841,4.795,0.016,35.554,1
synth_c24,2,0,173,20.385,7.004,1.408,0.018,28.815,0
synth_c24,2,0,174,17.875,7.346,2.47,0.016,27.707,0
synth_c24,2,0,175,21.689,6.927,12.519,0.019,41.154,1
synth_c24,2,0,176,16.408,10.792,1.381,0.015,28.596,0
synth_c24,2,0,177,20.478,8.206,3.071,0.016,31.771,0
synth_c24,2,0,178,20.849,7.934,5.482,0.018,34.282,1
synth_c24,2,0,179,17.442,7.38,6.174,0.016,31.012,0
synth_c24,2,0,180,19.807,8.07,16.838,0.021,44.734,1
synth_c24,2,0,181,18.011,11.846,4.431,0.018,34.306,1
synth_c24,2,0,182,19.572,7.094,2.276,0.015,28.957,0
synth_c24,2,0,183,15.941,12.276,10.649,0.017,38.884,1
synth_c24,2,0,184,17.088,10.084,6.627,0.019,33.818,1
synth_c24,2,0,185,19.817,6.98,4.807,0.017,31.622,0
synth_c24,2,0,186,17.728,8.907,3.874,0.017,30.526,0
synth_c24,2,0,187,16.651,10.282,2.427,0.019,29.379,0
synth_c24,2,0,188,20.392,7.244,4.724,0.015,32.375,0
synth_c24,2,0,189,25.857,7.23,6.196,0.019,39.302,1
synth_c24,2,0,190,16.908,9.787,9.759,0.016,36.471,1
synth_c24,2,0,191,17.425,7.157,10.174,0.017,34.773,1
synth_c24,2,0,192,17.089,6.869,8.775,0.017,32.751,0
synth_c24,2,0,193,28.678,7.674,5.321,0.021,41.693,1
synth_c24,2,0,194,19.577,7.476,9.091,0.017,36.161,1
synth_c24,2,0,195,16.619,6.778,9.165,0.016,32.578,0
synth_c24,2,0,196,16.029,14.632,2.079,0.019,32.758,0
synth_c24,2,0,197,22.041,9.509,11.413,0.02,42.983,1
synth_c24,2,0,199,13.476,10.955,2.676,0.015,27.123,0
synth_c24,2,0,200,21.476,8.14,4.591,0.014,34.222,1
synth_c24,2,0,201,19.446,6.821,8.854,0.014,35.135,1
synth_c24,2,0,202,22.886,8.841,1.769,0.016,33.511,1
synth_c24,2,0,203,24.436,11.238,2.878,0.016,38.568,1
synth_c24,2,0,204,19.496,7.125,8.525,0.017,35.164,1
synth_c24,2,0,205,18.036,6.862,6.155,0.024,31.076,0
synth_c24,2,0,206,17.311,10.446,4.887,0.017,32.66,0
synth_c24,2,0,207,21.07,8.752,5.41,0.053,35.286,1
synth_c24,2,0,208,22.896,7.073,5.143,0.018,35.13,1
synth_c24,2,0,209,20.645,7.296,3.474,0.017,31.432,0
synth_c24,2,0,210,16.978,11.15,8.742,0.016,36.886,1
synth_c24,2,0,211,16.698,14.101,6.561,0.016,37.375,1
synth_c24,2,0,212,17.855,10.872,19.811,0.017,48.555,1
synth_c24,2,0,213,20.448,7.301,2.267,0.023,30.04,0
synth_c24,2,0,214,26.046,7.668,9.21,0.015,42.939,1
synth_c24,2,0,216,17.104,10.731,1.723,0.015,29.572,0
synth_c24,2,0,217,22.982,8.071,2.471,0.016,33.54,1
synth_c24,2,0,218,20.811,6.765,4.232,0.015,31.823,0
synth_c24,2,0,219,17.327,11.765,2.174,0.017,31.283,0
synth_c24,2,0,220,19.297,7.343,2.079,0.019,28.739,0
synth_c24,2,0,221,20.165,6.895,4.761,0.016,31.838,0
synth_c24,2,0,222,20.1,6.87,5.306,0.015,32.291,0
synth_c24,2,0,223,20.706,7.345,9.71,0.019,37.78,1
synth_c24,2,0,224,15.782,10.292,1.771,0.017,27.862,0
synth_c24,2,0,225,20.211,7.047,1.679,0.017,28.955,0
synth_c24,2,0,226,21.905,7.035,4.804,0.019,33.762,1
synth_c24,2,0,227,17.73,7.427,8.587,0.017,33.761,1
synth_c24,2,0,228,21.301,8.162,4.846,0.017,34.326,1
synth_c24,2,0,229,19.315,6.801,3.795,0.018,29.929,0
synth_c24,2,0,230,17.031,10.38,3.284,0.018,30.712,0
synth_c24,2,0,231,23.914,11.298,9.007,0.017,44.236,1
synth_c24,2,0,232,16.84,10.947,9.047,0.016,36.85,1
synth_c24,2,0,233,19.238,7.479,5.053,0.015,31.785,0
synth_c24,2,0,234,16.758,9.891,6.641,0.018,33.307,0
synth_c24,2,0,235,15.76,9.619,6.937,0.018,32.335,0
synth_c24,2,0,236,19.302,6.92,7.41,0.019,33.65,1
synth_c24,2,0,237,19.953,6.903,3.229,0.016,30.101,0
synth_c24,2,0,238,19.927,6.871,11.423,0.018,38.239,1
synth_c24,2,0,239,13.517,11.795,6.382,0.017,31.712,0
synth_c24,2,0,240,15.497,11.573,1.518,0.015,28.603,0
synth_c24,2,0,241,21.184,8.942,3.858,0.015,33.999,1
synth_c24,2,0,242,18.743,9.373,3.194,0.019,31.329,0
synth_c24,2,0,243,18.482,14.545,3.979,0.02,37.026,1
synth_c24,2,0,244,19.227,12.177,8.973,0.03,40.407,1
synth_c24,2,0,245,20.971,8.5,3.752,0.016,33.238,0
synth_c24,2,0,246,20.611,6.834,5.363,0.015,32.822,0
synth_c24,2,0,247,17.533,11.873,2.984,0.016,32.407,0
synth_c24,2,0,248,21.451,7.256,9.318,0.02,38.046,1
synth_c24,2,0,249,19.588,7.136,5.326,0.016,32.067,0
synth_c24,2,0,250,19.343,7.787,6.175,0.018,33.323,0
synth_c24,2,0,251,20.443,8.577,4.7,0.018,33.738,1
synth_c24,2,0,252,19.682,10.96,1.866,0.016,32.525,0
synth_c24,2,0,253,20.156,10.954,9.327,0.016,40.453,1
synth_c24,2,0,254,20.702,9.157,8.625,0.02,38.503,1
synth_c24,2,0,255,12.689,12.356,2.501,0.016,27.563,0
synth_c24,2,0,256,21.022,8.539,10.776,0.016,40.354,1
synth_c24,2,0,257,19.602,6.874,1.586,0.017,28.079,0
synth_c24,2,0,258,19.005,6.913,5.043,0.043,31.004,0
synth_c24,2,0,259,22.865,10.795,9.05,0.019,42.729,1
synth_c24,2,0,261,20.828,13.295,4.905,0.019,39.046,1
synth_c24,2,0,262,20.087,10.756,1.554,0.02,32.416,0
synth_c24,2,0,263,16.982,7.23,3.612,0.015,27.839,0
synth_c24,2,0,264,19.639,6.814,1.565,0.014,28.032,0
synth_c24,2,0,265,18.041,6.797,6.995,0.017,31.852,0
synth_c24,2,0,266,18.432,12.328,4.975,0.017,35.752,1
synth_c24,2,0,267,15.696,11.326,5.671,0.019,32.712,0
synth_c24,2,0,268,15.116,13.23,6.862,0.018,35.226,1
synth_c24,2,0,269,20.897,7.335,3.543,0.023,31.797,0
synth_c24,2,0,270,19.305,10.892,6.883,0.017,37.098,1
synth_c24,2,0,271,19.292,6.894,3.647,0.015,29.848,0
synth_c24,2,0,272,17.483,7.335,7.734,0.02,32.573,0
synth_c24,2,0,273,17.341,6.995,1.638,0.017,25.991,0
synth_c24,2,0,274,18.305,7.207,8.387,0.018,33.917,1
synth_c24,2,0,275,22.691,8.792,6.09,0.022,37.595,1
synth_c24,2,0,276,18.602,10.943,1.637,0.024,31.205,0
synth_c24,2,0,277,19.47,7.726,6.419,0.018,33.633,1
synth_c24,2,0,278,16.744,7.17,6.708,0.016,30.638,0
synth_c24,2,0,279,21.401,7.205,5.48,0.017,34.103,1
synth_c24,2,0,280,20.296,7.92,7.632,0.016,35.864,1
synth_c24,2,0,281,13.966,11.794,5.274,0.018,31.052,0
synth_c24,2,0,282,24.152,7.177,6.019,0.017,37.365,1
synth_c24,2,0,283,39.166,10.691,10.994,0.024,60.875,1
synth_c24,2,0,284,28.141,10.614,7.256,0.021,46.031,1
synth_c24,2,0,286,26.589,9.691,5.579,0.017,41.877,1
synth_c24,2,0,287,21.134,7.461,3.971,0.019,32.585,0
synth_c24,2,0,288,20.759,6.848,9.934,0.219,37.76,1
synth_c24,2,0,289,16.457,13.513,2.032,0.018,32.02,0
synth_c24,2,0,290,21.09,7.436,2.044,0.017,30.586,0
synth_c24,2,0,291,16.856,6.828,23.384,0.02,47.087,1
synth_c24,2,0,293,14.363,23.558,3.353,0.018,41.291,1
synth_c24,2,0,294,19.674,6.905,10.797,0.019,37.396,1
synth_c24,2,0,295,21.662,8.368,4.709,0.019,34.758,1
synth_c24,2,0,296,15.736,8.161,9.465,0.023,33.385,1
synth_c24,2,0,297,16.806,7.065,5.745,0.02,29.636,0
synth_c24,2,0,298,17.01,6.838,6.112,0.019,29.979,0
synth_c24,2,0,299,16.504,10.25,17.321,0.022,44.097,1
synth_c24,2,0,300,16.327,6.913,3.869,0.023,27.132,0
synth_c24,2,0,301,18.287,12.551,1.506,0.018,32.361,0
synth_c24,2,0,302,23.254,11.486,2.033,0.022,36.795,1
synth_c24,2,0,303,18.315,13.28,9.526,0.022,41.143,1
synth_c24,2,0,304,21.127,7.38,3.286,0.028,31.821,0
synth_c24,2,0,305,19.147,11.165,3.508,0.023,33.843,1
synth_c24,2,0,306,16.952,7.726,5.414,0.018,30.11,0
synth_c24,2,0,307,20.022,9.016,6.477,0.02,35.535,1
synth_c24,2,0,308,20.64,10.569,2.866,0.017,34.091,1
synth_c24,2,0,309,15.374,13.414,4.143,0.021,32.952,0
synth_c24,2,0,310,22.392,8.806,6.139,0.019,37.357,1
synth_c24,2,0,311,16.807,15.642,4.576,0.017,37.042,1
synth_c24,2,0,312,17.466,10.202,2.496,0.018,30.182,0
synth_c24,2,0,313,15.366,10.936,3.967,0.016,30.285,0
synth_c24,2,0,314,21.001,12.543,7.853,0.017,41.413,1
synth_c24,2,0,315,20.143,9.821,5.275,0.018,35.258,1
synth_c24,2,0,316,19.573,7.661,4.767,0.02,32.022,0
synth_c24,2,0,317,21.145,9.669,5.117,0.02,35.951,1
synth_c24,2,0,319,22.992,11.139,3.532,0.02,37.683,1
synth_c24,2,0,320,17.17,7.919,1.997,0.021,27.107,0
synth_c24,2,0,321,17.849,12.342,5.552,0.016,35.759,1
synth_c24,2,0,322,19.636,7.121,6.29,0.018,33.065,0
synth_c24,2,0,323,16.788,6.879,2.178,0.016,25.861,0
synth_c24,2,0,324,22.334,7.528,9.09,0.021,38.973,1
synth_c24,2,0,325,20.113,6.832,1.744,0.015,28.705,0
synth_c24,2,0,326,20.18,6.961,5.854,0.017,33.011,0
synth_c24,2,0,327,28.256,10.474,2.658,0.017,41.405,1
synth_c24,2,0,328,20.179,7.221,7.388,0.016,34.803,1
synth_c24,2,0,329,23.137,6.841,3.135,0.018,33.131,0
synth_c24,2,0,330,20.086,7.091,2.58,0.019,29.776,0
synth_c24,2,0,331,19.758,7.639,10.424,0.017,37.838,1
synth_c24,2,0,332,15.064,11.165,2.91,0.018,29.157,0
synth_c24,2,0,333,21.26,6.874,5.02,0.019,33.173,0
synth_c24,2,0,334,16.326,11.755,6.018,0.018,34.117,1
synth_c24,2,0,335,18.201,7.507,7.343,0.017,33.068,0
synth_c24,2,0,336,16.156,7.461,6.765,0.02,30.402,0
synth_c24,2,0,337,15.884,15.636,19.013,0.021,50.554,1
synth_c24,2,0,338,23.069,9.077,2.234,0.016,34.397,1
synth_c24,2,0,339,20.973,8.109,3.852,0.015,32.948,0
synth_c24,2,0,340,21.259,7.056,6.701,0.018,35.034,1
synth_c24,2,0,341,20.09,7.563,2.948,0.016,30.617,0
synth_c24,2,0,342,20.49,7.189,8.017,0.017,35.713,1
synth_c24,2,0,343,19.738,7.252,9.831,0.021,36.843,1
synth_c24,2,0,344,16.209,11.384,8.628,0.017,36.238,1
synth_c24,2,0,345,25.437,6.85,3.96,0.026,36.273,1
synth_c24,2,0,346,20.483,7.088,2.706,0.017,30.294,0
synth_c24,2,0,347,19.874,6.821,7.366,0.022,34.083,1
synth_c24,2,0,348,19.449,7.056,6.421,0.017,32.943,0
synth_c24,2,0,349,16.429,14.746,2.595,0.019,33.789,1
synth_c24,2,0,350,19.693,6.883,4.741,0.021,31.338,0
synth_c24,2,0,351,23.022,7.186,3.644,0.02,33.871,1
synth_c24,2,0,352,22.058,7.137,4.11,0.017,33.321,0
synth_c24,2,0,353,17.483,12.091,3.251,0.016,32.841,0
synth_c24,2,0,354,22.781,7.227,5.208,0.021,35.236,1
synth_c24,2,0,355,24.495,10.688,5.321,0.018,40.522,1
synth_c24,2,0,357,19.06,7.207,4.97,0.018,31.255,0
synth_c24,2,0,358,21.583,6.924,5.768,0.015,34.29,1
synth_c24,2,0,359,16.281,10.681,1.989,0.017,28.967,0
synth_c24,2,0,360,22.121,7.061,8.308,0.021,37.51,1
synth_c24,2,0,361,21.04,8.904,6.124,0.021,36.089,1
synth_c24,2,0,362,18.39,9.961,6.008,0.021,34.379,1
synth_c24,2,0,363,17.855,9.859,3.326,0.016,31.055,0
synth_c24,2,0,364,18.675,10.207,5.73,0.018,34.629,1
synth_c24,2,0,365,20.302,6.857,3.683,0.017,30.858,0
synth_c24,2,0,366,20.746,11.0,3.302,0.02,35.069,1
synth_c24,2,0,367,21.409,7.29,2.662,0.018,31.38,0
synth_c24,2,0,368,16.536,11.269,11.925,0.019,39.748,1
synth_c24,2,0,369,14.388,6.929,6.593,0.016,27.926,0
synth_c24,2,0,370,19.593,7.457,5.827,0.016,32.893,0
synth_c24,2,0,371,17.547,6.975,3.887,0.016,28.424,0
synth_c24,2,0,372,30.033,8.998,8.437,0.019,47.487,1
synth_c24,2,0,373,18.465,11.921,6.058,0.016,36.46,1
synth_c24,2,0,374,21.504,6.819,3.841,0.016,32.18,0
synth_c24,2,0,375,20.124,10.816,1.811,0.018,32.768,0
synth_c24,2,0,376,17.27,7.727,5.661,0.017,30.676,0
synth_c24,2,0,377,19.641,7.233,9.695,0.035,36.604,1
synth_c24,2,0,378,15.522,10.472,1.866,0.014,27.874,0
synth_c24,2,0,379,20.603,7.158,5.783,0.017,33.561,1
synth_c24,2,0,380,20.126,7.12,4.833,0.016,32.095,0
synth_c24,2,0,381,19.461,7.122,6.748,0.023,33.354,1
synth_c24,2,0,382,18.771,8.942,16.717,0.02,44.45,1
synth_c24,2,0,383,32.113,11.212,7.162,0.027,50.514,1
synth_c24,2,0,385,16.812,15.807,1.715,0.022,34.356,1
synth_c24,2,0,386,21.169,7.344,13.494,0.018,42.025,1
synth_c24,2,0,387,21.002,7.247,2.219,0.017,30.485,0
synth_c24,2,0,388,25.11,7.332,9.182,0.017,41.641,1
synth_c24,2,0,389,16.483,14.569,5.52,0.018,36.591,1
synth_c24,2,0,390,20.446,6.961,1.89,0.018,29.315,0
synth_c24,2,0,391,19.021,8.075,5.565,0.019,32.679,0
synth_c24,2,0,392,15.842,7.058,3.989,0.02,26.91,0
synth_c24,2,0,393,22.81,7.188,6.586,0.022,36.606,1
synth_c24,2,0,394,20.941,7.252,5.559,0.019,33.771,1
synth_c24,2,0,395,21.353,7.043,2.786,0.023,31.205,0
synth_c24,2,0,396,20.688,7.326,7.458,0.021,35.492,1
synth_c24,2,0,397,21.106,8.181,9.178,0.02,38.486,1
synth_c24,2,0,398,34.943,8.44,8.218,0.018,51.619,1
synth_c24,2,0,400,22.301,6.857,8.953,0.024,38.134,1
synth_c24,2,0,401,23.724,7.343,7.674,0.027,38.767,1
synth_c24,2,0,402,23.4,13.644,6.102,0.021,43.167,1
synth_c24,2,0,403,30.768,11.172,3.159,0.022,45.121,1
synth_c24,2,0,405,22.638,6.967,1.987,0.018,31.61,0
synth_c24,2,0,406,19.481,7.231,5.278,0.022,32.011,0
synth_c24,2,0,407,22.814,6.805,9.484,0.02,39.124,1
synth_c24,2,0,408,20.165,9.662,9.002,0.021,38.85,1
synth_c24,2,0,409,26.52,9.514,6.989,0.022,43.046,1
synth_c24,2,0,410,22.033,6.869,5.537,0.018,34.457,1
synth_c24,2,0,411,20.21,7.658,6.62,0.022,34.509,1
synth_c24,2,0,412,18.124,6.926,6.401,0.023,31.475,0
synth_c24,2,0,413,18.734,7.082,10.768,0.018,36.602,1
synth_c24,2,0,414,18.348,7.044,5.699,0.017,31.108,0
synth_c24,2,0,415,20.348,8.435,4.313,0.016,33.111,0
synth_c24,2,0,416,21.253,18.2,15.369,0.028,54.85,1
synth_c24,2,0,418,16.036,10.842,5.334,0.02,32.232,0
synth_c24,2,0,419,15.468,9.762,9.094,0.02,34.344,1
synth_c24,2,0,420,19.767,14.026,2.32,0.018,36.132,1
synth_c24,2,0,421,20.668,7.15,9.768,0.017,37.604,1
synth_c24,2,0,422,17.875,11.184,10.553,0.018,39.629,1
synth_c24,2,0,423,20.413,6.971,9.429,0.023,36.835,1
synth_c24,2,0,424,15.329,10.977,3.358,0.017,29.681,0
synth_c24,2,0,425,19.728,12.051,2.166,0.02,33.964,1
synth_c24,2,0,426,18.514,9.296,6.0,0.017,33.827,1
synth_c24,2,0,427,16.418,10.587,8.142,0.018,35.166,1
synth_c24,2,0,428,23.219,7.239,3.841,0.016,34.315,1
synth_c24,2,0,429,18.037,7.15,6.618,0.017,31.821,0
synth_c24,2,0,430,15.862,11.643,5.088,0.017,32.611,0
synth_c24,2,0,431,21.84,10.972,6.744,0.016,39.571,1
synth_c24,2,0,432,21.478,6.863,9.832,0.019,38.191,1
synth_c24,2,0,434,20.755,6.987,1.979,0.016,29.738,0
synth_c24,2,0,435,23.542,9.371,4.99,0.019,37.921,1
synth_c24,2,0,436,19.532,9.851,7.651,0.019,37.054,1
synth_c24,2,0,437,17.45,8.61,3.864,2.029,31.953,0
synth_c24,2,0,438,21.501,7.106,9.5,0.019,38.125,1
synth_c24,2,0,439,16.567,7.242,6.199,0.017,30.025,0
synth_c24,2,0,440,22.117,9.567,7.488,0.017,39.189,1
synth_c24,2,0,441,17.109,7.131,8.554,0.021,32.816,0
synth_c24,2,0,442,18.118,10.037,2.794,0.016,30.965,0
synth_c24,2,0,443,19.746,8.78,12.106,0.017,40.65,1
synth_c24,2,0,444,17.207,13.363,6.999,0.018,37.588,1
synth_c24,2,0,445,17.348,10.728,6.309,0.018,34.402,1
synth_c24,2,0,446,20.644,6.87,6.755,0.019,34.288,1
synth_c24,2,0,447,16.616,9.999,3.993,0.02,30.629,0
synth_c24,2,0,448,19.944,7.328,3.936,0.018,31.227,0
synth_c24,2,0,449,19.59,8.349,9.053,0.018,37.01,1
synth_c24,2,0,450,18.395,7.213,2.17,0.018,27.796,0
synth_c24,2,0,451,18.948,6.948,6.187,0.035,32.118,0
synth_c24,2,0,452,16.337,6.962,7.812,0.015,31.126,0
synth_c24,2,0,453,15.015,13.766,12.811,0.021,41.612,1
synth_c24,2,0,454,20.965,7.617,2.946,0.022,31.549,0
synth_c24,2,0,455,17.545,14.271,2.405,0.028,34.249,1
synth_c24,2,0,456,20.051,6.963,3.185,0.027,30.226,0
synth_c24,2,0,457,21.03,7.016,8.37,0.023,36.438,1
synth_c24,2,0,458,20.911,10.202,4.993,0.022,36.128,1
synth_c24,2,0,459,20.141,6.928,6.444,0.023,33.536,1
synth_c24,2,0,460,19.589,6.904,1.905,0.023,28.42,0
synth_c24,2,0,461,19.612,15.587,9.486,0.02,44.705,1
synth_c24,2,0,462,19.758,8.594,5.88,0.02,34.252,1
synth_c24,2,0,464,22.802,7.385,2.163,0.023,32.373,0
synth_c24,2,0,465,21.915,6.854,10.89,0.024,39.683,1
synth_c24,2,0,466,16.532,14.47,2.013,0.019,33.035,0
synth_c24,2,0,467,16.397,14.576,1.857,0.02,32.85,0
synth_c24,2,0,468,20.184,6.889,2.205,0.018,29.295,0
L2LM,0,0,30,17.46,6.999,4.684,0.01,29.153,0
L2LM,0,0,31,12.778,6.835,23.395,0.012,43.02,1
L2LM,0,0,32,17.199,7.531,4.534,0.011,29.276,0
L2LM,0,0,33,12.426,6.975,1.569,0.013,20.983,0
L2LM,0,0,34,8.031,9.194,4.898,0.013,22.137,0
L2LM,0,0,35,10.013,9.812,11.012,0.013,30.851,0
L2LM,0,0,36,21.785,9.149,4.613,0.014,35.561,1
L2LM,0,0,37,23.134,10.208,34.153,0.016,67.511,1
L2LM,0,0,39,10.593,9.265,11.768,0.014,31.64,0
L2LM,0,0,40,7.867,23.141,8.618,0.016,39.641,1
L2LM,0,0,41,8.962,18.994,8.707,0.014,36.677,1
L2LM,0,0,42,18.433,7.0,4.956,0.014,30.403,0
L2LM,0,0,43,12.044,15.204,8.458,0.013,35.719,1
L2LM,0,0,44,15.798,7.084,7.169,0.015,30.066,0
L2LM,0,0,45,9.802,7.604,4.936,0.016,22.359,0
L2LM,0,0,46,12.427,7.92,26.687,0.016,47.05,1
L2LM,0,0,47,13.127,13.77,1.876,0.014,28.787,0
L2LM,0,0,48,18.94,7.645,11.061,0.013,37.658,1
L2LM,0,0,49,11.108,8.979,8.514,0.013,28.615,0
L2LM,0,0,50,20.325,13.804,11.93,0.014,46.074,1
L2LM,0,0,51,9.223,14.318,18.176,0.015,41.732,1
L2LM,0,0,52,13.419,10.815,2.908,0.012,27.153,0
L2LM,0,0,53,18.052,7.094,6.943,0.015,32.104,0
L2LM,0,0,54,16.765,6.684,7.298,0.013,30.76,0
L2LM,0,0,55,9.653,6.841,10.779,0.012,27.286,0
L2LM,0,0,56,12.326,7.905,7.091,0.013,27.336,0
L2LM,0,0,57,14.355,7.764,12.533,0.013,34.665,1
L2LM,0,0,58,8.721,7.742,1.778,0.017,18.258,0
L2LM,0,0,59,12.608,6.67,7.371,0.013,26.663,0
L2LM,0,0,60,12.417,6.671,5.871,0.013,24.972,0
L2LM,0,0,61,8.689,6.821,6.238,0.012,21.761,0
L2LM,0,0,62,8.59,6.849,1.57,0.01,17.02,0
L2LM,0,0,63,14.61,6.893,6.916,0.012,28.431,0
L2LM,0,0,64,12.725,6.857,1.534,0.011,21.127,0
L2LM,0,0,65,25.654,6.97,3.571,0.014,36.209,1
L2LM,0,0,66,12.131,7.036,4.611,0.011,23.788,0
L2LM,0,0,67,11.189,6.734,1.707,0.012,19.641,0
L2LM,0,0,68,12.656,8.683,3.017,0.012,24.368,0
L2LM,0,0,69,9.882,7.439,1.49,0.009,18.82,0
L2LM,0,0,70,12.013,7.592,1.571,0.01,21.186,0
L2LM,0,0,71,12.238,8.014,11.289,0.013,31.553,0
L2LM,0,0,72,17.209,7.224,2.357,0.012,26.802,0
L2LM,0,0,73,8.985,6.787,4.245,0.011,20.028,0
L2LM,0,0,74,12.82,6.937,7.903,0.013,27.673,0
L2LM,0,0,75,9.745,7.036,8.809,0.012,25.603,0
L2LM,0,0,76,9.188,7.436,3.21,0.012,19.846,0
L2LM,0,0,77,10.66,7.054,5.351,0.014,23.08,0
L2LM,0,0,78,21.096,7.367,1.769,0.013,30.245,0
L2LM,0,0,79,10.859,6.739,9.003,0.013,26.614,0
L2LM,0,0,80,7.413,8.786,5.198,0.012,21.409,0
L2LM,0,0,81,10.205,12.2,6.791,0.015,29.211,0
L2LM,0,0,82,7.696,10.829,1.654,0.014,20.194,0
L2LM,0,0,83,10.853,7.139,2.145,0.013,20.15,0
L2LM,0,0,84,13.793,13.333,5.411,0.012,32.549,0
L2LM,0,0,85,9.459,8.309,8.863,0.013,26.643,0
L2LM,0,0,86,15.651,16.073,4.277,0.022,36.023,1
L2LM,0,0,87,18.359,6.811,3.54,0.015,28.724,0
L2LM,0,0,88,17.41,10.383,8.101,0.016,35.909,1
L2LM,0,0,89,15.633,8.21,3.182,0.014,27.039,0
L2LM,0,0,90,15.429,6.875,2.922,0.015,25.241,0
L2LM,0,0,91,18.755,8.659,4.812,0.015,32.241,0
L2LM,0,0,92,15.5,12.793,9.521,0.017,37.831,1
L2LM,0,0,93,17.432,7.036,6.793,0.018,31.278,0
L2LM,0,0,94,14.425,7.709,6.529,0.018,28.682,0
L2LM,0,0,95,18.84,9.985,7.476,0.017,36.318,1
L2LM,0,0,96,14.453,7.068,8.551,0.015,30.088,0
L2LM,0,0,97,26.209,6.972,6.722,0.013,39.915,1
L2LM,0,0,98,15.38,7.431,10.714,0.018,33.543,1
L2LM,0,0,99,15.699,7.184,4.835,0.015,27.732,0
L2LM,0,0,100,15.526,10.465,1.801,0.013,27.804,0
L2LM,0,0,101,17.34,13.761,8.157,0.015,39.274,1
L2LM,0,0,102,9.93,9.872,12.098,0.014,31.914,0
L2LM,0,0,103,8.332,20.506,5.58,0.014,34.432,1
L2LM,0,0,104,8.892,9.482,6.721,0.013,25.108,0
L2LM,0,0,105,17.928,7.439,3.118,0.016,28.501,0
L2LM,0,0,106,5.998,6.812,3.353,0.012,16.174,0
L2LM,0,0,107,14.155,7.591,3.373,0.013,25.133,0
L2LM,0,0,108,6.459,10.892,16.959,0.015,34.325,1
L2LM,0,0,109,10.862,7.722,5.096,0.013,23.693,0
L2LM,0,0,110,19.811,8.962,13.413,0.016,42.202,1
L2LM,0,0,111,8.316,9.6,1.756,0.015,19.687,0
L2LM,0,0,112,18.526,7.041,10.072,0.019,35.658,1
L2LM,0,0,113,14.557,7.77,1.771,0.014,24.113,0
L2LM,0,0,114,15.483,10.515,1.704,0.015,27.716,0
L2LM,0,0,115,16.653,7.824,1.824,0.016,26.316,0
L2LM,0,0,116,14.671,7.355,19.861,0.02,41.908,1
L2LM,0,0,117,15.577,11.817,1.7,0.016,29.11,0
L2LM,0,0,118,15.085,11.197,6.387,0.018,32.686,0
L2LM,0,0,119,14.645,6.775,5.473,0.015,26.909,0
L2LM,0,0,120,17.034,9.265,1.918,0.016,28.232,0
L2LM,0,0,121,14.625,8.528,5.929,0.02,29.102,0
L2LM,0,0,122,14.698,7.393,3.171,0.019,25.281,0
L2LM,0,0,123,17.635,8.193,7.36,0.021,33.21,0
L2LM,0,0,124,16.662,8.285,9.569,0.021,34.537,1
L2LM,0,0,125,15.019,13.156,1.675,0.014,29.865,0
L2LM,0,0,126,20.482,6.773,1.83,0.018,29.102,0
L2LM,0,0,127,13.694,12.478,1.527,0.014,27.714,0
L2LM,0,0,128,13.2,7.039,1.136,0.011,21.386,0
L2LM,0,0,129,10.119,8.363,5.223,0.017,23.721,0
L2LM,0,0,130,11.874,7.18,16.751,0.017,35.822,1
L2LM,0,0,131,8.034,10.817,2.514,0.015,21.379,0
L2LM,0,0,132,15.719,7.346,1.159,0.011,24.235,0
L2LM,0,0,133,12.855,6.946,8.593,0.016,28.411,0
L2LM,0,0,134,10.872,7.002,3.147,0.012,21.032,0
L2LM,0,0,135,13.145,6.944,6.001,0.015,26.104,0
L2LM,0,0,136,8.757,8.509,3.078,0.012,20.356,0
L2LM,0,0,137,12.743,9.359,1.905,0.011,24.018,0
L2LM,0,0,138,9.733,6.837,3.556,0.011,20.137,0
L2LM,0,0,139,9.758,7.094,4.333,0.026,21.21,0
L2LM,0,0,140,8.867,6.772,5.415,0.014,21.069,0
L2LM,0,0,141,11.269,9.245,5.059,0.011,25.584,0
L2LM,0,0,142,8.712,7.32,4.978,0.113,21.123,0
L2LM,0,0,143,12.345,7.168,7.627,0.013,27.153,0
L2LM,0,0,144,10.268,7.523,3.142,0.011,20.944,0
L2LM,0,0,145,7.599,7.713,1.421,0.015,16.748,0
L2LM,0,0,146,10.946,6.782,4.731,0.014,22.472,0
L2LM,0,0,147,9.763,7.301,2.678,0.011,19.754,0
L2LM,0,0,148,14.618,7.286,9.495,0.015,31.415,0
L2LM,0,0,149,18.755,7.716,3.467,0.018,29.957,0
L2LM,0,0,150,15.82,10.172,3.195,0.014,29.201,0
L2LM,0,0,151,17.905,7.058,2.283,0.016,27.261,0
L2LM,0,0,152,16.067,6.957,4.99,0.062,28.077,0
L2LM,0,0,153,16.354,7.213,5.963,0.017,29.547,0
L2LM,0,0,154,14.037,10.274,5.289,0.017,29.617,0
L2LM,0,0,155,17.191,6.789,4.469,0.016,28.464,0
L2LM,0,0,156,16.187,7.996,4.129,0.015,28.327,0
L2LM,0,0,157,16.591,7.429,4.775,0.016,28.81,0
L2LM,0,0,158,17.294,6.79,15.09,0.018,39.192,1
L2LM,0,0,159,16.347,6.827,1.622,0.015,24.811,0
L2LM,0,0,160,17.715,10.142,2.013,0.015,29.885,0
L2LM,0,0,161,21.756,12.174,5.078,0.019,39.026,1
L2LM,0,0,162,17.048,6.889,5.647,0.016,29.6,0
L2LM,0,0,163,20.342,8.7,2.846,0.015,31.903,0
L2LM,0,0,164,17.317,11.041,1.648,0.014,30.02,0
L2LM,0,0,165,15.726,7.326,4.897,0.033,27.981,0
L2LM,0,0,166,16.031,10.335,3.523,0.016,29.905,0
L2LM,0,0,167,20.926,6.816,4.524,0.017,32.283,0
L2LM,0,0,168,17.968,6.995,1.678,0.015,26.656,0
L2LM,0,0,169,15.941,10.038,5.582,0.016,31.577,0
L2LM,0,0,170,17.013,6.899,5.216,0.015,29.143,0
L2LM,0,0,171,16.785,7.032,1.81,0.015,25.642,0
L2LM,0,0,172,15.846,7.8,9.012,0.018,32.676,0
L2LM,0,0,173,13.951,12.287,4.549,0.016,30.803,0
L2LM,0,0,174,16.698,7.346,6.751,0.016,30.811,0
L2LM,0,0,175,17.525,7.642,5.14,0.021,30.327,0
L2LM,0,0,176,14.225,10.084,8.593,0.016,32.918,0
L2LM,0,0,177,16.621,7.258,3.52,0.016,27.414,0
L2LM,0,0,178,16.804,14.787,1.622,0.017,33.228,0
L2LM,0,0,179,16.061,15.477,6.631,0.022,38.191,1
L2LM,0,0,180,14.974,11.003,3.072,0.026,29.075,0
L2LM,0,0,181,16.258,12.489,5.96,0.028,34.734,1
L2LM,0,0,182,17.037,7.909,2.653,0.039,27.638,0
L2LM,0,0,183,16.581,11.773,10.304,0.022,38.679,1
L2LM,0,0,184,16.068,6.947,2.032,0.018,25.065,0
L2LM,0,0,185,16.32,8.827,4.183,0.021,29.351,0
L2LM,0,0,186,20.602,7.408,4.964,0.024,32.998,0
L2LM,0,0,187,15.005,6.972,1.651,0.016,23.644,0
L2LM,0,0,188,17.506,6.934,1.471,0.033,25.945,0
L2LM,0,0,189,18.584,8.829,4.328,0.034,31.775,0
L2LM,0,0,190,18.521,6.992,2.92,0.015,28.449,0
L2LM,0,0,191,18.515,8.677,6.223,0.016,33.431,1
L2LM,0,0,192,20.33,7.41,1.596,0.016,29.351,0
L2LM,0,0,193,15.956,10.017,1.547,0.017,27.538,0
L2LM,0,0,194,17.394,8.636,2.378,0.016,28.425,0
L2LM,0,0,195,18.009,7.92,7.689,0.02,33.639,1
L2LM,0,0,196,17.504,7.233,7.124,0.025,31.886,0
L2LM,0,0,197,15.19,10.12,3.301,0.017,28.628,0
L2LM,0,0,198,16.503,10.313,8.107,0.018,34.941,1
L2LM,0,0,199,16.235,7.572,9.085,0.018,32.909,0
L2LM,0,0,200,15.674,8.505,1.857,0.016,26.053,0
L2LM,0,0,201,16.452,14.625,13.1,0.017,44.195,1
L2LM,0,0,202,17.932,7.587,3.894,0.017,29.43,0
L2LM,0,0,203,14.99,8.626,8.823,0.016,32.456,0
L2LM,0,0,204,13.139,11.752,3.119,0.015,28.025,0
L2LM,0,0,205,20.288,7.012,1.788,0.015,29.104,0
L2LM,0,0,206,18.911,7.221,4.06,0.017,30.21,0
L2LM,0,0,207,16.849,7.152,1.762,0.016,25.779,0
L2LM,0,0,208,19.09,8.383,6.025,0.016,33.515,1
L2LM,0,0,209,16.044,8.21,6.013,0.016,30.284,0
L2LM,0,0,210,16.626,7.469,3.753,0.017,27.865,0
L2LM,0,0,211,18.749,6.791,14.415,0.067,40.021,1
L2LM,0,0,212,17.253,6.98,5.358,0.016,29.607,0
L2LM,0,0,213,16.598,7.172,1.935,0.015,25.721,0
L2LM,0,0,214,15.932,9.796,8.856,0.033,34.617,1
L2LM,0,0,215,17.715,7.112,2.069,0.016,26.913,0
L2LM,0,0,216,17.641,7.859,3.315,0.019,28.834,0
L2LM,0,0,217,18.425,10.819,2.164,0.019,31.427,0
L2LM,0,0,218,15.932,10.864,2.261,0.017,29.074,0
L2LM,0,0,219,18.126,7.08,2.983,0.017,28.206,0
L2LM,0,0,220,15.05,11.384,7.921,0.018,34.374,1
L2LM,0,0,221,13.64,8.397,5.011,0.015,27.063,0
L2LM,0,0,222,14.64,10.727,4.582,0.018,29.967,0
L2LM,0,0,223,15.948,7.993,5.89,0.015,29.846,0
L2LM,0,0,224,18.154,7.069,5.448,0.016,30.688,0
L2LM,0,0,225,15.622,10.717,5.064,0.018,31.421,0
L2LM,0,0,226,17.109,6.852,4.977,0.014,28.953,0
L2LM,0,0,227,15.298,9.605,4.869,0.018,29.79,0
L2LM,0,0,228,14.291,10.203,3.474,0.016,27.984,0
L2LM,0,0,229,19.9,8.634,3.946,0.015,32.495,0
L2LM,0,0,230,15.754,10.775,13.672,0.018,40.218,1
L2LM,0,0,231,16.979,8.297,5.679,0.016,30.971,0
L2LM,0,0,232,18.685,10.605,1.553,0.015,30.858,0
L2LM,0,0,233,19.278,7.07,8.912,0.016,35.277,1
L2LM,0,0,234,15.831,7.82,6.155,0.017,29.824,0
L2LM,0,0,235,17.178,7.097,4.713,0.026,29.013,0
L2LM,0,0,236,15.578,7.624,4.7,0.016,27.918,0
L2LM,0,0,237,15.757,12.505,3.183,0.016,31.462,0
L2LM,0,0,238,17.645,7.418,13.597,0.021,38.681,1
L2LM,0,0,239,15.731,7.381,5.027,0.017,28.156,0
L2LM,0,0,240,17.127,10.763,1.745,0.017,29.652,0
L2LM,0,0,241,17.258,7.179,8.957,0.021,33.416,1
L2LM,0,0,242,15.696,8.015,10.058,0.016,33.785,1
L2LM,0,0,243,14.047,7.344,5.966,0.02,27.378,0
L2LM,0,0,244,17.838,7.162,9.487,0.021,34.509,1
L2LM,0,0,245,17.51,10.197,18.878,0.015,46.6,1
L2LM,0,0,246,7.457,7.774,9.046,0.015,24.291,0
L2LM,0,0,247,5.924,11.08,10.497,0.018,27.518,0
L2LM,0,0,248,11.599,10.785,6.572,0.013,28.969,0
L2LM,0,0,249,11.679,10.566,1.479,0.013,23.737,0
L2LM,0,0,250,13.209,10.488,1.728,0.019,25.444,0
L2LM,0,0,251,13.637,7.588,5.401,0.018,26.643,0
L2LM,0,0,252,16.844,8.128,12.456,0.017,37.445,1
L2LM,0,0,253,13.219,9.884,2.62,0.016,25.738,0
L2LM,0,0,254,13.26,10.039,6.021,0.018,29.338,0
L2LM,0,0,255,24.325,8.031,4.347,0.016,36.718,1
L2LM,0,0,256,22.675,9.497,4.958,0.018,37.147,1
L2LM,0,0,257,25.092,10.512,5.537,0.019,41.159,1
L2LM,0,0,258,23.047,11.037,2.415,0.016,36.516,1
L2LM,0,0,259,11.962,7.782,1.196,0.012,20.951,0
L2LM,0,0,260,9.382,10.795,1.152,0.011,21.34,0
L2LM,0,0,261,9.779,12.075,5.227,0.013,27.094,0
L2LM,0,0,262,9.612,6.914,19.236,0.03,35.791,1
L2LM,0,0,263,14.187,7.169,1.165,0.012,22.533,0
L2LM,0,0,264,8.717,10.598,1.108,0.011,20.434,0
L2LM,0,0,265,8.773,8.134,2.877,0.012,19.795,0
L2LM,0,0,266,10.476,9.359,10.118,4.151,34.104,1
L2LM,0,0,267,12.265,13.126,2.04,0.015,27.446,0
L2LM,0,0,268,10.983,9.989,15.79,1.273,38.035,1
L2LM,0,0,269,13.656,12.181,4.307,0.015,30.159,0
L2LM,0,0,270,5.541,13.701,1.094,0.013,20.348,0
L2LM,0,0,271,14.897,9.417,6.652,0.016,30.982,0
L2LM,0,0,272,12.999,12.783,1.089,0.012,26.883,0
L2LM,0,0,273,18.472,6.838,6.076,0.013,31.399,0
L2LM,0,0,274,11.442,14.143,12.38,0.014,37.98,1
L2LM,0,0,275,15.879,7.769,2.236,0.014,25.898,0
L2LM,0,0,276,23.195,12.341,12.57,0.016,48.122,1
L2LM,0,0,277,12.787,12.611,2.314,0.013,27.725,0
L2LM,0,0,278,13.963,20.497,5.201,0.016,39.677,1
L2LM,0,0,279,5.645,9.669,2.419,0.016,17.749,0
L2LM,0,0,280,10.65,15.344,1.124,0.013,27.131,0
L2LM,0,0,281,13.782,11.263,11.537,0.015,36.596,1
L2LM,0,0,282,6.691,10.741,10.133,0.014,27.579,0
L2LM,0,0,283,14.78,22.854,1.602,0.014,39.25,1
L2LM,0,0,284,17.638,9.231,4.792,0.022,31.684,0
L2LM,0,0,285,12.755,8.663,4.767,0.014,26.2,0
L2LM,0,0,286,12.697,6.73,8.114,0.014,27.555,0
L2LM,0,0,287,9.781,6.759,0.986,0.012,17.537,0
L2LM,0,0,288,9.598,13.791,1.011,0.012,24.412,0
L2LM,0,0,289,8.602,14.369,1.046,0.012,24.028,0
L2LM,0,0,290,8.656,10.894,2.787,0.013,22.35,0
L2LM,0,0,291,7.569,7.148,0.948,0.011,15.676,0
L2LM,0,0,292,8.685,11.07,1.261,0.012,21.027,0
L2LM,0,0,293,11.839,6.642,3.616,0.012,22.109,0
L2LM,0,0,294,13.997,9.626,2.693,0.014,26.33,0
L2LM,0,0,295,12.177,9.75,10.773,0.013,32.712,0
L2LM,0,0,296,8.591,14.961,1.334,0.012,24.898,0
L2LM,0,0,297,8.801,14.818,12.702,0.019,36.34,1
L2LM,0,0,298,8.854,6.975,3.667,0.015,19.511,0
L2LM,0,0,299,9.478,12.209,1.216,0.013,22.916,0
L2LM,0,0,300,8.69,7.16,5.365,0.013,21.229,0
L2LM,0,0,301,9.307,11.167,4.866,0.013,25.353,0
L2LM,0,0,302,12.05,10.554,1.286,0.014,23.903,0
L2LM,0,0,303,12.69,6.755,12.058,0.014,31.517,0
L2LM,0,0,304,8.113,11.511,1.09,0.012,20.726,0
L2LM,0,0,305,8.036,18.65,2.745,0.012,29.442,0
L2LM,0,0,306,10.653,7.056,1.217,0.013,18.94,0
L2LM,0,0,307,12.698,9.144,6.775,0.013,28.629,0
L2LM,0,0,308,11.939,6.715,5.416,0.012,24.082,0
L2LM,0,0,309,9.589,6.915,2.7,0.012,19.215,0
L2LM,0,0,310,10.598,11.862,8.311,0.013,30.783,0
L2LM,0,0,311,8.597,10.429,3.107,0.012,22.145,0
L2LM,0,0,312,10.636,14.809,6.361,0.013,31.818,0
L2LM,0,0,313,11.493,7.03,1.681,0.015,20.218,0
L2LM,0,0,314,8.7,10.371,2.079,0.013,21.163,0
L2LM,0,0,315,12.662,7.18,5.695,0.014,25.551,0
L2LM,0,0,316,8.685,6.749,3.914,0.013,19.361,0
L2LM,0,0,317,10.805,14.371,3.375,0.014,28.564,0
L2LM,0,0,318,8.485,13.154,1.279,0.012,22.931,0
L2LM,0,0,319,12.42,9.301,2.487,0.012,24.219,0
L2LM,0,0,320,12.293,6.919,5.526,0.016,24.753,0
L2LM,0,0,321,9.768,6.865,7.762,0.013,24.408,0
L2LM,0,0,322,8.698,10.501,8.428,0.015,27.642,0
L2LM,0,0,323,9.834,6.862,4.804,0.016,21.516,0
L2LM,0,0,324,8.829,7.163,1.421,0.014,17.426,0
L2LM,0,0,325,9.326,6.662,1.296,0.012,17.296,0
L2LM,0,0,326,10.02,8.835,3.215,0.013,22.083,0
L2LM,0,0,327,11.943,7.067,4.39,0.012,23.413,0
L2LM,0,0,328,8.794,6.737,1.134,0.011,16.675,0
L2LM,0,0,329,12.693,6.649,4.012,0.011,23.365,0
L2LM,0,0,330,11.055,6.994,8.639,0.012,26.701,0
L2LM,0,0,331,10.673,6.967,4.716,0.013,22.37,0
L2LM,0,0,332,8.748,6.653,1.078,0.012,16.49,0
L2LM,0,0,333,12.72,6.75,1.064,0.011,20.545,0
L2LM,0,0,334,10.706,11.642,4.888,2.899,30.135,0
L2LM,0,0,335,9.826,6.965,3.624,0.011,20.426,0
L2LM,0,0,336,11.38,8.609,7.014,0.014,27.017,0
L2LM,0,0,337,10.926,7.243,4.279,0.013,22.462,0
L2LM,0,0,338,11.384,6.996,4.235,0.012,22.627,0
L2LM,0,0,339,10.725,6.63,7.523,0.013,24.89,0
L2LM,0,0,340,9.784,12.435,4.309,0.014,26.542,0
L2LM,0,0,341,11.922,6.668,2.31,0.011,20.911,0
L2LM,0,0,342,9.866,12.244,4.803,0.013,26.926,0
L2LM,0,0,343,8.778,7.042,1.356,0.012,17.189,0
L2LM,0,0,344,12.87,6.644,1.257,0.012,20.784,0
L2LM,0,0,345,10.846,6.685,3.427,0.012,20.97,0
L2LM,0,0,346,7.693,11.427,1.771,0.012,20.903,0
L2LM,0,0,347,12.785,6.795,6.163,0.013,25.756,0
L2LM,0,0,348,7.726,6.635,5.843,0.016,20.22,0
L2LM,0,0,349,11.492,6.769,3.272,0.013,21.546,0
L2LM,0,0,350,9.245,15.338,1.282,0.014,25.879,0
L2LM,0,0,351,9.179,12.699,8.208,0.014,30.1,0
L2LM,0,0,352,8.721,14.837,3.601,0.012,27.172,0
L2LM,0,0,353,9.858,7.019,9.959,0.014,26.85,0
L2LM,0,0,354,10.8,6.609,1.05,0.01,18.469,0
L2LM,0,0,355,23.093,6.667,2.875,0.016,32.652,0
L2LM,0,0,356,12.406,6.976,7.273,0.014,26.67,0
L2LM,0,0,357,10.179,6.907,5.217,0.012,22.315,0
L2LM,0,0,358,8.834,10.433,4.554,0.015,23.837,0
L2LM,0,0,359,12.318,11.085,5.01,0.012,28.425,0
L2LM,0,0,360,11.126,7.287,2.027,0.013,20.453,0
L2LM,0,0,361,11.538,9.954,1.185,0.013,22.69,0
L2LM,0,0,362,9.017,12.739,1.255,0.014,23.025,0
L2LM,0,0,363,12.604,6.764,2.176,0.013,21.556,0
L2LM,0,0,364,8.325,12.401,3.915,0.013,24.653,0
L2LM,0,0,365,12.678,10.417,16.757,0.017,39.869,1
L2LM,0,0,366,13.877,13.517,1.424,0.015,28.834,0
L2LM,0,0,367,17.735,6.802,4.875,0.016,29.428,0
L2LM,0,0,368,17.817,7.491,10.459,0.016,35.784,1
L2LM,0,0,369,21.87,7.104,3.121,0.016,32.111,0
L2LM,0,0,370,19.304,8.75,8.231,0.018,36.302,1
L2LM,0,0,371,15.771,7.15,6.356,0.019,29.296,0
L2LM,0,0,372,19.666,7.833,1.48,0.016,28.995,0
L2LM,0,0,373,19.834,7.274,6.471,0.016,33.595,1
L2LM,0,0,374,15.787,10.586,8.671,0.014,35.057,1
L2LM,0,0,375,19.003,9.413,8.381,0.015,36.811,1
L2LM,0,0,376,8.657,14.349,6.921,0.014,29.942,0
L2LM,0,0,377,6.941,9.127,5.846,0.014,21.927,0
L2LM,0,0,378,8.666,24.435,1.254,0.014,34.369,1
L2LM,0,0,379,12.944,12.536,8.701,0.014,34.196,1
L2LM,0,0,380,16.266,7.383,10.752,0.014,34.415,1
L2LM,0,0,381,9.147,6.895,1.324,0.012,17.378,0
L2LM,0,0,382,14.862,7.48,1.22,0.012,23.574,0
L2LM,0,0,383,14.96,18.13,4.467,0.014,37.571,1
L2LM,0,0,384,13.67,7.646,2.728,0.013,24.056,0
L2LM,0,0,385,10.659,9.704,10.403,0.014,30.779,0
L2LM,0,0,386,10.759,8.171,4.179,0.013,23.122,0
L2LM,0,0,387,11.628,12.421,1.327,0.014,25.39,0
L2LM,0,0,388,7.754,10.772,1.243,0.011,19.78,0
L2LM,0,0,389,9.882,11.77,4.388,0.012,26.052,0
L2LM,0,0,390,8.589,10.107,1.439,0.012,20.147,0
L2LM,0,0,391,14.386,6.861,2.371,0.011,23.629,0
L2LM,0,0,392,9.657,9.277,1.184,0.011,20.128,0
L2LM,0,0,393,11.698,7.62,3.77,0.013,23.101,0
L2LM,0,0,394,8.571,9.85,9.231,0.013,27.665,0
L2LM,0,0,395,12.664,9.7,2.979,0.013,25.356,0
L2LM,0,0,396,9.378,10.264,5.028,0.012,24.682,0
L2LM,0,0,397,10.049,10.156,1.242,0.012,21.459,0
L2LM,0,0,398,11.528,11.332,1.349,0.013,24.222,0
L2LM,0,0,399,12.601,6.674,3.265,0.016,22.557,0
L2LM,0,0,400,11.659,6.918,9.166,0.013,27.756,0
L2LM,0,0,401,12.717,7.36,3.087,0.012,23.177,0
L2LM,0,0,402,11.619,7.351,9.551,0.016,28.537,0
L2LM,0,0,403,8.581,6.934,5.532,0.013,21.059,0
L2LM,0,0,404,10.674,6.731,3.151,0.013,20.568,0
L2LM,0,0,405,11.597,7.707,15.69,0.014,35.007,1
L2LM,0,0,406,12.611,8.025,7.157,0.014,27.807,0
L2LM,0,0,407,10.694,6.815,1.234,0.011,18.755,0
L2LM,0,0,408,13.01,7.628,1.22,0.011,21.868,0
L2LM,0,0,409,11.583,6.878,7.496,0.011,25.968,0
L2LM,0,0,410,8.556,14.573,5.954,0.012,29.095,0
L2LM,0,0,411,11.578,7.56,12.639,0.015,31.792,0
L2LM,0,0,412,9.236,6.662,14.745,0.013,30.657,0
L2LM,0,0,413,11.624,8.276,4.704,0.013,24.617,0
L2LM,0,0,414,6.471,6.719,4.718,0.012,17.92,0
L2LM,0,0,415,13.179,7.127,1.707,0.013,22.025,0
L2LM,0,0,416,13.171,6.863,1.344,0.012,21.39,0
L2LM,0,0,417,12.165,12.301,1.283,0.014,25.764,0
L2LM,0,0,418,16.579,7.224,1.315,0.014,25.131,0
L2LM,0,0,419,12.19,7.122,7.1,0.015,26.427,0
L2LM,0,0,420,11.636,9.017,14.031,0.013,34.697,1
L2LM,0,0,421,8.852,15.423,2.595,0.014,26.884,0
L2LM,0,0,422,11.845,10.626,1.686,0.014,24.171,0
L2LM,0,0,423,11.401,6.891,8.23,0.017,26.539,0
L2LM,0,0,424,10.407,8.622,10.38,0.014,29.423,0
L2LM,0,0,425,9.738,8.477,3.034,0.012,21.261,0
L2LM,0,0,426,10.695,10.07,2.658,0.013,23.437,0
L2LM,0,0,427,9.021,17.445,14.588,0.016,41.069,1
L2LM,0,0,428,7.779,7.243,5.2,0.015,20.237,0
L2LM,0,0,429,12.897,7.27,28.669,0.017,48.853,1
L2LM,0,0,430,16.539,6.657,1.468,0.014,24.679,0
L2LM,0,0,431,9.943,11.593,1.579,0.014,23.129,0
L2LM,0,0,432,17.16,7.867,1.564,0.013,26.605,0
L2LM,0,0,433,11.702,7.447,2.4,0.033,21.583,0
L2LM,0,0,434,9.826,12.08,8.276,0.019,30.201,0
L2LM,0,0,435,8.833,11.097,2.807,0.014,22.751,0
L2LM,0,0,436,12.893,7.169,6.723,0.013,26.799,0
L2LM,0,0,437,8.681,13.554,1.211,0.011,23.457,0
L2LM,0,0,438,9.879,6.985,4.722,0.013,21.599,0
L2LM,0,0,439,12.788,6.902,5.324,0.013,25.027,0
L2LM,0,0,440,5.828,10.493,4.88,0.016,21.218,0
L2LM,0,0,441,11.941,6.817,3.12,0.013,21.891,0
L2LM,0,0,442,11.992,6.806,12.668,0.019,31.485,0
L2LM,0,0,443,17.577,12.97,6.818,0.017,37.382,1
L2LM,0,0,444,12.689,12.33,9.809,0.018,34.846,1
L2LM,0,0,445,17.588,11.011,8.663,0.02,37.282,1
L2LM,0,0,446,19.867,6.803,1.95,0.017,28.636,0
L2LM,0,0,447,20.946,6.845,1.541,0.016,29.348,0
L2LM,0,0,448,17.044,6.796,9.178,0.016,33.034,0
L2LM,0,0,449,16.431,10.028,3.18,0.018,29.658,0
L2LM,0,0,450,19.246,7.075,6.537,0.02,32.879,0
L2LM,0,0,451,16.095,7.271,11.442,0.016,34.824,1
L2LM,0,0,452,12.659,10.584,1.344,0.014,24.602,0
L2LM,0,0,453,16.593,12.045,4.244,0.017,32.899,0
L2LM,0,0,454,16.512,7.292,5.21,0.015,29.029,0
L2LM,0,0,455,16.641,7.181,8.648,0.016,32.486,0
L2LM,0,0,456,16.404,10.142,2.161,0.015,28.723,0
L2LM,0,0,457,20.479,7.685,3.909,0.018,32.092,0
L2LM,0,0,458,13.595,9.999,5.784,0.015,29.392,0
L2LM,0,0,459,16.631,7.775,7.172,0.015,31.593,0
L2LM,0,0,460,17.484,8.093,8.263,0.015,33.855,1
L2LM,0,0,461,14.356,7.037,5.713,0.016,27.122,0
L2LM,0,0,462,19.59,7.259,4.73,0.017,31.596,0
L2LM,0,0,463,15.838,8.75,4.851,0.015,29.454,0
L2LM,0,0,464,14.393,10.643,1.724,0.018,26.779,0
L2LM,0,0,465,15.383,7.867,4.86,0.015,28.125,0
L2LM,0,0,466,14.875,8.588,4.335,0.017,27.815,0
L2LM,0,0,467,23.259,8.146,6.977,0.015,38.397,1
L2LM,0,0,468,21.915,7.918,9.027,0.016,38.876,1
L2LM,1,0,34,7.426,12.643,5.781,0.015,25.865,0
L2LM,1,0,35,12.377,11.077,4.139,0.017,27.61,0
L2LM,1,0,36,10.815,11.107,7.764,1.28,30.966,0
L2LM,1,0,37,19.372,15.234,5.162,0.015,39.783,1
L2LM,1,0,38,11.152,19.998,1.729,0.014,32.894,0
L2LM,1,0,39,23.987,10.057,16.772,0.015,50.832,1
L2LM,1,0,40,12.706,9.327,23.563,0.015,45.611,1
L2LM,1,0,42,8.064,7.613,11.396,0.014,27.087,0
L2LM,1,0,43,11.794,8.805,15.42,0.015,36.034,1
L2LM,1,0,44,23.207,9.936,5.094,0.017,38.254,1
L2LM,1,0,45,20.064,16.15,13.245,0.02,49.478,1
L2LM,1,0,46,17.714,11.032,14.939,0.023,43.707,1
L2LM,1,0,48,17.512,16.413,5.74,0.02,39.686,1
L2LM,1,0,49,15.697,13.077,9.014,0.02,37.809,1
L2LM,1,0,50,16.577,16.775,1.917,0.017,35.286,1
L2LM,1,0,51,25.904,6.946,3.18,0.02,36.05,1
L2LM,1,0,52,16.508,10.433,2.941,0.016,29.898,0
L2LM,1,0,53,19.274,7.798,7.293,0.016,34.382,1
L2LM,1,0,54,11.856,10.663,30.589,0.015,53.123,1
L2LM,1,0,56,10.854,17.535,16.832,0.018,45.239,1
L2LM,1,0,57,9.573,13.583,13.35,0.017,36.522,1
L2LM,1,0,58,10.622,8.382,9.065,0.013,28.083,0
L2LM,1,0,59,10.584,7.088,9.16,0.013,26.845,0
L2LM,1,0,60,13.939,8.987,1.367,0.012,24.305,0
L2LM,1,0,61,11.479,10.762,8.568,0.016,30.825,0
L2LM,1,0,62,11.539,6.765,1.767,0.015,20.087,0
L2LM,1,0,63,17.601,6.821,2.389,0.018,26.829,0
L2LM,1,0,64,15.4,16.868,8.729,0.013,41.009,1
L2LM,1,0,65,14.534,7.408,11.236,0.016,33.195,0
L2LM,1,0,66,11.66,6.849,1.284,0.012,19.806,0
L2LM,1,0,67,11.538,9.064,12.102,0.015,32.719,0
L2LM,1,0,68,9.607,12.7,3.488,0.015,25.81,0
L2LM,1,0,69,8.609,8.081,7.434,0.014,24.138,0
L2LM,1,0,70,18.56,12.02,8.741,0.015,39.336,1
L2LM,1,0,71,17.005,15.294,3.028,0.013,35.34,1
L2LM,1,0,72,15.768,10.094,1.574,0.012,27.447,0
L2LM,1,0,73,10.578,7.869,2.529,0.014,20.989,0
L2LM,1,0,74,15.275,6.645,1.611,0.014,23.544,0
L2LM,1,0,75,13.515,11.905,19.639,0.016,45.074,1
L2LM,1,0,76,7.774,9.212,11.997,0.028,29.012,0
L2LM,1,0,77,16.263,7.019,2.787,0.015,26.084,0
L2LM,1,0,78,23.589,10.84,3.194,0.016,37.638,1
L2LM,1,0,79,15.976,8.96,8.164,0.017,33.116,0
L2LM,1,0,80,19.778,8.304,7.654,0.018,35.755,1
L2LM,1,0,81,17.54,8.365,2.916,0.015,28.837,0
L2LM,1,0,82,16.68,8.172,3.801,0.016,28.669,0
L2LM,1,0,83,19.238,7.398,1.742,0.018,28.395,0
L2LM,1,0,84,22.216,8.67,11.11,0.018,42.014,1
L2LM,1,0,85,19.28,10.436,5.581,0.017,35.314,1
L2LM,1,0,86,17.769,7.308,9.619,0.077,34.773,1
L2LM,1,0,87,15.502,7.336,5.528,0.017,28.383,0
L2LM,1,0,88,16.265,6.944,14.327,0.017,37.553,1
L2LM,1,0,89,14.407,8.511,7.646,0.016,30.581,0
L2LM,1,0,90,17.675,9.294,7.603,0.018,34.591,1
L2LM,1,0,91,19.76,7.636,7.111,0.016,34.523,1
L2LM,1,0,92,15.84,8.186,1.583,0.015,25.624,0
L2LM,1,0,93,15.87,7.736,6.735,0.016,30.357,0
L2LM,1,0,94,16.282,6.862,3.476,0.014,26.634,0
L2LM,1,0,95,18.087,7.224,5.111,0.018,30.44,0
L2LM,1,0,96,20.77,6.894,4.044,0.016,31.725,0
L2LM,1,0,97,17.979,8.533,6.984,0.016,33.512,1
L2LM,1,0,98,19.057,6.962,1.701,0.015,27.735,0
L2LM,1,0,99,17.851,7.736,5.015,0.016,30.618,0
L2LM,1,0,100,18.709,7.621,5.118,0.019,31.467,0
L2LM,1,0,101,18.643,8.003,5.07,0.016,31.731,0
L2LM,1,0,102,14.948,8.475,8.299,0.015,31.737,0
L2LM,1,0,103,12.018,7.034,8.753,0.015,27.82,0
L2LM,1,0,104,11.587,8.626,5.985,0.012,26.21,0
L2LM,1,0,105,15.377,6.733,6.296,0.014,28.42,0
L2LM,1,0,106,14.69,15.222,1.733,0.02,31.665,0
L2LM,1,0,107,12.398,7.686,4.657,0.014,24.755,0
L2LM,1,0,108,9.672,8.359,2.939,0.013,20.982,0
L2LM,1,0,109,11.512,10.654,12.341,0.013,34.52,1
L2LM,1,0,110,8.6,10.908,8.8,0.013,28.32,0
L2LM,1,0,111,8.658,10.481,5.309,0.014,24.461,0
L2LM,1,0,112,8.722,7.99,3.396,0.012,20.12,0
L2LM,1,0,113,11.632,7.184,7.86,0.012,26.688,0
L2LM,1,0,114,18.987,6.845,1.685,0.013,27.53,0
L2LM,1,0,115,8.645,12.687,14.147,0.022,35.501,1
L2LM,1,0,116,15.581,7.434,8.854,0.018,31.888,0
L2LM,1,0,117,15.469,8.602,4.455,0.015,28.541,0
L2LM,1,0,118,17.507,6.845,12.279,0.017,36.648,1
L2LM,1,0,119,16.521,7.725,5.899,0.018,30.164,0
L2LM,1,0,120,15.459,7.189,4.079,0.016,26.743,0
L2LM,1,0,121,16.835,10.477,5.685,0.017,33.015,0
L2LM,1,0,122,14.552,12.101,13.515,0.016,40.184,1
L2LM,1,0,123,15.557,6.993,15.63,0.018,38.198,1
L2LM,1,0,124,15.561,7.621,3.604,0.017,26.804,0
L2LM,1,0,125,16.551,7.261,5.007,0.016,28.835,0
L2LM,1,0,126,14.606,14.875,6.304,0.018,35.803,1
L2LM,1,0,127,21.687,7.497,5.002,0.028,34.214,1
L2LM,1,0,128,19.71,7.365,12.502,0.017,39.596,1
L2LM,1,0,129,12.487,12.107,1.435,0.015,26.044,0
L2LM,1,0,130,19.848,6.914,18.332,0.018,45.112,1
L2LM,1,0,131,19.497,6.754,6.806,0.015,33.073,0
L2LM,1,0,132,22.343,7.057,19.272,0.016,48.688,1
L2LM,1,0,133,20.565,8.319,5.246,0.013,34.143,1
L2LM,1,0,134,13.015,18.42,6.282,0.022,37.739,1
L2LM,1,0,136,16.209,10.529,1.234,0.012,27.983,0
L2LM,1,0,137,8.952,14.28,2.534,0.014,25.779,0
L2LM,1,0,138,9.693,10.068,2.273,0.015,22.05,0
L2LM,1,0,139,19.845,6.784,13.691,0.014,40.334,1
L2LM,1,0,140,9.451,8.118,8.256,0.016,25.841,0
L2LM,1,0,141,16.174,10.168,5.325,0.017,31.684,0
L2LM,1,0,142,11.023,12.912,14.395,0.016,38.346,1
L2LM,1,0,143,14.738,11.813,1.557,0.016,28.124,0
L2LM,1,0,144,14.911,8.514,1.425,0.013,24.863,0
L2LM,1,0,145,11.9,10.636,1.603,0.013,24.152,0
L2LM,1,0,146,9.56,10.762,2.508,0.012,22.842,0
L2LM,1,0,147,7.764,13.716,1.099,0.012,22.592,0
L2LM,1,0,148,12.459,10.422,1.369,0.014,24.264,0
L2LM,1,0,149,15.677,10.946,2.605,0.016,29.243,0
L2LM,1,0,150,14.577,13.763,19.248,0.015,47.604,1
L2LM,1,0,151,8.845,10.851,6.385,0.014,26.094,0
L2LM,1,0,152,10.798,7.369,5.071,0.012,23.25,0
L2LM,1,0,153,8.712,9.148,4.839,0.012,22.71,0
L2LM,1,0,154,11.747,7.749,1.192,0.011,20.7,0
L2LM,1,0,155,17.883,6.69,3.636,0.014,28.223,0
L2LM,1,0,156,8.692,9.849,1.314,0.012,19.868,0
L2LM,1,0,157,13.479,9.286,1.347,0.015,24.127,0
L2LM,1,0,158,11.79,6.894,10.3,0.017,29.001,0
L2LM,1,0,159,7.885,9.634,2.757,0.018,20.293,0
L2LM,1,0,160,14.654,14.539,12.355,0.018,41.565,1
L2LM,1,0,161,15.644,6.908,4.731,0.015,27.298,0
L2LM,1,0,162,14.603,7.122,1.745,0.015,23.485,0
L2LM,1,0,163,16.613,7.015,12.09,0.02,35.738,1
L2LM,1,0,164,14.612,7.447,5.584,0.017,27.66,0
L2LM,1,0,165,15.611,7.144,4.852,0.015,27.622,0
L2LM,1,0,166,14.601,15.025,1.989,0.017,31.632,0
L2LM,1,0,167,15.615,10.089,5.551,0.016,31.271,0
L2LM,1,0,168,16.577,7.479,4.977,0.014,29.048,0
L2LM,1,0,169,16.625,7.771,7.528,0.015,31.939,0
L2LM,1,0,170,13.805,14.818,6.214,0.021,34.858,1
L2LM,1,0,171,15.507,8.275,2.793,0.016,26.59,0
L2LM,1,0,172,12.727,7.055,7.951,0.014,27.746,0
L2LM,1,0,173,12.231,7.327,2.429,0.013,22.0,0
L2LM,1,0,174,12.049,6.806,5.307,0.021,24.184,0
L2LM,1,0,175,8.905,9.494,5.909,0.017,24.325,0
L2LM,1,0,176,9.173,10.515,4.836,0.018,24.542,0
L2LM,1,0,177,8.75,10.339,4.966,0.016,24.071,0
L2LM,1,0,178,8.717,10.345,4.325,0.013,23.401,0
L2LM,1,0,179,13.55,14.085,5.202,0.014,32.851,0
L2LM,1,0,180,16.206,7.093,1.045,0.013,24.356,0
L2LM,1,0,181,8.666,10.644,1.059,0.013,20.381,0
L2LM,1,0,182,8.617,10.281,7.938,0.013,26.849,0
L2LM,1,0,183,6.784,10.236,2.419,0.012,19.45,0
L2LM,1,0,184,11.224,6.826,8.437,0.015,26.502,0
L2LM,1,0,185,9.253,9.783,1.328,0.015,20.379,0
L2LM,1,0,186,8.632,10.453,2.296,0.013,21.394,0
L2LM,1,0,187,9.646,10.602,7.885,0.014,28.148,0
L2LM,1,0,188,8.818,11.274,0.958,0.013,21.063,0
L2LM,1,0,189,8.684,13.607,3.043,0.012,25.346,0
L2LM,1,0,190,10.662,6.847,4.623,0.014,22.147,0
L2LM,1,0,191,8.687,9.694,6.041,0.014,24.436,0
L2LM,1,0,192,5.644,13.285,1.041,0.012,19.981,0
L2LM,1,0,193,8.605,10.313,3.891,0.014,22.823,0
L2LM,1,0,194,10.708,6.899,4.318,0.013,21.938,0
L2LM,1,0,195,8.699,10.417,4.573,0.012,23.7,0
L2LM,1,0,196,12.655,10.464,2.143,0.013,25.275,0
L2LM,1,0,197,11.684,6.735,5.004,0.012,23.435,0
L2LM,1,0,198,8.637,9.626,6.865,0.013,25.14,0
L2LM,1,0,199,8.636,13.625,7.631,0.012,29.904,0
L2LM,1,0,200,10.674,10.542,4.631,0.014,25.86,0
L2LM,1,0,201,9.723,9.975,7.398,0.016,27.113,0
L2LM,1,0,202,13.096,10.387,5.174,0.013,28.67,0
L2LM,1,0,203,10.074,15.209,2.586,0.014,27.883,0
L2LM,1,0,204,7.347,9.736,9.725,0.014,26.822,0
L2LM,1,0,205,5.66,7.024,4.896,0.013,17.594,0
L2LM,1,0,206,12.693,10.724,4.518,0.012,27.947,0
L2LM,1,0,207,19.796,9.614,12.093,0.016,41.518,1
L2LM,1,0,208,7.211,15.157,4.087,0.016,26.47,0
L2LM,1,0,209,18.145,7.407,4.959,0.015,30.526,0
L2LM,1,0,210,11.533,13.799,8.134,0.016,33.482,1
L2LM,1,0,211,5.543,8.53,27.549,0.017,41.639,1
L2LM,1,0,212,10.497,11.285,2.592,0.016,24.389,0
L2LM,1,0,213,15.905,13.94,7.271,0.018,37.134,1
L2LM,1,0,214,18.057,7.983,6.585,0.02,32.645,0
L2LM,1,0,215,18.555,8.004,1.694,0.017,28.27,0
L2LM,1,0,216,25.099,7.291,2.605,0.016,35.011,1
L2LM,1,0,217,11.599,11.458,7.635,0.013,30.705,0
L2LM,1,0,218,9.996,12.363,6.355,0.014,28.729,0
L2LM,1,0,219,11.559,6.734,13.773,0.014,32.081,0
L2LM,1,0,220,8.676,6.814,11.515,0.014,27.02,0
L2LM,1,0,221,10.469,7.322,4.257,0.013,22.061,0
L2LM,1,0,222,11.645,6.597,1.998,0.012,20.252,0
L2LM,1,0,223,11.492,6.992,4.623,0.013,23.12,0
L2LM,1,0,224,8.607,7.393,3.983,0.013,19.996,0
L2LM,1,0,225,10.913,11.012,1.357,0.012,23.294,0
L2LM,1,0,226,12.417,6.748,2.98,0.012,22.158,0
L2LM,1,0,227,10.75,10.706,7.738,0.013,29.206,0
L2LM,1,0,228,8.632,9.56,4.876,0.014,23.081,0
L2LM,1,0,229,8.643,10.447,1.373,0.012,20.474,0
L2LM,1,0,230,8.619,10.969,1.194,0.012,20.794,0
L2LM,1,0,231,13.588,6.891,13.012,0.014,33.504,1
L2LM,1,0,232,8.971,7.003,2.605,0.017,18.597,0
L2LM,1,0,233,6.8,10.85,2.601,0.016,20.267,0
L2LM,1,0,234,14.096,7.25,3.221,0.013,24.581,0
L2LM,1,0,235,12.33,9.888,3.215,0.016,25.449,0
L2LM,1,0,236,9.76,10.483,4.859,0.014,25.117,0
L2LM,1,0,237,11.909,6.642,4.335,1.005,23.891,0
L2LM,1,0,238,9.434,10.718,2.69,0.012,22.855,0
L2LM,1,0,239,11.559,6.697,2.73,0.013,20.999,0
L2LM,1,0,240,7.57,12.664,6.596,0.012,26.842,0
L2LM,1,0,241,8.562,7.115,10.878,0.013,26.569,0
L2LM,1,0,242,7.691,6.683,4.88,0.011,19.264,0
L2LM,1,0,243,15.41,11.736,2.144,0.012,29.303,0
L2LM,1,0,244,11.604,10.562,1.147,0.011,23.324,0
L2LM,1,0,245,8.514,10.627,1.098,0.011,20.25,0
L2LM,1,0,246,9.521,8.785,15.455,0.015,33.775,1
L2LM,1,0,247,8.727,9.007,1.11,0.012,18.856,0
L2LM,1,0,248,10.957,9.193,6.436,0.013,26.6,0
L2LM,1,0,249,8.558,13.678,1.464,0.014,23.713,0
L2LM,1,0,250,11.549,6.919,6.442,0.013,24.924,0
L2LM,1,0,251,11.611,7.02,1.106,0.01,19.747,0
L2LM,1,0,252,8.606,6.902,9.234,0.016,24.759,0
L2LM,1,0,253,8.552,8.089,2.89,0.013,19.544,0
L2LM,1,0,254,9.703,11.532,3.114,0.012,24.361,0
L2LM,1,0,255,11.222,6.709,10.552,0.011,28.495,0
L2LM,1,0,256,8.679,8.026,1.206,0.013,17.924,0
L2LM,1,0,257,8.591,14.976,2.74,0.013,26.319,0
L2LM,1,0,258,7.546,7.004,1.053,0.012,15.615,0
L2LM,1,0,259,8.57,15.017,4.474,0.013,28.074,0
L2LM,1,0,260,8.543,13.937,11.282,0.016,33.778,1
L2LM,1,0,261,8.68,7.025,1.102,0.012,16.82,0
L2LM,1,0,262,10.543,6.666,1.125,0.012,18.346,0
L2LM,1,0,263,9.718,15.748,1.131,0.012,26.608,0
L2LM,1,0,264,8.559,8.089,1.408,0.014,18.07,0
L2LM,1,0,265,8.604,15.133,1.098,0.011,24.846,0
L2LM,1,0,266,12.535,6.669,1.367,0.013,20.585,0
L2LM,1,0,267,18.216,7.696,7.415,0.015,33.341,1
L2LM,1,0,268,11.486,6.961,4.255,0.013,22.715,0
L2LM,1,0,269,8.626,10.526,3.661,0.012,22.824,0
L2LM,1,0,270,9.845,6.798,1.038,0.011,17.692,0
L2LM,1,0,271,8.909,17.557,1.528,0.012,28.006,0
L2LM,1,0,272,8.852,11.735,3.663,0.013,24.262,0
L2LM,1,0,273,10.253,6.882,1.117,0.012,18.264,0
L2LM,1,0,274,13.832,6.691,7.687,0.013,28.224,0
L2LM,1,0,275,9.57,9.985,1.015,0.011,20.581,0
L2LM,1,0,276,8.65,10.625,1.86,0.012,21.147,0
L2LM,1,0,277,12.089,6.982,1.271,0.012,20.354,0
L2LM,1,0,278,10.58,11.998,5.971,0.017,28.566,0
L2LM,1,0,279,10.271,11.709,1.213,0.013,23.207,0
L2LM,1,0,280,8.666,7.486,4.437,0.015,20.605,0
L2LM,1,0,281,13.625,9.151,3.564,0.015,26.355,0
L2LM,1,0,282,8.791,7.116,2.27,0.011,18.189,0
L2LM,1,0,283,11.604,7.827,12.869,0.012,32.312,0
L2LM,1,0,284,8.648,12.339,1.206,0.012,22.205,0
L2LM,1,0,285,7.636,11.327,5.097,0.012,24.072,0
L2LM,1,0,286,8.725,6.966,6.225,0.013,21.928,0
L2LM,1,0,287,8.561,11.324,1.06,0.011,20.955,0
L2LM,1,0,288,12.738,7.16,3.649,0.016,23.562,0
L2LM,1,0,289,10.647,6.869,9.339,0.014,26.869,0
L2LM,1,0,290,7.423,15.246,0.953,0.012,23.634,0
L2LM,1,0,291,15.711,6.805,5.614,0.014,28.144,0
L2LM,1,0,292,12.925,7.485,10.101,0.016,30.528,0
L2LM,1,0,293,13.605,10.443,7.712,0.016,31.777,0
L2LM,1,0,294,5.614,7.95,5.445,0.015,19.024,0
L2LM,1,0,295,12.288,10.852,1.296,0.015,24.451,0
L2LM,1,0,296,20.408,6.701,9.04,0.012,36.161,1
L2LM,1,0,297,15.288,6.788,4.954,0.013,27.043,0
L2LM,1,0,298,11.287,11.225,8.475,0.017,31.004,0
L2LM,1,0,299,9.008,8.301,4.859,0.014,22.182,0
L2LM,1,0,300,13.045,6.768,0.997,0.014,20.823,0
L2LM,1,0,301,8.937,10.312,2.212,0.012,21.473,0
L2LM,1,0,302,11.934,7.208,2.507,0.017,21.666,0
L2LM,1,0,303,9.591,10.471,0.995,0.011,21.068,0
L2LM,1,0,304,10.385,9.605,3.839,0.012,23.843,0
L2LM,1,0,305,9.591,13.932,5.449,0.016,28.988,0
L2LM,1,0,306,11.807,7.271,4.4,0.014,23.492,0
L2LM,1,0,307,8.358,7.804,2.049,0.011,18.223,0
L2LM,1,0,308,13.198,6.843,0.911,0.012,20.964,0
L2LM,1,0,309,13.169,6.896,2.646,0.012,22.723,0
L2LM,1,0,310,11.711,6.674,1.971,0.013,20.368,0
L2LM,1,0,311,8.87,6.623,5.024,0.013,20.529,0
L2LM,1,0,312,9.729,12.957,1.103,0.016,23.806,0
L2LM,1,0,313,12.301,11.726,3.488,0.012,27.527,0
L2LM,1,0,314,12.624,7.065,6.344,0.014,26.047,0
L2LM,1,0,315,13.846,7.374,8.224,0.018,29.462,0
L2LM,1,0,316,15.316,8.522,12.793,0.019,36.65,1
L2LM,1,0,317,16.269,7.05,9.764,0.02,33.103,0
L2LM,1,0,318,14.625,9.159,1.258,0.016,25.059,0
L2LM,1,0,319,17.572,7.214,9.289,0.022,34.097,1
L2LM,1,0,320,14.038,11.858,1.631,0.02,27.547,0
L2LM,1,0,321,20.15,8.69,6.879,0.018,35.736,1
L2LM,1,0,322,16.591,6.946,10.219,0.019,33.775,1
L2LM,1,0,323,17.043,9.971,4.398,0.021,31.433,0
L2LM,1,0,324,17.146,7.072,5.404,0.019,29.641,0
L2LM,1,0,325,16.986,7.396,9.413,0.017,33.812,1
L2LM,1,0,326,14.879,11.729,2.838,0.02,29.466,0
L2LM,1,0,327,18.779,7.886,12.561,0.018,39.245,1
L2LM,1,0,328,16.516,7.02,6.239,0.017,29.793,0
L2LM,1,0,329,22.322,17.679,5.62,0.018,45.639,1
L2LM,1,0,330,21.975,6.827,6.791,0.02,35.613,1
L2LM,1,0,331,19.581,6.804,3.295,0.018,29.698,0
L2LM,1,0,332,20.106,6.81,6.887,0.019,33.822,1
L2LM,1,0,333,14.702,10.665,1.475,0.02,26.861,0
L2LM,1,0,334,19.276,7.136,7.837,0.022,34.271,1
L2LM,1,0,335,17.17,7.593,12.541,0.018,37.323,1
L2LM,1,0,336,17.653,6.82,2.365,0.018,26.856,0
L2LM,1,0,337,19.256,6.807,1.473,0.016,27.552,0
L2LM,1,0,338,29.067,6.846,2.294,0.016,38.223,1
L2LM,1,0,339,15.859,12.976,1.59,0.016,30.442,0
L2LM,1,0,340,15.654,7.081,4.786,0.017,27.538,0
L2LM,1,0,341,18.095,7.22,7.408,0.024,32.747,0
L2LM,1,0,342,15.818,7.044,5.218,0.017,28.098,0
L2LM,1,0,343,12.296,12.382,1.273,0.013,25.964,0
L2LM,1,0,344,12.745,7.213,3.293,0.016,23.267,0
L2LM,1,0,345,17.457,10.498,9.945,0.017,37.918,1
L2LM,1,0,346,14.736,12.691,12.352,0.015,39.794,1
L2LM,1,0,347,10.046,7.373,5.7,0.017,23.136,0
L2LM,1,0,348,15.337,8.255,5.049,0.02,28.661,0
L2LM,1,0,349,17.498,6.796,4.009,0.016,28.319,0
L2LM,1,0,350,19.399,6.824,5.583,0.022,31.828,0
L2LM,1,0,351,16.909,11.902,2.071,0.02,30.902,0
L2LM,1,0,352,17.137,8.438,2.001,0.017,27.593,0
L2LM,1,0,353,9.786,11.055,5.213,0.014,26.068,0
L2LM,1,0,354,8.979,8.46,7.356,0.012,24.808,0
L2LM,1,0,355,12.84,7.388,5.274,0.018,25.521,0
L2LM,1,0,356,8.843,6.657,1.411,0.014,16.925,0
L2LM,1,0,357,8.742,6.604,1.365,0.012,16.722,0
L2LM,1,0,358,10.752,8.84,4.462,0.014,24.068,0
L2LM,1,0,359,8.745,6.73,1.413,0.012,16.9,0
L2LM,1,0,360,15.209,6.677,1.319,0.011,23.216,0
L2LM,1,0,361,12.764,7.504,1.409,0.013,21.689,0
L2LM,1,0,362,13.0,6.704,5.622,0.011,25.337,0
L2LM,1,0,363,9.755,6.8,7.155,0.013,23.723,0
L2LM,1,0,364,11.772,11.737,4.141,0.013,27.663,0
L2LM,1,0,365,12.504,6.854,8.215,0.016,27.59,0
L2LM,1,0,366,8.727,7.005,6.372,0.016,22.12,0
L2LM,1,0,367,10.837,10.69,1.402,0.012,22.941,0
L2LM,1,0,368,8.924,14.57,1.451,0.013,24.959,0
L2LM,1,0,369,8.835,14.646,1.186,0.013,24.68,0
L2LM,1,0,370,12.854,6.673,2.705,0.013,22.244,0
L2LM,1,0,371,7.891,10.418,2.653,0.013,20.976,0
L2LM,1,0,372,8.818,13.677,2.487,0.013,24.995,0
L2LM,1,0,373,10.817,7.29,4.269,0.013,22.389,0
L2LM,1,0,374,8.788,14.279,1.274,0.011,24.351,0
L2LM,1,0,375,8.76,11.752,4.249,0.011,24.772,0
L2LM,1,0,376,8.839,10.748,8.632,0.012,28.232,0
L2LM,1,0,377,8.718,6.751,5.108,0.015,20.592,0
L2LM,1,0,378,8.725,9.886,1.325,0.013,19.949,0
L2LM,1,0,379,10.79,7.524,8.452,0.015,26.781,0
L2LM,1,0,380,8.706,6.666,1.24,0.013,16.625,0
L2LM,1,0,381,8.676,14.899,1.298,0.012,24.885,0
L2LM,1,0,382,11.675,11.635,4.303,0.012,27.626,0
L2LM,1,0,383,8.811,12.036,4.662,0.013,25.522,0
L2LM,1,0,384,9.647,6.923,4.716,0.013,21.298,0
L2LM,1,0,385,12.036,6.835,2.897,0.014,21.782,0
L2LM,1,0,386,10.742,6.723,2.059,0.013,19.537,0
L2LM,1,0,387,8.647,6.697,2.891,0.012,18.246,0
L2LM,1,0,388,20.467,8.397,5.869,0.016,34.75,1
L2LM,1,0,389,11.586,6.674,1.951,0.012,20.223,0
L2LM,1,0,390,19.94,9.898,16.228,0.016,46.084,1
L2LM,1,0,391,10.619,6.995,5.245,0.014,22.874,0
L2LM,1,0,392,10.206,7.017,5.703,0.016,22.942,0
L2LM,1,0,393,10.86,6.999,6.201,0.014,24.073,0
L2LM,1,0,394,10.772,10.08,1.497,0.013,22.361,0
L2LM,1,0,395,9.625,11.406,3.257,0.014,24.302,0
L2LM,1,0,396,12.874,6.992,4.557,0.014,24.436,0
L2LM,1,0,397,8.654,10.594,5.018,0.014,24.28,0
L2LM,1,0,398,12.585,6.616,3.147,0.013,22.362,0
L2LM,1,0,399,11.188,7.23,9.802,0.013,28.234,0
L2LM,1,0,400,13.01,11.069,3.724,0.014,27.817,0
L2LM,1,0,401,14.66,7.066,9.438,0.014,31.177,0
L2LM,1,0,402,15.605,7.087,11.294,0.016,34.0,1
L2LM,1,0,403,14.425,7.11,1.381,0.013,22.929,0
L2LM,1,0,404,9.341,10.673,2.633,0.013,22.66,0
L2LM,1,0,405,12.826,6.687,9.223,0.016,28.751,0
L2LM,1,0,406,8.837,8.763,14.843,0.015,32.458,0
L2LM,1,0,407,7.159,13.116,19.721,0.018,40.013,1
L2LM,1,0,408,9.282,7.195,4.822,0.014,21.313,0
L2LM,1,0,409,8.445,8.883,7.445,0.016,24.789,0
L2LM,1,0,410,8.595,6.875,6.156,0.013,21.639,0
L2LM,1,0,411,14.425,9.4,1.877,0.015,25.716,0
L2LM,1,0,412,13.867,7.14,1.982,0.017,23.005,0
L2LM,1,0,413,8.719,11.914,5.225,0.013,25.871,0
L2LM,1,0,414,9.999,14.732,5.995,0.014,30.74,0
L2LM,1,0,415,13.079,7.325,8.371,0.017,28.792,0
L2LM,1,0,416,8.925,9.112,6.761,0.014,24.812,0
L2LM,1,0,417,12.743,7.367,1.606,0.012,21.728,0
L2LM,1,0,418,12.706,7.153,5.074,0.013,24.946,0
L2LM,1,0,419,12.719,6.716,5.768,0.016,25.218,0
L2LM,1,0,420,8.448,11.943,5.223,0.014,25.628,0
L2LM,1,0,421,9.386,6.667,7.327,0.013,23.392,0
L2LM,1,0,422,10.934,6.96,9.166,0.013,27.072,0
L2LM,1,0,423,11.136,19.933,9.67,0.017,40.757,1
L2LM,1,0,424,10.843,10.567,1.658,0.013,23.081,0
L2LM,1,0,425,9.662,6.824,1.801,0.012,18.299,0
L2LM,1,0,426,12.627,6.649,1.679,0.014,20.969,0
L2LM,1,0,427,11.477,6.971,1.706,0.012,20.165,0
L2LM,1,0,428,8.644,6.797,1.891,0.017,17.349,0
L2LM,1,0,429,8.674,6.828,5.439,0.013,20.954,0
L2LM,1,0,430,11.453,8.791,4.367,0.013,24.624,0
L2LM,1,0,431,12.799,8.756,13.198,0.017,34.769,1
L2LM,1,0,432,6.949,7.447,9.21,0.015,23.621,0
L2LM,1,0,433,10.073,8.26,5.271,0.014,23.618,0
L2LM,1,0,434,11.008,7.263,1.811,0.015,20.098,0
L2LM,1,0,435,8.923,8.644,9.185,0.015,26.768,0
L2LM,1,0,436,9.202,8.571,8.619,0.012,26.405,0
L2LM,1,0,437,14.626,7.016,2.163,0.017,23.822,0
L2LM,1,0,438,17.658,7.772,2.39,0.018,27.839,0
L2LM,1,0,439,16.758,8.683,2.674,0.018,28.133,0
L2LM,1,0,440,19.031,7.077,6.547,0.017,32.673,0
L2LM,1,0,441,15.629,7.394,6.141,0.018,29.182,0
L2LM,1,0,442,16.008,7.491,12.69,0.017,36.205,1
L2LM,1,0,443,23.378,6.884,1.717,0.016,31.995,0
L2LM,1,0,444,21.691,6.893,4.315,0.018,32.916,0
L2LM,1,0,445,15.689,7.08,5.276,0.017,28.062,0
L2LM,1,0,446,15.039,12.489,8.407,0.019,35.954,1
L2LM,1,0,447,14.534,8.029,15.655,0.023,38.241,1
L2LM,1,0,448,18.733,7.363,2.296,0.019,28.411,0
L2LM,1,0,449,19.027,7.36,1.704,0.019,28.11,0
L2LM,1,0,450,13.947,7.959,8.106,0.017,30.03,0
L2LM,1,0,451,18.309,6.823,1.67,0.016,26.818,0
L2LM,1,0,452,24.467,6.824,2.567,0.016,33.873,1
L2LM,1,0,453,25.833,6.997,2.704,0.015,35.548,1
L2LM,1,0,454,19.21,7.172,2.578,0.019,28.979,0
L2LM,1,0,455,15.238,6.969,4.614,0.018,26.839,0
L2LM,1,0,456,17.122,6.773,3.231,0.018,27.144,0
L2LM,1,0,457,16.484,10.627,7.694,0.018,34.823,1
L2LM,1,0,458,14.641,6.918,2.235,0.018,23.811,0
L2LM,1,0,459,21.477,9.843,8.983,0.016,40.319,1
L2LM,1,0,460,17.785,6.914,4.463,0.018,29.18,0
L2LM,1,0,461,16.666,7.145,13.835,0.022,37.669,1
L2LM,1,0,462,15.691,7.747,5.13,0.017,28.585,0
L2LM,1,0,463,15.738,11.717,5.477,0.021,32.952,0
L2LM,1,0,464,16.823,6.836,9.074,0.019,32.752,0
L2LM,1,0,465,18.546,7.207,6.451,0.023,32.227,0
L2LM,1,0,466,16.474,6.786,8.586,0.019,31.865,0
L2LM,1,0,467,15.467,8.042,5.988,0.019,29.516,0
L2LM,1,0,468,14.38,9.589,1.805,0.017,25.792,0
L2LM,2,0,30,10.268,14.507,1.232,0.012,26.019,0
L2LM,2,0,31,13.008,8.822,19.723,0.017,41.57,1
L2LM,2,0,32,10.062,19.901,22.62,0.014,52.597,1
L2LM,2,0,33,7.009,11.509,3.387,0.015,21.922,0
L2LM,2,0,34,10.831,12.791,3.176,0.013,26.811,0
L2LM,2,0,35,13.518,6.929,4.838,0.012,25.298,0
L2LM,2,0,36,12.576,7.839,4.896,0.013,25.324,0
L2LM,2,0,37,8.884,7.153,4.776,0.015,20.827,0
L2LM,2,0,38,10.21,11.004,1.278,0.014,22.507,0
L2LM,2,0,39,11.102,7.019,16.647,0.02,34.788,1
L2LM,2,0,40,11.677,7.792,4.82,0.014,24.303,0
L2LM,2,0,41,10.037,10.496,11.247,0.015,31.795,0
L2LM,2,0,42,10.896,9.882,2.454,0.013,23.245,0
L2LM,2,0,43,12.315,10.222,1.995,0.013,24.546,0
L2LM,2,0,44,14.057,23.297,2.991,0.016,40.36,1
L2LM,2,0,45,10.905,11.276,14.182,0.015,36.378,1
L2LM,2,0,46,11.34,7.122,3.948,0.013,22.423,0
L2LM,2,0,47,8.799,13.521,2.818,0.014,25.152,0
L2LM,2,0,48,21.419,11.794,4.243,0.018,37.473,1
L2LM,2,0,49,11.951,6.687,2.871,0.012,21.521,0
L2LM,2,0,50,13.559,9.855,20.402,0.021,43.837,1
L2LM,2,0,51,13.309,6.862,5.682,0.015,25.869,0
L2LM,2,0,52,12.683,7.034,9.522,0.021,29.261,0
L2LM,2,0,53,10.318,12.032,8.821,0.027,31.198,0
L2LM,2,0,54,10.099,8.711,3.797,0.018,22.625,0
L2LM,2,0,55,20.119,11.015,1.862,0.012,33.007,0
L2LM,2,0,56,8.186,7.278,20.853,0.03,36.347,1
L2LM,2,0,57,24.474,10.172,8.608,0.02,43.274,1
L2LM,2,0,58,24.451,10.304,4.559,0.021,39.335,1
L2LM,2,0,59,22.207,6.897,2.413,0.02,31.537,0
L2LM,2,0,60,17.626,9.336,3.311,0.02,30.293,0
L2LM,2,0,61,27.284,8.942,6.574,0.02,42.82,1
L2LM,2,0,62,19.16,10.633,12.903,0.02,42.716,1
L2LM,2,0,63,13.958,10.874,9.207,0.016,34.056,1
L2LM,2,0,65,12.786,6.953,11.396,0.018,31.154,0
L2LM,2,0,66,6.431,13.061,9.075,0.018,28.586,0
L2LM,2,0,67,12.726,9.972,3.878,0.016,26.592,0
L2LM,2,0,68,8.852,14.493,8.658,0.015,32.018,0
L2LM,2,0,69,8.593,7.432,2.14,0.014,18.179,0
L2LM,2,0,70,8.657,7.14,14.348,0.014,30.159,0
L2LM,2,0,71,9.881,6.7,6.728,0.013,23.322,0
L2LM,2,0,72,22.32,12.012,6.624,0.015,40.971,1
L2LM,2,0,73,9.699,8.797,25.565,0.024,44.085,1
L2LM,2,0,74,8.692,14.66,12.052,0.015,35.419,1
L2LM,2,0,75,12.744,7.157,8.833,0.016,28.75,0
L2LM,2,0,76,10.483,6.776,7.678,0.014,24.951,0
L2LM,2,0,77,10.812,14.329,3.047,0.015,28.203,0
L2LM,2,0,78,10.693,6.673,2.748,0.014,20.128,0
L2LM,2,0,79,12.806,7.489,10.842,0.018,31.155,0
L2LM,2,0,80,10.615,8.675,2.598,0.015,21.904,0
L2LM,2,0,81,7.771,11.851,8.218,0.015,27.854,0
L2LM,2,0,82,8.822,6.842,2.795,0.013,18.472,0
L2LM,2,0,83,8.62,14.642,2.85,0.014,26.126,0
L2LM,2,0,84,10.664,9.357,3.692,0.013,23.727,0
L2LM,2,0,85,10.58,10.19,4.754,0.014,25.538,0
L2LM,2,0,86,15.093,10.067,11.997,0.016,37.173,1
L2LM,2,0,87,8.481,8.731,19.5,0.015,36.728,1
L2LM,2,0,88,7.586,14.203,1.312,0.012,23.113,0
L2LM,2,0,89,12.532,7.141,11.286,0.014,30.974,0
L2LM,2,0,90,9.87,14.809,1.315,0.014,26.008,0
L2LM,2,0,91,12.733,9.131,3.543,0.018,25.425,0
L2LM,2,0,92,12.124,6.72,8.864,0.013,27.721,0
L2LM,2,0,93,8.622,11.785,8.517,0.016,28.942,0
L2LM,2,0,94,12.708,15.725,1.239,0.012,29.684,0
L2LM,2,0,95,12.856,7.131,10.436,0.014,30.436,0
L2LM,2,0,96,11.357,7.018,4.445,0.014,22.834,0
L2LM,2,0,97,8.767,6.973,4.668,0.013,20.421,0
L2LM,2,0,98,8.722,11.886,4.466,0.014,25.088,0
L2LM,2,0,99,12.785,7.476,6.384,0.015,26.66,0
L2LM,2,0,100,8.687,11.461,4.736,0.014,24.898,0
L2LM,2,0,101,12.158,9.626,4.308,0.014,26.106,0
L2LM,2,0,102,12.442,6.659,7.728,0.013,26.842,0
L2LM,2,0,103,6.693,14.53,1.634,0.015,22.873,0
L2LM,2,0,104,12.193,6.72,4.313,0.012,23.239,0
L2LM,2,0,105,19.009,9.698,3.577,0.014,32.298,0
L2LM,2,0,106,12.764,6.698,3.352,0.013,22.827,0
L2LM,2,0,107,10.918,7.364,5.585,0.017,23.883,0
L2LM,2,0,108,8.798,6.769,2.084,0.012,17.662,0
L2LM,2,0,109,12.073,6.729,9.455,0.015,28.272,0
L2LM,2,0,110,8.669,14.28,5.257,0.014,28.22,0
L2LM,2,0,111,12.209,7.289,5.091,0.013,24.602,0
L2LM,2,0,112,8.772,6.709,11.985,0.019,27.485,0
L2LM,2,0,113,11.882,6.844,8.829,0.014,27.57,0
L2LM,2,0,114,12.808,6.719,4.41,0.014,23.951,0
L2LM,2,0,115,11.033,6.927,12.011,0.016,29.988,0
L2LM,2,0,116,12.863,6.752,1.875,0.015,21.504,0
L2LM,2,0,117,12.576,6.712,9.32,0.017,28.625,0
L2LM,2,0,118,8.885,14.958,10.386,0.02,34.248,1
L2LM,2,0,119,8.858,14.649,11.147,0.019,34.674,1
L2LM,2,0,120,11.861,7.978,11.786,0.02,31.646,0
L2LM,2,0,121,12.892,7.052,1.492,0.014,21.449,0
L2LM,2,0,122,14.983,7.083,1.318,0.012,23.397,0
L2LM,2,0,123,8.778,10.404,2.671,0.013,21.866,0
L2LM,2,0,124,10.166,6.769,22.733,0.016,39.684,1
L2LM,2,0,125,10.851,7.03,23.278,0.015,41.175,1
L2LM,2,0,126,11.867,7.004,10.507,0.015,29.393,0
L2LM,2,0,127,17.977,6.64,7.649,0.017,32.283,0
L2LM,2,0,128,10.798,9.408,12.695,0.016,32.917,0
L2LM,2,0,129,10.663,6.865,2.055,0.011,19.595,0
L2LM,2,0,130,11.835,15.107,4.684,0.012,31.639,0
L2LM,2,0,131,7.8,14.603,4.939,0.014,27.355,0
L2LM,2,0,132,8.778,10.763,3.336,0.011,22.887,0
L2LM,2,0,133,9.36,9.752,4.394,0.011,23.517,0
L2LM,2,0,134,12.455,6.685,5.98,0.012,25.132,0
L2LM,2,0,135,14.697,6.696,5.042,0.013,26.448,0
L2LM,2,0,136,12.747,6.766,1.442,0.011,20.966,0
L2LM,2,0,137,9.669,13.287,1.496,0.012,24.463,0
L2LM,2,0,138,11.773,12.019,4.582,0.014,28.387,0
L2LM,2,0,139,8.868,6.922,1.492,0.011,17.293,0
L2LM,2,0,140,9.744,6.906,8.964,0.014,25.628,0
L2LM,2,0,141,8.063,9.112,16.483,0.017,33.674,1
L2LM,2,0,142,9.425,12.929,14.425,0.013,36.792,1
L2LM,2,0,143,19.622,8.595,4.84,0.016,33.073,0
L2LM,2,0,144,14.391,9.053,6.312,0.015,29.771,0
L2LM,2,0,145,12.82,7.826,7.535,0.011,28.192,0
L2LM,2,0,146,11.751,8.305,1.041,0.011,21.109,0
L2LM,2,0,147,8.702,7.052,1.54,0.011,17.306,0
L2LM,2,0,148,8.794,15.188,3.724,0.017,27.724,0
L2LM,2,0,149,9.804,6.825,4.499,0.012,21.14,0
L2LM,2,0,150,8.721,14.319,1.016,0.011,24.067,0
L2LM,2,0,151,13.961,8.991,5.014,0.013,27.979,0
L2LM,2,0,152,8.7,15.247,1.232,0.013,25.192,0
L2LM,2,0,153,8.7,6.893,4.773,0.016,20.382,0
L2LM,2,0,154,8.819,14.504,1.137,0.012,24.472,0
L2LM,2,0,155,14.849,7.847,1.861,0.012,24.569,0
L2LM,2,0,156,8.741,17.495,3.903,0.014,30.153,0
L2LM,2,0,157,13.282,6.998,2.434,0.013,22.726,0
L2LM,2,0,158,15.754,11.405,2.939,0.018,30.115,0
L2LM,2,0,159,10.743,9.519,4.634,0.013,24.909,0
L2LM,2,0,160,10.905,8.774,3.676,0.013,23.369,0
L2LM,2,0,161,8.834,14.07,1.249,0.012,24.163,0
L2LM,2,0,162,12.457,6.736,14.461,0.016,33.67,1
L2LM,2,0,163,7.886,6.771,4.84,0.011,19.508,0
L2LM,2,0,164,8.706,7.017,1.105,0.011,16.838,0
L2LM,2,0,165,8.694,10.224,2.405,0.015,21.338,0
L2LM,2,0,166,17.146,8.683,5.072,0.012,30.912,0
L2LM,2,0,167,10.785,7.026,1.195,0.012,19.019,0
L2LM,2,0,168,13.331,7.119,6.157,0.017,26.624,0
L2LM,2,0,169,11.729,6.778,1.095,0.011,19.613,0
L2LM,2,0,170,12.735,10.525,0.977,0.012,24.249,0
L2LM,2,0,171,12.184,9.078,1.083,0.012,22.357,0
L2LM,2,0,172,7.669,11.584,10.448,0.013,29.714,0
L2LM,2,0,173,7.682,8.805,3.82,0.015,20.322,0
L2LM,2,0,174,8.727,14.407,4.494,0.013,27.642,0
L2LM,2,0,175,8.645,14.888,1.073,0.012,24.618,0
L2LM,2,0,176,12.816,7.1,1.097,0.011,21.025,0
L2LM,2,0,177,12.646,6.881,5.57,0.013,25.111,0
L2LM,2,0,178,9.717,6.673,7.465,0.013,23.868,0
L2LM,2,0,179,10.65,6.975,1.124,0.013,18.761,0
L2LM,2,0,180,10.663,6.918,2.037,0.015,19.634,0
L2LM,2,0,181,11.7,8.483,3.034,0.014,23.23,0
L2LM,2,0,182,8.728,11.294,3.613,0.011,23.647,0
L2LM,2,0,183,9.598,15.753,4.513,0.012,29.875,0
L2LM,2,0,184,8.73,7.29,1.044,0.011,17.075,0
L2LM,2,0,185,8.904,11.465,6.985,0.017,27.371,0
L2LM,2,0,186,13.736,6.935,1.194,0.011,21.876,0
L2LM,2,0,187,13.383,9.074,1.215,0.015,23.687,0
L2LM,2,0,188,14.727,6.673,0.953,0.011,22.364,0
L2LM,2,0,189,6.719,12.186,8.134,0.02,27.059,0
L2LM,2,0,190,11.781,8.719,3.038,0.011,23.55,0
L2LM,2,0,191,8.617,7.043,1.176,0.012,16.848,0
L2LM,2,0,192,8.691,14.712,1.19,0.012,24.605,0
L2LM,2,0,193,8.092,8.074,0.962,0.01,17.138,0
L2LM,2,0,194,10.795,6.728,5.934,0.013,23.469,0
L2LM,2,0,195,8.704,8.98,1.216,0.011,18.911,0
L2LM,2,0,196,10.997,6.749,4.062,0.012,21.819,0
L2LM,2,0,197,12.231,6.717,7.987,0.015,26.95,0
L2LM,2,0,198,8.685,6.784,1.625,0.013,17.106,0
L2LM,2,0,199,8.683,15.944,2.714,0.012,27.353,0
L2LM,2,0,200,11.776,8.741,18.791,0.014,39.322,1
L2LM,2,0,201,7.807,6.696,3.575,0.012,18.089,0
L2LM,2,0,202,14.27,6.995,1.177,0.012,22.453,0
L2LM,2,0,203,9.068,9.154,4.345,0.012,22.579,0
L2LM,2,0,204,9.721,10.341,1.154,0.012,21.227,0
L2LM,2,0,205,8.742,10.364,4.935,0.014,24.055,0
L2LM,2,0,206,12.686,8.998,1.256,0.012,22.952,0
L2LM,2,0,207,11.599,11.375,3.829,0.012,26.816,0
L2LM,2,0,208,10.016,15.179,1.226,0.013,26.435,0
L2LM,2,0,209,12.684,6.628,1.272,0.013,20.597,0
L2LM,2,0,210,23.484,9.014,5.766,0.014,38.279,1
L2LM,2,0,211,17.407,9.392,7.994,0.015,34.808,1
L2LM,2,0,212,23.78,6.628,4.398,0.013,34.819,1
L2LM,2,0,213,8.587,9.896,5.555,0.014,24.052,0
L2LM,2,0,214,8.278,6.676,1.321,0.014,16.288,0
L2LM,2,0,215,8.916,10.11,2.483,0.011,21.52,0
L2LM,2,0,216,8.536,13.561,1.149,0.012,23.258,0
L2LM,2,0,217,12.829,7.287,12.263,0.013,32.392,0
L2LM,2,0,218,8.706,7.512,1.332,0.013,17.563,0
L2LM,2,0,219,12.632,10.618,3.323,0.011,26.584,0
L2LM,2,0,220,8.621,9.573,3.608,0.011,21.813,0
L2LM,2,0,221,10.812,8.188,2.919,0.01,21.929,0
L2LM,2,0,222,12.473,7.069,1.201,0.012,20.754,0
L2LM,2,0,223,8.603,12.032,5.014,0.014,25.663,0
L2LM,2,0,224,8.577,6.672,1.11,0.011,16.369,0
L2LM,2,0,225,8.698,6.996,4.309,0.013,20.015,0
L2LM,2,0,226,8.623,15.908,1.587,0.013,26.132,0
L2LM,2,0,227,8.603,6.668,4.929,0.012,20.212,0
L2LM,2,0,228,8.521,14.584,4.464,0.011,27.58,0
L2LM,2,0,229,8.527,7.391,4.062,0.013,19.994,0
L2LM,2,0,230,8.572,10.408,2.045,0.011,21.036,0
L2LM,2,0,231,11.602,6.763,1.294,0.013,19.672,0
L2LM,2,0,232,9.524,11.067,6.521,0.012,27.124,0
L2LM,2,0,233,7.557,7.083,1.137,0.011,15.789,0
L2LM,2,0,234,11.711,6.782,1.098,0.011,19.602,0
L2LM,2,0,235,10.527,8.151,1.452,0.013,20.143,0
L2LM,2,0,236,10.552,6.797,3.095,0.01,20.454,0
L2LM,2,0,237,10.551,10.934,3.55,0.011,25.046,0
L2LM,2,0,238,11.572,9.488,4.795,0.011,25.866,0
L2LM,2,0,239,9.505,6.921,1.556,0.013,17.995,0
L2LM,2,0,240,14.502,6.784,1.144,0.011,22.441,0
L2LM,2,0,241,11.506,6.788,3.458,0.01,21.762,0
L2LM,2,0,242,10.529,6.649,1.149,0.012,18.338,0
L2LM,2,0,243,6.59,13.295,3.825,0.013,23.723,0
L2LM,2,0,244,9.481,15.575,1.483,0.014,26.553,0
L2LM,2,0,245,6.355,7.113,1.747,0.043,15.258,0
L2LM,2,0,246,15.617,7.327,4.7,0.148,27.793,0
L2LM,2,0,247,18.872,7.389,7.097,0.016,33.374,1
L2LM,2,0,248,18.33,6.924,6.034,0.016,31.304,0
L2LM,2,0,249,19.813,8.174,2.442,7.165,37.594,1
L2LM,2,0,250,16.193,7.072,5.196,0.015,28.475,0
L2LM,2,0,251,15.511,10.998,1.437,0.015,27.962,0
L2LM,2,0,252,16.388,11.008,2.815,0.017,30.229,0
L2LM,2,0,253,17.296,7.068,5.07,0.023,29.457,0
L2LM,2,0,254,17.51,6.809,3.575,0.016,27.91,0
L2LM,2,0,255,15.546,10.012,4.916,0.015,30.489,0
L2LM,2,0,256,15.261,7.256,6.004,0.015,28.536,0
L2LM,2,0,257,18.661,7.259,10.886,0.017,36.823,1
L2LM,2,0,258,16.954,7.29,1.882,0.016,26.141,0
L2LM,2,0,259,15.992,7.797,4.706,0.015,28.511,0
L2LM,2,0,260,19.754,8.138,1.502,0.014,29.408,0
L2LM,2,0,261,15.849,9.665,2.994,0.016,28.524,0
L2LM,2,0,262,16.851,7.014,6.605,0.016,30.485,0
L2LM,2,0,263,18.296,6.771,7.288,0.016,32.371,0
L2LM,2,0,264,18.232,7.581,2.885,0.016,28.713,0
L2LM,2,0,265,15.975,9.691,5.422,0.015,31.103,0
L2LM,2,0,266,15.966,10.136,2.52,0.016,28.638,0
L2LM,2,0,267,17.458,7.572,1.511,0.014,26.555,0
L2LM,2,0,268,18.087,7.474,5.098,0.019,30.678,0
L2LM,2,0,269,15.796,9.761,4.719,0.015,30.291,0
L2LM,2,0,270,19.109,7.028,1.235,0.015,27.387,0
L2LM,2,0,271,17.052,7.146,14.3,0.017,38.515,1
L2LM,2,0,272,20.651,7.231,1.666,0.014,29.562,0
L2LM,2,0,273,19.66,9.572,6.021,0.016,35.269,1
L2LM,2,0,274,16.756,7.033,3.521,0.017,27.328,0
L2LM,2,0,275,18.364,10.68,7.486,0.014,36.545,1
L2LM,2,0,276,12.793,13.684,5.934,0.013,32.425,0
L2LM,2,0,277,16.709,7.145,1.126,0.011,24.991,0
L2LM,2,0,278,11.729,9.877,3.374,0.015,24.995,0
L2LM,2,0,279,14.932,11.05,10.679,0.017,36.679,1
L2LM,2,0,280,18.433,10.591,2.287,0.018,31.329,0
L2LM,2,0,281,15.348,10.56,4.229,0.017,30.154,0
L2LM,2,0,282,16.639,11.137,4.941,0.016,32.733,0
L2LM,2,0,283,15.623,10.807,1.361,0.015,27.806,0
L2LM,2,0,284,17.453,6.763,3.533,0.016,27.765,0
L2LM,2,0,285,16.546,10.783,1.245,0.015,28.59,0
L2LM,2,0,286,19.706,9.446,5.392,0.02,34.564,1
L2LM,2,0,287,16.445,7.22,1.281,2.909,27.855,0
L2LM,2,0,288,15.454,10.36,4.837,0.018,30.669,0
L2LM,2,0,289,17.485,12.843,21.938,0.021,52.287,1
L2LM,2,0,290,17.41,8.43,8.617,0.019,34.476,1
L2LM,2,0,291,14.458,10.246,2.191,0.016,26.911,0
L2LM,2,0,292,15.468,12.305,8.812,0.016,36.602,1
L2LM,2,0,293,14.435,10.677,1.308,0.017,26.437,0
L2LM,2,0,294,15.488,7.156,5.892,0.018,28.554,0
L2LM,2,0,295,18.545,9.072,14.89,0.016,42.524,1
L2LM,2,0,296,13.422,11.104,2.612,0.017,27.155,0
L2LM,2,0,297,17.523,20.25,2.626,0.019,40.417,1
L2LM,2,0,298,17.716,6.803,2.277,0.015,26.811,0
L2LM,2,0,299,16.579,10.456,12.705,0.018,39.758,1
L2LM,2,0,300,14.478,10.771,4.595,0.017,29.86,0
L2LM,2,0,301,14.563,13.79,5.269,0.131,33.753,1
L2LM,2,0,302,14.757,13.783,7.937,0.021,36.498,1
L2LM,2,0,303,18.523,9.899,1.281,0.016,29.719,0
L2LM,2,0,304,15.675,17.461,5.204,0.018,38.358,1
L2LM,2,0,305,14.449,10.426,4.739,0.016,29.632,0
L2LM,2,0,306,21.27,7.439,1.297,0.016,30.022,0
L2LM,2,0,307,17.409,6.755,4.453,0.015,28.632,0
L2LM,2,0,308,15.446,6.874,6.076,0.017,28.413,0
L2LM,2,0,309,15.464,7.067,1.405,0.017,23.954,0
L2LM,2,0,310,15.716,12.735,1.186,0.015,29.653,0
L2LM,2,0,311,17.493,7.506,2.138,0.016,27.153,0
L2LM,2,0,312,18.539,9.285,10.982,0.019,38.825,1
L2LM,2,0,313,14.475,14.861,4.823,0.016,34.175,1
L2LM,2,0,314,15.496,6.837,4.839,0.016,27.189,0
L2LM,2,0,315,22.788,7.576,7.777,0.019,38.159,1
L2LM,2,0,316,15.592,6.979,1.92,0.015,24.507,0
L2LM,2,0,317,18.734,7.5,1.431,0.016,27.681,0
L2LM,2,0,318,17.585,14.869,2.535,0.017,35.005,1
L2LM,2,0,319,16.553,7.036,5.083,0.016,28.689,0
L2LM,2,0,320,15.468,7.248,12.422,0.017,35.154,1
L2LM,2,0,321,14.605,6.827,9.067,0.017,30.514,0
L2LM,2,0,322,15.544,7.034,1.283,0.015,23.875,0
L2LM,2,0,323,15.557,14.508,1.694,0.016,31.775,0
L2LM,2,0,324,15.537,7.287,10.037,0.027,32.888,0
L2LM,2,0,325,18.799,7.316,1.386,0.016,27.517,0
L2LM,2,0,326,19.759,7.518,1.499,0.018,28.793,0
L2LM,2,0,327,17.593,11.74,12.446,0.018,41.797,1
L2LM,2,0,328,19.497,7.173,1.357,0.017,28.045,0
L2LM,2,0,329,18.574,7.13,8.404,0.018,34.125,1
L2LM,2,0,330,15.561,10.906,1.728,0.017,28.212,0
L2LM,2,0,331,16.596,7.033,1.466,0.015,25.11,0
L2LM,2,0,332,17.679,7.121,1.687,0.016,26.503,0
L2LM,2,0,333,15.609,11.422,5.196,0.022,32.249,0
L2LM,2,0,334,15.655,7.028,1.364,0.016,24.063,0
L2LM,2,0,335,17.523,12.078,6.692,0.016,36.308,1
L2LM,2,0,336,21.637,6.794,4.914,0.016,33.361,1
L2LM,2,0,337,17.781,7.026,1.573,0.016,26.396,0
L2LM,2,0,338,24.318,6.926,5.635,0.016,36.895,1
L2LM,2,0,339,16.811,6.832,5.034,0.016,28.692,0
L2LM,2,0,340,18.748,6.831,1.483,0.017,27.079,0
L2LM,2,0,341,19.792,7.232,5.437,0.017,32.479,0
L2LM,2,0,342,15.864,7.442,4.633,0.019,27.958,0
L2LM,2,0,343,15.624,6.96,7.093,0.017,29.694,0
L2LM,2,0,344,17.736,6.907,1.376,0.015,26.034,0
L2LM,2,0,345,19.671,7.162,5.176,0.016,32.026,0
L2LM,2,0,346,15.605,6.982,4.528,0.019,27.133,0
L2LM,2,0,347,15.769,6.76,9.637,0.017,32.182,0
L2LM,2,0,348,12.642,7.064,3.039,0.017,22.762,0
L2LM,2,0,349,16.622,7.382,1.344,0.017,25.364,0
L2LM,2,0,350,21.706,7.163,1.244,0.016,30.129,0
L2LM,2,0,351,15.869,8.126,5.11,0.017,29.121,0
L2LM,2,0,352,16.895,11.578,4.95,0.018,33.44,1
L2LM,2,0,353,15.836,7.029,5.596,0.016,28.477,0
L2LM,2,0,354,15.621,14.853,1.44,0.016,31.93,0
L2LM,2,0,355,15.686,13.833,7.268,0.019,36.805,1
L2LM,2,0,356,16.61,9.041,3.695,0.016,29.362,0
L2LM,2,0,357,15.625,10.655,1.397,0.015,27.692,0
L2LM,2,0,358,22.537,6.827,6.348,0.017,35.729,1
L2LM,2,0,359,15.631,6.981,1.769,0.017,24.398,0
L2LM,2,0,360,22.004,7.348,18.247,0.016,47.616,1
L2LM,2,0,361,21.624,8.064,1.794,0.016,31.499,0
L2LM,2,0,362,18.96,7.316,4.648,0.015,30.939,0
L2LM,2,0,363,14.647,7.367,4.276,0.016,26.307,0
L2LM,2,0,364,17.598,8.082,4.949,0.02,30.649,0
L2LM,2,0,365,15.824,6.969,9.267,0.016,32.077,0
L2LM,2,0,366,14.653,8.142,1.324,0.014,24.134,0
L2LM,2,0,367,14.659,12.813,5.264,0.018,32.754,0
L2LM,2,0,368,23.338,7.205,1.488,0.018,32.048,0
L2LM,2,0,369,21.314,11.274,5.013,0.017,37.619,1
L2LM,2,0,370,28.445,7.574,4.506,0.019,40.545,1
L2LM,2,0,371,25.003,10.45,4.476,0.021,39.95,1
L2LM,2,0,372,15.868,7.454,3.047,0.015,26.384,0
L2LM,2,0,373,19.085,6.912,1.322,0.016,27.335,0
L2LM,2,0,374,14.084,11.79,3.586,0.012,29.471,0
L2LM,2,0,375,13.595,7.475,2.628,0.013,23.711,0
L2LM,2,0,376,11.835,6.921,2.288,0.012,21.056,0
L2LM,2,0,377,11.854,10.863,6.598,0.014,29.329,0
L2LM,2,0,378,6.736,14.622,1.214,0.012,22.584,0
L2LM,2,0,379,12.933,6.657,8.658,0.013,28.26,0
L2LM,2,0,380,12.808,6.679,4.053,0.015,23.554,0
L2LM,2,0,381,9.814,8.832,7.026,0.014,25.686,0
L2LM,2,0,382,9.425,7.742,6.269,0.012,23.447,0
L2LM,2,0,383,12.695,8.676,2.005,0.012,23.388,0
L2LM,2,0,384,11.737,7.557,4.254,0.012,23.56,0
L2LM,2,0,385,8.684,11.04,1.329,0.011,21.064,0
L2LM,2,0,386,12.286,6.635,7.209,0.012,26.142,0
L2LM,2,0,387,10.849,11.593,3.824,0.016,26.282,0
L2LM,2,0,388,10.644,6.928,6.626,0.018,24.216,0
L2LM,2,0,389,9.716,6.923,4.218,0.011,20.868,0
L2LM,2,0,390,9.827,7.45,1.329,0.012,18.617,0
L2LM,2,0,391,8.628,14.891,7.777,0.012,31.308,0
L2LM,2,0,392,9.569,7.778,1.364,0.012,18.724,0
L2LM,2,0,393,10.845,7.446,4.765,0.015,23.07,0
L2LM,2,0,394,11.944,6.847,4.242,0.014,23.048,0
L2LM,2,0,395,12.287,6.887,1.249,0.011,20.434,0
L2LM,2,0,396,12.564,6.877,5.507,0.014,24.962,0
L2LM,2,0,397,8.602,6.7,1.368,0.012,16.682,0
L2LM,2,0,398,6.659,6.759,13.85,0.015,27.282,0
L2LM,2,0,399,5.808,10.865,1.784,0.014,18.472,0
L2LM,2,0,400,8.663,10.461,5.712,0.014,24.85,0
L2LM,2,0,401,8.735,10.5,4.196,0.013,23.444,0
L2LM,2,0,402,9.687,9.309,1.445,0.012,20.453,0
L2LM,2,0,403,13.746,6.654,1.414,0.012,21.826,0
L2LM,2,0,404,8.573,11.844,1.382,0.012,21.811,0
L2LM,2,0,405,8.629,10.964,1.482,0.013,21.088,0
L2LM,2,0,406,13.377,6.823,3.41,0.013,23.624,0
L2LM,2,0,407,11.694,6.784,1.709,0.011,20.198,0
L2LM,2,0,408,12.759,6.783,10.217,0.013,29.772,0
L2LM,2,0,409,8.588,11.228,5.556,0.013,25.384,0
L2LM,2,0,410,12.513,7.868,3.675,0.015,24.071,0
L2LM,2,0,411,8.052,10.229,1.542,0.012,19.835,0
L2LM,2,0,412,16.709,7.315,18.85,0.015,42.889,1
L2LM,2,0,413,12.588,7.25,13.62,0.037,33.495,1
L2LM,2,0,414,6.843,9.617,3.399,0.014,19.873,0
L2LM,2,0,415,8.782,11.389,8.084,0.016,28.27,0
L2LM,2,0,416,17.371,11.254,8.433,0.018,37.076,1
L2LM,2,0,417,17.932,7.156,7.957,0.016,33.06,0
L2LM,2,0,418,15.728,6.771,1.645,0.014,24.158,0
L2LM,2,0,419,21.655,6.93,5.52,0.016,34.121,1
L2LM,2,0,420,15.496,10.828,1.676,0.015,28.015,0
L2LM,2,0,421,20.561,12.027,10.668,0.017,43.273,1
L2LM,2,0,422,18.491,9.966,4.457,0.016,32.93,0
L2LM,2,0,423,16.529,6.922,9.714,0.019,33.184,0
L2LM,2,0,424,15.475,9.32,6.747,0.019,31.56,0
L2LM,2,0,425,16.524,7.226,10.555,0.023,34.328,1
L2LM,2,0,426,14.475,7.121,3.543,0.017,25.157,0
L2LM,2,0,427,17.513,7.025,1.873,0.016,26.427,0
L2LM,2,0,428,20.54,6.948,1.807,0.017,29.313,0
L2LM,2,0,429,19.539,6.938,7.03,0.018,33.524,1
L2LM,2,0,430,17.818,7.431,12.599,0.017,37.865,1
L2LM,2,0,431,13.334,6.674,1.998,0.012,22.019,0
L2LM,2,0,432,10.749,7.163,9.915,0.014,27.841,0
L2LM,2,0,433,32.938,7.193,9.033,0.018,49.181,1
L2LM,2,0,434,18.697,7.069,11.246,0.02,37.032,1
L2LM,2,0,435,18.56,6.831,2.238,0.015,27.645,0
L2LM,2,0,436,18.687,10.881,6.576,0.016,36.16,1
L2LM,2,0,437,18.295,7.079,6.31,0.018,31.702,0
L2LM,2,0,438,21.386,10.93,7.185,0.018,39.519,1
L2LM,2,0,439,16.757,6.742,2.692,0.015,26.206,0
L2LM,2,0,440,17.612,11.24,9.445,0.019,38.316,1
L2LM,2,0,441,15.611,6.787,6.124,0.019,28.54,0
L2LM,2,0,442,15.612,8.324,7.761,0.017,31.714,0
L2LM,2,0,443,14.552,9.621,4.939,0.019,29.131,0
L2LM,2,0,444,19.339,7.044,4.761,0.014,31.158,0
L2LM,2,0,445,19.686,6.74,1.603,0.015,28.044,0
L2LM,2,0,446,19.83,6.976,1.546,0.016,28.368,0
L2LM,2,0,447,15.601,10.771,5.022,0.017,31.411,0
L2LM,2,0,448,14.54,12.397,2.983,0.015,29.935,0
L2LM,2,0,449,14.925,12.034,1.457,0.016,28.432,0
L2LM,2,0,450,15.757,6.835,9.461,0.017,32.07,0
L2LM,2,0,451,15.557,7.226,12.378,0.024,35.185,1
L2LM,2,0,452,17.674,7.16,4.905,0.017,29.756,0
L2LM,2,0,453,15.69,7.026,10.53,0.019,33.264,0
L2LM,2,0,454,16.687,16.396,1.633,0.015,34.731,1
L2LM,2,0,455,9.09,7.06,17.843,0.019,34.012,1
L2LM,2,0,456,7.445,7.778,9.833,0.016,25.071,0
L2LM,2,0,457,13.111,12.272,18.543,0.021,43.948,1
L2LM,2,0,458,5.616,11.539,7.999,0.017,25.172,0
L2LM,2,0,459,9.383,11.967,3.773,0.014,25.137,0
L2LM,2,0,460,9.03,7.212,6.106,0.013,22.362,0
L2LM,2,0,461,7.232,9.163,7.852,0.014,24.262,0
L2LM,2,0,462,12.456,7.17,2.189,0.011,21.826,0
L2LM,2,0,463,10.235,8.743,4.755,0.014,23.747,0
L2LM,2,0,464,7.525,7.747,5.651,0.015,20.938,0
L2LM,2,0,465,10.89,12.462,3.813,0.015,27.18,0
L2LM,2,0,466,9.524,9.948,4.805,0.014,24.291,0
L2LM,2,0,467,12.447,7.839,5.092,0.014,25.392,0
L2LM,2,0,468,9.554,6.928,5.859,0.017,22.358,0
