config,rep,stream_id,fidx,read_pre_ms,infer_ms,post_ms,other_ms,eff_ms,miss
none,0,0,30,5.861,7.533,3.942,0.217,17.553,0
none,0,0,31,6.29,7.462,2.913,0.215,16.88,0
none,0,0,32,5.822,7.124,4.098,0.121,17.166,0
none,0,0,33,5.748,8.027,5.056,0.013,18.843,0
none,0,0,34,5.884,7.753,3.449,0.012,17.099,0
none,0,0,35,5.907,8.731,3.022,0.252,17.912,0
none,0,0,36,5.732,8.133,2.965,0.138,16.969,0
none,0,0,37,5.781,8.387,4.911,0.156,19.235,0
none,0,0,38,5.852,7.881,4.011,0.153,17.897,0
none,0,0,39,5.859,8.414,2.512,0.013,16.797,0
none,0,0,40,5.729,8.752,5.982,0.013,20.475,0
none,0,0,41,5.982,8.234,3.596,0.013,17.827,0
none,0,0,42,5.676,9.294,5.488,0.012,20.47,0
none,0,0,43,5.731,8.914,3.862,0.013,18.519,0
none,0,0,44,5.797,8.445,4.408,0.013,18.663,0
none,0,0,45,5.901,10.689,4.721,0.012,21.324,0
none,0,0,46,8.853,8.817,7.417,0.015,25.102,0
none,0,0,47,6.515,7.923,3.337,0.011,17.787,0
none,0,0,48,5.686,7.691,3.307,0.014,16.699,0
none,0,0,49,5.718,8.328,5.187,0.018,19.25,0
none,0,0,50,5.684,8.898,7.16,0.014,21.755,0
none,0,0,51,6.067,9.042,5.232,0.013,20.354,0
none,0,0,52,6.629,8.821,4.813,0.011,20.274,0
none,0,0,53,5.907,7.624,7.022,0.013,20.565,0
none,0,0,54,5.65,8.571,3.712,0.014,17.947,0
none,0,0,55,5.668,9.703,4.785,0.014,20.17,0
none,0,0,56,5.841,7.55,3.656,0.012,17.059,0
none,0,0,57,7.722,7.264,4.003,0.012,19.001,0
none,0,0,58,6.195,7.592,3.932,0.012,17.731,0
none,0,0,59,5.622,8.546,2.423,0.011,16.602,0
none,0,0,60,7.385,10.527,4.456,0.012,22.38,0
none,0,0,61,8.042,7.652,4.578,0.012,20.284,0
none,0,0,62,5.831,7.994,2.473,0.011,16.31,0
none,0,0,63,5.625,9.456,3.914,0.011,19.006,0
none,0,0,64,5.52,7.741,4.022,0.175,17.457,0
none,0,0,65,7.64,12.162,4.338,0.015,24.155,0
none,0,0,66,5.766,8.592,4.075,0.014,18.446,0
none,0,0,67,5.728,8.168,3.704,0.015,17.615,0
none,0,0,68,6.104,10.104,5.873,0.016,22.097,0
none,0,0,69,5.674,8.775,3.76,0.129,18.339,0
none,0,0,70,5.59,10.325,4.385,0.014,20.315,0
none,0,0,71,5.909,9.073,3.642,0.166,18.79,0
none,0,0,72,5.916,9.284,8.911,0.013,24.125,0
none,0,0,73,5.597,9.112,4.452,0.015,19.176,0
none,0,0,74,6.172,8.583,3.853,0.012,18.62,0
none,0,0,75,5.843,7.884,5.803,0.011,19.542,0
none,0,0,76,5.718,10.019,4.533,0.014,20.284,0
none,0,0,77,5.623,8.665,2.873,0.014,17.175,0
none,0,0,78,5.53,7.395,4.446,0.035,17.406,0
none,0,0,79,5.602,7.491,4.162,0.131,17.386,0
none,0,0,80,5.696,7.609,3.001,0.012,16.317,0
none,0,0,81,5.62,7.384,3.976,0.012,16.992,0
none,0,0,82,5.562,7.573,4.561,0.199,17.896,0
none,0,0,83,6.28,7.025,3.971,0.015,17.291,0
none,0,0,84,5.813,7.807,3.933,0.013,17.567,0
none,0,0,85,6.281,8.103,3.79,0.012,18.186,0
none,0,0,86,6.208,7.022,4.589,0.011,17.83,0
none,0,0,87,5.672,7.1,2.851,0.012,15.635,0
none,0,0,88,5.647,9.064,3.737,0.014,18.462,0
none,0,0,89,5.827,7.75,3.472,0.012,17.062,0
none,0,0,90,5.938,7.309,5.844,0.012,19.103,0
none,0,0,91,6.108,8.075,3.301,0.012,17.495,0
none,0,0,92,5.688,8.104,3.167,0.137,17.095,0
none,0,0,93,5.619,7.247,3.703,0.142,16.711,0
none,0,0,94,6.27,7.797,3.972,0.143,18.181,0
none,0,0,95,5.613,7.073,5.8,0.012,18.498,0
none,0,0,96,5.749,6.795,3.071,0.011,15.625,0
none,0,0,97,5.712,7.365,2.969,0.14,16.187,0
none,0,0,98,5.804,8.223,3.127,0.012,17.166,0
none,0,0,99,6.134,7.482,3.705,0.118,17.44,0
none,0,0,100,6.437,7.676,2.307,0.011,16.431,0
none,0,0,101,6.696,6.858,4.407,0.011,17.973,0
none,0,0,102,6.11,7.156,3.679,0.012,16.957,0
none,0,0,103,6.089,7.077,3.513,0.014,16.693,0
none,0,0,104,5.609,8.19,3.785,0.012,17.595,0
none,0,0,105,5.773,7.348,2.859,0.011,15.99,0
none,0,0,106,5.611,10.282,3.551,0.013,19.457,0
none,0,0,107,5.669,7.89,2.52,0.012,16.091,0
none,0,0,108,5.893,7.771,4.239,0.013,17.916,0
none,0,0,109,5.84,8.542,5.645,0.015,20.042,0
none,0,0,110,5.692,7.797,2.707,0.012,16.209,0
none,0,0,111,5.788,7.47,2.183,0.011,15.452,0
none,0,0,112,5.664,8.904,4.648,0.014,19.23,0
none,0,0,113,5.9,7.023,3.368,0.013,16.304,0
none,0,0,114,6.625,8.456,5.104,0.015,20.2,0
none,0,0,115,5.906,7.832,6.672,0.012,20.422,0
none,0,0,116,5.808,8.478,3.538,0.014,17.838,0
none,0,0,117,5.687,9.365,3.803,0.014,18.87,0
none,0,0,118,5.723,8.005,5.839,0.014,19.58,0
none,0,0,119,5.699,8.176,6.695,0.013,20.583,0
none,0,0,120,5.739,8.23,5.382,0.012,19.364,0
none,0,0,121,5.696,7.143,4.563,0.014,17.415,0
none,0,0,122,5.859,8.285,2.699,0.012,16.855,0
none,0,0,123,5.896,7.374,3.213,0.013,16.496,0
none,0,0,124,5.751,7.745,4.05,0.013,17.56,0
none,0,0,125,5.747,7.078,3.474,0.013,16.312,0
none,0,0,126,6.745,7.28,3.476,0.013,17.514,0
none,0,0,127,6.057,7.213,2.719,0.012,16.0,0
none,0,0,128,5.807,7.287,4.852,0.013,17.959,0
none,0,0,129,5.983,7.611,2.519,0.119,16.232,0
none,0,0,130,5.787,7.859,3.598,0.01,17.254,0
none,0,0,131,5.851,7.843,2.721,0.011,16.427,0
none,0,0,132,5.919,9.856,4.003,0.011,19.789,0
none,0,0,133,5.697,7.359,3.13,0.012,16.198,0
none,0,0,134,5.745,6.98,3.464,0.011,16.2,0
none,0,0,135,5.774,6.997,3.389,0.013,16.173,0
none,0,0,136,6.428,7.685,3.329,0.013,17.455,0
none,0,0,137,6.204,7.209,3.731,0.013,17.157,0
none,0,0,138,5.913,8.228,2.591,0.011,16.742,0
none,0,0,139,5.871,8.688,3.231,0.012,17.801,0
none,0,0,140,5.994,8.593,4.776,0.014,19.377,0
none,0,0,141,6.119,6.97,4.429,0.014,17.532,0
none,0,0,142,5.938,8.635,3.559,0.014,18.145,0
none,0,0,143,6.142,7.363,4.491,0.013,18.009,0
none,0,0,144,6.157,7.28,2.559,0.256,16.251,0
none,0,0,145,5.828,7.194,2.873,0.015,15.909,0
none,0,0,146,5.847,8.267,4.486,0.012,18.612,0
none,0,0,147,6.149,7.499,3.905,0.013,17.567,0
none,0,0,148,6.106,9.004,6.106,0.013,21.23,0
none,0,0,149,6.333,7.164,4.734,0.015,18.246,0
none,0,0,150,6.335,7.71,2.472,0.015,16.532,0
none,0,0,151,5.886,8.659,2.944,0.231,17.719,0
none,0,0,152,5.886,7.929,4.631,0.013,18.46,0
none,0,0,153,5.929,8.542,3.938,0.012,18.421,0
none,0,0,154,5.922,7.626,3.952,0.012,17.513,0
none,0,0,155,5.708,8.315,6.347,0.013,20.383,0
none,0,0,156,5.759,8.183,4.484,0.012,18.439,0
none,0,0,157,5.704,8.943,2.497,0.012,17.156,0
none,0,0,158,5.847,7.47,2.803,0.012,16.131,0
none,0,0,159,5.959,7.392,2.514,0.011,15.876,0
none,0,0,160,5.961,8.064,2.704,0.012,16.74,0
none,0,0,161,5.789,7.944,2.383,0.013,16.129,0
none,0,0,162,6.351,7.996,2.787,0.013,17.147,0
none,0,0,163,6.635,7.456,3.81,0.014,17.916,0
none,0,0,164,5.742,7.772,2.629,0.134,16.277,0
none,0,0,165,6.293,7.416,3.571,0.014,17.293,0
none,0,0,166,5.914,7.654,4.55,0.011,18.129,0
none,0,0,167,5.965,8.302,6.728,0.014,21.009,0
none,0,0,168,5.763,8.578,4.078,0.149,18.569,0
none,0,0,169,5.718,7.616,4.717,0.013,18.064,0
none,0,0,170,5.999,7.526,3.748,0.011,17.284,0
none,0,0,171,5.678,8.091,2.246,0.01,16.026,0
none,0,0,172,5.757,7.995,2.125,0.011,15.888,0
none,0,0,173,5.797,7.207,1.476,0.011,14.491,0
none,0,0,174,5.753,8.453,2.344,0.011,16.56,0
none,0,0,175,5.665,7.336,3.63,0.139,16.77,0
none,0,0,176,5.606,7.077,2.199,0.011,14.892,0
none,0,0,177,5.65,8.924,2.323,0.011,16.907,0
none,0,0,178,5.931,7.76,2.789,0.011,16.491,0
none,0,0,179,5.79,8.008,3.216,0.012,17.027,0
none,0,0,180,5.979,7.582,1.828,0.011,15.399,0
none,0,0,181,5.89,7.086,2.382,0.012,15.37,0
none,0,0,182,5.72,6.93,4.484,0.011,17.145,0
none,0,0,183,7.476,9.426,6.746,0.015,23.662,0
none,0,0,184,5.927,7.088,4.292,0.013,17.321,0
none,0,0,185,5.648,7.505,3.221,0.017,16.391,0
none,0,0,186,5.578,8.347,4.274,0.013,18.213,0
none,0,0,187,5.746,7.469,3.12,0.012,16.348,0
none,0,0,188,5.815,8.281,2.775,0.112,16.982,0
none,0,0,189,5.983,7.64,4.011,0.014,17.648,0
none,0,0,190,5.877,7.92,3.249,0.015,17.061,0
none,0,0,191,6.731,7.878,7.777,0.015,22.401,0
none,0,0,192,6.082,7.06,3.088,0.014,16.244,0
none,0,0,193,5.762,7.592,3.637,0.013,17.004,0
none,0,0,194,6.02,8.061,3.642,0.013,17.736,0
none,0,0,195,5.88,8.486,4.712,0.016,19.094,0
none,0,0,196,6.463,7.483,2.428,0.01,16.385,0
none,0,0,197,6.18,7.284,3.266,0.011,16.742,0
none,0,0,198,5.987,8.805,5.052,0.265,20.109,0
none,0,0,199,7.634,8.448,4.28,0.013,20.376,0
none,0,0,200,5.836,7.412,3.316,0.012,16.575,0
none,0,0,201,5.696,7.157,2.726,0.012,15.591,0
none,0,0,202,6.552,7.572,3.53,0.254,17.908,0
none,0,0,203,5.802,8.448,3.516,0.012,17.778,0
none,0,0,204,5.748,7.393,5.735,0.151,19.027,0
none,0,0,205,6.265,7.333,3.308,0.01,16.915,0
none,0,0,206,6.05,7.279,3.621,0.011,16.96,0
none,0,0,207,5.954,7.023,3.154,0.012,16.143,0
none,0,0,208,6.088,8.248,4.213,0.013,18.561,0
none,0,0,209,5.615,8.431,4.408,0.013,18.467,0
none,0,0,210,5.579,8.287,3.889,0.015,17.77,0
none,0,0,211,5.647,9.142,4.124,0.153,19.066,0
none,0,0,212,6.138,7.823,3.645,0.012,17.618,0
none,0,0,213,5.711,7.352,3.194,0.013,16.27,0
none,0,0,214,5.786,7.479,3.701,0.011,16.978,0
none,0,0,215,5.955,7.392,4.69,0.011,18.048,0
none,0,0,216,5.551,7.815,3.927,0.014,17.306,0
none,0,0,217,6.179,7.054,3.283,0.013,16.529,0
none,0,0,218,5.703,7.761,3.651,0.014,17.13,0
none,0,0,219,5.678,7.348,4.093,0.011,17.13,0
none,0,0,220,5.721,8.064,3.762,0.013,17.56,0
none,0,0,221,5.626,8.168,5.352,0.012,19.158,0
none,0,0,222,5.545,8.159,6.353,0.011,20.069,0
none,0,0,223,5.717,7.025,5.423,0.012,18.178,0
none,0,0,224,5.591,7.64,2.169,0.011,15.411,0
none,0,0,225,6.001,7.319,3.882,0.012,17.214,0
none,0,0,226,5.613,8.185,2.783,0.013,16.593,0
none,0,0,227,6.859,8.033,2.042,0.024,16.959,0
none,0,0,228,5.829,8.486,2.997,0.013,17.326,0
none,0,0,229,6.225,8.624,5.459,0.013,20.322,0
none,0,0,230,5.621,8.07,4.385,0.012,18.087,0
none,0,0,231,5.712,7.909,3.994,0.012,17.627,0
none,0,0,232,6.853,7.152,3.779,0.012,17.796,0
none,0,0,233,5.837,7.002,4.167,0.012,17.018,0
none,0,0,234,5.612,8.486,2.925,0.011,17.035,0
none,0,0,235,5.724,7.028,3.091,0.121,15.964,0
none,0,0,236,5.705,7.368,3.354,0.012,16.439,0
none,0,0,237,5.825,8.274,3.503,0.015,17.616,0
none,0,0,238,6.149,8.876,6.309,0.014,21.348,0
none,0,0,239,6.057,6.921,2.568,0.011,15.557,0
none,0,0,240,5.776,7.289,3.727,0.011,16.802,0
none,0,0,241,5.621,6.966,3.705,0.012,16.304,0
none,0,0,242,5.569,7.876,3.804,0.013,17.262,0
none,0,0,243,5.58,7.248,2.784,0.012,15.624,0
none,0,0,244,5.876,7.155,4.037,0.018,17.085,0
none,0,0,245,6.068,7.362,3.268,0.026,16.724,0
none,0,0,246,5.954,8.77,4.289,0.015,19.028,0
none,0,0,247,5.588,7.789,4.059,0.02,17.457,0
none,0,0,248,5.629,8.899,6.295,0.015,20.838,0
none,0,0,249,5.547,8.254,4.734,0.014,18.549,0
none,0,0,250,5.528,7.621,7.788,0.012,20.949,0
none,0,0,251,5.692,7.054,6.196,0.012,18.953,0
none,0,0,252,5.643,7.085,2.36,0.011,15.099,0
none,0,0,253,5.665,7.083,4.034,0.01,16.792,0
none,0,0,254,5.655,8.089,2.605,0.013,16.362,0
none,0,0,255,5.541,7.657,4.895,0.013,18.106,0
none,0,0,256,5.714,7.347,4.313,0.133,17.508,0
none,0,0,257,5.625,8.147,3.699,0.014,17.484,0
none,0,0,258,5.545,8.666,3.648,0.013,17.872,0
none,0,0,259,5.849,7.238,3.425,0.141,16.653,0
none,0,0,260,6.403,8.231,5.632,0.013,20.279,0
none,0,0,261,5.552,8.761,3.171,0.012,17.496,0
none,0,0,262,5.889,7.926,3.297,0.013,17.125,0
none,0,0,263,5.96,7.408,3.147,0.012,16.527,0
none,0,0,264,6.714,7.88,2.914,0.014,17.522,0
none,0,0,265,5.7,8.579,2.905,0.013,17.198,0
none,0,0,266,5.554,7.763,3.315,0.015,16.646,0
none,0,0,267,5.622,7.683,2.696,0.011,16.013,0
none,0,0,268,5.58,7.102,4.123,0.015,16.82,0
none,0,0,269,5.816,7.209,4.171,0.016,17.211,0
none,0,0,270,5.899,9.775,4.312,0.011,19.997,0
none,0,0,271,5.554,8.149,2.558,0.011,16.272,0
none,0,0,272,5.621,7.524,2.796,0.012,15.954,0
none,0,0,273,5.533,8.746,4.331,0.013,18.623,0
none,0,0,274,5.681,7.903,3.72,0.012,17.317,0
none,0,0,275,5.503,10.512,3.267,0.014,19.296,0
none,0,0,276,5.593,9.307,2.643,0.016,17.559,0
none,0,0,277,6.236,7.111,2.956,0.011,16.315,0
none,0,0,278,5.976,7.791,3.658,0.012,17.438,0
none,0,0,279,5.586,7.084,2.216,0.011,14.896,0
none,0,0,280,5.657,6.932,4.522,0.014,17.124,0
none,0,0,281,8.95,8.878,3.376,0.017,21.221,0
none,0,0,282,6.193,9.203,3.934,0.013,19.343,0
none,0,0,283,6.454,8.332,6.071,0.013,20.87,0
none,0,0,284,5.577,8.061,4.047,0.015,17.7,0
none,0,0,285,5.708,7.17,2.326,0.132,15.337,0
none,0,0,286,5.608,8.156,2.316,0.013,16.093,0
none,0,0,287,5.583,7.433,3.785,0.214,17.015,0
none,0,0,288,5.823,7.746,3.609,0.015,17.192,0
none,0,0,289,5.801,7.436,4.999,0.013,18.249,0
none,0,0,290,5.884,7.524,2.321,0.011,15.74,0
none,0,0,291,6.009,7.992,4.787,0.014,18.803,0
none,0,0,292,5.694,8.701,5.643,0.019,20.057,0
none,0,0,293,5.711,9.131,4.206,0.16,19.208,0
none,0,0,294,5.64,10.529,3.368,0.011,19.548,0
none,0,0,295,5.9,7.954,4.191,0.012,18.056,0
none,0,0,296,5.624,7.522,3.337,0.011,16.494,0
none,0,0,297,8.537,8.3,3.377,0.012,20.226,0
none,0,0,298,6.291,8.419,4.269,0.016,18.996,0
none,0,0,299,5.72,9.013,5.724,0.013,20.47,0
none,0,0,300,5.876,8.139,4.643,0.011,18.669,0
none,0,0,301,5.645,7.858,4.82,0.011,18.334,0
none,0,0,302,5.91,7.536,3.425,0.013,16.885,0
none,0,0,303,5.824,7.343,3.456,0.014,16.636,0
none,0,0,304,7.803,8.797,8.222,0.012,24.834,0
none,0,0,305,5.67,8.059,4.793,0.013,18.534,0
none,0,0,306,5.589,7.608,4.897,0.015,18.11,0
none,0,0,307,5.989,7.873,3.957,0.012,17.831,0
none,0,0,308,5.996,7.143,4.238,0.013,17.39,0
none,0,0,309,5.768,8.318,3.163,0.011,17.261,0
none,0,0,310,5.671,7.266,2.868,0.263,16.068,0
none,0,0,311,6.102,8.496,2.85,0.011,17.46,0
none,0,0,312,5.929,7.65,2.258,0.181,16.018,0
none,0,0,313,5.962,7.486,2.308,0.011,15.767,0
none,0,0,314,5.608,8.269,6.494,0.014,20.385,0
none,0,0,315,6.183,7.246,2.871,0.012,16.311,0
none,0,0,316,6.363,10.332,2.569,0.186,19.451,0
none,0,0,317,5.896,7.41,2.875,0.012,16.193,0
none,0,0,318,5.663,7.565,3.285,0.013,16.525,0
none,0,0,319,5.642,8.38,2.944,0.012,16.978,0
none,0,0,320,5.727,10.474,3.428,0.012,19.641,0
none,0,0,321,5.733,7.69,2.983,0.124,16.531,0
none,0,0,322,5.706,7.178,2.626,0.012,15.521,0
none,0,0,323,5.932,7.164,4.146,0.259,17.5,0
none,0,0,324,5.749,8.297,3.652,0.016,17.713,0
none,0,0,325,6.167,7.812,3.226,0.156,17.362,0
none,0,0,326,5.926,7.195,3.44,0.012,16.573,0
none,0,0,327,5.931,7.274,3.174,0.343,16.722,0
none,0,0,328,5.875,7.185,4.682,0.015,17.757,0
none,0,0,329,5.771,7.913,2.758,0.011,16.453,0
none,0,0,330,5.727,7.432,3.196,0.012,16.368,0
none,0,0,331,5.84,7.625,2.587,0.135,16.187,0
none,0,0,332,6.009,7.422,2.628,0.011,16.07,0
none,0,0,333,5.965,7.037,2.518,0.013,15.533,0
none,0,0,334,6.241,7.421,2.884,0.119,16.664,0
none,0,0,335,5.893,8.133,3.252,0.013,17.29,0
none,0,0,336,6.889,6.947,3.297,0.012,17.145,0
none,0,0,337,6.022,7.579,3.765,0.014,17.379,0
none,0,0,338,5.789,7.378,2.913,0.022,16.102,0
none,0,0,339,5.724,9.213,4.422,0.014,19.373,0
none,0,0,340,5.754,7.769,3.248,0.014,16.786,0
none,0,0,341,5.972,8.884,3.295,0.15,18.302,0
none,0,0,342,5.79,7.637,3.47,0.013,16.912,0
none,0,0,343,6.081,8.206,3.069,0.012,17.368,0
none,0,0,344,5.876,8.239,5.469,0.011,19.596,0
none,0,0,345,5.726,7.704,3.628,0.014,17.072,0
none,0,0,346,5.857,8.324,3.85,0.015,18.045,0
none,0,0,347,5.985,7.619,3.058,0.012,16.674,0
none,0,0,348,5.862,7.802,2.818,0.012,16.495,0
none,0,0,349,6.046,7.099,3.545,0.012,16.701,0
none,0,0,350,6.009,7.965,2.852,0.013,16.839,0
none,0,0,351,5.794,8.201,5.132,0.175,19.302,0
none,0,0,352,5.87,7.324,3.29,0.192,16.676,0
none,0,0,353,5.847,8.943,7.037,0.015,21.842,0
none,0,0,354,5.868,9.335,5.931,0.013,21.147,0
none,0,0,355,5.929,9.063,3.024,0.015,18.032,0
none,0,0,356,5.796,7.469,8.699,0.012,21.976,0
none,0,0,357,5.838,7.989,2.667,0.012,16.506,0
none,0,0,358,5.686,10.762,3.889,0.014,20.351,0
none,0,0,359,5.824,9.453,3.137,0.013,18.427,0
none,0,0,360,6.275,7.919,4.339,0.011,18.543,0
none,0,0,361,5.807,8.407,3.377,0.012,17.603,0
none,0,0,362,5.755,7.646,3.46,0.266,17.126,0
none,0,0,363,5.713,7.246,4.272,0.015,17.246,0
none,0,0,364,5.988,7.926,3.468,0.011,17.393,0
none,0,0,365,5.761,7.013,3.394,0.015,16.183,0
none,0,0,366,6.098,7.36,2.343,0.012,15.812,0
none,0,0,367,6.075,7.057,1.566,0.174,14.872,0
none,0,0,368,5.902,7.904,3.912,0.165,17.883,0
none,0,0,369,5.793,7.2,5.244,0.298,18.534,0
none,0,0,370,5.865,8.586,5.643,0.013,20.107,0
none,0,0,371,6.17,8.545,6.252,0.015,20.982,0
none,0,0,372,5.882,8.323,3.122,0.039,17.367,0
none,0,0,373,5.739,8.423,4.69,0.118,18.97,0
none,0,0,374,5.91,8.875,4.65,0.013,19.447,0
none,0,0,375,5.853,8.484,5.273,0.605,20.214,0
none,0,0,376,5.871,6.961,2.326,0.126,15.283,0
none,0,0,377,5.716,7.488,4.78,0.013,17.998,0
none,0,0,378,5.766,7.009,3.844,0.011,16.63,0
none,0,0,379,5.803,6.99,4.962,0.012,17.766,0
none,0,0,380,6.703,7.138,2.383,0.12,16.344,0
none,0,0,381,5.777,7.763,2.722,0.013,16.275,0
none,0,0,382,5.907,7.072,3.463,0.143,16.585,0
none,0,0,383,5.66,7.032,3.655,0.014,16.361,0
none,0,0,384,5.916,7.052,3.68,0.012,16.66,0
none,0,0,385,5.736,7.024,3.762,0.013,16.535,0
none,0,0,386,5.74,7.283,3.212,0.014,16.249,0
none,0,0,387,7.353,8.796,4.102,0.01,20.262,0
none,0,0,388,6.37,8.028,4.285,0.014,18.697,0
none,0,0,389,5.601,7.17,4.2,0.142,17.112,0
none,0,0,390,5.551,7.632,3.222,0.016,16.42,0
none,0,0,391,5.744,7.268,2.836,0.011,15.86,0
none,0,0,392,8.082,7.807,5.505,0.012,21.406,0
none,0,0,393,5.615,9.378,3.997,0.14,19.13,0
none,0,0,394,5.905,7.35,3.128,0.013,16.396,0
none,0,0,395,5.859,7.569,3.572,0.013,17.013,0
none,0,0,396,5.588,7.681,3.588,0.015,16.872,0
none,0,0,397,5.606,7.32,3.506,0.013,16.445,0
none,0,0,398,5.633,7.453,3.111,0.016,16.213,0
none,0,0,399,5.755,6.938,3.094,0.013,15.8,0
none,0,0,400,7.098,7.071,3.559,0.012,17.741,0
none,0,0,401,5.765,7.228,4.166,0.014,17.173,0
none,0,0,402,5.813,7.764,3.697,0.157,17.431,0
none,0,0,403,5.703,7.407,3.525,0.011,16.646,0
none,0,0,404,5.636,8.663,3.032,0.013,17.344,0
none,0,0,405,5.908,7.169,2.808,0.012,15.897,0
none,0,0,406,5.867,7.973,4.341,0.012,18.193,0
none,0,0,407,5.666,7.762,3.656,0.014,17.098,0
none,0,0,408,5.918,7.805,5.078,0.014,18.816,0
none,0,0,409,5.944,7.297,3.343,0.012,16.595,0
none,0,0,410,5.619,7.518,5.245,0.012,18.394,0
none,0,0,411,5.688,8.42,3.567,0.011,17.686,0
none,0,0,412,5.707,7.509,3.152,0.011,16.38,0
none,0,0,413,5.83,7.684,5.284,0.147,18.946,0
none,0,0,414,5.712,8.166,3.2,0.013,17.091,0
none,0,0,415,5.624,7.38,3.096,0.012,16.112,0
none,0,0,416,6.659,7.368,3.16,0.012,17.198,0
none,0,0,417,6.034,7.287,2.857,0.011,16.188,0
none,0,0,418,6.057,8.54,3.854,0.016,18.467,0
none,0,0,419,5.872,7.881,3.461,0.013,17.227,0
none,0,0,420,5.792,8.38,3.204,0.012,17.388,0
none,0,0,421,5.863,7.62,4.435,0.013,17.93,0
none,0,0,422,5.623,8.327,4.671,0.013,18.635,0
none,0,0,423,6.717,7.456,3.809,0.012,17.993,0
none,0,0,424,6.04,7.546,3.362,0.012,16.96,0
none,0,0,425,5.843,8.705,3.731,0.014,18.293,0
none,0,0,426,5.599,8.178,5.464,0.014,19.255,0
none,0,0,427,5.625,7.846,2.871,0.013,16.355,0
none,0,0,428,5.819,7.561,2.528,0.012,15.92,0
none,0,0,429,5.825,7.692,3.092,0.247,16.855,0
none,0,0,430,6.444,7.327,3.381,0.012,17.165,0
none,0,0,431,5.879,6.899,3.574,0.012,16.364,0
none,0,0,432,5.779,7.364,3.812,0.186,17.14,0
none,0,0,433,6.009,7.842,5.95,0.014,19.815,0
none,0,0,434,5.645,7.504,2.639,0.012,15.8,0
none,0,0,435,6.491,8.86,2.955,0.147,18.452,0
none,0,0,436,5.9,6.824,2.046,0.01,14.78,0
none,0,0,437,5.69,7.072,4.194,0.011,16.966,0
none,0,0,438,5.68,7.377,3.847,0.011,16.915,0
none,0,0,439,5.699,6.793,2.532,0.011,15.036,0
none,0,0,440,5.746,8.669,3.102,0.012,17.53,0
none,0,0,441,5.744,7.492,3.349,0.014,16.599,0
none,0,0,442,5.682,7.032,3.523,0.012,16.249,0
none,0,0,443,5.666,7.312,3.006,0.151,16.134,0
none,0,0,444,5.795,8.299,3.94,0.012,18.045,0
none,0,0,445,5.836,7.634,3.317,0.128,16.914,0
none,0,0,446,5.89,7.268,2.875,0.011,16.042,0
none,0,0,447,6.086,6.946,4.009,0.011,17.052,0
none,0,0,448,5.897,6.985,2.854,0.01,15.746,0
none,0,0,449,5.707,6.924,2.798,0.011,15.439,0
none,0,0,450,5.656,7.789,3.019,0.137,16.601,0
none,0,0,451,5.672,7.881,3.029,0.01,16.592,0
none,0,0,452,5.682,7.035,2.414,0.012,15.143,0
none,0,0,453,5.602,7.092,2.231,0.213,15.138,0
none,0,0,454,5.547,7.043,3.631,0.013,16.234,0
none,0,0,455,5.52,7.521,2.852,0.012,15.906,0
none,0,0,456,5.532,7.588,2.623,0.011,15.753,0
none,0,0,457,6.977,8.596,4.249,0.013,19.835,0
none,0,0,458,5.635,7.795,3.284,0.012,16.727,0
none,0,0,459,5.622,7.366,2.808,0.01,15.807,0
none,0,0,460,5.445,7.623,2.931,0.01,16.01,0
none,0,0,461,5.434,7.227,2.27,0.123,15.054,0
none,0,0,462,5.444,7.397,2.537,0.186,15.564,0
none,0,0,463,5.324,6.747,2.464,0.115,14.649,0
none,0,0,464,5.344,7.079,2.444,0.01,14.877,0
none,0,0,465,5.349,7.051,2.509,0.105,15.014,0
none,0,0,466,5.329,7.727,3.216,0.264,16.536,0
none,0,0,467,5.46,7.964,2.473,0.189,16.086,0
none,0,0,468,5.468,7.203,3.01,0.11,15.79,0
none,0,1,30,5.815,7.324,3.266,0.013,16.418,0
none,0,1,31,6.01,7.254,2.47,0.012,15.746,0
none,0,1,32,6.094,8.353,2.348,0.012,16.807,0
none,0,1,33,5.783,7.619,1.923,0.01,15.335,0
none,0,1,34,5.657,8.197,2.276,0.011,16.14,0
none,0,1,35,6.298,8.6,2.658,0.012,17.568,0
none,0,1,36,6.193,9.348,4.537,0.011,20.089,0
none,0,1,37,5.847,7.869,2.346,0.011,16.073,0
none,0,1,38,6.003,8.426,4.132,0.01,18.572,0
none,0,1,39,5.668,7.496,4.578,0.012,17.754,0
none,0,1,40,5.83,9.058,1.919,0.012,16.819,0
none,0,1,41,5.777,8.694,2.346,0.041,16.858,0
none,0,1,42,5.815,8.27,2.594,0.012,16.691,0
none,0,1,43,6.326,9.527,3.426,0.015,19.294,0
none,0,1,44,5.704,7.51,2.135,0.01,15.359,0
none,0,1,45,5.745,8.205,3.646,0.011,17.606,0
none,0,1,46,5.899,9.506,2.692,0.011,18.108,0
none,0,1,47,5.678,8.653,1.891,0.01,16.232,0
none,0,1,48,5.645,7.938,3.636,0.012,17.231,0
none,0,1,49,5.758,9.948,3.655,0.013,19.374,0
none,0,1,50,5.847,9.41,3.238,0.011,18.507,0
none,0,1,51,5.692,8.392,5.093,0.011,19.188,0
none,0,1,52,5.716,8.758,6.19,0.012,20.676,0
none,0,1,53,5.672,8.171,5.544,0.015,19.402,0
none,0,1,54,5.958,7.938,5.905,0.013,19.813,0
none,0,1,55,5.894,8.567,7.39,0.022,21.873,0
none,0,1,56,7.532,9.105,4.73,0.011,21.378,0
none,0,1,57,5.813,7.265,4.127,0.013,17.217,0
none,0,1,58,6.318,8.536,3.446,0.01,18.311,0
none,0,1,59,6.278,7.296,3.474,0.017,17.065,0
none,0,1,60,5.79,7.481,1.879,0.014,15.163,0
none,0,1,61,5.789,7.195,3.933,0.013,16.93,0
none,0,1,62,5.954,7.455,2.111,0.011,15.531,0
none,0,1,63,6.381,6.975,3.359,0.01,16.726,0
none,0,1,64,5.659,10.281,2.217,0.043,18.2,0
none,0,1,65,5.905,6.924,1.592,0.01,14.431,0
none,0,1,66,5.829,7.234,4.82,0.012,17.895,0
none,0,1,67,6.081,11.216,6.342,0.012,23.65,0
none,0,1,68,5.892,8.011,2.763,0.011,16.676,0
none,0,1,69,5.713,8.586,3.135,0.015,17.449,0
none,0,1,70,6.015,8.766,4.145,0.011,18.937,0
none,0,1,71,6.049,7.937,6.759,0.014,20.759,0
none,0,1,72,6.84,8.491,5.598,0.014,20.943,0
none,0,1,73,7.481,9.543,3.547,0.012,20.584,0
none,0,1,74,5.924,8.581,5.967,0.011,20.484,0
none,0,1,75,5.687,8.162,9.287,0.011,23.146,0
none,0,1,76,5.696,8.26,3.873,0.012,17.841,0
none,0,1,77,5.767,7.616,1.651,0.011,15.044,0
none,0,1,78,5.978,7.988,3.296,0.012,17.274,0
none,0,1,79,6.053,8.432,2.956,0.011,17.452,0
none,0,1,80,6.814,7.529,1.865,0.01,16.219,0
none,0,1,81,6.723,7.314,3.367,0.014,17.418,0
none,0,1,82,5.778,7.687,3.686,0.011,17.162,0
none,0,1,83,6.223,8.236,3.524,0.012,17.996,0
none,0,1,84,5.883,7.463,3.115,0.01,16.471,0
none,0,1,85,5.896,8.122,2.25,0.013,16.281,0
none,0,1,86,6.012,7.335,2.641,0.012,16.0,0
none,0,1,87,5.783,9.689,2.487,0.015,17.973,0
none,0,1,88,5.965,10.072,3.818,0.012,19.867,0
none,0,1,89,6.037,7.925,7.605,0.011,21.578,0
none,0,1,90,5.847,7.133,1.953,0.01,14.942,0
none,0,1,91,5.726,7.0,3.769,0.01,16.505,0
none,0,1,92,5.792,7.49,3.056,0.01,16.349,0
none,0,1,93,5.743,7.118,4.391,0.012,17.265,0
none,0,1,94,5.877,8.46,2.746,0.01,17.092,0
none,0,1,95,5.838,7.484,4.467,0.013,17.8,0
none,0,1,96,5.824,9.227,2.248,0.011,17.31,0
none,0,1,97,5.992,8.098,2.201,0.01,16.301,0
none,0,1,98,5.694,7.936,2.027,0.012,15.669,0
none,0,1,99,5.767,6.921,3.23,0.011,15.929,0
none,0,1,100,5.745,9.924,2.957,0.013,18.639,0
none,0,1,101,5.716,8.246,4.164,0.011,18.137,0
none,0,1,102,5.691,7.68,3.627,0.011,17.009,0
none,0,1,103,5.7,7.948,3.0,0.012,16.659,0
none,0,1,104,5.816,7.771,7.006,0.011,20.604,0
none,0,1,105,6.761,7.305,2.903,0.011,16.981,0
none,0,1,106,5.798,7.077,4.625,0.011,17.511,0
none,0,1,107,5.743,7.042,4.865,0.012,17.664,0
none,0,1,108,7.236,8.92,1.831,0.01,17.997,0
none,0,1,109,6.281,6.902,2.119,0.011,15.313,0
none,0,1,110,5.788,8.238,1.769,0.01,15.805,0
none,0,1,111,5.642,7.306,4.951,0.011,17.91,0
none,0,1,112,5.732,6.921,3.516,0.011,16.18,0
none,0,1,113,6.545,6.775,1.267,0.012,14.599,0
none,0,1,114,5.712,8.011,1.89,0.011,15.624,0
none,0,1,115,5.829,7.595,3.03,0.01,16.464,0
none,0,1,116,6.074,7.026,6.047,0.011,19.158,0
none,0,1,117,5.904,7.866,2.095,0.012,15.877,0
none,0,1,118,5.84,8.39,3.911,0.011,18.153,0
none,0,1,119,6.199,9.278,4.662,0.014,20.152,0
none,0,1,120,5.806,8.225,4.676,0.013,18.719,0
none,0,1,121,5.918,8.932,7.064,0.011,21.925,0
none,0,1,122,5.659,7.478,3.184,0.011,16.331,0
none,0,1,123,5.929,8.272,2.376,0.012,16.588,0
none,0,1,124,8.304,7.818,1.832,0.01,17.964,0
none,0,1,125,6.709,9.189,1.64,0.009,17.547,0
none,0,1,126,6.394,9.129,1.599,0.012,17.134,0
none,0,1,127,5.795,7.918,2.516,0.01,16.239,0
none,0,1,128,5.771,8.015,1.894,0.01,15.69,0
none,0,1,129,5.783,7.584,3.049,0.01,16.426,0
none,0,1,130,7.023,7.621,2.944,0.011,17.598,0
none,0,1,131,6.946,7.811,1.364,0.009,16.131,0
none,0,1,132,5.954,6.869,1.522,0.01,14.355,0
none,0,1,133,6.029,6.994,2.755,0.013,15.79,0
none,0,1,134,5.766,7.227,3.143,0.013,16.15,0
none,0,1,135,5.845,8.625,3.364,0.011,17.845,0
none,0,1,136,5.841,8.765,4.501,0.011,19.118,0
none,0,1,137,5.795,7.676,1.252,0.011,14.733,0
none,0,1,138,5.858,7.116,5.316,0.011,18.301,0
none,0,1,139,5.687,7.439,3.855,0.01,16.991,0
none,0,1,140,5.716,8.493,3.625,0.012,17.846,0
none,0,1,141,5.843,8.015,2.483,0.011,16.352,0
none,0,1,142,5.715,7.152,4.588,0.011,17.466,0
none,0,1,143,5.971,7.897,2.98,0.011,16.859,0
none,0,1,144,5.868,7.758,2.908,0.012,16.546,0
none,0,1,145,5.788,7.683,3.954,0.01,17.435,0
none,0,1,146,5.776,7.824,2.541,0.011,16.153,0
none,0,1,147,5.881,8.019,5.447,0.01,19.357,0
none,0,1,148,5.801,10.082,3.891,0.013,19.786,0
none,0,1,149,5.814,10.207,3.542,0.012,19.575,0
none,0,1,150,6.197,7.9,1.888,0.011,15.996,0
none,0,1,151,5.864,8.763,4.304,0.012,18.943,0
none,0,1,152,6.238,8.205,2.263,0.011,16.717,0
none,0,1,153,5.734,7.475,2.423,0.01,15.642,0
none,0,1,154,5.846,7.698,3.478,0.015,17.036,0
none,0,1,155,6.095,8.116,2.228,0.014,16.453,0
none,0,1,156,5.829,8.277,2.05,0.01,16.166,0
none,0,1,157,5.708,9.253,2.308,0.02,17.289,0
none,0,1,158,5.806,8.971,2.61,0.014,17.4,0
none,0,1,159,5.713,7.79,2.124,0.012,15.639,0
none,0,1,160,7.101,8.939,3.134,0.014,19.189,0
none,0,1,161,5.738,7.756,1.638,0.011,15.143,0
none,0,1,162,6.407,7.245,1.703,0.01,15.365,0
none,0,1,163,5.645,7.265,1.939,0.012,14.861,0
none,0,1,164,5.729,7.645,2.256,0.011,15.641,0
none,0,1,165,6.738,7.141,1.931,0.014,15.824,0
none,0,1,166,5.804,7.395,1.874,0.01,15.083,0
none,0,1,167,5.658,8.263,1.521,0.01,15.452,0
none,0,1,168,5.63,8.343,1.44,0.012,15.424,0
none,0,1,169,5.841,8.091,4.343,0.012,18.287,0
none,0,1,170,5.803,8.398,2.62,0.011,16.832,0
none,0,1,171,6.025,8.339,2.051,0.011,16.426,0
none,0,1,172,6.112,8.535,2.294,0.017,16.958,0
none,0,1,173,6.307,8.614,3.289,0.015,18.225,0
none,0,1,174,6.422,8.748,2.103,0.01,17.283,0
none,0,1,175,7.05,7.592,1.645,0.01,16.298,0
none,0,1,176,5.691,10.99,2.56,0.013,19.254,0
none,0,1,177,5.874,8.013,2.353,0.013,16.253,0
none,0,1,178,5.967,7.406,1.909,0.011,15.293,0
none,0,1,179,5.701,7.587,3.148,0.013,16.448,0
none,0,1,180,5.661,8.101,1.702,0.012,15.477,0
none,0,1,181,5.789,7.511,1.567,0.01,14.877,0
none,0,1,182,5.701,7.204,3.751,0.013,16.669,0
none,0,1,183,5.91,8.55,3.337,0.011,17.808,0
none,0,1,184,5.654,8.262,3.273,0.011,17.201,0
none,0,1,185,5.771,7.803,2.086,0.011,15.671,0
none,0,1,186,5.728,7.67,2.032,0.01,15.44,0
none,0,1,187,6.097,8.003,1.983,0.01,16.092,0
none,0,1,188,5.736,7.898,2.117,0.01,15.761,0
none,0,1,189,5.854,7.175,5.562,0.01,18.601,0
none,0,1,190,5.752,8.574,2.982,0.011,17.318,0
none,0,1,191,5.872,7.099,3.99,0.011,16.972,0
none,0,1,192,7.286,7.415,2.529,0.012,17.242,0
none,0,1,193,5.909,9.895,2.047,0.013,17.864,0
none,0,1,194,6.642,7.517,2.459,0.011,16.629,0
none,0,1,195,6.553,8.231,1.701,0.01,16.495,0
none,0,1,196,6.016,7.708,3.608,0.011,17.343,0
none,0,1,197,5.974,8.057,2.634,0.012,16.678,0
none,0,1,198,5.834,7.199,2.264,0.011,15.308,0
none,0,1,199,5.884,8.286,3.298,0.01,17.477,0
none,0,1,200,6.071,7.303,3.129,0.01,16.514,0
none,0,1,201,5.905,7.927,4.144,0.012,17.987,0
none,0,1,202,6.243,9.04,5.4,0.012,20.695,0
none,0,1,203,5.734,8.676,3.707,0.014,18.13,0
none,0,1,204,5.865,7.467,1.681,0.013,15.025,0
none,0,1,205,5.72,9.3,4.159,0.014,19.193,0
none,0,1,206,5.813,8.238,1.844,0.012,15.908,0
none,0,1,207,6.105,7.204,1.42,0.012,14.741,0
none,0,1,208,6.212,7.019,1.428,0.012,14.671,0
none,0,1,209,6.113,7.215,2.599,0.011,15.938,0
none,0,1,210,6.072,7.212,3.02,0.011,16.315,0
none,0,1,211,6.246,7.943,3.387,0.012,17.588,0
none,0,1,212,5.835,7.534,2.911,0.012,16.291,0
none,0,1,213,5.727,7.441,4.221,0.012,17.401,0
none,0,1,214,6.052,6.962,3.539,0.011,16.563,0
none,0,1,215,5.667,7.105,3.005,0.01,15.787,0
none,0,1,216,5.692,7.575,1.783,0.01,15.059,0
none,0,1,217,5.906,8.126,4.274,0.011,18.317,0
none,0,1,218,5.986,7.696,2.357,0.01,16.05,0
none,0,1,219,6.055,8.503,6.865,0.011,21.433,0
none,0,1,220,5.634,8.635,5.488,0.012,19.768,0
none,0,1,221,5.769,8.381,2.316,0.013,16.48,0
none,0,1,222,5.906,10.042,3.535,0.011,19.494,0
none,0,1,223,6.233,7.451,4.271,0.01,17.966,0
none,0,1,224,5.667,7.686,2.415,0.01,15.778,0
none,0,1,225,5.775,7.213,3.535,0.014,16.537,0
none,0,1,226,5.666,7.281,1.878,0.012,14.837,0
none,0,1,227,5.712,8.209,2.87,0.009,16.8,0
none,0,1,228,5.664,7.944,1.974,0.01,15.592,0
none,0,1,229,5.639,7.968,2.501,0.01,16.118,0
none,0,1,230,5.897,7.75,2.751,0.01,16.408,0
none,0,1,231,6.987,8.052,2.722,0.012,17.774,0
none,0,1,232,6.523,7.212,2.655,0.013,16.402,0
none,0,1,233,6.592,7.511,3.021,0.01,17.135,0
none,0,1,234,6.51,7.838,3.31,0.011,17.669,0
none,0,1,235,5.911,7.804,1.749,0.01,15.474,0
none,0,1,236,5.776,10.126,2.811,0.013,18.726,0
none,0,1,237,5.678,7.785,2.777,0.011,16.25,0
none,0,1,238,7.103,6.745,2.47,0.011,16.329,0
none,0,1,239,5.989,8.449,2.977,0.012,17.427,0
none,0,1,240,5.927,7.632,1.825,0.011,15.395,0
none,0,1,241,6.086,11.413,1.757,0.01,19.267,0
none,0,1,242,6.014,8.389,2.112,0.011,16.526,0
none,0,1,243,6.401,7.419,3.029,0.012,16.86,0
none,0,1,244,6.303,8.354,3.021,0.013,17.69,0
none,0,1,245,5.87,7.182,2.588,0.011,15.651,0
none,0,1,246,5.644,7.367,5.856,0.014,18.881,0
none,0,1,247,6.065,8.24,4.924,0.01,19.239,0
none,0,1,248,7.098,7.327,2.209,0.01,16.645,0
none,0,1,249,6.027,7.081,1.523,0.01,14.642,0
none,0,1,250,5.871,7.846,2.031,0.011,15.759,0
none,0,1,251,5.918,8.37,1.452,0.01,15.749,0
none,0,1,252,5.938,7.538,3.186,0.01,16.671,0
none,0,1,253,5.824,7.185,2.495,0.009,15.514,0
none,0,1,254,5.683,8.389,3.803,0.011,17.886,0
none,0,1,255,5.854,7.454,2.226,0.025,15.56,0
none,0,1,256,6.953,8.988,5.191,0.011,21.143,0
none,0,1,257,5.689,7.849,4.847,0.013,18.399,0
none,0,1,258,5.754,8.537,3.714,0.012,18.017,0
none,0,1,259,5.648,7.957,2.854,0.015,16.473,0
none,0,1,260,5.774,8.006,2.195,0.011,15.986,0
none,0,1,261,5.757,7.999,1.51,0.012,15.278,0
none,0,1,262,5.741,8.903,1.895,0.011,16.55,0
none,0,1,263,5.68,7.378,1.567,0.011,14.637,0
none,0,1,264,5.771,8.003,2.293,0.011,16.077,0
none,0,1,265,5.905,7.042,5.157,0.013,18.116,0
none,0,1,266,5.912,10.108,2.307,0.012,18.338,0
none,0,1,267,5.873,8.711,2.552,0.012,17.148,0
none,0,1,268,5.809,7.159,3.083,0.012,16.064,0
none,0,1,269,5.721,7.054,4.336,0.013,17.124,0
none,0,1,270,5.651,7.919,2.702,0.011,16.284,0
none,0,1,271,5.665,7.499,2.821,0.01,15.995,0
none,0,1,272,5.676,8.97,2.128,0.011,16.785,0
none,0,1,273,5.816,9.935,3.415,0.01,19.176,0
none,0,1,274,5.689,9.375,2.352,0.01,17.426,0
none,0,1,275,5.841,8.103,3.27,0.011,17.224,0
none,0,1,276,5.675,10.963,3.129,0.014,19.782,0
none,0,1,277,7.43,8.943,2.008,0.011,18.392,0
none,0,1,278,5.762,7.134,3.246,0.011,16.153,0
none,0,1,279,6.039,7.664,3.363,0.011,17.076,0
none,0,1,280,5.806,7.723,1.989,0.011,15.529,0
none,0,1,281,5.758,9.025,1.733,0.011,16.526,0
none,0,1,282,5.718,7.167,2.292,0.011,15.189,0
none,0,1,283,5.984,7.797,4.499,0.01,18.29,0
none,0,1,284,5.751,7.895,3.618,0.011,17.275,0
none,0,1,285,5.83,7.456,6.345,0.012,19.642,0
none,0,1,286,5.919,8.259,1.821,0.01,16.008,0
none,0,1,287,5.784,8.92,4.088,0.01,18.803,0
none,0,1,288,6.699,8.594,2.525,0.013,17.831,0
none,0,1,289,5.765,7.212,2.491,0.013,15.482,0
none,0,1,290,7.44,7.886,4.208,0.011,19.544,0
none,0,1,291,5.7,7.751,4.042,0.012,17.505,0
none,0,1,292,5.78,7.709,3.012,0.011,16.512,0
none,0,1,293,5.772,8.136,3.314,0.01,17.232,0
none,0,1,294,5.698,7.578,2.508,0.012,15.796,0
none,0,1,295,5.845,7.664,2.159,0.011,15.679,0
none,0,1,296,5.721,7.772,2.122,0.011,15.626,0
none,0,1,297,5.842,8.827,2.128,0.012,16.807,0
none,0,1,298,6.622,8.34,3.406,0.015,18.382,0
none,0,1,299,5.764,7.614,4.044,0.011,17.433,0
none,0,1,300,5.683,7.482,3.834,0.011,17.011,0
none,0,1,301,6.215,11.341,5.242,0.011,22.809,0
none,0,1,302,5.724,8.574,3.953,0.012,18.263,0
none,0,1,303,5.711,8.32,3.13,0.012,17.172,0
none,0,1,304,5.681,9.707,1.803,0.011,17.201,0
none,0,1,305,7.215,9.353,2.239,0.011,18.819,0
none,0,1,306,7.216,7.419,3.623,0.011,18.27,0
none,0,1,307,10.708,8.167,3.126,0.014,22.016,0
none,0,1,308,5.684,7.836,2.184,0.012,15.715,0
none,0,1,309,5.712,9.085,1.985,0.01,16.792,0
none,0,1,310,5.843,6.833,1.756,0.01,14.443,0
none,0,1,311,5.81,7.165,3.841,0.016,16.832,0
none,0,1,312,7.452,7.443,2.606,0.009,17.511,0
none,0,1,313,5.703,7.374,1.941,0.01,15.028,0
none,0,1,314,5.702,8.022,2.111,0.01,15.846,0
none,0,1,315,5.904,8.149,2.279,0.01,16.342,0
none,0,1,316,5.659,7.237,3.159,0.011,16.065,0
none,0,1,317,5.824,9.515,3.392,0.016,18.746,0
none,0,1,318,5.882,8.015,3.024,0.011,16.932,0
none,0,1,319,5.676,8.444,2.938,0.011,17.069,0
none,0,1,320,5.815,7.814,4.188,0.011,17.828,0
none,0,1,321,5.782,7.879,3.02,0.01,16.691,0
none,0,1,322,5.735,7.775,3.287,0.01,16.808,0
none,0,1,323,5.835,8.449,3.013,0.011,17.307,0
none,0,1,324,5.854,9.125,2.31,0.012,17.301,0
none,0,1,325,5.808,8.298,3.544,0.022,17.672,0
none,0,1,326,6.039,7.155,1.768,0.012,14.974,0
none,0,1,327,5.91,7.296,2.742,0.011,15.958,0
none,0,1,328,5.765,7.955,2.95,0.012,16.682,0
none,0,1,329,6.069,7.352,3.011,0.012,16.443,0
none,0,1,330,5.816,7.289,3.535,0.01,16.65,0
none,0,1,331,6.721,9.585,4.556,0.011,20.873,0
none,0,1,332,6.203,7.269,3.548,0.015,17.035,0
none,0,1,333,5.807,8.49,3.121,0.011,17.429,0
none,0,1,334,6.308,7.904,2.003,0.011,16.225,0
none,0,1,335,6.173,7.183,1.546,0.011,14.912,0
none,0,1,336,5.855,7.228,3.81,0.011,16.905,0
none,0,1,337,6.854,7.19,6.732,0.015,20.791,0
none,0,1,338,5.723,7.576,1.651,0.012,14.961,0
none,0,1,339,5.634,11.027,1.983,0.015,18.658,0
none,0,1,340,6.203,8.09,1.496,0.01,15.8,0
none,0,1,341,5.765,7.669,2.478,0.011,15.923,0
none,0,1,342,5.851,7.123,1.769,0.01,14.754,0
none,0,1,343,5.694,9.715,1.542,0.011,16.962,0
none,0,1,344,6.036,7.15,4.878,0.014,18.077,0
none,0,1,345,5.774,8.351,1.856,0.013,15.993,0
none,0,1,346,5.854,7.879,1.652,0.01,15.394,0
none,0,1,347,6.243,7.285,1.888,0.011,15.427,0
none,0,1,348,6.207,9.912,1.693,0.01,17.822,0
none,0,1,349,6.129,7.502,1.834,0.012,15.477,0
none,0,1,350,6.015,9.188,2.325,0.011,17.539,0
none,0,1,351,6.087,7.849,2.228,0.012,16.176,0
none,0,1,352,6.133,9.594,3.496,0.011,19.234,0
none,0,1,353,6.147,8.087,3.72,0.009,17.963,0
none,0,1,354,6.045,8.569,4.336,0.01,18.961,0
none,0,1,355,5.667,8.113,2.374,0.011,16.165,0
none,0,1,356,5.758,8.478,5.209,0.011,19.456,0
none,0,1,357,5.709,7.738,2.618,0.011,16.077,0
none,0,1,358,5.886,9.499,3.559,0.012,18.957,0
none,0,1,359,5.868,8.318,4.613,0.012,18.81,0
none,0,1,360,6.179,7.79,2.14,0.01,16.12,0
none,0,1,361,6.986,8.36,2.131,0.011,17.488,0
none,0,1,362,6.38,7.642,1.828,0.011,15.861,0
none,0,1,363,6.622,7.065,3.344,0.014,17.044,0
none,0,1,364,5.921,7.998,3.168,0.01,17.097,0
none,0,1,365,5.703,9.231,5.767,0.012,20.714,0
none,0,1,366,5.987,9.249,3.965,0.012,19.213,0
none,0,1,367,5.746,8.782,2.347,0.013,16.888,0
none,0,1,368,5.742,8.937,2.891,0.017,17.587,0
none,0,1,369,5.898,8.046,2.773,0.01,16.727,0
none,0,1,370,5.928,8.025,2.302,0.01,16.266,0
none,0,1,371,5.711,10.214,3.836,0.012,19.773,0
none,0,1,372,6.298,8.202,2.805,0.012,17.317,0
none,0,1,373,5.858,7.34,2.874,0.015,16.087,0
none,0,1,374,5.758,8.646,4.434,0.012,18.85,0
none,0,1,375,5.834,7.005,1.584,0.01,14.432,0
none,0,1,376,5.777,7.089,6.134,0.013,19.012,0
none,0,1,377,5.677,8.509,1.551,0.01,15.747,0
none,0,1,378,6.127,7.361,1.504,0.01,15.002,0
none,0,1,379,6.057,7.951,2.267,0.011,16.287,0
none,0,1,380,5.827,7.041,2.77,0.01,15.648,0
none,0,1,381,5.841,8.656,2.243,0.011,16.752,0
none,0,1,382,5.663,8.005,2.584,0.013,16.266,0
none,0,1,383,6.137,8.733,4.357,0.012,19.238,0
none,0,1,384,5.897,8.754,2.994,0.011,17.656,0
none,0,1,385,5.69,7.902,2.263,0.011,15.865,0
none,0,1,386,6.826,10.857,3.722,0.011,21.417,0
none,0,1,387,5.696,8.247,3.148,0.012,17.104,0
none,0,1,388,5.747,8.033,2.227,0.012,16.019,0
none,0,1,389,6.95,7.283,2.284,0.012,16.528,0
none,0,1,390,6.495,7.192,1.728,0.014,15.428,0
none,0,1,391,7.365,7.347,3.452,0.012,18.176,0
none,0,1,392,5.802,7.817,2.499,0.011,16.128,0
none,0,1,393,6.087,7.785,3.894,0.012,17.778,0
none,0,1,394,5.663,7.425,1.697,0.012,14.797,0
none,0,1,395,6.003,8.408,1.519,0.012,15.943,0
none,0,1,396,5.876,7.82,2.534,0.013,16.243,0
none,0,1,397,5.739,7.003,2.486,0.011,15.239,0
none,0,1,398,5.848,9.184,3.222,0.012,18.267,0
none,0,1,399,6.719,7.074,1.526,0.011,15.331,0
none,0,1,400,5.763,7.844,4.544,0.01,18.161,0
none,0,1,401,5.659,9.509,2.828,0.011,18.006,0
none,0,1,402,5.838,7.441,3.087,0.011,16.377,0
none,0,1,403,5.802,7.995,2.832,0.011,16.64,0
none,0,1,404,5.986,8.075,2.287,0.011,16.359,0
none,0,1,405,5.77,8.375,2.951,0.01,17.105,0
none,0,1,406,5.689,8.192,4.663,0.014,18.558,0
none,0,1,407,6.053,8.872,6.465,0.015,21.405,0
none,0,1,408,5.823,8.087,2.248,0.014,16.172,0
none,0,1,409,5.817,8.264,2.613,0.011,16.705,0
none,0,1,410,5.679,9.07,3.761,0.014,18.525,0
none,0,1,411,5.799,7.577,2.979,0.012,16.367,0
none,0,1,412,5.789,8.0,5.287,0.015,19.092,0
none,0,1,413,5.885,7.856,5.539,0.012,19.292,0
none,0,1,414,5.963,7.693,3.053,0.013,16.722,0
none,0,1,415,6.123,8.328,2.3,0.015,16.767,0
none,0,1,416,6.081,6.915,4.862,0.012,17.871,0
none,0,1,417,6.04,6.967,2.589,0.011,15.606,0
none,0,1,418,5.801,7.158,2.458,0.011,15.428,0
none,0,1,419,5.948,7.501,1.577,0.01,15.037,0
none,0,1,420,5.952,8.358,1.802,0.011,16.123,0
none,0,1,421,5.8,7.932,2.127,0.012,15.87,0
none,0,1,422,5.87,7.671,2.686,0.017,16.244,0
none,0,1,423,5.82,7.557,2.382,0.011,15.771,0
none,0,1,424,5.754,8.632,3.109,0.011,17.506,0
none,0,1,425,6.009,9.542,2.882,0.013,18.446,0
none,0,1,426,5.833,8.171,3.742,0.011,17.756,0
none,0,1,427,5.828,7.647,2.461,0.01,15.946,0
none,0,1,428,5.724,7.42,2.182,0.011,15.337,0
none,0,1,429,5.811,7.545,1.805,0.011,15.172,0
none,0,1,430,5.882,7.15,3.039,0.012,16.083,0
none,0,1,431,5.895,7.569,1.887,0.011,15.362,0
none,0,1,432,6.147,7.333,2.348,0.01,15.838,0
none,0,1,433,6.105,10.332,2.467,0.012,18.916,0
none,0,1,434,5.73,7.376,2.972,0.012,16.09,0
none,0,1,435,5.856,7.922,4.117,0.01,17.904,0
none,0,1,436,5.879,7.468,1.622,0.012,14.981,0
none,0,1,437,5.814,7.364,6.429,0.01,19.617,0
none,0,1,438,5.668,7.619,1.309,0.01,14.607,0
none,0,1,439,5.899,8.012,3.158,0.01,17.079,0
none,0,1,440,5.724,7.916,5.135,0.013,18.788,0
none,0,1,441,5.791,8.706,3.603,0.01,18.111,0
none,0,1,442,5.83,7.832,2.679,0.011,16.352,0
none,0,1,443,5.979,9.841,1.56,0.011,17.392,0
none,0,1,444,6.26,7.681,2.057,0.01,16.008,0
none,0,1,445,6.1,8.214,3.506,0.011,17.831,0
none,0,1,446,6.133,6.931,2.372,0.011,15.446,0
none,0,1,447,5.724,7.15,2.644,0.015,15.533,0
none,0,1,448,5.999,7.607,2.625,0.011,16.243,0
none,0,1,449,6.205,7.345,1.698,0.01,15.258,0
none,0,1,450,6.439,7.939,1.965,0.01,16.354,0
none,0,1,451,6.744,7.089,2.956,0.014,16.804,0
none,0,1,452,6.467,8.345,2.787,0.011,17.61,0
none,0,1,453,6.164,7.998,2.03,0.011,16.203,0
none,0,1,454,5.641,7.583,3.057,0.011,16.292,0
none,0,1,455,5.63,7.762,1.597,0.01,15.0,0
none,0,1,456,6.654,6.797,3.613,0.012,17.076,0
none,0,1,457,5.891,7.387,3.222,0.011,16.512,0
none,0,1,458,5.768,7.884,1.941,0.011,15.603,0
none,0,1,459,6.158,6.717,1.537,0.009,14.422,0
none,0,1,460,5.804,7.496,2.924,0.011,16.234,0
none,0,1,461,5.62,6.851,3.529,0.01,16.011,0
none,0,1,462,5.696,7.79,2.364,0.012,15.862,0
none,0,1,463,6.118,7.513,4.309,0.011,17.95,0
none,0,1,464,5.733,7.327,2.096,0.01,15.166,0
none,0,1,465,5.743,6.834,1.997,0.011,14.584,0
none,0,1,466,6.081,7.859,1.682,0.01,15.631,0
none,0,1,467,5.757,7.34,2.46,0.01,15.567,0
none,0,1,468,5.743,6.98,1.445,0.009,14.177,0
none,0,1,469,5.703,7.13,1.369,0.01,14.212,0
none,0,1,470,5.766,7.959,1.864,0.01,15.599,0
none,0,1,471,6.235,7.804,3.701,0.011,17.75,0
none,0,1,472,5.725,7.14,1.895,0.01,14.77,0
none,0,1,473,5.744,8.736,3.345,0.015,17.84,0
none,0,1,474,5.814,7.116,2.584,0.012,15.527,0
none,0,2,30,5.996,8.36,2.19,0.01,16.557,0
none,0,2,31,5.868,8.286,2.649,0.012,16.815,0
none,0,2,32,5.876,7.695,5.961,0.011,19.543,0
none,0,2,33,5.711,8.517,2.02,0.011,16.259,0
none,0,2,34,5.711,7.916,2.656,0.012,16.296,0
none,0,2,35,5.713,7.941,2.535,0.012,16.202,0
none,0,2,36,6.044,7.686,1.716,0.01,15.456,0
none,0,2,37,5.887,7.132,2.319,0.009,15.348,0
none,0,2,38,5.719,7.02,3.166,0.011,15.916,0
none,0,2,39,6.139,7.27,2.506,0.011,15.925,0
none,0,2,40,5.736,7.223,5.898,0.014,18.872,0
none,0,2,41,5.726,7.253,1.572,0.012,14.564,0
none,0,2,42,5.671,7.593,2.979,0.011,16.254,0
none,0,2,43,5.742,8.365,4.023,0.013,18.142,0
none,0,2,44,5.881,8.278,2.778,0.013,16.949,0
none,0,2,45,7.213,9.806,2.909,0.012,19.94,0
none,0,2,46,6.536,8.512,3.434,0.012,18.494,0
none,0,2,47,6.127,10.916,3.323,0.012,20.378,0
none,0,2,48,8.266,8.832,1.684,0.011,18.794,0
none,0,2,49,5.896,8.291,2.098,0.011,16.297,0
none,0,2,50,5.75,6.964,1.972,0.011,14.697,0
none,0,2,51,5.675,7.288,3.108,0.012,16.083,0
none,0,2,52,5.717,8.825,2.832,0.011,17.384,0
none,0,2,53,5.664,8.62,2.905,0.014,17.202,0
none,0,2,54,5.708,8.621,5.392,0.015,19.736,0
none,0,2,55,5.793,8.65,5.2,0.015,19.657,0
none,0,2,56,6.052,8.072,2.845,0.015,16.984,0
none,0,2,57,6.38,6.856,2.123,0.011,15.369,0
none,0,2,58,5.832,8.22,5.451,0.014,19.517,0
none,0,2,59,6.05,9.724,3.542,0.011,19.328,0
none,0,2,60,5.68,7.173,3.539,0.016,16.409,0
none,0,2,61,5.757,7.681,2.504,0.013,15.956,0
none,0,2,62,6.772,7.966,4.47,0.011,19.22,0
none,0,2,63,6.968,7.004,2.759,0.012,16.743,0
none,0,2,64,5.802,7.89,5.055,0.011,18.758,0
none,0,2,65,6.729,7.732,1.761,0.01,16.233,0
none,0,2,66,5.699,7.472,2.722,0.012,15.905,0
none,0,2,67,5.812,8.8,3.82,0.014,18.447,0
none,0,2,68,5.739,7.967,3.788,0.011,17.506,0
none,0,2,69,6.246,8.753,2.098,0.011,17.107,0
none,0,2,70,5.761,10.328,2.108,0.012,18.209,0
none,0,2,71,5.933,7.795,2.294,0.012,16.034,0
none,0,2,72,5.634,6.899,2.02,0.011,14.563,0
none,0,2,73,5.59,7.425,3.029,0.012,16.057,0
none,0,2,74,5.734,8.489,2.148,0.017,16.387,0
none,0,2,75,6.334,9.356,6.594,0.017,22.302,0
none,0,2,76,5.639,8.086,9.026,0.014,22.764,0
none,0,2,77,5.745,8.191,8.805,0.015,22.756,0
none,0,2,78,5.665,7.902,3.05,0.012,16.629,0
none,0,2,79,5.712,7.307,1.433,0.01,14.462,0
none,0,2,80,7.658,9.779,4.282,0.012,21.731,0
none,0,2,81,5.963,8.61,4.398,0.011,18.982,0
none,0,2,82,6.186,7.222,2.147,0.011,15.566,0
none,0,2,83,5.735,8.541,2.416,0.011,16.704,0
none,0,2,84,5.777,7.529,2.959,0.013,16.278,0
none,0,2,85,6.815,8.116,3.03,0.015,17.975,0
none,0,2,86,5.777,7.424,3.174,0.013,16.388,0
none,0,2,87,5.797,8.104,3.067,0.011,16.978,0
none,0,2,88,5.857,8.282,2.087,0.01,16.236,0
none,0,2,89,5.656,8.358,4.012,0.013,18.04,0
none,0,2,90,6.016,8.179,2.624,0.015,16.834,0
none,0,2,91,5.645,7.538,3.697,0.014,16.894,0
none,0,2,92,5.611,7.649,2.79,0.013,16.062,0
none,0,2,93,6.25,7.145,1.753,0.015,15.163,0
none,0,2,94,5.542,7.614,2.129,0.01,15.296,0
none,0,2,95,6.358,8.605,2.018,0.011,16.992,0
none,0,2,96,5.806,7.18,2.208,0.011,15.205,0
none,0,2,97,5.752,7.138,3.709,0.014,16.613,0
none,0,2,98,6.678,7.084,1.87,0.01,15.643,0
none,0,2,99,5.873,6.956,2.191,0.011,15.031,0
none,0,2,100,5.634,10.196,2.102,0.01,17.942,0
none,0,2,101,5.663,8.106,1.948,0.01,15.727,0
none,0,2,102,5.662,7.785,2.059,0.011,15.516,0
none,0,2,103,5.57,7.673,2.76,0.012,16.014,0
none,0,2,104,5.656,7.988,2.895,0.011,16.551,0
none,0,2,105,5.554,7.784,3.06,0.094,16.492,0
none,0,2,106,5.581,7.817,3.469,0.016,16.883,0
none,0,2,107,6.296,7.807,4.976,0.013,19.092,0
none,0,2,108,6.135,8.589,2.911,0.011,17.647,0
none,0,2,109,5.736,8.179,1.731,0.013,15.659,0
none,0,2,110,5.635,7.966,1.132,0.01,14.743,0
none,0,2,111,5.765,7.677,2.85,0.011,16.303,0
none,0,2,112,5.802,7.943,2.594,0.012,16.352,0
none,0,2,113,5.847,8.082,5.257,0.012,19.198,0
none,0,2,114,5.875,9.71,1.963,0.011,17.559,0
none,0,2,115,5.627,7.172,1.665,0.01,14.474,0
none,0,2,116,5.587,9.554,2.421,0.013,17.575,0
none,0,2,117,5.669,7.698,1.613,0.011,14.992,0
none,0,2,118,5.659,7.166,3.601,0.012,16.438,0
none,0,2,119,5.474,7.261,1.428,0.01,14.174,0
none,0,2,120,5.76,7.318,1.966,0.012,15.056,0
none,0,2,121,7.153,7.564,4.143,0.012,18.872,0
none,0,2,122,5.788,7.964,2.007,0.013,15.772,0
none,0,2,123,5.656,7.176,3.358,0.013,16.203,0
none,0,2,124,5.513,8.318,3.524,0.011,17.365,0
none,0,2,125,5.686,8.523,3.368,0.012,17.589,0
none,0,2,126,5.632,8.35,3.899,0.012,17.894,0
none,0,2,127,7.657,8.741,7.6,0.013,24.011,0
none,0,2,128,7.137,8.61,3.205,0.013,18.964,0
none,0,2,129,5.635,6.909,2.451,0.013,15.009,0
none,0,2,130,6.119,7.862,4.791,0.013,18.785,0
none,0,2,131,5.932,7.035,2.279,0.012,15.258,0
none,0,2,132,5.66,8.939,4.191,0.012,18.803,0
none,0,2,133,5.686,7.583,3.942,0.011,17.223,0
none,0,2,134,5.678,8.226,2.807,0.011,16.722,0
none,0,2,135,5.601,7.363,2.512,0.011,15.487,0
none,0,2,136,5.868,7.203,2.243,0.013,15.327,0
none,0,2,137,5.797,7.611,1.356,0.013,14.777,0
none,0,2,138,5.84,7.531,2.905,0.011,16.287,0
none,0,2,139,5.625,7.558,4.378,0.012,17.572,0
none,0,2,140,5.585,10.152,1.926,0.012,17.676,0
none,0,2,141,6.094,7.417,1.955,0.011,15.477,0
none,0,2,142,6.079,7.708,2.125,0.011,15.924,0
none,0,2,143,6.696,7.143,2.722,0.012,16.572,0
none,0,2,144,5.734,7.131,2.386,0.011,15.262,0
none,0,2,145,5.569,8.563,1.851,0.01,15.994,0
none,0,2,146,5.901,7.011,2.105,0.012,15.029,0
none,0,2,147,5.539,8.59,1.918,0.013,16.061,0
none,0,2,148,5.617,9.281,3.685,0.014,18.597,0
none,0,2,149,6.254,7.523,3.159,0.015,16.951,0
none,0,2,150,6.17,7.449,2.375,0.013,16.007,0
none,0,2,151,6.482,7.768,1.978,0.012,16.24,0
none,0,2,152,6.375,8.53,1.472,0.011,16.389,0
none,0,2,153,5.831,7.958,4.829,0.013,18.63,0
none,0,2,154,5.982,7.788,1.935,0.011,15.716,0
none,0,2,155,5.777,7.323,3.236,0.012,16.349,0
none,0,2,156,5.757,8.111,2.377,0.034,16.28,0
none,0,2,157,5.586,9.211,2.818,0.014,17.629,0
none,0,2,158,5.73,7.126,2.403,0.014,15.274,0
none,0,2,159,6.045,7.112,3.601,0.013,16.772,0
none,0,2,160,5.705,7.67,1.874,0.011,15.26,0
none,0,2,161,5.96,7.525,1.818,0.012,15.315,0
none,0,2,162,5.612,7.548,5.651,0.012,18.824,0
none,0,2,163,5.599,7.491,3.227,0.011,16.328,0
none,0,2,164,5.559,7.937,3.916,0.013,17.424,0
none,0,2,165,5.687,8.024,2.635,0.012,16.357,0
none,0,2,166,5.586,8.505,3.923,0.013,18.027,0
none,0,2,167,5.467,10.178,1.526,0.012,17.183,0
none,0,2,168,5.571,7.79,1.484,0.01,14.856,0
none,0,2,169,5.538,8.263,1.62,0.012,15.433,0
none,0,2,170,5.495,7.169,2.914,0.011,15.589,0
none,0,2,171,5.674,8.752,1.475,0.01,15.911,0
none,0,2,172,5.635,7.692,1.565,0.01,14.902,0
none,0,2,173,5.647,7.252,2.166,0.012,15.077,0
none,0,2,174,5.549,10.758,2.751,0.012,19.07,0
none,0,2,175,5.541,7.18,1.913,0.012,14.645,0
none,0,2,176,5.575,7.295,3.645,0.014,16.529,0
none,0,2,177,6.336,7.144,4.636,0.011,18.127,0
none,0,2,178,5.485,7.045,3.716,0.011,16.258,0
none,0,2,179,5.583,7.622,2.789,0.015,16.009,0
none,0,2,180,5.779,7.614,2.601,0.013,16.008,0
none,0,2,181,5.689,8.062,2.892,0.012,16.654,0
none,0,2,182,5.56,8.254,2.005,0.011,15.83,0
none,0,2,183,5.755,8.314,1.538,0.012,15.618,0
none,0,2,184,6.072,7.514,3.142,0.013,16.74,0
none,0,2,185,5.655,7.727,2.163,0.011,15.556,0
none,0,2,186,5.839,8.301,2.315,0.011,16.467,0
none,0,2,187,5.561,7.953,1.749,0.011,15.274,0
none,0,2,188,5.502,8.129,2.558,0.014,16.204,0
none,0,2,189,5.554,7.484,2.439,0.012,15.489,0
none,0,2,190,5.562,7.206,2.25,0.011,15.03,0
none,0,2,191,5.592,6.892,1.489,0.011,13.983,0
none,0,2,192,5.507,8.114,2.656,0.011,16.287,0
none,0,2,193,5.72,8.746,1.813,0.011,16.291,0
none,0,2,194,6.119,7.047,3.749,0.014,16.929,0
none,0,2,195,6.535,6.863,3.1,0.011,16.51,0
none,0,2,196,5.622,10.003,2.289,0.011,17.924,0
none,0,2,197,5.516,7.58,1.569,0.011,14.676,0
none,0,2,198,5.728,7.279,3.77,0.014,16.79,0
none,0,2,199,5.498,7.144,3.702,0.014,16.358,0
none,0,2,200,5.495,7.203,2.608,0.013,15.318,0
none,0,2,201,5.428,7.062,1.588,0.012,14.09,0
none,0,2,202,5.665,8.225,2.137,0.01,16.037,0
none,0,2,203,5.726,7.706,5.762,0.014,19.208,0
none,0,2,204,7.24,7.993,2.303,0.012,17.548,0
none,0,2,205,5.717,7.363,2.384,0.012,15.476,0
none,0,2,206,5.784,6.972,1.647,0.011,14.413,0
none,0,2,207,5.698,8.073,1.413,0.011,15.196,0
none,0,2,208,5.645,8.917,2.372,0.014,16.947,0
none,0,2,209,5.617,7.412,2.936,0.013,15.978,0
none,0,2,210,5.611,7.009,2.638,0.012,15.27,0
none,0,2,211,5.583,9.918,3.809,0.014,19.325,0
none,0,2,212,5.564,7.169,2.695,0.014,15.441,0
none,0,2,213,6.504,6.964,1.482,0.012,14.962,0
none,0,2,214,5.597,6.835,1.44,0.01,13.882,0
none,0,2,215,6.631,7.747,5.52,0.014,19.912,0
none,0,2,216,5.564,7.166,4.195,0.012,16.938,0
none,0,2,217,5.426,7.176,4.574,0.015,17.191,0
none,0,2,218,5.451,7.176,2.313,0.012,14.953,0
none,0,2,219,5.624,9.701,1.816,0.012,17.153,0
none,0,2,220,5.52,7.372,4.876,0.014,17.781,0
none,0,2,221,5.46,7.544,2.445,0.012,15.462,0
none,0,2,222,5.75,7.438,2.76,0.014,15.962,0
none,0,2,223,5.559,7.998,5.226,0.012,18.795,0
none,0,2,224,5.637,8.392,4.164,0.013,18.206,0
none,0,2,225,5.551,10.598,6.189,0.012,22.35,0
none,0,2,226,5.51,7.404,4.336,0.014,17.264,0
none,0,2,227,5.55,8.644,2.985,0.016,17.196,0
none,0,2,228,5.704,7.433,3.248,0.012,16.397,0
none,0,2,229,5.458,7.241,3.471,0.011,16.182,0
none,0,2,230,5.752,8.039,2.107,0.011,15.908,0
none,0,2,231,5.659,7.931,2.482,0.011,16.084,0
none,0,2,232,5.754,7.659,2.864,0.011,16.289,0
none,0,2,233,5.889,8.274,2.311,0.013,16.487,0
none,0,2,234,5.926,8.074,3.246,0.015,17.26,0
none,0,2,235,5.641,7.939,2.792,0.013,16.385,0
none,0,2,236,5.602,7.73,1.639,0.011,14.983,0
none,0,2,237,5.621,6.765,1.599,0.013,13.998,0
none,0,2,238,6.0,7.296,2.166,0.013,15.475,0
none,0,2,239,5.664,7.136,2.963,0.012,15.774,0
none,0,2,240,5.735,6.935,3.829,0.013,16.512,0
none,0,2,241,5.541,8.499,1.402,0.011,15.453,0
none,0,2,242,5.677,7.717,2.645,0.013,16.052,0
none,0,2,243,6.252,8.349,2.005,0.014,16.621,0
none,0,2,244,6.056,8.253,3.228,0.014,17.551,0
none,0,2,245,6.958,9.111,3.325,0.014,19.407,0
none,0,2,246,5.805,7.395,2.41,0.015,15.625,0
none,0,2,247,6.441,7.441,2.098,0.011,15.991,0
none,0,2,248,5.661,8.217,1.899,0.01,15.787,0
none,0,2,249,5.733,7.757,1.58,0.01,15.079,0
none,0,2,250,5.67,7.218,2.759,0.012,15.659,0
none,0,2,251,5.947,7.805,4.216,0.012,17.979,0
none,0,2,252,5.701,7.194,3.93,0.012,16.839,0
none,0,2,253,5.68,7.023,3.543,0.012,16.258,0
none,0,2,254,5.594,7.92,2.925,0.013,16.451,0
none,0,2,255,8.114,7.315,1.674,0.011,17.115,0
none,0,2,256,5.733,7.296,1.88,0.01,14.919,0
none,0,2,257,5.725,7.197,2.214,0.011,15.147,0
none,0,2,258,5.56,8.536,2.81,0.011,16.916,0
none,0,2,259,5.548,7.331,3.23,0.011,16.12,0
none,0,2,260,6.291,7.451,2.61,0.012,16.364,0
none,0,2,261,6.312,8.982,2.753,0.012,18.059,0
none,0,2,262,5.791,8.066,3.633,0.012,17.502,0
none,0,2,263,5.687,8.98,3.171,0.013,17.852,0
none,0,2,264,5.813,8.143,7.133,0.014,21.103,0
none,0,2,265,5.677,8.978,4.465,0.015,19.135,0
none,0,2,266,5.868,8.272,2.17,0.011,16.32,0
none,0,2,267,5.685,7.639,4.677,0.011,18.011,0
none,0,2,268,5.745,7.222,1.66,0.01,14.637,0
none,0,2,269,5.59,7.835,3.375,0.012,16.811,0
none,0,2,270,5.668,7.256,1.566,0.011,14.5,0
none,0,2,271,7.381,7.532,1.811,0.011,16.735,0
none,0,2,272,6.076,8.272,2.915,0.012,17.275,0
none,0,2,273,6.037,7.709,3.713,0.012,17.47,0
none,0,2,274,6.763,7.731,2.381,0.012,16.886,0
none,0,2,275,6.183,7.209,2.93,0.012,16.333,0
none,0,2,276,5.927,7.092,3.8,0.011,16.831,0
none,0,2,277,5.613,7.53,3.049,0.012,16.204,0
none,0,2,278,5.763,8.099,4.021,0.011,17.894,0
none,0,2,279,5.8,8.489,1.26,0.01,15.559,0
none,0,2,280,5.805,7.279,1.949,0.01,15.043,0
none,0,2,281,5.676,8.194,4.733,0.011,18.613,0
none,0,2,282,5.578,7.814,2.35,0.012,15.753,0
none,0,2,283,5.75,8.236,2.411,0.011,16.408,0
none,0,2,284,9.137,7.754,2.025,0.012,18.929,0
none,0,2,285,5.632,7.056,2.16,0.011,14.859,0
none,0,2,286,5.672,7.174,2.992,0.011,15.848,0
none,0,2,287,5.836,10.061,2.917,0.011,18.824,0
none,0,2,288,5.678,8.522,2.043,0.012,16.255,0
none,0,2,289,5.875,7.591,2.281,0.013,15.76,0
none,0,2,290,5.729,9.58,3.05,0.016,18.375,0
none,0,2,291,5.624,7.679,3.797,0.011,17.112,0
none,0,2,292,5.616,7.366,1.565,0.012,14.56,0
none,0,2,293,5.683,7.104,1.898,0.012,14.697,0
none,0,2,294,5.535,7.528,3.089,0.013,16.164,0
none,0,2,295,5.552,8.434,2.336,0.034,16.357,0
none,0,2,296,5.689,8.223,1.97,0.023,15.905,0
none,0,2,297,5.591,7.309,2.763,0.01,15.673,0
none,0,2,298,5.753,7.803,1.643,0.012,15.211,0
none,0,2,299,5.722,7.879,3.467,0.013,17.081,0
none,0,2,300,5.629,9.47,2.725,0.013,17.837,0
none,0,2,301,5.654,9.546,3.423,0.014,18.636,0
none,0,2,302,5.617,7.701,1.79,0.013,15.12,0
none,0,2,303,5.564,8.429,1.85,0.011,15.855,0
none,0,2,304,5.612,8.574,1.873,0.012,16.071,0
none,0,2,305,5.759,8.352,2.11,0.011,16.231,0
none,0,2,306,5.718,7.063,1.95,0.011,14.741,0
none,0,2,307,5.692,8.935,1.377,0.017,16.021,0
none,0,2,308,5.894,7.122,2.971,0.013,16.0,0
none,0,2,309,5.541,7.147,1.891,0.011,14.59,0
none,0,2,310,5.479,7.89,3.306,0.015,16.69,0
none,0,2,311,5.937,8.614,4.099,0.013,18.663,0
none,0,2,312,5.611,9.781,2.924,0.011,18.328,0
none,0,2,313,5.522,10.689,3.034,0.012,19.257,0
none,0,2,314,5.415,10.634,4.509,0.012,20.57,0
none,0,2,315,5.904,10.187,1.476,0.01,17.577,0
none,0,2,316,5.569,9.688,4.793,0.013,20.062,0
none,0,2,317,5.638,8.761,2.427,0.014,16.839,0
none,0,2,318,5.547,8.348,5.057,0.017,18.969,0
none,0,2,319,5.547,9.612,2.437,0.012,17.608,0
none,0,2,320,5.696,7.584,2.975,0.011,16.266,0
none,0,2,321,5.425,7.104,3.523,0.011,16.062,0
none,0,2,322,5.784,7.491,1.793,0.01,15.078,0
none,0,2,323,5.749,9.064,1.446,0.011,16.271,0
none,0,2,324,5.502,10.001,3.146,0.012,18.66,0
none,0,2,325,6.261,7.839,4.47,0.013,18.583,0
none,0,2,326,6.25,7.196,1.334,0.011,14.791,0
none,0,2,327,6.258,7.508,2.068,0.012,15.846,0
none,0,2,328,5.481,8.965,3.221,0.013,17.681,0
none,0,2,329,5.536,7.314,2.825,0.012,15.688,0
none,0,2,330,5.481,7.804,1.435,0.01,14.731,0
none,0,2,331,5.388,9.924,2.232,0.014,17.557,0
none,0,2,332,5.436,9.501,1.422,0.012,16.371,0
none,0,2,333,5.659,8.139,2.177,0.011,15.986,0
none,0,2,334,5.968,7.514,2.78,0.012,16.273,0
none,0,2,335,5.56,7.892,2.452,0.012,15.916,0
none,0,2,336,5.468,8.712,1.81,0.011,16.001,0
none,0,2,337,5.58,7.16,2.527,0.012,15.278,0
none,0,2,338,5.536,8.777,2.344,0.011,16.667,0
none,0,2,339,5.49,7.245,2.938,0.012,15.684,0
none,0,2,340,5.775,9.523,2.091,0.011,17.4,0
none,0,2,341,7.666,9.489,2.546,0.012,19.712,0
none,0,2,342,5.534,7.677,1.949,0.012,15.172,0
none,0,2,343,5.445,8.838,1.478,0.011,15.772,0
none,0,2,344,5.421,8.255,1.766,0.012,15.454,0
none,0,2,345,5.392,7.736,4.127,0.012,17.267,0
none,0,2,346,5.469,8.486,4.943,0.012,18.91,0
none,0,2,347,5.407,8.031,3.146,0.012,16.595,0
none,0,2,348,5.341,8.386,2.216,0.011,15.955,0
none,0,2,349,5.529,8.054,3.022,0.014,16.62,0
none,0,2,350,5.459,7.406,2.46,0.013,15.338,0
none,0,2,351,5.437,7.907,2.535,0.013,15.892,0
none,0,2,352,5.465,7.354,1.991,0.01,14.819,0
none,0,2,353,5.58,6.904,3.073,0.011,15.568,0
none,0,2,354,5.645,8.762,2.13,0.053,16.59,0
none,0,2,355,5.309,8.31,1.702,0.012,15.333,0
none,0,2,356,5.471,7.757,2.501,0.011,15.741,0
none,0,2,357,5.712,7.134,2.228,0.012,15.086,0
none,0,2,358,5.492,10.365,1.806,0.012,17.675,0
none,0,2,359,5.792,7.103,4.866,0.014,17.775,0
none,0,2,360,6.544,7.897,2.837,0.011,17.289,0
none,0,2,361,5.633,8.548,1.518,0.015,15.714,0
none,0,2,362,5.436,8.994,2.68,0.013,17.122,0
none,0,2,363,5.7,7.059,1.277,0.014,14.05,0
none,0,2,364,5.423,7.285,2.405,0.014,15.127,0
none,0,2,365,5.637,8.661,1.751,0.013,16.062,0
none,0,2,366,5.411,8.682,1.652,0.011,15.757,0
none,0,2,367,5.543,8.861,2.738,0.015,17.156,0
none,0,2,368,7.859,8.132,5.633,0.028,21.652,0
none,0,2,369,5.374,8.907,8.073,0.014,22.367,0
none,0,2,370,5.774,7.857,3.737,0.011,17.379,0
none,0,2,371,5.741,9.695,1.885,0.012,17.333,0
none,0,2,372,6.23,7.705,1.652,0.012,15.599,0
none,0,2,373,5.312,8.214,1.344,0.011,14.882,0
none,0,2,374,5.463,7.703,1.76,0.013,14.939,0
none,0,2,375,5.411,8.627,4.398,0.015,18.452,0
none,0,2,376,5.411,7.585,5.47,0.015,18.481,0
none,0,2,377,5.433,10.463,1.947,0.013,17.855,0
none,0,2,378,5.538,6.985,2.03,0.012,14.565,0
none,0,2,379,5.77,7.219,2.557,0.011,15.557,0
none,0,2,380,5.506,7.707,2.482,0.011,15.706,0
none,0,2,381,5.535,9.586,4.734,0.013,19.867,0
none,0,2,382,5.901,7.987,2.751,0.014,16.653,0
none,0,2,383,5.93,7.563,3.052,0.012,16.556,0
none,0,2,384,5.528,7.474,2.031,0.011,15.045,0
none,0,2,385,5.43,8.399,2.185,0.012,16.026,0
none,0,2,386,5.986,7.085,3.141,0.013,16.224,0
none,0,2,387,5.67,6.947,2.724,0.011,15.351,0
none,0,2,388,5.578,8.883,1.679,0.012,16.152,0
none,0,2,389,5.478,7.005,2.08,0.011,14.574,0
none,0,2,390,6.402,7.27,2.206,0.011,15.889,0
none,0,2,391,5.51,8.741,1.65,0.011,15.913,0
none,0,2,392,5.643,7.551,1.842,0.011,15.046,0
none,0,2,393,5.736,8.07,2.106,0.012,15.924,0
none,0,2,394,5.81,8.643,3.648,0.016,18.117,0
none,0,2,395,5.487,9.004,2.616,0.015,17.122,0
none,0,2,396,5.467,9.707,2.503,0.011,17.688,0
none,0,2,397,5.541,11.441,2.709,0.015,19.706,0
none,0,2,398,5.428,10.621,4.527,0.013,20.59,0
none,0,2,399,5.361,8.109,4.075,0.012,17.557,0
none,0,2,400,6.154,8.008,2.225,0.012,16.398,0
none,0,2,401,5.379,8.86,3.447,0.014,17.7,0
none,0,2,402,5.366,10.64,3.382,0.012,19.4,0
none,0,2,403,5.372,7.188,4.119,0.012,16.691,0
none,0,2,404,5.492,7.826,1.641,0.012,14.972,0
none,0,2,405,5.349,7.791,1.991,0.013,15.144,0
none,0,2,406,5.506,7.844,1.631,0.011,14.992,0
none,0,2,407,5.514,7.662,3.98,0.014,17.169,0
none,0,2,408,6.116,8.159,1.837,0.011,16.124,0
none,0,2,409,5.866,7.89,3.263,0.013,17.032,0
none,0,2,410,6.671,7.34,1.693,0.012,15.716,0
none,0,2,411,5.931,7.727,1.795,0.011,15.464,0
none,0,2,412,5.785,7.153,5.35,0.012,18.3,0
none,0,2,413,5.431,6.937,2.239,0.01,14.618,0
none,0,2,414,5.691,7.29,2.853,0.012,15.847,0
none,0,2,415,5.554,7.873,3.813,0.011,17.252,0
none,0,2,416,5.385,9.41,6.258,0.015,21.068,0
none,0,2,417,5.439,7.675,2.81,0.01,15.934,0
none,0,2,418,5.524,7.411,5.732,0.016,18.684,0
none,0,2,419,6.652,8.187,3.537,0.012,18.388,0
none,0,2,420,5.611,9.539,1.424,0.011,16.585,0
none,0,2,421,5.617,8.339,4.956,0.017,18.929,0
none,0,2,422,5.532,7.851,1.851,0.012,15.245,0
none,0,2,423,5.473,7.9,2.308,0.015,15.696,0
none,0,2,424,5.544,7.55,1.583,0.01,14.687,0
none,0,2,425,5.828,8.107,4.016,0.011,17.961,0
none,0,2,426,5.973,7.66,1.613,0.011,15.257,0
none,0,2,427,5.82,7.728,2.113,0.013,15.675,0
none,0,2,428,5.579,7.985,2.679,0.013,16.256,0
none,0,2,429,5.549,7.186,1.964,0.011,14.71,0
none,0,2,430,5.892,7.386,2.551,0.013,15.842,0
none,0,2,431,5.938,7.169,1.974,0.011,15.091,0
none,0,2,432,5.542,7.214,4.043,0.012,16.81,0
none,0,2,433,5.602,8.26,1.842,0.011,15.717,0
none,0,2,434,5.507,8.192,3.437,0.012,17.148,0
none,0,2,435,5.897,10.038,2.167,0.011,18.114,0
none,0,2,436,5.998,7.158,3.42,0.012,16.588,0
none,0,2,437,5.463,7.9,2.812,0.012,16.187,0
none,0,2,438,5.703,7.026,4.349,0.013,17.09,0
none,0,2,439,5.644,7.24,1.96,0.012,14.855,0
none,0,2,440,5.567,8.14,3.254,0.012,16.974,0
none,0,2,441,5.854,8.139,4.028,0.012,18.033,0
none,0,2,442,5.866,9.952,3.097,0.011,18.926,0
none,0,2,443,5.492,7.516,2.233,0.011,15.251,0
none,0,2,444,5.414,7.6,3.344,0.011,16.368,0
none,0,2,445,5.644,8.683,6.965,0.015,21.306,0
none,0,2,446,5.62,7.199,1.729,0.011,14.559,0
none,0,2,447,5.421,8.452,1.566,0.011,15.449,0
none,0,2,448,5.422,7.776,4.052,0.014,17.264,0
none,0,2,449,6.948,7.91,3.29,0.014,18.161,0
none,0,2,450,5.84,7.488,2.203,0.014,15.545,0
none,0,2,451,5.534,9.816,2.411,0.013,17.774,0
none,0,2,452,5.445,7.605,2.059,0.011,15.121,0
none,0,2,453,5.435,7.271,2.023,0.011,14.74,0
none,0,2,454,5.484,6.747,3.392,0.013,15.636,0
none,0,2,455,5.507,8.486,2.458,0.015,16.467,0
none,0,2,456,5.794,7.676,3.416,0.014,16.9,0
none,0,2,457,5.457,9.252,5.585,0.012,20.306,0
none,0,2,458,7.006,7.8,1.955,0.013,16.775,0
none,0,2,459,5.607,9.829,3.107,0.022,18.565,0
none,0,2,460,5.539,8.662,2.75,0.013,16.964,0
none,0,2,461,6.658,7.924,2.292,0.013,16.887,0
none,0,2,462,7.013,8.66,2.136,0.011,17.82,0
none,0,2,463,5.512,8.372,2.724,0.015,16.624,0
none,0,2,464,5.394,7.551,2.001,0.013,14.96,0
none,0,2,465,5.416,7.047,1.883,0.01,14.355,0
none,0,2,466,5.457,6.907,2.019,0.01,14.393,0
none,0,2,467,5.377,6.773,1.764,0.01,13.924,0
none,0,2,468,6.848,7.844,1.878,0.011,16.581,0
none,0,2,469,5.662,7.295,1.507,0.01,14.475,0
none,0,2,470,5.402,7.211,2.784,0.011,15.407,0
none,0,2,471,5.404,7.897,2.835,0.012,16.148,0
none,0,2,472,5.639,8.829,2.199,0.013,16.68,0
none,0,2,473,5.829,7.256,1.507,0.011,14.603,0
none,0,2,474,5.383,7.748,4.636,0.015,17.782,0
none,0,3,30,5.682,8.565,2.087,0.011,16.344,0
none,0,3,31,5.73,7.295,4.528,0.011,17.564,0
none,0,3,32,5.791,7.13,2.255,0.01,15.186,0
none,0,3,33,5.646,7.461,3.954,0.011,17.072,0
none,0,3,34,5.519,7.458,2.285,0.01,15.271,0
none,0,3,35,5.535,8.703,2.098,0.01,16.346,0
none,0,3,36,5.39,9.028,3.377,0.012,17.806,0
none,0,3,37,5.291,8.552,2.98,0.015,16.837,0
none,0,3,38,5.472,7.707,3.596,0.019,16.794,0
none,0,3,39,5.373,7.762,8.505,0.012,21.652,0
none,0,3,40,5.25,8.269,3.149,0.01,16.678,0
none,0,3,41,5.298,7.804,3.149,0.011,16.262,0
none,0,3,42,5.849,8.792,5.933,0.011,20.585,0
none,0,3,43,5.337,8.04,4.952,0.012,18.342,0
none,0,3,44,5.303,8.3,2.332,0.011,15.946,0
none,0,3,45,5.28,8.804,4.016,0.011,18.111,0
none,0,3,46,5.237,8.946,1.81,0.01,16.003,0
none,0,3,47,5.562,8.996,2.013,0.011,16.582,0
none,0,3,48,5.261,7.365,4.353,0.016,16.995,0
none,0,3,49,5.794,8.623,6.133,0.012,20.561,0
none,0,3,50,5.267,8.011,3.176,0.011,16.465,0
none,0,3,51,5.194,7.89,2.851,0.014,15.95,0
none,0,3,52,5.419,8.712,9.934,0.013,24.078,0
none,0,3,53,6.679,7.478,5.93,0.012,20.099,0
none,0,3,54,5.339,7.873,4.923,0.011,18.145,0
none,0,3,55,5.369,8.549,7.612,0.012,21.542,0
none,0,3,56,5.556,7.46,2.633,0.011,15.66,0
none,0,3,57,5.435,7.13,1.77,0.011,14.347,0
none,0,3,58,5.34,8.679,2.259,0.011,16.289,0
none,0,3,59,5.24,8.242,4.277,0.012,17.771,0
none,0,3,60,5.274,7.202,3.792,0.01,16.279,0
none,0,3,61,5.372,8.293,1.883,0.011,15.56,0
none,0,3,62,5.25,6.96,4.903,0.011,17.123,0
none,0,3,63,5.525,7.253,4.419,0.013,17.209,0
none,0,3,64,5.504,10.069,1.971,0.012,17.556,0
none,0,3,65,5.256,7.036,3.358,0.01,15.66,0
none,0,3,66,5.496,8.654,1.568,0.01,15.729,0
none,0,3,67,6.768,9.131,1.609,0.01,17.518,0
none,0,3,68,5.331,8.168,2.808,0.01,16.317,0
none,0,3,69,5.623,7.685,5.839,0.011,19.159,0
none,0,3,70,5.348,7.576,2.971,0.01,15.906,0
none,0,3,71,5.395,9.031,3.873,0.012,18.31,0
none,0,3,72,5.552,8.278,3.997,0.014,17.84,0
none,0,3,73,5.859,10.289,6.422,0.014,22.584,0
none,0,3,74,6.445,10.791,1.511,0.012,18.758,0
none,0,3,75,5.416,9.177,5.715,0.03,20.338,0
none,0,3,76,5.432,8.336,4.733,0.014,18.515,0
none,0,3,77,5.551,9.444,1.789,0.013,16.797,0
none,0,3,78,6.366,7.153,1.619,0.01,15.148,0
none,0,3,79,7.985,6.847,1.813,0.011,16.655,0
none,0,3,80,5.791,7.695,1.876,0.012,15.374,0
none,0,3,81,5.394,8.054,3.939,0.011,17.398,0
none,0,3,82,5.631,8.764,3.986,0.012,18.393,0
none,0,3,83,5.559,6.976,2.713,0.013,15.261,0
none,0,3,84,5.51,8.874,3.126,0.017,17.527,0
none,0,3,85,5.513,8.278,1.946,0.014,15.751,0
none,0,3,86,5.719,8.377,2.006,0.014,16.117,0
none,0,3,87,5.687,8.069,1.751,0.011,15.517,0
none,0,3,88,5.496,7.78,2.176,0.01,15.462,0
none,0,3,89,5.644,7.772,2.938,0.01,16.364,0
none,0,3,90,5.625,8.588,3.041,0.014,17.268,0
none,0,3,91,5.709,7.76,4.816,0.012,18.298,0
none,0,3,92,5.51,7.865,1.384,0.011,14.77,0
none,0,3,93,5.576,8.961,2.736,0.011,17.283,0
none,0,3,94,5.514,7.125,4.665,0.013,17.317,0
none,0,3,95,5.369,7.165,4.798,0.014,17.346,0
none,0,3,96,5.825,8.13,1.929,0.013,15.897,0
none,0,3,97,5.523,7.409,2.14,0.013,15.085,0
none,0,3,98,5.959,7.49,2.234,0.011,15.694,0
none,0,3,99,5.984,7.182,1.76,0.012,14.938,0
none,0,3,100,6.399,8.123,2.297,0.01,16.83,0
none,0,3,101,5.636,7.403,1.164,0.013,14.215,0
none,0,3,102,6.124,7.948,1.745,0.01,15.827,0
none,0,3,103,5.404,7.207,2.923,0.01,15.545,0
none,0,3,104,5.407,7.361,4.017,0.011,16.797,0
none,0,3,105,5.522,7.952,3.717,0.013,17.204,0
none,0,3,106,5.509,7.263,3.286,0.011,16.07,0
none,0,3,107,5.461,7.348,2.723,0.012,15.543,0
none,0,3,108,5.793,7.915,1.525,0.012,15.244,0
none,0,3,109,5.845,7.028,2.274,0.011,15.157,0
none,0,3,110,5.577,8.166,3.196,0.012,16.951,0
none,0,3,111,6.609,8.138,2.002,0.011,16.76,0
none,0,3,112,5.673,8.268,5.977,0.013,19.931,0
none,0,3,113,5.526,7.181,3.455,0.012,16.175,0
none,0,3,114,5.517,7.77,1.832,0.011,15.131,0
none,0,3,115,5.496,7.723,2.263,0.015,15.497,0
none,0,3,116,5.543,7.929,1.735,0.011,15.218,0
none,0,3,117,6.154,7.21,1.381,0.012,14.757,0
none,0,3,118,5.404,7.217,2.722,0.011,15.354,0
none,0,3,119,5.947,8.126,2.552,0.012,16.638,0
none,0,3,120,5.591,7.391,1.923,0.01,14.915,0
none,0,3,121,5.307,7.551,1.993,0.01,14.862,0
none,0,3,122,5.513,8.299,3.24,0.011,17.062,0
none,0,3,123,5.627,8.308,1.829,0.014,15.778,0
none,0,3,124,6.029,8.052,1.562,0.012,15.655,0
none,0,3,125,7.182,12.986,3.478,0.016,23.662,0
none,0,3,126,5.532,8.218,4.529,0.056,18.335,0
none,0,3,127,5.774,7.983,1.833,0.011,15.602,0
none,0,3,128,6.133,9.555,2.474,0.011,18.174,0
none,0,3,129,7.198,7.808,2.278,0.011,17.294,0
none,0,3,130,6.152,7.187,2.893,0.012,16.244,0
none,0,3,131,7.348,7.163,2.585,0.012,17.107,0
none,0,3,132,5.936,9.094,1.602,0.011,16.643,0
none,0,3,133,5.573,7.682,2.795,0.013,16.063,0
none,0,3,134,6.674,8.242,2.251,0.012,17.18,0
none,0,3,135,5.613,7.125,3.354,0.012,16.104,0
none,0,3,136,5.302,7.037,1.817,0.011,14.167,0
none,0,3,137,5.955,8.766,1.423,0.01,16.153,0
none,0,3,138,5.306,10.186,3.638,0.016,19.146,0
none,0,3,139,5.411,9.516,2.125,0.015,17.067,0
none,0,3,140,6.098,7.257,3.904,0.012,17.271,0
none,0,3,141,5.351,7.924,2.649,0.012,15.936,0
none,0,3,142,5.451,7.874,3.324,0.012,16.662,0
none,0,3,143,5.412,8.258,3.105,0.014,16.79,0
none,0,3,144,5.49,8.552,1.702,0.01,15.755,0
none,0,3,145,5.458,8.213,1.748,0.011,15.43,0
none,0,3,146,5.488,7.817,2.112,0.014,15.431,0
none,0,3,147,5.467,8.448,1.945,0.012,15.872,0
none,0,3,148,5.298,8.207,1.831,0.013,15.349,0
none,0,3,149,5.347,8.08,2.242,0.011,15.68,0
none,0,3,150,5.435,9.148,1.491,0.011,16.084,0
none,0,3,151,5.629,7.388,6.409,0.012,19.438,0
none,0,3,152,5.793,7.011,3.707,0.012,16.523,0
none,0,3,153,6.373,7.994,4.345,0.013,18.725,0
none,0,3,154,5.57,7.075,2.444,0.017,15.106,0
none,0,3,155,5.556,8.721,1.667,0.011,15.954,0
none,0,3,156,7.288,8.6,2.246,0.011,18.145,0
none,0,3,157,5.408,8.091,3.044,0.013,16.555,0
none,0,3,158,6.498,8.267,2.457,0.016,17.238,0
none,0,3,159,7.023,7.567,2.197,0.011,16.798,0
none,0,3,160,6.045,7.939,3.834,0.011,17.829,0
none,0,3,161,5.512,8.87,3.567,0.011,17.959,0
none,0,3,162,5.415,8.827,4.562,0.011,18.815,0
none,0,3,163,5.334,7.713,2.823,0.012,15.883,0
none,0,3,164,5.67,9.221,3.743,0.015,18.65,0
none,0,3,165,5.587,7.862,2.919,0.013,16.381,0
none,0,3,166,5.482,8.975,2.466,0.011,16.934,0
none,0,3,167,5.515,7.628,1.778,0.01,14.932,0
none,0,3,168,5.454,7.841,1.323,0.01,14.629,0
none,0,3,169,5.484,7.658,2.066,0.011,15.22,0
none,0,3,170,5.422,7.854,2.632,0.011,15.919,0
none,0,3,171,5.397,7.637,3.392,0.01,16.437,0
none,0,3,172,5.488,7.084,1.792,0.011,14.376,0
none,0,3,173,5.406,7.157,1.48,0.009,14.052,0
none,0,3,174,5.426,8.514,3.364,0.01,17.314,0
none,0,3,175,6.302,8.247,4.699,0.011,19.258,0
none,0,3,176,5.507,7.342,3.318,0.011,16.177,0
none,0,3,177,6.032,7.963,3.002,0.011,17.009,0
none,0,3,178,5.446,8.11,1.863,0.011,15.43,0
none,0,3,179,5.474,7.702,2.33,0.012,15.518,0
none,0,3,180,5.512,7.995,1.668,0.01,15.185,0
none,0,3,181,5.793,7.495,2.08,0.011,15.379,0
none,0,3,182,5.521,8.411,1.381,0.01,15.323,0
none,0,3,183,5.507,7.234,2.494,0.012,15.246,0
none,0,3,184,5.656,7.88,2.079,0.011,15.625,0
none,0,3,185,5.515,7.187,3.109,0.013,15.824,0
none,0,3,186,5.443,7.153,3.079,0.011,15.687,0
none,0,3,187,5.382,7.923,2.85,0.012,16.167,0
none,0,3,188,5.545,9.664,1.534,0.012,16.756,0
none,0,3,189,5.922,8.835,1.419,0.012,16.187,0
none,0,3,190,5.469,8.668,3.006,0.015,17.158,0
none,0,3,191,5.59,6.853,3.268,0.012,15.722,0
none,0,3,192,5.625,7.127,2.7,0.011,15.462,0
none,0,3,193,5.442,9.796,1.646,0.011,16.896,0
none,0,3,194,5.607,8.059,1.619,0.01,15.295,0
none,0,3,195,5.735,7.49,1.691,0.01,14.926,0
none,0,3,196,5.543,7.398,4.181,0.011,17.133,0
none,0,3,197,5.418,8.391,1.614,0.009,15.433,0
none,0,3,198,5.969,7.385,4.007,0.01,17.372,0
none,0,3,199,5.903,7.675,1.989,0.011,15.579,0
none,0,3,200,5.853,7.38,1.862,0.012,15.106,0
none,0,3,201,5.471,8.985,1.823,0.012,16.291,0
none,0,3,202,5.559,7.838,1.66,0.011,15.068,0
none,0,3,203,5.503,7.085,1.698,0.011,14.296,0
none,0,3,204,5.65,7.575,1.906,0.01,15.141,0
none,0,3,205,5.571,7.09,1.848,0.01,14.52,0
none,0,3,206,5.816,8.279,4.161,0.014,18.27,0
none,0,3,207,5.797,7.269,2.29,0.011,15.368,0
none,0,3,208,5.605,7.234,3.212,0.013,16.064,0
none,0,3,209,5.39,10.377,1.337,0.04,17.144,0
none,0,3,210,5.356,8.167,2.615,0.011,16.149,0
none,0,3,211,5.495,7.916,2.507,0.01,15.928,0
none,0,3,212,5.43,8.107,5.806,0.012,19.355,0
none,0,3,213,5.606,8.045,5.77,0.012,19.432,0
none,0,3,214,5.658,9.474,1.798,0.011,16.941,0
none,0,3,215,5.444,8.451,1.991,0.011,15.898,0
none,0,3,216,5.845,7.439,2.017,0.013,15.314,0
none,0,3,217,5.534,8.195,5.321,0.012,19.061,0
none,0,3,218,5.906,7.13,2.686,0.011,15.734,0
none,0,3,219,5.988,7.514,1.425,0.01,14.937,0
none,0,3,220,5.881,7.387,3.294,0.011,16.572,0
none,0,3,221,5.446,6.967,2.463,0.013,14.889,0
none,0,3,222,5.498,7.136,2.846,0.011,15.491,0
none,0,3,223,5.422,9.115,3.402,0.012,17.951,0
none,0,3,224,5.575,9.0,1.632,0.013,16.22,0
none,0,3,225,5.382,7.456,2.155,0.011,15.003,0
none,0,3,226,5.455,7.692,2.976,0.013,16.136,0
none,0,3,227,5.44,8.28,2.845,0.011,16.575,0
none,0,3,228,5.59,8.353,1.992,0.01,15.945,0
none,0,3,229,5.505,7.84,2.034,0.012,15.391,0
none,0,3,230,5.584,6.969,2.061,0.011,14.625,0
none,0,3,231,6.058,6.987,1.89,0.011,14.947,0
none,0,3,232,5.402,7.243,1.981,0.012,14.639,0
none,0,3,233,5.443,7.924,2.468,0.012,15.847,0
none,0,3,234,5.381,7.243,2.733,0.013,15.371,0
none,0,3,235,5.461,10.405,2.656,0.012,18.535,0
none,0,3,236,5.436,7.086,1.718,0.01,14.25,0
none,0,3,237,5.399,10.847,1.466,0.01,17.723,0
none,0,3,238,5.434,8.22,2.04,0.011,15.705,0
none,0,3,239,5.412,8.152,3.803,0.012,17.38,0
none,0,3,240,5.846,7.669,1.756,0.012,15.283,0
none,0,3,241,5.624,7.842,2.055,0.014,15.534,0
none,0,3,242,5.533,7.832,2.377,0.012,15.754,0
none,0,3,243,5.487,7.481,1.474,0.013,14.455,0
none,0,3,244,5.456,7.093,4.027,0.015,16.591,0
none,0,3,245,6.144,7.292,3.428,0.013,16.877,0
none,0,3,246,5.853,7.179,2.233,0.013,15.277,0
none,0,3,247,5.778,7.095,3.432,0.013,16.317,0
none,0,3,248,5.908,7.195,1.454,0.011,14.568,0
none,0,3,249,5.526,7.585,2.104,0.011,15.226,0
none,0,3,250,5.528,8.598,5.92,0.014,20.06,0
none,0,3,251,5.619,7.097,3.335,0.012,16.063,0
none,0,3,252,5.374,7.224,4.936,0.012,17.547,0
none,0,3,253,8.135,7.807,4.366,0.011,20.319,0
none,0,3,254,5.464,8.93,2.106,0.011,16.511,0
none,0,3,255,5.595,7.422,2.627,0.012,15.656,0
none,0,3,256,5.643,8.06,2.743,0.011,16.456,0
none,0,3,257,5.376,7.418,2.093,0.011,14.899,0
none,0,3,258,5.528,6.903,2.278,0.01,14.718,0
none,0,3,259,5.465,8.598,2.651,0.012,16.726,0
none,0,3,260,5.381,7.019,3.227,0.013,15.64,0
none,0,3,261,5.787,7.108,3.012,0.012,15.92,0
none,0,3,262,5.428,6.84,2.074,0.012,14.352,0
none,0,3,263,5.556,8.109,5.361,0.013,19.039,0
none,0,3,264,5.52,6.93,1.519,0.01,13.979,0
none,0,3,265,5.441,8.54,2.184,0.01,16.175,0
none,0,3,266,5.447,8.437,3.813,0.02,17.717,0
none,0,3,267,5.41,7.878,1.951,0.013,15.251,0
none,0,3,268,6.542,7.675,1.805,0.01,16.033,0
none,0,3,269,6.088,7.239,1.773,0.012,15.111,0
none,0,3,270,5.93,7.065,3.731,0.011,16.736,0
none,0,3,271,5.426,8.498,1.872,0.01,15.806,0
none,0,3,272,5.607,6.894,3.117,0.011,15.628,0
none,0,3,273,5.408,6.82,1.783,0.012,14.023,0
none,0,3,274,5.495,7.169,3.535,0.012,16.212,0
none,0,3,275,6.028,8.036,6.239,0.013,20.315,0
none,0,3,276,5.504,8.317,2.868,0.011,16.7,0
none,0,3,277,5.724,7.674,2.828,0.012,16.24,0
none,0,3,278,7.467,7.072,3.668,0.011,18.218,0
none,0,3,279,5.591,7.354,3.125,0.012,16.082,0
none,0,3,280,5.653,6.962,2.129,0.011,14.755,0
none,0,3,281,5.555,8.07,1.772,0.012,15.409,0
none,0,3,282,5.45,6.862,4.249,0.012,16.573,0
none,0,3,283,5.519,7.003,1.908,0.011,14.441,0
none,0,3,284,5.384,7.85,2.879,0.011,16.125,0
none,0,3,285,5.393,7.378,2.544,0.013,15.328,0
none,0,3,286,5.428,10.972,4.02,0.013,20.433,0
none,0,3,287,5.371,9.929,1.775,0.014,17.089,0
none,0,3,288,5.54,7.194,3.428,0.012,16.174,0
none,0,3,289,5.96,8.088,3.745,0.013,17.807,0
none,0,3,290,5.881,7.056,2.419,0.012,15.368,0
none,0,3,291,5.449,7.649,1.408,0.011,14.517,0
none,0,3,292,5.474,8.845,2.963,0.013,17.296,0
none,0,3,293,5.55,7.598,3.772,0.012,16.932,0
none,0,3,294,5.388,8.047,3.328,0.012,16.774,0
none,0,3,295,5.439,8.068,1.848,0.014,15.368,0
none,0,3,296,5.409,7.219,1.772,0.01,14.41,0
none,0,3,297,5.423,8.826,1.37,0.01,15.63,0
none,0,3,298,5.403,7.172,4.131,0.011,16.717,0
none,0,3,299,6.821,6.955,1.373,0.011,15.159,0
none,0,3,300,8.738,7.468,2.498,0.013,18.717,0
none,0,3,301,5.744,6.947,3.6,0.012,16.303,0
none,0,3,302,5.906,7.202,1.86,0.012,14.979,0
none,0,3,303,5.959,10.581,2.471,0.011,19.022,0
none,0,3,304,5.679,7.722,4.497,0.011,17.908,0
none,0,3,305,5.885,7.634,3.382,0.012,16.912,0
none,0,3,306,5.644,7.468,2.438,0.011,15.562,0
none,0,3,307,5.627,8.635,1.977,0.013,16.252,0
none,0,3,308,5.516,8.031,2.948,0.021,16.517,0
none,0,3,309,5.472,7.491,4.119,0.012,17.095,0
none,0,3,310,5.495,7.947,2.951,0.011,16.404,0
none,0,3,311,6.023,7.784,4.968,0.011,18.786,0
none,0,3,312,5.752,7.931,3.605,0.015,17.303,0
none,0,3,313,6.162,8.453,3.619,0.016,18.25,0
none,0,3,314,5.407,8.172,2.521,0.011,16.112,0
none,0,3,315,5.592,7.119,1.589,0.011,14.311,0
none,0,3,316,5.462,9.51,2.887,0.011,17.871,0
none,0,3,317,5.562,9.162,2.391,0.012,17.127,0
none,0,3,318,5.616,8.649,2.311,0.014,16.591,0
none,0,3,319,5.372,8.704,1.543,0.012,15.631,0
none,0,3,320,5.659,8.468,3.315,0.011,17.453,0
none,0,3,321,5.487,8.689,4.809,0.013,18.998,0
none,0,3,322,5.516,7.695,2.259,0.012,15.481,0
none,0,3,323,5.499,7.304,1.966,0.011,14.779,0
none,0,3,324,5.739,7.12,2.347,0.015,15.222,0
none,0,3,325,5.469,6.917,4.212,0.013,16.61,0
none,0,3,326,5.477,7.784,2.066,0.015,15.342,0
none,0,3,327,5.6,7.79,1.691,0.011,15.092,0
none,0,3,328,5.688,8.085,2.083,0.014,15.869,0
none,0,3,329,5.505,7.314,3.194,0.013,16.026,0
none,0,3,330,5.779,7.409,2.504,0.012,15.704,0
none,0,3,331,5.467,8.819,2.492,0.014,16.792,0
none,0,3,332,5.457,7.098,2.953,0.01,15.519,0
none,0,3,333,5.379,8.05,1.636,0.012,15.077,0
none,0,3,334,7.553,8.551,3.915,0.013,20.032,0
none,0,3,335,5.616,8.104,1.752,0.01,15.482,0
none,0,3,336,5.621,7.396,2.595,0.01,15.623,0
none,0,3,337,5.876,7.166,2.628,0.011,15.68,0
none,0,3,338,5.574,7.51,2.461,0.013,15.557,0
none,0,3,339,5.736,7.177,1.647,0.013,14.573,0
none,0,3,340,5.781,7.736,1.584,0.011,15.112,0
none,0,3,341,5.543,7.928,3.88,0.013,17.364,0
none,0,3,342,5.555,7.994,3.901,0.011,17.461,0
none,0,3,343,5.9,9.163,2.667,0.011,17.741,0
none,0,3,344,5.476,6.685,3.19,0.012,15.363,0
none,0,3,345,5.531,7.286,2.752,0.01,15.579,0
none,0,3,346,5.47,7.224,4.059,0.013,16.766,0
none,0,3,347,5.43,7.736,4.25,0.012,17.427,0
none,0,3,348,5.389,10.406,2.126,0.011,17.932,0
none,0,3,349,5.59,7.896,2.721,0.011,16.219,0
none,0,3,350,5.594,7.764,2.149,0.012,15.519,0
none,0,3,351,5.561,8.436,2.22,0.014,16.23,0
none,0,3,352,5.473,11.459,3.314,0.013,20.258,0
none,0,3,353,5.622,8.925,1.379,0.011,15.937,0
none,0,3,354,5.622,7.16,2.523,0.013,15.317,0
none,0,3,355,5.555,7.213,2.791,0.012,15.571,0
none,0,3,356,6.061,7.284,2.775,0.012,16.131,0
none,0,3,357,5.917,7.694,3.924,0.013,17.548,0
none,0,3,358,5.973,8.555,2.09,0.011,16.629,0
none,0,3,359,6.103,7.102,2.632,0.011,15.848,0
none,0,3,360,5.43,8.656,2.172,0.014,16.271,0
none,0,3,361,5.507,8.273,2.494,0.012,16.286,0
none,0,3,362,5.491,7.256,2.753,0.012,15.512,0
none,0,3,363,6.266,7.166,2.898,0.011,16.341,0
none,0,3,364,5.689,7.873,3.533,0.012,17.106,0
none,0,3,365,5.808,8.204,2.113,0.014,16.14,0
none,0,3,366,5.591,7.939,3.098,0.017,16.645,0
none,0,3,367,5.504,7.623,4.934,0.011,18.072,0
none,0,3,368,5.471,7.754,1.621,0.012,14.857,0
none,0,3,369,5.506,9.93,3.069,0.016,18.521,0
none,0,3,370,6.625,7.939,3.655,0.015,18.235,0
none,0,3,371,5.487,8.546,2.358,0.015,16.406,0
none,0,3,372,7.508,7.604,2.006,0.012,17.13,0
none,0,3,373,5.37,7.179,2.518,0.013,15.081,0
none,0,3,374,5.6,6.936,5.87,0.015,18.421,0
none,0,3,375,5.522,7.088,2.814,0.012,15.436,0
none,0,3,376,5.444,6.95,2.746,0.011,15.15,0
none,0,3,377,5.359,6.815,3.25,0.013,15.437,0
none,0,3,378,5.431,7.082,1.725,0.01,14.248,0
none,0,3,379,5.303,8.001,3.756,0.018,17.08,0
none,0,3,380,5.46,8.229,5.134,0.016,18.839,0
none,0,3,381,6.73,8.84,4.686,0.017,20.273,0
none,0,3,382,5.434,8.102,2.345,0.011,15.892,0
none,0,3,383,5.543,8.323,4.464,0.012,18.343,0
none,0,3,384,6.537,8.687,1.543,0.01,16.777,0
none,0,3,385,6.46,7.561,3.63,0.012,17.662,0
none,0,3,386,5.497,7.942,3.487,0.012,16.936,0
none,0,3,387,5.731,7.718,3.29,0.012,16.751,0
none,0,3,388,5.497,7.746,1.996,0.012,15.251,0
none,0,3,389,5.456,7.85,1.477,0.011,14.793,0
none,0,3,390,5.43,7.85,1.628,0.011,14.919,0
none,0,3,391,5.382,7.002,1.65,0.012,14.046,0
none,0,3,392,5.33,7.866,2.012,0.011,15.219,0
none,0,3,393,5.657,8.029,3.49,0.013,17.189,0
none,0,3,394,5.366,6.989,3.075,0.012,15.442,0
none,0,3,395,5.321,7.311,1.645,0.012,14.289,0
none,0,3,396,5.436,7.897,4.403,0.013,17.749,0
none,0,3,397,5.447,6.819,3.283,0.012,15.561,0
none,0,3,398,5.23,10.278,3.393,0.014,18.915,0
none,0,3,399,5.335,6.833,2.136,0.011,14.316,0
none,0,3,400,5.342,8.205,2.231,0.01,15.788,0
none,0,3,401,5.26,8.423,4.715,0.016,18.414,0
none,0,3,402,5.548,9.394,2.972,0.011,17.925,0
none,0,3,403,5.214,9.233,1.98,0.011,16.438,0
none,0,3,404,7.086,8.785,3.492,0.012,19.375,0
none,0,3,405,5.224,7.724,2.44,0.012,15.4,0
none,0,3,406,5.3,7.793,1.593,0.011,14.697,0
none,0,3,407,5.642,7.257,1.613,0.018,14.53,0
none,0,3,408,5.313,7.033,3.254,0.012,15.612,0
none,0,3,409,5.547,8.134,1.084,0.013,14.779,0
none,0,3,410,6.477,7.994,1.066,0.013,15.549,0
none,0,3,411,5.187,7.86,3.647,0.017,16.711,0
none,0,3,412,5.75,7.949,3.117,0.013,16.829,0
none,0,3,413,6.106,8.548,1.373,0.013,16.04,0
none,0,3,414,5.339,7.826,1.982,0.013,15.16,0
none,0,3,415,5.426,9.078,1.517,0.015,16.037,0
none,0,3,416,5.269,7.307,2.08,0.011,14.666,0
none,0,3,417,6.25,6.931,2.997,0.014,16.193,0
none,0,3,418,6.361,8.778,1.716,0.011,16.866,0
none,0,3,419,6.579,6.791,2.429,0.012,15.811,0
none,0,3,420,5.326,7.376,2.145,0.014,14.86,0
none,0,3,421,5.213,7.323,1.599,0.015,14.15,0
none,0,3,422,5.254,7.708,1.809,0.019,14.79,0
none,0,3,423,5.265,7.633,1.023,0.013,13.935,0
none,0,3,424,5.332,6.759,1.44,0.012,13.543,0
none,0,3,425,5.371,7.167,1.041,0.012,13.59,0
none,0,3,426,5.28,7.64,2.247,0.013,15.181,0
none,0,3,427,5.377,8.28,3.994,0.013,17.664,0
none,0,3,428,5.313,9.653,2.231,0.012,17.21,0
none,0,3,429,5.31,8.697,4.444,0.013,18.465,0
none,0,3,430,5.433,7.738,3.978,0.019,17.168,0
none,0,3,431,5.576,7.321,2.14,0.017,15.054,0
none,0,3,432,5.249,7.433,2.538,0.01,15.23,0
none,0,3,433,5.301,7.817,5.631,0.017,18.766,0
none,0,3,434,5.184,8.386,2.405,0.013,15.988,0
none,0,3,435,5.55,7.45,2.991,0.014,16.005,0
none,0,3,436,5.155,8.147,2.837,0.015,16.154,0
none,0,3,437,5.389,7.951,6.039,0.013,19.393,0
none,0,3,438,5.425,8.462,1.19,0.012,15.089,0
none,0,3,439,5.37,9.128,5.727,0.013,20.237,0
none,0,3,440,5.248,7.686,1.978,0.01,14.922,0
none,0,3,441,5.278,7.647,3.847,0.015,16.786,0
none,0,3,442,5.188,7.922,3.116,0.014,16.239,0
none,0,3,443,5.269,7.697,2.418,0.012,15.396,0
none,0,3,444,5.315,7.7,1.707,0.013,14.735,0
none,0,3,445,5.2,7.041,1.716,0.012,13.969,0
none,0,3,446,5.868,7.926,3.534,0.02,17.348,0
none,0,3,447,5.385,7.294,1.251,0.01,13.941,0
none,0,3,448,5.163,9.254,1.851,0.012,16.279,0
none,0,3,449,5.157,7.811,1.374,0.011,14.354,0
none,0,3,450,5.17,7.7,3.687,0.011,16.568,0
none,0,3,451,6.024,9.523,2.009,0.011,17.567,0
none,0,3,452,5.497,8.257,2.326,0.013,16.094,0
none,0,3,453,6.404,7.459,3.291,0.013,17.167,0
none,0,3,454,5.186,7.235,1.838,0.011,14.27,0
none,0,3,455,5.277,7.798,1.723,0.011,14.809,0
none,0,3,456,5.275,8.557,1.992,0.013,15.837,0
none,0,3,457,5.381,6.809,4.171,0.012,16.374,0
none,0,3,458,5.427,7.191,1.642,0.012,14.272,0
none,0,3,459,5.229,7.433,1.819,0.013,14.494,0
none,0,3,460,5.196,8.285,1.486,0.011,14.979,0
none,0,3,461,5.857,7.432,1.635,0.01,14.935,0
none,0,3,462,5.34,7.715,2.231,0.01,15.296,0
none,0,3,463,5.205,7.258,3.461,0.011,15.935,0
none,0,3,464,5.25,7.458,2.881,0.013,15.603,0
none,0,3,465,5.728,6.87,2.831,0.012,15.441,0
none,0,3,466,5.185,9.499,2.262,0.012,16.958,0
none,0,3,467,5.334,7.164,4.007,0.013,16.518,0
none,0,3,468,5.406,9.704,2.184,0.013,17.307,0
none,1,0,30,5.785,8.979,4.166,0.162,19.092,0
none,1,0,31,7.25,15.413,5.87,0.181,28.715,0
none,1,0,32,6.53,9.301,3.364,0.016,19.211,0
none,1,0,33,5.793,6.914,3.84,0.016,16.562,0
none,1,0,34,5.878,6.98,3.998,0.148,17.004,0
none,1,0,35,6.489,8.717,4.41,0.263,19.879,0
none,1,0,36,7.319,8.765,8.608,0.017,24.709,0
none,1,0,37,5.746,8.201,2.726,0.013,16.686,0
none,1,0,38,6.064,7.92,5.719,0.012,19.715,0
none,1,0,39,6.122,7.037,3.45,0.012,16.62,0
none,1,0,40,5.742,10.622,3.742,0.013,20.119,0
none,1,0,41,5.813,9.577,3.341,0.123,18.854,0
none,1,0,42,5.868,7.076,4.45,0.165,17.559,0
none,1,0,43,5.859,7.084,4.055,0.142,17.14,0
none,1,0,44,6.189,8.575,6.685,0.169,21.618,0
none,1,0,45,5.743,7.366,4.511,0.186,17.806,0
none,1,0,46,5.877,10.903,3.752,0.014,20.547,0
none,1,0,47,5.977,11.14,3.934,0.148,21.199,0
none,1,0,48,5.867,7.433,4.903,0.012,18.216,0
none,1,0,49,6.206,7.595,2.661,0.129,16.591,0
none,1,0,50,6.4,8.449,2.529,0.011,17.389,0
none,1,0,51,6.121,7.43,3.091,0.012,16.653,0
none,1,0,52,5.632,7.587,2.436,0.124,15.779,0
none,1,0,53,5.61,8.294,2.813,0.012,16.729,0
none,1,0,54,5.612,8.222,4.099,0.246,18.179,0
none,1,0,55,5.772,7.64,3.627,0.154,17.193,0
none,1,0,56,5.769,9.235,5.093,0.012,20.11,0
none,1,0,57,6.515,8.529,6.584,0.178,21.807,0
none,1,0,58,5.729,7.217,2.488,0.011,15.445,0
none,1,0,59,6.275,7.108,2.248,0.012,15.644,0
none,1,0,60,5.583,6.873,5.484,0.013,17.953,0
none,1,0,61,5.542,6.932,4.262,0.013,16.749,0
none,1,0,62,6.571,7.069,2.631,0.012,16.282,0
none,1,0,63,6.489,7.173,3.207,0.152,17.021,0
none,1,0,64,6.162,7.591,2.714,0.26,16.727,0
none,1,0,65,6.17,7.335,3.696,0.146,17.347,0
none,1,0,66,6.956,7.551,2.985,0.173,17.666,0
none,1,0,67,5.724,7.156,3.58,0.014,16.475,0
none,1,0,68,5.86,7.653,4.108,0.012,17.632,0
none,1,0,69,5.689,8.108,3.027,0.135,16.959,0
none,1,0,70,6.516,7.788,2.495,0.012,16.811,0
none,1,0,71,6.362,7.091,2.297,0.011,15.76,0
none,1,0,72,6.4,7.196,1.776,0.247,15.619,0
none,1,0,73,6.61,7.826,2.867,0.011,17.315,0
none,1,0,74,6.579,7.191,2.836,0.015,16.621,0
none,1,0,75,6.386,7.578,3.431,0.012,17.407,0
none,1,0,76,6.297,7.367,3.428,0.011,17.103,0
none,1,0,77,6.408,7.28,4.149,0.013,17.85,0
none,1,0,78,5.939,7.295,2.603,0.013,15.85,0
none,1,0,79,6.058,7.341,2.654,0.013,16.066,0
none,1,0,80,6.461,7.251,3.117,0.145,16.974,0
none,1,0,81,6.242,8.407,4.132,0.014,18.794,0
none,1,0,82,6.09,7.463,2.81,0.132,16.494,0
none,1,0,83,6.258,9.362,3.431,0.139,19.189,0
none,1,0,84,6.12,8.984,3.417,0.014,18.534,0
none,1,0,85,6.028,7.568,3.12,0.391,17.107,0
none,1,0,86,6.525,10.147,7.735,0.015,24.421,0
none,1,0,87,5.622,7.474,7.732,0.276,21.104,0
none,1,0,88,5.712,8.04,3.744,0.281,17.776,0
none,1,0,89,5.682,8.329,3.533,0.146,17.691,0
none,1,0,90,5.695,9.192,5.049,0.013,19.949,0
none,1,0,91,5.727,8.131,5.687,0.161,19.706,0
none,1,0,92,5.684,9.076,3.546,0.144,18.449,0
none,1,0,93,5.653,7.937,3.471,0.222,17.283,0
none,1,0,94,5.648,7.193,3.694,0.149,16.684,0
none,1,0,95,5.923,7.479,7.419,0.288,21.109,0
none,1,0,96,5.807,8.118,2.963,0.285,17.174,0
none,1,0,97,6.497,7.85,2.693,0.329,17.369,0
none,1,0,98,6.11,8.308,4.693,0.23,19.341,0
none,1,0,99,6.509,7.458,2.75,0.162,16.88,0
none,1,0,100,5.926,7.683,4.843,0.17,18.621,0
none,1,0,101,6.098,11.43,6.461,0.254,24.243,0
none,1,0,102,8.018,7.582,5.993,0.182,21.776,0
none,1,0,103,5.928,7.305,4.541,0.182,17.956,0
none,1,0,104,7.026,7.385,6.424,0.216,21.052,0
none,1,0,105,9.088,10.925,4.992,0.732,25.738,0
none,1,0,106,7.204,7.685,8.578,0.157,23.624,0
none,1,0,107,5.779,10.401,4.439,0.164,20.783,0
none,1,0,108,9.484,8.333,4.382,0.202,22.4,0
none,1,0,109,8.965,7.59,4.486,0.17,21.21,0
none,1,0,110,5.928,7.699,6.881,0.019,20.527,0
none,1,0,111,5.86,9.938,3.386,0.185,19.368,0
none,1,0,112,6.473,8.339,5.04,0.161,20.012,0
none,1,0,113,5.723,8.296,4.544,0.013,18.577,0
none,1,0,114,6.196,7.438,6.957,0.015,20.607,0
none,1,0,115,5.848,7.344,2.701,0.136,16.029,0
none,1,0,116,8.393,7.526,3.344,0.135,19.397,0
none,1,0,117,5.934,7.193,3.591,0.014,16.732,0
none,1,0,118,6.82,6.941,2.278,0.142,16.181,0
none,1,0,119,5.957,8.457,2.754,0.014,17.182,0
none,1,0,120,6.187,7.271,2.256,0.014,15.729,0
none,1,0,121,5.884,7.215,3.858,0.161,17.119,0
none,1,0,122,7.041,8.387,6.286,0.2,21.914,0
none,1,0,123,5.753,7.613,6.612,0.271,20.249,0
none,1,0,124,5.814,7.924,6.101,0.158,19.998,0
none,1,0,125,6.044,10.247,4.428,0.184,20.902,0
none,1,0,126,6.467,7.857,3.706,0.135,18.165,0
none,1,0,127,6.249,7.444,4.276,0.14,18.109,0
none,1,0,128,5.778,7.678,3.326,0.141,16.923,0
none,1,0,129,6.449,7.545,4.109,0.178,18.282,0
none,1,0,130,6.273,6.937,3.909,0.015,17.133,0
none,1,0,131,6.128,6.841,3.272,0.237,16.478,0
none,1,0,132,6.557,7.74,4.096,0.208,18.601,0
none,1,0,133,5.893,6.99,3.759,0.181,16.823,0
none,1,0,134,10.464,7.106,3.272,0.132,20.974,0
none,1,0,135,5.941,9.556,4.745,0.165,20.406,0
none,1,0,136,5.936,7.51,4.354,0.382,18.182,0
none,1,0,137,6.662,7.998,4.092,0.012,18.765,0
none,1,0,138,7.839,8.551,7.389,0.234,24.012,0
none,1,0,139,6.419,7.248,4.365,0.233,18.265,0
none,1,0,140,6.71,7.244,3.101,0.144,17.199,0
none,1,0,141,10.52,7.068,2.855,0.136,20.579,0
none,1,0,142,7.278,7.131,3.693,0.182,18.284,0
none,1,0,143,6.78,10.132,4.046,0.225,21.183,0
none,1,0,144,7.568,6.911,3.529,0.238,18.245,0
none,1,0,145,6.614,7.361,2.575,0.33,16.881,0
none,1,0,146,8.165,7.277,4.233,0.421,20.097,0
none,1,0,147,8.27,7.51,6.737,0.608,23.125,0
none,1,0,148,6.369,7.179,2.63,0.14,16.318,0
none,1,0,149,6.161,14.645,6.012,0.269,27.088,0
none,1,0,150,6.403,7.764,3.53,0.343,18.041,0
none,1,0,151,6.113,8.105,6.01,0.029,20.258,0
none,1,0,152,6.91,8.326,6.551,0.171,21.958,0
none,1,0,153,6.954,7.651,3.083,0.145,17.832,0
none,1,0,154,5.748,9.381,3.271,0.185,18.584,0
none,1,0,155,5.828,7.929,4.873,0.174,18.805,0
none,1,0,156,5.736,7.82,4.488,0.219,18.262,0
none,1,0,157,7.061,8.836,3.931,0.133,19.961,0
none,1,0,158,7.165,7.773,4.068,0.136,19.141,0
none,1,0,159,5.831,8.081,3.754,0.29,17.955,0
none,1,0,160,5.761,7.829,3.147,0.169,16.906,0
none,1,0,161,5.965,7.578,3.984,0.264,17.79,0
none,1,0,162,6.179,7.716,4.593,1.0,19.488,0
none,1,0,163,6.872,8.05,7.826,0.181,22.93,0
none,1,0,164,5.935,8.629,5.275,0.184,20.023,0
none,1,0,165,5.906,8.93,5.153,0.168,20.157,0
none,1,0,166,6.034,8.492,4.42,0.146,19.092,0
none,1,0,167,5.729,7.78,4.751,0.238,18.498,0
none,1,0,168,6.801,7.57,3.093,0.208,17.672,0
none,1,0,169,5.761,7.12,2.674,0.135,15.69,0
none,1,0,170,6.179,7.573,2.9,0.17,16.823,0
none,1,0,171,6.292,7.897,2.963,0.139,17.29,0
none,1,0,172,5.935,7.447,3.329,0.587,17.299,0
none,1,0,173,5.951,7.683,2.916,0.027,16.577,0
none,1,0,174,6.912,7.87,5.138,0.023,19.943,0
none,1,0,175,5.913,7.854,2.811,0.323,16.901,0
none,1,0,176,7.666,7.912,14.694,1.044,31.315,0
none,1,0,177,7.409,8.63,3.562,0.157,19.759,0
none,1,0,178,7.475,7.82,4.159,0.185,19.64,0
none,1,0,179,6.47,9.192,4.168,0.194,20.025,0
none,1,0,180,9.199,9.12,6.192,0.508,25.019,0
none,1,0,181,10.492,9.839,4.326,0.163,24.82,0
none,1,0,182,6.618,6.95,5.069,0.225,18.863,0
none,1,0,183,6.075,9.943,5.411,0.245,21.674,0
none,1,0,184,10.054,8.342,3.387,0.183,21.966,0
none,1,0,185,6.824,7.98,4.629,0.421,19.854,0
none,1,0,186,7.443,9.043,5.78,0.149,22.415,0
none,1,0,187,5.641,10.691,2.806,0.879,20.018,0
none,1,0,188,6.661,7.91,4.332,0.014,18.916,0
none,1,0,189,6.886,7.078,3.667,0.029,17.66,0
none,1,0,190,5.95,6.821,5.731,0.21,18.711,0
none,1,0,191,7.22,9.007,2.46,0.204,18.89,0
none,1,0,192,5.914,8.072,3.31,0.258,17.555,0
none,1,0,193,5.775,7.082,2.865,0.011,15.733,0
none,1,0,194,6.09,7.442,3.009,0.132,16.673,0
none,1,0,195,6.837,6.853,2.535,0.558,16.783,0
none,1,0,196,5.748,7.432,3.116,0.257,16.553,0
none,1,0,197,6.287,7.966,3.543,0.138,17.935,0
none,1,0,198,5.884,7.587,3.361,0.142,16.974,0
none,1,0,199,6.285,7.82,4.161,0.143,18.41,0
none,1,0,200,5.709,7.839,3.542,0.153,17.242,0
none,1,0,201,5.676,7.905,5.101,0.15,18.832,0
none,1,0,202,5.67,7.993,4.212,0.147,18.022,0
none,1,0,203,5.747,7.604,4.629,0.138,18.118,0
none,1,0,204,5.888,7.428,4.02,0.126,17.462,0
none,1,0,205,5.593,7.712,5.786,0.359,19.451,0
none,1,0,206,6.098,6.937,2.384,0.135,15.554,0
none,1,0,207,5.663,7.287,2.34,0.011,15.301,0
none,1,0,208,5.635,9.299,2.358,0.144,17.435,0
none,1,0,209,5.718,6.988,3.037,0.127,15.87,0
none,1,0,210,5.712,7.121,2.506,0.156,15.495,0
none,1,0,211,5.93,7.646,3.021,0.142,16.74,0
none,1,0,212,5.587,7.06,4.79,0.151,17.588,0
none,1,0,213,6.697,7.269,3.783,0.011,17.76,0
none,1,0,214,6.209,7.733,3.274,0.315,17.53,0
none,1,0,215,5.847,7.839,3.285,0.127,17.098,0
none,1,0,216,5.736,7.459,4.193,0.259,17.648,0
none,1,0,217,7.045,8.738,3.069,0.207,19.058,0
none,1,0,218,6.545,8.004,3.563,0.231,18.344,0
none,1,0,219,6.955,8.202,4.119,0.127,19.402,0
none,1,0,220,6.674,7.105,3.873,0.123,17.775,0
none,1,0,221,6.909,7.065,5.29,0.164,19.428,0
none,1,0,222,5.572,7.352,3.846,0.151,16.921,0
none,1,0,223,5.835,8.343,2.567,0.266,17.01,0
none,1,0,224,5.846,7.745,3.721,0.154,17.466,0
none,1,0,225,5.814,7.334,6.304,0.135,19.587,0
none,1,0,226,6.163,7.307,3.056,0.136,16.662,0
none,1,0,227,5.7,7.199,2.38,0.122,15.401,0
none,1,0,228,5.703,8.856,2.557,0.124,17.24,0
none,1,0,229,5.921,7.474,2.465,0.012,15.871,0
none,1,0,230,5.647,6.797,3.279,0.011,15.734,0
none,1,0,231,5.701,8.428,2.889,0.14,17.157,0
none,1,0,232,6.011,8.369,4.167,0.139,18.685,0
none,1,0,233,5.608,7.414,2.839,0.441,16.302,0
none,1,0,234,5.834,8.623,2.674,0.158,17.289,0
none,1,0,235,6.406,8.27,3.758,0.39,18.824,0
none,1,0,236,6.103,8.209,4.094,0.127,18.533,0
none,1,0,237,5.864,7.674,3.997,0.125,17.66,0
none,1,0,238,5.721,7.273,5.409,0.143,18.546,0
none,1,0,239,5.558,11.297,3.488,0.141,20.483,0
none,1,0,240,5.571,8.243,3.199,0.311,17.324,0
none,1,0,241,6.708,9.784,3.27,0.139,19.901,0
none,1,0,242,6.126,7.277,3.617,0.23,17.251,0
none,1,0,243,5.927,7.25,3.68,0.373,17.23,0
none,1,0,244,6.875,7.842,2.723,0.125,17.564,0
none,1,0,245,6.112,7.036,2.375,0.209,15.732,0
none,1,0,246,6.666,8.943,2.556,0.266,18.431,0
none,1,0,247,5.759,7.723,4.257,0.153,17.892,0
none,1,0,248,5.594,8.299,3.564,0.259,17.716,0
none,1,0,249,5.625,8.144,3.969,0.28,18.019,0
none,1,0,250,5.791,7.65,4.282,0.268,17.991,0
none,1,0,251,5.947,8.063,3.754,0.242,18.006,0
none,1,0,252,6.174,7.255,4.154,0.262,17.845,0
none,1,0,253,6.414,7.055,3.656,0.122,17.247,0
none,1,0,254,5.627,7.096,3.716,0.384,16.823,0
none,1,0,255,6.198,7.745,3.73,0.012,17.685,0
none,1,0,256,6.313,7.47,1.947,0.175,15.906,0
none,1,0,257,6.085,7.033,3.575,0.126,16.819,0
none,1,0,258,5.61,8.053,3.115,0.144,16.922,0
none,1,0,259,5.758,7.019,4.072,0.136,16.985,0
none,1,0,260,5.515,7.576,2.663,0.234,15.988,0
none,1,0,261,6.254,8.244,2.695,0.152,17.345,0
none,1,0,262,7.029,7.959,3.059,0.232,18.279,0
none,1,0,263,5.591,7.404,4.464,0.168,17.627,0
none,1,0,264,5.661,7.999,6.841,0.153,20.653,0
none,1,0,265,5.846,8.13,2.744,0.189,16.91,0
none,1,0,266,5.937,7.153,2.1,0.125,15.314,0
none,1,0,267,5.736,9.709,2.482,0.121,18.048,0
none,1,0,268,5.67,7.866,2.577,0.13,16.243,0
none,1,0,269,5.94,7.108,3.385,0.152,16.585,0
none,1,0,270,5.978,7.32,3.109,0.417,16.825,0
none,1,0,271,6.099,6.928,3.924,0.403,17.354,0
none,1,0,272,5.925,9.186,3.141,0.216,18.468,0
none,1,0,273,5.862,8.86,4.975,0.215,19.912,0
none,1,0,274,5.856,8.336,2.381,0.319,16.892,0
none,1,0,275,5.739,8.256,3.767,0.149,17.911,0
none,1,0,276,5.602,7.631,1.966,0.216,15.415,0
none,1,0,277,5.598,7.229,2.088,0.137,15.051,0
none,1,0,278,5.596,8.687,2.695,0.253,17.231,0
none,1,0,279,5.572,8.602,2.702,0.135,17.01,0
none,1,0,280,5.695,8.11,2.656,0.131,16.592,0
none,1,0,281,5.624,7.099,2.699,0.133,15.554,0
none,1,0,282,5.933,7.039,5.124,0.155,18.251,0
none,1,0,283,5.782,7.316,3.818,0.012,16.928,0
none,1,0,284,5.713,7.027,2.978,0.17,15.888,0
none,1,0,285,5.854,7.069,2.175,0.124,15.222,0
none,1,0,286,5.711,7.54,2.455,0.23,15.935,0
none,1,0,287,5.898,7.261,3.504,0.213,16.877,0
none,1,0,288,6.947,7.324,2.754,0.141,17.166,0
none,1,0,289,5.93,6.934,2.243,0.012,15.119,0
none,1,0,290,5.635,7.68,3.027,0.139,16.481,0
none,1,0,291,5.542,6.997,3.171,0.14,15.849,0
none,1,0,292,5.718,8.098,4.268,0.012,18.096,0
none,1,0,293,5.615,7.515,2.015,0.113,15.257,0
none,1,0,294,5.61,8.156,5.277,0.12,19.164,0
none,1,0,295,5.735,8.374,5.886,0.217,20.211,0
none,1,0,296,5.619,7.666,2.215,0.14,15.64,0
none,1,0,297,5.7,8.488,3.328,0.134,17.65,0
none,1,0,298,5.617,7.986,5.39,0.174,19.167,0
none,1,0,299,5.808,7.957,5.39,0.136,19.291,0
none,1,0,300,5.902,7.778,6.245,0.118,20.044,0
none,1,0,301,5.759,7.13,2.833,0.138,15.86,0
none,1,0,302,5.722,8.104,5.631,0.165,19.622,0
none,1,0,303,6.358,7.763,4.277,0.238,18.635,0
none,1,0,304,6.15,7.395,2.358,0.124,16.027,0
none,1,0,305,6.027,7.192,1.667,0.01,14.896,0
none,1,0,306,6.002,7.771,2.807,0.252,16.832,0
none,1,0,307,6.476,7.182,2.32,0.321,16.299,0
none,1,0,308,6.085,8.173,3.17,0.144,17.573,0
none,1,0,309,6.137,8.046,3.804,0.166,18.153,0
none,1,0,310,5.926,7.883,3.37,0.179,17.359,0
none,1,0,311,9.139,9.044,3.517,0.146,21.846,0
none,1,0,312,5.953,8.167,3.613,0.181,17.915,0
none,1,0,313,5.711,8.583,4.077,0.168,18.54,0
none,1,0,314,6.192,8.576,2.707,0.224,17.698,0
none,1,0,315,5.976,8.653,2.561,0.013,17.203,0
none,1,0,316,6.231,8.328,5.269,0.274,20.102,0
none,1,0,317,5.861,7.247,3.868,0.14,17.116,0
none,1,0,318,5.672,7.592,3.287,0.012,16.563,0
none,1,0,319,5.892,8.328,2.673,0.012,16.905,0
none,1,0,320,5.76,7.723,3.238,0.011,16.733,0
none,1,0,321,6.346,8.084,2.582,0.131,17.143,0
none,1,0,322,5.793,8.198,7.121,0.15,21.263,0
none,1,0,323,5.786,6.878,2.4,0.216,15.28,0
none,1,0,324,5.778,7.536,2.21,0.137,15.661,0
none,1,0,325,5.763,7.514,4.391,0.125,17.793,0
none,1,0,326,6.496,7.389,5.73,0.187,19.802,0
none,1,0,327,5.8,8.332,4.124,0.128,18.384,0
none,1,0,328,6.17,7.609,3.371,0.153,17.303,0
none,1,0,329,5.802,7.918,3.227,0.649,17.595,0
none,1,0,330,5.798,8.191,3.965,0.144,18.097,0
none,1,0,331,5.784,8.905,5.526,0.183,20.398,0
none,1,0,332,5.851,8.617,3.734,0.153,18.355,0
none,1,0,333,5.862,7.464,3.31,0.581,17.217,0
none,1,0,334,5.688,8.611,3.604,0.237,18.14,0
none,1,0,335,5.776,7.473,4.131,0.162,17.542,0
none,1,0,336,5.87,7.741,3.75,0.156,17.517,0
none,1,0,337,5.808,7.209,2.984,0.14,16.14,0
none,1,0,338,5.771,7.734,2.583,0.013,16.1,0
none,1,0,339,5.723,7.584,1.668,0.172,15.147,0
none,1,0,340,5.96,6.98,3.089,0.147,16.177,0
none,1,0,341,6.736,7.685,2.663,0.227,17.312,0
none,1,0,342,5.762,7.725,4.827,0.269,18.583,0
none,1,0,343,6.848,7.4,3.421,0.127,17.797,0
none,1,0,344,5.76,7.98,2.644,0.128,16.512,0
none,1,0,345,5.811,7.57,5.36,0.254,18.995,0
none,1,0,346,5.806,8.697,8.087,0.171,22.761,0
none,1,0,347,5.769,8.506,4.639,0.142,19.056,0
none,1,0,348,5.798,6.916,2.428,0.143,15.285,0
none,1,0,349,5.708,7.433,2.973,0.262,16.376,0
none,1,0,350,5.863,7.721,3.086,0.347,17.018,0
none,1,0,351,6.012,6.891,2.505,0.14,15.548,0
none,1,0,352,5.885,7.181,2.649,0.131,15.846,0
none,1,0,353,5.919,7.226,2.795,0.121,16.06,0
none,1,0,354,6.418,7.246,3.319,0.012,16.995,0
none,1,0,355,6.348,7.71,4.759,0.179,18.996,0
none,1,0,356,6.032,6.962,2.523,0.268,15.785,0
none,1,0,357,5.989,7.042,3.483,0.27,16.785,0
none,1,0,358,6.996,6.838,2.839,0.155,16.827,0
none,1,0,359,6.315,7.999,2.642,0.337,17.293,0
none,1,0,360,5.88,7.249,2.71,0.135,15.974,0
none,1,0,361,5.899,7.987,2.714,0.013,16.612,0
none,1,0,362,5.942,7.219,5.242,0.45,18.853,0
none,1,0,363,6.261,7.845,2.397,0.124,16.627,0
none,1,0,364,5.755,7.097,3.132,0.309,16.292,0
none,1,0,365,5.753,7.121,2.667,0.013,15.554,0
none,1,0,366,5.869,7.332,3.345,0.311,16.857,0
none,1,0,367,6.375,8.746,2.754,0.148,18.023,0
none,1,0,368,6.145,7.351,2.994,0.158,16.649,0
none,1,0,369,5.806,8.361,4.502,0.174,18.844,0
none,1,0,370,5.94,7.718,3.288,0.262,17.209,0
none,1,0,371,6.196,8.409,3.373,0.139,18.118,0
none,1,0,372,6.125,8.286,5.938,0.02,20.369,0
none,1,0,373,6.345,9.333,5.032,0.173,20.883,0
none,1,0,374,5.727,7.929,3.245,0.267,17.168,0
none,1,0,375,5.99,9.925,3.494,0.012,19.421,0
none,1,0,376,6.112,7.041,4.331,0.159,17.643,0
none,1,0,377,5.798,7.293,4.247,0.156,17.495,0
none,1,0,378,5.768,8.449,2.988,0.216,17.42,0
none,1,0,379,5.863,7.947,2.964,0.247,17.021,0
none,1,0,380,5.75,8.315,4.361,0.305,18.731,0
none,1,0,381,5.842,8.372,3.464,0.426,18.103,0
none,1,0,382,5.689,8.243,3.311,0.288,17.531,0
none,1,0,383,5.664,9.92,3.706,0.164,19.454,0
none,1,0,384,6.369,7.988,3.232,0.356,17.944,0
none,1,0,385,5.966,7.787,3.518,0.168,17.44,0
none,1,0,386,6.619,8.231,4.066,0.146,19.062,0
none,1,0,387,6.053,7.936,4.77,0.151,18.91,0
none,1,0,388,5.648,7.872,5.883,0.254,19.657,0
none,1,0,389,5.927,7.424,4.131,0.776,18.258,0
none,1,0,390,5.726,8.465,4.458,0.014,18.663,0
none,1,0,391,5.68,7.902,6.314,0.141,20.036,0
none,1,0,392,5.681,7.084,2.179,0.129,15.072,0
none,1,0,393,5.733,11.457,4.097,0.299,21.587,0
none,1,0,394,5.693,8.755,4.288,0.166,18.903,0
none,1,0,395,5.771,7.275,3.644,0.253,16.943,0
none,1,0,396,5.751,11.354,3.636,0.155,20.895,0
none,1,0,397,5.648,7.553,3.253,0.263,16.716,0
none,1,0,398,5.677,8.175,3.383,0.153,17.388,0
none,1,0,399,5.614,7.246,5.935,0.165,18.959,0
none,1,0,400,5.82,8.627,4.042,0.289,18.778,0
none,1,0,401,5.805,8.334,4.021,0.388,18.548,0
none,1,0,402,6.375,7.584,2.872,0.152,16.982,0
none,1,0,403,6.397,7.207,4.944,0.233,18.781,0
none,1,0,404,5.899,9.157,2.565,0.254,17.875,0
none,1,0,405,6.463,7.941,3.214,0.142,17.76,0
none,1,0,406,5.888,9.657,5.657,0.012,21.214,0
none,1,0,407,5.815,8.063,3.671,0.181,17.73,0
none,1,0,408,5.845,8.256,4.623,0.145,18.869,0
none,1,0,409,5.771,8.706,4.081,0.231,18.789,0
none,1,0,410,5.614,8.266,4.599,0.132,18.612,0
none,1,0,411,5.699,8.124,3.762,0.013,17.598,0
none,1,0,412,6.058,8.236,4.166,0.013,18.474,0
none,1,0,413,5.698,7.363,4.345,0.144,17.549,0
none,1,0,414,5.604,7.647,2.973,0.247,16.469,0
none,1,0,415,5.699,7.347,5.002,0.171,18.22,0
none,1,0,416,5.592,9.625,4.563,0.013,19.793,0
none,1,0,417,5.596,8.169,5.9,0.145,19.809,0
none,1,0,418,5.686,7.296,2.56,0.12,15.662,0
none,1,0,419,5.802,7.655,3.294,0.135,16.886,0
none,1,0,420,5.916,8.577,4.155,0.157,18.805,0
none,1,0,421,5.781,7.334,3.806,0.152,17.072,0
none,1,0,422,5.608,7.423,4.126,0.015,17.173,0
none,1,0,423,5.778,8.123,2.239,0.011,16.151,0
none,1,0,424,8.042,7.581,3.026,0.267,18.917,0
none,1,0,425,5.637,7.895,3.759,0.013,17.304,0
none,1,0,426,5.795,9.379,3.575,0.014,18.763,0
none,1,0,427,5.711,9.91,7.173,0.014,22.807,0
none,1,0,428,5.893,8.293,8.934,0.183,23.303,0
none,1,0,429,5.793,11.108,4.743,0.134,21.778,0
none,1,0,430,5.757,6.943,2.796,0.013,15.51,0
none,1,0,431,5.594,7.464,2.987,0.928,16.973,0
none,1,0,432,6.568,8.268,4.785,0.138,19.76,0
none,1,0,433,5.804,9.463,4.62,0.332,20.219,0
none,1,0,434,5.855,7.415,2.334,0.264,15.867,0
none,1,0,435,5.937,7.863,4.207,0.235,18.241,0
none,1,0,436,5.836,8.09,2.009,0.119,16.055,0
none,1,0,437,5.833,6.868,3.188,0.116,16.005,0
none,1,0,438,6.147,7.178,3.103,0.124,16.552,0
none,1,0,439,6.386,7.943,2.859,0.127,17.315,0
none,1,0,440,6.238,7.855,2.636,0.135,16.863,0
none,1,0,441,6.152,7.217,2.576,0.143,16.087,0
none,1,0,442,5.758,7.954,4.179,0.118,18.008,0
none,1,0,443,6.298,10.7,6.134,0.011,23.143,0
none,1,0,444,5.729,8.224,3.673,0.261,17.887,0
none,1,0,445,5.827,7.831,2.755,0.235,16.649,0
none,1,0,446,5.894,7.033,3.154,0.205,16.286,0
none,1,0,447,5.872,7.154,2.381,0.118,15.526,0
none,1,0,448,5.667,6.828,2.943,0.347,15.785,0
none,1,0,449,5.845,7.894,2.117,0.243,16.099,0
none,1,0,450,5.703,7.58,2.163,0.108,15.554,0
none,1,0,451,5.735,7.581,2.15,0.226,15.693,0
none,1,0,452,5.703,7.553,2.436,0.104,15.796,0
none,1,0,453,5.64,7.043,2.354,0.206,15.243,0
none,1,0,454,5.664,6.813,2.981,0.203,15.661,0
none,1,0,455,5.572,7.265,2.988,0.268,16.093,0
none,1,0,456,5.39,8.064,3.101,0.134,16.689,0
none,1,0,457,5.509,7.83,2.649,0.221,16.209,0
none,1,0,458,5.554,7.268,3.29,0.108,16.22,0
none,1,0,459,5.478,7.279,2.475,0.099,15.331,0
none,1,0,460,5.209,7.703,2.127,0.112,15.151,0
none,1,0,461,5.475,8.96,7.947,0.287,22.67,0
none,1,0,462,6.421,8.14,3.88,0.121,18.562,0
none,1,0,463,5.508,8.287,3.25,0.197,17.242,0
none,1,0,464,5.527,7.18,2.746,0.291,15.744,0
none,1,0,465,5.183,8.582,2.755,0.177,16.698,0
none,1,0,466,5.392,8.186,3.431,0.108,17.116,0
none,1,0,467,5.397,8.357,3.498,0.129,17.382,0
none,1,0,468,5.338,7.791,3.744,0.011,16.885,0
none,1,1,30,9.756,7.707,4.973,0.016,22.452,0
none,1,1,31,8.627,9.458,3.784,0.014,21.882,0
none,1,1,32,7.453,7.153,1.929,0.015,16.551,0
none,1,1,33,6.393,7.015,4.585,0.012,18.005,0
none,1,1,34,5.918,7.545,6.597,0.016,20.076,0
none,1,1,35,6.026,8.522,1.511,0.011,16.071,0
none,1,1,36,6.133,10.746,2.628,0.015,19.522,0
none,1,1,37,6.336,7.594,2.279,0.012,16.221,0
none,1,1,38,6.044,7.551,1.641,0.01,15.245,0
none,1,1,39,6.798,7.629,2.388,0.012,16.826,0
none,1,1,40,5.814,7.91,2.089,0.012,15.826,0
none,1,1,41,5.74,6.957,1.48,0.011,14.188,0
none,1,1,42,6.02,6.794,2.748,0.011,15.573,0
none,1,1,43,5.807,7.399,3.445,0.256,16.906,0
none,1,1,44,5.803,7.193,2.731,0.014,15.741,0
none,1,1,45,6.414,6.942,3.474,0.014,16.843,0
none,1,1,46,7.477,6.956,1.783,0.012,16.229,0
none,1,1,47,5.843,6.889,1.775,0.011,14.518,0
none,1,1,48,5.757,7.631,4.083,0.015,17.486,0
none,1,1,49,5.93,7.717,3.013,0.013,16.673,0
none,1,1,50,5.916,8.235,3.71,0.013,17.874,0
none,1,1,51,6.483,7.215,1.772,0.013,15.482,0
none,1,1,52,5.907,7.077,2.506,0.011,15.502,0
none,1,1,53,5.743,6.866,2.001,0.011,14.621,0
none,1,1,54,7.312,7.504,2.111,0.011,16.938,0
none,1,1,55,6.0,7.481,2.572,0.011,16.064,0
none,1,1,56,5.809,7.36,1.286,0.01,14.465,0
none,1,1,57,7.196,7.002,2.482,0.682,17.362,0
none,1,1,58,8.411,6.78,3.879,0.01,19.08,0
none,1,1,59,5.942,6.775,3.334,0.011,16.063,0
none,1,1,60,7.818,7.004,1.798,0.01,16.63,0
none,1,1,61,7.168,7.611,2.504,0.011,17.294,0
none,1,1,62,6.894,6.659,1.531,0.01,15.094,0
none,1,1,63,5.998,7.179,6.699,0.672,20.547,0
none,1,1,64,7.82,7.558,2.172,0.014,17.564,0
none,1,1,65,5.739,7.996,1.476,0.01,15.221,0
none,1,1,66,6.052,7.432,1.642,0.01,15.137,0
none,1,1,67,7.043,7.439,2.11,0.01,16.602,0
none,1,1,68,6.204,8.324,2.375,0.014,16.917,0
none,1,1,69,5.899,7.287,2.29,0.012,15.487,0
none,1,1,70,6.0,7.463,2.62,0.011,16.094,0
none,1,1,71,6.294,7.471,2.065,0.012,15.841,0
none,1,1,72,5.833,7.531,2.296,0.014,15.674,0
none,1,1,73,5.795,6.922,2.546,0.011,15.274,0
none,1,1,74,5.79,7.732,2.516,0.012,16.049,0
none,1,1,75,6.28,7.328,2.653,0.014,16.275,0
none,1,1,76,5.99,8.035,1.671,0.013,15.709,0
none,1,1,77,6.182,6.66,1.836,0.012,14.69,0
none,1,1,78,6.082,7.332,1.816,0.01,15.24,0
none,1,1,79,5.827,6.832,2.6,0.01,15.27,0
none,1,1,80,5.781,7.033,2.795,0.01,15.619,0
none,1,1,81,5.9,7.612,2.067,0.012,15.591,0
none,1,1,82,6.115,7.395,2.021,0.012,15.543,0
none,1,1,83,5.887,8.357,1.866,0.01,16.12,0
none,1,1,84,6.694,8.068,3.582,0.013,18.356,0
none,1,1,85,7.749,10.807,3.954,0.013,22.524,0
none,1,1,86,6.3,7.926,2.754,0.011,16.99,0
none,1,1,87,5.964,7.794,2.79,0.011,16.559,0
none,1,1,88,5.81,8.857,3.043,0.014,17.724,0
none,1,1,89,5.785,9.523,6.211,0.013,21.532,0
none,1,1,90,6.181,7.44,3.582,0.014,17.216,0
none,1,1,91,6.455,10.221,2.683,0.024,19.384,0
none,1,1,92,6.099,8.078,2.99,0.013,17.18,0
none,1,1,93,6.338,9.164,2.438,0.013,17.953,0
none,1,1,94,6.206,7.746,3.991,0.02,17.963,0
none,1,1,95,5.995,12.377,4.373,0.014,22.759,0
none,1,1,96,5.777,8.57,2.668,0.012,17.028,0
none,1,1,97,6.121,7.372,2.674,0.012,16.18,0
none,1,1,98,5.792,8.495,2.584,0.011,16.883,0
none,1,1,99,6.654,6.92,1.583,0.01,15.167,0
none,1,1,100,6.688,6.788,4.068,0.012,17.556,0
none,1,1,101,5.705,10.634,2.893,0.018,19.25,0
none,1,1,102,7.173,7.406,2.861,0.013,17.452,0
none,1,1,103,6.528,9.386,3.431,0.156,19.501,0
none,1,1,104,6.641,8.118,2.945,0.012,17.716,0
none,1,1,105,6.359,7.267,5.285,0.017,18.928,0
none,1,1,106,8.713,9.233,10.529,0.021,28.496,0
none,1,1,107,8.962,9.173,3.225,0.016,21.376,0
none,1,1,108,7.053,7.73,4.335,0.018,19.136,0
none,1,1,109,7.402,8.191,5.656,0.018,21.267,0
none,1,1,110,7.425,9.495,4.189,0.013,21.122,0
none,1,1,111,6.63,11.354,1.923,0.013,19.92,0
none,1,1,112,6.685,11.318,4.064,0.022,22.089,0
none,1,1,113,8.661,7.428,3.382,0.016,19.487,0
none,1,1,114,7.867,7.373,5.055,0.013,20.308,0
none,1,1,115,5.844,9.007,1.796,0.01,16.657,0
none,1,1,116,5.77,7.779,5.025,0.015,18.59,0
none,1,1,117,6.553,7.918,3.379,0.019,17.869,0
none,1,1,118,6.348,8.122,7.343,0.017,21.829,0
none,1,1,119,5.816,9.327,2.089,0.013,17.245,0
none,1,1,120,6.235,7.682,3.291,0.015,17.222,0
none,1,1,121,5.701,7.151,2.494,0.013,15.359,0
none,1,1,122,7.383,7.23,2.324,0.014,16.952,0
none,1,1,123,6.935,8.823,3.409,0.013,19.18,0
none,1,1,124,6.722,7.401,2.558,0.016,16.697,0
none,1,1,125,6.045,7.596,2.686,0.012,16.339,0
none,1,1,126,6.289,8.709,2.246,0.015,17.258,0
none,1,1,127,5.955,7.326,3.221,0.016,16.519,0
none,1,1,128,7.045,7.316,2.864,0.012,17.237,0
none,1,1,129,6.915,15.594,6.165,0.016,28.689,0
none,1,1,130,5.782,8.026,2.347,0.011,16.167,0
none,1,1,131,6.633,9.118,2.922,0.017,18.689,0
none,1,1,132,5.692,7.932,2.6,0.013,16.237,0
none,1,1,133,6.657,7.057,2.068,0.011,15.793,0
none,1,1,134,5.708,8.185,1.955,0.012,15.859,0
none,1,1,135,5.959,8.516,1.774,0.013,16.262,0
none,1,1,136,7.463,7.581,4.141,1.17,20.355,0
none,1,1,137,11.887,7.031,2.87,0.016,21.804,0
none,1,1,138,7.365,9.211,2.408,0.017,19.001,0
none,1,1,139,5.771,7.296,2.099,0.013,15.179,0
none,1,1,140,7.509,7.596,3.489,0.011,18.606,0
none,1,1,141,6.315,6.77,2.57,0.014,15.67,0
none,1,1,142,7.396,7.693,2.111,0.012,17.213,0
none,1,1,143,5.822,6.977,3.922,0.015,16.735,0
none,1,1,144,5.92,8.358,3.188,0.015,17.481,0
none,1,1,145,5.898,6.951,3.392,0.012,16.252,0
none,1,1,146,5.824,7.629,1.993,0.012,15.458,0
none,1,1,147,6.541,7.669,2.996,0.082,17.289,0
none,1,1,148,7.3,7.656,4.566,0.018,19.54,0
none,1,1,149,7.715,8.516,2.191,0.016,18.438,0
none,1,1,150,7.034,6.874,2.527,0.013,16.448,0
none,1,1,151,5.792,6.926,1.876,0.011,14.604,0
none,1,1,152,6.428,7.306,4.357,0.012,18.103,0
none,1,1,153,5.817,7.989,3.975,0.014,17.795,0
none,1,1,154,7.218,6.941,2.721,0.015,16.895,0
none,1,1,155,10.594,13.055,7.129,0.019,30.798,0
none,1,1,156,6.069,7.754,3.75,0.013,17.586,0
none,1,1,157,5.775,8.367,7.899,0.019,22.059,0
none,1,1,158,7.24,8.242,4.787,0.012,20.281,0
none,1,1,159,6.679,8.385,2.602,0.015,17.681,0
none,1,1,160,8.135,8.204,4.083,0.013,20.435,0
none,1,1,161,6.791,8.245,3.836,0.015,18.887,0
none,1,1,162,6.137,7.581,4.068,0.015,17.801,0
none,1,1,163,6.16,7.52,2.271,0.013,15.963,0
none,1,1,164,6.858,7.325,2.526,0.013,16.722,0
none,1,1,165,6.25,7.374,3.279,0.012,16.917,0
none,1,1,166,6.249,7.017,1.696,0.013,14.975,0
none,1,1,167,5.754,6.939,2.352,0.012,15.058,0
none,1,1,168,5.841,7.36,1.804,0.011,15.016,0
none,1,1,169,5.791,7.555,3.808,0.016,17.17,0
none,1,1,170,6.731,8.357,6.123,0.024,21.235,0
none,1,1,171,6.382,8.503,3.411,0.019,18.315,0
none,1,1,172,6.27,10.958,4.567,0.023,21.819,0
none,1,1,173,8.141,8.055,2.427,0.012,18.635,0
none,1,1,174,5.71,8.221,4.363,0.019,18.314,0
none,1,1,175,5.897,8.023,2.662,0.013,16.595,0
none,1,1,176,6.049,7.709,3.316,0.012,17.086,0
none,1,1,177,5.781,7.467,3.795,0.022,17.065,0
none,1,1,178,8.358,7.919,4.791,0.012,21.08,0
none,1,1,179,6.168,8.783,2.394,0.013,17.358,0
none,1,1,180,6.722,7.025,1.288,0.012,15.046,0
none,1,1,181,6.287,7.562,4.806,0.014,18.67,0
none,1,1,182,6.706,7.509,6.95,0.012,21.177,0
none,1,1,183,6.642,11.719,13.69,0.015,32.066,0
none,1,1,184,8.619,7.658,4.522,0.016,20.816,0
none,1,1,185,6.491,10.022,2.824,0.018,19.355,0
none,1,1,186,6.268,11.498,4.445,0.575,22.786,0
none,1,1,187,5.911,8.068,3.591,0.013,17.583,0
none,1,1,188,5.85,7.943,3.394,0.014,17.201,0
none,1,1,189,7.987,7.884,5.341,0.015,21.226,0
none,1,1,190,6.7,12.101,7.468,0.015,26.283,0
none,1,1,191,10.401,7.924,3.795,0.014,22.134,0
none,1,1,192,6.04,8.201,4.046,0.016,18.303,0
none,1,1,193,5.745,7.406,3.16,0.012,16.324,0
none,1,1,194,5.8,7.637,3.89,0.016,17.343,0
none,1,1,195,6.697,7.645,4.853,0.016,19.211,0
none,1,1,196,6.121,9.073,3.896,0.012,19.101,0
none,1,1,197,6.839,8.36,3.015,0.014,18.228,0
none,1,1,198,5.908,8.551,3.786,0.014,18.258,0
none,1,1,199,5.844,8.315,1.822,0.011,15.992,0
none,1,1,200,5.672,7.723,2.102,0.011,15.507,0
none,1,1,201,5.635,8.75,5.772,0.013,20.17,0
none,1,1,202,6.168,7.963,3.077,0.012,17.22,0
none,1,1,203,5.725,7.559,2.685,0.012,15.981,0
none,1,1,204,5.775,8.715,2.27,0.011,16.771,0
none,1,1,205,5.731,9.393,1.518,0.012,16.654,0
none,1,1,206,5.672,7.388,1.702,0.896,15.658,0
none,1,1,207,9.751,7.978,1.906,0.011,19.647,0
none,1,1,208,6.055,10.79,3.862,0.012,20.719,0
none,1,1,209,6.072,8.969,2.684,0.012,17.737,0
none,1,1,210,6.168,6.778,2.349,0.011,15.306,0
none,1,1,211,5.92,7.024,4.898,0.012,17.855,0
none,1,1,212,6.694,12.399,2.158,0.013,21.264,0
none,1,1,213,7.069,7.814,3.348,0.013,18.244,0
none,1,1,214,6.228,7.582,2.869,0.011,16.689,0
none,1,1,215,6.146,7.424,1.966,0.013,15.549,0
none,1,1,216,6.154,7.061,1.905,0.01,15.129,0
none,1,1,217,6.105,7.605,1.678,0.01,15.398,0
none,1,1,218,6.125,7.02,2.351,0.01,15.506,0
none,1,1,219,6.316,7.945,1.787,0.011,16.06,0
none,1,1,220,6.154,7.069,4.444,0.012,17.68,0
none,1,1,221,5.784,7.527,3.557,0.011,16.88,0
none,1,1,222,5.52,9.773,2.428,0.011,17.733,0
none,1,1,223,5.817,7.791,2.253,0.011,15.873,0
none,1,1,224,6.092,7.308,2.783,0.011,16.193,0
none,1,1,225,5.549,8.513,1.984,0.01,16.057,0
none,1,1,226,5.721,8.119,3.473,0.013,17.327,0
none,1,1,227,5.805,7.847,1.95,0.011,15.614,0
none,1,1,228,6.118,7.661,1.987,0.011,15.777,0
none,1,1,229,5.922,9.722,3.291,0.012,18.947,0
none,1,1,230,7.606,7.233,1.884,0.011,16.733,0
none,1,1,231,6.488,6.77,1.853,0.011,15.122,0
none,1,1,232,5.96,6.76,2.439,0.011,15.17,0
none,1,1,233,5.587,6.687,3.577,0.012,15.863,0
none,1,1,234,5.85,10.489,1.995,0.011,18.345,0
none,1,1,235,5.762,8.354,4.082,0.015,18.214,0
none,1,1,236,6.027,7.084,2.892,0.011,16.014,0
none,1,1,237,5.674,8.306,3.088,0.011,17.079,0
none,1,1,238,5.814,6.954,2.369,0.012,15.15,0
none,1,1,239,5.622,7.827,2.839,0.012,16.299,0
none,1,1,240,5.836,8.024,1.47,0.011,15.341,0
none,1,1,241,5.795,8.063,2.451,0.01,16.319,0
none,1,1,242,6.88,7.91,1.731,0.014,16.535,0
none,1,1,243,6.561,7.973,1.724,0.01,16.269,0
none,1,1,244,6.435,8.016,1.939,0.011,16.401,0
none,1,1,245,6.375,7.417,2.299,0.012,16.104,0
none,1,1,246,6.623,7.597,4.095,0.014,18.33,0
none,1,1,247,6.107,7.671,2.914,0.013,16.704,0
none,1,1,248,5.827,8.292,3.238,0.012,17.369,0
none,1,1,249,5.853,8.211,2.864,0.012,16.94,0
none,1,1,250,6.952,8.003,3.506,0.012,18.473,0
none,1,1,251,5.804,7.652,2.565,0.017,16.038,0
none,1,1,252,5.813,7.944,2.717,0.012,16.485,0
none,1,1,253,5.625,8.847,3.106,0.02,17.598,0
none,1,1,254,5.625,7.095,3.298,0.011,16.029,0
none,1,1,255,5.974,8.861,2.094,0.012,16.941,0
none,1,1,256,6.727,8.578,1.849,0.011,17.165,0
none,1,1,257,5.732,7.608,2.349,0.011,15.7,0
none,1,1,258,5.758,7.574,2.908,0.011,16.251,0
none,1,1,259,6.153,7.632,4.342,0.011,18.138,0
none,1,1,260,6.041,7.693,3.02,0.016,16.769,0
none,1,1,261,6.209,8.032,2.277,1.122,17.639,0
none,1,1,262,9.547,8.457,10.334,0.015,28.354,0
none,1,1,263,5.81,7.881,4.131,0.014,17.836,0
none,1,1,264,5.738,8.239,3.947,0.012,17.937,0
none,1,1,265,5.607,7.554,1.586,0.011,14.759,0
none,1,1,266,6.415,7.858,1.275,0.01,15.559,0
none,1,1,267,6.085,9.093,4.733,0.012,19.923,0
none,1,1,268,6.065,7.752,3.197,0.011,17.024,0
none,1,1,269,6.271,8.246,1.963,0.01,16.49,0
none,1,1,270,6.179,7.149,3.115,0.011,16.454,0
none,1,1,271,5.967,7.569,4.631,0.01,18.176,0
none,1,1,272,5.742,7.951,1.73,0.012,15.435,0
none,1,1,273,7.229,9.099,2.043,0.01,18.381,0
none,1,1,274,5.846,7.048,2.778,0.012,15.684,0
none,1,1,275,5.753,8.935,2.576,0.012,17.276,0
none,1,1,276,6.368,6.931,3.486,0.013,16.799,0
none,1,1,277,5.673,7.185,1.905,0.01,14.773,0
none,1,1,278,5.914,7.111,2.511,0.01,15.547,0
none,1,1,279,5.765,7.852,2.633,0.011,16.262,0
none,1,1,280,5.936,7.699,4.211,0.012,17.857,0
none,1,1,281,6.589,7.642,2.292,0.01,16.533,0
none,1,1,282,6.076,8.172,2.659,0.011,16.918,0
none,1,1,283,6.287,7.464,2.296,0.012,16.059,0
none,1,1,284,5.68,7.842,1.956,0.011,15.489,0
none,1,1,285,5.861,7.829,2.125,0.012,15.827,0
none,1,1,286,5.803,6.86,4.893,0.014,17.571,0
none,1,1,287,5.911,7.059,3.41,0.012,16.393,0
none,1,1,288,5.93,8.025,2.3,0.012,16.267,0
none,1,1,289,5.914,8.426,2.169,0.012,16.521,0
none,1,1,290,5.685,8.135,3.547,0.012,17.379,0
none,1,1,291,5.92,7.611,2.301,0.013,15.844,0
none,1,1,292,7.318,8.603,3.992,0.012,19.925,0
none,1,1,293,5.904,7.868,1.888,0.012,15.671,0
none,1,1,294,5.731,7.489,2.765,0.015,16.0,0
none,1,1,295,6.232,7.168,2.002,0.013,15.415,0
none,1,1,296,5.77,7.849,3.58,0.012,17.211,0
none,1,1,297,5.809,8.862,6.591,0.012,21.273,0
none,1,1,298,6.137,7.487,1.913,0.944,16.482,0
none,1,1,299,9.936,8.895,2.612,0.015,21.457,0
none,1,1,300,5.915,7.929,2.511,0.013,16.368,0
none,1,1,301,7.694,8.524,2.135,0.011,18.365,0
none,1,1,302,5.94,7.78,4.293,0.011,18.023,0
none,1,1,303,5.772,8.324,5.877,0.013,19.985,0
none,1,1,304,5.834,8.557,4.436,0.012,18.84,0
none,1,1,305,5.648,8.303,5.061,0.014,19.026,0
none,1,1,306,5.998,8.536,5.853,0.012,20.398,0
none,1,1,307,5.732,8.239,3.0,0.013,16.984,0
none,1,1,308,5.943,7.853,4.384,0.015,18.195,0
none,1,1,309,5.779,7.911,4.222,0.013,17.925,0
none,1,1,310,5.98,7.44,4.967,0.014,18.4,0
none,1,1,311,5.948,8.395,2.609,0.012,16.964,0
none,1,1,312,6.764,7.97,2.795,0.016,17.545,0
none,1,1,313,6.716,7.201,1.931,0.011,15.859,0
none,1,1,314,7.126,6.959,1.6,0.01,15.695,0
none,1,1,315,5.91,6.886,1.591,0.012,14.4,0
none,1,1,316,5.843,7.106,2.958,0.011,15.917,0
none,1,1,317,5.92,7.798,2.734,0.011,16.463,0
none,1,1,318,6.557,8.972,2.769,0.014,18.312,0
none,1,1,319,6.69,7.13,4.468,0.014,18.301,0
none,1,1,320,5.983,6.803,4.146,0.013,16.945,0
none,1,1,321,5.763,10.495,3.515,0.012,19.785,0
none,1,1,322,5.863,7.271,1.651,0.01,14.795,0
none,1,1,323,5.925,7.229,5.106,0.012,18.272,0
none,1,1,324,5.789,10.162,1.641,0.011,17.604,0
none,1,1,325,5.702,7.708,3.023,0.012,16.444,0
none,1,1,326,5.833,7.61,4.763,0.01,18.216,0
none,1,1,327,5.756,7.023,5.753,0.017,18.549,0
none,1,1,328,5.71,7.48,2.098,0.011,15.299,0
none,1,1,329,5.873,7.795,2.723,0.011,16.403,0
none,1,1,330,6.172,7.92,3.413,0.01,17.515,0
none,1,1,331,6.003,7.793,2.901,0.065,16.762,0
none,1,1,332,5.964,8.285,2.746,0.012,17.007,0
none,1,1,333,5.976,7.065,2.406,0.012,15.458,0
none,1,1,334,6.019,7.974,1.928,0.012,15.933,0
none,1,1,335,5.703,7.287,2.111,0.01,15.112,0
none,1,1,336,6.009,8.275,3.326,0.01,17.62,0
none,1,1,337,7.749,6.816,1.423,0.01,15.999,0
none,1,1,338,5.866,6.957,2.24,0.015,15.078,0
none,1,1,339,5.923,7.351,2.953,0.011,16.237,0
none,1,1,340,5.791,7.148,2.782,0.011,15.731,0
none,1,1,341,5.775,8.016,5.176,0.011,18.979,0
none,1,1,342,5.731,8.313,5.269,0.011,19.324,0
none,1,1,343,5.717,7.526,3.309,0.012,16.564,0
none,1,1,344,6.099,8.936,4.271,0.011,19.317,0
none,1,1,345,5.898,7.345,2.601,0.011,15.855,0
none,1,1,346,5.919,7.584,4.205,0.012,17.721,0
none,1,1,347,5.83,7.833,4.85,0.012,18.525,0
none,1,1,348,6.157,7.666,2.677,0.012,16.512,0
none,1,1,349,6.094,8.334,3.08,0.011,17.519,0
none,1,1,350,5.923,8.086,4.11,0.011,18.131,0
none,1,1,351,5.828,7.027,1.722,0.01,14.586,0
none,1,1,352,5.895,8.747,1.431,0.011,16.085,0
none,1,1,353,5.756,7.296,2.348,0.009,15.41,0
none,1,1,354,6.056,7.703,5.61,0.013,19.382,0
none,1,1,355,5.869,9.078,1.725,0.01,16.682,0
none,1,1,356,5.8,7.952,2.658,0.014,16.424,0
none,1,1,357,5.893,8.955,4.515,0.015,19.378,0
none,1,1,358,5.732,7.769,2.281,0.014,15.795,0
none,1,1,359,5.895,7.481,2.24,0.011,15.627,0
none,1,1,360,5.816,7.537,2.115,0.011,15.479,0
none,1,1,361,6.11,7.027,2.083,0.01,15.231,0
none,1,1,362,5.775,7.391,1.834,0.011,15.01,0
none,1,1,363,6.334,7.057,2.23,0.012,15.633,0
none,1,1,364,5.706,9.548,2.166,0.013,17.433,0
none,1,1,365,6.021,7.612,3.733,0.012,17.378,0
none,1,1,366,6.14,8.676,2.731,0.01,17.557,0
none,1,1,367,5.886,6.798,3.795,0.014,16.492,0
none,1,1,368,5.737,7.896,2.747,0.016,16.397,0
none,1,1,369,6.238,8.361,4.333,0.012,18.944,0
none,1,1,370,6.374,7.594,2.992,0.014,16.973,0
none,1,1,371,5.932,6.928,1.865,0.011,14.735,0
none,1,1,372,5.905,6.945,2.843,0.013,15.705,0
none,1,1,373,6.073,7.91,2.776,0.012,16.771,0
none,1,1,374,5.951,7.854,3.23,0.013,17.048,0
none,1,1,375,5.807,7.375,2.322,0.01,15.513,0
none,1,1,376,5.809,6.902,2.102,0.011,14.824,0
none,1,1,377,6.049,7.501,1.762,0.01,15.322,0
none,1,1,378,6.007,7.32,2.101,0.012,15.439,0
none,1,1,379,6.831,9.581,2.505,0.012,18.931,0
none,1,1,380,5.827,7.65,2.843,0.012,16.331,0
none,1,1,381,5.707,9.351,7.305,0.013,22.376,0
none,1,1,382,5.734,7.657,1.868,0.011,15.269,0
none,1,1,383,6.702,7.429,2.793,0.011,16.935,0
none,1,1,384,5.72,8.874,2.023,0.01,16.627,0
none,1,1,385,6.99,7.536,1.853,0.011,16.389,0
none,1,1,386,6.585,7.441,2.08,0.01,16.116,0
none,1,1,387,6.423,8.006,2.553,0.01,16.992,0
none,1,1,388,5.716,7.208,2.552,0.011,15.488,0
none,1,1,389,6.013,7.302,2.452,0.012,15.779,0
none,1,1,390,6.857,8.87,2.554,0.012,18.293,0
none,1,1,391,5.83,8.679,2.601,0.011,17.12,0
none,1,1,392,5.676,8.061,3.488,0.01,17.235,0
none,1,1,393,5.91,7.384,4.665,0.011,17.971,0
none,1,1,394,5.816,7.68,4.971,0.013,18.48,0
none,1,1,395,5.8,7.368,3.286,0.012,16.466,0
none,1,1,396,6.0,8.153,4.006,0.012,18.171,0
none,1,1,397,6.073,8.849,4.072,0.012,19.005,0
none,1,1,398,5.715,7.242,2.603,0.015,15.574,0
none,1,1,399,5.974,7.548,3.676,0.013,17.211,0
none,1,1,400,6.93,7.44,3.656,0.013,18.04,0
none,1,1,401,5.881,7.926,4.102,0.012,17.922,0
none,1,1,402,5.966,8.116,1.78,0.013,15.876,0
none,1,1,403,6.1,8.118,1.847,0.011,16.076,0
none,1,1,404,5.87,7.249,2.143,0.012,15.274,0
none,1,1,405,5.652,8.134,5.44,0.012,19.239,0
none,1,1,406,5.937,8.332,2.159,0.011,16.439,0
none,1,1,407,5.951,7.356,1.757,0.012,15.076,0
none,1,1,408,5.947,8.717,2.368,0.011,17.044,0
none,1,1,409,5.824,7.598,4.745,0.012,18.179,0
none,1,1,410,6.052,7.459,1.896,0.009,15.416,0
none,1,1,411,6.657,8.842,3.215,0.012,18.727,0
none,1,1,412,5.759,7.644,2.92,0.013,16.334,0
none,1,1,413,5.701,7.627,2.939,0.01,16.276,0
none,1,1,414,5.965,7.365,3.086,0.012,16.428,0
none,1,1,415,6.202,7.142,3.74,0.012,17.097,0
none,1,1,416,5.911,7.034,6.162,0.012,19.118,0
none,1,1,417,6.108,7.396,3.119,0.012,16.635,0
none,1,1,418,6.038,7.082,2.324,0.01,15.453,0
none,1,1,419,5.935,7.412,1.705,0.01,15.063,0
none,1,1,420,5.772,7.702,4.001,0.011,17.486,0
none,1,1,421,5.714,8.169,3.94,0.014,17.837,0
none,1,1,422,5.846,7.85,3.967,0.013,17.676,0
none,1,1,423,5.837,9.693,3.75,0.562,19.842,0
none,1,1,424,5.689,8.438,3.605,0.017,17.748,0
none,1,1,425,5.742,8.101,4.652,0.057,18.552,0
none,1,1,426,6.4,8.714,5.472,0.012,20.598,0
none,1,1,427,5.632,9.311,3.66,0.013,18.616,0
none,1,1,428,5.714,8.131,3.262,0.035,17.142,0
none,1,1,429,5.872,9.117,3.412,0.013,18.414,0
none,1,1,430,5.822,7.209,3.953,0.011,16.996,0
none,1,1,431,5.744,7.909,1.774,0.013,15.439,0
none,1,1,432,5.681,8.381,2.574,0.012,16.648,0
none,1,1,433,7.337,7.363,2.407,0.013,17.119,0
none,1,1,434,6.788,9.515,2.539,0.012,18.854,0
none,1,1,435,8.303,7.54,3.617,0.013,19.473,0
none,1,1,436,5.928,11.031,3.166,0.013,20.138,0
none,1,1,437,5.846,8.965,4.078,0.016,18.903,0
none,1,1,438,5.939,8.715,4.264,0.013,18.932,0
none,1,1,439,5.858,7.931,2.829,0.013,16.632,0
none,1,1,440,5.884,8.018,3.358,0.011,17.272,0
none,1,1,441,6.115,8.184,2.934,0.012,17.245,0
none,1,1,442,5.728,8.342,6.09,0.013,20.174,0
none,1,1,443,7.249,8.576,3.301,0.011,19.138,0
none,1,1,444,5.747,7.514,2.127,0.011,15.399,0
none,1,1,445,6.369,11.176,3.777,0.011,21.333,0
none,1,1,446,5.833,8.74,2.741,0.012,17.326,0
none,1,1,447,6.498,7.15,3.719,0.011,17.378,0
none,1,1,448,6.59,7.048,5.802,0.012,19.452,0
none,1,1,449,5.763,7.317,3.441,0.015,16.536,0
none,1,1,450,6.564,7.941,2.158,0.01,16.672,0
none,1,1,451,5.705,7.572,3.62,0.012,16.909,0
none,1,1,452,5.897,7.339,2.725,0.01,15.971,0
none,1,1,453,6.077,6.888,2.586,0.01,15.561,0
none,1,1,454,5.94,8.242,2.6,0.01,16.792,0
none,1,1,455,6.259,7.615,1.729,0.012,15.615,0
none,1,1,456,7.403,7.435,3.126,0.011,17.975,0
none,1,1,457,5.769,7.31,1.993,0.011,15.084,0
none,1,1,458,5.682,7.189,3.057,0.009,15.937,0
none,1,1,459,5.807,8.103,3.183,0.011,17.104,0
none,1,1,460,5.711,7.397,1.958,0.009,15.075,0
none,1,1,461,5.894,6.751,2.254,0.011,14.909,0
none,1,1,462,5.818,6.985,2.306,0.01,15.12,0
none,1,1,463,6.08,6.865,3.55,0.013,16.507,0
none,1,1,464,5.788,7.169,1.817,0.01,14.785,0
none,1,1,465,5.774,7.229,2.424,0.011,15.438,0
none,1,1,466,5.598,7.527,2.536,0.012,15.673,0
none,1,1,467,5.596,7.494,2.154,0.011,15.255,0
none,1,1,468,5.61,6.789,1.803,0.01,14.211,0
none,1,1,469,5.584,7.276,3.039,0.013,15.911,0
none,1,1,470,5.615,7.656,1.899,0.01,15.18,0
none,1,1,471,5.424,7.279,1.797,0.01,14.51,0
none,1,1,472,5.527,7.652,1.829,0.01,15.018,0
none,1,1,473,5.523,7.602,1.93,0.01,15.066,0
none,1,1,474,6.129,8.1,2.381,0.01,16.62,0
none,1,2,30,7.328,11.075,9.119,0.016,27.538,0
none,1,2,31,5.986,11.201,8.562,0.014,25.763,0
none,1,2,32,7.221,7.725,4.818,0.012,19.776,0
none,1,2,33,6.941,8.374,5.809,0.013,21.137,0
none,1,2,34,6.448,7.967,1.915,0.013,16.344,0
none,1,2,35,6.731,7.146,1.439,0.01,15.326,0
none,1,2,36,6.697,7.804,2.52,0.012,17.033,0
none,1,2,37,6.897,7.383,1.678,0.012,15.97,0
none,1,2,38,7.819,6.933,1.766,0.011,16.528,0
none,1,2,39,7.83,7.712,2.072,0.012,17.625,0
none,1,2,40,6.166,9.713,4.066,0.014,19.959,0
none,1,2,41,7.656,7.899,3.9,0.014,19.469,0
none,1,2,42,5.845,7.411,2.36,0.012,15.627,0
none,1,2,43,6.611,6.932,2.081,0.013,15.637,0
none,1,2,44,6.959,9.528,2.066,0.011,18.564,0
none,1,2,45,6.888,7.139,1.681,0.012,15.718,0
none,1,2,46,6.806,7.258,2.547,0.016,16.627,0
none,1,2,47,6.897,10.559,3.015,0.015,20.485,0
none,1,2,48,5.82,7.504,1.717,0.01,15.051,0
none,1,2,49,5.857,6.889,5.209,0.01,17.965,0
none,1,2,50,6.118,7.258,2.268,0.01,15.655,0
none,1,2,51,5.828,7.585,1.515,0.01,14.937,0
none,1,2,52,5.672,7.03,4.451,0.011,17.164,0
none,1,2,53,5.682,6.839,1.623,0.01,14.154,0
none,1,2,54,5.866,7.303,2.179,0.012,15.359,0
none,1,2,55,5.515,7.792,5.565,0.011,18.884,0
none,1,2,56,5.666,10.748,1.731,0.01,18.154,0
none,1,2,57,5.68,7.027,1.63,0.009,14.346,0
none,1,2,58,5.739,7.177,4.46,0.011,17.388,0
none,1,2,59,5.763,8.809,2.865,0.011,17.448,0
none,1,2,60,6.469,7.092,3.028,0.012,16.601,0
none,1,2,61,5.751,7.009,1.649,0.011,14.419,0
none,1,2,62,5.704,7.267,1.726,0.011,14.709,0
none,1,2,63,5.596,8.937,1.69,0.012,16.235,0
none,1,2,64,6.946,6.878,2.141,0.012,15.977,0
none,1,2,65,6.727,7.279,2.772,0.011,16.789,0
none,1,2,66,5.783,7.724,3.437,0.011,16.955,0
none,1,2,67,5.704,7.78,1.969,0.011,15.463,0
none,1,2,68,6.046,7.222,2.482,0.011,15.762,0
none,1,2,69,5.564,11.027,2.731,0.012,19.334,0
none,1,2,70,5.636,7.566,2.24,0.012,15.454,0
none,1,2,71,5.613,7.105,2.013,0.01,14.741,0
none,1,2,72,5.947,7.326,5.309,0.014,18.596,0
none,1,2,73,5.699,7.508,1.705,0.011,14.924,0
none,1,2,74,5.54,8.621,1.8,0.01,15.972,0
none,1,2,75,5.79,8.167,5.03,0.012,19.0,0
none,1,2,76,5.645,7.72,2.476,0.013,15.854,0
none,1,2,77,5.77,7.861,1.442,0.011,15.084,0
none,1,2,78,5.583,6.985,4.906,0.012,17.487,0
none,1,2,79,5.507,8.364,1.491,0.01,15.372,0
none,1,2,80,6.029,7.568,4.064,0.012,17.673,0
none,1,2,81,5.96,8.083,3.242,0.012,17.297,0
none,1,2,82,5.877,7.581,4.622,0.014,18.094,0
none,1,2,83,7.783,7.125,1.648,0.012,16.568,0
none,1,2,84,7.274,7.683,3.587,0.013,18.557,0
none,1,2,85,5.579,7.402,2.747,0.012,15.74,0
none,1,2,86,5.783,8.042,3.912,0.012,17.749,0
none,1,2,87,6.422,7.856,3.075,0.011,17.365,0
none,1,2,88,6.204,9.335,6.303,0.015,21.857,0
none,1,2,89,5.804,11.351,7.319,0.018,24.491,0
none,1,2,90,5.675,11.501,1.556,0.011,18.743,0
none,1,2,91,5.929,7.3,3.778,0.011,17.018,0
none,1,2,92,5.563,7.222,5.602,0.012,18.399,0
none,1,2,93,5.64,7.973,2.113,0.012,15.738,0
none,1,2,94,5.864,8.221,2.09,0.011,16.187,0
none,1,2,95,5.865,7.481,3.656,0.015,17.017,0
none,1,2,96,6.645,7.502,2.518,0.011,16.677,0
none,1,2,97,6.546,7.128,1.397,0.01,15.08,0
none,1,2,98,5.712,7.387,1.623,0.01,14.732,0
none,1,2,99,5.766,7.1,2.489,0.011,15.366,0
none,1,2,100,5.883,10.008,2.092,0.01,17.993,0
none,1,2,101,5.691,8.119,3.009,0.012,16.831,0
none,1,2,102,9.598,9.303,3.118,0.012,22.032,0
none,1,2,103,5.68,7.012,2.042,0.011,14.745,0
none,1,2,104,5.954,8.083,2.714,0.012,16.763,0
none,1,2,105,7.442,9.411,7.934,0.015,24.803,0
none,1,2,106,8.283,8.245,6.248,0.014,22.79,0
none,1,2,107,8.882,7.338,4.248,0.015,20.484,0
none,1,2,108,5.819,7.188,4.743,0.023,17.773,0
none,1,2,109,6.012,10.18,5.236,0.016,21.443,0
none,1,2,110,6.555,8.493,3.313,0.164,18.526,0
none,1,2,111,9.589,10.257,2.718,0.015,22.579,0
none,1,2,112,6.47,7.512,3.201,0.015,17.199,0
none,1,2,113,5.9,8.215,2.917,0.014,17.046,0
none,1,2,114,5.76,8.112,2.286,0.011,16.17,0
none,1,2,115,5.619,8.289,6.742,0.02,20.67,0
none,1,2,116,5.605,7.162,2.479,0.014,15.26,0
none,1,2,117,5.575,7.145,6.205,0.121,19.045,0
none,1,2,118,6.914,8.467,2.324,0.014,17.719,0
none,1,2,119,6.388,7.958,3.916,0.021,18.283,0
none,1,2,120,6.404,8.318,3.984,0.02,18.726,0
none,1,2,121,6.756,7.091,2.412,0.012,16.27,0
none,1,2,122,5.719,8.109,1.916,0.013,15.758,0
none,1,2,123,7.774,7.034,3.106,0.012,17.926,0
none,1,2,124,5.735,7.6,1.657,0.012,15.005,0
none,1,2,125,5.509,7.145,3.318,0.013,15.985,0
none,1,2,126,5.861,7.127,2.828,0.012,15.829,0
none,1,2,127,5.559,7.051,1.721,0.013,14.344,0
none,1,2,128,5.61,7.73,3.42,0.012,16.771,0
none,1,2,129,5.525,7.7,7.414,0.025,20.664,0
none,1,2,130,5.868,8.617,2.829,0.012,17.328,0
none,1,2,131,5.908,14.153,3.56,0.015,23.637,0
none,1,2,132,5.527,7.436,2.306,0.011,15.279,0
none,1,2,133,6.258,7.671,1.397,0.011,15.337,0
none,1,2,134,5.822,9.199,2.371,0.012,17.404,0
none,1,2,135,5.798,7.189,2.686,0.015,15.688,0
none,1,2,136,5.599,7.335,2.558,0.012,15.504,0
none,1,2,137,6.312,8.154,2.067,0.014,16.547,0
none,1,2,138,7.097,8.557,3.969,0.016,19.64,0
none,1,2,139,6.664,7.294,3.482,0.014,17.454,0
none,1,2,140,5.78,7.221,2.395,0.015,15.412,0
none,1,2,141,7.769,7.826,2.101,0.013,17.709,0
none,1,2,142,6.378,7.841,2.719,0.012,16.949,0
none,1,2,143,6.015,7.59,4.324,0.023,17.953,0
none,1,2,144,7.268,7.879,1.593,0.014,16.754,0
none,1,2,145,6.299,7.83,3.246,0.012,17.387,0
none,1,2,146,7.447,8.105,2.374,0.012,17.937,0
none,1,2,147,6.36,7.296,3.571,0.013,17.24,0
none,1,2,148,8.314,7.917,7.823,0.014,24.067,0
none,1,2,149,7.292,6.975,1.996,0.012,16.274,0
none,1,2,150,7.273,9.49,6.414,0.018,23.194,0
none,1,2,151,7.136,7.166,2.026,0.013,16.341,0
none,1,2,152,6.628,7.201,1.858,0.014,15.701,0
none,1,2,153,6.059,8.992,4.681,0.012,19.744,0
none,1,2,154,7.074,7.062,4.085,0.02,18.241,0
none,1,2,155,6.627,7.271,4.897,0.015,18.81,0
none,1,2,156,5.819,9.832,3.857,0.014,19.523,0
none,1,2,157,6.098,14.583,1.411,0.011,22.103,0
none,1,2,158,5.945,8.302,1.51,0.012,15.769,0
none,1,2,159,5.795,8.505,5.011,0.014,19.324,0
none,1,2,160,5.961,7.726,6.277,0.03,19.993,0
none,1,2,161,7.487,8.223,5.378,0.013,21.1,0
none,1,2,162,6.183,7.989,3.251,0.012,17.435,0
none,1,2,163,6.292,8.464,5.005,0.014,19.776,0
none,1,2,164,6.46,8.253,3.563,0.012,18.288,0
none,1,2,165,5.848,7.895,3.446,0.013,17.203,0
none,1,2,166,5.732,7.939,2.891,0.012,16.574,0
none,1,2,167,8.112,7.343,1.917,0.013,17.385,0
none,1,2,168,5.724,7.245,1.952,0.012,14.933,0
none,1,2,169,6.603,7.638,2.403,0.012,16.656,0
none,1,2,170,5.66,7.486,2.751,0.015,15.912,0
none,1,2,171,5.638,6.884,6.123,0.013,18.658,0
none,1,2,172,5.551,7.681,3.271,0.011,16.515,0
none,1,2,173,6.528,8.145,4.45,0.012,19.135,0
none,1,2,174,5.715,9.268,2.811,0.016,17.809,0
none,1,2,175,5.592,7.54,2.308,0.016,15.456,0
none,1,2,176,7.199,7.768,1.614,0.011,16.592,0
none,1,2,177,5.702,7.414,2.197,0.012,15.325,0
none,1,2,178,6.142,7.179,1.479,0.013,14.813,0
none,1,2,179,5.656,7.044,1.643,0.011,14.354,0
none,1,2,180,5.71,7.512,1.395,0.011,14.628,0
none,1,2,181,6.479,8.533,2.423,0.012,17.447,0
none,1,2,182,5.682,7.765,3.465,0.013,16.926,0
none,1,2,183,5.72,7.908,2.561,0.012,16.202,0
none,1,2,184,7.365,7.679,2.767,0.017,17.828,0
none,1,2,185,5.7,7.938,2.987,0.016,16.641,0
none,1,2,186,7.425,13.174,18.135,0.018,38.751,1
none,1,2,187,6.389,8.325,3.786,0.015,18.516,0
none,1,2,188,6.009,8.104,3.311,0.014,17.439,0
none,1,2,189,5.65,8.959,5.924,0.013,20.546,0
none,1,2,190,6.91,8.188,4.178,0.024,19.3,0
none,1,2,191,7.154,8.836,3.255,0.017,19.262,0
none,1,2,192,6.343,10.254,3.28,0.015,19.893,0
none,1,2,193,6.555,7.658,5.824,0.021,20.058,0
none,1,2,194,6.058,8.787,4.53,0.026,19.401,0
none,1,2,195,6.657,10.389,3.696,0.018,20.76,0
none,1,2,196,6.336,7.351,1.416,0.012,15.115,0
none,1,2,197,5.571,7.594,2.681,0.013,15.86,0
none,1,2,198,5.965,7.4,2.706,0.011,16.082,0
none,1,2,199,6.764,7.513,2.176,0.015,16.468,0
none,1,2,200,5.701,7.755,3.51,0.024,16.991,0
none,1,2,201,6.528,7.979,4.593,0.02,19.121,0
none,1,2,202,6.575,8.899,4.021,0.014,19.509,0
none,1,2,203,6.038,7.582,2.504,0.012,16.136,0
none,1,2,204,5.65,8.026,2.98,0.011,16.666,0
none,1,2,205,5.435,7.585,4.946,0.016,17.982,0
none,1,2,206,5.857,8.314,1.835,0.012,16.019,0
none,1,2,207,5.828,9.042,1.606,0.012,16.488,0
none,1,2,208,5.49,8.745,1.734,0.011,15.981,0
none,1,2,209,5.46,7.441,2.264,0.014,15.179,0
none,1,2,210,5.558,7.392,4.154,0.011,17.116,0
none,1,2,211,5.539,7.844,2.98,0.012,16.375,0
none,1,2,212,5.548,7.635,7.977,0.011,21.171,0
none,1,2,213,5.519,7.197,1.733,0.01,14.459,0
none,1,2,214,5.594,7.725,3.713,0.014,17.046,0
none,1,2,215,5.781,7.362,3.642,0.014,16.8,0
none,1,2,216,5.526,7.412,3.471,0.015,16.424,0
none,1,2,217,5.447,8.235,2.376,0.011,16.068,0
none,1,2,218,5.716,7.599,5.02,0.014,18.349,0
none,1,2,219,5.482,7.311,1.556,0.01,14.359,0
none,1,2,220,5.436,8.247,1.435,0.011,15.128,0
none,1,2,221,5.768,8.944,1.824,0.01,16.547,0
none,1,2,222,5.738,7.449,2.838,0.011,16.035,0
none,1,2,223,5.454,9.003,1.456,0.009,15.922,0
none,1,2,224,5.615,7.036,1.479,0.01,14.14,0
none,1,2,225,5.671,7.229,2.414,0.013,15.326,0
none,1,2,226,5.697,7.411,1.626,0.012,14.745,0
none,1,2,227,5.585,10.489,4.871,0.012,20.957,0
none,1,2,228,5.659,8.144,4.746,0.011,18.56,0
none,1,2,229,7.122,7.073,2.44,0.01,16.645,0
none,1,2,230,5.518,7.157,3.293,0.011,15.979,0
none,1,2,231,5.553,7.991,4.196,0.01,17.75,0
none,1,2,232,5.563,8.683,3.878,0.012,18.136,0
none,1,2,233,5.998,7.959,2.308,0.011,16.275,0
none,1,2,234,5.654,7.991,2.972,0.011,16.629,0
none,1,2,235,5.619,7.178,2.021,0.01,14.827,0
none,1,2,236,7.7,7.476,2.285,0.013,17.473,0
none,1,2,237,5.541,7.777,1.743,0.01,15.071,0
none,1,2,238,5.621,6.793,1.923,0.011,14.348,0
none,1,2,239,6.434,7.029,1.793,0.01,15.266,0
none,1,2,240,5.909,7.483,3.028,0.011,16.431,0
none,1,2,241,5.616,7.386,2.455,0.011,15.468,0
none,1,2,242,5.665,8.425,2.081,0.01,16.18,0
none,1,2,243,5.915,7.777,2.939,0.012,16.644,0
none,1,2,244,5.858,8.204,2.951,0.014,17.027,0
none,1,2,245,6.01,7.9,5.064,0.011,18.984,0
none,1,2,246,5.612,8.608,4.857,0.013,19.089,0
none,1,2,247,5.85,7.456,4.662,0.013,17.981,0
none,1,2,248,5.797,7.102,2.992,0.011,15.902,0
none,1,2,249,5.658,7.175,5.584,0.015,18.432,0
none,1,2,250,7.237,8.105,2.424,0.011,17.776,0
none,1,2,251,6.662,7.54,3.849,0.011,18.062,0
none,1,2,252,7.357,6.879,1.973,0.012,16.22,0
none,1,2,253,5.689,7.249,4.746,0.011,17.695,0
none,1,2,254,5.766,11.156,2.504,0.011,19.437,0
none,1,2,255,6.313,7.412,2.482,0.01,16.218,0
none,1,2,256,5.95,7.814,2.923,0.01,16.698,0
none,1,2,257,5.753,8.402,3.075,0.012,17.242,0
none,1,2,258,5.742,7.305,1.97,0.011,15.028,0
none,1,2,259,5.781,6.992,2.313,0.012,15.097,0
none,1,2,260,5.573,7.993,2.61,0.012,16.189,0
none,1,2,261,5.85,7.628,3.232,0.011,16.721,0
none,1,2,262,5.658,6.994,3.037,0.012,15.701,0
none,1,2,263,5.683,6.869,3.166,0.01,15.729,0
none,1,2,264,5.532,7.386,2.282,0.011,15.211,0
none,1,2,265,5.617,9.314,3.909,0.014,18.854,0
none,1,2,266,5.68,10.445,4.703,0.012,20.84,0
none,1,2,267,6.036,7.633,4.27,0.012,17.951,0
none,1,2,268,5.832,8.507,2.74,0.014,17.093,0
none,1,2,269,5.783,8.056,3.912,0.013,17.764,0
none,1,2,270,5.759,7.571,2.173,0.013,15.516,0
none,1,2,271,5.763,7.331,2.361,0.012,15.468,0
none,1,2,272,5.703,7.399,1.525,0.01,14.638,0
none,1,2,273,5.948,7.741,1.863,0.009,15.561,0
none,1,2,274,5.724,7.754,2.429,0.011,15.918,0
none,1,2,275,5.579,7.979,3.498,0.011,17.067,0
none,1,2,276,5.994,7.913,2.112,0.011,16.03,0
none,1,2,277,6.353,8.493,3.795,0.011,18.652,0
none,1,2,278,6.009,7.306,3.339,0.012,16.666,0
none,1,2,279,5.654,8.797,2.328,0.014,16.793,0
none,1,2,280,5.732,7.444,2.366,0.012,15.554,0
none,1,2,281,5.674,7.402,2.103,0.013,15.191,0
none,1,2,282,5.789,7.034,1.89,0.011,14.724,0
none,1,2,283,5.684,6.978,2.063,0.01,14.735,0
none,1,2,284,5.731,7.825,3.482,0.012,17.05,0
none,1,2,285,5.631,6.95,4.164,0.011,16.756,0
none,1,2,286,7.208,8.083,4.855,0.011,20.157,0
none,1,2,287,6.102,7.56,2.425,0.01,16.097,0
none,1,2,288,5.757,7.681,3.424,0.013,16.875,0
none,1,2,289,5.571,7.35,3.506,0.013,16.439,0
none,1,2,290,5.681,7.554,1.858,0.014,15.106,0
none,1,2,291,5.904,8.827,2.052,0.012,16.794,0
none,1,2,292,7.322,8.487,2.205,0.012,18.026,0
none,1,2,293,5.72,7.018,1.421,0.011,14.171,0
none,1,2,294,5.961,7.983,2.468,0.015,16.426,0
none,1,2,295,5.858,7.819,4.933,0.012,18.623,0
none,1,2,296,6.03,8.09,1.515,0.012,15.647,0
none,1,2,297,5.529,8.964,3.468,0.012,17.974,0
none,1,2,298,5.547,6.983,5.33,0.013,17.874,0
none,1,2,299,5.993,8.427,3.789,0.012,18.221,0
none,1,2,300,6.361,7.772,1.52,0.011,15.664,0
none,1,2,301,6.277,7.161,1.937,0.011,15.385,0
none,1,2,302,6.178,8.475,2.143,0.013,16.809,0
none,1,2,303,6.742,7.397,3.987,0.013,18.14,0
none,1,2,304,6.002,9.4,3.051,0.012,18.465,0
none,1,2,305,5.872,7.166,3.128,0.011,16.178,0
none,1,2,306,6.164,7.252,2.951,0.012,16.379,0
none,1,2,307,5.825,8.449,6.08,0.013,20.367,0
none,1,2,308,5.743,8.447,1.859,0.011,16.061,0
none,1,2,309,5.51,8.071,3.373,0.013,16.967,0
none,1,2,310,5.97,8.921,5.121,0.012,20.023,0
none,1,2,311,5.812,8.749,2.371,0.015,16.947,0
none,1,2,312,7.47,8.765,2.993,0.011,19.239,0
none,1,2,313,7.236,8.27,3.286,0.013,18.805,0
none,1,2,314,5.792,8.52,4.83,0.012,19.154,0
none,1,2,315,5.82,8.334,2.914,0.013,17.082,0
none,1,2,316,5.831,8.086,2.115,0.012,16.044,0
none,1,2,317,5.71,8.136,1.721,0.011,15.579,0
none,1,2,318,6.371,7.047,1.921,0.011,15.349,0
none,1,2,319,5.866,8.039,1.495,0.011,15.411,0
none,1,2,320,5.898,7.411,4.912,0.012,18.233,0
none,1,2,321,5.481,7.354,1.029,0.011,13.875,0
none,1,2,322,5.767,8.735,4.216,0.012,18.73,0
none,1,2,323,5.432,7.153,3.841,0.013,16.438,0
none,1,2,324,5.716,7.076,1.943,0.01,14.745,0
none,1,2,325,6.321,8.546,1.958,0.01,16.836,0
none,1,2,326,5.533,7.144,3.32,0.021,16.017,0
none,1,2,327,5.784,8.284,2.335,0.012,16.416,0
none,1,2,328,5.675,8.66,1.461,0.01,15.807,0
none,1,2,329,6.011,7.006,1.684,0.011,14.711,0
none,1,2,330,5.737,7.668,2.258,0.011,15.674,0
none,1,2,331,5.675,7.217,0.998,0.01,13.901,0
none,1,2,332,5.38,8.379,1.785,0.011,15.555,0
none,1,2,333,5.832,8.057,2.346,0.022,16.257,0
none,1,2,334,6.57,7.712,2.948,0.011,17.241,0
none,1,2,335,6.595,8.073,2.177,0.011,16.857,0
none,1,2,336,6.026,7.626,3.138,0.017,16.808,0
none,1,2,337,5.745,7.803,4.374,0.013,17.935,0
none,1,2,338,5.386,7.9,1.761,0.013,15.059,0
none,1,2,339,5.422,7.023,1.954,0.01,14.409,0
none,1,2,340,5.579,8.632,4.71,0.017,18.938,0
none,1,2,341,5.622,7.055,2.56,0.013,15.25,0
none,1,2,342,5.561,9.33,1.819,0.011,16.722,0
none,1,2,343,6.045,7.381,3.284,0.011,16.721,0
none,1,2,344,6.192,8.365,1.724,0.01,16.292,0
none,1,2,345,5.927,6.923,7.634,0.013,20.497,0
none,1,2,346,6.057,7.152,5.192,0.012,18.413,0
none,1,2,347,5.482,7.378,1.28,0.01,14.15,0
none,1,2,348,5.396,7.536,3.872,0.013,16.816,0
none,1,2,349,5.577,8.207,2.463,0.013,16.26,0
none,1,2,350,5.654,8.232,1.62,0.012,15.518,0
none,1,2,351,5.816,7.4,1.595,0.01,14.821,0
none,1,2,352,5.887,8.771,2.416,0.012,17.087,0
none,1,2,353,6.05,7.947,2.391,0.01,16.398,0
none,1,2,354,5.789,9.076,1.758,0.011,16.633,0
none,1,2,355,5.406,7.075,3.752,0.011,16.245,0
none,1,2,356,5.329,10.189,3.447,0.012,18.977,0
none,1,2,357,5.817,7.757,3.42,0.011,17.006,0
none,1,2,358,5.427,8.955,1.909,0.011,16.302,0
none,1,2,359,5.571,7.738,1.901,0.011,15.22,0
none,1,2,360,5.42,7.089,1.908,0.01,14.427,0
none,1,2,361,5.319,11.186,2.435,0.012,18.952,0
none,1,2,362,5.941,7.783,2.909,0.013,16.646,0
none,1,2,363,5.343,7.252,1.19,0.009,13.794,0
none,1,2,364,5.418,7.53,3.362,0.013,16.322,0
none,1,2,365,5.405,7.8,5.04,0.012,18.258,0
none,1,2,366,5.366,8.363,2.633,0.011,16.374,0
none,1,2,367,5.394,7.667,2.992,0.011,16.064,0
none,1,2,368,7.301,8.818,4.393,0.013,20.526,0
none,1,2,369,5.359,7.238,2.048,0.011,14.656,0
none,1,2,370,5.277,6.954,1.388,0.01,13.63,0
none,1,2,371,5.366,10.873,3.222,0.012,19.472,0
none,1,2,372,5.363,8.172,2.046,0.012,15.594,0
none,1,2,373,5.347,8.876,2.929,0.012,17.165,0
none,1,2,374,7.363,7.143,2.363,0.011,16.88,0
none,1,2,375,5.314,6.932,1.59,0.01,13.847,0
none,1,2,376,7.095,7.328,2.1,0.011,16.534,0
none,1,2,377,5.721,7.716,4.023,0.01,17.47,0
none,1,2,378,5.627,8.753,2.403,0.01,16.794,0
none,1,2,379,7.692,8.617,1.791,0.013,18.113,0
none,1,2,380,5.45,6.912,2.564,0.012,14.938,0
none,1,2,381,5.565,8.101,2.892,0.01,16.568,0
none,1,2,382,5.766,7.05,2.393,0.011,15.221,0
none,1,2,383,5.562,9.821,2.903,0.016,18.303,0
none,1,2,384,5.695,7.436,3.985,0.011,17.127,0
none,1,2,385,5.384,6.982,2.551,0.01,14.927,0
none,1,2,386,5.385,7.782,2.436,0.013,15.616,0
none,1,2,387,5.476,7.246,3.411,0.013,16.146,0
none,1,2,388,5.498,7.035,1.188,0.01,13.731,0
none,1,2,389,5.405,8.026,4.549,0.012,17.991,0
none,1,2,390,5.701,7.878,7.436,0.011,21.026,0
none,1,2,391,5.583,7.088,2.099,0.01,14.78,0
none,1,2,392,5.345,9.07,4.167,0.011,18.594,0
none,1,2,393,5.63,8.336,2.311,0.012,16.29,0
none,1,2,394,5.69,9.588,3.212,0.013,18.503,0
none,1,2,395,5.412,8.024,1.865,0.01,15.312,0
none,1,2,396,5.564,7.061,2.335,0.01,14.97,0
none,1,2,397,5.516,6.867,1.316,0.011,13.71,0
none,1,2,398,5.526,8.697,2.287,0.014,16.523,0
none,1,2,399,5.423,7.875,3.204,0.011,16.513,0
none,1,2,400,5.355,8.44,2.738,0.011,16.544,0
none,1,2,401,5.401,8.937,4.993,0.013,19.345,0
none,1,2,402,5.433,8.19,2.91,0.011,16.545,0
none,1,2,403,5.375,8.46,3.827,0.013,17.675,0
none,1,2,404,5.363,8.124,4.211,0.011,17.709,0
none,1,2,405,5.479,7.467,2.135,0.013,15.095,0
none,1,2,406,5.99,7.69,3.279,0.012,16.97,0
none,1,2,407,5.344,6.988,1.912,0.011,14.255,0
none,1,2,408,5.554,7.339,3.48,0.013,16.386,0
none,1,2,409,5.711,6.996,2.656,0.013,15.377,0
none,1,2,410,5.361,7.822,2.206,0.011,15.399,0
none,1,2,411,5.44,7.394,4.651,0.013,17.498,0
none,1,2,412,6.055,8.323,4.985,0.016,19.379,0
none,1,2,413,6.387,7.476,3.757,0.014,17.635,0
none,1,2,414,5.441,7.769,1.979,0.012,15.201,0
none,1,2,415,5.429,7.82,2.75,0.011,16.01,0
none,1,2,416,7.011,8.708,3.353,0.011,19.082,0
none,1,2,417,5.546,7.098,1.971,0.011,14.625,0
none,1,2,418,6.347,7.085,1.73,0.011,15.173,0
none,1,2,419,5.607,8.201,1.748,0.012,15.567,0
none,1,2,420,6.333,7.548,3.297,0.011,17.188,0
none,1,2,421,5.495,7.851,2.517,0.018,15.88,0
none,1,2,422,5.501,10.706,2.605,0.012,18.823,0
none,1,2,423,5.572,7.265,3.011,0.012,15.86,0
none,1,2,424,5.511,8.095,2.127,0.01,15.744,0
none,1,2,425,5.561,8.573,2.772,0.011,16.916,0
none,1,2,426,5.667,7.368,2.643,0.011,15.688,0
none,1,2,427,6.538,9.136,2.464,0.01,18.148,0
none,1,2,428,5.431,9.204,1.964,0.011,16.611,0
none,1,2,429,5.454,7.083,1.355,0.01,13.903,0
none,1,2,430,5.598,7.984,2.69,0.01,16.283,0
none,1,2,431,5.697,7.822,3.182,0.015,16.716,0
none,1,2,432,5.525,7.998,1.618,0.01,15.151,0
none,1,2,433,5.624,10.212,1.987,0.01,17.833,0
none,1,2,434,5.692,7.056,2.795,0.014,15.557,0
none,1,2,435,5.606,9.527,2.049,0.011,17.193,0
none,1,2,436,5.557,6.908,2.492,0.014,14.971,0
none,1,2,437,6.285,7.881,3.128,0.011,17.305,0
none,1,2,438,5.541,8.066,2.654,0.011,16.272,0
none,1,2,439,5.554,10.159,2.102,0.011,17.826,0
none,1,2,440,6.087,8.113,3.347,0.01,17.556,0
none,1,2,441,5.821,8.395,2.011,1.008,17.236,0
none,1,2,442,6.551,7.996,2.113,0.013,16.673,0
none,1,2,443,5.664,7.584,1.788,0.011,15.047,0
none,1,2,444,5.709,7.276,1.838,0.011,14.834,0
none,1,2,445,5.803,6.882,2.192,0.012,14.889,0
none,1,2,446,5.626,6.802,3.896,0.014,16.337,0
none,1,2,447,5.581,7.767,1.837,0.011,15.195,0
none,1,2,448,5.818,8.005,1.904,0.01,15.738,0
none,1,2,449,5.527,8.242,2.761,0.015,16.545,0
none,1,2,450,5.462,7.969,2.704,0.012,16.148,0
none,1,2,451,5.442,10.729,4.913,0.012,21.097,0
none,1,2,452,5.467,8.578,3.514,0.011,17.569,0
none,1,2,453,5.423,8.015,5.356,0.013,18.807,0
none,1,2,454,5.488,8.231,8.098,0.011,21.828,0
none,1,2,455,5.488,7.435,1.572,0.009,14.505,0
none,1,2,456,5.577,9.572,2.878,0.012,18.039,0
none,1,2,457,6.903,7.989,2.363,0.011,17.266,0
none,1,2,458,6.541,7.138,2.09,0.012,15.781,0
none,1,2,459,5.601,7.234,3.621,0.01,16.465,0
none,1,2,460,7.242,7.397,1.952,0.011,16.601,0
none,1,2,461,5.58,7.08,2.301,0.011,14.972,0
none,1,2,462,5.882,7.709,2.545,0.013,16.149,0
none,1,2,463,5.496,7.314,2.029,0.012,14.851,0
none,1,2,464,5.599,6.971,1.715,0.01,14.295,0
none,1,2,465,5.691,7.463,3.44,0.015,16.609,0
none,1,2,466,5.466,8.559,2.142,0.012,16.179,0
none,1,2,467,5.416,8.493,2.355,0.01,16.274,0
none,1,2,468,5.569,7.241,2.789,0.01,15.609,0
none,1,2,469,5.582,7.342,2.404,0.01,15.338,0
none,1,2,470,5.457,7.26,3.026,0.011,15.754,0
none,1,2,471,5.584,7.18,5.489,0.012,18.265,0
none,1,2,472,5.562,7.727,2.665,0.01,15.964,0
none,1,2,473,5.583,7.974,3.088,0.011,16.656,0
none,1,2,474,6.398,10.612,2.953,0.011,19.974,0
none,1,3,30,5.697,7.761,3.093,0.015,16.567,0
none,1,3,31,6.346,7.864,2.318,0.014,16.542,0
none,1,3,32,6.105,13.235,9.389,0.032,28.762,0
none,1,3,33,5.409,8.814,1.914,0.012,16.15,0
none,1,3,34,5.748,7.29,2.579,0.012,15.63,0
none,1,3,35,5.426,7.035,3.362,0.011,15.833,0
none,1,3,36,5.357,7.202,5.093,0.01,17.662,0
none,1,3,37,5.442,7.495,5.309,0.014,18.26,0
none,1,3,38,5.637,7.214,3.734,0.014,16.598,0
none,1,3,39,5.42,7.685,2.373,0.013,15.492,0
none,1,3,40,5.368,8.081,2.458,0.011,15.918,0
none,1,3,41,5.295,7.77,5.785,0.012,18.862,0
none,1,3,42,5.397,7.241,1.731,0.009,14.378,0
none,1,3,43,5.419,9.257,2.586,0.011,17.274,0
none,1,3,44,5.622,9.229,5.507,0.012,20.371,0
none,1,3,45,5.552,9.828,2.095,0.012,17.486,0
none,1,3,46,5.324,6.743,5.161,0.012,17.239,0
none,1,3,47,5.353,7.607,2.045,0.011,15.016,0
none,1,3,48,5.492,7.061,2.006,0.014,14.573,0
none,1,3,49,5.358,7.727,2.737,0.014,15.837,0
none,1,3,50,5.369,7.288,2.231,0.012,14.9,0
none,1,3,51,5.706,7.052,3.879,0.012,16.649,0
none,1,3,52,5.513,7.214,3.265,0.011,16.003,0
none,1,3,53,6.174,8.314,2.627,0.013,17.129,0
none,1,3,54,5.314,7.207,1.874,0.011,14.406,0
none,1,3,55,5.491,8.159,1.506,0.011,15.167,0
none,1,3,56,5.3,7.667,3.175,0.012,16.154,0
none,1,3,57,5.233,8.085,2.984,0.011,16.313,0
none,1,3,58,5.736,7.227,3.667,0.012,16.641,0
none,1,3,59,5.557,7.634,2.805,0.012,16.008,0
none,1,3,60,5.229,10.767,4.2,0.015,20.211,0
none,1,3,61,5.422,7.544,2.584,0.011,15.561,0
none,1,3,62,5.324,7.203,2.509,0.011,15.048,0
none,1,3,63,5.48,7.7,2.006,0.01,15.196,0
none,1,3,64,5.617,9.609,2.528,0.014,17.768,0
none,1,3,65,6.405,7.9,1.998,0.013,16.316,0
none,1,3,66,5.308,8.309,3.508,0.012,17.137,0
none,1,3,67,5.424,7.711,3.148,0.013,16.296,0
none,1,3,68,5.352,7.777,2.061,0.011,15.2,0
none,1,3,69,5.248,9.317,3.904,0.015,18.484,0
none,1,3,70,5.593,7.806,4.369,0.012,17.781,0
none,1,3,71,5.264,8.833,3.515,0.012,17.624,0
none,1,3,72,5.953,7.214,2.015,0.011,15.192,0
none,1,3,73,5.374,7.383,3.095,0.012,15.863,0
none,1,3,74,5.366,6.947,4.999,0.011,17.323,0
none,1,3,75,5.537,7.861,2.806,0.013,16.215,0
none,1,3,76,5.349,7.763,2.138,0.016,15.267,0
none,1,3,77,5.736,7.169,1.822,0.011,14.737,0
none,1,3,78,5.746,7.921,1.976,0.011,15.653,0
none,1,3,79,5.337,7.259,1.92,0.012,14.528,0
none,1,3,80,5.396,7.319,2.366,0.013,15.094,0
none,1,3,81,6.277,7.385,1.906,0.01,15.579,0
none,1,3,82,5.467,7.7,1.724,0.011,14.901,0
none,1,3,83,6.837,7.106,2.166,0.012,16.121,0
none,1,3,84,5.529,6.919,3.311,0.017,15.775,0
none,1,3,85,5.523,10.265,1.351,0.011,17.15,0
none,1,3,86,5.504,7.579,4.726,0.015,17.824,0
none,1,3,87,6.473,7.455,2.207,0.012,16.147,0
none,1,3,88,5.69,7.112,6.139,0.012,18.954,0
none,1,3,89,5.448,6.927,2.981,0.013,15.368,0
none,1,3,90,5.497,7.401,2.021,0.011,14.929,0
none,1,3,91,5.474,8.615,2.7,0.012,16.801,0
none,1,3,92,5.49,10.219,4.247,0.065,20.022,0
none,1,3,93,6.881,11.049,4.302,0.014,22.246,0
none,1,3,94,5.581,8.302,2.786,0.029,16.697,0
none,1,3,95,6.266,8.229,2.617,0.012,17.124,0
none,1,3,96,6.41,8.107,3.762,0.011,18.29,0
none,1,3,97,5.935,7.717,2.442,0.017,16.11,0
none,1,3,98,5.977,7.318,1.709,0.011,15.014,0
none,1,3,99,5.643,7.406,1.675,0.012,14.737,0
none,1,3,100,6.05,7.37,4.146,0.012,17.577,0
none,1,3,101,5.263,9.533,1.565,0.015,16.376,0
none,1,3,102,5.383,7.58,2.208,0.014,15.184,0
none,1,3,103,5.401,7.676,2.475,0.013,15.565,0
none,1,3,104,6.431,7.419,1.073,0.01,14.933,0
none,1,3,105,5.548,7.933,3.611,0.016,17.107,0
none,1,3,106,6.201,7.363,1.815,0.013,15.392,0
none,1,3,107,6.995,7.151,2.414,0.021,16.581,0
none,1,3,108,9.428,7.099,2.842,0.014,19.385,0
none,1,3,109,5.459,7.813,6.031,0.019,19.322,0
none,1,3,110,5.508,8.192,3.5,0.02,17.22,0
none,1,3,111,5.508,8.051,1.903,0.014,15.476,0
none,1,3,112,5.547,7.774,6.667,0.024,20.012,0
none,1,3,113,6.003,8.034,2.003,0.018,16.057,0
none,1,3,114,5.449,8.612,4.647,0.014,18.721,0
none,1,3,115,5.475,7.486,3.42,0.016,16.397,0
none,1,3,116,5.536,8.867,4.706,0.02,19.128,0
none,1,3,117,8.679,6.868,7.116,0.016,22.679,0
none,1,3,118,5.557,7.068,4.858,0.017,17.501,0
none,1,3,119,5.53,10.166,1.742,0.013,17.451,0
none,1,3,120,5.831,8.002,3.727,0.012,17.573,0
none,1,3,121,6.122,7.317,3.688,0.012,17.139,0
none,1,3,122,6.377,7.108,3.621,0.013,17.118,0
none,1,3,123,5.35,7.504,2.817,0.012,15.684,0
none,1,3,124,5.459,7.909,4.813,0.017,18.198,0
none,1,3,125,5.405,7.393,1.875,0.018,14.691,0
none,1,3,126,5.977,7.467,2.266,0.013,15.724,0
none,1,3,127,6.423,7.304,3.227,0.012,16.965,0
none,1,3,128,5.474,7.432,2.798,0.012,15.717,0
none,1,3,129,5.747,7.028,3.019,0.014,15.807,0
none,1,3,130,5.59,7.119,2.749,0.013,15.471,0
none,1,3,131,5.379,7.716,3.292,0.013,16.401,0
none,1,3,132,5.35,7.558,3.924,0.023,16.855,0
none,1,3,133,5.879,8.006,3.37,0.014,17.268,0
none,1,3,134,5.391,7.782,4.956,0.02,18.15,0
none,1,3,135,5.441,8.113,2.421,0.014,15.988,0
none,1,3,136,6.169,11.376,3.457,0.015,21.018,0
none,1,3,137,5.589,7.664,2.035,0.012,15.301,0
none,1,3,138,5.416,6.849,3.868,0.013,16.146,0
none,1,3,139,6.93,8.958,2.343,0.012,18.243,0
none,1,3,140,5.818,7.129,2.377,0.011,15.335,0
none,1,3,141,6.098,7.414,3.85,0.017,17.379,0
none,1,3,142,7.02,8.227,3.607,0.012,18.866,0
none,1,3,143,6.03,7.659,6.362,0.014,20.064,0
none,1,3,144,6.483,7.147,3.358,0.015,17.002,0
none,1,3,145,6.42,8.88,1.687,0.013,17.0,0
none,1,3,146,6.122,8.029,2.644,0.013,16.808,0
none,1,3,147,5.781,7.539,2.662,0.011,15.994,0
none,1,3,148,5.744,8.687,3.262,0.013,17.706,0
none,1,3,149,5.567,7.693,3.733,0.014,17.007,0
none,1,3,150,6.041,7.941,2.217,0.014,16.213,0
none,1,3,151,8.226,7.522,2.356,0.015,18.12,0
none,1,3,152,7.602,7.869,4.016,0.014,19.501,0
none,1,3,153,5.773,7.428,1.719,0.011,14.932,0
none,1,3,154,6.061,6.985,2.761,0.016,15.823,0
none,1,3,155,6.769,7.295,2.041,0.012,16.118,0
none,1,3,156,5.817,7.289,3.513,0.014,16.633,0
none,1,3,157,6.224,7.724,2.828,0.014,16.79,0
none,1,3,158,5.563,7.03,2.083,0.014,14.69,0
none,1,3,159,5.731,8.235,3.174,0.014,17.153,0
none,1,3,160,6.485,10.739,2.731,0.012,19.967,0
none,1,3,161,5.824,7.916,2.246,0.012,15.998,0
none,1,3,162,5.689,7.536,3.648,0.012,16.885,0
none,1,3,163,6.256,14.059,3.635,0.014,23.964,0
none,1,3,164,7.929,7.959,2.344,0.013,18.245,0
none,1,3,165,5.647,8.41,7.373,0.016,21.446,0
none,1,3,166,6.914,7.977,2.09,0.016,16.997,0
none,1,3,167,6.823,8.643,3.703,0.016,19.185,0
none,1,3,168,6.222,9.412,2.891,0.015,18.54,0
none,1,3,169,5.998,7.568,4.059,0.337,17.962,0
none,1,3,170,6.0,7.414,2.234,0.011,15.659,0
none,1,3,171,5.771,7.589,1.908,0.011,15.279,0
none,1,3,172,5.643,7.199,3.611,0.015,16.468,0
none,1,3,173,5.651,7.33,1.658,0.012,14.651,0
none,1,3,174,5.879,10.509,2.43,0.012,18.83,0
none,1,3,175,5.565,7.649,2.528,0.013,15.754,0
none,1,3,176,6.698,8.176,1.725,0.012,16.61,0
none,1,3,177,5.879,7.906,5.612,0.022,19.419,0
none,1,3,178,7.436,8.47,6.632,0.013,22.551,0
none,1,3,179,6.298,9.214,4.946,0.013,20.471,0
none,1,3,180,5.883,9.676,4.56,0.02,20.138,0
none,1,3,181,5.971,7.986,2.576,0.017,16.549,0
none,1,3,182,5.432,8.017,2.072,0.015,15.536,0
none,1,3,183,6.914,7.143,1.661,0.012,15.73,0
none,1,3,184,5.929,7.054,1.439,0.011,14.432,0
none,1,3,185,5.53,7.117,2.747,0.012,15.406,0
none,1,3,186,6.557,8.662,2.767,0.016,18.002,0
none,1,3,187,5.847,9.997,2.826,0.028,18.699,0
none,1,3,188,7.684,6.798,2.656,0.045,17.183,0
none,1,3,189,8.717,7.088,2.122,0.013,17.939,0
none,1,3,190,5.849,7.279,1.87,0.013,15.011,0
none,1,3,191,5.522,9.228,3.112,0.021,17.883,0
none,1,3,192,5.57,13.471,9.951,0.018,29.011,0
none,1,3,193,5.858,9.937,3.093,0.015,18.904,0
none,1,3,194,5.552,8.197,4.072,0.018,17.839,0
none,1,3,195,5.911,8.181,4.609,0.014,18.714,0
none,1,3,196,9.143,8.424,6.995,0.017,24.578,0
none,1,3,197,6.507,8.148,3.028,0.016,17.699,0
none,1,3,198,5.495,7.679,2.359,0.025,15.559,0
none,1,3,199,6.587,6.964,2.808,0.014,16.373,0
none,1,3,200,9.771,9.051,4.077,0.021,22.921,0
none,1,3,201,7.363,7.709,2.816,0.015,17.903,0
none,1,3,202,6.543,7.866,2.73,0.013,17.151,0
none,1,3,203,6.228,8.488,3.501,0.013,18.231,0
none,1,3,204,5.94,7.883,2.404,0.014,16.242,0
none,1,3,205,7.133,8.364,2.692,0.011,18.2,0
none,1,3,206,5.784,8.405,4.484,0.018,18.691,0
none,1,3,207,5.621,7.544,2.545,0.017,15.728,0
none,1,3,208,5.481,7.442,1.595,0.014,14.532,0
none,1,3,209,7.77,7.297,1.397,0.01,16.474,0
none,1,3,210,5.728,7.291,3.671,0.013,16.703,0
none,1,3,211,6.347,10.515,4.405,0.015,21.282,0
none,1,3,212,5.525,7.632,1.551,0.013,14.721,0
none,1,3,213,7.521,7.564,1.477,0.012,16.574,0
none,1,3,214,5.586,9.277,2.097,0.011,16.972,0
none,1,3,215,5.415,7.846,2.618,0.011,15.89,0
none,1,3,216,5.395,8.059,2.396,0.012,15.861,0
none,1,3,217,5.644,8.133,4.082,0.013,17.871,0
none,1,3,218,5.49,8.4,4.585,0.011,18.486,0
none,1,3,219,6.339,7.261,2.708,0.014,16.322,0
none,1,3,220,5.471,7.7,4.102,0.013,17.286,0
none,1,3,221,5.428,7.833,2.34,0.012,15.613,0
none,1,3,222,5.782,7.266,3.677,0.02,16.745,0
none,1,3,223,5.487,8.528,2.171,0.011,16.196,0
none,1,3,224,6.154,7.938,2.535,0.015,16.642,0
none,1,3,225,5.598,7.452,1.795,0.011,14.856,0
none,1,3,226,5.741,7.398,1.589,0.01,14.738,0
none,1,3,227,5.48,7.064,1.614,0.01,14.168,0
none,1,3,228,5.7,7.435,1.719,0.01,14.864,0
none,1,3,229,5.639,8.731,1.599,0.01,15.98,0
none,1,3,230,5.405,7.581,1.596,0.011,14.591,0
none,1,3,231,5.591,7.101,2.618,0.013,15.324,0
none,1,3,232,5.614,9.039,2.108,0.011,16.771,0
none,1,3,233,6.039,8.828,2.542,0.013,17.422,0
none,1,3,234,5.356,8.659,2.221,0.011,16.246,0
none,1,3,235,5.459,7.383,3.292,0.013,16.148,0
none,1,3,236,5.755,8.24,1.43,0.01,15.436,0
none,1,3,237,5.564,7.067,3.928,0.015,16.574,0
none,1,3,238,6.634,7.667,2.777,0.012,17.089,0
none,1,3,239,5.406,7.584,7.672,0.014,20.676,0
none,1,3,240,5.91,7.68,3.458,0.012,17.06,0
none,1,3,241,5.753,6.875,2.662,0.013,15.304,0
none,1,3,242,5.457,7.177,2.457,0.01,15.101,0
none,1,3,243,5.797,7.242,2.024,0.011,15.074,0
none,1,3,244,5.521,7.671,3.073,0.015,16.281,0
none,1,3,245,5.924,7.266,3.207,0.037,16.435,0
none,1,3,246,5.438,8.316,1.702,0.01,15.466,0
none,1,3,247,5.83,7.376,2.673,0.013,15.892,0
none,1,3,248,5.412,7.961,3.359,0.011,16.742,0
none,1,3,249,5.891,7.606,2.122,0.012,15.632,0
none,1,3,250,5.929,6.908,3.872,0.011,16.72,0
none,1,3,251,5.723,7.52,3.128,0.01,16.381,0
none,1,3,252,6.888,7.241,2.243,0.012,16.383,0
none,1,3,253,5.714,8.854,1.909,0.011,16.489,0
none,1,3,254,5.45,8.148,1.968,0.012,15.579,0
none,1,3,255,5.402,7.227,2.087,0.011,14.726,0
none,1,3,256,5.431,7.702,1.363,0.014,14.511,0
none,1,3,257,5.467,7.413,1.525,0.011,14.417,0
none,1,3,258,5.456,8.137,3.414,0.012,17.018,0
none,1,3,259,5.52,7.79,5.106,0.012,18.429,0
none,1,3,260,5.36,8.638,2.265,0.011,16.273,0
none,1,3,261,5.808,8.288,2.516,0.012,16.623,0
none,1,3,262,5.772,8.198,3.128,0.09,17.188,0
none,1,3,263,5.985,8.292,3.736,0.013,18.026,0
none,1,3,264,5.65,8.408,3.135,0.01,17.204,0
none,1,3,265,5.461,8.209,3.758,0.011,17.439,0
none,1,3,266,5.427,7.096,2.387,0.01,14.92,0
none,1,3,267,6.014,7.886,3.547,0.015,17.461,0
none,1,3,268,5.589,8.533,3.116,0.015,17.252,0
none,1,3,269,5.869,7.48,2.792,0.011,16.152,0
none,1,3,270,5.695,7.387,4.922,0.012,18.017,0
none,1,3,271,5.852,8.339,2.321,0.011,16.523,0
none,1,3,272,5.353,8.909,4.238,0.013,18.514,0
none,1,3,273,5.651,8.53,3.309,0.011,17.502,0
none,1,3,274,7.024,7.958,8.37,0.014,23.367,0
none,1,3,275,6.876,8.43,4.623,0.013,19.941,0
none,1,3,276,5.495,8.423,4.456,0.011,18.385,0
none,1,3,277,7.005,7.023,2.521,0.011,16.561,0
none,1,3,278,5.974,7.055,1.315,0.011,14.355,0
none,1,3,279,5.544,7.827,2.43,0.011,15.813,0
none,1,3,280,5.568,8.06,2.011,0.01,15.65,0
none,1,3,281,6.05,7.31,3.447,0.012,16.818,0
none,1,3,282,5.679,7.597,4.413,0.014,17.702,0
none,1,3,283,5.481,8.439,2.009,0.012,15.943,0
none,1,3,284,5.812,7.331,1.432,0.013,14.59,0
none,1,3,285,5.405,7.522,2.811,0.01,15.749,0
none,1,3,286,5.42,8.508,2.893,0.012,16.832,0
none,1,3,287,5.631,8.518,1.439,0.011,15.6,0
none,1,3,288,5.468,7.33,4.408,0.011,17.217,0
none,1,3,289,5.816,7.844,1.864,0.013,15.537,0
none,1,3,290,5.763,8.177,1.922,0.012,15.875,0
none,1,3,291,5.655,8.095,1.848,0.01,15.607,0
none,1,3,292,5.814,7.131,2.825,0.01,15.78,0
none,1,3,293,6.245,7.252,2.229,0.013,15.739,0
none,1,3,294,5.729,7.104,3.285,0.012,16.13,0
none,1,3,295,7.537,8.189,2.295,0.012,18.033,0
none,1,3,296,5.778,7.194,3.554,0.012,16.537,0
none,1,3,297,5.723,7.82,2.546,0.011,16.1,0
none,1,3,298,5.515,8.327,3.135,0.011,16.988,0
none,1,3,299,5.894,7.377,2.206,0.012,15.49,0
none,1,3,300,5.702,7.206,2.556,0.019,15.484,0
none,1,3,301,5.559,8.603,2.747,0.014,16.922,0
none,1,3,302,5.531,7.904,4.093,0.012,17.539,0
none,1,3,303,5.904,8.896,5.142,0.012,19.955,0
none,1,3,304,5.632,6.926,4.43,0.012,17.0,0
none,1,3,305,6.251,7.75,2.213,0.011,16.225,0
none,1,3,306,5.741,8.502,2.455,0.012,16.709,0
none,1,3,307,5.535,7.167,1.954,0.011,14.667,0
none,1,3,308,5.396,7.573,2.983,0.012,15.964,0
none,1,3,309,7.374,8.178,5.012,0.012,20.576,0
none,1,3,310,5.747,7.14,1.52,0.012,14.419,0
none,1,3,311,5.425,7.234,3.313,0.01,15.983,0
none,1,3,312,5.77,9.078,2.848,0.011,17.707,0
none,1,3,313,5.521,7.581,3.55,0.014,16.665,0
none,1,3,314,5.552,8.335,2.813,0.012,16.713,0
none,1,3,315,5.933,7.369,2.076,1.145,16.522,0
none,1,3,316,10.192,8.492,3.0,0.013,21.696,0
none,1,3,317,6.399,8.361,4.093,0.013,18.867,0
none,1,3,318,8.003,8.239,2.824,0.014,19.081,0
none,1,3,319,5.42,8.453,3.329,0.013,17.216,0
none,1,3,320,5.546,7.496,1.648,0.011,14.7,0
none,1,3,321,5.893,7.489,1.8,0.01,15.191,0
none,1,3,322,6.38,9.657,2.591,0.011,18.638,0
none,1,3,323,5.656,9.731,3.277,0.011,18.675,0
none,1,3,324,5.538,7.869,2.735,0.011,16.153,0
none,1,3,325,5.487,8.618,3.86,0.011,17.975,0
none,1,3,326,6.61,8.396,1.898,0.012,16.917,0
none,1,3,327,5.509,7.405,1.969,0.011,14.895,0
none,1,3,328,5.659,7.195,2.482,0.011,15.346,0
none,1,3,329,5.445,7.993,2.685,0.011,16.134,0
none,1,3,330,5.569,8.08,1.978,0.01,15.637,0
none,1,3,331,5.821,7.961,2.858,0.013,16.653,0
none,1,3,332,5.588,7.89,3.737,0.014,17.228,0
none,1,3,333,6.525,7.651,3.224,0.016,17.416,0
none,1,3,334,6.052,11.396,5.63,0.013,23.09,0
none,1,3,335,5.578,7.847,4.573,0.013,18.012,0
none,1,3,336,5.78,9.027,2.666,0.014,17.487,0
none,1,3,337,5.875,8.246,2.9,0.012,17.033,0
none,1,3,338,5.717,7.783,2.048,0.012,15.56,0
none,1,3,339,5.497,7.158,1.746,0.011,14.413,0
none,1,3,340,5.669,7.556,2.713,0.012,15.95,0
none,1,3,341,5.603,10.621,2.281,0.011,18.517,0
none,1,3,342,5.448,7.675,2.759,0.011,15.894,0
none,1,3,343,5.617,7.061,3.92,0.012,16.609,0
none,1,3,344,5.658,8.867,2.865,0.012,17.402,0
none,1,3,345,5.556,9.718,3.341,0.014,18.63,0
none,1,3,346,6.056,8.603,2.501,0.013,17.172,0
none,1,3,347,5.531,7.018,1.441,0.011,14.0,0
none,1,3,348,5.818,6.983,2.673,0.011,15.485,0
none,1,3,349,5.489,6.915,2.601,0.01,15.015,0
none,1,3,350,5.765,7.108,2.037,0.011,14.921,0
none,1,3,351,5.648,9.928,2.877,0.012,18.466,0
none,1,3,352,5.72,7.263,3.982,0.012,16.977,0
none,1,3,353,5.606,11.324,3.634,0.016,20.58,0
none,1,3,354,6.265,8.454,2.809,0.021,17.549,0
none,1,3,355,6.077,8.457,7.557,0.014,22.105,0
none,1,3,356,5.823,8.086,6.28,0.012,20.201,0
none,1,3,357,5.595,8.481,1.703,0.011,15.79,0
none,1,3,358,5.441,7.753,4.84,0.016,18.049,0
none,1,3,359,6.455,8.047,3.517,0.013,18.032,0
none,1,3,360,6.057,7.42,5.318,0.015,18.81,0
none,1,3,361,6.086,7.769,2.276,0.011,16.143,0
none,1,3,362,6.024,7.363,2.752,0.013,16.152,0
none,1,3,363,5.685,8.231,2.162,0.011,16.089,0
none,1,3,364,5.631,7.702,1.401,0.01,14.745,0
none,1,3,365,5.445,8.219,2.204,0.012,15.88,0
none,1,3,366,5.853,7.53,2.823,0.013,16.218,0
none,1,3,367,5.408,7.266,2.059,0.013,14.746,0
none,1,3,368,5.471,6.932,1.143,0.01,13.556,0
none,1,3,369,5.508,7.162,1.56,0.011,14.241,0
none,1,3,370,5.425,7.072,2.102,0.011,14.609,0
none,1,3,371,5.454,8.436,4.659,0.015,18.564,0
none,1,3,372,5.907,7.778,2.846,0.011,16.541,0
none,1,3,373,5.617,7.627,2.567,0.01,15.821,0
none,1,3,374,5.41,7.509,1.471,0.01,14.4,0
none,1,3,375,5.48,8.192,1.518,0.01,15.201,0
none,1,3,376,5.412,7.308,2.44,0.011,15.171,0
none,1,3,377,6.512,7.641,1.488,0.01,15.651,0
none,1,3,378,5.492,8.594,1.708,0.011,15.804,0
none,1,3,379,5.598,8.287,2.704,0.013,16.601,0
none,1,3,380,5.686,7.151,1.576,0.014,14.427,0
none,1,3,381,5.726,9.601,5.917,0.013,21.257,0
none,1,3,382,5.44,7.764,2.376,0.011,15.592,0
none,1,3,383,5.676,7.839,2.578,0.014,16.107,0
none,1,3,384,5.53,8.053,3.456,0.011,17.05,0
none,1,3,385,5.294,6.951,1.645,0.011,13.9,0
none,1,3,386,5.579,8.287,4.366,0.015,18.246,0
none,1,3,387,5.482,8.397,3.698,0.012,17.589,0
none,1,3,388,5.51,8.108,4.476,0.012,18.106,0
none,1,3,389,5.527,10.51,2.042,0.011,18.09,0
none,1,3,390,5.423,8.79,1.371,0.011,15.594,0
none,1,3,391,5.494,8.363,1.352,0.011,15.222,0
none,1,3,392,5.352,9.186,3.264,0.019,17.821,0
none,1,3,393,5.555,7.9,1.939,0.013,15.408,0
none,1,3,394,5.291,7.443,1.242,0.013,13.989,0
none,1,3,395,5.269,8.69,3.193,0.013,17.165,0
none,1,3,396,6.54,8.571,2.638,0.013,17.761,0
none,1,3,397,5.265,8.012,1.871,0.012,15.16,0
none,1,3,398,6.085,7.922,1.493,0.012,15.513,0
none,1,3,399,5.309,7.975,1.685,0.011,14.98,0
none,1,3,400,5.341,6.795,1.867,0.012,14.016,0
none,1,3,401,5.412,8.539,3.79,0.012,17.753,0
none,1,3,402,5.535,8.236,2.265,0.015,16.052,0
none,1,3,403,5.393,7.998,3.412,0.013,16.815,0
none,1,3,404,5.895,7.811,4.841,0.016,18.562,0
none,1,3,405,6.887,8.3,3.768,0.012,18.966,0
none,1,3,406,5.346,8.642,3.412,0.013,17.413,0
none,1,3,407,5.219,8.253,4.112,0.015,17.599,0
none,1,3,408,5.344,8.478,2.253,0.013,16.088,0
none,1,3,409,5.345,8.132,1.699,0.014,15.19,0
none,1,3,410,5.308,6.92,1.111,0.012,13.351,0
none,1,3,411,5.161,11.13,1.45,0.013,17.755,0
none,1,3,412,5.22,7.034,5.437,0.013,17.703,0
none,1,3,413,5.631,9.765,1.249,0.015,16.659,0
none,1,3,414,5.44,7.901,1.602,0.013,14.956,0
none,1,3,415,5.307,7.913,1.641,0.013,14.874,0
none,1,3,416,5.373,7.501,1.952,0.012,14.838,0
none,1,3,417,5.332,7.534,0.883,0.013,13.762,0
none,1,3,418,5.59,7.044,0.91,0.01,13.554,0
none,1,3,419,5.357,8.132,2.137,0.014,15.64,0
none,1,3,420,5.418,8.0,1.687,0.014,15.119,0
none,1,3,421,6.508,7.229,1.525,0.013,15.274,0
none,1,3,422,7.115,7.42,1.267,0.013,15.815,0
none,1,3,423,6.961,7.705,3.302,0.014,17.982,0
none,1,3,424,6.806,7.836,2.705,0.016,17.364,0
none,1,3,425,5.266,7.012,3.467,0.012,15.757,0
none,1,3,426,5.142,7.942,1.094,0.012,14.191,0
none,1,3,427,5.145,7.987,2.026,0.014,15.171,0
none,1,3,428,5.597,8.124,2.699,0.015,16.435,0
none,1,3,429,5.387,7.439,1.934,0.012,14.772,0
none,1,3,430,5.483,7.044,2.857,0.013,15.396,0
none,1,3,431,5.828,9.05,1.527,0.014,16.42,0
none,1,3,432,5.189,8.129,3.178,0.017,16.513,0
none,1,3,433,5.279,7.72,2.131,0.015,15.144,0
none,1,3,434,6.625,7.491,1.12,0.014,15.25,0
none,1,3,435,5.172,7.61,2.955,0.015,15.752,0
none,1,3,436,5.551,8.217,0.829,0.013,14.61,0
none,1,3,437,5.13,7.024,1.048,0.01,13.211,0
none,1,3,438,5.179,9.014,7.409,0.013,21.615,0
none,1,3,439,5.165,11.002,1.716,0.012,17.895,0
none,1,3,440,5.175,6.925,5.567,0.012,17.679,0
none,1,3,441,5.191,7.962,3.086,0.012,16.251,0
none,1,3,442,5.53,8.809,2.279,0.014,16.632,0
none,1,3,443,5.597,8.51,3.346,0.018,17.471,0
none,1,3,444,5.242,8.77,1.15,0.017,15.179,0
none,1,3,445,5.284,7.3,2.317,0.012,14.914,0
none,1,3,446,5.41,6.89,2.153,0.786,15.239,0
none,1,3,447,9.527,7.183,2.645,0.011,19.366,0
none,1,3,448,5.832,9.033,1.829,0.012,16.706,0
none,1,3,449,5.391,10.948,1.489,0.011,17.838,0
none,1,3,450,5.824,6.858,3.131,0.011,15.824,0
none,1,3,451,5.662,6.979,2.612,0.012,15.266,0
none,1,3,452,5.263,7.318,3.601,0.02,16.202,0
none,1,3,453,5.342,8.104,1.83,0.013,15.29,0
none,1,3,454,6.059,11.173,3.111,0.012,20.356,0
none,1,3,455,5.15,8.16,4.006,0.013,17.33,0
none,1,3,456,5.259,9.282,3.872,0.013,18.427,0
none,1,3,457,5.325,8.469,2.64,0.013,16.447,0
none,1,3,458,5.11,8.439,2.547,0.012,16.108,0
none,1,3,459,5.325,11.025,3.869,0.013,20.232,0
none,1,3,460,5.262,9.687,3.509,0.016,18.475,0
none,1,3,461,5.277,9.002,4.571,0.017,18.867,0
none,1,3,462,5.361,7.891,1.73,0.013,14.995,0
none,1,3,463,5.234,7.585,1.278,0.01,14.107,0
none,1,3,464,6.015,8.414,1.512,0.01,15.951,0
none,1,3,465,5.609,9.391,1.945,0.01,16.955,0
none,1,3,466,5.253,7.379,3.783,0.013,16.428,0
none,1,3,467,5.117,7.262,3.065,0.011,15.455,0
none,1,3,468,6.933,7.26,1.803,0.01,16.006,0
none,2,0,30,6.199,7.615,4.9,0.012,18.726,0
none,2,0,31,6.245,7.622,3.25,0.011,17.128,0
none,2,0,32,5.814,7.334,2.844,0.011,16.003,0
none,2,0,33,5.738,7.711,2.796,0.011,16.257,0
none,2,0,34,5.918,7.746,2.571,0.173,16.408,0
none,2,0,35,5.84,8.415,3.706,0.012,17.973,0
none,2,0,36,6.002,7.582,3.477,0.196,17.258,0
none,2,0,37,5.84,8.6,4.77,0.013,19.222,0
none,2,0,38,6.081,7.267,5.998,0.013,19.358,0
none,2,0,39,6.422,8.007,2.214,0.01,16.652,0
none,2,0,40,6.732,7.258,5.415,0.017,19.422,0
none,2,0,41,6.384,7.866,3.717,0.135,18.102,0
none,2,0,42,5.653,8.07,5.391,0.188,19.302,0
none,2,0,43,7.412,7.954,6.351,0.014,21.732,0
none,2,0,44,6.149,7.978,4.754,0.014,18.895,0
none,2,0,45,5.982,7.882,3.017,0.229,17.109,0
none,2,0,46,6.137,7.654,4.291,0.013,18.095,0
none,2,0,47,5.803,6.951,3.829,0.012,16.596,0
none,2,0,48,6.459,7.804,3.475,0.013,17.751,0
none,2,0,49,5.956,7.886,2.831,0.232,16.903,0
none,2,0,50,5.826,7.551,3.088,0.011,16.475,0
none,2,0,51,5.7,7.133,3.187,0.011,16.031,0
none,2,0,52,5.877,7.432,2.408,0.01,15.728,0
none,2,0,53,5.641,7.584,4.29,0.12,17.635,0
none,2,0,54,5.583,8.783,3.807,0.012,18.185,0
none,2,0,55,5.656,8.21,3.222,0.13,17.218,0
none,2,0,56,5.611,8.246,6.442,0.171,20.47,0
none,2,0,57,5.729,7.523,3.159,0.022,16.433,0
none,2,0,58,6.069,7.719,6.816,0.202,20.806,0
none,2,0,59,6.168,7.682,1.96,0.013,15.824,0
none,2,0,60,5.59,8.061,2.368,0.14,16.159,0
none,2,0,61,5.617,9.289,3.867,0.154,18.927,0
none,2,0,62,5.751,7.985,4.657,0.143,18.536,0
none,2,0,63,5.528,8.881,5.374,0.012,19.796,0
none,2,0,64,5.588,8.817,4.023,0.147,18.576,0
none,2,0,65,5.775,8.436,6.038,0.013,20.262,0
none,2,0,66,5.558,8.244,3.983,0.284,18.068,0
none,2,0,67,5.666,7.828,3.505,0.014,17.014,0
none,2,0,68,5.702,8.38,3.581,0.017,17.679,0
none,2,0,69,5.646,7.337,4.594,0.013,17.59,0
none,2,0,70,5.82,8.076,4.651,0.287,18.834,0
none,2,0,71,6.587,8.385,3.431,0.012,18.414,0
none,2,0,72,5.969,7.224,3.911,0.012,17.115,0
none,2,0,73,5.91,7.072,5.153,0.012,18.146,0
none,2,0,74,6.838,7.379,3.355,0.011,17.583,0
none,2,0,75,5.664,7.842,3.825,0.013,17.344,0
none,2,0,76,5.65,8.282,3.384,0.012,17.328,0
none,2,0,77,5.576,8.494,3.001,0.012,17.083,0
none,2,0,78,5.629,8.447,3.851,0.013,17.94,0
none,2,0,79,5.685,7.7,3.476,0.013,16.874,0
none,2,0,80,5.817,10.855,3.328,0.012,20.011,0
none,2,0,81,5.793,10.385,3.609,0.012,19.799,0
none,2,0,82,5.639,7.558,2.664,0.012,15.873,0
none,2,0,83,6.243,8.076,2.507,0.235,17.06,0
none,2,0,84,7.175,7.813,3.553,0.14,18.681,0
none,2,0,85,5.763,7.576,3.147,0.015,16.502,0
none,2,0,86,5.691,7.231,4.144,0.013,17.08,0
none,2,0,87,5.732,9.167,4.142,0.012,19.052,0
none,2,0,88,5.848,8.415,4.437,0.157,18.856,0
none,2,0,89,5.793,8.911,5.684,0.015,20.402,0
none,2,0,90,5.819,8.141,3.862,0.014,17.837,0
none,2,0,91,5.828,8.44,4.911,0.014,19.193,0
none,2,0,92,5.79,7.471,4.341,0.013,17.616,0
none,2,0,93,5.612,9.193,4.547,0.015,19.368,0
none,2,0,94,5.692,8.189,7.001,0.014,20.895,0
none,2,0,95,5.671,7.682,4.753,0.011,18.118,0
none,2,0,96,5.96,8.609,3.489,0.238,18.296,0
none,2,0,97,6.826,7.477,2.716,0.013,17.032,0
none,2,0,98,5.996,7.501,3.213,0.237,16.946,0
none,2,0,99,5.701,8.057,3.231,0.012,17.001,0
none,2,0,100,6.285,8.418,3.961,0.012,18.676,0
none,2,0,101,5.586,8.036,4.533,0.014,18.169,0
none,2,0,102,5.566,8.115,4.061,0.012,17.755,0
none,2,0,103,8.303,8.042,5.612,0.013,21.97,0
none,2,0,104,5.601,7.795,6.155,0.012,19.562,0
none,2,0,105,5.613,9.821,5.822,0.013,21.268,0
none,2,0,106,5.877,8.253,7.399,0.012,21.542,0
none,2,0,107,5.584,7.826,3.458,0.14,17.008,0
none,2,0,108,5.926,8.604,3.454,0.133,18.117,0
none,2,0,109,5.644,10.265,4.543,0.012,20.465,0
none,2,0,110,5.641,7.628,3.722,0.012,17.003,0
none,2,0,111,5.621,7.382,7.968,0.013,20.984,0
none,2,0,112,5.697,8.646,4.183,0.228,18.754,0
none,2,0,113,5.772,7.43,3.239,0.011,16.452,0
none,2,0,114,7.244,7.131,5.258,0.014,19.648,0
none,2,0,115,5.916,8.116,4.076,0.013,18.121,0
none,2,0,116,5.65,8.16,3.625,0.011,17.447,0
none,2,0,117,5.788,7.961,3.082,0.011,16.842,0
none,2,0,118,5.874,7.713,3.569,0.012,17.168,0
none,2,0,119,5.736,7.907,3.141,0.012,16.797,0
none,2,0,120,5.788,7.798,2.669,0.233,16.489,0
none,2,0,121,5.934,7.268,3.273,0.014,16.489,0
none,2,0,122,5.785,8.221,3.979,0.011,17.997,0
none,2,0,123,5.707,8.348,3.74,0.013,17.808,0
none,2,0,124,5.938,8.029,2.949,0.011,16.926,0
none,2,0,125,6.573,7.584,3.589,0.013,17.759,0
none,2,0,126,6.071,9.348,3.402,0.014,18.834,0
none,2,0,127,5.718,8.754,5.214,0.014,19.7,0
none,2,0,128,5.782,8.933,5.666,0.014,20.395,0
none,2,0,129,5.655,8.47,3.462,0.134,17.72,0
none,2,0,130,5.955,7.579,4.34,0.143,18.018,0
none,2,0,131,5.978,8.607,4.792,0.012,19.389,0
none,2,0,132,5.707,8.182,5.267,0.013,19.169,0
none,2,0,133,5.709,8.396,3.704,0.012,17.821,0
none,2,0,134,5.733,7.782,2.848,0.198,16.561,0
none,2,0,135,5.796,7.415,2.885,0.249,16.345,0
none,2,0,136,5.823,8.006,4.97,0.131,18.931,0
none,2,0,137,5.714,8.198,4.588,0.376,18.876,0
none,2,0,138,5.717,7.278,3.78,0.015,16.79,0
none,2,0,139,5.946,7.74,3.03,0.146,16.861,0
none,2,0,140,5.757,8.729,2.822,0.197,17.505,0
none,2,0,141,5.721,7.681,4.684,0.013,18.099,0
none,2,0,142,5.852,8.091,3.214,0.87,18.028,0
none,2,0,143,5.869,9.136,4.143,0.159,19.307,0
none,2,0,144,5.742,8.836,3.814,0.157,18.55,0
none,2,0,145,5.744,8.353,3.17,0.152,17.42,0
none,2,0,146,5.75,7.217,3.864,0.013,16.844,0
none,2,0,147,8.861,8.269,3.243,0.23,20.604,0
none,2,0,148,5.754,8.258,5.025,0.169,19.206,0
none,2,0,149,5.721,8.344,5.178,0.163,19.406,0
none,2,0,150,6.067,7.872,6.267,0.272,20.478,0
none,2,0,151,6.284,7.635,4.169,0.013,18.101,0
none,2,0,152,5.817,7.406,4.428,0.26,17.911,0
none,2,0,153,5.87,9.385,3.553,0.013,18.822,0
none,2,0,154,5.878,7.801,2.93,0.187,16.797,0
none,2,0,155,5.906,8.276,4.572,0.308,19.063,0
none,2,0,156,6.522,7.997,3.598,0.154,18.271,0
none,2,0,157,5.741,8.522,3.109,0.163,17.534,0
none,2,0,158,6.334,8.289,6.078,0.16,20.861,0
none,2,0,159,5.798,8.357,2.982,0.014,17.151,0
none,2,0,160,6.088,8.214,2.775,0.181,17.258,0
none,2,0,161,6.088,7.417,4.405,0.013,17.923,0
none,2,0,162,5.901,7.64,3.144,0.198,16.882,0
none,2,0,163,6.097,7.793,3.66,0.012,17.562,0
none,2,0,164,5.976,7.101,1.546,0.233,14.855,0
none,2,0,165,5.767,7.224,4.616,0.216,17.824,0
none,2,0,166,5.821,7.059,3.842,0.137,16.86,0
none,2,0,167,5.733,6.932,2.853,0.128,15.647,0
none,2,0,168,5.74,8.49,3.124,0.012,17.366,0
none,2,0,169,6.294,10.546,4.111,0.178,21.129,0
none,2,0,170,6.182,8.304,4.336,0.128,18.951,0
none,2,0,171,6.405,7.908,3.444,0.135,17.892,0
none,2,0,172,6.028,8.465,2.309,0.139,16.942,0
none,2,0,173,5.882,7.143,3.212,0.014,16.251,0
none,2,0,174,5.936,7.895,3.612,0.166,17.608,0
none,2,0,175,5.974,6.996,3.15,0.356,16.476,0
none,2,0,176,6.149,8.218,3.616,0.283,18.266,0
none,2,0,177,5.806,8.434,6.12,0.013,20.374,0
none,2,0,178,5.711,7.362,4.457,0.492,18.022,0
none,2,0,179,6.295,7.103,3.396,0.318,17.112,0
none,2,0,180,5.743,7.12,3.303,0.147,16.313,0
none,2,0,181,5.611,7.019,3.219,0.208,16.057,0
none,2,0,182,5.853,7.729,2.287,0.133,16.002,0
none,2,0,183,5.81,7.274,2.72,0.013,15.817,0
none,2,0,184,6.028,7.628,3.349,0.164,17.169,0
none,2,0,185,5.782,8.334,3.504,0.013,17.634,0
none,2,0,186,5.83,8.106,1.734,0.174,15.844,0
none,2,0,187,5.952,7.381,3.14,0.199,16.671,0
none,2,0,188,5.827,7.12,3.047,0.014,16.008,0
none,2,0,189,5.966,6.896,3.828,0.129,16.82,0
none,2,0,190,5.721,7.547,2.553,0.241,16.061,0
none,2,0,191,5.833,7.212,3.622,0.013,16.679,0
none,2,0,192,5.71,7.315,2.743,0.014,15.782,0
none,2,0,193,5.811,7.244,3.663,0.129,16.848,0
none,2,0,194,5.974,7.314,2.329,0.14,15.758,0
none,2,0,195,5.79,7.937,2.892,0.266,16.885,0
none,2,0,196,6.239,7.599,2.183,0.122,16.143,0
none,2,0,197,5.888,7.796,4.896,0.163,18.744,0
none,2,0,198,6.344,8.532,4.156,0.153,19.185,0
none,2,0,199,5.985,8.014,3.384,0.011,17.395,0
none,2,0,200,6.139,7.427,2.405,0.01,15.98,0
none,2,0,201,5.647,8.39,2.329,0.125,16.491,0
none,2,0,202,5.947,7.234,2.034,0.235,15.45,0
none,2,0,203,5.608,8.991,2.2,0.267,17.066,0
none,2,0,204,5.671,7.523,3.639,0.199,17.031,0
none,2,0,205,5.601,7.908,3.763,0.014,17.286,0
none,2,0,206,6.109,7.284,2.674,0.279,16.345,0
none,2,0,207,5.922,7.384,2.708,0.191,16.205,0
none,2,0,208,5.564,7.91,4.951,0.266,18.691,0
none,2,0,209,6.728,8.059,5.691,0.206,20.684,0
none,2,0,210,5.644,8.812,5.97,0.011,20.438,0
none,2,0,211,5.777,7.257,3.286,0.012,16.332,0
none,2,0,212,5.708,7.131,3.888,0.012,16.739,0
none,2,0,213,5.597,8.072,3.094,0.011,16.773,0
none,2,0,214,5.551,8.037,3.721,0.012,17.321,0
none,2,0,215,5.551,10.03,3.849,0.013,19.443,0
none,2,0,216,5.647,7.869,3.943,0.012,17.471,0
none,2,0,217,5.624,7.754,2.737,0.013,16.129,0
none,2,0,218,5.524,7.484,2.675,0.218,15.9,0
none,2,0,219,5.596,8.302,3.674,0.136,17.708,0
none,2,0,220,5.807,7.752,3.256,0.014,16.829,0
none,2,0,221,5.672,8.632,4.068,0.151,18.522,0
none,2,0,222,6.028,7.768,2.858,0.011,16.666,0
none,2,0,223,5.648,7.554,3.473,0.131,16.806,0
none,2,0,224,5.835,7.749,3.511,0.013,17.107,0
none,2,0,225,5.597,7.752,2.363,0.011,15.723,0
none,2,0,226,6.063,8.397,2.576,0.161,17.197,0
none,2,0,227,5.649,8.729,2.987,0.018,17.384,0
none,2,0,228,6.098,7.992,5.32,0.014,19.423,0
none,2,0,229,5.924,8.128,4.407,0.152,18.61,0
none,2,0,230,6.144,8.156,2.335,0.128,16.763,0
none,2,0,231,6.379,7.662,3.333,0.013,17.386,0
none,2,0,232,5.601,7.316,1.848,0.193,14.958,0
none,2,0,233,6.11,6.811,3.229,0.012,16.162,0
none,2,0,234,5.795,7.14,2.644,0.241,15.82,0
none,2,0,235,6.056,6.853,3.859,0.012,16.78,0
none,2,0,236,5.591,7.281,3.083,0.015,15.969,0
none,2,0,237,5.61,7.805,3.79,0.014,17.218,0
none,2,0,238,5.702,7.609,3.649,0.012,16.973,0
none,2,0,239,5.862,7.748,3.024,0.204,16.837,0
none,2,0,240,5.872,6.818,3.243,0.012,15.945,0
none,2,0,241,5.943,7.36,4.864,0.014,18.18,0
none,2,0,242,5.686,8.135,2.659,0.131,16.611,0
none,2,0,243,5.805,7.926,3.314,0.012,17.057,0
none,2,0,244,6.449,7.568,2.962,0.013,16.991,0
none,2,0,245,5.797,7.26,3.392,0.013,16.462,0
none,2,0,246,6.626,8.261,3.771,0.135,18.792,0
none,2,0,247,5.725,9.298,2.764,0.125,17.912,0
none,2,0,248,6.297,7.416,2.893,0.011,16.617,0
none,2,0,249,8.329,7.671,3.481,0.012,19.492,0
none,2,0,250,5.542,8.21,2.838,0.149,16.739,0
none,2,0,251,7.108,7.996,3.687,0.011,18.802,0
none,2,0,252,5.651,7.676,3.518,0.011,16.855,0
none,2,0,253,5.635,8.585,2.315,0.012,16.547,0
none,2,0,254,6.323,7.107,2.262,0.012,15.704,0
none,2,0,255,5.886,8.295,2.427,0.011,16.62,0
none,2,0,256,5.873,7.175,2.599,0.013,15.661,0
none,2,0,257,5.584,7.256,4.339,0.266,17.444,0
none,2,0,258,5.576,7.755,2.898,0.014,16.243,0
none,2,0,259,5.782,7.509,3.413,0.259,16.963,0
none,2,0,260,5.923,7.126,3.775,0.013,16.838,0
none,2,0,261,5.914,7.074,2.602,0.315,15.905,0
none,2,0,262,8.578,8.411,5.039,0.153,22.181,0
none,2,0,263,5.74,7.998,2.96,0.146,16.845,0
none,2,0,264,5.695,7.75,3.007,0.012,16.463,0
none,2,0,265,5.906,7.484,3.125,0.135,16.65,0
none,2,0,266,5.663,8.023,2.955,0.014,16.655,0
none,2,0,267,6.625,7.142,3.914,0.127,17.809,0
none,2,0,268,7.394,7.431,3.152,0.142,18.118,0
none,2,0,269,5.666,7.725,5.031,0.013,18.435,0
none,2,0,270,5.533,7.453,4.757,0.152,17.894,0
none,2,0,271,6.014,7.365,3.936,0.151,17.467,0
none,2,0,272,5.968,8.447,3.913,0.014,18.341,0
none,2,0,273,5.677,11.566,4.537,0.183,21.963,0
none,2,0,274,5.521,9.312,5.254,0.227,20.314,0
none,2,0,275,6.005,8.626,5.924,0.146,20.701,0
none,2,0,276,5.534,8.324,4.249,0.221,18.327,0
none,2,0,277,5.699,9.291,4.269,0.167,19.426,0
none,2,0,278,5.657,8.964,3.538,0.016,18.174,0
none,2,0,279,5.639,7.676,4.608,0.164,18.087,0
none,2,0,280,5.681,7.315,3.442,0.014,16.452,0
none,2,0,281,5.865,7.765,4.109,0.154,17.894,0
none,2,0,282,5.675,7.999,2.843,0.013,16.531,0
none,2,0,283,5.767,8.401,4.656,0.17,18.993,0
none,2,0,284,5.97,7.28,5.79,0.17,19.21,0
none,2,0,285,5.662,7.364,4.381,0.015,17.422,0
none,2,0,286,6.248,7.881,3.015,0.014,17.158,0
none,2,0,287,5.875,7.964,3.159,0.151,17.15,0
none,2,0,288,5.666,8.049,2.229,0.011,15.955,0
none,2,0,289,5.721,7.289,1.608,0.275,14.893,0
none,2,0,290,5.937,7.414,2.299,0.119,15.768,0
none,2,0,291,5.801,9.9,2.173,0.247,18.122,0
none,2,0,292,5.732,8.461,3.425,0.014,17.632,0
none,2,0,293,5.663,8.774,3.197,0.022,17.657,0
none,2,0,294,5.667,7.561,2.51,0.223,15.962,0
none,2,0,295,5.737,8.08,2.926,0.013,16.756,0
none,2,0,296,5.739,8.056,2.734,0.013,16.542,0
none,2,0,297,7.94,8.104,2.453,0.313,18.81,0
none,2,0,298,5.74,8.068,2.944,0.012,16.763,0
none,2,0,299,6.045,7.709,2.996,0.01,16.761,0
none,2,0,300,6.396,7.325,2.764,0.405,16.889,0
none,2,0,301,6.457,8.051,2.479,0.199,17.186,0
none,2,0,302,6.444,10.818,3.187,0.185,20.634,0
none,2,0,303,6.046,7.644,2.666,0.121,16.476,0
none,2,0,304,6.159,8.602,3.131,0.252,18.144,0
none,2,0,305,6.108,7.053,4.562,0.014,17.738,0
none,2,0,306,6.318,7.893,4.139,0.014,18.364,0
none,2,0,307,6.095,8.47,4.97,0.013,19.548,0
none,2,0,308,5.722,7.927,3.696,0.013,17.357,0
none,2,0,309,5.596,8.38,3.514,0.012,17.503,0
none,2,0,310,5.687,6.86,2.595,0.012,15.155,0
none,2,0,311,5.585,7.117,3.738,0.216,16.656,0
none,2,0,312,5.6,7.439,5.206,0.013,18.259,0
none,2,0,313,5.905,6.801,2.769,0.012,15.487,0
none,2,0,314,5.619,8.589,6.18,0.013,20.401,0
none,2,0,315,6.139,6.919,3.917,0.014,16.989,0
none,2,0,316,5.807,7.119,2.858,0.265,16.048,0
none,2,0,317,5.944,7.149,3.746,0.015,16.854,0
none,2,0,318,5.664,7.371,3.933,0.014,16.981,0
none,2,0,319,5.759,7.821,3.366,0.015,16.962,0
none,2,0,320,6.157,13.287,6.399,0.012,25.856,0
none,2,0,321,5.73,7.457,4.527,0.142,17.856,0
none,2,0,322,6.341,7.356,2.91,0.132,16.74,0
none,2,0,323,5.666,8.282,3.064,0.146,17.157,0
none,2,0,324,5.866,8.011,2.894,0.013,16.784,0
none,2,0,325,5.761,11.368,5.938,0.18,23.248,0
none,2,0,326,6.161,7.527,6.535,0.014,20.236,0
none,2,0,327,5.709,8.11,3.264,0.144,17.227,0
none,2,0,328,5.877,8.755,6.869,0.013,21.514,0
none,2,0,329,5.875,8.587,3.24,0.132,17.833,0
none,2,0,330,6.229,7.447,3.419,0.151,17.247,0
none,2,0,331,5.767,8.979,6.649,0.126,21.52,0
none,2,0,332,5.852,8.427,4.234,0.437,18.95,0
none,2,0,333,5.856,8.407,3.174,0.287,17.725,0
none,2,0,334,5.728,7.642,2.648,0.221,16.239,0
none,2,0,335,5.741,10.227,1.972,0.148,18.089,0
none,2,0,336,5.861,7.974,2.257,0.012,16.105,0
none,2,0,337,6.012,7.537,3.066,0.235,16.85,0
none,2,0,338,8.143,7.86,4.684,0.172,20.857,0
none,2,0,339,5.822,9.484,5.399,0.014,20.719,0
none,2,0,340,5.981,8.572,4.083,0.137,18.772,0
none,2,0,341,5.842,7.532,2.516,0.012,15.902,0
none,2,0,342,6.105,8.097,1.782,0.189,16.173,0
none,2,0,343,5.898,7.418,6.555,0.159,20.031,0
none,2,0,344,5.917,7.137,5.841,0.173,19.068,0
none,2,0,345,6.136,7.215,2.713,0.012,16.076,0
none,2,0,346,5.828,8.204,2.732,0.154,16.919,0
none,2,0,347,5.826,7.203,4.895,0.014,17.938,0
none,2,0,348,6.272,7.027,2.825,0.239,16.364,0
none,2,0,349,5.872,8.75,3.726,0.016,18.364,0
none,2,0,350,6.004,8.129,2.408,0.011,16.552,0
none,2,0,351,5.769,7.586,3.402,0.137,16.893,0
none,2,0,352,7.344,8.175,4.585,0.149,20.253,0
none,2,0,353,6.195,7.32,3.529,0.144,17.188,0
none,2,0,354,5.942,8.139,2.322,0.214,16.617,0
none,2,0,355,6.093,7.016,3.278,0.117,16.505,0
none,2,0,356,5.81,7.244,3.252,0.141,16.447,0
none,2,0,357,5.823,7.944,3.498,0.333,17.598,0
none,2,0,358,5.864,8.197,3.646,0.382,18.088,0
none,2,0,359,5.808,8.006,6.437,0.169,20.419,0
none,2,0,360,5.919,8.729,8.51,0.162,23.321,0
none,2,0,361,5.892,7.799,3.296,0.123,17.11,0
none,2,0,362,5.849,7.5,2.745,0.011,16.106,0
none,2,0,363,5.825,7.412,3.99,0.012,17.239,0
none,2,0,364,5.799,7.559,3.37,0.336,17.064,0
none,2,0,365,5.862,8.476,2.78,0.376,17.495,0
none,2,0,366,5.834,8.215,4.439,0.014,18.501,0
none,2,0,367,5.788,7.1,3.278,0.153,16.319,0
none,2,0,368,6.335,8.126,2.355,0.229,17.044,0
none,2,0,369,6.355,7.185,2.823,0.127,16.49,0
none,2,0,370,5.902,7.924,2.872,0.144,16.842,0
none,2,0,371,5.817,7.358,3.059,0.316,16.549,0
none,2,0,372,6.164,7.837,2.966,0.013,16.979,0
none,2,0,373,6.383,9.094,3.8,0.194,19.471,0
none,2,0,374,6.116,7.735,2.942,0.012,16.805,0
none,2,0,375,6.277,7.448,4.089,0.015,17.828,0
none,2,0,376,5.658,8.904,3.92,0.013,18.495,0
none,2,0,377,5.834,8.26,3.592,0.18,17.866,0
none,2,0,378,6.379,8.063,4.843,0.178,19.463,0
none,2,0,379,6.31,8.792,4.182,0.161,19.445,0
none,2,0,380,5.671,8.374,2.679,0.147,16.872,0
none,2,0,381,6.051,7.857,2.349,0.257,16.514,0
none,2,0,382,5.997,7.162,3.834,0.014,17.007,0
none,2,0,383,5.858,7.271,3.731,0.134,16.994,0
none,2,0,384,6.269,7.432,2.204,0.209,16.114,0
none,2,0,385,6.329,6.91,3.087,0.211,16.537,0
none,2,0,386,5.668,7.265,4.374,0.125,17.432,0
none,2,0,387,5.672,8.342,5.111,0.014,19.138,0
none,2,0,388,6.404,7.759,4.343,0.148,18.654,0
none,2,0,389,6.221,7.351,3.48,0.261,17.312,0
none,2,0,390,5.522,7.298,2.783,0.014,15.618,0
none,2,0,391,5.668,8.181,5.238,0.228,19.315,0
none,2,0,392,5.921,9.595,3.326,0.014,18.855,0
none,2,0,393,5.55,7.753,1.729,0.276,15.308,0
none,2,0,394,5.717,8.52,2.853,0.012,17.102,0
none,2,0,395,5.667,8.806,3.942,0.141,18.555,0
none,2,0,396,5.626,11.085,5.056,0.152,21.919,0
none,2,0,397,6.332,8.113,3.931,0.013,18.388,0
none,2,0,398,5.712,7.91,2.896,0.113,16.631,0
none,2,0,399,5.783,7.356,3.819,0.12,17.077,0
none,2,0,400,6.276,7.362,2.26,0.14,16.039,0
none,2,0,401,5.71,7.388,3.389,0.013,16.5,0
none,2,0,402,5.868,6.981,2.405,0.011,15.265,0
none,2,0,403,6.024,10.188,4.251,0.012,20.475,0
none,2,0,404,5.694,8.142,3.21,0.013,17.059,0
none,2,0,405,5.805,8.038,3.508,0.015,17.366,0
none,2,0,406,5.713,8.437,5.842,0.226,20.218,0
none,2,0,407,5.731,7.782,6.295,0.219,20.027,0
none,2,0,408,5.626,11.076,5.11,0.151,21.963,0
none,2,0,409,5.988,8.213,3.458,0.135,17.793,0
none,2,0,410,5.88,7.166,3.372,0.011,16.429,0
none,2,0,411,5.774,8.389,3.561,0.144,17.868,0
none,2,0,412,5.73,8.351,4.199,0.159,18.439,0
none,2,0,413,5.922,8.028,7.407,0.015,21.372,0
none,2,0,414,5.571,7.756,3.337,0.014,16.679,0
none,2,0,415,6.725,7.348,4.665,0.16,18.898,0
none,2,0,416,5.579,8.36,4.625,0.16,18.723,0
none,2,0,417,5.558,7.643,4.996,0.013,18.21,0
none,2,0,418,5.614,10.203,3.57,0.14,19.527,0
none,2,0,419,5.837,7.498,4.372,0.012,17.718,0
none,2,0,420,5.813,6.939,3.012,0.011,15.775,0
none,2,0,421,5.61,7.912,2.692,0.011,16.226,0
none,2,0,422,5.735,6.876,3.783,0.013,16.407,0
none,2,0,423,5.69,7.255,2.607,0.011,15.563,0
none,2,0,424,6.41,6.976,3.651,0.194,17.231,0
none,2,0,425,5.681,7.346,4.717,0.014,17.758,0
none,2,0,426,6.107,8.985,3.662,0.137,18.89,0
none,2,0,427,5.987,7.425,3.702,0.013,17.127,0
none,2,0,428,5.669,8.128,3.217,0.152,17.165,0
none,2,0,429,5.982,7.776,3.663,0.137,17.559,0
none,2,0,430,5.733,6.832,3.305,0.012,15.882,0
none,2,0,431,5.764,8.635,3.932,0.014,18.345,0
none,2,0,432,5.747,7.864,3.563,0.014,17.188,0
none,2,0,433,5.694,7.711,3.598,0.013,17.016,0
none,2,0,434,5.712,7.52,3.023,0.013,16.267,0
none,2,0,435,5.753,7.446,4.716,0.014,17.93,0
none,2,0,436,5.689,7.618,3.587,0.014,16.908,0
none,2,0,437,5.961,7.68,4.831,0.167,18.638,0
none,2,0,438,5.702,7.514,5.533,0.011,18.76,0
none,2,0,439,5.672,7.803,3.253,0.148,16.875,0
none,2,0,440,5.765,8.148,4.517,0.127,18.557,0
none,2,0,441,5.806,7.645,5.925,0.153,19.528,0
none,2,0,442,5.917,7.69,4.671,0.264,18.542,0
none,2,0,443,6.162,7.354,4.165,0.134,17.815,0
none,2,0,444,5.833,7.553,3.319,0.143,16.848,0
none,2,0,445,5.645,7.794,2.198,0.218,15.855,0
none,2,0,446,5.941,7.329,2.808,0.012,16.091,0
none,2,0,447,5.745,7.16,4.633,0.144,17.681,0
none,2,0,448,5.759,12.846,7.657,0.14,26.402,0
none,2,0,449,6.237,6.951,7.813,0.203,21.204,0
none,2,0,450,7.065,7.683,4.891,0.163,19.801,0
none,2,0,451,5.75,7.508,10.705,0.181,24.143,0
none,2,0,452,5.763,6.895,3.869,0.161,16.689,0
none,2,0,453,5.82,8.076,4.365,0.138,18.398,0
none,2,0,454,5.819,7.606,4.657,0.16,18.242,0
none,2,0,455,5.664,7.932,4.977,0.132,18.706,0
none,2,0,456,5.835,7.366,3.043,0.015,16.259,0
none,2,0,457,5.954,6.807,2.887,0.22,15.868,0
none,2,0,458,5.655,6.969,2.873,0.13,15.627,0
none,2,0,459,5.616,7.316,2.43,0.01,15.371,0
none,2,0,460,5.499,7.647,2.412,0.11,15.668,0
none,2,0,461,5.49,7.185,2.314,0.111,15.099,0
none,2,0,462,5.528,6.874,2.738,0.011,15.151,0
none,2,0,463,5.525,8.222,2.226,0.246,16.22,0
none,2,0,464,5.467,7.545,2.835,0.011,15.857,0
none,2,0,465,5.516,7.202,2.585,0.106,15.41,0
none,2,0,466,5.449,7.681,2.395,0.125,15.649,0
none,2,0,467,5.454,7.247,2.39,0.214,15.305,0
none,2,0,468,5.422,6.804,3.1,0.103,15.429,0
none,2,1,30,5.842,7.082,2.856,0.011,15.791,0
none,2,1,31,6.791,6.975,2.353,0.011,16.13,0
none,2,1,32,5.807,7.07,3.587,0.012,16.476,0
none,2,1,33,6.31,8.541,2.484,0.01,17.346,0
none,2,1,34,5.693,8.651,2.971,0.011,17.327,0
none,2,1,35,5.762,6.892,3.658,0.012,16.324,0
none,2,1,36,5.732,8.001,2.267,0.011,16.01,0
none,2,1,37,5.738,7.093,4.047,0.013,16.891,0
none,2,1,38,5.736,6.974,5.024,0.012,17.744,0
none,2,1,39,6.179,6.935,3.916,0.011,17.041,0
none,2,1,40,5.894,9.406,3.548,0.014,18.862,0
none,2,1,41,5.817,7.076,3.308,0.011,16.212,0
none,2,1,42,6.829,8.228,2.295,0.012,17.364,0
none,2,1,43,5.71,7.297,2.39,0.011,15.408,0
none,2,1,44,6.331,7.991,1.746,0.012,16.079,0
none,2,1,45,5.612,8.367,4.988,0.015,18.983,0
none,2,1,46,5.747,9.248,3.885,0.016,18.897,0
none,2,1,47,5.838,7.991,2.277,0.013,16.119,0
none,2,1,48,6.006,7.176,2.471,0.011,15.665,0
none,2,1,49,5.961,7.173,2.375,0.01,15.518,0
none,2,1,50,5.855,7.931,1.961,0.009,15.756,0
none,2,1,51,6.296,7.362,1.778,0.011,15.447,0
none,2,1,52,6.319,7.941,2.035,0.011,16.307,0
none,2,1,53,5.997,9.679,5.891,0.013,21.58,0
none,2,1,54,5.788,10.901,4.226,0.011,20.926,0
none,2,1,55,5.82,8.844,2.843,0.013,17.519,0
none,2,1,56,5.793,7.918,3.352,0.013,17.076,0
none,2,1,57,6.512,8.965,4.9,0.015,20.393,0
none,2,1,58,5.766,7.78,3.859,0.012,17.417,0
none,2,1,59,7.272,8.052,4.923,0.012,20.259,0
none,2,1,60,5.699,8.409,3.255,0.013,17.376,0
none,2,1,61,5.841,7.506,2.737,0.012,16.096,0
none,2,1,62,6.402,7.768,5.703,0.015,19.888,0
none,2,1,63,6.201,7.235,4.827,0.025,18.287,0
none,2,1,64,6.078,7.902,2.483,0.012,16.475,0
none,2,1,65,6.45,7.97,4.24,0.015,18.675,0
none,2,1,66,5.792,8.607,5.762,0.012,20.173,0
none,2,1,67,5.968,8.469,2.919,0.012,17.369,0
none,2,1,68,7.156,8.662,4.995,0.013,20.826,0
none,2,1,69,5.687,8.419,5.247,0.014,19.367,0
none,2,1,70,5.783,8.418,3.462,0.011,17.674,0
none,2,1,71,5.798,7.9,3.947,0.013,17.659,0
none,2,1,72,5.78,7.415,4.034,0.014,17.243,0
none,2,1,73,5.878,8.604,2.389,0.012,16.883,0
none,2,1,74,5.804,7.404,6.059,0.013,19.28,0
none,2,1,75,5.916,7.879,3.15,0.012,16.958,0
none,2,1,76,5.782,7.744,4.109,0.012,17.647,0
none,2,1,77,6.389,8.509,2.914,0.011,17.824,0
none,2,1,78,6.635,7.899,2.749,0.012,17.294,0
none,2,1,79,5.883,7.294,1.877,0.011,15.065,0
none,2,1,80,8.387,7.235,1.904,0.011,17.537,0
none,2,1,81,5.889,7.077,2.041,0.009,15.017,0
none,2,1,82,5.67,6.929,1.961,0.011,14.57,0
none,2,1,83,6.149,6.773,2.447,0.011,15.381,0
none,2,1,84,5.603,10.673,3.28,0.016,19.572,0
none,2,1,85,5.72,7.195,4.538,0.011,17.465,0
none,2,1,86,5.751,7.875,2.224,0.035,15.885,0
none,2,1,87,6.218,7.497,1.896,0.01,15.621,0
none,2,1,88,5.779,7.694,4.043,0.014,17.53,0
none,2,1,89,5.742,7.664,3.368,0.022,16.795,0
none,2,1,90,6.268,8.956,2.64,0.012,17.876,0
none,2,1,91,5.718,9.092,3.539,0.011,18.361,0
none,2,1,92,5.739,8.772,5.788,0.011,20.309,0
none,2,1,93,5.614,7.79,3.965,0.013,17.381,0
none,2,1,94,5.758,10.181,3.077,0.012,19.029,0
none,2,1,95,5.958,8.499,4.981,0.012,19.45,0
none,2,1,96,5.793,8.919,2.663,0.011,17.388,0
none,2,1,97,5.71,8.206,4.163,0.012,18.091,0
none,2,1,98,5.721,11.069,4.617,0.015,21.423,0
none,2,1,99,6.3,7.507,2.564,0.012,16.382,0
none,2,1,100,5.773,8.007,2.841,0.012,16.633,0
none,2,1,101,5.747,7.661,5.151,0.013,18.572,0
none,2,1,102,5.672,7.824,1.721,0.011,15.228,0
none,2,1,103,6.12,7.431,2.461,0.01,16.022,0
none,2,1,104,5.782,8.696,2.397,0.011,16.885,0
none,2,1,105,6.856,8.282,4.683,0.012,19.833,0
none,2,1,106,7.016,8.348,2.586,0.012,17.961,0
none,2,1,107,7.032,8.782,1.963,0.01,17.788,0
none,2,1,108,8.859,8.372,3.568,0.011,20.81,0
none,2,1,109,15.031,8.28,4.035,0.012,27.358,0
none,2,1,110,5.791,9.137,2.669,0.011,17.607,0
none,2,1,111,6.868,8.333,2.379,0.012,17.592,0
none,2,1,112,6.55,9.033,1.988,0.012,17.583,0
none,2,1,113,6.602,7.807,3.444,0.012,17.865,0
none,2,1,114,5.828,10.318,4.01,0.012,20.168,0
none,2,1,115,5.855,8.381,3.559,0.014,17.809,0
none,2,1,116,7.411,7.724,4.337,0.013,19.485,0
none,2,1,117,8.993,7.985,2.839,0.012,19.828,0
none,2,1,118,6.496,8.871,4.236,0.018,19.621,0
none,2,1,119,7.68,8.451,2.567,0.015,18.713,0
none,2,1,120,6.136,9.154,2.1,0.012,17.401,0
none,2,1,121,5.704,8.397,3.749,0.014,17.863,0
none,2,1,122,6.137,7.817,3.391,0.012,17.357,0
none,2,1,123,5.924,8.22,2.732,0.077,16.952,0
none,2,1,124,6.064,7.232,2.965,0.014,16.275,0
none,2,1,125,5.562,8.152,3.249,0.013,16.975,0
none,2,1,126,6.172,8.084,3.323,0.013,17.593,0
none,2,1,127,5.705,7.437,3.058,0.013,16.213,0
none,2,1,128,5.889,7.055,1.918,0.012,14.874,0
none,2,1,129,5.887,6.905,1.918,0.01,14.72,0
none,2,1,130,5.62,8.348,2.335,0.012,16.314,0
none,2,1,131,5.653,6.945,1.918,0.01,14.525,0
none,2,1,132,5.712,7.611,3.688,0.011,17.022,0
none,2,1,133,5.551,9.226,2.486,0.014,17.277,0
none,2,1,134,5.949,7.875,5.017,0.012,18.853,0
none,2,1,135,5.782,8.382,3.109,0.013,17.286,0
none,2,1,136,5.985,9.995,3.051,0.011,19.042,0
none,2,1,137,5.694,8.136,2.348,0.011,16.19,0
none,2,1,138,5.743,8.122,1.583,0.012,15.461,0
none,2,1,139,5.873,7.202,1.453,0.011,14.539,0
none,2,1,140,5.956,7.081,2.47,0.011,15.518,0
none,2,1,141,7.075,7.74,1.739,0.011,16.566,0
none,2,1,142,6.098,7.43,1.571,0.009,15.108,0
none,2,1,143,5.998,7.969,3.267,0.011,17.244,0
none,2,1,144,5.809,8.513,2.113,0.011,16.445,0
none,2,1,145,5.784,7.773,2.633,0.011,16.201,0
none,2,1,146,6.503,10.272,2.854,0.01,19.639,0
none,2,1,147,5.851,8.248,4.907,0.012,19.018,0
none,2,1,148,5.856,7.669,2.613,0.011,16.149,0
none,2,1,149,5.725,8.051,5.374,0.014,19.164,0
none,2,1,150,5.74,9.866,3.316,0.012,18.934,0
none,2,1,151,5.761,8.053,3.645,0.012,17.47,0
none,2,1,152,5.86,8.18,1.856,0.011,15.907,0
none,2,1,153,6.56,8.162,2.222,0.011,16.954,0
none,2,1,154,5.727,7.657,1.744,0.01,15.138,0
none,2,1,155,6.26,7.5,1.735,0.011,15.506,0
none,2,1,156,5.955,8.306,2.794,0.011,17.067,0
none,2,1,157,6.066,7.059,3.22,0.011,16.356,0
none,2,1,158,5.722,7.69,3.883,0.011,17.305,0
none,2,1,159,5.842,7.928,2.356,0.013,16.139,0
none,2,1,160,6.758,8.922,3.766,0.012,19.457,0
none,2,1,161,5.696,8.29,6.396,0.011,20.393,0
none,2,1,162,5.697,7.72,5.666,0.013,19.095,0
none,2,1,163,5.784,7.372,4.327,0.01,17.493,0
none,2,1,164,5.625,7.597,2.964,0.011,16.196,0
none,2,1,165,5.633,8.666,2.57,0.014,16.883,0
none,2,1,166,6.671,8.725,5.85,0.011,21.257,0
none,2,1,167,6.2,8.249,6.688,0.012,21.149,0
none,2,1,168,5.755,8.83,2.946,0.013,17.544,0
none,2,1,169,5.642,10.752,2.55,0.01,18.954,0
none,2,1,170,5.873,7.027,3.126,0.013,16.039,0
none,2,1,171,5.887,9.643,3.63,0.011,19.171,0
none,2,1,172,6.561,7.23,2.857,0.011,16.659,0
none,2,1,173,6.536,7.25,2.349,0.01,16.145,0
none,2,1,174,5.764,7.57,3.488,0.014,16.836,0
none,2,1,175,5.979,10.313,3.18,0.015,19.488,0
none,2,1,176,5.802,7.566,2.952,0.012,16.332,0
none,2,1,177,5.924,7.44,6.767,0.013,20.144,0
none,2,1,178,6.495,7.228,2.595,0.01,16.328,0
none,2,1,179,5.633,11.448,1.503,0.009,18.594,0
none,2,1,180,5.963,7.536,2.524,0.012,16.035,0
none,2,1,181,5.581,7.308,3.719,0.014,16.621,0
none,2,1,182,5.684,7.161,3.278,0.011,16.135,0
none,2,1,183,5.659,7.243,3.193,0.011,16.107,0
none,2,1,184,6.416,7.799,3.292,0.011,17.517,0
none,2,1,185,5.976,8.111,3.073,0.012,17.172,0
none,2,1,186,6.055,8.434,3.435,0.012,17.936,0
none,2,1,187,5.987,7.581,2.621,0.011,16.201,0
none,2,1,188,6.658,8.533,3.481,0.014,18.686,0
none,2,1,189,5.648,8.066,2.78,0.011,16.505,0
none,2,1,190,5.545,7.341,1.662,0.01,14.557,0
none,2,1,191,5.66,7.74,3.073,0.012,16.485,0
none,2,1,192,6.151,8.493,2.82,0.01,17.475,0
none,2,1,193,6.538,8.18,3.081,0.011,17.81,0
none,2,1,194,5.701,7.23,2.837,0.01,15.778,0
none,2,1,195,6.317,7.181,2.038,0.009,15.545,0
none,2,1,196,5.668,8.204,2.009,0.01,15.891,0
none,2,1,197,5.871,7.507,2.316,0.011,15.704,0
none,2,1,198,5.983,7.275,2.707,0.011,15.977,0
none,2,1,199,5.865,8.629,1.715,0.01,16.219,0
none,2,1,200,5.872,7.685,7.074,0.012,20.643,0
none,2,1,201,6.781,7.878,2.761,0.013,17.434,0
none,2,1,202,5.809,8.411,2.897,0.011,17.127,0
none,2,1,203,6.128,7.881,2.998,0.01,17.017,0
none,2,1,204,5.893,7.056,2.822,0.011,15.783,0
none,2,1,205,5.722,7.205,2.038,0.01,14.974,0
none,2,1,206,6.294,8.42,3.222,0.013,17.949,0
none,2,1,207,5.689,8.228,4.276,0.012,18.205,0
none,2,1,208,6.127,7.515,1.868,0.012,15.522,0
none,2,1,209,5.715,7.318,2.472,0.011,15.516,0
none,2,1,210,6.051,8.383,2.842,0.012,17.288,0
none,2,1,211,5.585,7.365,3.076,0.011,16.037,0
none,2,1,212,6.126,8.102,2.354,0.011,16.592,0
none,2,1,213,5.98,7.88,3.845,0.011,17.717,0
none,2,1,214,5.743,8.179,2.274,0.011,16.208,0
none,2,1,215,6.605,7.85,6.39,0.011,20.856,0
none,2,1,216,5.655,7.398,1.793,0.013,14.86,0
none,2,1,217,5.896,8.611,2.49,0.012,17.008,0
none,2,1,218,5.609,7.809,1.957,0.011,15.386,0
none,2,1,219,5.697,7.053,2.129,0.01,14.888,0
none,2,1,220,5.833,7.352,1.715,0.01,14.91,0
none,2,1,221,5.992,8.973,1.671,0.01,16.646,0
none,2,1,222,8.846,8.48,2.867,0.012,20.205,0
none,2,1,223,6.793,9.665,2.747,0.011,19.216,0
none,2,1,224,6.182,8.238,5.163,0.011,19.594,0
none,2,1,225,5.686,7.739,3.525,0.013,16.963,0
none,2,1,226,5.743,7.957,2.954,0.015,16.669,0
none,2,1,227,5.798,8.14,3.598,0.013,17.548,0
none,2,1,228,7.914,9.33,3.97,0.015,21.228,0
none,2,1,229,5.846,7.652,4.97,0.012,18.481,0
none,2,1,230,6.339,10.59,1.892,0.01,18.831,0
none,2,1,231,5.702,8.616,1.652,0.01,15.98,0
none,2,1,232,5.611,12.048,5.532,0.014,23.206,0
none,2,1,233,5.765,7.588,3.952,0.011,17.316,0
none,2,1,234,6.113,6.832,2.752,0.011,15.708,0
none,2,1,235,5.665,10.274,2.927,0.011,18.877,0
none,2,1,236,6.083,8.524,4.019,0.014,18.641,0
none,2,1,237,5.795,6.831,2.785,0.013,15.424,0
none,2,1,238,5.808,8.086,2.26,0.033,16.187,0
none,2,1,239,5.64,8.427,3.226,0.011,17.304,0
none,2,1,240,5.674,7.344,2.059,0.012,15.089,0
none,2,1,241,6.3,7.883,3.403,0.012,17.598,0
none,2,1,242,6.777,7.782,2.215,0.011,16.786,0
none,2,1,243,6.802,8.113,2.168,0.012,17.095,0
none,2,1,244,5.984,7.133,2.109,0.011,15.236,0
none,2,1,245,6.205,8.746,3.946,0.011,18.908,0
none,2,1,246,5.703,7.685,2.623,0.014,16.025,0
none,2,1,247,5.679,7.645,3.125,0.01,16.459,0
none,2,1,248,5.966,7.024,3.725,0.01,16.725,0
none,2,1,249,5.991,7.275,3.399,0.011,16.674,0
none,2,1,250,5.742,7.035,4.62,0.012,17.409,0
none,2,1,251,5.674,7.308,4.248,0.012,17.242,0
none,2,1,252,6.358,6.996,2.912,0.014,16.28,0
none,2,1,253,5.562,7.098,1.958,0.011,14.629,0
none,2,1,254,5.816,8.427,2.795,0.011,17.049,0
none,2,1,255,5.711,7.656,2.307,0.011,15.685,0
none,2,1,256,5.586,7.381,1.787,0.013,14.766,0
none,2,1,257,6.067,7.421,1.441,0.011,14.939,0
none,2,1,258,6.128,6.842,1.794,0.01,14.773,0
none,2,1,259,6.235,7.278,2.577,0.011,16.1,0
none,2,1,260,6.406,8.31,2.493,0.011,17.22,0
none,2,1,261,5.924,7.665,2.038,0.011,15.639,0
none,2,1,262,6.176,7.967,1.917,0.01,16.07,0
none,2,1,263,6.159,6.994,2.909,0.011,16.073,0
none,2,1,264,5.811,8.436,2.132,0.011,16.39,0
none,2,1,265,9.156,8.792,2.359,0.01,20.317,0
none,2,1,266,5.804,6.873,1.68,0.01,14.368,0
none,2,1,267,5.811,7.166,3.516,0.011,16.505,0
none,2,1,268,6.113,7.023,2.893,0.011,16.04,0
none,2,1,269,5.848,8.708,5.209,0.011,19.776,0
none,2,1,270,5.963,7.425,1.698,0.01,15.096,0
none,2,1,271,5.82,7.001,4.073,0.01,16.904,0
none,2,1,272,5.77,11.689,2.19,0.011,19.66,0
none,2,1,273,5.725,7.269,1.859,0.012,14.865,0
none,2,1,274,5.799,7.265,3.468,0.012,16.543,0
none,2,1,275,5.735,7.082,1.471,0.011,14.299,0
none,2,1,276,5.753,8.215,2.559,0.011,16.537,0
none,2,1,277,5.88,7.6,3.389,0.014,16.883,0
none,2,1,278,8.215,8.139,2.843,0.011,19.208,0
none,2,1,279,6.025,7.953,2.429,0.011,16.419,0
none,2,1,280,5.822,8.483,4.677,0.015,18.997,0
none,2,1,281,5.845,8.469,2.624,0.011,16.949,0
none,2,1,282,9.313,9.837,7.243,0.013,26.406,0
none,2,1,283,6.546,7.864,6.304,0.011,20.725,0
none,2,1,284,5.809,8.4,2.388,0.012,16.609,0
none,2,1,285,6.026,8.368,2.319,1.284,17.997,0
none,2,1,286,7.56,9.222,4.863,0.012,21.656,0
none,2,1,287,5.678,8.523,3.348,0.011,17.56,0
none,2,1,288,5.701,9.279,1.677,0.01,16.667,0
none,2,1,289,5.78,7.348,4.449,0.011,17.589,0
none,2,1,290,6.344,8.959,1.949,0.013,17.265,0
none,2,1,291,7.182,7.482,2.376,0.013,17.053,0
none,2,1,292,6.746,8.029,5.387,0.013,20.175,0
none,2,1,293,6.437,7.509,3.44,0.01,17.396,0
none,2,1,294,5.663,7.193,4.236,0.012,17.104,0
none,2,1,295,5.701,7.851,5.568,0.013,19.133,0
none,2,1,296,5.746,8.084,2.702,0.013,16.546,0
none,2,1,297,5.76,8.324,2.893,0.013,16.99,0
none,2,1,298,5.999,7.459,2.171,0.011,15.64,0
none,2,1,299,5.882,7.549,1.619,0.011,15.061,0
none,2,1,300,5.71,8.402,2.275,0.012,16.399,0
none,2,1,301,5.79,8.124,4.503,0.014,18.431,0
none,2,1,302,6.59,8.713,3.897,0.012,19.212,0
none,2,1,303,5.8,8.19,1.778,0.011,15.779,0
none,2,1,304,5.94,7.536,2.444,0.011,15.93,0
none,2,1,305,5.896,8.783,2.485,0.01,17.174,0
none,2,1,306,5.952,7.688,6.017,0.012,19.67,0
none,2,1,307,5.558,7.45,1.894,0.011,14.913,0
none,2,1,308,5.743,8.838,2.204,0.013,16.798,0
none,2,1,309,11.389,7.552,3.372,0.011,22.324,0
none,2,1,310,5.72,8.146,3.346,0.012,17.224,0
none,2,1,311,5.667,7.467,2.004,0.012,15.151,0
none,2,1,312,5.759,8.928,7.62,0.014,22.322,0
none,2,1,313,7.733,7.082,4.001,0.01,18.826,0
none,2,1,314,5.704,7.112,4.973,0.011,17.801,0
none,2,1,315,5.791,6.943,2.985,0.011,15.731,0
none,2,1,316,5.838,7.679,2.568,0.011,16.095,0
none,2,1,317,5.727,8.894,4.552,0.011,19.184,0
none,2,1,318,9.771,8.653,3.05,0.011,21.485,0
none,2,1,319,5.762,7.79,2.931,0.012,16.495,0
none,2,1,320,5.777,7.966,2.978,0.011,16.732,0
none,2,1,321,5.979,7.626,5.209,0.012,18.826,0
none,2,1,322,5.834,7.497,3.098,0.011,16.44,0
none,2,1,323,5.868,7.45,2.093,0.011,15.422,0
none,2,1,324,5.768,7.337,1.981,0.017,15.103,0
none,2,1,325,5.667,7.417,1.917,0.011,15.011,0
none,2,1,326,5.844,8.256,2.088,0.012,16.2,0
none,2,1,327,6.07,8.355,4.71,0.012,19.148,0
none,2,1,328,5.678,9.384,3.135,0.011,18.208,0
none,2,1,329,5.625,8.051,3.023,0.01,16.709,0
none,2,1,330,5.825,7.152,3.112,0.012,16.102,0
none,2,1,331,5.802,6.981,3.807,0.011,16.602,0
none,2,1,332,5.695,6.924,2.47,0.01,15.1,0
none,2,1,333,5.732,9.171,4.335,0.014,19.252,0
none,2,1,334,5.816,9.78,1.718,0.011,17.326,0
none,2,1,335,5.635,7.691,3.439,0.011,16.775,0
none,2,1,336,5.848,7.578,2.499,0.011,15.937,0
none,2,1,337,5.881,7.392,2.82,0.011,16.105,0
none,2,1,338,6.545,8.126,2.257,0.011,16.939,0
none,2,1,339,6.088,7.503,2.553,0.011,16.154,0
none,2,1,340,9.558,8.7,4.074,0.014,22.346,0
none,2,1,341,5.829,7.75,4.032,0.011,17.622,0
none,2,1,342,6.247,7.782,2.634,0.012,16.674,0
none,2,1,343,5.767,10.373,3.279,0.01,19.428,0
none,2,1,344,5.741,8.857,2.258,0.009,16.865,0
none,2,1,345,5.745,10.877,3.645,0.014,20.281,0
none,2,1,346,6.39,7.524,4.273,0.011,18.198,0
none,2,1,347,7.943,8.068,3.834,0.016,19.861,0
none,2,1,348,6.471,8.383,4.257,0.015,19.127,0
none,2,1,349,5.887,10.739,3.756,0.013,20.393,0
none,2,1,350,5.697,7.604,2.162,0.011,15.475,0
none,2,1,351,5.797,8.155,2.315,0.013,16.28,0
none,2,1,352,5.649,7.731,5.098,0.012,18.49,0
none,2,1,353,5.88,7.736,4.083,0.011,17.709,0
none,2,1,354,5.607,7.233,2.117,0.011,14.967,0
none,2,1,355,6.324,7.035,3.272,0.012,16.643,0
none,2,1,356,6.219,7.337,3.258,0.01,16.824,0
none,2,1,357,5.916,7.257,2.618,0.01,15.8,0
none,2,1,358,6.181,7.161,3.911,0.01,17.263,0
none,2,1,359,6.139,7.669,1.96,0.01,15.778,0
none,2,1,360,6.571,7.104,3.287,0.011,16.973,0
none,2,1,361,5.956,8.617,2.017,0.011,16.6,0
none,2,1,362,5.72,9.745,4.63,0.014,20.109,0
none,2,1,363,6.314,7.025,2.886,0.01,16.235,0
none,2,1,364,5.85,7.095,3.277,0.012,16.234,0
none,2,1,365,5.761,9.693,2.259,0.011,17.724,0
none,2,1,366,5.718,7.587,2.115,0.011,15.431,0
none,2,1,367,5.749,7.099,1.456,0.01,14.314,0
none,2,1,368,5.927,7.952,3.124,0.011,17.015,0
none,2,1,369,5.73,8.311,4.421,0.011,18.472,0
none,2,1,370,5.752,8.338,4.384,0.01,18.485,0
none,2,1,371,5.753,7.881,3.409,0.028,17.07,0
none,2,1,372,5.743,8.198,2.87,0.012,16.823,0
none,2,1,373,5.866,8.378,3.345,0.011,17.599,0
none,2,1,374,5.741,8.528,1.75,0.011,16.03,0
none,2,1,375,5.77,7.791,2.599,0.011,16.172,0
none,2,1,376,7.453,8.117,2.407,0.012,17.988,0
none,2,1,377,5.988,7.181,2.295,0.011,15.476,0
none,2,1,378,5.726,7.607,1.837,0.01,15.18,0
none,2,1,379,5.614,7.139,4.668,0.011,17.432,0
none,2,1,380,5.746,7.348,1.826,0.011,14.931,0
none,2,1,381,7.817,7.178,4.06,0.011,19.066,0
none,2,1,382,6.017,7.436,2.851,0.011,16.315,0
none,2,1,383,6.111,6.883,4.913,0.011,17.917,0
none,2,1,384,5.458,7.109,1.686,0.011,14.264,0
none,2,1,385,5.581,7.445,1.57,0.011,14.607,0
none,2,1,386,5.752,7.438,3.826,0.012,17.028,0
none,2,1,387,5.91,7.833,5.123,0.012,18.878,0
none,2,1,388,6.935,8.176,2.653,0.011,17.775,0
none,2,1,389,5.678,7.438,2.411,0.011,15.537,0
none,2,1,390,5.896,7.321,2.253,0.011,15.481,0
none,2,1,391,5.778,7.137,2.526,0.01,15.451,0
none,2,1,392,5.757,7.147,2.86,0.013,15.777,0
none,2,1,393,5.606,7.23,3.781,0.013,16.63,0
none,2,1,394,5.871,7.23,3.277,0.014,16.392,0
none,2,1,395,5.836,7.665,3.174,0.012,16.688,0
none,2,1,396,5.693,8.11,2.981,0.023,16.807,0
none,2,1,397,5.616,10.199,3.252,0.011,19.077,0
none,2,1,398,5.736,8.028,2.229,0.01,16.004,0
none,2,1,399,5.738,6.749,3.465,0.013,15.964,0
none,2,1,400,5.741,6.914,1.926,0.011,14.593,0
none,2,1,401,5.653,9.116,2.424,0.011,17.204,0
none,2,1,402,5.65,7.121,2.776,0.012,15.559,0
none,2,1,403,5.693,8.503,4.653,0.011,18.861,0
none,2,1,404,5.658,8.981,6.444,0.013,21.097,0
none,2,1,405,5.703,7.329,1.57,0.01,14.612,0
none,2,1,406,5.703,9.797,1.612,0.01,17.121,0
none,2,1,407,5.638,10.328,2.18,0.011,18.158,0
none,2,1,408,5.812,8.545,5.696,0.013,20.066,0
none,2,1,409,5.843,7.916,1.795,0.011,15.564,0
none,2,1,410,5.697,7.792,2.685,0.011,16.185,0
none,2,1,411,5.677,7.503,3.165,0.014,16.36,0
none,2,1,412,6.02,8.196,2.022,0.011,16.25,0
none,2,1,413,5.692,8.129,2.287,0.012,16.12,0
none,2,1,414,5.974,7.516,2.36,0.012,15.862,0
none,2,1,415,5.797,7.355,2.12,0.011,15.283,0
none,2,1,416,5.736,6.663,3.923,0.011,16.332,0
none,2,1,417,5.924,7.264,3.164,0.011,16.363,0
none,2,1,418,5.61,7.4,3.011,0.012,16.033,0
none,2,1,419,5.701,7.755,4.426,0.011,17.893,0
none,2,1,420,5.737,8.308,4.178,0.011,18.234,0
none,2,1,421,5.884,10.213,3.435,0.013,19.544,0
none,2,1,422,6.053,7.125,2.095,0.011,15.284,0
none,2,1,423,5.729,7.3,3.326,0.012,16.367,0
none,2,1,424,5.777,7.515,2.713,0.011,16.016,0
none,2,1,425,6.699,7.306,2.196,0.012,16.212,0
none,2,1,426,5.727,7.186,1.919,0.011,14.842,0
none,2,1,427,5.907,7.412,2.581,0.01,15.91,0
none,2,1,428,6.016,7.018,2.111,0.011,15.155,0
none,2,1,429,5.998,8.338,2.051,0.012,16.399,0
none,2,1,430,5.929,7.897,3.73,0.014,17.571,0
none,2,1,431,5.707,7.44,1.578,0.011,14.736,0
none,2,1,432,6.684,7.128,3.876,0.011,17.699,0
none,2,1,433,6.24,7.539,2.712,0.011,16.501,0
none,2,1,434,5.827,7.643,2.935,0.011,16.417,0
none,2,1,435,6.027,6.966,2.675,0.01,15.677,0
none,2,1,436,5.725,7.142,3.904,0.012,16.784,0
none,2,1,437,6.048,8.395,5.407,0.012,19.862,0
none,2,1,438,6.005,6.965,2.398,0.011,15.38,0
none,2,1,439,6.432,7.096,3.067,0.013,16.608,0
none,2,1,440,6.925,6.964,2.171,0.01,16.07,0
none,2,1,441,5.694,6.959,5.36,0.013,18.026,0
none,2,1,442,6.149,9.64,2.232,0.012,18.033,0
none,2,1,443,6.085,7.26,2.681,0.012,16.038,0
none,2,1,444,5.641,7.245,1.585,0.011,14.481,0
none,2,1,445,6.234,7.32,2.051,0.01,15.615,0
none,2,1,446,6.007,7.215,3.849,0.013,17.083,0
none,2,1,447,5.732,7.854,4.676,0.011,18.274,0
none,2,1,448,5.514,7.451,2.476,0.01,15.451,0
none,2,1,449,5.684,8.168,4.72,0.01,18.583,0
none,2,1,450,5.908,6.924,2.183,0.01,15.024,0
none,2,1,451,5.904,7.45,3.557,0.011,16.922,0
none,2,1,452,5.764,7.983,4.31,0.012,18.069,0
none,2,1,453,5.874,7.581,5.501,0.011,18.968,0
none,2,1,454,5.966,7.472,2.705,0.011,16.154,0
none,2,1,455,5.803,7.296,2.28,0.01,15.389,0
none,2,1,456,7.968,8.212,5.809,0.012,22.001,0
none,2,1,457,6.068,7.751,5.618,0.011,19.447,0
none,2,1,458,5.842,7.348,2.722,0.012,15.924,0
none,2,1,459,6.058,7.114,1.835,0.011,15.018,0
none,2,1,460,5.896,7.453,2.664,0.012,16.024,0
none,2,1,461,6.875,7.212,4.877,0.011,18.975,0
none,2,1,462,5.781,7.768,2.967,0.014,16.531,0
none,2,1,463,5.906,14.364,2.62,0.015,22.904,0
none,2,1,464,5.791,10.231,11.349,0.017,27.388,0
none,2,1,465,5.799,8.056,2.546,0.017,16.418,0
none,2,1,466,5.78,8.806,3.647,0.018,18.251,0
none,2,1,467,5.881,7.967,2.279,0.013,16.141,0
none,2,1,468,5.958,8.485,2.22,0.013,16.676,0
none,2,1,469,6.026,10.447,2.168,0.013,18.654,0
none,2,1,470,7.128,8.431,3.047,0.014,18.619,0
none,2,1,471,6.096,7.84,2.297,0.013,16.246,0
none,2,1,472,6.071,7.097,2.191,0.014,15.374,0
none,2,1,473,5.742,6.788,1.478,0.011,14.019,0
none,2,1,474,5.933,6.896,1.384,0.011,14.224,0
none,2,2,30,5.758,6.97,4.359,0.012,17.099,0
none,2,2,31,5.965,8.438,4.971,0.012,19.386,0
none,2,2,32,6.077,7.269,2.834,0.011,16.191,0
none,2,2,33,5.667,7.141,2.437,0.01,15.255,0
none,2,2,34,5.661,7.067,2.149,0.012,14.888,0
none,2,2,35,5.764,7.397,4.339,0.011,17.512,0
none,2,2,36,5.735,7.156,1.61,0.01,14.511,0
none,2,2,37,5.919,7.596,3.539,0.012,17.065,0
none,2,2,38,6.032,7.419,4.245,0.011,17.707,0
none,2,2,39,5.957,7.228,3.253,0.013,16.452,0
none,2,2,40,6.046,7.551,3.566,0.012,17.175,0
none,2,2,41,6.187,7.923,2.494,0.015,16.619,0
none,2,2,42,6.93,8.66,1.957,0.014,17.561,0
none,2,2,43,6.3,10.978,1.89,0.012,19.18,0
none,2,2,44,6.283,10.423,5.581,0.012,22.299,0
none,2,2,45,7.152,8.844,4.811,0.011,20.818,0
none,2,2,46,5.725,8.425,4.623,0.011,18.783,0
none,2,2,47,5.687,8.236,2.822,0.204,16.949,0
none,2,2,48,5.763,7.352,1.598,0.011,14.724,0
none,2,2,49,5.745,6.938,2.972,0.011,15.667,0
none,2,2,50,5.697,7.034,2.246,0.011,14.988,0
none,2,2,51,5.626,8.22,1.71,0.022,15.578,0
none,2,2,52,5.681,7.669,4.423,0.011,17.784,0
none,2,2,53,5.811,11.209,2.551,0.012,19.582,0
none,2,2,54,7.738,8.228,3.162,0.012,19.14,0
none,2,2,55,5.76,8.193,3.252,0.012,17.217,0
none,2,2,56,6.322,7.794,2.78,0.014,16.911,0
none,2,2,57,6.0,8.518,3.494,0.013,18.024,0
none,2,2,58,5.82,7.852,1.518,0.012,15.201,0
none,2,2,59,6.17,7.504,2.31,0.011,15.996,0
none,2,2,60,5.788,7.171,3.973,0.011,16.943,0
none,2,2,61,6.326,8.909,2.243,0.01,17.488,0
none,2,2,62,6.228,6.922,1.181,0.012,14.343,0
none,2,2,63,5.772,9.964,2.883,0.011,18.63,0
none,2,2,64,6.008,7.195,1.448,0.01,14.66,0
none,2,2,65,5.831,8.088,2.574,0.011,16.504,0
none,2,2,66,6.011,8.842,4.489,0.015,19.357,0
none,2,2,67,5.854,8.22,2.679,0.014,16.767,0
none,2,2,68,6.009,8.68,1.794,0.011,16.494,0
none,2,2,69,8.013,8.751,2.877,0.014,19.655,0
none,2,2,70,5.84,8.038,1.836,0.011,15.724,0
none,2,2,71,5.772,10.047,2.877,0.011,18.707,0
none,2,2,72,5.905,8.369,2.745,0.012,17.03,0
none,2,2,73,5.79,8.446,2.046,0.011,16.293,0
none,2,2,74,5.854,9.261,1.713,0.011,16.838,0
none,2,2,75,5.574,8.133,3.254,0.015,16.976,0
none,2,2,76,6.623,8.102,4.94,0.012,19.677,0
none,2,2,77,5.682,8.414,2.72,0.012,16.828,0
none,2,2,78,5.81,7.11,3.518,0.013,16.451,0
none,2,2,79,5.783,6.904,3.674,0.013,16.373,0
none,2,2,80,5.61,7.561,3.422,0.011,16.604,0
none,2,2,81,5.586,8.142,2.452,0.014,16.194,0
none,2,2,82,6.011,9.174,2.378,0.011,17.573,0
none,2,2,83,5.923,9.231,4.018,0.014,19.187,0
none,2,2,84,5.678,10.79,3.254,0.012,19.734,0
none,2,2,85,6.383,8.65,2.445,0.013,17.49,0
none,2,2,86,5.814,8.998,3.077,0.013,17.902,0
none,2,2,87,5.742,8.473,5.299,0.012,19.526,0
none,2,2,88,5.737,7.574,1.202,0.01,14.523,0
none,2,2,89,6.53,12.112,2.786,0.014,21.442,0
none,2,2,90,5.748,7.161,1.634,0.012,14.554,0
none,2,2,91,5.71,8.039,3.158,0.011,16.919,0
none,2,2,92,5.793,8.023,2.612,0.011,16.439,0
none,2,2,93,5.587,8.212,4.421,0.036,18.256,0
none,2,2,94,5.75,8.267,4.342,0.032,18.39,0
none,2,2,95,5.783,7.72,4.509,0.015,18.027,0
none,2,2,96,5.768,7.986,2.423,0.012,16.19,0
none,2,2,97,5.684,9.721,2.054,0.015,17.474,0
none,2,2,98,5.679,8.178,1.511,0.011,15.38,0
none,2,2,99,5.876,7.003,2.443,0.011,15.333,0
none,2,2,100,5.596,8.233,1.51,0.01,15.35,0
none,2,2,101,5.584,8.136,5.228,0.013,18.961,0
none,2,2,102,5.768,7.819,1.361,0.01,14.958,0
none,2,2,103,5.971,7.307,2.956,0.011,16.245,0
none,2,2,104,5.577,8.08,2.481,0.011,16.149,0
none,2,2,105,5.639,7.252,1.74,0.01,14.64,0
none,2,2,106,5.677,7.398,2.596,0.011,15.683,0
none,2,2,107,5.986,7.633,2.006,0.011,15.636,0
none,2,2,108,5.793,10.284,1.861,0.011,17.949,0
none,2,2,109,5.527,6.752,3.883,0.012,16.173,0
none,2,2,110,5.723,9.636,4.715,0.011,20.085,0
none,2,2,111,5.666,7.447,2.579,0.013,15.704,0
none,2,2,112,5.635,8.916,2.799,0.014,17.364,0
none,2,2,113,8.157,8.431,3.356,0.019,19.963,0
none,2,2,114,5.593,10.237,2.522,0.012,18.364,0
none,2,2,115,5.584,7.957,5.21,0.016,18.767,0
none,2,2,116,5.579,7.905,3.384,0.014,16.881,0
none,2,2,117,5.663,8.635,4.354,0.013,18.665,0
none,2,2,118,5.908,9.338,3.689,0.013,18.948,0
none,2,2,119,5.558,7.272,2.974,0.012,15.817,0
none,2,2,120,5.741,6.89,3.137,0.012,15.781,0
none,2,2,121,5.884,6.805,1.893,0.013,14.595,0
none,2,2,122,6.231,7.454,4.451,0.014,18.149,0
none,2,2,123,5.604,7.282,6.085,0.013,18.985,0
none,2,2,124,5.514,6.852,4.825,0.016,17.207,0
none,2,2,125,5.913,8.071,4.744,0.012,18.739,0
none,2,2,126,5.532,8.469,2.214,0.013,16.228,0
none,2,2,127,5.62,6.994,4.048,0.016,16.678,0
none,2,2,128,5.98,7.436,1.611,0.012,15.038,0
none,2,2,129,6.022,6.903,1.67,0.011,14.607,0
none,2,2,130,5.526,8.556,6.16,0.012,20.253,0
none,2,2,131,5.536,7.057,2.745,0.01,15.348,0
none,2,2,132,6.201,7.186,3.807,0.011,17.205,0
none,2,2,133,5.527,9.301,2.541,0.011,17.379,0
none,2,2,134,5.602,8.583,3.3,0.153,17.638,0
none,2,2,135,5.696,8.89,2.267,0.017,16.87,0
none,2,2,136,5.776,7.88,1.548,0.013,15.219,0
none,2,2,137,5.592,6.93,2.132,0.012,14.666,0
none,2,2,138,5.444,7.319,3.129,0.013,15.905,0
none,2,2,139,5.597,7.978,5.026,0.013,18.614,0
none,2,2,140,5.553,7.059,1.705,0.013,14.33,0
none,2,2,141,5.613,8.996,3.128,0.013,17.75,0
none,2,2,142,5.722,7.826,1.937,0.012,15.497,0
none,2,2,143,5.501,8.122,2.793,0.012,16.428,0
none,2,2,144,5.535,7.298,2.57,0.012,15.415,0
none,2,2,145,5.843,7.916,1.724,0.011,15.493,0
none,2,2,146,5.643,7.218,3.107,0.014,15.982,0
none,2,2,147,7.014,6.787,3.676,0.013,17.49,0
none,2,2,148,5.624,8.885,1.777,0.011,16.297,0
none,2,2,149,5.672,10.009,3.325,0.013,19.019,0
none,2,2,150,5.799,6.805,3.304,0.015,15.923,0
none,2,2,151,6.011,7.018,2.053,0.011,15.093,0
none,2,2,152,5.669,7.624,3.261,0.012,16.567,0
none,2,2,153,5.843,8.5,3.542,0.012,17.897,0
none,2,2,154,5.633,8.048,4.595,0.013,18.288,0
none,2,2,155,6.133,8.228,9.119,0.039,23.519,0
none,2,2,156,5.608,7.186,1.764,0.014,14.571,0
none,2,2,157,5.538,8.613,3.355,0.017,17.524,0
none,2,2,158,5.956,8.336,3.118,0.016,17.427,0
none,2,2,159,6.2,8.668,4.236,0.011,19.116,0
none,2,2,160,5.56,7.464,4.713,0.012,17.749,0
none,2,2,161,5.567,7.131,2.318,0.011,15.027,0
none,2,2,162,5.957,6.884,1.855,0.011,14.706,0
none,2,2,163,5.735,6.842,1.73,0.011,14.318,0
none,2,2,164,5.651,8.293,1.885,0.012,15.841,0
none,2,2,165,5.509,7.786,3.081,0.011,16.388,0
none,2,2,166,5.656,8.573,2.739,0.015,16.983,0
none,2,2,167,5.591,7.79,1.924,0.014,15.319,0
none,2,2,168,5.724,8.482,1.962,0.011,16.179,0
none,2,2,169,5.689,8.432,1.389,0.01,15.52,0
none,2,2,170,5.75,8.024,4.454,0.012,18.24,0
none,2,2,171,5.85,6.948,2.673,0.011,15.482,0
none,2,2,172,5.463,7.226,1.985,0.012,14.685,0
none,2,2,173,5.494,11.128,2.041,0.013,18.677,0
none,2,2,174,5.703,7.939,3.342,0.018,17.003,0
none,2,2,175,5.535,9.877,3.069,0.013,18.494,0
none,2,2,176,5.635,7.066,2.083,0.012,14.795,0
none,2,2,177,5.71,6.978,3.248,0.014,15.95,0
none,2,2,178,5.628,6.982,1.654,0.011,14.276,0
none,2,2,179,6.454,6.987,4.456,0.013,17.91,0
none,2,2,180,5.789,7.411,1.853,0.013,15.066,0
none,2,2,181,6.332,7.661,2.802,0.013,16.808,0
none,2,2,182,5.831,7.688,2.638,0.012,16.168,0
none,2,2,183,5.752,6.888,1.833,0.012,14.485,0
none,2,2,184,5.576,7.118,1.738,0.023,14.454,0
none,2,2,185,6.433,9.305,2.825,0.015,18.578,0
none,2,2,186,6.894,7.153,3.885,0.011,17.943,0
none,2,2,187,5.824,8.558,3.991,0.012,18.384,0
none,2,2,188,8.231,7.25,2.526,0.013,18.019,0
none,2,2,189,5.82,7.826,4.033,0.015,17.695,0
none,2,2,190,6.306,7.829,1.631,0.016,15.782,0
none,2,2,191,5.507,8.184,2.521,0.011,16.224,0
none,2,2,192,5.552,7.058,3.402,0.01,16.022,0
none,2,2,193,5.509,7.498,2.311,0.014,15.331,0
none,2,2,194,5.516,7.355,1.998,0.011,14.881,0
none,2,2,195,5.518,7.303,1.88,0.012,14.712,0
none,2,2,196,5.529,7.709,2.711,0.012,15.961,0
none,2,2,197,5.671,8.524,1.968,0.012,16.176,0
none,2,2,198,5.74,7.233,1.8,0.011,14.785,0
none,2,2,199,6.082,6.978,1.895,0.012,14.968,0
none,2,2,200,5.581,7.216,2.408,0.01,15.216,0
none,2,2,201,5.458,8.116,1.646,0.01,15.231,0
none,2,2,202,5.484,7.049,3.814,0.013,16.361,0
none,2,2,203,6.396,6.921,2.043,0.011,15.371,0
none,2,2,204,5.698,7.145,3.63,0.011,16.484,0
none,2,2,205,5.488,7.099,2.03,0.011,14.629,0
none,2,2,206,5.842,7.712,6.204,0.016,19.773,0
none,2,2,207,5.482,7.622,4.131,0.012,17.246,0
none,2,2,208,6.157,7.123,4.338,0.013,17.632,0
none,2,2,209,5.764,8.05,2.08,0.012,15.906,0
none,2,2,210,5.899,7.602,1.63,0.01,15.141,0
none,2,2,211,5.599,7.017,2.424,0.011,15.051,0
none,2,2,212,5.444,7.099,3.976,0.012,16.531,0
none,2,2,213,5.504,8.13,1.964,0.011,15.609,0
none,2,2,214,5.657,7.642,3.13,0.012,16.44,0
none,2,2,215,5.729,7.452,2.728,0.01,15.919,0
none,2,2,216,5.534,7.659,3.101,0.012,16.306,0
none,2,2,217,6.112,8.008,5.866,0.011,19.997,0
none,2,2,218,5.546,7.044,1.848,0.011,14.449,0
none,2,2,219,5.571,7.107,4.064,0.011,16.753,0
none,2,2,220,5.633,7.633,2.104,0.011,15.382,0
none,2,2,221,5.606,8.155,1.866,0.012,15.639,0
none,2,2,222,5.589,7.903,1.783,0.012,15.286,0
none,2,2,223,5.718,6.972,1.66,0.011,14.361,0
none,2,2,224,5.864,8.548,3.29,0.013,17.715,0
none,2,2,225,5.691,8.192,1.818,0.013,15.714,0
none,2,2,226,5.674,6.942,3.019,0.013,15.648,0
none,2,2,227,6.159,7.144,2.947,0.012,16.262,0
none,2,2,228,5.772,8.025,1.471,0.011,15.279,0
none,2,2,229,5.705,7.908,3.23,0.014,16.857,0
none,2,2,230,7.214,7.278,3.757,0.013,18.262,0
none,2,2,231,5.554,7.207,4.085,0.013,16.858,0
none,2,2,232,5.55,7.386,3.114,0.011,16.061,0
none,2,2,233,5.575,7.766,2.088,0.012,15.44,0
none,2,2,234,5.548,8.57,3.093,0.015,17.226,0
none,2,2,235,5.773,7.972,3.406,0.019,17.169,0
none,2,2,236,5.611,7.708,3.211,0.014,16.544,0
none,2,2,237,5.758,9.504,2.535,0.013,17.811,0
none,2,2,238,5.649,8.752,2.209,0.014,16.625,0
none,2,2,239,5.603,8.437,1.742,0.012,15.795,0
none,2,2,240,5.689,8.445,1.93,0.015,16.079,0
none,2,2,241,5.733,7.293,2.185,0.011,15.222,0
none,2,2,242,8.693,9.635,4.43,0.015,22.773,0
none,2,2,243,5.691,8.628,6.3,0.015,20.635,0
none,2,2,244,5.768,8.244,4.869,0.012,18.892,0
none,2,2,245,5.606,7.63,3.692,0.012,16.94,0
none,2,2,246,5.506,9.896,3.116,0.017,18.535,0
none,2,2,247,5.995,7.638,3.673,0.012,17.318,0
none,2,2,248,6.069,7.859,6.911,0.011,20.85,0
none,2,2,249,5.705,7.375,1.812,0.01,14.902,0
none,2,2,250,6.297,7.356,1.999,0.01,15.663,0
none,2,2,251,6.206,7.609,1.931,0.01,15.757,0
none,2,2,252,6.163,7.55,2.679,0.012,16.405,0
none,2,2,253,5.67,7.522,1.86,0.014,15.066,0
none,2,2,254,5.981,9.107,1.666,0.013,16.767,0
none,2,2,255,5.79,8.284,1.527,0.01,15.611,0
none,2,2,256,5.842,7.272,2.015,0.01,15.138,0
none,2,2,257,5.933,7.924,1.888,0.011,15.756,0
none,2,2,258,5.781,8.552,2.509,0.011,16.854,0
none,2,2,259,5.887,8.435,1.774,0.024,16.12,0
none,2,2,260,5.795,7.746,2.85,0.013,16.405,0
none,2,2,261,5.893,8.355,1.633,0.011,15.892,0
none,2,2,262,5.67,6.914,3.66,0.011,16.255,0
none,2,2,263,5.617,6.749,4.216,0.013,16.595,0
none,2,2,264,5.838,6.951,2.034,0.012,14.835,0
none,2,2,265,5.805,9.004,1.949,0.016,16.774,0
none,2,2,266,5.678,7.002,3.095,0.012,15.786,0
none,2,2,267,5.589,7.973,1.937,0.01,15.509,0
none,2,2,268,5.713,8.33,1.915,0.011,15.969,0
none,2,2,269,5.727,7.082,2.128,0.011,14.948,0
none,2,2,270,5.919,7.75,1.894,0.011,15.575,0
none,2,2,271,5.676,6.999,2.008,0.012,14.695,0
none,2,2,272,5.998,7.159,3.648,0.012,16.818,0
none,2,2,273,5.923,7.357,2.594,0.015,15.888,0
none,2,2,274,6.185,8.734,3.499,0.011,18.429,0
none,2,2,275,5.963,7.531,2.516,0.011,16.021,0
none,2,2,276,5.965,8.259,1.972,0.011,16.208,0
none,2,2,277,5.812,6.987,3.197,0.011,16.008,0
none,2,2,278,5.754,6.943,2.597,0.013,15.307,0
none,2,2,279,5.659,7.245,2.401,0.011,15.316,0
none,2,2,280,5.794,7.736,4.225,0.011,17.765,0
none,2,2,281,5.687,7.478,1.885,0.011,15.062,0
none,2,2,282,5.693,6.915,3.877,0.012,16.498,0
none,2,2,283,5.695,8.812,1.42,0.016,15.943,0
none,2,2,284,6.38,7.272,3.06,0.01,16.722,0
none,2,2,285,5.666,9.003,1.954,0.01,16.633,0
none,2,2,286,5.833,8.237,5.673,0.011,19.754,0
none,2,2,287,5.552,7.401,1.484,0.01,14.446,0
none,2,2,288,5.61,7.87,6.394,0.012,19.885,0
none,2,2,289,5.53,8.258,2.891,0.015,16.695,0
none,2,2,290,5.598,9.315,4.808,0.017,19.738,0
none,2,2,291,6.314,10.14,5.465,0.014,21.934,0
none,2,2,292,5.844,9.478,4.674,0.013,20.01,0
none,2,2,293,5.714,8.658,5.279,0.013,19.664,0
none,2,2,294,5.82,8.481,2.932,0.066,17.299,0
none,2,2,295,5.782,7.683,2.14,0.278,15.883,0
none,2,2,296,6.182,7.264,2.638,0.013,16.097,0
none,2,2,297,5.591,7.453,1.802,0.012,14.858,0
none,2,2,298,6.061,10.536,1.476,0.011,18.084,0
none,2,2,299,5.743,6.742,1.776,0.011,14.272,0
none,2,2,300,5.623,6.927,4.327,0.012,16.889,0
none,2,2,301,5.706,8.172,5.116,0.013,19.007,0
none,2,2,302,5.712,8.204,4.136,0.013,18.064,0
none,2,2,303,7.093,7.076,1.938,0.011,16.119,0
none,2,2,304,5.447,7.101,2.951,0.013,15.511,0
none,2,2,305,5.457,7.268,2.01,0.012,14.746,0
none,2,2,306,5.559,8.53,3.448,0.012,17.549,0
none,2,2,307,5.595,8.139,2.185,0.011,15.93,0
none,2,2,308,5.469,7.392,3.817,0.015,16.693,0
none,2,2,309,5.615,8.879,2.249,0.011,16.755,0
none,2,2,310,5.479,7.492,5.52,0.013,18.504,0
none,2,2,311,5.478,6.999,3.071,0.013,15.561,0
none,2,2,312,5.539,7.833,2.403,0.012,15.787,0
none,2,2,313,5.597,7.656,1.771,0.014,15.039,0
none,2,2,314,5.456,8.082,7.748,0.013,21.298,0
none,2,2,315,5.385,7.045,5.49,0.012,17.933,0
none,2,2,316,5.644,7.17,1.294,0.011,14.118,0
none,2,2,317,5.88,7.797,2.623,0.011,16.312,0
none,2,2,318,5.495,8.081,1.499,0.011,15.086,0
none,2,2,319,5.724,6.951,1.215,0.011,13.901,0
none,2,2,320,5.824,6.934,1.925,0.016,14.699,0
none,2,2,321,5.528,7.104,1.69,0.011,14.333,0
none,2,2,322,5.486,7.275,1.342,0.012,14.116,0
none,2,2,323,5.493,7.192,2.609,0.011,15.306,0
none,2,2,324,5.725,8.153,3.215,0.015,17.108,0
none,2,2,325,5.91,9.181,4.104,0.015,19.209,0
none,2,2,326,6.179,7.494,2.246,0.012,15.93,0
none,2,2,327,6.056,7.04,1.402,0.011,14.509,0
none,2,2,328,5.394,6.764,5.035,0.011,17.204,0
none,2,2,329,6.249,7.283,3.232,0.013,16.776,0
none,2,2,330,5.451,8.014,2.073,0.011,15.549,0
none,2,2,331,5.705,7.753,6.503,0.013,19.974,0
none,2,2,332,5.338,7.343,1.486,0.011,14.177,0
none,2,2,333,5.431,7.49,1.545,0.012,14.477,0
none,2,2,334,5.326,8.49,1.472,0.012,15.3,0
none,2,2,335,5.355,9.683,1.772,0.013,16.823,0
none,2,2,336,5.449,7.515,4.65,0.014,17.628,0
none,2,2,337,5.39,7.14,3.486,0.012,16.028,0
none,2,2,338,5.458,7.665,2.735,0.015,15.872,0
none,2,2,339,5.568,8.654,2.979,0.016,17.216,0
none,2,2,340,5.382,7.915,1.739,0.015,15.051,0
none,2,2,341,5.465,7.189,2.649,0.011,15.314,0
none,2,2,342,5.514,10.036,1.793,0.012,17.355,0
none,2,2,343,5.438,7.001,4.616,0.013,17.068,0
none,2,2,344,5.734,7.095,4.809,0.013,17.652,0
none,2,2,345,5.527,7.332,2.73,0.013,15.602,0
none,2,2,346,5.463,7.33,4.915,0.021,17.73,0
none,2,2,347,5.309,7.343,2.654,0.011,15.317,0
none,2,2,348,6.153,7.334,2.165,0.011,15.663,0
none,2,2,349,6.373,6.998,2.204,0.011,15.586,0
none,2,2,350,5.317,7.03,2.458,0.011,14.815,0
none,2,2,351,5.977,6.966,1.066,0.011,14.02,0
none,2,2,352,5.401,8.161,3.654,0.014,17.229,0
none,2,2,353,5.385,7.679,2.31,0.017,15.392,0
none,2,2,354,5.463,8.183,2.942,0.013,16.601,0
none,2,2,355,5.427,8.081,2.011,0.012,15.531,0
none,2,2,356,5.808,8.624,2.401,0.014,16.846,0
none,2,2,357,5.97,10.05,1.96,0.011,17.991,0
none,2,2,358,5.955,7.071,2.461,0.011,15.499,0
none,2,2,359,5.761,6.933,2.838,0.013,15.545,0
none,2,2,360,5.411,7.819,2.859,0.012,16.102,0
none,2,2,361,5.283,8.533,2.037,0.013,15.866,0
none,2,2,362,5.467,8.738,3.005,0.016,17.226,0
none,2,2,363,7.802,8.323,1.719,0.011,17.855,0
none,2,2,364,5.53,7.703,3.017,0.012,16.263,0
none,2,2,365,5.321,8.556,2.587,0.013,16.478,0
none,2,2,366,8.333,7.956,1.923,0.012,18.224,0
none,2,2,367,5.323,7.776,1.416,0.01,14.525,0
none,2,2,368,5.393,7.14,4.281,0.014,16.828,0
none,2,2,369,5.604,7.732,4.385,0.013,17.735,0
none,2,2,370,5.939,8.034,2.138,0.012,16.123,0
none,2,2,371,5.299,8.61,3.247,0.013,17.168,0
none,2,2,372,5.631,8.145,2.757,0.013,16.545,0
none,2,2,373,5.301,7.294,1.422,0.011,14.028,0
none,2,2,374,5.532,8.569,2.061,0.012,16.175,0
none,2,2,375,5.647,7.65,4.513,0.012,17.821,0
none,2,2,376,5.88,8.139,2.847,0.011,16.877,0
none,2,2,377,5.51,7.22,1.733,0.011,14.475,0
none,2,2,378,5.452,7.524,2.31,0.012,15.297,0
none,2,2,379,5.405,7.06,1.888,0.011,14.364,0
none,2,2,380,5.384,6.85,2.659,0.01,14.903,0
none,2,2,381,5.495,7.249,2.986,0.01,15.74,0
none,2,2,382,5.5,6.888,1.457,0.012,13.857,0
none,2,2,383,5.466,7.677,2.69,0.011,15.844,0
none,2,2,384,5.447,8.017,3.792,0.013,17.269,0
none,2,2,385,5.959,8.714,5.368,0.017,20.058,0
none,2,2,386,5.57,7.955,3.338,0.011,16.875,0
none,2,2,387,5.689,7.792,3.041,0.017,16.539,0
none,2,2,388,5.465,7.949,2.055,0.011,15.481,0
none,2,2,389,6.388,7.316,1.735,0.012,15.45,0
none,2,2,390,5.517,6.937,2.644,0.011,15.109,0
none,2,2,391,5.542,6.752,1.563,0.01,13.868,0
none,2,2,392,5.662,6.876,2.153,0.01,14.7,0
none,2,2,393,5.538,7.431,4.58,0.011,17.56,0
none,2,2,394,5.606,8.275,4.866,0.011,18.758,0
none,2,2,395,5.434,7.006,1.752,0.011,14.202,0
none,2,2,396,6.035,7.187,2.651,0.011,15.884,0
none,2,2,397,5.668,8.453,2.65,0.011,16.782,0
none,2,2,398,7.28,7.686,3.754,0.015,18.735,0
none,2,2,399,5.439,7.543,1.875,0.013,14.87,0
none,2,2,400,5.497,7.368,2.208,0.012,15.085,0
none,2,2,401,6.523,6.924,1.554,0.011,15.011,0
none,2,2,402,5.846,8.132,2.091,0.012,16.082,0
none,2,2,403,5.776,6.806,3.727,0.012,16.321,0
none,2,2,404,5.433,8.066,2.635,0.012,16.145,0
none,2,2,405,5.499,8.648,4.383,0.013,18.542,0
none,2,2,406,5.635,8.443,3.591,0.011,17.68,0
none,2,2,407,5.591,7.425,1.816,0.011,14.843,0
none,2,2,408,5.571,8.108,3.846,0.012,17.537,0
none,2,2,409,5.626,7.622,6.679,0.013,19.94,0
none,2,2,410,5.433,7.73,1.489,0.009,14.661,0
none,2,2,411,7.115,7.479,2.242,0.01,16.846,0
none,2,2,412,5.362,7.622,3.369,0.011,16.364,0
none,2,2,413,5.709,7.548,3.295,0.013,16.566,0
none,2,2,414,5.551,7.395,2.172,0.012,15.131,0
none,2,2,415,5.503,7.443,3.185,0.011,16.142,0
none,2,2,416,6.659,8.342,4.27,0.013,19.284,0
none,2,2,417,6.564,8.551,3.122,0.013,18.249,0
none,2,2,418,5.932,10.13,3.773,0.014,19.849,0
none,2,2,419,5.471,7.822,2.262,0.015,15.57,0
none,2,2,420,5.503,7.768,2.597,0.015,15.882,0
none,2,2,421,7.255,8.515,3.092,0.013,18.875,0
none,2,2,422,5.493,7.439,2.24,0.015,15.188,0
none,2,2,423,5.968,6.908,3.318,0.015,16.209,0
none,2,2,424,5.637,7.003,4.102,0.015,16.757,0
none,2,2,425,6.475,7.116,3.341,0.013,16.945,0
none,2,2,426,5.74,6.875,1.819,0.011,14.445,0
none,2,2,427,5.572,6.96,3.287,0.011,15.83,0
none,2,2,428,5.517,7.194,4.712,0.011,17.434,0
none,2,2,429,5.534,7.12,1.552,0.01,14.216,0
none,2,2,430,5.461,7.928,3.28,0.014,16.682,0
none,2,2,431,6.522,7.328,4.65,0.012,18.512,0
none,2,2,432,5.718,8.225,3.109,0.011,17.064,0
none,2,2,433,5.922,7.876,4.267,0.015,18.08,0
none,2,2,434,5.489,7.334,4.182,0.013,17.018,0
none,2,2,435,5.511,7.159,3.521,0.014,16.205,0
none,2,2,436,5.582,7.334,4.076,0.011,17.004,0
none,2,2,437,5.487,7.939,1.945,0.011,15.382,0
none,2,2,438,5.54,7.846,1.642,0.014,15.042,0
none,2,2,439,5.545,7.269,2.339,0.012,15.165,0
none,2,2,440,5.529,8.016,2.468,0.014,16.027,0
none,2,2,441,6.615,7.985,2.535,0.013,17.148,0
none,2,2,442,5.516,6.977,1.967,0.012,14.472,0
none,2,2,443,5.596,7.242,1.727,0.014,14.579,0
none,2,2,444,5.423,7.423,2.118,0.012,14.976,0
none,2,2,445,5.451,7.547,2.626,0.012,15.636,0
none,2,2,446,5.484,7.889,1.691,0.011,15.075,0
none,2,2,447,5.753,7.214,2.415,0.014,15.396,0
none,2,2,448,5.716,7.462,2.506,0.013,15.697,0
none,2,2,449,5.535,7.209,2.075,0.012,14.832,0
none,2,2,450,5.516,7.11,1.933,0.01,14.57,0
none,2,2,451,5.632,9.748,1.8,0.01,17.189,0
none,2,2,452,5.471,7.153,2.703,0.012,15.339,0
none,2,2,453,5.502,7.772,2.42,0.01,15.704,0
none,2,2,454,5.798,8.079,2.992,0.012,16.882,0
none,2,2,455,5.552,7.504,2.612,0.012,15.68,0
none,2,2,456,6.102,8.212,1.703,0.012,16.029,0
none,2,2,457,5.867,8.112,2.13,0.017,16.126,0
none,2,2,458,5.795,7.188,1.674,0.01,14.666,0
none,2,2,459,5.831,7.215,1.667,0.01,14.722,0
none,2,2,460,5.783,7.189,2.37,0.01,15.353,0
none,2,2,461,5.515,8.353,2.81,0.012,16.69,0
none,2,2,462,5.362,7.216,1.951,0.011,14.54,0
none,2,2,463,5.399,7.799,1.796,0.01,15.004,0
none,2,2,464,5.415,8.094,2.169,0.01,15.689,0
none,2,2,465,5.62,8.349,2.466,0.01,16.446,0
none,2,2,466,5.425,8.43,2.692,0.013,16.561,0
none,2,2,467,5.379,8.512,3.766,0.013,17.669,0
none,2,2,468,5.464,8.677,3.346,0.014,17.501,0
none,2,2,469,5.39,8.067,3.39,0.016,16.864,0
none,2,2,470,5.441,10.196,2.356,0.012,18.005,0
none,2,2,471,5.635,7.411,2.0,0.012,15.058,0
none,2,2,472,6.283,7.687,1.675,0.01,15.655,0
none,2,2,473,6.19,8.864,1.887,0.011,16.953,0
none,2,2,474,5.519,7.073,5.138,0.012,17.743,0
none,2,3,30,5.27,6.998,3.826,0.011,16.105,0
none,2,3,31,5.457,7.47,3.26,0.012,16.199,0
none,2,3,32,5.331,8.641,2.254,0.011,16.237,0
none,2,3,33,5.569,7.53,3.627,0.011,16.738,0
none,2,3,34,5.518,8.244,2.909,0.012,16.683,0
none,2,3,35,5.342,6.943,1.861,0.011,14.156,0
none,2,3,36,5.315,8.577,1.901,0.011,15.803,0
none,2,3,37,5.531,8.966,1.827,0.011,16.335,0
none,2,3,38,9.108,8.732,2.999,0.015,20.854,0
none,2,3,39,5.535,7.324,2.417,0.011,15.287,0
none,2,3,40,5.224,6.836,1.725,0.011,13.795,0
none,2,3,41,5.338,7.742,3.406,0.011,16.497,0
none,2,3,42,5.368,8.367,3.19,0.011,16.937,0
none,2,3,43,5.677,7.589,3.28,0.012,16.558,0
none,2,3,44,6.204,7.948,3.0,0.011,17.162,0
none,2,3,45,5.263,10.659,1.67,0.011,17.602,0
none,2,3,46,5.259,7.448,5.537,0.011,18.256,0
none,2,3,47,5.391,8.028,3.097,0.013,16.529,0
none,2,3,48,5.297,8.048,3.14,0.011,16.495,0
none,2,3,49,5.321,7.552,2.613,0.011,15.497,0
none,2,3,50,5.41,7.55,4.373,0.011,17.344,0
none,2,3,51,5.574,7.703,2.039,0.011,15.327,0
none,2,3,52,5.148,7.258,3.086,0.013,15.505,0
none,2,3,53,5.22,8.871,1.404,0.01,15.505,0
none,2,3,54,5.154,8.545,2.759,0.012,16.47,0
none,2,3,55,5.209,9.645,2.148,0.01,17.012,0
none,2,3,56,5.51,9.457,1.995,0.01,16.972,0
none,2,3,57,5.385,7.078,3.198,0.012,15.673,0
none,2,3,58,5.16,8.511,2.877,0.012,16.56,0
none,2,3,59,5.182,6.994,3.307,0.011,15.495,0
none,2,3,60,5.289,8.179,4.97,0.012,18.451,0
none,2,3,61,5.327,8.01,1.968,0.014,15.319,0
none,2,3,62,5.262,8.02,1.705,0.011,14.998,0
none,2,3,63,5.463,10.14,3.531,0.018,19.151,0
none,2,3,64,5.614,6.989,1.75,0.01,14.363,0
none,2,3,65,6.787,7.275,1.848,0.011,15.921,0
none,2,3,66,6.607,7.19,2.876,0.01,16.683,0
none,2,3,67,5.439,8.85,2.344,0.012,16.645,0
none,2,3,68,5.551,6.834,2.339,0.011,14.735,0
none,2,3,69,5.246,9.106,6.012,0.012,20.376,0
none,2,3,70,5.256,7.934,2.908,0.011,16.11,0
none,2,3,71,5.378,8.49,2.423,0.013,16.305,0
none,2,3,72,5.311,9.384,3.77,0.013,18.478,0
none,2,3,73,5.193,8.61,2.181,0.01,15.993,0
none,2,3,74,5.382,7.729,2.396,0.013,15.519,0
none,2,3,75,5.883,8.513,2.573,0.014,16.984,0
none,2,3,76,5.585,7.433,2.166,0.011,15.195,0
none,2,3,77,5.672,8.061,5.366,0.014,19.114,0
none,2,3,78,6.47,7.142,3.481,0.012,17.105,0
none,2,3,79,5.827,8.163,1.759,0.01,15.759,0
none,2,3,80,5.333,6.949,2.028,0.01,14.321,0
none,2,3,81,5.693,8.226,2.588,0.012,16.52,0
none,2,3,82,5.438,8.361,5.117,0.012,18.928,0
none,2,3,83,5.407,9.033,2.862,0.012,17.314,0
none,2,3,84,5.324,7.924,2.0,0.012,15.26,0
none,2,3,85,5.434,7.799,3.962,0.012,17.207,0
none,2,3,86,5.536,7.689,1.857,0.012,15.094,0
none,2,3,87,7.142,9.072,1.966,0.013,18.194,0
none,2,3,88,5.39,9.378,1.575,0.016,16.359,0
none,2,3,89,5.435,7.593,1.29,0.01,14.327,0
none,2,3,90,6.565,7.498,1.258,0.01,15.331,0
none,2,3,91,5.431,8.038,1.415,0.014,14.898,0
none,2,3,92,5.523,8.413,2.489,0.013,16.437,0
none,2,3,93,5.632,7.701,2.107,0.012,15.452,0
none,2,3,94,6.141,7.937,3.268,0.013,17.359,0
none,2,3,95,5.511,9.232,2.028,0.014,16.785,0
none,2,3,96,5.68,8.525,3.413,0.015,17.634,0
none,2,3,97,5.715,7.978,1.577,0.011,15.281,0
none,2,3,98,7.391,7.804,1.634,0.012,16.841,0
none,2,3,99,5.592,6.934,2.123,0.013,14.663,0
none,2,3,100,5.352,11.857,1.001,0.011,18.221,0
none,2,3,101,5.537,7.624,0.864,0.014,14.039,0
none,2,3,102,5.432,8.299,2.05,0.018,15.8,0
none,2,3,103,5.406,8.094,1.185,0.011,14.695,0
none,2,3,104,6.166,8.048,1.849,0.01,16.073,0
none,2,3,105,5.604,7.124,5.197,0.012,17.937,0
none,2,3,106,5.525,8.837,3.997,0.012,18.371,0
none,2,3,107,5.874,7.901,2.607,0.012,16.394,0
none,2,3,108,5.615,6.858,1.313,0.011,13.797,0
none,2,3,109,5.704,6.972,3.919,0.011,16.605,0
none,2,3,110,5.36,7.08,3.129,0.013,15.581,0
none,2,3,111,5.264,7.571,5.589,0.012,18.436,0
none,2,3,112,5.446,7.327,4.856,0.011,17.639,0
none,2,3,113,5.224,8.194,1.62,0.011,15.049,0
none,2,3,114,6.762,8.062,1.657,0.012,16.493,0
none,2,3,115,5.394,13.765,1.409,0.011,20.578,0
none,2,3,116,6.127,8.018,2.159,0.012,16.316,0
none,2,3,117,5.355,7.044,3.19,0.012,15.601,0
none,2,3,118,5.255,7.456,2.864,0.012,15.587,0
none,2,3,119,5.457,9.032,3.166,0.014,17.669,0
none,2,3,120,5.347,10.764,2.307,0.012,18.431,0
none,2,3,121,6.13,7.854,2.418,0.012,16.414,0
none,2,3,122,5.545,9.044,3.259,0.012,17.861,0
none,2,3,123,5.461,7.632,1.369,0.011,14.473,0
none,2,3,124,5.376,6.962,3.444,0.013,15.795,0
none,2,3,125,5.785,7.832,2.522,0.011,16.15,0
none,2,3,126,5.458,7.253,1.578,0.013,14.302,0
none,2,3,127,5.562,9.079,2.666,0.013,17.32,0
none,2,3,128,5.35,8.339,2.668,0.011,16.367,0
none,2,3,129,5.511,8.112,2.642,0.015,16.281,0
none,2,3,130,5.661,7.64,1.655,0.011,14.967,0
none,2,3,131,5.414,7.645,1.989,0.011,15.059,0
none,2,3,132,5.448,7.714,1.439,0.01,14.611,0
none,2,3,133,5.429,8.088,2.451,0.015,15.983,0
none,2,3,134,5.847,9.137,5.093,0.012,20.09,0
none,2,3,135,5.465,7.035,2.573,0.014,15.087,0
none,2,3,136,5.932,7.093,3.874,0.011,16.91,0
none,2,3,137,5.652,8.006,2.019,0.011,15.688,0
none,2,3,138,5.348,9.899,1.8,0.011,17.059,0
none,2,3,139,5.46,7.7,3.913,0.012,17.086,0
none,2,3,140,5.329,7.587,3.776,0.01,16.702,0
none,2,3,141,5.458,8.643,4.213,0.011,18.325,0
none,2,3,142,5.389,7.879,4.404,0.014,17.685,0
none,2,3,143,8.419,8.92,5.307,0.011,22.656,0
none,2,3,144,5.324,8.654,4.052,0.011,18.042,0
none,2,3,145,5.411,8.362,1.367,0.011,15.151,0
none,2,3,146,5.577,7.944,3.252,0.012,16.785,0
none,2,3,147,5.389,8.934,1.596,0.012,15.93,0
none,2,3,148,5.396,7.444,2.404,0.011,15.256,0
none,2,3,149,5.413,8.287,2.919,0.011,16.63,0
none,2,3,150,5.345,7.966,1.526,0.011,14.848,0
none,2,3,151,5.332,7.791,1.259,0.01,14.393,0
none,2,3,152,5.418,7.616,2.802,0.011,15.848,0
none,2,3,153,5.921,8.282,4.987,0.011,19.201,0
none,2,3,154,5.727,7.549,1.787,0.631,15.694,0
none,2,3,155,5.814,8.061,3.185,0.011,17.071,0
none,2,3,156,6.373,7.499,2.297,0.013,16.182,0
none,2,3,157,5.696,8.42,4.765,0.016,18.897,0
none,2,3,158,5.424,8.28,2.404,0.013,16.121,0
none,2,3,159,5.522,7.168,1.53,0.01,14.231,0
none,2,3,160,5.661,7.19,2.614,0.01,15.476,0
none,2,3,161,6.95,8.397,3.614,0.013,18.973,0
none,2,3,162,5.506,7.284,1.408,0.012,14.21,0
none,2,3,163,5.621,8.06,3.24,0.012,16.933,0
none,2,3,164,5.638,7.417,2.56,0.012,15.627,0
none,2,3,165,5.672,7.585,2.902,0.012,16.17,0
none,2,3,166,5.843,7.808,2.536,0.014,16.2,0
none,2,3,167,5.584,6.942,3.293,0.012,15.832,0
none,2,3,168,5.524,6.846,2.052,0.011,14.434,0
none,2,3,169,5.422,7.082,3.111,0.012,15.627,0
none,2,3,170,5.386,8.082,2.104,0.011,15.583,0
none,2,3,171,5.462,8.65,3.486,0.014,17.612,0
none,2,3,172,5.427,7.978,7.727,0.015,21.146,0
none,2,3,173,5.386,8.06,2.593,0.013,16.051,0
none,2,3,174,5.593,8.424,5.025,0.014,19.056,0
none,2,3,175,6.37,7.71,4.877,0.014,18.97,0
none,2,3,176,5.763,8.405,4.033,0.011,18.212,0
none,2,3,177,5.989,7.924,2.15,0.014,16.076,0
none,2,3,178,6.428,7.722,2.539,0.014,16.703,0
none,2,3,179,6.434,7.884,2.131,0.011,16.461,0
none,2,3,180,6.411,7.183,2.159,0.013,15.767,0
none,2,3,181,5.468,7.491,2.515,0.012,15.487,0
none,2,3,182,7.26,7.235,1.791,0.012,16.297,0
none,2,3,183,5.71,7.06,2.989,0.012,15.771,0
none,2,3,184,5.817,7.846,3.509,0.013,17.184,0
none,2,3,185,5.633,7.521,4.319,0.012,17.485,0
none,2,3,186,5.812,7.78,1.895,0.011,15.498,0
none,2,3,187,5.776,7.417,1.632,0.01,14.836,0
none,2,3,188,5.569,9.653,2.063,0.01,17.296,0
none,2,3,189,5.452,7.101,1.626,0.011,14.19,0
none,2,3,190,5.516,7.347,2.744,0.012,15.619,0
none,2,3,191,5.607,8.72,5.768,0.013,20.109,0
none,2,3,192,5.511,7.189,1.706,0.011,14.417,0
none,2,3,193,5.814,8.078,2.254,0.012,16.158,0
none,2,3,194,6.01,7.377,2.203,0.011,15.601,0
none,2,3,195,5.692,8.277,3.68,0.011,17.66,0
none,2,3,196,6.491,7.852,1.721,0.01,16.074,0
none,2,3,197,5.466,8.522,4.476,0.012,18.476,0
none,2,3,198,5.575,6.808,1.995,0.01,14.388,0
none,2,3,199,5.727,6.862,2.261,0.011,14.862,0
none,2,3,200,5.619,8.108,1.855,0.011,15.594,0
none,2,3,201,5.37,7.087,1.991,0.013,14.46,0
none,2,3,202,5.35,8.035,4.394,0.011,17.789,0
none,2,3,203,5.296,8.013,4.543,0.011,17.863,0
none,2,3,204,6.031,7.975,2.418,0.01,16.433,0
none,2,3,205,5.663,8.801,2.639,0.011,17.112,0
none,2,3,206,5.928,7.988,2.145,0.013,16.075,0
none,2,3,207,5.932,7.626,2.521,0.011,16.089,0
none,2,3,208,5.625,8.234,3.266,0.012,17.137,0
none,2,3,209,5.536,7.602,2.807,0.012,15.958,0
none,2,3,210,5.471,7.382,3.957,0.012,16.822,0
none,2,3,211,5.618,7.412,2.656,0.011,15.697,0
none,2,3,212,5.362,7.364,2.759,0.011,15.497,0
none,2,3,213,5.776,7.648,1.987,0.014,15.425,0
none,2,3,214,5.45,7.667,1.743,0.012,14.871,0
none,2,3,215,5.528,8.074,2.301,0.015,15.917,0
none,2,3,216,5.7,8.15,1.955,0.012,15.818,0
none,2,3,217,5.533,7.291,1.801,0.011,14.636,0
none,2,3,218,7.753,7.92,1.694,0.012,17.379,0
none,2,3,219,5.606,7.024,2.044,0.011,14.685,0
none,2,3,220,5.995,7.604,2.421,0.011,16.031,0
none,2,3,221,5.756,6.961,2.374,0.011,15.102,0
none,2,3,222,5.443,8.472,2.544,0.011,16.47,0
none,2,3,223,6.163,8.036,2.363,0.01,16.572,0
none,2,3,224,5.488,7.204,4.018,0.013,16.723,0
none,2,3,225,5.699,7.974,3.954,0.012,17.639,0
none,2,3,226,5.416,6.746,3.492,0.012,15.666,0
none,2,3,227,5.597,7.795,1.455,0.023,14.871,0
none,2,3,228,5.383,7.204,2.585,0.012,15.183,0
none,2,3,229,5.491,8.337,3.589,0.014,17.431,0
none,2,3,230,5.399,7.675,4.093,0.012,17.178,0
none,2,3,231,6.01,7.204,2.045,0.011,15.269,0
none,2,3,232,5.685,7.656,3.201,0.011,16.553,0
none,2,3,233,5.811,7.111,2.13,0.01,15.062,0
none,2,3,234,5.45,7.975,3.209,0.012,16.646,0
none,2,3,235,6.04,9.821,2.406,0.014,18.281,0
none,2,3,236,5.808,8.499,2.465,0.013,16.785,0
none,2,3,237,5.587,11.246,2.817,0.014,19.664,0
none,2,3,238,5.61,8.104,3.499,0.012,17.225,0
none,2,3,239,5.848,8.148,2.324,0.012,16.332,0
none,2,3,240,5.509,7.85,2.134,0.011,15.503,0
none,2,3,241,5.859,6.825,1.725,0.01,14.419,0
none,2,3,242,5.499,7.09,5.633,0.011,18.233,0
none,2,3,243,5.605,7.018,2.896,0.011,15.531,0
none,2,3,244,5.457,7.101,2.283,0.012,14.853,0
none,2,3,245,5.416,9.544,2.749,0.013,17.722,0
none,2,3,246,5.5,7.216,1.984,0.014,14.715,0
none,2,3,247,5.497,7.049,2.057,0.013,14.616,0
none,2,3,248,5.488,8.103,3.897,0.012,17.5,0
none,2,3,249,5.546,8.118,4.303,0.018,17.985,0
none,2,3,250,6.154,7.826,1.794,0.013,15.786,0
none,2,3,251,6.636,8.459,4.776,0.018,19.889,0
none,2,3,252,8.133,8.739,7.5,0.013,24.385,0
none,2,3,253,5.468,7.178,3.514,0.01,16.17,0
none,2,3,254,5.44,7.311,8.015,0.012,20.777,0
none,2,3,255,5.51,8.33,1.907,0.013,15.76,0
none,2,3,256,5.442,7.616,4.434,0.017,17.509,0
none,2,3,257,5.467,7.191,2.646,0.013,15.316,0
none,2,3,258,5.363,7.105,1.897,0.011,14.376,0
none,2,3,259,5.455,8.637,5.075,0.014,19.181,0
none,2,3,260,5.8,8.312,3.225,0.012,17.35,0
none,2,3,261,5.452,7.118,2.263,0.01,14.843,0
none,2,3,262,5.402,7.237,2.579,0.011,15.229,0
none,2,3,263,5.415,8.008,3.283,0.011,16.717,0
none,2,3,264,5.444,7.808,4.415,0.012,17.679,0
none,2,3,265,5.666,7.36,2.577,0.011,15.614,0
none,2,3,266,6.067,7.265,1.997,0.011,15.34,0
none,2,3,267,5.523,7.622,5.169,0.012,18.326,0
none,2,3,268,5.492,6.861,2.546,0.017,14.916,0
none,2,3,269,5.624,7.27,2.667,0.011,15.572,0
none,2,3,270,5.544,7.522,3.059,0.012,16.137,0
none,2,3,271,5.458,7.695,2.048,0.013,15.214,0
none,2,3,272,6.647,7.719,1.311,0.011,15.689,0
none,2,3,273,5.993,7.49,1.756,0.011,15.251,0
none,2,3,274,5.468,7.557,3.197,0.012,16.234,0
none,2,3,275,5.551,7.496,2.938,0.011,15.996,0
none,2,3,276,5.669,8.271,2.917,0.011,16.869,0
none,2,3,277,5.499,6.977,1.98,0.009,14.465,0
none,2,3,278,5.904,7.134,2.098,0.011,15.147,0
none,2,3,279,5.524,7.139,2.439,0.011,15.113,0
none,2,3,280,5.383,8.316,3.039,0.014,16.752,0
none,2,3,281,5.35,8.526,2.208,0.015,16.098,0
none,2,3,282,5.445,7.075,4.358,0.011,16.889,0
none,2,3,283,5.554,7.5,2.421,0.013,15.488,0
none,2,3,284,5.618,7.566,1.527,0.012,14.723,0
none,2,3,285,6.324,7.127,3.605,0.012,17.068,0
none,2,3,286,5.356,8.855,2.764,0.013,16.989,0
none,2,3,287,5.486,8.231,3.699,0.014,17.429,0
none,2,3,288,5.78,7.624,3.058,0.011,16.473,0
none,2,3,289,5.367,8.386,2.488,0.012,16.253,0
none,2,3,290,5.514,8.425,1.907,0.012,15.857,0
none,2,3,291,5.547,7.025,2.826,0.012,15.41,0
none,2,3,292,5.447,7.44,2.271,0.011,15.169,0
none,2,3,293,5.435,7.142,1.957,0.01,14.544,0
none,2,3,294,5.572,7.396,5.712,0.012,18.693,0
none,2,3,295,5.444,8.707,4.436,0.015,18.602,0
none,2,3,296,6.413,8.701,4.743,0.012,19.868,0
none,2,3,297,5.469,8.532,3.52,0.014,17.534,0
none,2,3,298,5.452,7.932,3.185,0.013,16.583,0
none,2,3,299,5.556,10.646,2.647,0.012,18.861,0
none,2,3,300,6.48,8.019,2.636,0.012,17.147,0
none,2,3,301,6.636,7.256,1.937,0.01,15.838,0
none,2,3,302,5.58,7.422,2.51,0.012,15.524,0
none,2,3,303,5.515,7.781,3.757,0.013,17.066,0
none,2,3,304,5.489,7.036,5.094,0.012,17.631,0
none,2,3,305,5.471,7.14,3.625,0.012,16.248,0
none,2,3,306,5.463,7.524,5.616,0.013,18.616,0
none,2,3,307,5.441,7.448,2.918,0.015,15.822,0
none,2,3,308,5.894,7.593,6.13,0.012,19.628,0
none,2,3,309,5.59,7.337,1.288,0.011,14.226,0
none,2,3,310,5.401,7.677,4.048,0.013,17.139,0
none,2,3,311,5.752,8.201,3.164,0.013,17.131,0
none,2,3,312,5.629,8.265,3.201,0.014,17.108,0
none,2,3,313,5.539,9.42,2.746,0.011,17.716,0
none,2,3,314,5.44,7.867,2.308,0.014,15.63,0
none,2,3,315,5.68,7.492,2.351,0.01,15.534,0
none,2,3,316,5.437,7.875,2.407,0.011,15.73,0
none,2,3,317,5.402,8.139,2.338,0.011,15.889,0
none,2,3,318,5.451,8.383,1.939,0.012,15.784,0
none,2,3,319,5.495,8.416,3.158,0.013,17.082,0
none,2,3,320,5.436,8.214,2.722,0.018,16.39,0
none,2,3,321,5.564,8.137,1.877,0.013,15.591,0
none,2,3,322,5.813,7.375,2.058,0.01,15.257,0
none,2,3,323,5.707,6.984,2.207,0.013,14.911,0
none,2,3,324,6.124,8.517,2.214,0.011,16.865,0
none,2,3,325,5.501,7.43,2.256,0.01,15.197,0
none,2,3,326,5.885,7.073,1.906,0.013,14.878,0
none,2,3,327,6.573,7.78,2.015,0.011,16.379,0
none,2,3,328,5.812,8.558,6.634,0.016,21.02,0
none,2,3,329,5.469,7.667,3.063,0.011,16.21,0
none,2,3,330,5.433,9.059,9.01,0.015,23.517,0
none,2,3,331,7.349,7.197,3.065,0.011,17.622,0
none,2,3,332,5.706,9.375,1.624,0.012,16.716,0
none,2,3,333,5.609,7.68,5.755,0.012,19.055,0
none,2,3,334,5.547,7.415,2.15,0.012,15.123,0
none,2,3,335,6.072,8.653,2.638,0.011,17.374,0
none,2,3,336,5.471,8.456,3.074,0.015,17.016,0
none,2,3,337,5.575,7.182,2.229,0.011,14.997,0
none,2,3,338,5.971,6.941,4.33,0.01,17.253,0
none,2,3,339,5.812,7.54,1.872,0.011,15.235,0
none,2,3,340,5.936,7.519,1.622,0.011,15.087,0
none,2,3,341,5.868,7.945,2.144,0.013,15.97,0
none,2,3,342,6.811,9.548,4.291,0.011,20.662,0
none,2,3,343,5.417,7.753,3.987,0.013,17.169,0
none,2,3,344,5.596,9.869,4.474,0.011,19.949,0
none,2,3,345,5.439,8.076,6.415,0.012,19.941,0
none,2,3,346,5.583,8.28,6.083,0.011,19.957,0
none,2,3,347,5.854,8.063,1.606,0.01,15.533,0
none,2,3,348,6.506,9.456,1.851,0.013,17.826,0
none,2,3,349,5.748,8.315,3.043,0.017,17.123,0
none,2,3,350,6.042,9.232,1.604,0.011,16.889,0
none,2,3,351,6.236,8.742,1.628,0.01,16.616,0
none,2,3,352,5.513,6.941,2.206,0.012,14.672,0
none,2,3,353,5.435,6.832,1.953,0.01,14.231,0
none,2,3,354,5.529,7.927,3.721,0.012,17.189,0
none,2,3,355,5.656,8.209,1.804,0.013,15.682,0
none,2,3,356,6.04,8.887,4.996,0.012,19.935,0
none,2,3,357,5.515,8.354,3.467,0.012,17.349,0
none,2,3,358,5.646,7.792,2.677,0.01,16.126,0
none,2,3,359,5.714,7.233,1.602,0.011,14.56,0
none,2,3,360,6.025,7.954,2.583,0.011,16.573,0
none,2,3,361,5.59,7.367,1.794,0.012,14.764,0
none,2,3,362,5.619,6.986,4.586,0.012,17.202,0
none,2,3,363,5.401,7.037,3.208,0.051,15.696,0
none,2,3,364,6.309,7.905,4.016,0.011,18.241,0
none,2,3,365,5.601,8.215,2.827,0.012,16.654,0
none,2,3,366,5.443,8.162,3.023,0.012,16.64,0
none,2,3,367,5.872,7.799,2.077,0.014,15.761,0
none,2,3,368,5.441,7.812,2.15,0.014,15.418,0
none,2,3,369,5.627,8.121,2.102,0.014,15.864,0
none,2,3,370,5.33,7.417,4.061,0.012,16.82,0
none,2,3,371,5.644,7.234,1.415,0.01,14.303,0
none,2,3,372,5.43,7.616,2.837,0.01,15.893,0
none,2,3,373,5.556,8.237,2.967,0.011,16.77,0
none,2,3,374,5.409,7.158,3.25,0.011,15.828,0
none,2,3,375,5.771,7.248,3.979,0.012,17.011,0
none,2,3,376,5.709,8.279,2.771,0.012,16.772,0
none,2,3,377,5.678,7.194,1.655,0.012,14.54,0
none,2,3,378,5.507,7.114,1.99,0.01,14.622,0
none,2,3,379,5.414,6.891,2.778,0.012,15.096,0
none,2,3,380,5.537,7.221,3.333,0.012,16.103,0
none,2,3,381,5.328,7.092,4.199,0.015,16.635,0
none,2,3,382,5.27,8.626,2.362,0.015,16.274,0
none,2,3,383,5.533,7.32,1.521,0.01,14.384,0
none,2,3,384,5.606,7.968,1.734,0.011,15.319,0
none,2,3,385,5.363,7.192,3.487,0.011,16.053,0
none,2,3,386,5.506,7.742,2.336,0.012,15.596,0
none,2,3,387,6.613,8.252,3.007,0.017,17.889,0
none,2,3,388,5.374,10.421,3.267,0.016,19.078,0
none,2,3,389,5.357,7.242,2.882,0.013,15.494,0
none,2,3,390,5.669,7.261,1.574,0.012,14.516,0
none,2,3,391,5.658,7.392,2.346,0.011,15.407,0
none,2,3,392,5.28,6.903,1.622,0.012,13.817,0
none,2,3,393,5.353,7.605,3.658,0.019,16.633,0
none,2,3,394,5.339,7.329,2.252,0.014,14.934,0
none,2,3,395,5.404,8.12,2.466,0.012,16.002,0
none,2,3,396,5.782,7.172,4.647,0.023,17.624,0
none,2,3,397,5.927,6.999,2.252,0.01,15.188,0
none,2,3,398,5.967,6.995,3.378,0.011,16.35,0
none,2,3,399,6.539,8.398,1.139,0.011,16.087,0
none,2,3,400,5.305,7.467,2.003,0.013,14.787,0
none,2,3,401,5.385,7.1,2.617,0.013,15.115,0
none,2,3,402,5.358,7.098,2.964,0.012,15.432,0
none,2,3,403,6.019,7.407,2.519,0.013,15.959,0
none,2,3,404,5.311,9.248,4.364,0.013,18.936,0
none,2,3,405,5.536,7.676,2.52,0.013,15.744,0
none,2,3,406,5.427,8.207,1.679,0.012,15.326,0
none,2,3,407,5.297,7.364,1.203,0.014,13.877,0
none,2,3,408,6.187,6.854,1.148,0.011,14.2,0
none,2,3,409,5.333,6.986,1.5,0.013,13.832,0
none,2,3,410,5.325,7.625,1.04,0.079,14.069,0
none,2,3,411,5.945,7.372,0.773,0.013,14.102,0
none,2,3,412,5.587,7.5,1.016,0.01,14.114,0
none,2,3,413,5.363,8.38,3.964,0.013,17.721,0
none,2,3,414,5.491,7.229,2.472,0.013,15.206,0
none,2,3,415,5.531,7.823,1.926,0.015,15.295,0
none,2,3,416,5.385,8.402,2.004,0.012,15.803,0
none,2,3,417,5.204,7.31,1.52,0.013,14.048,0
none,2,3,418,5.532,7.527,1.896,0.012,14.968,0
none,2,3,419,5.648,7.505,2.822,0.025,16.001,0
none,2,3,420,5.267,7.514,1.146,0.014,13.941,0
none,2,3,421,7.213,7.445,2.351,0.017,17.027,0
none,2,3,422,5.478,7.051,0.699,0.013,13.241,0
none,2,3,423,5.448,6.796,1.017,0.015,13.277,0
none,2,3,424,5.149,8.015,0.63,0.015,13.809,0
none,2,3,425,5.238,9.299,3.918,0.018,18.472,0
none,2,3,426,7.391,8.037,1.642,0.013,17.084,0
none,2,3,427,5.257,7.941,3.535,0.013,16.746,0
none,2,3,428,5.405,9.15,4.428,0.013,18.997,0
none,2,3,429,5.31,9.968,4.727,0.023,20.029,0
none,2,3,430,5.26,8.014,2.418,0.013,15.706,0
none,2,3,431,5.251,7.177,1.298,1.285,15.01,0
none,2,3,432,9.614,7.407,2.441,0.012,19.473,0
none,2,3,433,5.328,7.459,2.279,0.018,15.084,0
none,2,3,434,5.228,7.328,1.293,0.013,13.863,0
none,2,3,435,5.212,7.63,1.147,0.012,14.002,0
none,2,3,436,6.445,7.032,0.82,0.015,14.312,0
none,2,3,437,5.345,7.863,4.258,0.546,18.013,0
none,2,3,438,8.991,7.848,3.153,0.018,20.008,0
none,2,3,439,5.194,7.282,1.583,0.016,14.075,0
none,2,3,440,5.203,8.198,3.508,0.013,16.921,0
none,2,3,441,5.393,8.091,4.307,0.011,17.802,0
none,2,3,442,5.155,7.363,2.34,0.012,14.87,0
none,2,3,443,5.292,8.672,2.658,0.011,16.633,0
none,2,3,444,5.24,8.389,2.536,0.016,16.181,0
none,2,3,445,5.525,9.429,1.36,0.01,16.324,0
none,2,3,446,5.357,6.927,1.347,0.011,13.641,0
none,2,3,447,5.29,8.719,3.531,0.012,17.552,0
none,2,3,448,5.523,7.66,2.531,0.011,15.725,0
none,2,3,449,5.331,7.673,1.56,0.01,14.574,0
none,2,3,450,5.367,7.378,2.269,0.011,15.025,0
none,2,3,451,5.322,7.128,2.539,0.012,15.001,0
none,2,3,452,5.398,7.615,3.88,0.012,16.905,0
none,2,3,453,5.136,11.341,1.509,0.011,17.997,0
none,2,3,454,5.13,8.763,2.898,0.013,16.804,0
none,2,3,455,5.244,7.178,1.805,0.011,14.238,0
none,2,3,456,5.579,7.409,2.774,0.011,15.772,0
none,2,3,457,5.216,7.898,1.393,0.018,14.526,0
none,2,3,458,5.24,6.949,2.622,0.014,14.825,0
none,2,3,459,5.267,7.334,1.625,0.011,14.236,0
none,2,3,460,5.289,8.773,1.539,0.01,15.612,0
none,2,3,461,5.137,7.474,2.118,0.011,14.74,0
none,2,3,462,5.265,7.324,5.721,0.013,18.323,0
none,2,3,463,5.294,7.58,2.25,0.011,15.135,0
none,2,3,464,5.22,9.063,2.76,0.011,17.053,0
none,2,3,465,5.285,7.472,1.315,0.011,14.083,0
none,2,3,466,5.1,8.095,1.256,0.011,14.462,0
none,2,3,467,5.42,6.918,2.462,0.01,14.81,0
none,2,3,468,5.311,7.602,2.785,0.011,15.709,0
synth_c24,0,0,32,13.377,6.66,9.103,0.013,29.154,0
synth_c24,0,0,33,14.619,10.219,6.119,0.018,30.975,0
synth_c24,0,0,34,13.269,6.71,8.047,0.011,28.036,0
synth_c24,0,0,35,14.524,6.824,8.631,0.015,29.993,0
synth_c24,0,0,36,15.739,7.717,14.403,0.016,37.875,1
synth_c24,0,0,37,14.594,7.833,4.843,0.27,27.54,0
synth_c24,0,0,38,14.724,7.48,6.858,0.152,29.214,0
synth_c24,0,0,39,21.609,7.711,4.188,7.085,40.593,1
synth_c24,0,0,40,9.609,6.73,8.949,0.012,25.301,0
synth_c24,0,0,41,14.664,7.709,11.736,0.015,34.125,1
synth_c24,0,0,42,21.525,12.253,5.184,0.424,39.385,1
synth_c24,0,0,43,17.734,11.279,16.912,0.208,46.133,1
synth_c24,0,0,44,16.565,11.45,11.143,0.016,39.173,1
synth_c24,0,0,45,20.139,7.458,16.938,0.017,44.552,1
synth_c24,0,0,47,21.449,7.072,4.12,0.148,32.789,0
synth_c24,0,0,48,22.045,9.415,18.331,0.027,49.817,1
synth_c24,0,0,49,17.254,17.675,11.539,0.216,46.685,1
synth_c24,0,0,50,17.932,10.515,5.584,0.019,34.05,1
synth_c24,0,0,52,21.301,8.7,5.721,0.02,35.743,1
synth_c24,0,0,53,20.23,16.59,8.199,0.018,45.037,1
synth_c24,0,0,54,17.245,21.839,12.293,0.018,51.394,1
synth_c24,0,0,55,20.988,9.62,4.837,0.266,35.712,1
synth_c24,0,0,57,18.906,7.123,9.325,0.239,35.593,1
synth_c24,0,0,58,22.697,6.883,6.946,0.016,36.541,1
synth_c24,0,0,59,19.27,9.073,9.718,0.183,38.244,1
synth_c24,0,0,60,22.129,7.438,12.417,0.017,42.002,1
synth_c24,0,0,61,20.416,8.305,7.264,0.237,36.222,1
synth_c24,0,0,62,18.502,7.119,3.627,0.024,29.272,0
synth_c24,0,0,63,16.373,11.837,9.844,0.015,38.069,1
synth_c24,0,0,64,20.588,16.428,5.566,0.311,42.893,1
synth_c24,0,0,66,17.378,7.214,9.923,0.017,34.532,1
synth_c24,0,0,67,20.516,7.684,7.036,0.015,35.252,1
synth_c24,0,0,68,19.626,7.273,6.709,0.016,33.623,1
synth_c24,0,0,69,20.696,7.233,9.472,0.342,37.744,1
synth_c24,0,0,70,18.284,7.08,14.441,0.016,39.821,1
synth_c24,0,0,71,20.407,7.447,9.721,0.37,37.945,1
synth_c24,0,0,72,19.219,7.249,7.242,0.017,33.727,1
synth_c24,0,0,73,19.9,8.365,15.175,0.015,43.454,1
synth_c24,0,0,74,17.318,7.553,11.2,0.291,36.363,1
synth_c24,0,0,75,22.878,6.84,4.911,0.014,34.643,1
synth_c24,0,0,77,23.769,7.404,8.724,0.016,39.913,1
synth_c24,0,0,78,20.518,9.952,12.65,0.017,43.137,1
synth_c24,0,0,79,21.623,10.337,6.438,0.019,38.416,1
synth_c24,0,0,80,20.688,8.426,9.707,0.298,39.119,1
synth_c24,0,0,81,16.113,9.417,7.518,0.019,33.067,0
synth_c24,0,0,82,17.696,7.729,15.729,0.351,41.505,1
synth_c24,0,0,84,19.594,7.651,3.056,0.018,30.319,0
synth_c24,0,0,85,21.924,7.733,6.101,0.022,35.779,1
synth_c24,0,0,86,17.313,6.926,3.411,0.015,27.664,0
synth_c24,0,0,87,21.163,7.712,13.686,0.44,43.001,1
synth_c24,0,0,88,20.145,10.408,4.62,0.198,35.372,1
synth_c24,0,0,89,20.601,10.649,11.196,0.385,42.831,1
synth_c24,0,0,90,19.035,7.037,5.985,0.287,32.344,0
synth_c24,0,0,91,15.419,15.697,4.345,0.368,35.828,1
synth_c24,0,0,92,17.34,10.718,9.088,0.294,37.44,1
synth_c24,0,0,93,21.271,6.888,6.391,0.278,34.828,1
synth_c24,0,0,94,22.971,7.18,2.191,0.434,32.776,0
synth_c24,0,0,95,19.336,15.481,13.199,0.018,48.035,1
synth_c24,0,0,97,22.91,6.839,5.151,0.435,35.335,1
synth_c24,0,0,98,22.875,7.288,16.461,0.023,46.647,1
synth_c24,0,0,99,21.923,7.946,2.174,0.187,32.229,0
synth_c24,0,0,100,23.603,11.101,7.285,2.799,44.788,1
synth_c24,0,0,102,13.396,7.067,5.721,0.019,26.203,0
synth_c24,0,0,103,20.422,13.17,6.473,0.018,40.083,1
synth_c24,0,0,104,18.193,13.217,7.767,0.018,39.195,1
synth_c24,0,0,105,21.284,6.983,13.879,0.421,42.567,1
synth_c24,0,0,106,16.316,8.149,23.625,0.017,48.108,1
synth_c24,0,0,108,16.501,7.691,6.869,0.016,31.077,0
synth_c24,0,0,109,19.902,12.174,11.117,3.986,47.179,1
synth_c24,0,0,110,18.757,7.217,6.901,0.38,33.255,0
synth_c24,0,0,111,17.241,6.979,5.923,0.375,30.518,0
synth_c24,0,0,112,20.935,9.813,10.55,0.015,41.314,1
synth_c24,0,0,113,17.316,7.234,6.059,0.327,30.936,0
synth_c24,0,0,114,19.893,8.355,6.25,0.015,34.514,1
synth_c24,0,0,115,21.226,8.956,6.464,0.283,36.928,1
synth_c24,0,0,116,21.658,7.534,7.617,0.013,36.821,1
synth_c24,0,0,117,19.971,10.415,12.381,0.018,42.785,1
synth_c24,0,0,119,15.763,15.119,9.672,0.289,40.842,1
synth_c24,0,0,120,20.824,11.125,2.814,0.317,35.08,1
synth_c24,0,0,121,20.988,6.894,9.974,0.013,37.869,1
synth_c24,0,0,122,19.187,6.949,10.558,0.023,36.717,1
synth_c24,0,0,123,22.256,10.167,4.997,0.382,37.802,1
synth_c24,0,0,124,23.27,6.898,5.714,0.275,36.156,1
synth_c24,0,0,125,20.225,10.25,7.397,0.279,38.151,1
synth_c24,0,0,126,24.2,7.086,13.359,0.358,45.002,1
synth_c24,0,0,128,22.505,7.155,6.286,0.473,36.419,1
synth_c24,0,0,129,22.617,7.056,10.233,0.016,39.923,1
synth_c24,0,0,130,16.337,7.217,6.318,0.329,30.201,0
synth_c24,0,0,131,19.676,10.451,6.351,0.016,36.494,1
synth_c24,0,0,132,19.969,8.959,13.116,0.337,42.382,1
synth_c24,0,0,133,22.441,6.897,6.482,0.014,35.833,1
synth_c24,0,0,134,21.041,6.994,5.529,0.311,33.875,1
synth_c24,0,0,135,15.313,13.064,7.023,0.015,35.414,1
synth_c24,0,0,137,21.433,6.941,11.7,0.364,40.438,1
synth_c24,0,0,138,22.406,7.715,7.792,0.183,38.096,1
synth_c24,0,0,139,19.519,7.041,11.033,0.014,37.606,1
synth_c24,0,0,140,20.299,9.423,3.196,0.411,33.329,0
synth_c24,0,0,141,26.174,7.901,11.653,0.331,46.059,1
synth_c24,0,0,142,21.279,7.152,6.888,0.343,35.662,1
synth_c24,0,0,143,20.443,6.793,4.632,0.363,32.232,0
synth_c24,0,0,144,22.448,6.818,11.162,0.259,40.686,1
synth_c24,0,0,146,15.53,10.913,6.38,0.39,33.213,0
synth_c24,0,0,147,17.243,7.114,2.745,0.015,27.118,0
synth_c24,0,0,148,20.312,12.786,5.385,0.439,38.922,1
synth_c24,0,0,149,19.156,7.448,8.095,0.022,34.722,1
synth_c24,0,0,150,18.355,14.48,11.826,0.321,44.982,1
synth_c24,0,0,151,22.653,10.822,4.375,0.299,38.149,1
synth_c24,0,0,152,22.561,7.067,4.566,0.193,34.388,1
synth_c24,0,0,153,22.109,7.005,7.908,0.337,37.36,1
synth_c24,0,0,154,14.289,7.277,7.936,0.257,29.759,0
synth_c24,0,0,155,18.472,6.877,8.855,0.377,34.581,1
synth_c24,0,0,156,20.372,7.407,11.791,0.015,39.585,1
synth_c24,0,0,157,16.659,9.256,4.691,0.32,30.927,0
synth_c24,0,0,158,19.294,10.511,9.617,0.327,39.748,1
synth_c24,0,0,160,20.898,8.339,8.22,0.232,37.689,1
synth_c24,0,0,161,21.679,6.774,4.498,0.358,33.309,0
synth_c24,0,0,162,23.066,6.781,5.181,0.014,35.043,1
synth_c24,0,0,163,18.428,7.021,5.437,0.287,31.173,0
synth_c24,0,0,164,20.074,7.005,14.001,0.367,41.447,1
synth_c24,0,0,165,19.71,7.597,5.655,0.266,33.229,0
synth_c24,0,0,166,16.637,7.138,2.915,0.319,27.008,0
synth_c24,0,0,167,24.658,7.054,8.739,0.351,40.802,1
synth_c24,0,0,168,21.39,7.074,4.762,0.386,33.613,1
synth_c24,0,0,169,22.526,7.34,2.298,0.42,32.584,0
synth_c24,0,0,170,20.362,7.066,9.143,0.418,36.989,1
synth_c24,0,0,171,15.996,7.327,5.373,0.021,28.717,0
synth_c24,0,0,172,20.119,7.346,4.74,0.356,32.56,0
synth_c24,0,0,173,19.363,6.856,13.275,0.015,39.511,1
synth_c24,0,0,174,16.685,7.025,2.192,0.015,25.917,0
synth_c24,0,0,175,18.48,6.806,6.262,0.014,31.562,0
synth_c24,0,0,176,19.288,6.813,2.565,0.329,28.995,0
synth_c24,0,0,177,17.376,11.034,11.876,0.266,40.551,1
synth_c24,0,0,178,14.604,11.297,7.508,0.302,33.712,1
synth_c24,0,0,179,17.78,11.305,4.506,0.229,33.82,1
synth_c24,0,0,180,16.712,9.036,6.18,0.291,32.22,0
synth_c24,0,0,181,26.361,7.099,9.298,0.196,42.953,1
synth_c24,0,0,182,16.364,10.691,1.903,0.28,29.238,0
synth_c24,0,0,183,17.334,10.456,8.74,0.268,36.798,1
synth_c24,0,0,184,23.396,7.721,7.295,0.296,38.709,1
synth_c24,0,0,185,20.924,7.166,9.422,0.285,37.797,1
synth_c24,0,0,186,16.493,11.606,8.538,0.297,36.935,1
synth_c24,0,0,188,17.919,10.463,1.965,0.016,30.364,0
synth_c24,0,0,189,17.634,11.652,10.521,0.017,39.824,1
synth_c24,0,0,190,16.906,6.854,8.186,0.247,32.193,0
synth_c24,0,0,191,15.134,10.779,2.131,0.407,28.451,0
synth_c24,0,0,192,18.711,8.71,12.723,0.336,40.481,1
synth_c24,0,0,193,20.651,6.839,5.449,0.018,32.958,0
synth_c24,0,0,194,23.027,7.065,2.835,0.259,33.186,0
synth_c24,0,0,195,24.27,6.925,7.724,0.341,39.26,1
synth_c24,0,0,196,18.95,11.498,5.218,0.286,35.951,1
synth_c24,0,0,197,20.691,7.272,8.923,0.019,36.906,1
synth_c24,0,0,198,18.289,11.287,3.413,0.014,33.002,0
synth_c24,0,0,199,18.032,11.459,3.393,0.353,33.237,0
synth_c24,0,0,200,17.741,7.446,12.979,0.218,38.382,1
synth_c24,0,0,201,22.476,14.352,8.994,0.271,46.093,1
synth_c24,0,0,203,20.59,9.68,6.172,4.968,41.409,1
synth_c24,0,0,204,17.404,10.884,6.138,0.31,34.737,1
synth_c24,0,0,205,16.484,12.025,2.168,0.194,30.871,0
synth_c24,0,0,206,19.939,10.614,4.419,0.308,35.281,1
synth_c24,0,0,207,18.354,7.877,9.92,0.292,36.443,1
synth_c24,0,0,208,16.395,8.396,9.394,0.365,34.551,1
synth_c24,0,0,209,16.419,10.778,4.625,0.181,32.003,0
synth_c24,0,0,210,18.785,13.93,2.329,0.322,35.366,1
synth_c24,0,0,211,20.63,10.729,5.778,0.203,37.34,1
synth_c24,0,0,212,21.676,10.811,5.792,0.334,38.613,1
synth_c24,0,0,213,16.478,10.048,6.079,0.323,32.928,0
synth_c24,0,0,214,21.35,6.892,12.63,0.272,41.144,1
synth_c24,0,0,216,21.715,11.707,5.534,0.299,39.254,1
synth_c24,0,0,217,24.855,11.519,2.302,0.188,38.863,1
synth_c24,0,0,218,20.381,10.576,8.361,0.295,39.614,1
synth_c24,0,0,219,24.483,6.797,5.493,0.309,37.081,1
synth_c24,0,0,220,22.036,7.207,4.529,0.396,34.169,1
synth_c24,0,0,221,18.612,10.936,9.275,0.219,39.042,1
synth_c24,0,0,222,16.112,11.065,7.233,0.372,34.782,1
synth_c24,0,0,223,20.405,6.886,5.161,0.013,32.465,0
synth_c24,0,0,224,23.254,6.889,5.759,0.318,36.22,1
synth_c24,0,0,225,21.028,7.645,9.633,0.304,38.61,1
synth_c24,0,0,227,16.322,11.019,11.973,0.017,39.33,1
synth_c24,0,0,228,14.983,11.011,6.091,0.258,32.342,0
synth_c24,0,0,229,15.911,7.583,16.89,0.232,40.616,1
synth_c24,0,0,230,18.233,10.712,6.394,0.015,35.354,1
synth_c24,0,0,231,20.006,7.262,16.513,0.244,44.025,1
synth_c24,0,0,232,18.072,7.16,13.491,0.015,38.739,1
synth_c24,0,0,234,16.844,7.13,10.827,0.245,35.047,1
synth_c24,0,0,235,17.782,7.277,8.654,0.014,33.727,1
synth_c24,0,0,236,20.541,6.889,5.654,0.019,33.103,0
synth_c24,0,0,237,18.219,10.557,6.176,0.21,35.162,1
synth_c24,0,0,238,20.902,7.596,5.871,0.374,34.743,1
synth_c24,0,0,239,18.03,10.821,4.612,0.269,33.733,1
synth_c24,0,0,240,23.109,7.162,3.74,0.013,34.024,1
synth_c24,0,0,241,21.531,6.94,6.097,0.191,34.759,1
synth_c24,0,0,242,19.042,7.052,7.867,0.29,34.251,1
synth_c24,0,0,243,18.978,10.933,2.233,0.013,32.157,0
synth_c24,0,0,244,24.507,7.249,6.779,0.013,38.549,1
synth_c24,0,0,245,17.353,11.846,8.837,0.015,38.051,1
synth_c24,0,0,246,19.216,6.953,5.248,0.274,31.691,0
synth_c24,0,0,247,18.009,6.767,6.595,0.236,31.607,0
synth_c24,0,0,248,19.679,6.805,6.514,0.015,33.012,0
synth_c24,0,0,249,19.424,8.287,11.607,0.348,39.665,1
synth_c24,0,0,250,19.117,7.107,9.113,0.408,35.746,1
synth_c24,0,0,251,22.107,7.103,6.547,0.273,36.03,1
synth_c24,0,0,252,22.914,6.777,8.22,0.013,37.923,1
synth_c24,0,0,253,19.686,6.86,8.487,0.459,35.491,1
synth_c24,0,0,254,20.273,6.946,7.143,0.312,34.674,1
synth_c24,0,0,256,18.454,6.929,5.326,0.316,31.025,0
synth_c24,0,0,257,15.179,10.75,5.685,0.295,31.91,0
synth_c24,0,0,258,20.484,7.883,12.692,0.015,41.074,1
synth_c24,0,0,259,16.247,13.657,3.776,0.218,33.898,1
synth_c24,0,0,260,22.811,7.153,7.908,0.32,38.191,1
synth_c24,0,0,261,21.969,6.8,9.239,0.367,38.376,1
synth_c24,0,0,262,20.005,6.802,6.027,0.284,33.119,0
synth_c24,0,0,263,17.247,6.85,5.855,0.2,30.153,0
synth_c24,0,0,264,16.175,9.923,7.628,0.387,34.113,1
synth_c24,0,0,265,16.915,8.028,8.733,0.233,33.909,1
synth_c24,0,0,266,15.506,10.447,5.908,0.352,32.213,0
synth_c24,0,0,267,19.104,6.837,4.492,0.278,30.711,0
synth_c24,0,0,268,14.459,10.51,6.714,0.207,31.889,0
synth_c24,0,0,269,16.514,10.555,4.434,0.249,31.753,0
synth_c24,0,0,270,14.11,6.845,5.981,0.208,27.144,0
synth_c24,0,0,271,9.665,10.358,5.984,0.245,26.252,0
synth_c24,0,0,272,15.937,6.85,3.611,0.016,26.414,0
synth_c24,0,0,273,12.365,11.013,4.565,0.209,28.152,0
synth_c24,0,0,274,10.391,10.754,5.671,0.237,27.053,0
synth_c24,0,0,275,13.027,9.5,3.028,0.28,25.835,0
synth_c24,0,0,276,13.219,6.945,13.478,0.246,33.888,1
synth_c24,0,0,277,11.836,7.036,1.98,0.148,21.0,0
synth_c24,0,0,278,16.574,6.749,8.366,0.019,31.708,0
synth_c24,0,0,279,13.417,6.881,4.919,0.264,25.482,0
synth_c24,0,0,280,15.057,7.481,6.404,0.143,29.086,0
synth_c24,0,0,281,11.984,8.713,5.805,0.308,26.81,0
synth_c24,0,0,282,15.186,7.356,5.394,0.268,28.205,0
synth_c24,0,0,283,12.415,7.043,8.101,0.149,27.707,0
synth_c24,0,0,284,13.439,6.804,4.246,0.298,24.786,0
synth_c24,0,0,285,14.455,7.899,7.868,0.376,30.598,0
synth_c24,0,0,286,14.028,6.7,5.485,0.125,26.338,0
synth_c24,0,0,287,13.887,6.653,4.785,0.277,25.602,0
synth_c24,0,0,288,13.591,9.94,6.707,0.188,30.426,0
synth_c24,0,0,289,13.421,7.668,5.075,0.017,26.181,0
synth_c24,0,0,290,12.326,9.013,4.212,0.303,25.855,0
synth_c24,0,0,291,13.231,6.748,1.656,0.01,21.646,0
synth_c24,0,0,292,14.117,6.922,6.209,0.013,27.261,0
synth_c24,0,0,293,12.248,6.828,9.119,0.364,28.559,0
synth_c24,0,0,294,10.755,6.894,3.9,0.316,21.865,0
synth_c24,0,0,295,11.239,11.482,5.765,0.249,28.734,0
synth_c24,0,0,296,13.725,7.058,14.426,0.262,35.471,1
synth_c24,0,0,297,10.046,10.202,5.809,0.011,26.068,0
synth_c24,0,0,298,10.122,10.681,5.193,0.242,26.238,0
synth_c24,0,0,299,15.221,6.641,6.379,0.016,28.256,0
synth_c24,0,0,300,13.531,8.319,3.405,0.134,25.389,0
synth_c24,0,0,301,13.139,8.097,9.431,0.201,30.869,0
synth_c24,0,0,302,9.299,6.761,4.978,0.231,21.269,0
synth_c24,0,0,303,14.308,9.042,6.427,0.269,30.045,0
synth_c24,0,0,304,12.048,6.739,9.236,0.231,28.254,0
synth_c24,0,0,305,8.355,9.125,8.066,0.012,25.558,0
synth_c24,0,0,306,12.066,7.213,4.781,0.014,24.074,0
synth_c24,0,0,307,8.956,12.383,3.574,0.012,24.925,0
synth_c24,0,0,308,15.362,7.397,9.03,0.276,32.065,0
synth_c24,0,0,309,13.41,7.407,5.393,0.249,26.46,0
synth_c24,0,0,310,13.458,7.6,6.801,0.33,28.189,0
synth_c24,0,0,311,20.48,7.476,10.154,0.353,38.464,1
synth_c24,0,0,312,15.408,12.634,4.271,0.014,32.327,0
synth_c24,0,0,313,18.412,6.929,2.146,0.285,27.771,0
synth_c24,0,0,314,21.99,7.64,10.576,0.349,40.554,1
synth_c24,0,0,315,15.502,10.861,7.45,0.016,33.828,1
synth_c24,0,0,316,18.276,8.221,5.382,0.439,32.318,0
synth_c24,0,0,317,17.271,10.83,8.405,0.24,36.746,1
synth_c24,0,0,318,17.923,9.172,4.706,0.377,32.179,0
synth_c24,0,0,319,20.727,7.051,4.948,0.205,32.931,0
synth_c24,0,0,320,22.067,7.362,5.671,0.017,35.116,1
synth_c24,0,0,321,20.399,9.611,9.097,0.355,39.462,1
synth_c24,0,0,322,17.15,11.692,3.462,0.3,32.604,0
synth_c24,0,0,323,21.77,10.131,6.769,3.961,42.631,1
synth_c24,0,0,324,21.587,6.87,7.448,0.241,36.147,1
synth_c24,0,0,325,19.335,8.834,4.357,0.352,32.878,0
synth_c24,0,0,326,19.638,6.845,11.231,0.016,37.731,1
synth_c24,0,0,327,15.884,9.482,8.087,0.34,33.794,1
synth_c24,0,0,328,20.913,7.395,6.524,0.019,34.85,1
synth_c24,0,0,330,17.047,10.772,12.658,0.235,40.712,1
synth_c24,0,0,331,21.739,7.193,2.505,0.338,31.775,0
synth_c24,0,0,332,24.047,6.934,6.406,0.321,37.709,1
synth_c24,0,0,333,19.656,7.091,15.033,0.017,41.796,1
synth_c24,0,0,334,17.524,10.739,5.639,0.328,34.23,1
synth_c24,0,0,335,20.391,6.828,4.654,0.383,32.256,0
synth_c24,0,0,336,17.19,10.284,11.976,0.301,39.751,1
synth_c24,0,0,337,16.534,7.366,2.385,0.252,26.537,0
synth_c24,0,0,338,24.861,7.557,12.02,0.264,44.701,1
synth_c24,0,0,339,15.443,15.289,13.067,0.338,44.138,1
synth_c24,0,0,341,17.448,6.825,7.652,0.014,31.94,0
synth_c24,0,0,342,19.589,11.337,6.813,0.015,37.754,1
synth_c24,0,0,343,21.078,11.061,2.077,0.014,34.23,1
synth_c24,0,0,344,20.64,7.498,12.249,0.395,40.782,1
synth_c24,0,0,345,17.478,7.197,9.398,0.175,34.249,1
synth_c24,0,0,346,18.799,7.548,3.016,0.3,29.663,0
synth_c24,0,0,347,22.314,6.873,11.266,0.269,40.722,1
synth_c24,0,0,348,22.412,7.224,5.807,0.217,35.659,1
synth_c24,0,0,349,19.524,8.066,5.608,0.015,33.214,0
synth_c24,0,0,350,19.002,10.72,9.708,0.372,39.802,1
synth_c24,0,0,351,16.7,10.92,8.459,0.258,36.337,1
synth_c24,0,0,353,19.133,6.867,6.21,0.319,32.529,0
synth_c24,0,0,354,20.415,7.364,5.188,0.297,33.265,0
synth_c24,0,0,355,17.377,7.906,19.287,0.188,44.759,1
synth_c24,0,0,356,15.281,9.257,5.797,3.897,34.232,1
synth_c24,0,0,357,16.158,8.064,8.785,0.379,33.386,1
synth_c24,0,0,358,19.725,7.34,6.611,0.4,34.076,1
synth_c24,0,0,359,23.247,7.295,5.47,0.285,36.297,1
synth_c24,0,0,360,22.613,7.057,5.557,0.291,35.518,1
synth_c24,0,0,361,17.778,9.312,9.695,0.296,37.082,1
synth_c24,0,0,362,21.561,7.128,7.351,0.264,36.305,1
synth_c24,0,0,363,18.772,9.866,2.5,0.217,31.356,0
synth_c24,0,0,364,19.379,7.835,7.294,0.246,34.755,1
synth_c24,0,0,365,18.5,6.965,9.438,0.333,35.236,1
synth_c24,0,0,366,18.692,7.465,7.284,0.172,33.612,1
synth_c24,0,0,367,19.006,12.337,3.336,0.167,34.846,1
synth_c24,0,0,368,25.319,7.423,2.332,0.158,35.233,1
synth_c24,0,0,369,24.253,9.904,4.262,0.259,38.679,1
synth_c24,0,0,371,22.61,7.225,9.348,0.019,39.202,1
synth_c24,0,0,372,12.313,14.819,7.812,0.016,34.96,1
synth_c24,0,0,373,12.915,10.235,2.136,0.193,25.479,0
synth_c24,0,0,374,14.33,10.27,13.596,0.016,38.211,1
synth_c24,0,0,375,12.493,7.757,5.081,0.258,25.589,0
synth_c24,0,0,376,13.468,6.73,1.843,0.157,22.197,0
synth_c24,0,0,377,13.472,10.133,1.672,0.121,25.398,0
synth_c24,0,0,378,13.271,7.167,9.448,0.316,30.202,0
synth_c24,0,0,379,13.254,6.91,5.313,0.199,25.676,0
synth_c24,0,0,380,9.471,11.712,3.687,0.168,25.039,0
synth_c24,0,0,381,11.485,9.89,5.712,0.148,27.234,0
synth_c24,0,0,382,16.868,6.674,5.42,0.137,29.099,0
synth_c24,0,0,383,15.712,8.035,8.751,0.124,32.623,0
synth_c24,0,0,384,15.063,6.723,5.679,0.137,27.602,0
synth_c24,0,0,385,10.657,13.814,1.683,0.115,26.268,0
synth_c24,0,0,386,13.71,7.021,5.975,0.141,26.848,0
synth_c24,0,0,387,9.82,14.801,5.626,0.289,30.536,0
synth_c24,0,0,388,9.959,11.752,3.561,0.145,25.417,0
synth_c24,0,0,389,13.573,9.351,5.027,0.21,28.162,0
synth_c24,0,0,390,15.038,7.363,12.706,0.32,35.427,1
synth_c24,0,0,391,13.279,6.689,4.569,0.013,24.551,0
synth_c24,0,0,392,12.171,10.921,2.7,0.224,26.015,0
synth_c24,0,0,393,14.249,10.652,4.597,0.208,29.706,0
synth_c24,0,0,394,15.359,7.247,5.455,0.241,28.303,0
synth_c24,0,0,395,10.181,10.668,6.026,0.278,27.153,0
synth_c24,0,0,396,14.58,12.274,6.599,0.222,33.675,1
synth_c24,0,0,397,9.391,11.69,7.427,0.185,28.692,0
synth_c24,0,0,398,13.304,9.728,6.836,0.3,30.168,0
synth_c24,0,0,399,10.649,11.113,7.867,0.159,29.788,0
synth_c24,0,0,400,11.655,10.702,2.097,0.236,24.69,0
synth_c24,0,0,401,15.839,6.982,5.15,0.019,27.991,0
synth_c24,0,0,402,13.458,8.169,5.068,0.011,26.706,0
synth_c24,0,0,403,13.179,6.856,2.684,0.316,23.035,0
synth_c24,0,0,404,14.128,7.838,11.402,0.117,33.485,1
synth_c24,0,0,405,11.168,8.121,3.743,0.233,23.265,0
synth_c24,0,0,406,15.044,6.74,8.535,0.12,30.439,0
synth_c24,0,0,407,19.648,6.983,6.595,0.178,33.403,1
synth_c24,0,0,408,20.12,7.157,3.014,0.151,30.442,0
synth_c24,0,0,409,19.95,6.758,7.433,0.014,34.156,1
synth_c24,0,0,410,17.472,6.778,8.048,0.166,32.465,0
synth_c24,0,0,411,20.58,7.152,7.229,0.014,34.974,1
synth_c24,0,0,412,18.096,7.922,6.301,0.148,32.466,0
synth_c24,0,0,413,19.167,7.149,11.181,0.159,37.657,1
synth_c24,0,0,414,21.318,6.852,3.289,0.155,31.614,0
synth_c24,0,0,415,20.156,6.841,8.305,0.149,35.451,1
synth_c24,0,0,416,21.33,7.535,3.305,0.213,32.383,0
synth_c24,0,0,417,20.459,9.852,7.741,0.158,38.211,1
synth_c24,0,0,418,15.821,12.457,2.847,0.233,31.358,0
synth_c24,0,0,419,21.997,6.909,9.623,0.02,38.549,1
synth_c24,0,0,420,16.715,11.375,6.026,0.261,34.376,1
synth_c24,0,0,421,22.378,7.093,21.32,0.018,50.809,1
synth_c24,0,0,422,16.41,15.42,2.331,0.238,34.399,1
synth_c24,0,0,423,15.991,14.993,8.969,0.02,39.974,1
synth_c24,0,0,425,25.801,7.445,5.48,0.299,39.024,1
synth_c24,0,0,426,20.385,6.767,9.184,0.24,36.575,1
synth_c24,0,0,427,16.989,6.886,8.919,0.216,33.01,0
synth_c24,0,0,428,15.409,11.05,11.843,0.267,38.569,1
synth_c24,0,0,429,19.945,6.96,19.151,0.291,46.347,1
synth_c24,0,0,430,20.532,9.895,7.117,0.269,37.813,1
synth_c24,0,0,432,21.308,10.61,7.268,0.425,39.612,1
synth_c24,0,0,433,17.54,9.728,2.443,0.231,29.942,0
synth_c24,0,0,434,27.287,6.788,6.766,0.234,41.075,1
synth_c24,0,0,435,12.745,11.288,6.922,0.217,31.171,0
synth_c24,0,0,436,15.212,7.342,1.867,0.177,24.599,0
synth_c24,0,0,437,11.4,8.812,3.409,0.161,23.782,0
synth_c24,0,0,438,12.295,11.158,5.391,0.118,28.962,0
synth_c24,0,0,439,13.772,6.722,6.743,0.214,27.451,0
synth_c24,0,0,440,13.635,10.291,3.533,0.01,27.469,0
synth_c24,0,0,441,12.637,10.811,4.412,0.219,28.079,0
synth_c24,0,0,442,10.363,10.984,6.442,0.115,27.905,0
synth_c24,0,0,443,12.618,10.797,5.205,0.014,28.634,0
synth_c24,0,0,444,10.836,6.724,8.905,0.011,26.476,0
synth_c24,0,0,445,11.666,6.626,6.755,0.217,25.265,0
synth_c24,0,0,446,12.845,8.145,5.531,0.191,26.712,0
synth_c24,0,0,447,13.401,6.643,3.792,0.183,24.019,0
synth_c24,0,0,448,17.226,6.636,2.232,0.015,26.109,0
synth_c24,0,0,449,14.565,6.656,9.221,0.152,30.594,0
synth_c24,0,0,450,14.554,6.67,1.835,0.194,23.253,0
synth_c24,0,0,451,10.664,10.455,4.64,0.17,25.929,0
synth_c24,0,0,452,14.189,6.855,3.168,0.216,24.429,0
synth_c24,0,0,453,15.499,6.871,1.579,0.195,24.145,0
synth_c24,0,0,454,15.366,6.713,7.365,0.012,29.457,0
synth_c24,0,0,455,9.447,10.607,4.755,0.264,25.073,0
synth_c24,0,0,456,13.2,6.575,3.157,0.01,22.942,0
synth_c24,0,0,457,16.093,6.927,4.117,0.261,27.398,0
synth_c24,0,0,458,18.372,8.045,3.681,0.176,30.274,0
synth_c24,0,0,459,20.978,7.263,15.939,0.293,44.473,1
synth_c24,0,0,460,19.977,6.981,2.046,0.224,29.229,0
synth_c24,0,0,461,19.447,8.471,5.834,0.227,33.979,1
synth_c24,0,0,462,16.126,6.805,5.457,0.183,28.572,0
synth_c24,0,0,463,20.732,6.78,2.021,0.213,29.746,0
synth_c24,0,0,464,18.263,6.787,8.296,0.167,33.512,1
synth_c24,0,0,465,17.706,7.986,2.141,0.244,28.077,0
synth_c24,0,0,466,19.773,6.786,2.201,0.013,28.772,0
synth_c24,0,0,467,18.974,6.716,4.84,0.202,30.732,0
synth_c24,0,0,468,16.058,10.267,3.482,0.219,30.027,0
synth_c24,0,1,31,20.38,6.813,1.697,0.016,28.906,0
synth_c24,0,1,32,21.693,13.106,4.438,0.015,39.252,1
synth_c24,0,1,33,25.588,7.161,1.965,0.016,34.73,1
synth_c24,0,1,34,20.782,6.883,6.929,0.014,34.608,1
synth_c24,0,1,35,21.723,7.626,15.363,0.017,44.729,1
synth_c24,0,1,36,15.383,10.737,2.663,0.014,28.798,0
synth_c24,0,1,37,22.319,11.001,15.96,0.017,49.298,1
synth_c24,0,1,38,23.682,6.962,2.16,0.014,32.817,0
synth_c24,0,1,39,18.499,6.833,4.373,0.014,29.718,0
synth_c24,0,1,40,20.264,7.262,2.625,0.02,30.171,0
synth_c24,0,1,41,21.129,9.226,5.249,0.013,35.617,1
synth_c24,0,1,42,22.796,11.61,2.36,0.015,36.78,1
synth_c24,0,1,43,20.185,7.683,11.671,0.017,39.556,1
synth_c24,0,1,45,17.841,7.18,7.661,0.019,32.701,0
synth_c24,0,1,46,15.193,12.263,5.815,0.018,33.29,0
synth_c24,0,1,47,18.899,13.123,8.195,0.019,40.236,1
synth_c24,0,1,48,20.188,9.613,6.236,0.018,36.055,1
synth_c24,0,1,49,19.524,7.018,2.234,0.017,28.793,0
synth_c24,0,1,50,16.37,14.315,2.233,0.017,32.935,0
synth_c24,0,1,51,19.525,8.367,6.019,0.018,33.929,1
synth_c24,0,1,52,19.155,7.0,9.897,0.019,36.071,1
synth_c24,0,1,53,16.221,10.631,6.052,0.021,32.925,0
synth_c24,0,1,54,16.318,10.518,2.413,0.019,29.268,0
synth_c24,0,1,55,16.667,17.857,7.89,0.017,42.431,1
synth_c24,0,1,56,22.388,25.402,6.854,0.019,54.662,1
synth_c24,0,1,58,23.385,7.572,3.801,0.014,34.772,1
synth_c24,0,1,59,20.925,8.374,6.135,0.016,35.45,1
synth_c24,0,1,60,19.719,6.978,11.872,0.023,38.591,1
synth_c24,0,1,61,20.857,6.976,2.354,0.016,30.204,0
synth_c24,0,1,62,21.843,7.098,2.706,0.024,31.67,0
synth_c24,0,1,63,22.624,12.819,2.113,0.014,37.57,1
synth_c24,0,1,64,27.303,7.271,2.379,0.016,36.969,1
synth_c24,0,1,65,22.618,7.139,2.152,0.013,31.922,0
synth_c24,0,1,66,22.961,7.706,4.861,0.014,35.542,1
synth_c24,0,1,67,18.319,11.085,8.718,0.014,38.136,1
synth_c24,0,1,68,17.805,11.111,5.581,0.018,34.514,1
synth_c24,0,1,69,21.883,7.094,9.713,0.014,38.704,1
synth_c24,0,1,70,16.636,7.242,6.342,0.014,30.234,0
synth_c24,0,1,71,14.973,10.717,2.582,0.014,28.286,0
synth_c24,0,1,72,20.296,7.365,5.66,0.016,33.337,1
synth_c24,0,1,73,22.802,6.817,6.229,0.016,35.863,1
synth_c24,0,1,74,21.083,7.229,5.93,0.017,34.259,1
synth_c24,0,1,75,15.23,13.536,8.809,0.016,37.59,1
synth_c24,0,1,76,20.168,7.387,2.212,0.014,29.781,0
synth_c24,0,1,77,19.508,7.432,5.461,0.019,32.42,0
synth_c24,0,1,78,22.192,22.692,4.757,0.016,49.657,1
synth_c24,0,1,80,18.266,8.102,9.608,0.014,35.99,1
synth_c24,0,1,81,22.932,6.99,4.567,0.016,34.505,1
synth_c24,0,1,82,16.405,16.244,6.264,0.02,38.932,1
synth_c24,0,1,83,17.389,7.543,5.349,0.015,30.295,0
synth_c24,0,1,84,19.665,7.734,9.766,0.017,37.182,1
synth_c24,0,1,85,19.253,6.928,10.388,0.017,36.586,1
synth_c24,0,1,86,16.388,11.19,5.452,0.015,33.045,0
synth_c24,0,1,87,21.991,7.425,10.793,0.016,40.224,1
synth_c24,0,1,88,19.639,7.003,5.64,0.013,32.295,0
synth_c24,0,1,89,17.678,8.088,6.175,0.02,31.96,0
synth_c24,0,1,90,16.256,10.661,4.008,0.015,30.939,0
synth_c24,0,1,91,17.561,11.224,3.041,0.022,31.848,0
synth_c24,0,1,92,19.716,7.042,12.455,0.018,39.231,1
synth_c24,0,1,93,18.328,9.274,7.529,0.015,35.145,1
synth_c24,0,1,94,18.642,10.918,2.314,0.015,31.889,0
synth_c24,0,1,95,21.43,6.971,11.199,0.016,39.615,1
synth_c24,0,1,96,16.136,11.114,2.027,0.013,29.289,0
synth_c24,0,1,97,17.509,16.95,6.338,0.021,40.817,1
synth_c24,0,1,99,17.349,12.78,7.787,0.018,37.935,1
synth_c24,0,1,100,17.331,12.885,14.6,0.016,44.832,1
synth_c24,0,1,101,18.279,7.264,6.126,0.019,31.688,0
synth_c24,0,1,102,20.324,7.66,2.301,0.017,30.301,0
synth_c24,0,1,103,19.956,7.21,12.503,0.02,39.689,1
synth_c24,0,1,104,20.206,13.07,6.34,0.02,39.637,1
synth_c24,0,1,105,20.452,7.443,19.498,0.019,47.413,1
synth_c24,0,1,107,13.637,14.443,2.908,0.037,31.024,0
synth_c24,0,1,108,21.591,12.757,14.682,0.019,49.05,1
synth_c24,0,1,109,16.328,14.694,5.641,0.015,36.678,1
synth_c24,0,1,110,22.557,9.192,8.157,0.018,39.924,1
synth_c24,0,1,111,19.114,6.832,3.015,0.017,28.978,0
synth_c24,0,1,112,21.444,6.874,2.244,0.013,30.576,0
synth_c24,0,1,113,22.962,6.797,9.944,0.012,39.715,1
synth_c24,0,1,114,19.656,9.631,4.376,0.012,33.675,1
synth_c24,0,1,115,21.103,7.04,6.592,0.016,34.751,1
synth_c24,0,1,116,20.746,9.438,2.399,0.014,32.597,0
synth_c24,0,1,117,20.497,7.31,2.066,0.015,29.889,0
synth_c24,0,1,118,21.698,7.31,9.464,0.017,38.489,1
synth_c24,0,1,119,19.902,7.95,6.013,0.018,33.882,1
synth_c24,0,1,120,16.674,8.338,5.539,0.016,30.566,0
synth_c24,0,1,121,16.568,6.839,2.811,0.013,26.23,0
synth_c24,0,1,122,17.11,10.7,2.367,0.013,30.19,0
synth_c24,0,1,123,22.051,6.874,2.867,0.012,31.804,0
synth_c24,0,1,124,21.017,6.841,5.312,0.012,33.183,0
synth_c24,0,1,125,17.159,6.785,8.2,0.012,32.156,0
synth_c24,0,1,126,20.128,6.859,1.819,0.012,28.817,0
synth_c24,0,1,127,20.373,9.105,11.341,0.013,40.832,1
synth_c24,0,1,128,17.291,7.099,5.644,0.014,30.047,0
synth_c24,0,1,129,20.193,7.137,2.186,0.013,29.53,0
synth_c24,0,1,130,22.752,7.166,5.642,0.017,35.576,1
synth_c24,0,1,131,16.553,6.799,3.25,0.014,26.616,0
synth_c24,0,1,132,17.806,6.849,6.525,0.012,31.192,0
synth_c24,0,1,133,15.97,10.766,8.793,0.015,35.544,1
synth_c24,0,1,134,17.658,12.178,5.866,0.014,35.716,1
synth_c24,0,1,135,16.934,10.78,5.768,0.012,33.495,1
synth_c24,0,1,136,21.47,6.946,2.97,0.013,31.399,0
synth_c24,0,1,137,21.094,7.261,3.032,0.015,31.403,0
synth_c24,0,1,138,21.521,7.089,6.752,0.016,35.378,1
synth_c24,0,1,139,13.369,14.908,5.585,0.016,33.877,1
synth_c24,0,1,140,16.098,6.858,1.985,0.015,24.956,0
synth_c24,0,1,141,19.955,6.801,6.383,0.016,33.155,0
synth_c24,0,1,142,16.498,7.304,5.181,0.02,29.003,0
synth_c24,0,1,143,13.134,6.737,5.358,0.02,25.249,0
synth_c24,0,1,144,15.108,6.854,5.013,0.014,26.988,0
synth_c24,0,1,145,13.829,7.259,4.681,0.011,25.779,0
synth_c24,0,1,146,21.547,7.821,6.241,0.011,35.619,1
synth_c24,0,1,147,14.981,6.726,3.092,0.011,24.81,0
synth_c24,0,1,148,13.557,6.855,4.475,0.012,24.898,0
synth_c24,0,1,149,14.37,6.654,1.291,0.011,22.325,0
synth_c24,0,1,150,10.607,10.546,2.693,0.013,23.858,0
synth_c24,0,1,151,12.449,6.679,4.791,0.011,23.93,0
synth_c24,0,1,152,13.719,6.704,4.468,0.011,24.901,0
synth_c24,0,1,153,13.838,9.749,6.066,0.011,29.664,0
synth_c24,0,1,154,13.827,10.643,2.144,0.01,26.624,0
synth_c24,0,1,155,19.077,8.913,9.126,0.015,37.13,1
synth_c24,0,1,156,17.37,6.819,5.106,0.014,29.309,0
synth_c24,0,1,157,20.963,7.106,7.166,0.014,35.25,1
synth_c24,0,1,158,19.501,7.512,2.49,0.015,29.517,0
synth_c24,0,1,159,19.723,7.533,3.685,0.013,30.954,0
synth_c24,0,1,160,19.963,14.818,4.514,0.017,39.312,1
synth_c24,0,1,161,20.087,8.259,9.315,0.016,37.677,1
synth_c24,0,1,162,18.678,8.219,9.326,0.015,36.239,1
synth_c24,0,1,163,15.612,9.844,1.813,0.014,27.283,0
synth_c24,0,1,164,20.798,6.97,2.064,0.012,29.845,0
synth_c24,0,1,165,26.171,10.248,1.805,0.014,38.237,1
synth_c24,0,1,166,15.601,13.435,2.459,0.012,31.506,0
synth_c24,0,1,167,13.2,8.814,3.504,0.014,25.531,0
synth_c24,0,1,168,13.918,6.882,5.906,0.012,26.718,0
synth_c24,0,1,169,12.948,8.121,9.82,0.015,30.904,0
synth_c24,0,1,170,12.771,6.74,10.703,0.015,30.229,0
synth_c24,0,1,171,11.814,8.176,3.385,0.01,23.386,0
synth_c24,0,1,172,14.477,6.725,1.703,0.013,22.919,0
synth_c24,0,1,173,15.131,8.176,4.369,0.012,27.689,0
synth_c24,0,1,174,14.775,6.749,1.738,0.013,23.274,0
synth_c24,0,1,175,12.841,10.634,1.478,0.013,24.966,0
synth_c24,0,1,176,13.199,7.158,4.587,0.01,24.955,0
synth_c24,0,1,177,13.905,9.986,2.486,0.012,26.388,0
synth_c24,0,1,178,13.968,11.967,4.839,0.011,30.785,0
synth_c24,0,1,179,16.086,10.599,3.854,0.016,30.554,0
synth_c24,0,1,180,10.502,10.18,6.53,0.009,27.222,0
synth_c24,0,1,181,11.711,6.627,4.994,0.011,23.343,0
synth_c24,0,1,182,14.088,6.775,13.201,0.013,34.078,1
synth_c24,0,1,183,14.87,6.956,1.547,0.01,23.383,0
synth_c24,0,1,184,13.77,9.05,6.892,0.012,29.723,0
synth_c24,0,1,185,15.998,7.295,4.573,0.012,27.878,0
synth_c24,0,1,186,9.589,10.322,1.63,0.014,21.556,0
synth_c24,0,1,187,17.697,7.042,1.432,0.009,26.18,0
synth_c24,0,1,188,13.381,6.788,4.422,0.013,24.604,0
synth_c24,0,1,189,12.399,11.099,1.427,0.011,24.936,0
synth_c24,0,1,190,13.333,11.278,4.803,0.01,29.425,0
synth_c24,0,1,191,13.579,6.711,8.902,0.011,29.203,0
synth_c24,0,1,192,10.065,10.778,1.342,0.01,22.196,0
synth_c24,0,1,193,13.554,8.168,4.768,0.011,26.501,0
synth_c24,0,1,194,13.314,7.472,5.97,0.018,26.775,0
synth_c24,0,1,195,13.158,7.195,1.739,0.019,22.111,0
synth_c24,0,1,196,13.963,6.679,2.377,0.011,23.029,0
synth_c24,0,1,197,13.69,6.926,4.826,0.014,25.456,0
synth_c24,0,1,198,13.756,9.458,6.181,0.012,29.407,0
synth_c24,0,1,199,13.602,6.925,5.192,0.011,25.731,0
synth_c24,0,1,200,14.242,6.962,4.717,0.01,25.932,0
synth_c24,0,1,201,9.26,10.707,4.615,0.011,24.594,0
synth_c24,0,1,202,11.326,6.699,5.103,0.014,23.142,0
synth_c24,0,1,203,13.552,6.89,4.618,0.011,25.072,0
synth_c24,0,1,204,10.896,10.376,1.651,0.011,22.933,0
synth_c24,0,1,205,14.05,6.974,8.735,0.012,29.771,0
synth_c24,0,1,206,9.126,6.674,6.753,0.015,22.567,0
synth_c24,0,1,207,14.457,6.882,1.417,0.01,22.766,0
synth_c24,0,1,208,14.099,7.046,7.672,0.011,28.827,0
synth_c24,0,1,209,10.587,7.149,8.719,0.014,26.47,0
synth_c24,0,1,210,13.254,8.466,1.844,0.011,23.574,0
synth_c24,0,1,211,15.822,6.89,5.187,0.012,27.911,0
synth_c24,0,1,212,14.286,7.397,1.96,0.01,23.654,0
synth_c24,0,1,213,12.838,6.789,3.881,0.04,23.548,0
synth_c24,0,1,214,18.399,6.958,5.347,0.014,30.717,0
synth_c24,0,1,215,16.86,7.149,4.341,0.013,28.363,0
synth_c24,0,1,216,15.052,7.474,7.287,0.029,29.843,0
synth_c24,0,1,217,21.536,6.905,11.592,0.019,40.052,1
synth_c24,0,1,218,19.073,6.708,10.45,0.014,36.245,1
synth_c24,0,1,219,17.494,6.969,3.745,0.011,28.219,0
synth_c24,0,1,220,12.357,11.266,4.741,0.011,28.376,0
synth_c24,0,1,221,14.336,7.495,2.118,0.011,23.959,0
synth_c24,0,1,222,13.836,7.175,5.563,0.012,26.586,0
synth_c24,0,1,223,10.31,6.956,9.022,0.011,26.299,0
synth_c24,0,1,224,15.472,6.921,1.69,0.011,24.095,0
synth_c24,0,1,225,14.078,7.18,4.647,0.014,25.919,0
synth_c24,0,1,226,22.211,7.415,5.637,0.015,35.278,1
synth_c24,0,1,227,16.251,8.779,6.105,0.013,31.149,0
synth_c24,0,1,228,16.606,8.206,6.454,0.015,31.28,0
synth_c24,0,1,229,19.27,6.786,2.962,0.013,29.032,0
synth_c24,0,1,230,20.847,7.635,1.732,0.012,30.226,0
synth_c24,0,1,231,20.915,9.511,5.93,0.014,36.37,1
synth_c24,0,1,232,16.075,11.841,5.788,0.014,33.717,1
synth_c24,0,1,233,16.876,11.213,4.023,0.014,32.126,0
synth_c24,0,1,234,23.282,6.808,2.669,0.021,32.781,0
synth_c24,0,1,235,20.6,7.787,5.721,0.014,34.122,1
synth_c24,0,1,236,19.215,6.769,2.657,0.012,28.654,0
synth_c24,0,1,237,16.216,15.076,5.46,0.015,36.767,1
synth_c24,0,1,238,19.848,7.766,3.685,0.016,31.314,0
synth_c24,0,1,239,22.915,6.82,1.904,0.014,31.654,0
synth_c24,0,1,240,20.276,6.871,2.531,0.013,29.691,0
synth_c24,0,1,241,19.621,7.152,11.349,0.02,38.142,1
synth_c24,0,1,242,16.152,10.447,7.489,0.014,34.102,1
synth_c24,0,1,243,18.414,11.04,10.328,0.015,39.797,1
synth_c24,0,1,244,15.984,10.643,11.755,0.026,38.408,1
synth_c24,0,1,245,20.352,9.501,11.296,0.015,41.164,1
synth_c24,0,1,246,22.798,7.093,4.795,0.018,34.703,1
synth_c24,0,1,247,22.598,6.928,9.671,0.016,39.213,1
synth_c24,0,1,248,15.163,10.911,4.388,0.015,30.478,0
synth_c24,0,1,249,18.435,6.83,6.397,0.02,31.682,0
synth_c24,0,1,250,16.324,10.433,2.011,0.018,28.786,0
synth_c24,0,1,251,19.922,10.78,11.05,0.015,41.768,1
synth_c24,0,1,252,18.26,7.3,5.428,0.013,31.001,0
synth_c24,0,1,253,17.239,7.866,9.357,0.014,34.476,1
synth_c24,0,1,254,17.022,10.596,2.513,0.014,30.144,0
synth_c24,0,1,255,23.458,6.939,5.799,0.015,36.211,1
synth_c24,0,1,256,15.024,8.227,5.518,0.016,28.786,0
synth_c24,0,1,257,16.96,17.959,12.769,0.037,47.725,1
synth_c24,0,1,259,16.614,13.96,2.084,0.015,32.673,0
synth_c24,0,1,260,16.365,10.502,2.165,0.015,29.047,0
synth_c24,0,1,261,19.102,7.114,9.02,0.014,35.25,1
synth_c24,0,1,262,15.331,8.753,6.916,0.014,31.015,0
synth_c24,0,1,263,24.25,6.998,2.13,0.013,33.392,1
synth_c24,0,1,264,20.395,7.168,5.175,0.015,32.753,0
synth_c24,0,1,265,20.968,6.861,6.521,0.016,34.366,1
synth_c24,0,1,266,18.749,8.605,8.302,0.015,35.672,1
synth_c24,0,1,267,20.135,7.208,5.365,0.013,32.722,0
synth_c24,0,1,268,20.363,11.067,2.18,0.016,33.626,1
synth_c24,0,1,269,20.598,7.24,2.417,0.012,30.267,0
synth_c24,0,1,270,18.377,8.185,5.022,0.014,31.598,0
synth_c24,0,1,271,16.367,10.518,5.412,0.013,32.31,0
synth_c24,0,1,272,20.339,7.338,7.042,0.024,34.743,1
synth_c24,0,1,273,16.132,8.83,4.892,0.016,29.869,0
synth_c24,0,1,274,19.598,7.264,7.925,0.088,34.875,1
synth_c24,0,1,275,17.355,8.605,5.055,0.015,31.03,0
synth_c24,0,1,276,17.085,10.933,6.712,0.016,34.745,1
synth_c24,0,1,277,18.999,8.833,7.131,0.014,34.977,1
synth_c24,0,1,278,20.536,6.851,5.081,0.012,32.48,0
synth_c24,0,1,279,22.906,6.817,1.976,0.015,31.713,0
synth_c24,0,1,280,18.542,11.297,2.049,0.017,31.905,0
synth_c24,0,1,281,19.795,7.11,4.457,0.016,31.378,0
synth_c24,0,1,282,21.398,6.809,1.86,0.011,30.079,0
synth_c24,0,1,283,20.495,6.796,5.73,0.016,33.038,0
synth_c24,0,1,284,21.184,7.041,8.399,0.017,36.64,1
synth_c24,0,1,285,17.523,11.124,4.925,0.014,33.586,1
synth_c24,0,1,286,20.448,7.097,1.694,0.012,29.251,0
synth_c24,0,1,287,19.839,7.101,8.912,0.017,35.869,1
synth_c24,0,1,288,15.899,11.085,2.176,0.013,29.173,0
synth_c24,0,1,289,19.885,9.179,3.064,0.013,32.141,0
synth_c24,0,1,290,21.888,10.64,4.561,0.013,37.102,1
synth_c24,0,1,291,21.58,7.059,5.309,0.012,33.959,1
synth_c24,0,1,292,20.117,6.818,2.293,0.013,29.242,0
synth_c24,0,1,293,19.365,10.806,3.607,0.015,33.793,1
synth_c24,0,1,294,14.885,6.779,3.381,0.012,25.057,0
synth_c24,0,1,295,12.613,8.522,8.93,0.014,30.078,0
synth_c24,0,1,296,16.117,10.955,1.805,0.011,28.888,0
synth_c24,0,1,297,13.937,10.344,1.534,0.01,25.826,0
synth_c24,0,1,298,14.574,7.372,3.207,0.014,25.167,0
synth_c24,0,1,299,14.921,6.924,1.556,0.011,23.412,0
synth_c24,0,1,300,14.412,8.216,4.796,0.012,27.435,0
synth_c24,0,1,301,13.256,7.58,4.455,0.017,25.309,0
synth_c24,0,1,302,9.506,7.95,5.544,0.014,23.013,0
synth_c24,0,1,303,11.507,10.318,1.809,0.013,23.646,0
synth_c24,0,1,304,16.312,7.167,5.112,0.011,28.602,0
synth_c24,0,1,305,15.083,6.713,4.258,0.012,26.065,0
synth_c24,0,1,306,12.341,9.474,4.663,0.01,26.488,0
synth_c24,0,1,307,14.661,6.88,3.252,0.013,24.806,0
synth_c24,0,1,308,13.103,8.054,4.991,0.013,26.16,0
synth_c24,0,1,309,12.498,7.188,5.923,0.012,25.621,0
synth_c24,0,1,310,11.507,9.637,4.576,0.012,25.731,0
synth_c24,0,1,311,11.195,10.749,1.673,0.013,23.63,0
synth_c24,0,1,312,13.337,6.816,8.274,0.01,28.437,0
synth_c24,0,1,313,13.284,6.633,4.917,0.01,24.843,0
synth_c24,0,1,314,15.512,6.847,11.29,0.017,33.665,1
synth_c24,0,1,315,9.847,8.933,5.395,0.013,24.189,0
synth_c24,0,1,316,13.674,6.707,1.7,0.01,22.091,0
synth_c24,0,1,317,14.409,6.794,5.587,0.018,26.808,0
synth_c24,0,1,318,13.218,10.385,4.924,0.01,28.537,0
synth_c24,0,1,319,14.457,7.12,8.836,0.012,30.425,0
synth_c24,0,1,320,16.522,7.661,1.953,0.012,26.147,0
synth_c24,0,1,321,17.139,7.411,5.743,0.011,30.304,0
synth_c24,0,1,322,11.633,8.096,6.803,0.014,26.545,0
synth_c24,0,1,323,15.727,7.609,9.312,0.014,32.662,0
synth_c24,0,1,324,21.635,7.385,1.699,0.016,30.735,0
synth_c24,0,1,325,17.369,10.779,1.794,0.013,29.955,0
synth_c24,0,1,326,20.155,7.083,10.376,0.015,37.629,1
synth_c24,0,1,327,20.378,7.467,10.08,0.015,37.941,1
synth_c24,0,1,328,20.586,7.453,5.133,0.015,33.187,0
synth_c24,0,1,329,15.242,11.064,4.509,0.013,30.827,0
synth_c24,0,1,330,17.129,12.168,5.395,0.013,34.705,1
synth_c24,0,1,331,21.054,7.417,10.498,0.017,38.987,1
synth_c24,0,1,332,22.491,7.184,2.167,0.017,31.858,0
synth_c24,0,1,333,20.588,7.46,2.599,0.018,30.664,0
synth_c24,0,1,334,16.259,11.01,8.801,0.019,36.088,1
synth_c24,0,1,335,16.208,10.775,6.14,0.016,33.138,0
synth_c24,0,1,336,17.168,9.407,2.992,0.015,29.582,0
synth_c24,0,1,337,21.268,14.068,2.837,0.017,38.189,1
synth_c24,0,1,338,21.995,8.107,1.676,0.013,31.791,0
synth_c24,0,1,339,17.483,8.619,12.873,0.014,38.988,1
synth_c24,0,1,340,14.05,7.382,5.511,0.012,26.956,0
synth_c24,0,1,341,14.168,7.03,4.559,0.012,25.77,0
synth_c24,0,1,342,13.767,7.455,4.074,0.011,25.306,0
synth_c24,0,1,343,15.56,7.076,4.661,0.011,27.308,0
synth_c24,0,1,344,14.565,7.258,1.352,0.011,23.186,0
synth_c24,0,1,345,13.885,9.584,3.272,0.011,26.752,0
synth_c24,0,1,346,15.48,7.078,5.71,0.012,28.28,0
synth_c24,0,1,347,9.541,10.817,3.947,0.01,24.315,0
synth_c24,0,1,348,14.902,6.921,11.124,0.011,32.956,0
synth_c24,0,1,349,14.66,7.058,2.432,0.015,24.165,0
synth_c24,0,1,350,21.249,6.996,8.886,0.017,37.147,1
synth_c24,0,1,351,16.543,6.791,6.221,0.016,29.572,0
synth_c24,0,1,352,21.25,10.927,5.867,0.014,38.058,1
synth_c24,0,1,353,16.404,10.687,5.087,0.014,32.191,0
synth_c24,0,1,354,21.061,6.854,1.671,0.014,29.601,0
synth_c24,0,1,355,27.295,7.237,1.791,0.015,36.337,1
synth_c24,0,1,356,19.359,10.592,2.083,0.015,32.049,0
synth_c24,0,1,357,17.139,8.114,8.111,0.013,33.378,1
synth_c24,0,1,358,19.656,10.739,4.874,0.016,35.285,1
synth_c24,0,1,359,18.469,7.764,4.295,0.017,30.545,0
synth_c24,0,1,360,17.172,9.557,11.174,0.016,37.919,1
synth_c24,0,1,361,17.725,10.795,2.969,0.015,31.505,0
synth_c24,0,1,362,16.112,10.865,5.86,0.014,32.852,0
synth_c24,0,1,363,20.982,6.789,5.56,0.014,33.345,1
synth_c24,0,1,364,24.431,6.995,2.041,0.014,33.481,1
synth_c24,0,1,365,17.107,11.319,3.037,0.013,31.476,0
synth_c24,0,1,366,24.141,6.857,3.611,0.013,34.622,1
synth_c24,0,1,367,20.035,8.063,5.454,0.015,33.567,1
synth_c24,0,1,368,14.533,12.939,1.619,0.014,29.106,0
synth_c24,0,1,369,20.56,8.776,5.06,0.014,34.411,1
synth_c24,0,1,370,23.65,7.176,7.337,0.014,38.178,1
synth_c24,0,1,371,17.374,14.141,9.266,0.017,40.797,1
synth_c24,0,1,372,16.847,12.085,5.053,0.016,34.001,1
synth_c24,0,1,373,19.211,6.863,3.269,0.014,29.358,0
synth_c24,0,1,374,18.965,7.078,6.312,0.014,32.369,0
synth_c24,0,1,375,19.65,10.436,1.799,0.016,31.901,0
synth_c24,0,1,376,16.683,9.153,6.607,0.014,32.456,0
synth_c24,0,1,377,21.714,7.346,5.341,0.013,34.414,1
synth_c24,0,1,378,20.204,6.936,5.727,0.014,32.881,0
synth_c24,0,1,379,20.014,6.884,4.826,0.014,31.737,0
synth_c24,0,1,380,17.408,13.132,2.161,0.016,32.716,0
synth_c24,0,1,381,16.978,10.849,5.121,0.017,32.965,0
synth_c24,0,1,382,17.723,9.063,11.172,0.016,37.974,1
synth_c24,0,1,383,20.56,8.571,2.641,0.015,31.787,0
synth_c24,0,1,384,22.227,7.269,6.623,0.018,36.136,1
synth_c24,0,1,385,19.721,6.965,1.955,0.014,28.656,0
synth_c24,0,1,386,20.387,7.069,5.108,0.016,32.58,0
synth_c24,0,1,387,20.387,7.011,5.926,0.016,33.339,1
synth_c24,0,1,388,20.924,8.688,8.406,0.013,38.03,1
synth_c24,0,1,389,20.962,6.92,1.81,0.018,29.71,0
synth_c24,0,1,390,21.294,8.049,5.201,0.013,34.558,1
synth_c24,0,1,391,16.968,10.089,5.805,0.013,32.875,0
synth_c24,0,1,392,15.702,8.254,5.691,1.2,30.847,0
synth_c24,0,1,393,25.131,9.456,6.616,0.013,41.215,1
synth_c24,0,1,394,20.544,7.063,4.519,0.034,32.161,0
synth_c24,0,1,395,20.098,14.508,8.174,0.014,42.794,1
synth_c24,0,1,396,19.739,7.554,7.18,0.056,34.529,1
synth_c24,0,1,397,18.747,7.028,5.451,0.014,31.24,0
synth_c24,0,1,398,18.557,11.387,1.777,0.013,31.735,0
synth_c24,0,1,399,21.827,10.398,3.326,0.014,35.565,1
synth_c24,0,1,400,21.309,7.88,2.309,0.013,31.511,0
synth_c24,0,1,401,21.007,6.887,14.167,0.016,42.078,1
synth_c24,0,1,402,17.012,9.993,8.186,0.018,35.21,1
synth_c24,0,1,403,19.353,6.903,5.936,0.013,32.205,0
synth_c24,0,1,404,16.965,6.851,1.805,0.014,25.636,0
synth_c24,0,1,405,17.632,12.168,3.271,0.012,33.083,0
synth_c24,0,1,406,17.418,6.652,1.801,0.01,25.881,0
synth_c24,0,1,407,12.836,7.668,8.559,0.011,29.075,0
synth_c24,0,1,408,12.658,8.126,10.077,0.015,30.876,0
synth_c24,0,1,409,9.417,13.137,3.662,0.017,26.233,0
synth_c24,0,1,410,14.543,7.36,4.899,0.011,26.814,0
synth_c24,0,1,411,11.766,9.786,1.4,0.011,22.964,0
synth_c24,0,1,412,13.287,11.283,1.576,0.012,26.158,0
synth_c24,0,1,413,14.009,10.402,1.438,0.01,25.859,0
synth_c24,0,1,414,13.84,6.88,6.067,0.011,26.798,0
synth_c24,0,1,415,9.394,11.715,1.438,0.01,22.557,0
synth_c24,0,1,416,10.906,11.934,1.36,0.011,24.21,0
synth_c24,0,1,417,13.469,10.425,7.671,0.011,31.575,0
synth_c24,0,1,418,11.673,9.59,4.888,0.011,26.162,0
synth_c24,0,1,419,13.509,6.824,6.425,0.013,26.77,0
synth_c24,0,1,420,12.513,6.756,5.8,0.012,25.08,0
synth_c24,0,1,421,14.7,6.664,1.347,0.01,22.721,0
synth_c24,0,1,422,16.949,6.642,2.622,0.01,26.224,0
synth_c24,0,1,423,13.17,8.051,5.009,0.014,26.244,0
synth_c24,0,1,424,13.935,7.051,5.35,0.012,26.348,0
synth_c24,0,1,425,9.995,10.525,12.261,0.016,32.796,0
synth_c24,0,1,426,13.317,8.963,14.482,0.013,36.774,1
synth_c24,0,1,427,11.047,10.319,3.706,0.018,25.089,0
synth_c24,0,1,428,15.332,6.786,4.632,0.011,26.761,0
synth_c24,0,1,429,14.829,9.043,1.382,0.01,25.265,0
synth_c24,0,1,430,14.206,8.622,8.96,0.01,31.798,0
synth_c24,0,1,431,16.744,7.086,1.936,0.014,25.781,0
synth_c24,0,1,432,13.625,6.687,4.748,0.01,25.07,0
synth_c24,0,1,433,10.64,11.361,1.448,0.011,23.46,0
synth_c24,0,1,434,17.586,7.019,4.346,0.01,28.961,0
synth_c24,0,1,435,13.477,9.243,3.081,0.01,25.811,0
synth_c24,0,1,436,13.868,7.803,7.677,0.017,29.366,0
synth_c24,0,1,437,12.704,10.631,5.362,0.011,28.708,0
synth_c24,0,1,438,10.007,13.546,1.538,0.011,25.103,0
synth_c24,0,1,439,12.12,9.289,15.378,0.018,36.806,1
synth_c24,0,1,440,12.74,7.979,2.309,0.011,23.04,0
synth_c24,0,1,441,14.662,9.204,6.721,0.016,30.603,0
synth_c24,0,1,442,10.95,9.228,2.563,0.01,22.751,0
synth_c24,0,1,443,14.22,7.845,3.628,0.01,25.703,0
synth_c24,0,1,444,15.77,6.906,1.593,0.009,24.279,0
synth_c24,0,1,445,18.055,6.924,10.272,0.018,35.268,1
synth_c24,0,1,446,10.251,9.533,9.14,0.016,28.939,0
synth_c24,0,1,447,16.601,7.146,1.309,0.011,25.067,0
synth_c24,0,1,448,16.695,12.065,5.335,0.012,34.108,1
synth_c24,0,1,449,18.675,10.952,1.659,0.014,31.3,0
synth_c24,0,1,450,20.95,7.403,7.016,0.014,35.383,1
synth_c24,0,1,451,17.569,12.313,1.954,0.015,31.85,0
synth_c24,0,1,452,19.904,7.748,8.965,0.018,36.634,1
synth_c24,0,1,453,15.32,11.066,1.764,0.013,28.162,0
synth_c24,0,1,454,18.692,9.363,2.013,0.012,30.079,0
synth_c24,0,1,455,17.664,10.816,1.85,0.013,30.343,0
synth_c24,0,1,456,20.359,6.739,7.444,0.012,34.554,1
synth_c24,0,1,457,15.548,10.795,1.552,0.014,27.909,0
synth_c24,0,1,458,21.55,6.962,1.968,0.015,30.495,0
synth_c24,0,1,459,23.29,6.84,3.016,0.013,33.16,0
synth_c24,0,1,460,17.76,10.846,12.221,0.015,40.841,1
synth_c24,0,1,461,16.355,8.301,5.196,0.018,29.87,0
synth_c24,0,1,462,17.008,10.723,1.589,0.013,29.332,0
synth_c24,0,1,463,17.067,11.255,4.712,0.015,33.049,0
synth_c24,0,1,464,17.043,6.727,1.849,1.284,26.904,0
synth_c24,0,1,465,27.191,12.117,3.056,0.014,42.377,1
synth_c24,0,1,466,19.722,6.991,2.009,0.02,28.742,0
synth_c24,0,1,467,21.665,6.922,3.694,0.014,32.295,0
synth_c24,0,1,468,20.763,6.709,3.248,0.012,30.733,0
synth_c24,0,1,469,18.379,10.065,4.446,0.014,32.904,0
synth_c24,0,1,470,17.711,14.398,4.396,0.018,36.523,1
synth_c24,0,1,471,19.999,7.252,4.823,0.015,32.088,0
synth_c24,0,1,472,16.127,11.163,1.921,0.016,29.227,0
synth_c24,0,1,473,19.314,7.868,4.595,0.014,31.791,0
synth_c24,0,1,474,17.481,7.857,1.469,0.014,26.821,0
synth_c24,0,2,30,13.591,8.056,1.228,0.011,22.887,0
synth_c24,0,2,31,15.343,6.826,6.13,0.011,28.31,0
synth_c24,0,2,32,15.372,7.581,1.205,0.011,24.169,0
synth_c24,0,2,33,10.518,9.11,1.981,0.012,21.62,0
synth_c24,0,2,34,10.786,10.003,1.903,0.012,22.704,0
synth_c24,0,2,35,17.819,14.802,5.554,0.013,38.188,1
synth_c24,0,2,36,11.91,8.083,1.37,0.012,21.374,0
synth_c24,0,2,37,13.646,8.159,2.314,0.013,24.131,0
synth_c24,0,2,38,13.083,11.019,9.027,0.014,33.142,0
synth_c24,0,2,39,13.235,6.959,4.798,0.012,25.003,0
synth_c24,0,2,40,14.607,10.593,2.472,0.012,27.684,0
synth_c24,0,2,41,13.803,6.707,2.224,0.013,22.747,0
synth_c24,0,2,42,13.883,11.126,5.984,0.014,31.008,0
synth_c24,0,2,43,11.82,7.101,2.224,0.012,21.157,0
synth_c24,0,2,44,13.806,7.339,18.645,0.015,39.805,1
synth_c24,0,2,45,16.034,7.732,9.405,0.013,33.184,0
synth_c24,0,2,46,13.86,6.908,2.219,0.013,23.001,0
synth_c24,0,2,47,21.862,7.69,16.736,0.013,46.301,1
synth_c24,0,2,48,8.923,8.57,2.3,0.013,19.806,0
synth_c24,0,2,49,10.632,11.574,8.014,0.014,30.233,0
synth_c24,0,2,50,21.535,18.076,1.435,0.013,41.059,1
synth_c24,0,2,51,16.446,11.102,18.416,0.019,45.983,1
synth_c24,0,2,52,19.571,7.654,8.023,0.016,35.264,1
synth_c24,0,2,53,20.099,6.797,9.685,0.016,36.597,1
synth_c24,0,2,54,10.101,10.021,3.079,0.015,23.216,0
synth_c24,0,2,55,20.414,10.186,9.687,0.016,40.302,1
synth_c24,0,2,56,19.922,6.855,10.329,0.019,37.125,1
synth_c24,0,2,57,17.424,10.104,1.879,0.015,29.422,0
synth_c24,0,2,58,14.057,14.556,5.442,0.017,34.072,1
synth_c24,0,2,59,21.153,6.954,5.931,0.018,34.056,1
synth_c24,0,2,60,17.636,10.554,9.141,0.018,37.348,1
synth_c24,0,2,61,14.133,6.716,4.542,0.015,25.406,0
synth_c24,0,2,62,13.904,13.561,26.666,0.015,54.146,1
synth_c24,0,2,64,6.143,12.803,1.519,0.013,20.478,0
synth_c24,0,2,65,14.214,13.449,8.983,0.017,36.662,1
synth_c24,0,2,66,12.711,24.217,4.5,0.015,41.443,1
synth_c24,0,2,67,9.209,11.143,1.707,0.014,22.074,0
synth_c24,0,2,68,13.822,7.0,1.424,0.014,22.26,0
synth_c24,0,2,69,13.06,6.736,5.125,0.012,24.932,0
synth_c24,0,2,70,15.549,20.214,10.695,0.017,46.474,1
synth_c24,0,2,71,16.162,6.887,1.936,0.013,24.998,0
synth_c24,0,2,72,14.107,7.12,1.586,0.012,22.825,0
synth_c24,0,2,73,11.024,6.774,1.618,0.013,19.429,0
synth_c24,0,2,74,13.927,7.937,2.058,0.01,23.933,0
synth_c24,0,2,75,19.361,7.076,4.632,0.011,31.081,0
synth_c24,0,2,76,13.668,7.031,3.966,0.013,24.678,0
synth_c24,0,2,77,10.246,7.106,4.026,0.012,21.39,0
synth_c24,0,2,78,15.943,6.814,2.584,0.01,25.352,0
synth_c24,0,2,79,12.098,7.144,4.429,0.015,23.686,0
synth_c24,0,2,80,15.873,6.818,1.571,0.012,24.274,0
synth_c24,0,2,81,17.531,6.852,3.99,0.011,28.385,0
synth_c24,0,2,82,10.917,7.759,2.183,0.014,20.874,0
synth_c24,0,2,83,12.261,6.818,8.752,0.012,27.843,0
synth_c24,0,2,84,11.983,6.975,1.755,0.011,20.724,0
synth_c24,0,2,85,13.08,7.033,4.186,0.011,24.309,0
synth_c24,0,2,86,14.213,7.215,4.139,0.016,25.583,0
synth_c24,0,2,87,11.392,10.188,2.776,0.016,24.372,0
synth_c24,0,2,88,16.786,7.416,6.001,0.011,30.214,0
synth_c24,0,2,89,7.812,6.84,3.606,0.01,18.268,0
synth_c24,0,2,90,13.31,6.919,12.295,0.012,32.538,0
synth_c24,0,2,91,8.757,9.506,4.527,0.013,22.802,0
synth_c24,0,2,92,8.806,8.286,1.657,0.013,18.762,0
synth_c24,0,2,93,13.494,7.04,17.051,0.015,37.6,1
synth_c24,0,2,94,24.285,8.283,2.385,0.016,34.97,1
synth_c24,0,2,95,15.612,7.889,9.789,0.013,33.303,0
synth_c24,0,2,96,12.094,6.739,5.102,0.012,23.947,0
synth_c24,0,2,97,9.225,13.413,3.579,0.014,26.232,0
synth_c24,0,2,98,12.719,17.71,1.851,0.012,32.292,0
synth_c24,0,2,99,13.477,8.276,4.941,0.013,26.707,0
synth_c24,0,2,100,17.921,7.643,2.331,0.012,27.907,0
synth_c24,0,2,101,13.606,6.85,6.313,0.012,26.781,0
synth_c24,0,2,102,13.927,6.727,1.482,0.01,22.147,0
synth_c24,0,2,103,13.757,7.785,8.757,0.019,30.318,0
synth_c24,0,2,104,13.104,7.074,7.675,0.012,27.865,0
synth_c24,0,2,105,11.136,6.871,4.297,0.013,22.317,0
synth_c24,0,2,106,15.166,6.827,2.067,0.011,24.071,0
synth_c24,0,2,107,13.89,8.365,3.935,0.012,26.202,0
synth_c24,0,2,108,12.336,10.49,4.259,0.011,27.095,0
synth_c24,0,2,109,15.605,6.957,2.663,0.012,25.237,0
synth_c24,0,2,110,12.669,6.748,8.435,0.018,27.87,0
synth_c24,0,2,111,9.436,7.115,12.111,0.014,28.676,0
synth_c24,0,2,112,7.058,10.549,9.986,0.016,27.609,0
synth_c24,0,2,113,12.603,7.552,7.113,0.012,27.279,0
synth_c24,0,2,114,12.463,6.687,3.276,0.011,22.438,0
synth_c24,0,2,115,13.514,9.167,1.763,0.012,24.456,0
synth_c24,0,2,116,12.278,6.856,5.069,0.011,24.215,0
synth_c24,0,2,117,13.778,6.901,2.158,0.012,22.849,0
synth_c24,0,2,118,21.505,17.922,5.479,0.016,44.921,1
synth_c24,0,2,119,17.519,11.092,6.345,0.016,34.971,1
synth_c24,0,2,120,24.513,6.901,1.758,0.013,33.184,0
synth_c24,0,2,121,13.083,15.322,1.757,0.013,30.175,0
synth_c24,0,2,122,20.273,7.23,7.399,0.014,34.916,1
synth_c24,0,2,123,17.091,10.698,3.823,0.013,31.625,0
synth_c24,0,2,124,26.397,7.656,7.952,0.016,42.02,1
synth_c24,0,2,125,12.996,8.634,18.283,0.021,39.934,1
synth_c24,0,2,126,19.311,15.382,5.991,0.015,40.698,1
synth_c24,0,2,127,16.397,6.874,15.475,0.017,38.762,1
synth_c24,0,2,129,20.167,7.254,12.357,0.02,39.798,1
synth_c24,0,2,130,20.327,9.05,1.909,0.015,31.301,0
synth_c24,0,2,131,19.253,6.977,4.832,0.016,31.078,0
synth_c24,0,2,132,20.595,9.826,5.531,0.019,35.971,1
synth_c24,0,2,133,18.946,7.074,1.643,0.016,27.679,0
synth_c24,0,2,134,21.223,9.265,4.118,0.038,34.645,1
synth_c24,0,2,135,19.771,6.798,2.261,0.014,28.845,0
synth_c24,0,2,136,16.025,6.799,1.43,0.013,24.266,0
synth_c24,0,2,137,20.52,9.467,5.027,0.015,35.029,1
synth_c24,0,2,138,20.993,7.406,1.582,0.013,29.994,0
synth_c24,0,2,139,20.266,7.006,8.604,0.019,35.894,1
synth_c24,0,2,140,16.72,12.277,2.961,0.017,31.975,0
synth_c24,0,2,141,19.447,6.831,3.962,0.015,30.255,0
synth_c24,0,2,142,18.506,14.445,1.431,0.019,34.401,1
synth_c24,0,2,143,16.676,11.901,6.263,0.015,34.854,1
synth_c24,0,2,144,18.713,6.752,4.747,0.013,30.225,0
synth_c24,0,2,145,16.397,8.762,3.297,0.015,28.471,0
synth_c24,0,2,146,21.638,6.839,7.286,0.028,35.791,1
synth_c24,0,2,147,17.443,6.828,10.904,0.02,35.194,1
synth_c24,0,2,148,19.28,6.969,5.33,0.017,31.596,0
synth_c24,0,2,149,19.096,6.841,5.83,0.017,31.784,0
synth_c24,0,2,150,20.141,7.205,1.393,0.013,28.751,0
synth_c24,0,2,151,20.83,7.515,4.546,0.016,32.906,0
synth_c24,0,2,152,16.767,7.586,4.249,0.016,28.619,0
synth_c24,0,2,153,18.1,7.095,5.36,0.015,30.57,0
synth_c24,0,2,154,18.739,8.191,1.294,0.013,28.238,0
synth_c24,0,2,155,22.09,7.133,1.176,0.015,30.414,0
synth_c24,0,2,156,19.753,10.755,5.385,0.015,35.907,1
synth_c24,0,2,157,16.011,7.003,5.51,0.021,28.545,0
synth_c24,0,2,158,15.299,8.012,5.265,0.015,28.591,0
synth_c24,0,2,159,15.865,6.864,9.883,0.017,32.629,0
synth_c24,0,2,160,18.18,6.945,1.52,0.017,26.662,0
synth_c24,0,2,161,19.006,6.864,1.396,0.015,27.28,0
synth_c24,0,2,162,20.66,7.641,5.083,0.022,33.407,1
synth_c24,0,2,163,15.014,8.476,4.984,0.016,28.489,0
synth_c24,0,2,164,20.091,7.161,4.226,0.013,31.491,0
synth_c24,0,2,165,18.279,11.262,5.372,0.015,34.927,1
synth_c24,0,2,166,15.404,11.08,1.445,0.015,27.945,0
synth_c24,0,2,167,19.744,10.863,3.396,0.014,34.017,1
synth_c24,0,2,168,22.244,7.999,1.446,0.016,31.706,0
synth_c24,0,2,169,19.742,7.53,1.334,0.014,28.621,0
synth_c24,0,2,170,15.832,11.31,8.844,0.015,36.001,1
synth_c24,0,2,171,16.106,10.953,1.674,0.015,28.748,0
synth_c24,0,2,172,15.863,10.429,1.976,0.012,28.279,0
synth_c24,0,2,173,18.938,6.856,4.839,0.013,30.647,0
synth_c24,0,2,174,21.213,6.772,4.129,0.013,32.128,0
synth_c24,0,2,175,21.532,6.905,1.317,0.014,29.768,0
synth_c24,0,2,176,15.293,13.171,4.987,0.014,33.465,1
synth_c24,0,2,177,21.777,8.114,6.922,0.021,36.834,1
synth_c24,0,2,178,16.526,7.265,8.3,0.018,32.11,0
synth_c24,0,2,179,16.782,8.107,5.049,0.02,29.959,0
synth_c24,0,2,180,17.131,10.631,4.328,0.017,32.106,0
synth_c24,0,2,181,20.81,6.798,4.99,0.019,32.618,0
synth_c24,0,2,182,20.349,6.87,8.411,0.023,35.652,1
synth_c24,0,2,183,16.595,11.775,1.154,0.014,29.538,0
synth_c24,0,2,184,17.821,8.228,4.842,0.018,30.908,0
synth_c24,0,2,185,16.199,10.755,1.305,0.015,28.274,0
synth_c24,0,2,186,15.141,11.435,8.079,0.015,34.67,1
synth_c24,0,2,187,16.384,9.916,4.123,0.013,30.436,0
synth_c24,0,2,188,18.394,9.944,3.088,0.017,31.443,0
synth_c24,0,2,189,18.387,10.636,1.589,0.016,30.628,0
synth_c24,0,2,190,17.018,10.954,1.462,0.015,29.449,0
synth_c24,0,2,191,16.729,9.112,8.98,0.019,34.84,1
synth_c24,0,2,192,19.408,7.304,8.263,0.016,34.991,1
synth_c24,0,2,193,15.93,6.761,3.23,0.013,25.934,0
synth_c24,0,2,194,19.957,6.788,1.481,0.013,28.238,0
synth_c24,0,2,195,21.275,7.211,4.718,0.015,33.219,0
synth_c24,0,2,196,21.956,7.317,5.428,0.02,34.721,1
synth_c24,0,2,197,15.567,12.427,7.935,0.015,35.944,1
synth_c24,0,2,198,15.822,10.929,1.565,0.014,28.33,0
synth_c24,0,2,199,16.551,11.865,5.302,0.015,33.733,1
synth_c24,0,2,200,20.535,9.832,5.327,0.014,35.707,1
synth_c24,0,2,201,16.554,16.506,5.1,0.016,38.176,1
synth_c24,0,2,202,15.462,7.523,2.916,0.018,25.918,0
synth_c24,0,2,203,14.372,11.735,1.252,0.013,27.372,0
synth_c24,0,2,204,16.643,7.228,1.496,0.013,25.379,0
synth_c24,0,2,205,16.826,6.858,3.495,0.02,27.199,0
synth_c24,0,2,206,17.218,9.497,4.956,0.015,31.686,0
synth_c24,0,2,207,15.121,6.94,10.794,0.015,32.869,0
synth_c24,0,2,208,20.473,7.015,1.562,0.017,29.067,0
synth_c24,0,2,209,16.16,10.869,5.443,0.016,32.488,0
synth_c24,0,2,210,16.157,11.522,1.75,0.014,29.444,0
synth_c24,0,2,211,14.885,14.225,2.462,0.015,31.588,0
synth_c24,0,2,212,16.257,9.183,5.774,0.011,31.224,0
synth_c24,0,2,213,14.302,7.947,3.198,0.012,25.459,0
synth_c24,0,2,214,11.66,10.935,1.35,0.015,23.96,0
synth_c24,0,2,215,9.023,10.579,1.061,0.01,20.672,0
synth_c24,0,2,216,12.859,6.68,4.581,0.01,24.129,0
synth_c24,0,2,217,11.271,9.661,1.027,0.01,21.969,0
synth_c24,0,2,218,11.725,6.678,4.038,0.014,22.456,0
synth_c24,0,2,219,15.544,8.76,1.078,0.011,25.393,0
synth_c24,0,2,220,15.826,6.796,8.694,0.014,31.33,0
synth_c24,0,2,221,16.43,6.918,1.254,0.011,24.613,0
synth_c24,0,2,222,12.494,6.75,3.883,0.011,23.138,0
synth_c24,0,2,223,10.294,10.449,1.138,0.012,21.893,0
synth_c24,0,2,224,9.042,10.798,1.305,0.011,21.155,0
synth_c24,0,2,225,12.677,7.034,6.745,0.015,26.472,0
synth_c24,0,2,226,6.274,12.88,4.242,0.017,23.412,0
synth_c24,0,2,227,13.142,10.542,2.583,0.013,26.28,0
synth_c24,0,2,228,14.093,8.744,2.266,0.014,25.117,0
synth_c24,0,2,229,11.655,9.594,7.316,0.011,28.576,0
synth_c24,0,2,230,12.371,11.869,2.04,0.012,26.292,0
synth_c24,0,2,231,12.055,11.623,4.03,0.016,27.724,0
synth_c24,0,2,232,17.415,9.167,8.16,0.011,34.752,1
synth_c24,0,2,233,14.734,6.949,1.951,0.02,23.654,0
synth_c24,0,2,234,16.951,14.934,1.842,0.022,33.75,1
synth_c24,0,2,235,13.581,6.976,3.652,0.012,24.221,0
synth_c24,0,2,236,10.357,10.436,7.47,0.012,28.275,0
synth_c24,0,2,237,11.172,11.463,1.033,0.011,23.68,0
synth_c24,0,2,238,11.736,11.274,8.749,0.011,31.77,0
synth_c24,0,2,239,10.154,11.292,3.609,0.014,25.07,0
synth_c24,0,2,240,13.155,9.357,2.266,0.012,24.79,0
synth_c24,0,2,241,10.622,10.702,4.535,0.012,25.87,0
synth_c24,0,2,242,9.123,8.362,4.986,0.011,22.482,0
synth_c24,0,2,243,18.004,7.031,5.246,0.012,30.292,0
synth_c24,0,2,244,13.182,12.402,1.739,0.012,27.335,0
synth_c24,0,2,245,10.286,10.98,1.284,0.011,22.561,0
synth_c24,0,2,246,12.207,6.779,4.356,0.013,23.354,0
synth_c24,0,2,247,13.209,6.707,5.364,0.012,25.292,0
synth_c24,0,2,248,11.541,7.423,6.814,0.011,25.789,0
synth_c24,0,2,249,14.505,7.324,1.259,0.011,23.099,0
synth_c24,0,2,250,13.027,6.771,8.562,0.013,28.373,0
synth_c24,0,2,251,8.322,13.298,2.725,0.01,24.356,0
synth_c24,0,2,252,12.797,6.721,4.935,0.01,24.463,0
synth_c24,0,2,253,8.321,11.432,7.157,0.012,26.922,0
synth_c24,0,2,254,10.48,8.847,1.129,0.01,20.466,0
synth_c24,0,2,255,18.017,6.69,7.64,0.01,32.358,0
synth_c24,0,2,256,9.447,10.499,3.615,0.01,23.571,0
synth_c24,0,2,257,14.204,6.668,1.273,0.014,22.16,0
synth_c24,0,2,258,15.505,6.656,1.181,0.012,23.355,0
synth_c24,0,2,259,14.669,6.821,1.179,0.011,22.68,0
synth_c24,0,2,260,13.949,9.569,1.492,0.013,25.023,0
synth_c24,0,2,261,11.658,7.242,3.836,0.013,22.748,0
synth_c24,0,2,262,11.02,11.007,1.404,0.01,23.441,0
synth_c24,0,2,263,16.678,6.652,2.059,0.01,25.399,0
synth_c24,0,2,264,11.898,7.042,9.372,0.011,28.322,0
synth_c24,0,2,265,13.435,7.618,5.155,0.012,26.221,0
synth_c24,0,2,266,14.503,10.267,5.005,0.012,29.788,0
synth_c24,0,2,267,14.663,6.992,7.759,0.012,29.426,0
synth_c24,0,2,268,11.142,8.516,10.979,0.019,30.655,0
synth_c24,0,2,269,14.773,9.918,5.698,0.011,30.401,0
synth_c24,0,2,270,10.965,6.68,1.245,0.01,18.9,0
synth_c24,0,2,271,14.233,10.088,1.837,0.01,26.169,0
synth_c24,0,2,272,14.151,7.37,4.823,0.014,26.357,0
synth_c24,0,2,273,9.563,6.821,2.829,0.011,19.224,0
synth_c24,0,2,274,15.16,6.875,1.945,0.011,23.991,0
synth_c24,0,2,275,13.102,7.033,3.429,0.011,23.575,0
synth_c24,0,2,276,15.791,7.026,8.658,0.011,31.486,0
synth_c24,0,2,277,14.451,6.692,3.048,0.01,24.201,0
synth_c24,0,2,278,9.545,12.198,6.841,0.011,28.595,0
synth_c24,0,2,279,14.373,9.576,1.33,0.011,25.291,0
synth_c24,0,2,280,15.339,7.239,4.561,0.01,27.15,0
synth_c24,0,2,281,14.136,6.946,9.175,0.013,30.271,0
synth_c24,0,2,282,12.156,10.262,7.086,0.011,29.515,0
synth_c24,0,2,283,10.086,8.548,4.501,0.011,23.146,0
synth_c24,0,2,284,8.956,12.169,5.074,0.012,26.211,0
synth_c24,0,2,285,6.747,10.717,2.6,0.011,20.076,0
synth_c24,0,2,286,13.736,8.173,1.297,0.01,23.215,0
synth_c24,0,2,287,13.036,7.109,4.814,0.012,24.97,0
synth_c24,0,2,288,12.471,6.937,10.428,0.012,29.848,0
synth_c24,0,2,289,9.841,6.827,4.584,0.011,21.263,0
synth_c24,0,2,290,16.599,12.16,2.248,0.011,31.018,0
synth_c24,0,2,291,9.3,10.792,1.909,0.011,22.013,0
synth_c24,0,2,292,10.06,11.648,3.488,0.011,25.207,0
synth_c24,0,2,293,14.141,6.712,6.249,0.011,27.113,0
synth_c24,0,2,294,8.694,7.002,8.194,0.012,23.903,0
synth_c24,0,2,295,14.994,6.821,4.423,0.01,26.247,0
synth_c24,0,2,296,14.262,7.616,7.729,0.011,29.618,0
synth_c24,0,2,297,13.594,7.341,1.237,0.012,22.184,0
synth_c24,0,2,298,13.271,6.96,5.102,0.013,25.346,0
synth_c24,0,2,299,10.069,13.387,1.144,0.01,24.61,0
synth_c24,0,2,300,16.023,6.665,2.642,0.013,25.343,0
synth_c24,0,2,301,12.779,11.707,3.357,0.01,27.853,0
synth_c24,0,2,302,15.438,7.322,8.824,0.013,31.597,0
synth_c24,0,2,303,12.053,10.772,17.459,0.014,40.298,1
synth_c24,0,2,304,10.141,8.366,4.478,0.019,23.004,0
synth_c24,0,2,305,14.486,8.69,4.224,0.014,27.414,0
synth_c24,0,2,306,9.235,8.134,1.959,0.012,19.34,0
synth_c24,0,2,307,14.19,6.686,4.115,0.016,25.007,0
synth_c24,0,2,308,9.64,6.939,6.615,0.012,23.207,0
synth_c24,0,2,309,8.855,12.814,1.2,0.012,22.881,0
synth_c24,0,2,310,9.641,10.562,1.015,0.011,21.228,0
synth_c24,0,2,311,8.623,6.701,0.882,0.01,16.216,0
synth_c24,0,2,312,11.137,6.965,1.5,0.017,19.619,0
synth_c24,0,2,313,10.874,7.133,8.03,0.028,26.065,0
synth_c24,0,2,314,11.423,9.653,4.248,0.012,25.335,0
synth_c24,0,2,315,13.188,9.214,3.415,0.014,25.831,0
synth_c24,0,2,316,9.382,14.219,3.621,0.012,27.235,0
synth_c24,0,2,317,11.422,6.902,1.407,0.01,19.741,0
synth_c24,0,2,318,15.109,8.568,2.644,0.012,26.332,0
synth_c24,0,2,319,11.698,6.771,3.972,0.012,22.454,0
synth_c24,0,2,320,15.156,6.695,1.95,0.011,23.812,0
synth_c24,0,2,321,13.392,6.841,4.694,0.014,24.94,0
synth_c24,0,2,322,9.384,11.055,5.673,0.061,26.172,0
synth_c24,0,2,323,11.823,6.895,1.381,0.016,20.115,0
synth_c24,0,2,324,13.445,7.051,12.286,0.012,32.794,0
synth_c24,0,2,325,9.365,7.025,1.08,0.011,17.481,0
synth_c24,0,2,326,10.529,6.662,2.494,0.014,19.699,0
synth_c24,0,2,327,10.929,9.887,0.93,0.01,21.755,0
synth_c24,0,2,328,14.234,6.852,1.023,0.01,22.118,0
synth_c24,0,2,329,11.371,6.825,3.763,0.01,21.968,0
synth_c24,0,2,330,14.313,7.561,1.123,0.012,23.009,0
synth_c24,0,2,331,8.945,6.809,0.959,0.011,16.724,0
synth_c24,0,2,332,13.616,8.477,3.14,0.011,25.243,0
synth_c24,0,2,333,9.295,6.892,1.448,0.013,17.648,0
synth_c24,0,2,334,14.21,6.958,1.202,0.011,22.381,0
synth_c24,0,2,335,11.508,7.5,7.172,0.019,26.199,0
synth_c24,0,2,336,14.423,7.15,4.102,0.01,25.685,0
synth_c24,0,2,337,12.277,7.266,1.201,0.011,20.756,0
synth_c24,0,2,338,11.069,9.006,7.63,0.011,27.716,0
synth_c24,0,2,339,15.712,6.772,5.317,0.013,27.814,0
synth_c24,0,2,340,9.911,8.274,1.2,0.011,19.397,0
synth_c24,0,2,341,11.781,7.871,1.384,0.012,21.048,0
synth_c24,0,2,342,8.877,10.423,4.306,0.014,23.62,0
synth_c24,0,2,343,11.499,6.706,1.835,0.011,20.052,0
synth_c24,0,2,344,17.458,6.968,1.144,0.011,25.581,0
synth_c24,0,2,345,9.906,6.668,3.253,0.015,19.842,0
synth_c24,0,2,346,12.285,6.73,8.692,0.013,27.72,0
synth_c24,0,2,347,9.027,14.497,1.302,0.012,24.839,0
synth_c24,0,2,348,9.966,7.048,1.133,0.011,18.159,0
synth_c24,0,2,349,13.53,7.264,4.964,0.014,25.773,0
synth_c24,0,2,350,13.205,7.055,5.382,0.016,25.658,0
synth_c24,0,2,351,9.409,10.282,2.586,0.012,22.288,0
synth_c24,0,2,352,12.784,6.939,4.504,0.011,24.238,0
synth_c24,0,2,353,8.863,12.496,4.674,0.013,26.047,0
synth_c24,0,2,354,8.956,10.666,2.032,0.01,21.664,0
synth_c24,0,2,355,17.049,6.72,1.384,0.011,25.164,0
synth_c24,0,2,356,13.414,7.768,3.126,0.01,24.318,0
synth_c24,0,2,357,11.518,13.469,1.067,0.01,26.065,0
synth_c24,0,2,358,15.903,6.65,5.31,0.013,27.877,0
synth_c24,0,2,359,11.737,6.824,2.661,0.013,21.234,0
synth_c24,0,2,360,14.188,6.988,4.242,0.01,25.427,0
synth_c24,0,2,361,8.837,6.685,2.818,0.015,18.354,0
synth_c24,0,2,362,11.198,6.661,3.526,0.011,21.396,0
synth_c24,0,2,363,12.903,6.665,2.437,0.011,22.015,0
synth_c24,0,2,364,10.699,8.773,5.503,0.011,24.986,0
synth_c24,0,2,365,9.585,10.553,10.665,0.011,30.813,0
synth_c24,0,2,366,11.459,7.199,1.877,0.011,20.545,0
synth_c24,0,2,367,13.196,6.821,5.391,0.011,25.418,0
synth_c24,0,2,368,14.532,6.894,1.859,0.013,23.298,0
synth_c24,0,2,369,10.064,6.888,5.937,0.012,22.902,0
synth_c24,0,2,370,10.681,6.642,7.106,0.012,24.442,0
synth_c24,0,2,371,8.229,13.713,2.347,0.011,24.3,0
synth_c24,0,2,372,12.093,7.297,2.869,0.011,22.271,0
synth_c24,0,2,373,13.381,6.65,1.098,0.01,21.139,0
synth_c24,0,2,374,11.508,7.015,12.179,0.012,30.715,0
synth_c24,0,2,375,12.101,6.77,4.032,0.011,22.913,0
synth_c24,0,2,376,15.73,7.336,1.393,0.01,24.468,0
synth_c24,0,2,377,12.949,6.726,2.167,0.013,21.855,0
synth_c24,0,2,378,13.526,7.243,5.073,0.01,25.851,0
synth_c24,0,2,379,6.839,10.384,7.447,0.011,24.68,0
synth_c24,0,2,380,10.153,7.254,1.173,0.01,18.59,0
synth_c24,0,2,381,13.719,6.704,5.724,0.01,26.158,0
synth_c24,0,2,382,10.155,8.121,1.948,0.011,20.235,0
synth_c24,0,2,383,11.83,6.651,2.696,0.011,21.187,0
synth_c24,0,2,384,14.156,9.239,1.174,0.01,24.579,0
synth_c24,0,2,385,13.715,7.973,4.91,0.011,26.609,0
synth_c24,0,2,386,12.364,7.357,6.846,0.012,26.579,0
synth_c24,0,2,387,13.441,7.748,1.815,0.011,23.015,0
synth_c24,0,2,388,12.932,7.278,3.74,0.011,23.961,0
synth_c24,0,2,389,11.027,7.243,8.341,0.013,26.624,0
synth_c24,0,2,390,8.964,13.717,4.601,0.014,27.297,0
synth_c24,0,2,391,8.122,13.657,1.976,0.012,23.767,0
synth_c24,0,2,392,11.96,7.046,3.614,0.013,22.632,0
synth_c24,0,2,393,16.079,7.251,8.342,0.011,31.684,0
synth_c24,0,2,394,10.44,12.808,1.212,0.011,24.471,0
synth_c24,0,2,395,11.116,6.954,1.345,0.013,19.429,0
synth_c24,0,2,396,13.079,7.1,1.112,0.01,21.301,0
synth_c24,0,2,397,10.472,9.15,3.171,0.011,22.803,0
synth_c24,0,2,398,12.855,6.809,8.032,0.011,27.707,0
synth_c24,0,2,399,9.084,6.872,1.754,0.01,17.72,0
synth_c24,0,2,400,12.522,6.813,4.605,0.011,23.951,0
synth_c24,0,2,401,13.55,6.927,1.215,0.011,21.703,0
synth_c24,0,2,402,11.156,10.334,1.099,0.01,22.599,0
synth_c24,0,2,403,12.283,6.918,1.671,0.012,20.884,0
synth_c24,0,2,404,12.202,6.895,4.32,0.015,23.432,0
synth_c24,0,2,405,7.632,9.848,2.987,0.01,20.479,0
synth_c24,0,2,406,13.96,7.533,1.238,0.01,22.742,0
synth_c24,0,2,407,14.217,6.696,11.694,0.018,32.624,0
synth_c24,0,2,408,11.246,6.799,5.175,0.012,23.232,0
synth_c24,0,2,409,8.935,8.206,4.42,0.014,21.575,0
synth_c24,0,2,410,9.138,12.773,5.051,0.017,26.978,0
synth_c24,0,2,411,13.97,6.669,1.133,0.011,21.784,0
synth_c24,0,2,412,11.111,9.883,1.959,0.01,22.963,0
synth_c24,0,2,413,9.674,7.239,4.374,0.011,21.297,0
synth_c24,0,2,414,11.546,10.714,3.966,0.011,26.237,0
synth_c24,0,2,415,14.927,6.755,5.489,0.012,27.183,0
synth_c24,0,2,416,9.277,7.26,8.334,0.011,24.881,0
synth_c24,0,2,417,10.197,7.222,1.338,0.014,18.771,0
synth_c24,0,2,418,14.743,6.92,4.772,0.011,26.446,0
synth_c24,0,2,419,10.359,8.73,8.313,0.012,27.414,0
synth_c24,0,2,420,14.982,7.564,4.294,0.011,26.851,0
synth_c24,0,2,421,9.573,6.986,4.376,0.01,20.944,0
synth_c24,0,2,422,13.283,6.693,6.713,0.013,26.703,0
synth_c24,0,2,423,8.686,12.767,5.082,0.012,26.547,0
synth_c24,0,2,424,13.666,6.781,1.786,0.014,22.247,0
synth_c24,0,2,425,13.065,6.854,4.461,0.01,24.389,0
synth_c24,0,2,426,13.821,7.077,3.378,0.011,24.287,0
synth_c24,0,2,427,11.54,6.775,1.186,0.011,19.511,0
synth_c24,0,2,428,11.325,6.758,2.441,0.015,20.538,0
synth_c24,0,2,429,12.48,10.734,7.015,0.011,30.241,0
synth_c24,0,2,430,12.625,6.752,2.749,0.01,22.137,0
synth_c24,0,2,431,10.075,12.409,3.695,0.013,26.192,0
synth_c24,0,2,432,12.299,8.975,7.088,0.012,28.375,0
synth_c24,0,2,433,11.692,6.712,4.599,0.012,23.014,0
synth_c24,0,2,434,10.941,6.677,1.562,0.014,19.194,0
synth_c24,0,2,435,8.714,11.677,4.735,0.013,25.139,0
synth_c24,0,2,436,15.954,6.78,1.372,0.017,24.123,0
synth_c24,0,2,437,14.977,8.34,4.859,0.011,28.188,0
synth_c24,0,2,438,9.62,10.993,1.535,0.011,22.159,0
synth_c24,0,2,439,12.653,6.737,4.003,0.012,23.405,0
synth_c24,0,2,440,7.947,14.318,1.122,0.01,23.398,0
synth_c24,0,2,441,8.527,8.538,4.418,0.014,21.497,0
synth_c24,0,2,442,13.372,6.816,12.432,0.015,32.635,0
synth_c24,0,2,443,9.289,10.395,6.719,0.013,26.416,0
synth_c24,0,2,444,15.804,7.106,3.233,0.013,26.156,0
synth_c24,0,2,445,18.054,6.804,2.334,0.017,27.208,0
synth_c24,0,2,446,20.396,10.485,5.827,0.014,36.723,1
synth_c24,0,2,447,20.976,8.748,8.272,0.014,38.01,1
synth_c24,0,2,448,17.938,7.262,8.538,0.016,33.755,1
synth_c24,0,2,449,18.078,6.836,2.186,0.015,27.115,0
synth_c24,0,2,450,18.242,10.96,2.673,0.081,31.957,0
synth_c24,0,2,451,20.946,8.739,9.561,0.014,39.26,1
synth_c24,0,2,452,15.572,12.616,2.275,0.014,30.476,0
synth_c24,0,2,453,19.661,10.79,2.347,0.013,32.811,0
synth_c24,0,2,454,16.958,13.652,5.571,0.013,36.193,1
synth_c24,0,2,455,19.17,6.993,5.08,0.013,31.256,0
synth_c24,0,2,456,18.319,6.759,2.331,0.015,27.423,0
synth_c24,0,2,457,19.991,6.856,1.822,0.012,28.681,0
synth_c24,0,2,458,17.307,10.679,9.725,0.015,37.726,1
synth_c24,0,2,459,17.367,7.709,1.97,0.015,27.061,0
synth_c24,0,2,460,21.179,7.043,5.449,0.013,33.684,1
synth_c24,0,2,461,21.143,7.695,3.439,0.015,32.292,0
synth_c24,0,2,462,19.358,6.773,5.772,0.015,31.918,0
synth_c24,0,2,463,20.526,6.891,3.161,0.014,30.592,0
synth_c24,0,2,464,18.814,6.94,2.186,0.015,27.955,0
synth_c24,0,2,465,20.669,6.815,5.477,0.017,32.978,0
synth_c24,0,2,466,21.634,6.774,2.14,0.016,30.564,0
synth_c24,0,2,467,22.779,6.848,4.481,0.032,34.141,1
synth_c24,0,2,468,18.633,8.026,5.854,0.016,32.529,0
synth_c24,0,2,469,14.875,12.219,7.179,0.017,34.289,1
synth_c24,0,2,470,15.882,11.095,6.044,0.018,33.039,0
synth_c24,0,2,471,16.192,8.792,4.939,0.016,29.94,0
synth_c24,0,2,472,20.786,7.988,4.681,0.014,33.468,1
synth_c24,0,2,473,21.205,8.972,3.66,0.013,33.851,1
synth_c24,0,2,474,17.582,6.795,5.801,0.019,30.198,0
synth_c24,0,3,30,15.912,7.984,3.02,0.015,26.931,0
synth_c24,0,3,31,19.071,7.209,11.451,0.02,37.751,1
synth_c24,0,3,32,17.517,6.952,19.909,0.02,44.398,1
synth_c24,0,3,33,19.771,6.976,4.099,0.013,30.86,0
synth_c24,0,3,34,17.712,7.748,4.857,0.012,30.329,0
synth_c24,0,3,35,15.7,7.23,2.505,0.017,25.452,0
synth_c24,0,3,36,19.732,7.182,9.56,0.034,36.508,1
synth_c24,0,3,37,13.668,7.443,6.182,0.016,27.309,0
synth_c24,0,3,38,18.54,7.415,9.132,0.016,35.103,1
synth_c24,0,3,39,18.655,7.963,15.426,0.018,42.061,1
synth_c24,0,3,40,14.815,15.176,4.002,0.017,34.01,1
synth_c24,0,3,41,23.315,30.388,8.859,0.015,62.577,1
synth_c24,0,3,43,16.427,14.046,12.119,0.024,42.616,1
synth_c24,0,3,44,15.695,7.535,3.663,0.018,26.911,0
synth_c24,0,3,45,18.196,9.937,2.951,0.017,31.102,0
synth_c24,0,3,46,20.681,7.089,1.946,0.014,29.729,0
synth_c24,0,3,47,19.261,7.177,8.836,0.02,35.294,1
synth_c24,0,3,48,18.086,12.665,2.041,0.018,32.81,0
synth_c24,0,3,49,18.811,6.939,11.247,0.019,37.016,1
synth_c24,0,3,50,13.699,22.587,11.26,0.018,47.564,1
synth_c24,0,3,51,18.965,8.324,5.444,0.019,32.752,0
synth_c24,0,3,52,16.405,7.395,10.158,0.017,33.975,1
synth_c24,0,3,53,15.264,10.642,2.058,0.016,27.98,0
synth_c24,0,3,54,19.753,7.21,6.224,0.016,33.204,0
synth_c24,0,3,55,18.225,13.739,3.543,0.019,35.525,1
synth_c24,0,3,56,22.132,10.043,7.151,0.015,39.341,1
synth_c24,0,3,57,30.742,15.558,9.66,0.02,55.98,1
synth_c24,0,3,59,17.897,12.062,9.337,0.015,39.311,1
synth_c24,0,3,60,16.827,6.899,5.776,0.018,29.52,0
synth_c24,0,3,61,19.014,11.003,2.734,0.018,32.769,0
synth_c24,0,3,62,19.513,7.284,9.61,0.016,36.423,1
synth_c24,0,3,63,15.815,8.21,7.84,0.014,31.879,0
synth_c24,0,3,64,19.989,8.175,12.026,0.018,40.208,1
synth_c24,0,3,65,20.102,7.255,6.633,0.019,34.009,1
synth_c24,0,3,66,15.932,6.998,3.983,0.015,26.929,0
synth_c24,0,3,67,16.847,6.998,5.444,0.014,29.302,0
synth_c24,0,3,68,15.677,6.958,1.819,0.014,24.468,0
synth_c24,0,3,69,18.695,7.112,4.633,0.026,30.466,0
synth_c24,0,3,70,17.729,7.121,5.221,0.016,30.087,0
synth_c24,0,3,71,15.724,7.136,5.741,0.014,28.615,0
synth_c24,0,3,72,18.688,7.109,1.64,0.016,27.453,0
synth_c24,0,3,73,19.652,7.099,7.305,0.014,34.07,1
synth_c24,0,3,74,18.7,6.939,9.978,0.017,35.634,1
synth_c24,0,3,75,19.033,7.543,5.232,0.02,31.828,0
synth_c24,0,3,76,18.836,6.896,6.13,0.015,31.877,0
synth_c24,0,3,77,18.266,7.215,4.879,0.016,30.376,0
synth_c24,0,3,78,19.981,7.195,1.997,0.014,29.187,0
synth_c24,0,3,79,19.965,7.352,10.344,0.015,37.676,1
synth_c24,0,3,80,15.284,17.454,1.808,0.016,34.561,1
synth_c24,0,3,81,18.307,10.885,3.651,0.018,32.862,0
synth_c24,0,3,82,19.976,7.324,6.709,0.015,34.024,1
synth_c24,0,3,83,14.926,6.914,4.791,0.015,26.647,0
synth_c24,0,3,84,18.847,8.18,5.552,0.014,32.593,0
synth_c24,0,3,85,20.074,6.883,2.26,0.017,29.234,0
synth_c24,0,3,86,19.153,6.903,8.82,0.017,34.893,1
synth_c24,0,3,87,18.27,7.362,2.692,0.015,28.34,0
synth_c24,0,3,88,19.185,7.157,11.812,0.017,38.171,1
synth_c24,0,3,89,16.278,7.38,10.345,0.018,34.021,1
synth_c24,0,3,90,15.97,7.448,6.496,0.017,29.93,0
synth_c24,0,3,91,14.878,6.891,5.111,0.014,26.894,0
synth_c24,0,3,92,15.901,12.533,1.362,0.015,29.811,0
synth_c24,0,3,93,15.99,7.228,9.653,0.023,32.893,0
synth_c24,0,3,94,15.505,7.042,5.259,0.02,27.827,0
synth_c24,0,3,95,19.376,10.674,4.988,0.021,35.059,1
synth_c24,0,3,96,18.782,7.024,4.768,0.016,30.59,0
synth_c24,0,3,97,15.291,7.106,4.394,0.016,26.808,0
synth_c24,0,3,98,20.153,7.348,2.507,0.014,30.022,0
synth_c24,0,3,99,19.3,7.18,5.013,0.016,31.509,0
synth_c24,0,3,100,17.178,7.17,14.028,0.021,38.396,1
synth_c24,0,3,101,15.086,18.057,4.26,0.026,37.429,1
synth_c24,0,3,102,17.994,15.202,9.267,0.018,42.481,1
synth_c24,0,3,103,15.747,7.443,6.472,0.016,29.679,0
synth_c24,0,3,104,18.378,7.431,5.072,0.02,30.902,0
synth_c24,0,3,105,14.81,8.735,1.481,0.017,25.043,0
synth_c24,0,3,106,19.017,7.024,12.103,0.019,38.164,1
synth_c24,0,3,107,14.89,8.038,1.616,0.018,24.562,0
synth_c24,0,3,108,18.911,7.489,11.456,0.027,37.883,1
synth_c24,0,3,109,20.027,8.678,6.932,0.019,35.656,1
synth_c24,0,3,110,15.647,6.943,1.663,0.018,24.27,0
synth_c24,0,3,111,23.924,6.927,2.48,0.014,33.344,1
synth_c24,0,3,112,18.036,7.083,2.58,0.014,27.713,0
synth_c24,0,3,113,14.482,15.322,2.279,0.014,32.096,0
synth_c24,0,3,114,18.095,7.568,5.021,0.016,30.7,0
synth_c24,0,3,115,18.794,7.115,8.424,0.015,34.348,1
synth_c24,0,3,116,16.322,8.501,1.238,0.012,26.072,0
synth_c24,0,3,117,18.829,6.961,5.921,0.012,31.723,0
synth_c24,0,3,118,18.498,6.804,2.019,0.012,27.333,0
synth_c24,0,3,119,18.099,6.988,4.533,0.019,29.639,0
synth_c24,0,3,120,14.077,15.658,6.034,0.055,35.824,1
synth_c24,0,3,121,16.587,7.459,4.916,0.017,28.978,0
synth_c24,0,3,122,20.8,10.078,2.609,0.013,33.5,1
synth_c24,0,3,123,16.98,7.015,5.354,0.012,29.361,0
synth_c24,0,3,124,20.204,6.85,4.209,0.014,31.277,0
synth_c24,0,3,125,17.778,6.82,8.324,0.018,32.94,0
synth_c24,0,3,126,15.913,7.46,1.344,0.013,24.731,0
synth_c24,0,3,127,20.038,7.395,4.637,0.016,32.086,0
synth_c24,0,3,128,16.144,9.357,2.352,0.012,27.865,0
synth_c24,0,3,129,15.98,15.871,1.26,0.012,33.123,0
synth_c24,0,3,130,17.241,7.091,5.718,0.013,30.064,0
synth_c24,0,3,131,17.917,10.757,8.397,0.014,37.085,1
synth_c24,0,3,132,15.306,6.913,2.094,0.013,24.326,0
synth_c24,0,3,133,23.937,6.942,1.321,0.013,32.212,0
synth_c24,0,3,134,18.713,7.09,4.842,0.013,30.658,0
synth_c24,0,3,135,16.099,11.892,1.3,0.013,29.303,0
synth_c24,0,3,136,16.433,7.658,4.786,0.013,28.89,0
synth_c24,0,3,137,20.367,6.976,5.965,0.013,33.32,0
synth_c24,0,3,138,15.983,7.268,5.686,0.015,28.952,0
synth_c24,0,3,139,20.595,6.968,4.598,0.012,32.172,0
synth_c24,0,3,140,24.459,7.143,2.759,0.013,34.374,1
synth_c24,0,3,141,22.954,10.813,1.412,0.014,35.193,1
synth_c24,0,3,142,13.675,15.202,2.724,0.014,31.614,0
synth_c24,0,3,143,20.983,6.869,5.34,0.016,33.208,0
synth_c24,0,3,144,19.419,11.416,10.36,0.015,41.21,1
synth_c24,0,3,145,19.877,10.641,2.624,0.013,33.156,0
synth_c24,0,3,146,17.106,6.914,1.996,0.018,26.034,0
synth_c24,0,3,147,17.734,9.57,2.526,0.017,29.848,0
synth_c24,0,3,148,19.206,8.392,1.454,0.012,29.064,0
synth_c24,0,3,149,20.129,7.515,4.544,0.014,32.202,0
synth_c24,0,3,150,23.622,7.794,8.38,0.029,39.825,1
synth_c24,0,3,151,19.437,8.276,3.805,0.014,31.531,0
synth_c24,0,3,152,18.729,7.224,4.78,0.013,30.746,0
synth_c24,0,3,153,15.743,7.533,6.66,0.017,29.954,0
synth_c24,0,3,154,15.775,12.358,10.31,0.015,38.458,1
synth_c24,0,3,155,17.631,10.254,12.44,0.017,40.343,1
synth_c24,0,3,156,15.15,10.878,3.915,0.016,29.96,0
synth_c24,0,3,157,18.234,7.038,13.443,0.015,38.729,1
synth_c24,0,3,158,18.138,7.428,4.388,0.013,29.967,0
synth_c24,0,3,159,17.317,8.53,8.089,0.014,33.95,1
synth_c24,0,3,160,15.707,7.519,5.248,0.014,28.487,0
synth_c24,0,3,161,15.007,8.512,1.783,0.014,25.315,0
synth_c24,0,3,162,16.225,6.812,4.883,0.013,27.933,0
synth_c24,0,3,163,20.005,6.827,3.592,0.014,30.438,0
synth_c24,0,3,164,21.9,9.151,7.881,0.014,38.945,1
synth_c24,0,3,165,16.231,7.029,8.744,0.012,32.016,0
synth_c24,0,3,166,15.887,6.911,5.87,0.012,28.681,0
synth_c24,0,3,167,19.307,8.121,1.445,0.013,28.887,0
synth_c24,0,3,168,20.109,6.911,5.29,0.013,32.323,0
synth_c24,0,3,169,19.544,6.807,1.308,0.012,27.671,0
synth_c24,0,3,170,15.917,7.476,1.38,0.012,24.785,0
synth_c24,0,3,171,14.819,7.006,5.198,0.015,27.037,0
synth_c24,0,3,172,13.077,6.916,1.429,0.013,21.434,0
synth_c24,0,3,173,25.052,11.019,2.875,0.014,38.961,1
synth_c24,0,3,174,19.073,7.009,1.521,0.014,27.617,0
synth_c24,0,3,175,17.914,6.833,5.472,0.016,30.234,0
synth_c24,0,3,176,15.948,7.061,5.57,0.02,28.598,0
synth_c24,0,3,177,20.332,7.349,3.618,0.014,31.312,0
synth_c24,0,3,178,17.765,7.336,4.607,0.016,29.725,0
synth_c24,0,3,179,16.141,7.0,1.85,0.017,25.009,0
synth_c24,0,3,180,24.611,7.052,5.741,0.019,37.424,1
synth_c24,0,3,181,17.097,6.772,7.459,0.014,31.342,0
synth_c24,0,3,182,18.714,6.867,6.133,0.017,31.73,0
synth_c24,0,3,183,15.971,15.188,1.591,0.016,32.766,0
synth_c24,0,3,184,18.673,8.364,6.895,0.016,33.948,1
synth_c24,0,3,185,16.296,7.404,1.811,0.016,25.526,0
synth_c24,0,3,186,21.132,7.593,4.879,0.017,33.622,1
synth_c24,0,3,187,17.931,10.8,4.031,0.014,32.776,0
synth_c24,0,3,188,19.505,6.828,4.842,0.011,31.186,0
synth_c24,0,3,189,20.229,7.301,7.115,0.017,34.663,1
synth_c24,0,3,190,18.74,9.224,3.25,0.014,31.228,0
synth_c24,0,3,191,20.101,10.425,1.611,0.014,32.151,0
synth_c24,0,3,192,19.149,7.046,7.396,0.013,33.603,1
synth_c24,0,3,193,13.918,11.486,5.457,0.014,30.875,0
synth_c24,0,3,194,19.88,10.846,7.913,0.017,38.656,1
synth_c24,0,3,195,13.079,7.177,7.626,0.015,27.897,0
synth_c24,0,3,196,17.05,7.329,6.106,0.017,30.502,0
synth_c24,0,3,197,19.336,7.345,1.559,0.013,28.253,0
synth_c24,0,3,198,20.469,8.549,4.268,0.016,33.302,0
synth_c24,0,3,199,21.721,8.478,12.05,0.013,42.262,1
synth_c24,0,3,200,18.112,9.728,18.472,0.016,46.328,1
synth_c24,0,3,201,16.587,11.057,5.5,0.016,33.161,0
synth_c24,0,3,202,15.998,6.948,5.411,0.014,28.371,0
synth_c24,0,3,203,15.102,6.977,3.219,0.013,25.311,0
synth_c24,0,3,204,18.136,6.835,6.112,0.013,31.096,0
synth_c24,0,3,205,20.362,7.145,4.032,0.018,31.557,0
synth_c24,0,3,206,18.914,7.401,9.385,0.019,35.719,1
synth_c24,0,3,207,18.635,11.415,1.421,0.015,31.487,0
synth_c24,0,3,208,21.096,8.663,1.578,0.013,31.35,0
synth_c24,0,3,209,21.059,11.427,4.482,0.014,36.982,1
synth_c24,0,3,210,23.055,7.733,4.89,0.014,35.691,1
synth_c24,0,3,211,15.983,6.857,8.419,0.011,31.27,0
synth_c24,0,3,212,9.368,11.012,13.105,0.012,33.497,1
synth_c24,0,3,213,10.4,7.198,2.024,0.014,19.636,0
synth_c24,0,3,214,16.256,7.025,1.527,0.017,24.825,0
synth_c24,0,3,215,14.369,11.197,1.393,0.016,26.976,0
synth_c24,0,3,216,13.824,7.837,4.176,0.01,25.847,0
synth_c24,0,3,217,13.663,7.205,4.998,0.011,25.877,0
synth_c24,0,3,218,9.307,8.702,2.548,0.011,20.569,0
synth_c24,0,3,219,15.063,6.97,1.399,0.012,23.444,0
synth_c24,0,3,220,10.763,6.748,14.892,0.011,32.415,0
synth_c24,0,3,221,9.806,7.223,4.195,0.012,21.235,0
synth_c24,0,3,222,12.586,10.446,1.542,0.017,24.591,0
synth_c24,0,3,223,13.213,6.863,2.117,0.011,22.204,0
synth_c24,0,3,224,13.563,6.88,3.111,0.011,23.565,0
synth_c24,0,3,225,13.63,10.949,1.084,0.01,25.673,0
synth_c24,0,3,226,13.773,8.161,8.881,0.011,30.827,0
synth_c24,0,3,227,7.087,17.805,1.544,0.013,26.449,0
synth_c24,0,3,228,8.991,10.581,1.447,0.011,21.029,0
synth_c24,0,3,229,13.08,11.513,1.562,0.012,26.168,0
synth_c24,0,3,230,8.943,11.386,7.191,0.011,27.53,0
synth_c24,0,3,231,16.182,9.114,1.19,0.01,26.497,0
synth_c24,0,3,232,11.297,10.948,2.586,0.009,24.84,0
synth_c24,0,3,233,8.511,10.912,1.513,0.013,20.95,0
synth_c24,0,3,234,16.241,6.786,1.144,0.009,24.18,0
synth_c24,0,3,235,11.441,6.95,7.944,0.013,26.349,0
synth_c24,0,3,236,13.148,6.792,8.377,0.013,28.329,0
synth_c24,0,3,237,15.986,6.748,1.326,0.013,24.073,0
synth_c24,0,3,238,13.229,6.708,5.908,0.012,25.857,0
synth_c24,0,3,239,12.505,7.282,4.822,0.012,24.622,0
synth_c24,0,3,240,9.52,6.762,2.057,0.01,18.348,0
synth_c24,0,3,241,9.684,15.558,2.455,0.01,27.706,0
synth_c24,0,3,242,12.041,7.218,1.661,0.016,20.936,0
synth_c24,0,3,243,12.555,6.745,4.085,0.013,23.397,0
synth_c24,0,3,244,8.042,7.083,11.657,0.016,26.799,0
synth_c24,0,3,245,6.086,12.42,2.862,0.011,21.379,0
synth_c24,0,3,246,15.045,6.844,2.669,0.011,24.568,0
synth_c24,0,3,247,11.87,7.347,14.004,0.027,33.247,0
synth_c24,0,3,248,8.997,16.035,4.932,0.017,29.981,0
synth_c24,0,3,249,7.11,15.339,4.769,0.017,27.235,0
synth_c24,0,3,250,16.9,6.811,5.029,0.013,28.753,0
synth_c24,0,3,251,23.146,7.048,1.33,0.012,31.536,0
synth_c24,0,3,252,17.716,10.998,1.813,0.013,30.54,0
synth_c24,0,3,253,19.97,6.806,2.091,0.013,28.88,0
synth_c24,0,3,254,20.64,7.466,4.236,0.013,32.356,0
synth_c24,0,3,255,19.203,7.392,5.534,0.017,32.146,0
synth_c24,0,3,256,19.949,10.76,5.041,0.015,35.765,1
synth_c24,0,3,257,16.021,10.838,4.257,0.018,31.135,0
synth_c24,0,3,258,23.277,7.27,1.63,0.012,32.189,0
synth_c24,0,3,259,19.519,7.627,1.568,0.013,28.727,0
synth_c24,0,3,260,16.385,11.515,8.725,0.015,36.639,1
synth_c24,0,3,261,14.496,10.542,1.622,0.014,26.674,0
synth_c24,0,3,262,21.318,6.817,9.182,0.012,37.328,1
synth_c24,0,3,263,20.356,6.837,1.558,0.012,28.762,0
synth_c24,0,3,264,20.533,7.0,4.739,0.022,32.293,0
synth_c24,0,3,265,20.657,7.087,1.348,0.011,29.104,0
synth_c24,0,3,266,22.682,6.864,1.395,0.013,30.954,0
synth_c24,0,3,267,18.193,8.918,7.603,0.022,34.737,1
synth_c24,0,3,268,15.222,11.761,4.621,0.013,31.617,0
synth_c24,0,3,269,17.958,6.964,2.519,0.012,27.453,0
synth_c24,0,3,270,18.914,7.626,9.566,0.019,36.125,1
synth_c24,0,3,271,14.976,10.789,1.57,0.013,27.348,0
synth_c24,0,3,272,19.497,10.843,2.774,0.016,33.131,0
synth_c24,0,3,273,18.41,6.864,5.224,0.013,30.511,0
synth_c24,0,3,274,16.955,7.217,3.017,0.012,27.201,0
synth_c24,0,3,275,17.9,10.569,7.098,0.031,35.598,1
synth_c24,0,3,276,18.171,8.453,11.046,0.015,37.685,1
synth_c24,0,3,277,17.132,11.053,1.555,0.014,29.754,0
synth_c24,0,3,278,20.142,7.063,4.473,0.013,31.69,0
synth_c24,0,3,279,17.962,6.965,6.885,0.018,31.83,0
synth_c24,0,3,280,18.395,7.359,5.08,0.015,30.849,0
synth_c24,0,3,281,18.76,6.823,1.375,0.013,26.97,0
synth_c24,0,3,282,16.842,10.995,1.791,0.012,29.64,0
synth_c24,0,3,283,14.665,10.582,3.503,0.013,28.764,0
synth_c24,0,3,284,17.578,9.824,3.603,0.013,31.019,0
synth_c24,0,3,285,18.0,13.936,1.424,0.012,33.372,1
synth_c24,0,3,286,14.28,10.721,5.004,0.013,30.018,0
synth_c24,0,3,287,19.836,8.849,4.99,0.013,33.688,1
synth_c24,0,3,288,21.348,7.865,11.643,0.014,40.87,1
synth_c24,0,3,289,15.959,11.649,1.504,0.016,29.128,0
synth_c24,0,3,290,20.191,9.964,1.809,0.018,31.983,0
synth_c24,0,3,291,17.993,9.265,4.451,0.016,31.724,0
synth_c24,0,3,292,16.005,11.429,1.468,0.013,28.914,0
synth_c24,0,3,293,14.772,10.682,6.069,0.013,31.536,0
synth_c24,0,3,294,18.891,10.001,3.033,0.018,31.943,0
synth_c24,0,3,295,20.25,6.79,4.591,0.019,31.649,0
synth_c24,0,3,296,19.267,7.006,5.378,0.017,31.669,0
synth_c24,0,3,297,20.549,7.095,1.849,0.015,29.508,0
synth_c24,0,3,298,19.094,8.406,8.476,0.014,35.99,1
synth_c24,0,3,299,18.186,8.932,3.9,0.013,31.031,0
synth_c24,0,3,300,16.999,6.905,10.128,0.019,34.051,1
synth_c24,0,3,301,16.215,7.601,6.847,0.014,30.676,0
synth_c24,0,3,302,16.254,10.992,1.616,0.017,28.879,0
synth_c24,0,3,303,15.776,10.501,5.034,0.017,31.328,0
synth_c24,0,3,304,16.459,11.959,5.543,0.014,33.975,1
synth_c24,0,3,305,19.976,8.476,6.993,0.016,35.46,1
synth_c24,0,3,306,15.983,12.4,1.628,0.016,30.026,0
synth_c24,0,3,307,16.065,8.32,8.909,0.017,33.31,0
synth_c24,0,3,308,18.719,9.388,1.906,0.015,30.028,0
synth_c24,0,3,309,17.935,7.291,4.639,0.014,29.88,0
synth_c24,0,3,310,16.37,10.821,2.502,0.015,29.708,0
synth_c24,0,3,311,16.709,10.591,5.0,0.014,32.314,0
synth_c24,0,3,312,17.064,11.906,2.484,0.013,31.467,0
synth_c24,0,3,313,15.394,11.068,4.51,0.014,30.985,0
synth_c24,0,3,314,20.509,9.692,14.477,0.016,44.694,1
synth_c24,0,3,315,15.853,6.948,5.419,0.014,28.233,0
synth_c24,0,3,316,15.984,10.48,1.822,0.014,28.3,0
synth_c24,0,3,317,21.098,7.217,1.467,0.013,29.794,0
synth_c24,0,3,318,20.295,9.023,11.372,0.018,40.708,1
synth_c24,0,3,319,15.938,7.247,4.57,0.015,27.77,0
synth_c24,0,3,320,14.652,11.15,1.499,0.012,27.315,0
synth_c24,0,3,321,16.009,7.473,3.841,0.02,27.343,0
synth_c24,0,3,322,17.872,7.364,7.429,0.015,32.679,0
synth_c24,0,3,323,15.274,7.42,4.231,0.012,26.938,0
synth_c24,0,3,324,11.628,10.76,1.632,0.01,24.03,0
synth_c24,0,3,325,9.019,13.307,8.08,0.011,30.417,0
synth_c24,0,3,326,14.207,6.687,1.718,0.014,22.626,0
synth_c24,0,3,327,15.019,12.025,2.831,0.01,29.884,0
synth_c24,0,3,328,13.5,6.949,1.941,0.01,22.4,0
synth_c24,0,3,329,14.684,6.719,1.843,0.01,23.257,0
synth_c24,0,3,330,16.316,12.33,4.148,0.011,32.805,0
synth_c24,0,3,331,11.491,6.946,5.646,0.012,24.095,0
synth_c24,0,3,332,10.085,7.918,3.358,0.009,21.37,0
synth_c24,0,3,333,14.505,6.819,5.078,0.012,26.413,0
synth_c24,0,3,334,13.774,7.149,1.339,0.01,22.272,0
synth_c24,0,3,335,13.126,7.274,6.101,0.014,26.515,0
synth_c24,0,3,336,12.498,9.024,5.107,0.009,26.639,0
synth_c24,0,3,337,15.318,8.02,1.362,0.01,24.709,0
synth_c24,0,3,338,13.709,8.2,2.229,0.011,24.149,0
synth_c24,0,3,339,16.289,6.754,1.669,0.01,24.722,0
synth_c24,0,3,340,20.187,10.485,5.827,0.014,36.514,1
synth_c24,0,3,341,15.072,7.323,2.23,0.011,24.636,0
synth_c24,0,3,342,9.814,10.569,5.093,0.011,25.487,0
synth_c24,0,3,343,15.552,7.337,1.843,0.012,24.744,0
synth_c24,0,3,344,11.563,9.333,7.519,0.012,28.427,0
synth_c24,0,3,345,17.125,7.795,1.446,0.011,26.378,0
synth_c24,0,3,346,13.476,7.354,6.935,0.011,27.775,0
synth_c24,0,3,347,15.727,8.304,5.164,0.011,29.205,0
synth_c24,0,3,348,9.191,10.085,3.496,0.01,22.782,0
synth_c24,0,3,349,14.958,6.905,2.905,0.011,24.779,0
synth_c24,0,3,350,16.089,6.776,4.346,0.012,27.223,0
synth_c24,0,3,351,17.201,8.399,4.229,0.013,29.842,0
synth_c24,0,3,352,22.336,8.235,4.101,0.012,34.684,1
synth_c24,0,3,353,21.088,7.544,4.649,0.013,33.294,0
synth_c24,0,3,354,18.796,7.145,5.552,0.015,31.509,0
synth_c24,0,3,355,15.023,6.96,10.795,0.014,32.792,0
synth_c24,0,3,356,17.949,6.991,3.382,0.011,28.334,0
synth_c24,0,3,357,18.228,7.697,3.478,0.014,29.418,0
synth_c24,0,3,358,20.377,6.823,1.336,0.012,28.548,0
synth_c24,0,3,359,21.474,7.38,15.218,0.015,44.086,1
synth_c24,0,3,360,16.04,10.758,1.519,0.012,28.329,0
synth_c24,0,3,361,20.67,6.801,1.541,0.017,29.029,0
synth_c24,0,3,362,19.199,8.502,7.649,0.014,35.364,1
synth_c24,0,3,363,19.027,6.85,1.308,0.012,27.198,0
synth_c24,0,3,364,19.71,11.035,1.396,0.013,32.154,0
synth_c24,0,3,365,20.29,7.324,1.543,0.012,29.169,0
synth_c24,0,3,366,14.894,10.455,1.813,0.012,27.174,0
synth_c24,0,3,367,19.982,7.118,6.658,0.013,33.771,1
synth_c24,0,3,368,22.214,6.884,2.908,0.013,32.019,0
synth_c24,0,3,369,15.568,10.703,4.753,0.014,31.037,0
synth_c24,0,3,370,16.362,7.163,7.14,0.014,30.68,0
synth_c24,0,3,371,18.313,7.328,8.934,0.012,34.586,1
synth_c24,0,3,372,15.793,6.874,3.992,0.013,26.671,0
synth_c24,0,3,373,20.177,6.836,1.328,0.013,28.354,0
synth_c24,0,3,374,16.462,11.046,1.523,0.014,29.045,0
synth_c24,0,3,375,20.252,7.188,6.61,0.013,34.063,1
synth_c24,0,3,376,18.002,12.52,1.846,0.017,32.384,0
synth_c24,0,3,377,18.655,7.085,6.044,0.017,31.801,0
synth_c24,0,3,378,20.492,7.228,3.219,0.015,30.954,0
synth_c24,0,3,379,18.321,6.892,5.861,0.013,31.086,0
synth_c24,0,3,380,14.762,10.587,3.966,0.017,29.331,0
synth_c24,0,3,381,16.779,6.917,9.0,0.014,32.711,0
synth_c24,0,3,382,15.896,7.294,5.674,0.016,28.879,0
synth_c24,0,3,383,20.176,6.811,1.259,0.012,28.258,0
synth_c24,0,3,384,20.053,7.137,5.157,0.013,32.36,0
synth_c24,0,3,385,18.874,7.164,4.366,0.016,30.42,0
synth_c24,0,3,386,15.76,10.48,8.594,0.016,34.85,1
synth_c24,0,3,387,20.201,7.465,1.397,0.013,29.075,0
synth_c24,0,3,388,19.355,10.608,1.547,0.013,31.525,0
synth_c24,0,3,389,20.139,8.342,6.031,0.016,34.528,1
synth_c24,0,3,390,19.49,7.077,4.274,0.018,30.859,0
synth_c24,0,3,391,19.025,7.166,1.153,0.013,27.358,0
synth_c24,0,3,392,17.868,7.804,7.496,0.014,33.182,0
synth_c24,0,3,393,19.43,8.635,9.481,0.012,37.558,1
synth_c24,0,3,394,16.791,7.065,1.075,0.013,24.944,0
synth_c24,0,3,395,16.254,10.922,8.737,0.018,35.932,1
synth_c24,0,3,396,18.228,7.349,4.255,0.013,29.846,0
synth_c24,0,3,397,16.88,11.456,1.657,0.017,30.01,0
synth_c24,0,3,398,20.162,8.205,4.358,0.014,32.739,0
synth_c24,0,3,399,15.911,10.541,1.25,0.014,27.717,0
synth_c24,0,3,400,19.037,8.455,4.298,0.015,31.804,0
synth_c24,0,3,401,16.542,6.909,9.938,0.019,33.409,1
synth_c24,0,3,402,17.632,10.787,2.267,0.014,30.7,0
synth_c24,0,3,403,19.128,7.187,1.044,0.012,27.37,0
synth_c24,0,3,404,15.74,10.568,4.253,0.013,30.573,0
synth_c24,0,3,405,15.639,8.06,4.288,0.012,27.999,0
synth_c24,0,3,406,14.739,10.993,4.514,0.017,30.264,0
synth_c24,0,3,407,15.572,7.097,4.213,0.02,26.903,0
synth_c24,0,3,408,15.478,8.151,10.152,0.015,33.795,1
synth_c24,0,3,409,17.851,7.082,4.702,0.019,29.654,0
synth_c24,0,3,410,17.294,7.239,6.773,0.017,31.323,0
synth_c24,0,3,411,16.876,6.989,8.642,0.016,32.521,0
synth_c24,0,3,412,15.836,7.079,1.981,0.013,24.91,0
synth_c24,0,3,413,18.91,10.831,1.319,0.014,31.075,0
synth_c24,0,3,414,19.697,7.116,1.185,0.015,28.013,0
synth_c24,0,3,415,17.735,10.376,5.03,0.016,33.157,0
synth_c24,0,3,416,16.105,8.537,8.001,0.028,32.671,0
synth_c24,0,3,417,15.816,8.375,4.173,0.021,28.385,0
synth_c24,0,3,418,15.745,7.242,1.731,0.023,24.742,0
synth_c24,0,3,419,16.386,10.064,5.444,0.017,31.911,0
synth_c24,0,3,420,15.412,7.035,0.74,0.014,23.201,0
synth_c24,0,3,421,16.285,9.443,2.035,0.015,27.779,0
synth_c24,0,3,422,15.764,7.018,0.737,0.017,23.536,0
synth_c24,0,3,423,17.394,10.231,6.672,0.016,34.312,1
synth_c24,0,3,424,14.581,7.394,0.803,0.017,22.795,0
synth_c24,0,3,425,15.67,7.156,0.791,0.016,23.633,0
synth_c24,0,3,426,14.392,9.108,2.235,0.016,25.751,0
synth_c24,0,3,427,17.655,6.875,3.412,0.013,27.955,0
synth_c24,0,3,428,17.146,10.609,4.119,0.012,31.886,0
synth_c24,0,3,429,17.608,8.319,8.525,0.022,34.474,1
synth_c24,0,3,430,19.578,6.888,5.388,0.015,31.869,0
synth_c24,0,3,431,21.291,6.906,5.191,0.016,33.404,1
synth_c24,0,3,432,16.094,10.558,1.171,0.013,27.837,0
synth_c24,0,3,433,17.659,9.488,3.561,0.023,30.731,0
synth_c24,0,3,434,14.98,12.422,3.939,0.017,31.357,0
synth_c24,0,3,435,18.496,10.532,2.165,0.017,31.211,0
synth_c24,0,3,436,15.708,11.807,3.51,0.017,31.042,0
synth_c24,0,3,437,20.18,6.863,1.097,0.013,28.153,0
synth_c24,0,3,438,19.632,6.84,4.669,0.013,31.154,0
synth_c24,0,3,439,20.236,7.021,4.947,0.018,32.223,0
synth_c24,0,3,440,13.198,10.084,2.412,0.018,25.711,0
synth_c24,0,3,441,21.077,10.329,3.369,0.014,34.789,1
synth_c24,0,3,442,20.289,7.289,2.304,0.015,29.898,0
synth_c24,0,3,443,19.346,6.881,1.309,0.014,27.55,0
synth_c24,0,3,444,15.697,9.199,2.083,0.017,26.996,0
synth_c24,0,3,445,16.717,7.131,13.635,0.021,37.504,1
synth_c24,0,3,446,19.769,6.998,5.211,0.016,31.994,0
synth_c24,0,3,447,15.151,11.332,1.265,0.014,27.763,0
synth_c24,0,3,448,16.062,11.562,1.368,0.015,29.007,0
synth_c24,0,3,449,19.007,9.829,3.242,0.014,32.093,0
synth_c24,0,3,450,15.184,7.269,4.446,0.016,26.915,0
synth_c24,0,3,451,16.731,9.851,1.686,0.013,28.281,0
synth_c24,0,3,452,21.317,7.355,6.485,0.013,35.17,1
synth_c24,0,3,453,17.671,7.483,14.344,0.014,39.512,1
synth_c24,0,3,454,17.334,6.81,1.198,0.012,25.354,0
synth_c24,0,3,455,16.98,10.582,2.24,0.014,29.815,0
synth_c24,0,3,456,19.483,7.1,6.461,0.012,33.056,0
synth_c24,0,3,457,18.686,7.54,1.719,0.012,27.957,0
synth_c24,0,3,458,18.758,8.514,1.195,0.011,28.478,0
synth_c24,0,3,459,18.523,7.058,3.422,0.013,29.014,0
synth_c24,0,3,460,17.677,6.831,7.924,0.013,32.444,0
synth_c24,0,3,461,15.675,8.519,1.519,0.012,25.725,0
synth_c24,0,3,462,19.828,6.844,2.466,0.012,29.15,0
synth_c24,0,3,463,17.688,10.605,1.247,0.011,29.551,0
synth_c24,0,3,464,12.928,9.778,5.334,0.013,28.054,0
synth_c24,0,3,465,17.07,10.558,1.79,0.014,29.432,0
synth_c24,0,3,466,19.51,6.795,4.471,0.014,30.791,0
synth_c24,0,3,467,16.652,10.709,1.794,0.013,29.168,0
synth_c24,0,3,468,14.825,11.38,1.925,0.012,28.142,0
synth_c24,1,0,32,20.405,7.471,5.832,0.301,34.008,1
synth_c24,1,0,33,15.574,7.324,2.336,0.27,25.504,0
synth_c24,1,0,34,22.949,7.233,4.209,0.502,34.894,1
synth_c24,1,0,35,19.396,6.821,5.682,0.238,32.137,0
synth_c24,1,0,36,20.687,6.854,4.469,0.189,32.198,0
synth_c24,1,0,37,19.456,6.918,8.622,0.018,35.014,1
synth_c24,1,0,38,20.353,6.86,11.052,0.016,38.281,1
synth_c24,1,0,39,20.462,7.462,6.218,0.179,34.322,1
synth_c24,1,0,40,20.082,7.57,2.636,0.016,30.303,0
synth_c24,1,0,41,16.29,14.43,6.383,0.017,37.12,1
synth_c24,1,0,42,19.778,7.384,9.407,0.018,36.586,1
synth_c24,1,0,43,17.964,10.047,9.619,0.268,37.898,1
synth_c24,1,0,44,16.028,16.025,5.16,0.015,37.228,1
synth_c24,1,0,45,17.343,7.144,5.4,0.015,29.902,0
synth_c24,1,0,46,17.503,12.569,10.948,0.02,41.041,1
synth_c24,1,0,47,19.231,6.869,5.785,0.249,32.134,0
synth_c24,1,0,48,22.486,7.074,6.517,0.017,36.094,1
synth_c24,1,0,49,17.777,9.271,2.717,0.016,29.781,0
synth_c24,1,0,50,18.558,7.34,2.905,0.015,28.817,0
synth_c24,1,0,51,19.149,9.571,12.443,0.015,41.179,1
synth_c24,1,0,52,20.304,7.158,10.143,0.014,37.619,1
synth_c24,1,0,53,18.924,7.201,6.26,0.014,32.399,0
synth_c24,1,0,54,15.814,7.487,5.533,0.014,28.848,0
synth_c24,1,0,55,20.52,11.464,11.602,0.171,43.756,1
synth_c24,1,0,57,16.637,6.886,3.386,4.279,31.188,0
synth_c24,1,0,58,18.454,6.925,9.775,0.015,35.17,1
synth_c24,1,0,59,21.238,8.328,2.526,0.015,32.107,0
synth_c24,1,0,60,20.442,10.278,12.86,0.22,43.801,1
synth_c24,1,0,61,17.467,7.124,8.377,0.346,33.314,0
synth_c24,1,0,62,17.452,7.871,3.965,0.013,29.301,0
synth_c24,1,0,63,19.017,7.272,12.803,0.019,39.11,1
synth_c24,1,0,64,20.664,7.104,6.356,0.014,34.139,1
synth_c24,1,0,65,16.102,7.149,3.843,0.013,27.108,0
synth_c24,1,0,66,16.776,7.065,14.979,0.015,38.835,1
synth_c24,1,0,67,21.039,6.991,7.486,0.244,35.759,1
synth_c24,1,0,68,19.809,8.448,6.603,0.03,34.89,1
synth_c24,1,0,69,19.241,8.094,6.994,0.271,34.599,1
synth_c24,1,0,70,19.094,8.721,9.726,0.016,37.557,1
synth_c24,1,0,71,19.195,7.361,12.638,0.017,39.211,1
synth_c24,1,0,72,19.264,8.313,9.506,0.02,37.103,1
synth_c24,1,0,73,27.126,7.186,16.184,0.305,50.803,1
synth_c24,1,0,75,17.386,8.062,4.611,0.015,30.075,0
synth_c24,1,0,76,16.939,6.808,3.972,0.018,27.738,0
synth_c24,1,0,77,15.079,7.054,10.291,0.016,32.441,0
synth_c24,1,0,78,18.416,6.893,15.348,0.018,40.674,1
synth_c24,1,0,79,20.574,7.354,2.543,0.015,30.486,0
synth_c24,1,0,80,24.075,7.384,11.386,0.015,42.86,1
synth_c24,1,0,81,21.899,6.864,2.38,0.014,31.157,0
synth_c24,1,0,82,16.322,15.508,2.29,0.195,34.315,1
synth_c24,1,0,83,20.331,7.262,7.379,0.019,34.99,1
synth_c24,1,0,84,20.557,12.517,8.454,0.015,41.544,1
synth_c24,1,0,85,23.186,7.954,6.321,0.018,37.479,1
synth_c24,1,0,86,18.366,8.946,12.007,0.016,39.335,1
synth_c24,1,0,88,15.655,14.385,5.18,0.326,35.545,1
synth_c24,1,0,89,18.152,6.916,11.371,0.019,36.459,1
synth_c24,1,0,90,18.191,10.461,7.555,0.03,36.238,1
synth_c24,1,0,91,19.315,7.844,12.076,0.016,39.251,1
synth_c24,1,0,92,21.336,7.09,13.671,0.376,42.472,1
synth_c24,1,0,93,13.344,6.885,12.588,0.304,33.121,0
synth_c24,1,0,94,19.419,7.085,9.331,0.31,36.145,1
synth_c24,1,0,95,20.348,6.913,13.892,0.022,41.174,1
synth_c24,1,0,97,20.442,7.854,4.545,0.02,32.861,0
synth_c24,1,0,98,21.383,7.398,19.287,0.025,48.093,1
synth_c24,1,0,99,23.322,8.637,4.875,0.019,36.853,1
synth_c24,1,0,100,17.065,8.316,11.438,0.022,36.842,1
synth_c24,1,0,101,23.901,7.185,5.006,0.309,36.402,1
synth_c24,1,0,102,22.176,7.413,14.31,0.275,44.174,1
synth_c24,1,0,104,19.022,20.852,7.254,0.019,47.147,1
synth_c24,1,0,105,23.899,8.272,12.642,0.753,45.565,1
synth_c24,1,0,107,21.738,9.361,12.518,0.25,43.867,1
synth_c24,1,0,108,21.365,7.023,8.976,0.023,37.387,1
synth_c24,1,0,109,18.033,6.978,8.905,0.451,34.367,1
synth_c24,1,0,110,23.987,7.171,8.215,0.016,39.389,1
synth_c24,1,0,111,21.75,11.229,7.995,0.265,41.239,1
synth_c24,1,0,112,21.658,8.258,4.976,0.018,34.91,1
synth_c24,1,0,113,20.534,7.265,13.562,0.024,41.385,1
synth_c24,1,0,115,17.333,8.626,10.061,0.018,36.038,1
synth_c24,1,0,116,17.853,10.409,12.303,0.016,40.581,1
synth_c24,1,0,117,17.537,8.57,8.523,0.016,34.646,1
synth_c24,1,0,118,22.399,7.756,7.849,0.347,38.351,1
synth_c24,1,0,119,24.791,9.246,9.456,0.329,43.823,1
synth_c24,1,0,121,24.756,11.765,7.233,0.02,43.774,1
synth_c24,1,0,122,20.662,6.898,15.028,0.02,42.608,1
synth_c24,1,0,123,20.907,7.172,5.826,0.328,34.233,1
synth_c24,1,0,124,21.769,16.006,7.402,0.023,45.2,1
synth_c24,1,0,125,22.276,8.189,3.687,0.023,34.175,1
synth_c24,1,0,127,19.558,14.763,10.321,0.308,44.95,1
synth_c24,1,0,128,20.997,7.063,11.386,0.017,39.463,1
synth_c24,1,0,129,15.205,15.668,4.473,0.317,35.663,1
synth_c24,1,0,130,16.324,10.843,9.471,0.211,36.849,1
synth_c24,1,0,131,19.512,7.286,9.968,0.236,37.002,1
synth_c24,1,0,132,20.74,7.113,8.079,0.025,35.956,1
synth_c24,1,0,133,19.213,10.765,8.155,0.249,38.383,1
synth_c24,1,0,135,19.786,7.117,9.016,0.335,36.254,1
synth_c24,1,0,136,20.554,8.085,4.75,0.308,33.696,1
synth_c24,1,0,137,21.683,6.876,4.603,0.018,33.18,0
synth_c24,1,0,138,19.131,7.483,9.256,0.248,36.119,1
synth_c24,1,0,139,21.982,9.091,9.912,0.018,41.003,1
synth_c24,1,0,140,16.005,10.695,5.364,0.28,32.344,0
synth_c24,1,0,141,20.764,7.21,3.226,0.015,31.216,0
synth_c24,1,0,142,20.662,10.517,8.393,0.227,39.798,1
synth_c24,1,0,143,21.699,7.776,7.358,0.461,37.293,1
synth_c24,1,0,144,23.41,7.55,6.286,0.314,37.559,1
synth_c24,1,0,145,20.546,7.397,7.671,0.216,35.831,1
synth_c24,1,0,146,23.892,6.816,9.967,0.311,40.986,1
synth_c24,1,0,148,19.484,6.807,4.795,0.301,31.387,0
synth_c24,1,0,149,24.704,8.682,7.266,0.229,40.88,1
synth_c24,1,0,150,24.453,8.502,8.172,0.021,41.146,1
synth_c24,1,0,151,20.522,7.107,9.071,0.331,37.031,1
synth_c24,1,0,152,18.82,10.53,8.497,0.333,38.18,1
synth_c24,1,0,153,18.305,6.988,10.57,0.341,36.205,1
synth_c24,1,0,154,20.074,7.076,10.164,0.267,37.582,1
synth_c24,1,0,155,19.66,10.159,8.811,0.297,38.926,1
synth_c24,1,0,157,18.655,14.825,13.778,0.358,47.617,1
synth_c24,1,0,158,19.245,6.903,4.954,0.288,31.39,0
synth_c24,1,0,159,23.793,9.798,3.409,0.277,37.278,1
synth_c24,1,0,160,23.062,7.266,8.622,0.286,39.235,1
synth_c24,1,0,161,20.298,10.215,8.111,0.31,38.935,1
synth_c24,1,0,162,18.694,7.347,10.292,0.019,36.353,1
synth_c24,1,0,164,21.629,7.819,8.546,0.015,38.008,1
synth_c24,1,0,165,15.634,12.88,5.707,0.242,34.463,1
synth_c24,1,0,166,21.845,6.855,5.816,0.326,34.843,1
synth_c24,1,0,167,17.236,13.841,1.998,0.164,33.239,0
synth_c24,1,0,168,16.405,10.389,10.777,0.268,37.839,1
synth_c24,1,0,169,19.128,7.242,5.119,0.26,31.748,0
synth_c24,1,0,170,22.357,6.938,2.43,0.327,32.052,0
synth_c24,1,0,171,19.808,8.356,9.733,0.269,38.167,1
synth_c24,1,0,172,20.322,6.798,5.254,2.248,34.621,1
synth_c24,1,0,173,19.057,6.794,8.858,0.016,34.726,1
synth_c24,1,0,174,15.34,12.136,5.773,0.018,33.267,0
synth_c24,1,0,175,16.132,11.072,5.502,2.216,34.922,1
synth_c24,1,0,176,10.097,12.011,5.476,0.114,27.699,0
synth_c24,1,0,177,13.593,6.701,5.699,0.217,26.21,0
synth_c24,1,0,178,13.678,6.935,4.104,0.254,24.971,0
synth_c24,1,0,179,14.528,8.039,1.582,0.227,24.376,0
synth_c24,1,0,180,13.008,7.983,6.22,0.154,27.365,0
synth_c24,1,0,181,15.748,7.029,4.381,0.25,27.409,0
synth_c24,1,0,182,14.153,6.684,4.454,0.22,25.512,0
synth_c24,1,0,183,13.38,6.791,6.698,0.209,27.078,0
synth_c24,1,0,184,16.399,6.721,3.555,0.166,26.842,0
synth_c24,1,0,185,13.083,7.626,7.509,0.013,28.231,0
synth_c24,1,0,186,13.581,8.838,7.133,0.171,29.723,0
synth_c24,1,0,187,14.226,6.65,2.508,0.01,23.395,0
synth_c24,1,0,188,17.01,7.076,2.911,0.303,27.3,0
synth_c24,1,0,189,12.19,10.461,6.761,0.016,29.428,0
synth_c24,1,0,190,13.203,7.177,13.097,0.272,33.749,1
synth_c24,1,0,191,13.479,6.938,1.772,0.225,22.414,0
synth_c24,1,0,192,12.746,7.028,1.572,0.109,21.455,0
synth_c24,1,0,193,10.224,10.277,9.369,3.456,33.326,0
synth_c24,1,0,194,10.877,10.992,2.864,0.185,24.918,0
synth_c24,1,0,195,13.237,7.217,13.406,0.119,33.979,1
synth_c24,1,0,196,13.786,6.662,5.318,0.011,25.778,0
synth_c24,1,0,197,14.254,7.546,5.904,0.182,27.887,0
synth_c24,1,0,198,13.595,9.742,3.06,0.013,26.41,0
synth_c24,1,0,199,13.195,7.126,5.511,0.249,26.081,0
synth_c24,1,0,200,7.362,12.617,12.266,0.013,32.257,0
synth_c24,1,0,201,16.654,6.744,1.813,0.01,25.221,0
synth_c24,1,0,202,11.2,10.914,1.766,0.178,24.059,0
synth_c24,1,0,203,15.166,6.674,4.184,0.211,26.236,0
synth_c24,1,0,204,13.995,8.078,6.568,0.158,28.799,0
synth_c24,1,0,205,18.98,6.916,6.983,0.159,33.038,0
synth_c24,1,0,206,16.499,10.819,6.215,0.014,33.547,1
synth_c24,1,0,207,17.205,8.686,4.835,0.157,30.883,0
synth_c24,1,0,208,16.317,10.491,6.273,0.015,33.097,0
synth_c24,1,0,209,17.234,9.467,6.358,0.163,33.222,0
synth_c24,1,0,210,20.292,7.103,10.249,0.02,37.664,1
synth_c24,1,0,211,15.116,10.579,3.001,0.167,28.864,0
synth_c24,1,0,212,16.398,12.959,9.557,0.017,38.932,1
synth_c24,1,0,213,18.581,7.476,4.67,0.017,30.745,0
synth_c24,1,0,214,18.985,7.41,6.726,0.016,33.138,0
synth_c24,1,0,215,22.661,8.054,5.131,0.199,36.046,1
synth_c24,1,0,216,16.46,11.111,11.353,0.239,39.163,1
synth_c24,1,0,217,15.782,8.124,12.285,0.162,36.353,1
synth_c24,1,0,218,18.29,6.91,9.143,0.016,34.359,1
synth_c24,1,0,219,18.086,12.481,5.603,0.201,36.371,1
synth_c24,1,0,220,17.6,11.51,10.043,0.016,39.169,1
synth_c24,1,0,221,19.712,10.66,2.838,0.165,33.376,1
synth_c24,1,0,222,18.28,10.611,6.567,0.16,35.617,1
synth_c24,1,0,223,14.852,12.649,6.698,0.146,34.345,1
synth_c24,1,0,224,15.347,17.471,3.931,0.153,36.902,1
synth_c24,1,0,225,19.655,6.855,8.196,0.152,34.858,1
synth_c24,1,0,226,19.782,9.818,5.024,0.122,34.746,1
synth_c24,1,0,228,17.459,6.696,17.481,0.145,41.781,1
synth_c24,1,0,229,14.104,6.806,2.923,0.01,23.843,0
synth_c24,1,0,230,9.282,11.004,8.613,0.121,29.02,0
synth_c24,1,0,231,13.889,7.597,6.305,0.122,27.913,0
synth_c24,1,0,232,12.823,7.524,5.273,0.013,25.634,0
synth_c24,1,0,233,13.367,6.704,6.498,0.138,26.706,0
synth_c24,1,0,234,15.937,6.639,2.234,0.018,24.827,0
synth_c24,1,0,235,14.66,7.268,4.207,0.013,26.148,0
synth_c24,1,0,236,13.054,6.826,6.851,0.184,26.915,0
synth_c24,1,0,237,13.741,7.492,7.276,0.012,28.521,0
synth_c24,1,0,238,13.891,13.69,1.131,0.159,28.871,0
synth_c24,1,0,239,13.164,6.921,6.049,0.211,26.345,0
synth_c24,1,0,240,13.014,8.303,5.802,0.215,27.333,0
synth_c24,1,0,241,9.748,10.701,7.223,0.195,27.868,0
synth_c24,1,0,242,13.373,6.784,1.784,0.01,21.951,0
synth_c24,1,0,243,22.007,7.044,2.28,0.01,31.341,0
synth_c24,1,0,244,13.703,8.843,6.996,0.195,29.737,0
synth_c24,1,0,245,14.829,6.866,6.98,0.176,28.851,0
synth_c24,1,0,246,9.128,10.976,4.228,0.208,24.54,0
synth_c24,1,0,247,11.563,11.778,6.98,0.011,30.331,0
synth_c24,1,0,248,16.076,6.887,4.687,0.012,27.662,0
synth_c24,1,0,249,14.666,8.657,5.764,0.014,29.1,0
synth_c24,1,0,250,16.511,7.137,2.191,0.013,25.852,0
synth_c24,1,0,251,13.662,6.727,5.913,0.012,26.314,0
synth_c24,1,0,252,13.297,7.855,8.578,0.197,29.927,0
synth_c24,1,0,253,13.004,6.883,3.991,0.21,24.088,0
synth_c24,1,0,254,11.229,10.896,7.674,0.011,29.81,0
synth_c24,1,0,255,10.302,17.976,5.72,0.011,34.01,1
synth_c24,1,0,256,13.584,6.902,5.383,0.282,26.151,0
synth_c24,1,0,257,13.32,7.212,3.558,0.153,24.243,0
synth_c24,1,0,258,15.263,6.959,3.402,0.012,25.636,0
synth_c24,1,0,259,16.61,10.339,3.637,0.174,30.76,0
synth_c24,1,0,260,11.316,9.48,5.47,0.188,26.454,0
synth_c24,1,0,261,14.369,6.699,5.294,0.182,26.545,0
synth_c24,1,0,262,17.222,6.738,10.686,0.209,34.855,1
synth_c24,1,0,263,12.963,6.639,7.991,0.157,27.751,0
synth_c24,1,0,264,13.53,6.736,6.647,0.209,27.121,0
synth_c24,1,0,265,14.709,10.578,3.617,0.18,29.084,0
synth_c24,1,0,266,14.027,7.273,12.975,0.199,34.473,1
synth_c24,1,0,267,10.592,11.327,11.149,0.017,33.085,0
synth_c24,1,0,268,12.218,7.054,6.738,0.243,26.253,0
synth_c24,1,0,269,12.193,6.978,6.029,0.234,25.434,0
synth_c24,1,0,270,9.783,10.74,6.106,0.205,26.834,0
synth_c24,1,0,271,15.048,6.705,5.134,0.255,27.141,0
synth_c24,1,0,272,13.811,7.515,4.482,0.012,25.82,0
synth_c24,1,0,273,14.203,6.891,9.354,0.195,30.643,0
synth_c24,1,0,274,9.193,10.883,7.306,0.215,27.598,0
synth_c24,1,0,275,10.78,6.728,2.194,0.219,19.921,0
synth_c24,1,0,276,12.301,6.72,5.482,0.178,24.681,0
synth_c24,1,0,277,9.329,7.799,5.464,0.298,22.89,0
synth_c24,1,0,278,13.433,9.351,6.661,0.16,29.605,0
synth_c24,1,0,279,15.957,6.781,4.491,0.234,27.462,0
synth_c24,1,0,280,12.927,6.718,5.072,0.217,24.934,0
synth_c24,1,0,281,14.946,6.698,3.422,0.185,25.252,0
synth_c24,1,0,282,12.114,7.697,7.643,0.016,27.47,0
synth_c24,1,0,283,13.558,6.866,5.018,0.144,25.587,0
synth_c24,1,0,284,15.746,6.717,4.185,0.011,26.659,0
synth_c24,1,0,285,16.331,8.563,5.795,0.205,30.894,0
synth_c24,1,0,286,19.036,6.939,6.136,0.143,32.254,0
synth_c24,1,0,287,14.734,6.857,10.178,0.253,32.022,0
synth_c24,1,0,288,9.293,6.954,2.616,0.013,18.877,0
synth_c24,1,0,289,13.184,6.683,7.509,0.014,27.39,0
synth_c24,1,0,290,8.285,12.824,8.79,0.208,30.108,0
synth_c24,1,0,291,15.257,6.804,2.8,0.193,25.054,0
synth_c24,1,0,292,13.816,6.833,6.425,0.012,27.087,0
synth_c24,1,0,293,8.567,7.542,11.006,0.016,27.131,0
synth_c24,1,0,294,11.453,6.771,5.653,0.243,24.12,0
synth_c24,1,0,295,12.577,6.688,6.633,0.149,26.048,0
synth_c24,1,0,296,17.117,6.682,6.788,0.01,30.597,0
synth_c24,1,0,297,12.666,6.679,5.44,0.012,24.797,0
synth_c24,1,0,298,14.015,7.077,6.781,0.238,28.112,0
synth_c24,1,0,299,12.64,6.819,2.75,0.011,22.221,0
synth_c24,1,0,300,11.693,6.732,2.017,0.162,20.603,0
synth_c24,1,0,301,16.297,6.722,10.563,0.242,33.825,1
synth_c24,1,0,302,12.993,6.847,5.085,0.012,24.936,0
synth_c24,1,0,303,11.22,7.148,2.089,0.116,20.572,0
synth_c24,1,0,304,16.07,7.088,2.268,0.011,25.437,0
synth_c24,1,0,305,13.072,6.714,14.161,0.013,33.96,1
synth_c24,1,0,306,12.306,7.089,11.397,0.02,30.813,0
synth_c24,1,0,307,11.415,7.457,2.029,0.01,20.911,0
synth_c24,1,0,308,11.418,6.897,3.972,0.014,22.301,0
synth_c24,1,0,309,13.329,7.033,7.297,0.201,27.861,0
synth_c24,1,0,310,12.867,6.717,8.291,0.28,28.155,0
synth_c24,1,0,311,13.021,6.954,3.104,0.016,23.094,0
synth_c24,1,0,312,20.039,6.977,9.156,0.233,36.405,1
synth_c24,1,0,313,19.961,7.321,8.957,0.184,36.423,1
synth_c24,1,0,314,22.644,6.907,5.938,0.014,35.502,1
synth_c24,1,0,315,21.968,6.794,2.701,0.015,31.477,0
synth_c24,1,0,316,18.575,7.769,6.745,0.153,33.243,0
synth_c24,1,0,317,17.658,6.837,6.522,0.016,31.033,0
synth_c24,1,0,318,15.942,8.099,5.358,0.016,29.414,0
synth_c24,1,0,319,16.525,10.023,3.805,0.014,30.367,0
synth_c24,1,0,320,22.01,8.677,5.587,0.017,36.292,1
synth_c24,1,0,321,20.262,7.291,8.083,0.18,35.817,1
synth_c24,1,0,322,18.496,8.498,8.638,0.21,35.842,1
synth_c24,1,0,323,16.174,8.052,5.002,0.245,29.474,0
synth_c24,1,0,324,20.886,7.273,5.059,0.208,33.425,1
synth_c24,1,0,325,19.531,8.395,8.446,0.228,36.6,1
synth_c24,1,0,326,16.892,8.656,1.908,0.226,27.682,0
synth_c24,1,0,327,22.744,9.588,8.317,0.298,40.947,1
synth_c24,1,0,328,17.098,10.801,9.306,0.263,37.468,1
synth_c24,1,0,329,21.274,9.345,12.329,0.017,42.966,1
synth_c24,1,0,330,20.307,7.155,3.424,0.014,30.901,0
synth_c24,1,0,331,20.794,7.019,8.499,0.223,36.535,1
synth_c24,1,0,332,21.913,6.773,3.96,0.225,32.871,0
synth_c24,1,0,333,19.297,11.792,6.118,0.218,37.425,1
synth_c24,1,0,334,24.43,7.492,11.369,0.015,43.306,1
synth_c24,1,0,336,21.095,6.923,6.236,0.017,34.271,1
synth_c24,1,0,337,16.586,10.726,3.576,0.018,30.906,0
synth_c24,1,0,338,20.145,7.376,8.672,0.29,36.483,1
synth_c24,1,0,339,20.352,6.832,6.147,0.016,33.346,1
synth_c24,1,0,340,19.559,11.556,5.414,0.237,36.766,1
synth_c24,1,0,341,18.053,9.233,8.79,0.014,36.091,1
synth_c24,1,0,342,19.255,6.841,10.234,0.24,36.569,1
synth_c24,1,0,343,17.069,10.545,5.834,0.264,33.711,1
synth_c24,1,0,344,21.533,10.832,7.158,0.219,39.742,1
synth_c24,1,0,345,20.83,7.092,3.703,0.257,31.882,0
synth_c24,1,0,346,19.293,6.789,3.032,0.014,29.127,0
synth_c24,1,0,347,24.433,7.179,6.983,0.305,38.9,1
synth_c24,1,0,348,19.659,10.443,3.91,0.015,34.027,1
synth_c24,1,0,349,19.568,6.793,10.877,0.25,37.487,1
synth_c24,1,0,350,18.941,7.998,9.029,0.287,36.255,1
synth_c24,1,0,351,20.132,10.194,6.297,0.036,36.66,1
synth_c24,1,0,352,20.506,7.026,2.799,4.091,34.423,1
synth_c24,1,0,354,18.161,7.131,9.192,0.271,34.755,1
synth_c24,1,0,355,19.643,9.697,6.978,0.015,36.333,1
synth_c24,1,0,356,21.051,7.125,12.893,0.233,41.303,1
synth_c24,1,0,357,20.653,7.404,5.619,0.308,33.984,1
synth_c24,1,0,358,20.949,6.816,5.863,0.262,33.89,1
synth_c24,1,0,359,16.41,6.924,10.412,0.235,33.981,1
synth_c24,1,0,360,17.556,7.145,8.442,0.316,33.46,1
synth_c24,1,0,361,21.317,6.926,12.888,0.283,41.415,1
synth_c24,1,0,362,20.506,6.837,4.998,0.264,32.605,0
synth_c24,1,0,363,18.466,7.124,8.605,0.014,34.21,1
synth_c24,1,0,364,20.213,6.809,5.903,0.233,33.158,0
synth_c24,1,0,365,17.371,10.877,4.268,0.256,32.772,0
synth_c24,1,0,366,17.072,14.821,10.25,0.017,42.161,1
synth_c24,1,0,367,20.529,6.733,6.29,0.26,33.812,1
synth_c24,1,0,368,21.587,6.933,11.475,0.02,40.015,1
synth_c24,1,0,370,16.412,16.104,7.661,0.253,40.43,1
synth_c24,1,0,371,20.764,7.283,8.697,0.34,37.084,1
synth_c24,1,0,372,16.234,7.271,7.312,0.206,31.023,0
synth_c24,1,0,373,19.826,10.848,6.57,0.018,37.262,1
synth_c24,1,0,374,20.637,6.832,8.298,0.014,35.78,1
synth_c24,1,0,375,17.197,14.929,2.111,0.237,34.474,1
synth_c24,1,0,376,19.941,6.795,6.133,0.014,32.883,0
synth_c24,1,0,377,21.959,7.239,5.871,0.242,35.311,1
synth_c24,1,0,378,20.299,7.215,12.429,0.298,40.241,1
synth_c24,1,0,379,16.634,9.493,5.677,0.014,31.819,0
synth_c24,1,0,380,16.122,10.507,9.292,0.232,36.152,1
synth_c24,1,0,381,20.837,9.503,8.473,0.297,39.11,1
synth_c24,1,0,383,27.721,7.449,2.031,0.229,37.43,1
synth_c24,1,0,384,20.574,8.402,8.239,0.187,37.402,1
synth_c24,1,0,385,16.275,10.798,1.936,0.281,29.29,0
synth_c24,1,0,386,20.934,12.365,11.476,0.236,45.012,1
synth_c24,1,0,387,19.145,14.55,3.191,0.236,37.123,1
synth_c24,1,0,388,20.587,11.895,11.838,0.249,44.569,1
synth_c24,1,0,390,17.131,13.834,6.022,0.216,37.202,1
synth_c24,1,0,391,17.755,15.697,13.333,0.208,46.993,1
synth_c24,1,0,392,14.95,10.684,3.176,0.164,28.973,0
synth_c24,1,0,393,14.999,10.658,6.721,0.014,32.392,0
synth_c24,1,0,394,16.375,7.954,10.811,0.017,35.157,1
synth_c24,1,0,395,19.489,10.298,6.474,0.184,36.445,1
synth_c24,1,0,396,19.91,10.189,12.295,2.925,45.319,1
synth_c24,1,0,397,16.745,11.464,9.362,0.155,37.726,1
synth_c24,1,0,399,18.611,7.426,9.258,0.016,35.31,1
synth_c24,1,0,400,21.859,6.853,2.024,0.217,30.954,0
synth_c24,1,0,401,19.084,8.038,6.528,0.014,33.663,1
synth_c24,1,0,402,16.349,8.081,8.78,0.169,33.379,1
synth_c24,1,0,403,17.838,7.09,11.113,0.167,36.208,1
synth_c24,1,0,404,17.268,10.545,7.619,0.163,35.595,1
synth_c24,1,0,405,16.408,10.765,4.809,0.166,32.148,0
synth_c24,1,0,406,19.481,10.545,8.246,0.015,38.288,1
synth_c24,1,0,407,16.147,10.63,10.202,0.019,36.997,1
synth_c24,1,0,408,24.119,7.916,7.688,0.018,39.741,1
synth_c24,1,0,409,19.568,11.18,4.301,0.013,35.062,1
synth_c24,1,0,410,19.114,7.213,9.905,0.016,36.248,1
synth_c24,1,0,411,19.894,6.756,9.178,0.158,35.986,1
synth_c24,1,0,412,21.485,7.452,9.646,0.022,38.604,1
synth_c24,1,0,413,20.72,6.921,8.452,0.02,36.113,1
synth_c24,1,0,415,19.899,7.356,8.925,0.19,36.369,1
synth_c24,1,0,416,22.742,6.802,3.299,0.013,32.855,0
synth_c24,1,0,417,21.041,6.793,12.906,0.016,40.757,1
synth_c24,1,0,418,16.484,8.248,19.374,0.241,44.348,1
synth_c24,1,0,419,17.258,9.065,7.039,0.195,33.557,1
synth_c24,1,0,420,17.401,10.906,6.556,0.015,34.878,1
synth_c24,1,0,421,19.354,7.189,8.009,0.016,34.569,1
synth_c24,1,0,422,20.14,7.442,8.036,0.014,35.632,1
synth_c24,1,0,423,20.143,7.099,11.623,0.015,38.88,1
synth_c24,1,0,425,20.295,6.968,8.481,0.014,35.759,1
synth_c24,1,0,426,19.903,7.465,7.111,0.156,34.635,1
synth_c24,1,0,427,19.605,6.908,7.636,0.015,34.164,1
synth_c24,1,0,428,14.964,12.051,4.768,0.162,31.945,0
synth_c24,1,0,429,21.67,7.437,10.437,0.017,39.561,1
synth_c24,1,0,430,16.072,10.87,6.207,0.014,33.163,0
synth_c24,1,0,431,18.263,6.805,6.155,0.211,31.433,0
synth_c24,1,0,432,19.89,10.923,2.719,0.154,33.686,1
synth_c24,1,0,433,15.786,11.31,4.675,0.016,31.786,0
synth_c24,1,0,434,23.193,6.933,6.19,0.155,36.471,1
synth_c24,1,0,435,15.937,10.852,6.098,0.165,33.052,0
synth_c24,1,0,436,19.621,6.792,3.514,0.014,29.941,0
synth_c24,1,0,437,18.306,10.435,7.9,0.143,36.784,1
synth_c24,1,0,438,17.693,11.258,2.211,0.166,31.329,0
synth_c24,1,0,439,20.524,7.032,6.824,0.014,34.394,1
synth_c24,1,0,440,17.499,10.678,4.393,0.154,32.725,0
synth_c24,1,0,441,22.529,7.01,2.802,0.145,32.485,0
synth_c24,1,0,442,18.463,10.479,9.044,0.168,38.153,1
synth_c24,1,0,443,19.634,7.266,7.432,0.17,34.502,1
synth_c24,1,0,444,16.193,11.075,3.67,0.019,30.957,0
synth_c24,1,0,445,21.296,6.917,12.791,0.234,41.238,1
synth_c24,1,0,446,19.888,7.056,6.049,0.212,33.206,0
synth_c24,1,0,447,17.327,7.217,6.455,0.018,31.016,0
synth_c24,1,0,448,17.726,10.919,2.529,0.013,31.187,0
synth_c24,1,0,449,20.263,6.998,6.958,0.207,34.426,1
synth_c24,1,0,450,16.462,10.521,4.892,0.233,32.108,0
synth_c24,1,0,451,22.445,7.212,5.151,0.209,35.017,1
synth_c24,1,0,452,17.99,6.864,4.599,0.21,29.662,0
synth_c24,1,0,453,19.472,10.734,5.484,0.246,35.936,1
synth_c24,1,0,454,20.898,6.88,7.589,0.219,35.585,1
synth_c24,1,0,455,22.298,10.285,7.158,0.021,39.762,1
synth_c24,1,0,456,14.043,10.704,2.782,0.214,27.743,0
synth_c24,1,0,457,16.411,10.684,8.899,0.019,36.013,1
synth_c24,1,0,458,14.56,11.302,5.805,0.305,31.972,0
synth_c24,1,0,459,20.896,7.262,3.133,0.283,31.574,0
synth_c24,1,0,460,15.459,10.933,9.523,0.015,35.929,1
synth_c24,1,0,461,8.921,11.375,5.68,0.011,25.987,0
synth_c24,1,0,462,13.141,6.853,2.917,0.01,22.92,0
synth_c24,1,0,463,14.255,6.775,12.237,0.015,33.282,0
synth_c24,1,0,464,11.532,6.745,9.14,0.204,27.621,0
synth_c24,1,0,465,9.09,10.244,1.656,0.221,21.211,0
synth_c24,1,0,466,12.93,8.434,5.723,0.194,27.279,0
synth_c24,1,0,467,14.403,6.683,6.517,0.01,27.613,0
synth_c24,1,0,468,9.827,10.363,2.501,0.218,22.908,0
synth_c24,1,1,30,17.921,6.745,6.285,0.015,30.965,0
synth_c24,1,1,31,15.368,10.536,3.998,0.013,29.915,0
synth_c24,1,1,32,20.963,6.806,1.559,0.012,29.34,0
synth_c24,1,1,33,18.488,8.155,7.388,0.014,34.045,1
synth_c24,1,1,34,15.189,11.357,5.265,0.015,31.827,0
synth_c24,1,1,35,20.872,7.898,12.793,0.013,41.577,1
synth_c24,1,1,36,17.951,12.184,1.536,0.012,31.683,0
synth_c24,1,1,37,19.426,6.916,5.105,0.012,31.459,0
synth_c24,1,1,38,19.212,6.79,7.843,0.014,33.859,1
synth_c24,1,1,39,22.101,6.9,4.065,0.016,33.081,0
synth_c24,1,1,40,19.101,7.85,1.703,0.014,28.668,0
synth_c24,1,1,41,19.908,6.968,2.121,0.014,29.01,0
synth_c24,1,1,42,20.935,7.173,7.17,0.018,35.296,1
synth_c24,1,1,43,19.745,7.498,4.679,0.013,31.936,0
synth_c24,1,1,44,22.408,6.85,2.915,0.013,32.187,0
synth_c24,1,1,45,22.557,6.891,1.719,0.013,31.181,0
synth_c24,1,1,46,18.579,10.952,5.353,0.015,34.899,1
synth_c24,1,1,47,16.866,12.725,7.064,0.019,36.674,1
synth_c24,1,1,48,19.339,7.253,17.784,0.015,44.392,1
synth_c24,1,1,49,22.208,7.333,3.965,0.014,33.52,1
synth_c24,1,1,50,22.766,7.282,2.714,0.012,32.775,0
synth_c24,1,1,51,17.633,9.602,9.902,0.021,37.157,1
synth_c24,1,1,52,16.237,6.896,2.892,0.013,26.038,0
synth_c24,1,1,53,24.863,7.318,4.409,0.012,36.603,1
synth_c24,1,1,54,22.247,10.751,6.812,0.016,39.825,1
synth_c24,1,1,55,17.319,7.458,5.578,0.014,30.369,0
synth_c24,1,1,56,20.352,7.074,6.811,0.013,34.249,1
synth_c24,1,1,57,18.476,6.832,1.883,0.013,27.205,0
synth_c24,1,1,58,18.657,7.975,8.397,0.013,35.043,1
synth_c24,1,1,59,20.606,6.81,4.883,0.014,32.314,0
synth_c24,1,1,60,21.391,6.798,5.416,0.016,33.621,1
synth_c24,1,1,61,16.68,6.965,2.572,0.014,26.232,0
synth_c24,1,1,62,19.534,7.498,6.387,0.013,33.432,1
synth_c24,1,1,63,19.062,7.4,6.298,0.014,32.774,0
synth_c24,1,1,64,16.36,7.507,6.916,0.013,30.796,0
synth_c24,1,1,65,18.682,14.89,1.86,0.014,35.447,1
synth_c24,1,1,66,18.671,6.77,5.624,0.014,31.08,0
synth_c24,1,1,67,15.19,10.873,5.267,0.013,31.343,0
synth_c24,1,1,68,18.851,6.982,5.643,0.014,31.49,0
synth_c24,1,1,69,19.618,9.454,3.845,0.016,32.934,0
synth_c24,1,1,70,16.027,6.848,3.665,0.013,26.553,0
synth_c24,1,1,71,19.925,6.773,1.992,0.014,28.704,0
synth_c24,1,1,72,18.725,8.343,4.673,0.017,31.758,0
synth_c24,1,1,73,19.907,8.01,15.458,0.015,43.39,1
synth_c24,1,1,74,24.638,7.134,2.613,0.014,34.399,1
synth_c24,1,1,75,19.29,6.797,6.57,0.017,32.675,0
synth_c24,1,1,76,17.14,6.995,6.843,0.013,30.991,0
synth_c24,1,1,77,20.357,7.994,2.606,0.013,30.971,0
synth_c24,1,1,78,17.67,7.01,3.909,0.013,28.603,0
synth_c24,1,1,79,18.166,10.508,14.485,0.012,43.171,1
synth_c24,1,1,80,14.856,12.327,9.361,0.015,36.56,1
synth_c24,1,1,81,20.462,7.391,7.498,0.022,35.373,1
synth_c24,1,1,82,14.49,9.666,3.936,0.017,28.108,0
synth_c24,1,1,83,24.474,7.583,3.782,0.018,35.857,1
synth_c24,1,1,84,18.33,7.285,2.703,0.014,28.331,0
synth_c24,1,1,85,20.039,10.173,3.15,0.012,33.374,1
synth_c24,1,1,86,18.04,7.273,2.889,0.015,28.217,0
synth_c24,1,1,87,20.981,11.012,3.986,0.018,35.997,1
synth_c24,1,1,88,20.732,7.395,9.356,0.015,37.499,1
synth_c24,1,1,89,17.061,14.642,7.325,0.015,39.043,1
synth_c24,1,1,90,20.546,7.373,2.093,0.013,30.024,0
synth_c24,1,1,91,19.961,6.883,14.614,0.016,41.473,1
synth_c24,1,1,92,15.476,10.987,3.372,0.014,29.848,0
synth_c24,1,1,93,22.865,6.965,6.244,0.019,36.093,1
synth_c24,1,1,94,17.533,6.89,11.424,0.02,35.868,1
synth_c24,1,1,95,19.264,7.006,6.826,0.019,33.114,0
synth_c24,1,1,96,17.85,10.321,5.039,0.016,33.225,0
synth_c24,1,1,97,21.558,7.146,5.439,0.019,34.162,1
synth_c24,1,1,98,19.198,7.023,7.517,0.02,33.758,1
synth_c24,1,1,99,19.279,6.96,6.158,0.019,32.416,0
synth_c24,1,1,100,19.354,9.208,9.829,0.022,38.413,1
synth_c24,1,1,101,20.711,7.691,8.673,0.017,37.092,1
synth_c24,1,1,102,17.637,7.176,5.566,0.02,30.399,0
synth_c24,1,1,103,18.287,7.023,12.918,0.019,38.247,1
synth_c24,1,1,105,20.478,7.018,3.424,0.021,30.941,0
synth_c24,1,1,106,20.095,7.59,22.07,0.02,49.774,1
synth_c24,1,1,107,19.407,7.474,8.459,0.016,35.356,1
synth_c24,1,1,108,18.707,8.406,8.308,0.018,35.439,1
synth_c24,1,1,109,18.66,7.08,4.272,0.014,30.027,0
synth_c24,1,1,110,19.986,7.409,7.844,0.017,35.256,1
synth_c24,1,1,111,18.496,7.562,5.385,0.018,31.461,0
synth_c24,1,1,112,20.57,7.489,5.239,0.016,33.314,0
synth_c24,1,1,113,16.565,11.148,9.101,0.015,36.829,1
synth_c24,1,1,114,17.717,7.389,5.249,0.015,30.37,0
synth_c24,1,1,115,19.301,7.721,6.029,0.028,33.079,0
synth_c24,1,1,116,20.979,8.821,2.186,0.016,32.002,0
synth_c24,1,1,117,23.414,8.041,13.298,0.015,44.768,1
synth_c24,1,1,118,19.989,9.684,4.317,0.013,34.004,1
synth_c24,1,1,119,19.92,6.865,6.313,0.016,33.114,0
synth_c24,1,1,120,19.909,8.671,4.153,0.015,32.748,0
synth_c24,1,1,121,20.177,10.285,1.822,0.021,32.305,0
synth_c24,1,1,122,20.203,10.215,6.345,0.02,36.782,1
synth_c24,1,1,123,19.698,7.196,5.403,0.017,32.314,0
synth_c24,1,1,124,19.629,12.299,11.622,0.016,43.566,1
synth_c24,1,1,126,18.158,7.561,2.511,0.014,28.244,0
synth_c24,1,1,127,16.069,15.373,1.655,0.014,33.111,0
synth_c24,1,1,128,19.708,7.0,3.713,0.015,30.435,0
synth_c24,1,1,129,18.719,16.012,4.528,0.014,39.273,1
synth_c24,1,1,130,21.637,7.053,1.618,0.014,30.322,0
synth_c24,1,1,131,19.631,6.878,5.292,0.015,31.816,0
synth_c24,1,1,132,20.595,7.32,5.865,0.019,33.799,1
synth_c24,1,1,133,20.662,7.307,6.762,0.016,34.747,1
synth_c24,1,1,134,18.167,7.344,19.382,0.016,44.909,1
synth_c24,1,1,135,17.088,6.976,1.607,0.017,25.689,0
synth_c24,1,1,136,18.725,6.978,5.009,0.029,30.74,0
synth_c24,1,1,137,17.666,7.03,2.393,0.018,27.107,0
synth_c24,1,1,138,21.859,7.353,5.902,0.021,35.135,1
synth_c24,1,1,139,15.391,15.758,6.291,0.016,37.456,1
synth_c24,1,1,140,23.124,7.188,2.233,0.017,32.563,0
synth_c24,1,1,141,19.5,7.044,6.285,0.016,32.845,0
synth_c24,1,1,142,16.263,9.228,2.392,0.013,27.895,0
synth_c24,1,1,143,18.72,7.24,5.793,0.017,31.769,0
synth_c24,1,1,144,20.156,10.684,3.075,0.017,33.932,1
synth_c24,1,1,145,18.519,9.026,4.03,0.014,31.59,0
synth_c24,1,1,146,17.267,6.768,9.948,0.015,33.998,1
synth_c24,1,1,147,16.883,14.693,2.087,0.015,33.678,1
synth_c24,1,1,148,21.873,9.642,2.733,0.016,34.264,1
synth_c24,1,1,149,20.632,7.023,6.44,0.02,34.114,1
synth_c24,1,1,150,19.789,14.571,8.926,0.016,43.302,1
synth_c24,1,1,151,20.143,7.786,2.246,0.017,30.192,0
synth_c24,1,1,152,19.189,7.986,8.403,0.017,35.595,1
synth_c24,1,1,153,19.875,10.465,11.389,0.019,41.748,1
synth_c24,1,1,154,16.513,9.857,11.652,0.017,38.04,1
synth_c24,1,1,155,19.143,7.809,9.993,0.018,36.963,1
synth_c24,1,1,156,16.644,13.406,11.154,0.021,41.225,1
synth_c24,1,1,158,21.593,11.202,8.226,0.021,41.042,1
synth_c24,1,1,159,18.157,6.786,5.024,0.014,29.981,0
synth_c24,1,1,160,20.963,7.296,1.876,0.017,30.152,0
synth_c24,1,1,161,20.933,7.002,9.327,0.024,37.286,1
synth_c24,1,1,162,23.872,7.641,1.724,0.015,33.253,0
synth_c24,1,1,163,20.742,7.992,9.707,0.017,38.458,1
synth_c24,1,1,164,20.372,6.86,6.145,0.015,33.392,1
synth_c24,1,1,165,17.794,7.449,8.179,0.015,33.437,1
synth_c24,1,1,166,15.077,14.795,9.907,0.017,39.796,1
synth_c24,1,1,167,23.659,8.731,5.279,0.015,37.685,1
synth_c24,1,1,168,16.611,7.006,5.602,0.015,29.235,0
synth_c24,1,1,169,20.067,6.785,7.98,0.015,34.849,1
synth_c24,1,1,170,16.745,11.281,6.709,0.015,34.751,1
synth_c24,1,1,171,15.697,6.935,5.492,0.015,28.138,0
synth_c24,1,1,172,17.39,9.44,5.022,0.014,31.866,0
synth_c24,1,1,173,19.627,9.826,12.869,0.019,42.341,1
synth_c24,1,1,174,22.566,6.752,2.549,0.012,31.879,0
synth_c24,1,1,175,19.947,6.784,6.505,0.013,33.249,0
synth_c24,1,1,176,16.51,6.771,6.028,0.014,29.323,0
synth_c24,1,1,177,21.1,7.046,1.863,0.016,30.026,0
synth_c24,1,1,178,20.621,7.037,4.912,0.013,32.583,0
synth_c24,1,1,179,17.473,7.182,2.548,0.013,27.216,0
synth_c24,1,1,180,20.552,6.919,4.948,0.013,32.432,0
synth_c24,1,1,181,19.82,7.531,9.364,0.015,36.73,1
synth_c24,1,1,182,20.064,7.095,2.29,0.014,29.463,0
synth_c24,1,1,183,18.176,6.8,3.616,0.013,28.605,0
synth_c24,1,1,184,22.74,6.935,2.319,0.016,32.009,0
synth_c24,1,1,185,20.608,6.968,8.534,0.019,36.13,1
synth_c24,1,1,186,20.687,10.03,6.553,0.018,37.286,1
synth_c24,1,1,187,18.331,7.36,6.785,0.017,32.492,0
synth_c24,1,1,188,15.374,14.628,4.318,0.013,34.333,1
synth_c24,1,1,189,22.688,6.803,6.019,0.012,35.521,1
synth_c24,1,1,190,20.828,7.358,7.054,0.015,35.255,1
synth_c24,1,1,191,18.805,6.976,5.063,0.015,30.858,0
synth_c24,1,1,192,16.474,7.222,4.272,0.016,27.983,0
synth_c24,1,1,193,18.268,7.009,9.183,0.021,34.481,1
synth_c24,1,1,194,20.308,7.157,4.114,0.019,31.598,0
synth_c24,1,1,195,18.48,10.773,2.456,0.013,31.722,0
synth_c24,1,1,196,21.642,7.868,4.938,0.012,34.461,1
synth_c24,1,1,197,21.217,6.875,2.737,0.017,30.846,0
synth_c24,1,1,198,20.519,7.51,9.424,0.014,37.466,1
synth_c24,1,1,199,17.008,15.16,1.833,0.014,34.015,1
synth_c24,1,1,200,16.672,7.019,5.224,0.012,28.927,0
synth_c24,1,1,201,19.87,6.923,8.326,0.016,35.135,1
synth_c24,1,1,202,18.585,6.973,2.817,0.015,28.39,0
synth_c24,1,1,203,19.317,8.072,5.762,0.02,33.171,0
synth_c24,1,1,204,23.174,7.541,4.403,0.017,35.134,1
synth_c24,1,1,205,18.383,7.454,2.18,0.012,28.03,0
synth_c24,1,1,206,20.683,7.602,4.347,0.016,32.648,0
synth_c24,1,1,207,16.17,11.232,8.949,0.013,36.364,1
synth_c24,1,1,208,15.834,7.049,5.823,0.013,28.719,0
synth_c24,1,1,209,16.424,7.638,4.081,0.018,28.161,0
synth_c24,1,1,210,17.499,14.689,6.391,0.014,38.593,1
synth_c24,1,1,211,19.785,10.529,6.144,0.013,36.47,1
synth_c24,1,1,212,20.566,7.029,6.628,0.013,34.236,1
synth_c24,1,1,213,19.582,7.102,9.354,0.014,36.053,1
synth_c24,1,1,214,16.631,7.586,2.285,0.015,26.517,0
synth_c24,1,1,215,20.449,9.038,4.33,0.014,33.831,1
synth_c24,1,1,216,16.354,7.043,5.129,0.013,28.54,0
synth_c24,1,1,217,24.532,12.936,6.731,0.015,44.213,1
synth_c24,1,1,218,20.117,10.011,5.781,0.014,35.924,1
synth_c24,1,1,219,17.539,14.256,4.16,0.013,35.967,1
synth_c24,1,1,220,21.051,10.755,2.138,0.013,33.956,1
synth_c24,1,1,221,19.072,10.266,5.172,0.013,34.523,1
synth_c24,1,1,222,17.373,11.748,2.332,0.013,31.466,0
synth_c24,1,1,223,19.436,7.961,9.148,0.014,36.56,1
synth_c24,1,1,224,24.558,7.403,3.205,0.016,35.182,1
synth_c24,1,1,225,22.232,10.201,3.514,0.013,35.96,1
synth_c24,1,1,226,16.404,11.274,6.943,0.013,34.633,1
synth_c24,1,1,227,19.89,6.91,5.298,0.012,32.11,0
synth_c24,1,1,228,15.123,15.838,2.183,0.015,33.159,0
synth_c24,1,1,229,21.025,8.114,7.408,0.017,36.564,1
synth_c24,1,1,230,19.148,8.866,8.177,0.014,36.205,1
synth_c24,1,1,231,15.531,19.537,5.361,0.014,40.444,1
synth_c24,1,1,233,20.263,10.914,3.137,0.017,34.33,1
synth_c24,1,1,234,21.377,6.941,4.462,0.013,32.793,0
synth_c24,1,1,235,20.8,7.202,3.123,0.013,31.138,0
synth_c24,1,1,236,18.849,10.87,2.231,0.015,31.965,0
synth_c24,1,1,237,21.078,7.073,8.123,0.018,36.291,1
synth_c24,1,1,238,20.225,7.06,8.822,0.014,36.121,1
synth_c24,1,1,239,15.668,6.773,5.504,0.017,27.962,0
synth_c24,1,1,240,23.153,6.924,5.233,0.012,35.322,1
synth_c24,1,1,241,15.666,14.714,16.608,0.018,47.006,1
synth_c24,1,1,242,18.643,7.228,5.301,0.014,31.186,0
synth_c24,1,1,243,16.843,7.16,1.796,0.017,25.816,0
synth_c24,1,1,244,16.307,14.965,6.963,0.016,38.251,1
synth_c24,1,1,245,18.291,7.29,5.921,0.015,31.517,0
synth_c24,1,1,246,14.928,14.538,4.08,0.016,33.562,1
synth_c24,1,1,247,18.915,7.115,3.814,0.016,29.859,0
synth_c24,1,1,248,17.267,7.228,3.72,0.017,28.232,0
synth_c24,1,1,249,19.558,7.213,4.925,0.014,31.71,0
synth_c24,1,1,250,19.658,10.996,1.82,0.013,32.486,0
synth_c24,1,1,251,18.211,6.788,5.38,0.014,30.393,0
synth_c24,1,1,252,19.033,6.797,9.577,0.02,35.427,1
synth_c24,1,1,253,22.276,7.145,2.121,0.013,31.555,0
synth_c24,1,1,254,18.313,7.179,2.295,0.014,27.801,0
synth_c24,1,1,255,19.126,7.237,4.62,0.013,30.997,0
synth_c24,1,1,256,20.433,6.994,4.892,0.014,32.333,0
synth_c24,1,1,257,20.459,7.028,10.181,0.019,37.687,1
synth_c24,1,1,258,19.25,7.24,5.506,0.017,32.014,0
synth_c24,1,1,259,17.306,6.971,5.22,0.016,29.512,0
synth_c24,1,1,260,16.239,19.884,2.422,0.022,38.566,1
synth_c24,1,1,261,16.662,6.807,2.203,0.012,25.684,0
synth_c24,1,1,262,16.144,15.631,1.862,0.013,33.65,1
synth_c24,1,1,263,21.719,7.429,12.302,0.014,41.465,1
synth_c24,1,1,264,17.308,7.169,9.41,0.021,33.909,1
synth_c24,1,1,265,16.351,7.801,2.191,0.017,26.36,0
synth_c24,1,1,266,16.137,11.568,10.765,0.022,38.492,1
synth_c24,1,1,267,19.54,7.61,5.281,0.012,32.443,0
synth_c24,1,1,268,19.516,7.313,2.156,0.018,29.003,0
synth_c24,1,1,269,21.858,7.38,12.396,0.015,41.649,1
synth_c24,1,1,270,17.18,7.133,5.224,0.013,29.55,0
synth_c24,1,1,271,16.503,10.806,5.687,0.016,33.013,0
synth_c24,1,1,272,20.886,6.802,8.929,0.012,36.63,1
synth_c24,1,1,273,24.005,10.652,2.947,0.017,37.621,1
synth_c24,1,1,274,20.324,7.154,1.791,0.013,29.281,0
synth_c24,1,1,275,19.528,6.926,1.739,0.011,28.205,0
synth_c24,1,1,276,19.513,10.914,3.335,0.012,33.774,1
synth_c24,1,1,277,14.235,10.85,8.588,0.013,33.685,1
synth_c24,1,1,278,17.396,7.342,4.774,0.012,29.524,0
synth_c24,1,1,279,16.211,15.12,9.187,0.014,40.533,1
synth_c24,1,1,280,18.576,7.484,11.216,0.015,37.291,1
synth_c24,1,1,281,19.446,6.999,3.132,0.016,29.593,0
synth_c24,1,1,282,17.3,10.525,2.943,0.013,30.782,0
synth_c24,1,1,283,21.841,7.031,4.967,0.012,33.851,1
synth_c24,1,1,284,20.6,7.156,9.504,0.019,37.28,1
synth_c24,1,1,285,20.592,7.005,2.017,0.015,29.629,0
synth_c24,1,1,286,21.296,7.07,4.683,0.013,33.061,0
synth_c24,1,1,287,16.687,13.495,1.899,0.013,32.093,0
synth_c24,1,1,288,20.898,7.011,2.201,0.015,30.126,0
synth_c24,1,1,289,19.738,7.624,4.974,0.016,32.351,0
synth_c24,1,1,290,16.496,10.94,5.436,0.016,32.888,0
synth_c24,1,1,291,21.018,6.87,6.366,0.014,34.269,1
synth_c24,1,1,292,17.032,6.795,5.606,0.017,29.45,0
synth_c24,1,1,293,18.373,11.339,15.121,0.014,44.846,1
synth_c24,1,1,294,19.849,7.202,2.972,0.015,30.039,0
synth_c24,1,1,295,16.408,13.357,5.862,0.012,35.638,1
synth_c24,1,1,296,16.935,10.205,8.093,0.013,35.247,1
synth_c24,1,1,297,17.711,8.26,5.784,0.014,31.769,0
synth_c24,1,1,298,24.124,6.917,3.091,0.012,34.144,1
synth_c24,1,1,299,15.339,10.645,1.892,0.013,27.888,0
synth_c24,1,1,300,23.547,7.125,7.238,0.017,37.926,1
synth_c24,1,1,301,16.697,11.461,2.032,0.013,30.204,0
synth_c24,1,1,302,20.143,6.79,9.195,0.013,36.141,1
synth_c24,1,1,303,19.622,6.919,5.351,0.012,31.905,0
synth_c24,1,1,304,15.651,6.81,2.154,0.012,24.627,0
synth_c24,1,1,305,17.227,6.917,1.755,0.012,25.91,0
synth_c24,1,1,306,20.352,6.779,2.074,0.015,29.221,0
synth_c24,1,1,307,19.359,6.871,5.415,0.017,31.662,0
synth_c24,1,1,308,21.026,10.554,8.58,0.015,40.174,1
synth_c24,1,1,309,17.411,7.369,3.423,0.013,28.217,0
synth_c24,1,1,310,19.616,6.875,9.006,0.015,35.512,1
synth_c24,1,1,311,20.452,7.601,15.193,0.016,43.262,1
synth_c24,1,1,312,17.244,7.65,3.922,0.017,28.832,0
synth_c24,1,1,313,16.917,7.002,3.127,0.013,27.06,0
synth_c24,1,1,314,21.283,6.834,5.426,0.012,33.555,1
synth_c24,1,1,315,17.906,10.26,9.111,0.015,37.292,1
synth_c24,1,1,316,19.853,6.832,9.769,0.015,36.469,1
synth_c24,1,1,317,18.553,10.528,1.934,0.013,31.029,0
synth_c24,1,1,318,18.468,6.795,2.864,0.014,28.141,0
synth_c24,1,1,319,18.364,10.486,1.667,0.013,30.529,0
synth_c24,1,1,320,17.669,7.32,2.14,0.012,27.141,0
synth_c24,1,1,321,19.121,10.121,1.597,0.012,30.852,0
synth_c24,1,1,322,18.753,7.032,5.548,0.013,31.346,0
synth_c24,1,1,323,19.813,7.017,5.487,0.014,32.331,0
synth_c24,1,1,324,17.578,7.149,1.702,0.015,26.444,0
synth_c24,1,1,325,24.464,7.58,6.826,0.024,38.895,1
synth_c24,1,1,326,16.239,13.43,1.689,0.013,31.371,0
synth_c24,1,1,327,22.271,7.121,5.993,0.017,35.402,1
synth_c24,1,1,328,15.455,16.36,1.989,0.012,33.817,1
synth_c24,1,1,329,19.135,7.231,8.527,0.014,34.908,1
synth_c24,1,1,330,19.856,7.153,8.907,0.013,35.929,1
synth_c24,1,1,331,21.54,7.033,4.853,0.014,33.44,1
synth_c24,1,1,332,20.93,7.161,5.473,0.017,33.581,1
synth_c24,1,1,333,16.12,6.88,3.314,0.012,26.326,0
synth_c24,1,1,334,19.92,7.147,3.771,0.013,30.852,0
synth_c24,1,1,335,21.892,7.145,4.962,0.015,34.014,1
synth_c24,1,1,336,21.998,7.892,8.796,0.016,38.703,1
synth_c24,1,1,337,16.383,7.315,4.672,0.016,28.386,0
synth_c24,1,1,338,20.319,8.875,4.358,0.014,33.566,1
synth_c24,1,1,339,16.583,7.015,1.743,0.013,25.354,0
synth_c24,1,1,340,16.56,7.309,2.41,0.011,26.289,0
synth_c24,1,1,341,13.456,10.797,4.599,0.013,28.865,0
synth_c24,1,1,342,13.653,6.605,2.448,0.01,22.716,0
synth_c24,1,1,343,15.971,7.094,5.015,0.012,28.093,0
synth_c24,1,1,344,13.866,10.657,1.32,0.01,25.852,0
synth_c24,1,1,345,13.717,6.709,3.844,0.012,24.282,0
synth_c24,1,1,346,15.066,6.643,4.649,0.011,26.369,0
synth_c24,1,1,347,15.097,10.272,1.429,0.01,26.809,0
synth_c24,1,1,348,13.954,8.12,4.881,0.017,26.972,0
synth_c24,1,1,349,16.763,7.031,8.251,0.015,32.061,0
synth_c24,1,1,350,13.378,7.11,6.837,0.011,27.336,0
synth_c24,1,1,351,14.777,6.78,1.826,0.01,23.393,0
synth_c24,1,1,352,14.352,8.624,8.211,0.01,31.197,0
synth_c24,1,1,353,10.444,6.617,4.374,0.011,21.447,0
synth_c24,1,1,354,10.279,8.183,5.369,0.016,23.847,0
synth_c24,1,1,355,13.496,6.724,5.548,0.013,25.781,0
synth_c24,1,1,356,10.504,10.92,17.224,0.014,38.661,1
synth_c24,1,1,357,9.389,7.819,8.53,0.011,25.748,0
synth_c24,1,1,358,14.169,6.594,2.308,0.011,23.083,0
synth_c24,1,1,359,13.469,6.667,1.226,0.01,21.372,0
synth_c24,1,1,360,16.149,6.91,1.437,0.012,24.509,0
synth_c24,1,1,361,10.543,9.782,4.962,0.018,25.304,0
synth_c24,1,1,362,13.805,11.268,1.693,0.01,26.776,0
synth_c24,1,1,363,16.284,7.117,3.516,0.014,26.931,0
synth_c24,1,1,364,11.658,14.331,1.731,0.018,27.739,0
synth_c24,1,1,365,14.423,6.801,3.836,0.011,25.072,0
synth_c24,1,1,366,16.561,6.581,1.217,0.01,24.369,0
synth_c24,1,1,367,11.843,7.36,10.422,0.012,29.637,0
synth_c24,1,1,368,14.699,6.898,1.268,0.011,22.876,0
synth_c24,1,1,369,14.642,7.005,5.015,0.013,26.675,0
synth_c24,1,1,370,10.375,13.963,1.458,0.01,25.807,0
synth_c24,1,1,371,14.33,7.053,1.907,0.013,23.304,0
synth_c24,1,1,372,13.376,6.672,1.502,0.015,21.565,0
synth_c24,1,1,373,19.868,9.671,6.192,0.012,35.744,1
synth_c24,1,1,374,14.19,7.382,8.922,0.011,30.505,0
synth_c24,1,1,375,13.638,7.654,5.584,0.012,26.887,0
synth_c24,1,1,376,13.805,7.131,9.311,0.011,30.258,0
synth_c24,1,1,377,12.512,7.294,5.794,0.012,25.613,0
synth_c24,1,1,378,9.517,11.479,1.328,0.01,22.334,0
synth_c24,1,1,379,13.687,6.764,5.041,0.013,25.506,0
synth_c24,1,1,380,9.123,14.777,2.321,0.012,26.234,0
synth_c24,1,1,381,15.725,8.941,2.904,0.011,27.581,0
synth_c24,1,1,382,12.945,14.062,1.275,0.01,28.293,0
synth_c24,1,1,383,14.732,7.026,9.914,0.01,31.682,0
synth_c24,1,1,384,12.295,10.092,3.374,0.012,25.773,0
synth_c24,1,1,385,17.975,7.025,1.643,0.012,26.655,0
synth_c24,1,1,386,12.41,9.097,1.266,0.01,22.783,0
synth_c24,1,1,387,14.303,6.941,4.192,0.011,25.447,0
synth_c24,1,1,388,15.412,9.513,5.464,0.02,30.409,0
synth_c24,1,1,389,14.759,6.757,1.302,0.012,22.831,0
synth_c24,1,1,390,15.821,7.821,9.229,0.016,32.886,0
synth_c24,1,1,391,14.736,15.35,1.649,0.011,31.745,0
synth_c24,1,1,392,12.434,12.453,4.991,0.011,29.888,0
synth_c24,1,1,393,13.913,6.647,4.943,0.011,25.513,0
synth_c24,1,1,394,13.692,8.079,5.561,0.019,27.351,0
synth_c24,1,1,395,12.781,6.88,4.078,0.01,23.75,0
synth_c24,1,1,396,7.352,12.097,3.923,0.011,23.384,0
synth_c24,1,1,397,15.065,6.889,7.422,0.015,29.391,0
synth_c24,1,1,398,13.093,6.642,2.315,0.012,22.062,0
synth_c24,1,1,399,13.223,10.525,5.568,0.015,29.331,0
synth_c24,1,1,400,13.49,6.811,1.65,0.011,21.962,0
synth_c24,1,1,401,15.662,6.969,10.524,0.014,33.168,0
synth_c24,1,1,402,13.425,6.644,1.612,0.011,21.692,0
synth_c24,1,1,403,13.86,10.605,1.256,0.01,25.732,0
synth_c24,1,1,404,16.103,7.793,3.313,0.014,27.223,0
synth_c24,1,1,405,12.156,10.323,1.507,0.012,23.998,0
synth_c24,1,1,406,14.132,6.572,2.373,0.01,23.087,0
synth_c24,1,1,407,15.416,7.279,2.372,0.013,25.079,0
synth_c24,1,1,408,12.561,6.806,9.244,0.01,28.622,0
synth_c24,1,1,409,14.238,7.006,2.096,0.011,23.35,0
synth_c24,1,1,410,13.195,6.923,6.706,0.016,26.839,0
synth_c24,1,1,411,10.707,10.717,1.678,0.015,23.118,0
synth_c24,1,1,412,17.444,10.852,4.599,0.015,32.91,0
synth_c24,1,1,413,18.534,10.826,4.182,0.014,33.556,1
synth_c24,1,1,414,19.269,7.112,9.642,0.017,36.04,1
synth_c24,1,1,415,19.571,7.628,11.398,0.016,38.613,1
synth_c24,1,1,416,24.816,7.636,9.043,0.022,41.518,1
synth_c24,1,1,417,19.24,8.325,5.236,0.016,32.816,0
synth_c24,1,1,418,20.122,6.861,5.146,0.013,32.143,0
synth_c24,1,1,419,16.273,8.229,5.312,0.013,29.827,0
synth_c24,1,1,420,21.558,6.72,2.494,0.016,30.788,0
synth_c24,1,1,421,20.937,7.943,1.839,0.013,30.732,0
synth_c24,1,1,422,23.432,7.014,4.997,0.015,35.457,1
synth_c24,1,1,423,19.471,11.115,5.816,0.015,36.417,1
synth_c24,1,1,424,18.119,6.836,6.155,0.014,31.124,0
synth_c24,1,1,425,16.012,11.068,6.032,0.014,33.125,0
synth_c24,1,1,426,18.857,6.76,7.34,0.011,32.967,0
synth_c24,1,1,427,21.72,7.476,4.771,0.014,33.98,1
synth_c24,1,1,428,17.44,6.911,8.459,0.013,32.823,0
synth_c24,1,1,429,23.444,6.817,5.737,0.015,36.013,1
synth_c24,1,1,430,16.611,6.835,2.96,0.013,26.419,0
synth_c24,1,1,431,20.746,6.917,13.401,0.014,41.078,1
synth_c24,1,1,432,20.899,7.11,1.613,0.012,29.635,0
synth_c24,1,1,433,22.84,6.983,1.631,0.015,31.469,0
synth_c24,1,1,434,19.787,10.515,6.594,0.013,36.909,1
synth_c24,1,1,435,19.175,10.167,5.1,0.012,34.453,1
synth_c24,1,1,436,17.471,11.338,2.346,0.013,31.168,0
synth_c24,1,1,437,20.895,6.827,5.078,0.017,32.817,0
synth_c24,1,1,438,19.796,7.042,8.033,0.013,34.884,1
synth_c24,1,1,439,18.264,10.871,2.058,0.015,31.209,0
synth_c24,1,1,440,21.275,6.859,2.627,0.015,30.776,0
synth_c24,1,1,441,19.765,6.977,5.116,0.015,31.873,0
synth_c24,1,1,442,20.397,6.979,5.649,0.013,33.038,0
synth_c24,1,1,443,13.436,10.781,3.17,0.013,27.401,0
synth_c24,1,1,444,20.092,11.634,1.784,0.013,33.523,1
synth_c24,1,1,445,18.802,7.835,9.179,0.012,35.829,1
synth_c24,1,1,446,18.445,10.685,1.586,0.013,30.729,0
synth_c24,1,1,447,17.829,10.453,5.088,0.015,33.385,1
synth_c24,1,1,448,19.458,7.542,4.89,0.012,31.902,0
synth_c24,1,1,449,18.208,9.801,3.795,0.013,31.816,0
synth_c24,1,1,450,21.596,6.733,1.724,0.013,30.066,0
synth_c24,1,1,451,20.512,6.909,2.55,0.013,29.984,0
synth_c24,1,1,452,20.992,7.97,1.848,0.015,30.825,0
synth_c24,1,1,453,20.441,10.768,4.82,0.013,36.042,1
synth_c24,1,1,454,18.676,10.99,4.215,0.014,33.895,1
synth_c24,1,1,455,18.596,10.542,8.81,0.016,37.962,1
synth_c24,1,1,456,17.471,6.848,5.645,0.016,29.98,0
synth_c24,1,1,457,19.552,10.53,1.653,0.014,31.75,0
synth_c24,1,1,458,17.994,8.336,1.684,0.013,28.027,0
synth_c24,1,1,459,20.485,6.974,1.67,0.014,29.142,0
synth_c24,1,1,460,23.947,11.481,1.565,0.013,37.006,1
synth_c24,1,1,461,17.006,11.879,5.018,0.014,33.917,1
synth_c24,1,1,462,14.604,11.509,5.581,0.017,31.711,0
synth_c24,1,1,463,19.716,6.842,5.586,0.014,32.157,0
synth_c24,1,1,464,16.609,10.59,5.817,0.014,33.03,0
synth_c24,1,1,465,20.003,6.858,1.776,0.014,28.651,0
synth_c24,1,1,466,17.145,12.288,1.721,0.013,31.167,0
synth_c24,1,1,467,18.625,6.814,1.487,0.013,26.939,0
synth_c24,1,1,468,20.776,7.573,4.933,0.016,33.297,0
synth_c24,1,1,469,17.614,10.784,1.405,0.012,29.815,0
synth_c24,1,1,470,17.701,11.366,6.958,0.012,36.036,1
synth_c24,1,1,471,14.717,10.293,1.33,0.011,26.351,0
synth_c24,1,1,472,21.699,6.893,3.128,0.012,31.732,0
synth_c24,1,1,473,21.734,6.757,1.285,0.011,29.785,0
synth_c24,1,1,474,21.037,6.722,1.235,0.012,29.006,0
synth_c24,1,2,30,23.962,6.81,3.715,0.015,34.502,1
synth_c24,1,2,31,21.55,7.176,6.548,0.014,35.287,1
synth_c24,1,2,32,19.926,11.147,2.598,0.013,33.684,1
synth_c24,1,2,33,15.935,17.664,6.946,0.015,40.559,1
synth_c24,1,2,34,15.209,7.411,10.043,0.019,32.681,0
synth_c24,1,2,35,20.034,7.784,11.614,0.017,39.448,1
synth_c24,1,2,36,16.162,7.189,5.45,0.016,28.817,0
synth_c24,1,2,37,16.285,7.563,4.291,0.014,28.154,0
synth_c24,1,2,38,21.544,6.942,1.788,0.013,30.288,0
synth_c24,1,2,39,18.977,7.239,3.205,0.015,29.436,0
synth_c24,1,2,40,19.828,8.258,1.592,0.013,29.692,0
synth_c24,1,2,41,18.211,6.855,1.897,0.014,26.975,0
synth_c24,1,2,42,18.36,6.876,9.061,0.019,34.316,1
synth_c24,1,2,43,19.703,9.016,8.82,0.015,37.555,1
synth_c24,1,2,44,19.023,8.423,4.879,0.014,32.34,0
synth_c24,1,2,45,20.278,6.832,1.528,0.013,28.651,0
synth_c24,1,2,46,16.408,7.07,4.422,0.016,27.917,0
synth_c24,1,2,47,22.168,7.089,6.674,0.024,35.954,1
synth_c24,1,2,48,16.23,6.876,2.508,0.015,25.629,0
synth_c24,1,2,49,19.496,7.139,12.835,0.02,39.49,1
synth_c24,1,2,50,18.689,8.418,11.5,0.014,38.622,1
synth_c24,1,2,51,20.641,8.918,4.715,0.013,34.287,1
synth_c24,1,2,52,17.169,7.078,8.32,0.015,32.582,0
synth_c24,1,2,53,20.325,7.285,1.624,0.012,29.245,0
synth_c24,1,2,54,20.552,7.226,1.703,0.015,29.495,0
synth_c24,1,2,55,17.422,10.9,5.131,0.017,33.47,1
synth_c24,1,2,56,20.41,6.951,5.056,0.013,32.43,0
synth_c24,1,2,57,19.8,6.887,4.453,0.018,31.158,0
synth_c24,1,2,58,18.257,6.76,6.484,0.016,31.516,0
synth_c24,1,2,59,17.537,6.852,8.692,0.013,33.093,0
synth_c24,1,2,60,17.789,6.851,6.45,0.016,31.106,0
synth_c24,1,2,61,17.266,9.903,6.55,0.016,33.735,1
synth_c24,1,2,62,16.123,7.489,12.158,0.015,35.785,1
synth_c24,1,2,63,16.852,12.085,7.908,0.013,36.856,1
synth_c24,1,2,64,16.354,7.182,1.785,0.018,25.339,0
synth_c24,1,2,65,19.232,7.748,1.869,0.015,28.864,0
synth_c24,1,2,66,20.041,6.882,2.333,0.015,29.271,0
synth_c24,1,2,67,20.843,7.312,2.581,0.014,30.75,0
synth_c24,1,2,68,21.425,9.312,9.029,0.013,39.778,1
synth_c24,1,2,69,18.73,7.068,7.606,0.017,33.42,1
synth_c24,1,2,70,15.474,6.781,1.694,0.016,23.965,0
synth_c24,1,2,71,17.182,6.788,3.644,0.013,27.626,0
synth_c24,1,2,72,18.07,7.43,2.036,0.015,27.551,0
synth_c24,1,2,73,20.232,7.002,16.293,0.016,43.542,1
synth_c24,1,2,74,16.2,8.46,3.633,0.016,28.31,0
synth_c24,1,2,75,19.591,6.992,11.749,0.02,38.352,1
synth_c24,1,2,76,19.267,7.269,5.8,0.017,32.353,0
synth_c24,1,2,77,16.393,7.021,6.242,0.013,29.669,0
synth_c24,1,2,78,17.664,6.899,6.284,0.019,30.866,0
synth_c24,1,2,79,20.007,6.837,9.5,0.016,36.36,1
synth_c24,1,2,80,16.357,7.429,3.964,0.016,27.766,0
synth_c24,1,2,81,16.999,8.092,3.755,0.018,28.863,0
synth_c24,1,2,82,19.473,7.087,5.177,0.013,31.75,0
synth_c24,1,2,83,14.82,7.28,8.641,0.013,30.754,0
synth_c24,1,2,84,15.485,16.069,9.263,0.017,40.835,1
synth_c24,1,2,85,20.953,7.311,10.448,0.018,38.73,1
synth_c24,1,2,86,21.118,7.27,5.246,0.018,33.653,1
synth_c24,1,2,87,18.993,7.077,2.114,0.014,28.198,0
synth_c24,1,2,88,16.251,14.926,5.83,0.016,37.023,1
synth_c24,1,2,89,16.057,7.041,9.61,0.016,32.724,0
synth_c24,1,2,90,17.377,11.864,6.001,0.016,35.257,1
synth_c24,1,2,91,16.456,6.924,2.564,0.014,25.958,0
synth_c24,1,2,92,20.783,7.476,5.681,0.029,33.97,1
synth_c24,1,2,93,16.549,7.072,3.34,0.015,26.975,0
synth_c24,1,2,94,20.038,6.993,2.133,0.015,29.18,0
synth_c24,1,2,95,21.137,7.011,15.966,0.017,44.131,1
synth_c24,1,2,96,17.957,11.631,10.412,0.019,40.02,1
synth_c24,1,2,97,18.422,7.019,7.739,0.019,33.199,0
synth_c24,1,2,98,19.683,7.162,2.819,0.016,29.68,0
synth_c24,1,2,99,19.15,7.103,1.925,0.016,28.193,0
synth_c24,1,2,100,18.073,8.273,17.522,0.021,43.889,1
synth_c24,1,2,101,15.289,15.058,7.294,0.017,37.658,1
synth_c24,1,2,102,14.85,7.465,3.923,0.017,26.255,0
synth_c24,1,2,103,19.254,7.972,12.827,0.016,40.069,1
synth_c24,1,2,104,19.393,7.178,5.422,0.015,32.008,0
synth_c24,1,2,105,16.861,7.099,1.995,0.019,25.974,0
synth_c24,1,2,106,19.91,7.411,6.12,0.02,33.461,1
synth_c24,1,2,107,15.226,7.022,2.604,0.02,24.872,0
synth_c24,1,2,108,18.327,7.3,4.627,0.019,30.273,0
synth_c24,1,2,109,18.388,8.209,6.268,0.023,32.887,0
synth_c24,1,2,110,19.448,8.073,2.776,0.015,30.313,0
synth_c24,1,2,111,20.657,8.213,5.867,0.015,34.751,1
synth_c24,1,2,112,19.059,9.119,7.333,0.017,35.528,1
synth_c24,1,2,113,18.721,7.234,9.29,0.017,35.263,1
synth_c24,1,2,114,16.089,7.627,5.789,0.02,29.524,0
synth_c24,1,2,115,14.996,15.055,3.983,0.016,34.051,1
synth_c24,1,2,116,19.872,7.969,12.374,0.018,40.233,1
synth_c24,1,2,117,19.942,7.495,6.485,0.015,33.937,1
synth_c24,1,2,118,20.532,7.068,1.713,0.015,29.328,0
synth_c24,1,2,119,20.302,10.022,4.896,0.013,35.233,1
synth_c24,1,2,120,15.827,6.802,2.159,0.016,24.804,0
synth_c24,1,2,121,17.4,7.644,2.309,0.016,27.368,0
synth_c24,1,2,122,20.032,9.493,9.448,0.017,38.989,1
synth_c24,1,2,123,16.479,12.314,3.266,0.019,32.077,0
synth_c24,1,2,124,19.287,7.447,5.922,0.014,32.671,0
synth_c24,1,2,125,19.407,7.704,8.408,0.019,35.538,1
synth_c24,1,2,126,19.35,15.175,11.19,0.019,45.733,1
synth_c24,1,2,127,17.368,6.879,1.943,0.016,26.206,0
synth_c24,1,2,128,17.992,8.394,1.743,0.014,28.142,0
synth_c24,1,2,129,20.403,7.08,2.248,0.015,29.745,0
synth_c24,1,2,130,19.103,7.277,1.563,0.014,27.957,0
synth_c24,1,2,131,21.118,8.886,4.749,0.015,34.769,1
synth_c24,1,2,132,19.538,8.693,3.408,0.015,31.654,0
synth_c24,1,2,133,20.295,10.294,6.45,0.014,37.053,1
synth_c24,1,2,134,20.251,7.027,9.364,0.019,36.661,1
synth_c24,1,2,135,15.711,7.96,4.712,0.023,28.406,0
synth_c24,1,2,136,18.021,7.059,5.5,0.026,30.606,0
synth_c24,1,2,137,18.353,6.861,7.479,0.016,32.71,0
synth_c24,1,2,138,17.631,7.42,8.112,0.016,33.179,0
synth_c24,1,2,139,19.896,10.189,3.11,0.016,33.211,0
synth_c24,1,2,140,20.83,7.294,5.498,0.019,33.641,1
synth_c24,1,2,141,16.176,9.084,10.764,0.018,36.042,1
synth_c24,1,2,142,16.508,9.731,2.819,0.015,29.073,0
synth_c24,1,2,143,17.899,15.216,6.879,0.013,40.007,1
synth_c24,1,2,144,18.086,9.957,4.951,0.017,33.01,0
synth_c24,1,2,145,14.946,6.938,2.08,0.015,23.978,0
synth_c24,1,2,146,19.753,10.055,10.214,0.018,40.039,1
synth_c24,1,2,147,15.631,7.476,8.291,0.018,31.417,0
synth_c24,1,2,148,19.111,7.38,5.414,0.016,31.922,0
synth_c24,1,2,149,16.206,11.162,4.995,0.019,32.382,0
synth_c24,1,2,150,16.581,7.311,4.581,0.015,28.488,0
synth_c24,1,2,151,20.775,6.961,11.738,0.025,39.5,1
synth_c24,1,2,152,19.748,6.89,6.701,0.02,33.358,1
synth_c24,1,2,153,23.556,7.964,8.319,0.02,39.86,1
synth_c24,1,2,154,18.963,7.577,6.941,0.018,33.499,1
synth_c24,1,2,155,19.358,7.585,9.403,0.023,36.369,1
synth_c24,1,2,156,16.421,7.435,5.503,0.017,29.376,0
synth_c24,1,2,157,21.115,9.179,13.075,0.019,43.388,1
synth_c24,1,2,158,20.848,8.863,2.554,0.017,32.282,0
synth_c24,1,2,159,18.336,9.479,17.251,0.03,45.096,1
synth_c24,1,2,160,15.497,7.048,1.381,0.018,23.944,0
synth_c24,1,2,161,20.427,6.991,1.569,0.016,29.002,0
synth_c24,1,2,162,20.441,7.156,5.204,0.017,32.817,0
synth_c24,1,2,163,19.878,6.846,2.484,0.018,29.226,0
synth_c24,1,2,164,20.133,7.544,12.664,0.017,40.359,1
synth_c24,1,2,165,13.331,7.496,7.494,0.02,28.342,0
synth_c24,1,2,166,19.945,7.415,1.564,0.015,28.938,0
synth_c24,1,2,167,19.493,8.338,2.605,0.015,30.452,0
synth_c24,1,2,168,20.009,7.286,13.032,0.014,40.341,1
synth_c24,1,2,169,16.364,16.09,2.295,0.017,34.765,1
synth_c24,1,2,170,21.922,9.081,15.09,0.019,46.112,1
synth_c24,1,2,171,16.215,7.291,1.521,0.014,25.04,0
synth_c24,1,2,172,20.363,7.183,6.294,0.02,33.859,1
synth_c24,1,2,173,15.485,10.192,5.902,0.021,31.601,0
synth_c24,1,2,174,20.663,8.087,1.521,0.014,30.285,0
synth_c24,1,2,175,20.076,6.717,2.982,0.014,29.79,0
synth_c24,1,2,176,17.816,6.745,6.074,0.022,30.657,0
synth_c24,1,2,177,17.84,6.902,4.749,0.014,29.505,0
synth_c24,1,2,178,16.231,13.716,10.842,0.016,40.805,1
synth_c24,1,2,179,18.761,6.986,1.312,0.018,27.077,0
synth_c24,1,2,180,18.93,7.01,4.464,0.014,30.417,0
synth_c24,1,2,181,16.135,6.935,1.633,0.015,24.719,0
synth_c24,1,2,182,13.999,14.784,8.449,0.014,37.245,1
synth_c24,1,2,183,23.211,7.694,3.058,0.018,33.981,1
synth_c24,1,2,184,19.06,8.417,1.317,0.012,28.806,0
synth_c24,1,2,185,20.183,6.786,1.376,0.013,28.358,0
synth_c24,1,2,186,18.636,6.845,4.801,0.012,30.295,0
synth_c24,1,2,187,16.491,6.785,2.243,0.014,25.533,0
synth_c24,1,2,188,16.302,7.565,7.387,0.013,31.268,0
synth_c24,1,2,189,22.812,7.9,5.556,0.014,36.283,1
synth_c24,1,2,190,19.394,6.814,5.186,0.016,31.409,0
synth_c24,1,2,191,15.092,6.692,4.029,0.014,25.827,0
synth_c24,1,2,192,11.122,10.845,2.154,0.01,24.131,0
synth_c24,1,2,193,13.79,8.146,4.068,0.012,26.016,0
synth_c24,1,2,194,17.023,8.256,6.071,0.012,31.361,0
synth_c24,1,2,195,14.039,6.804,5.48,0.012,26.336,0
synth_c24,1,2,196,12.847,11.609,7.451,0.012,31.92,0
synth_c24,1,2,197,8.852,9.65,6.507,0.011,25.021,0
synth_c24,1,2,198,15.356,7.553,1.722,0.015,24.646,0
synth_c24,1,2,199,13.32,9.49,7.079,0.014,29.903,0
synth_c24,1,2,200,12.203,10.632,4.72,0.011,27.565,0
synth_c24,1,2,201,10.137,12.099,1.441,0.013,23.69,0
synth_c24,1,2,202,17.487,7.402,1.349,0.012,26.249,0
synth_c24,1,2,203,14.468,7.624,7.87,0.024,29.985,0
synth_c24,1,2,204,11.123,6.918,2.122,0.012,20.175,0
synth_c24,1,2,205,10.836,8.87,4.678,0.013,24.396,0
synth_c24,1,2,206,17.502,8.184,1.299,0.015,27.0,0
synth_c24,1,2,207,19.779,7.954,4.638,0.013,32.384,0
synth_c24,1,2,208,20.055,7.12,2.54,0.016,29.731,0
synth_c24,1,2,209,15.944,10.582,3.6,0.013,30.139,0
synth_c24,1,2,210,21.717,7.239,5.016,0.013,33.984,1
synth_c24,1,2,211,18.402,7.405,4.493,0.013,30.313,0
synth_c24,1,2,212,15.277,14.767,1.302,0.014,31.36,0
synth_c24,1,2,213,16.176,10.208,4.992,0.016,31.392,0
synth_c24,1,2,214,16.936,10.399,1.569,0.014,28.917,0
synth_c24,1,2,215,19.561,7.752,12.123,0.014,39.449,1
synth_c24,1,2,216,17.581,7.119,1.411,0.012,26.123,0
synth_c24,1,2,217,17.311,11.047,6.664,0.013,35.035,1
synth_c24,1,2,218,18.221,8.356,1.381,0.012,27.971,0
synth_c24,1,2,219,18.825,6.805,4.998,0.014,30.641,0
synth_c24,1,2,220,15.104,11.787,3.794,0.015,30.7,0
synth_c24,1,2,221,22.528,10.417,1.376,0.013,34.334,1
synth_c24,1,2,222,17.814,9.585,4.316,0.014,31.729,0
synth_c24,1,2,223,16.655,17.14,1.529,0.02,35.343,1
synth_c24,1,2,224,20.039,7.393,6.624,0.015,34.071,1
synth_c24,1,2,225,16.245,11.427,2.222,0.013,29.907,0
synth_c24,1,2,226,20.955,7.424,6.678,0.013,35.07,1
synth_c24,1,2,227,17.448,11.142,4.951,0.014,33.555,1
synth_c24,1,2,228,19.946,6.9,1.306,0.012,28.165,0
synth_c24,1,2,229,18.566,12.25,3.967,0.013,34.797,1
synth_c24,1,2,230,20.896,6.778,1.675,0.018,29.367,0
synth_c24,1,2,231,25.298,8.304,4.489,0.014,38.106,1
synth_c24,1,2,232,16.298,12.158,1.239,0.014,29.709,0
synth_c24,1,2,233,19.035,6.919,5.103,0.013,31.07,0
synth_c24,1,2,234,20.629,10.284,4.935,0.018,35.866,1
synth_c24,1,2,235,16.141,14.58,1.33,0.012,32.063,0
synth_c24,1,2,236,18.556,8.553,8.502,0.014,35.625,1
synth_c24,1,2,237,16.173,7.418,5.528,0.015,29.133,0
synth_c24,1,2,238,20.443,7.385,8.842,0.015,36.686,1
synth_c24,1,2,239,16.097,14.982,1.318,0.012,32.409,0
synth_c24,1,2,240,20.329,8.208,1.627,0.013,30.176,0
synth_c24,1,2,241,15.948,15.268,5.269,0.012,36.498,1
synth_c24,1,2,242,19.243,7.075,6.862,0.014,33.194,0
synth_c24,1,2,243,20.713,7.005,7.374,0.013,35.105,1
synth_c24,1,2,244,20.517,6.912,3.934,0.013,31.376,0
synth_c24,1,2,245,19.874,14.558,1.55,0.013,35.995,1
synth_c24,1,2,246,16.691,7.014,5.646,0.019,29.371,0
synth_c24,1,2,247,17.079,6.848,1.593,0.014,25.535,0
synth_c24,1,2,248,20.633,6.762,13.753,0.016,41.164,1
synth_c24,1,2,249,15.083,7.201,7.542,0.017,29.843,0
synth_c24,1,2,250,18.434,7.249,5.028,0.013,30.724,0
synth_c24,1,2,251,17.051,10.845,5.236,0.031,33.163,0
synth_c24,1,2,252,18.733,7.183,12.178,0.016,38.11,1
synth_c24,1,2,253,18.485,11.684,7.82,0.014,38.004,1
synth_c24,1,2,254,19.869,7.902,1.402,0.013,29.186,0
synth_c24,1,2,255,22.729,9.079,1.433,0.015,33.257,0
synth_c24,1,2,256,16.724,13.268,13.81,0.015,43.817,1
synth_c24,1,2,257,19.185,6.839,5.56,0.015,31.598,0
synth_c24,1,2,258,17.537,10.41,5.202,0.013,33.162,0
synth_c24,1,2,259,15.934,9.99,4.526,0.013,30.464,0
synth_c24,1,2,260,22.416,6.944,9.505,0.016,38.881,1
synth_c24,1,2,261,18.539,10.977,6.86,0.017,36.392,1
synth_c24,1,2,262,19.858,7.291,8.932,0.013,36.094,1
synth_c24,1,2,263,17.277,7.426,12.063,0.014,36.781,1
synth_c24,1,2,264,16.979,12.135,2.304,0.015,31.433,0
synth_c24,1,2,265,20.422,6.802,5.761,0.017,33.002,0
synth_c24,1,2,266,14.337,10.983,4.533,0.018,29.871,0
synth_c24,1,2,267,19.385,8.669,5.992,0.016,34.061,1
synth_c24,1,2,268,16.23,10.292,3.617,0.013,30.153,0
synth_c24,1,2,269,15.152,12.062,5.126,0.014,32.354,0
synth_c24,1,2,270,17.352,10.722,5.997,0.017,34.088,1
synth_c24,1,2,271,19.365,7.363,1.35,0.013,28.091,0
synth_c24,1,2,272,20.185,9.42,10.353,0.016,39.975,1
synth_c24,1,2,273,17.769,6.964,1.326,0.013,26.071,0
synth_c24,1,2,274,20.872,7.816,4.677,0.014,33.379,1
synth_c24,1,2,275,21.577,7.661,5.144,0.013,34.396,1
synth_c24,1,2,276,20.486,7.126,1.801,0.014,29.427,0
synth_c24,1,2,277,19.473,7.046,5.55,0.014,32.083,0
synth_c24,1,2,278,18.135,6.84,3.977,0.014,28.966,0
synth_c24,1,2,279,19.303,7.218,1.733,0.014,28.268,0
synth_c24,1,2,280,17.984,11.078,2.571,0.014,31.648,0
synth_c24,1,2,281,15.063,7.003,2.074,0.012,24.153,0
synth_c24,1,2,282,19.167,8.064,3.96,0.014,31.205,0
synth_c24,1,2,283,17.544,10.434,1.624,0.014,29.617,0
synth_c24,1,2,284,21.156,6.774,6.881,0.015,34.826,1
synth_c24,1,2,285,16.366,11.121,5.543,0.014,33.044,0
synth_c24,1,2,286,20.753,7.042,5.121,0.013,32.929,0
synth_c24,1,2,287,16.924,10.62,10.337,0.015,37.896,1
synth_c24,1,2,288,17.631,10.914,3.752,0.015,32.312,0
synth_c24,1,2,289,16.475,12.741,1.437,0.018,30.671,0
synth_c24,1,2,290,21.441,7.147,5.096,0.02,33.704,1
synth_c24,1,2,291,19.635,7.095,1.467,0.015,28.211,0
synth_c24,1,2,292,19.877,7.105,4.76,0.015,31.757,0
synth_c24,1,2,293,24.04,7.279,4.174,0.017,35.51,1
synth_c24,1,2,294,21.55,7.291,8.698,0.02,37.559,1
synth_c24,1,2,295,15.989,10.651,1.405,0.013,28.059,0
synth_c24,1,2,296,19.855,7.068,5.04,0.016,31.98,0
synth_c24,1,2,297,16.294,7.25,1.665,0.016,25.226,0
synth_c24,1,2,298,19.742,7.191,8.625,0.017,35.575,1
synth_c24,1,2,299,16.236,6.792,1.55,0.016,24.594,0
synth_c24,1,2,300,17.283,6.87,2.624,0.014,26.79,0
synth_c24,1,2,301,25.616,6.802,4.28,0.013,36.712,1
synth_c24,1,2,302,16.465,7.256,1.322,0.015,25.057,0
synth_c24,1,2,303,16.93,15.463,4.169,0.014,36.575,1
synth_c24,1,2,304,17.163,7.951,1.258,0.014,26.386,0
synth_c24,1,2,305,15.111,7.058,1.265,0.013,23.447,0
synth_c24,1,2,306,17.521,8.617,4.434,0.02,30.591,0
synth_c24,1,2,307,19.674,7.022,1.19,0.016,27.901,0
synth_c24,1,2,308,20.466,6.852,12.282,0.02,39.62,1
synth_c24,1,2,309,20.553,6.839,1.222,0.014,28.628,0
synth_c24,1,2,310,20.93,7.488,5.047,0.014,33.479,1
synth_c24,1,2,311,16.996,8.803,3.485,0.018,29.301,0
synth_c24,1,2,312,15.463,9.252,1.245,0.013,25.973,0
synth_c24,1,2,313,18.124,9.671,8.326,0.019,36.14,1
synth_c24,1,2,314,19.414,7.194,2.281,0.013,28.903,0
synth_c24,1,2,315,17.89,6.94,5.557,0.015,30.401,0
synth_c24,1,2,316,16.568,6.905,4.954,0.014,28.442,0
synth_c24,1,2,317,17.889,10.801,4.73,0.013,33.433,1
synth_c24,1,2,318,18.22,6.846,6.95,0.012,32.028,0
synth_c24,1,2,319,18.135,6.843,1.047,0.013,26.038,0
synth_c24,1,2,320,20.129,7.598,10.543,0.015,38.285,1
synth_c24,1,2,321,15.203,15.19,6.423,0.018,36.834,1
synth_c24,1,2,322,19.078,6.96,1.945,0.013,27.996,0
synth_c24,1,2,323,16.08,10.986,1.189,0.014,28.27,0
synth_c24,1,2,324,16.279,7.035,2.632,0.019,25.964,0
synth_c24,1,2,325,17.986,10.439,8.4,0.015,36.839,1
synth_c24,1,2,326,19.765,6.828,3.016,0.018,29.627,0
synth_c24,1,2,327,22.597,6.877,5.296,0.012,34.783,1
synth_c24,1,2,328,15.853,6.932,3.598,0.018,26.4,0
synth_c24,1,2,329,18.926,10.224,1.124,0.013,30.287,0
synth_c24,1,2,330,15.043,7.236,5.008,0.015,27.302,0
synth_c24,1,2,331,19.188,6.958,12.05,0.017,38.213,1
synth_c24,1,2,332,15.701,10.852,8.294,0.014,34.86,1
synth_c24,1,2,333,16.186,9.116,1.01,0.013,26.324,0
synth_c24,1,2,334,22.024,7.713,7.511,0.014,37.262,1
synth_c24,1,2,335,19.298,10.425,8.138,0.013,37.875,1
synth_c24,1,2,336,17.398,6.901,1.268,0.013,25.58,0
synth_c24,1,2,337,13.214,11.197,1.308,0.011,25.73,0
synth_c24,1,2,338,9.136,10.656,1.375,0.01,21.178,0
synth_c24,1,2,339,10.729,13.731,1.941,0.014,26.415,0
synth_c24,1,2,340,9.252,10.757,3.362,0.01,23.381,0
synth_c24,1,2,341,11.439,7.204,4.872,0.011,23.526,0
synth_c24,1,2,342,11.244,9.608,3.503,0.011,24.366,0
synth_c24,1,2,343,15.413,11.268,1.213,0.01,27.904,0
synth_c24,1,2,344,9.731,11.027,2.153,0.014,22.925,0
synth_c24,1,2,345,13.211,7.004,8.285,0.015,28.515,0
synth_c24,1,2,346,14.379,7.243,1.536,0.011,23.168,0
synth_c24,1,2,347,10.432,8.665,11.352,0.012,30.461,0
synth_c24,1,2,348,10.455,11.196,8.15,0.01,29.811,0
synth_c24,1,2,349,12.927,7.149,1.691,0.014,21.78,0
synth_c24,1,2,350,7.866,10.076,3.874,0.01,21.826,0
synth_c24,1,2,351,12.96,9.177,2.202,0.011,24.35,0
synth_c24,1,2,352,10.429,13.354,1.857,0.009,25.649,0
synth_c24,1,2,353,8.712,10.355,1.746,0.01,20.824,0
synth_c24,1,2,354,13.48,6.804,5.273,0.012,25.569,0
synth_c24,1,2,355,5.836,10.647,4.031,0.014,20.529,0
synth_c24,1,2,356,12.381,10.201,4.494,0.01,27.087,0
synth_c24,1,2,357,10.014,6.969,10.022,0.014,27.019,0
synth_c24,1,2,358,11.274,10.726,1.643,0.011,23.655,0
synth_c24,1,2,359,13.208,6.751,1.284,0.012,21.254,0
synth_c24,1,2,360,11.497,7.159,5.33,0.011,23.998,0
synth_c24,1,2,361,12.863,6.738,2.716,0.012,22.329,0
synth_c24,1,2,362,8.638,7.941,5.084,0.01,21.673,0
synth_c24,1,2,363,5.682,10.295,5.042,0.014,21.034,0
synth_c24,1,2,364,10.239,10.565,1.294,0.01,22.108,0
synth_c24,1,2,365,15.152,10.55,2.841,0.011,28.554,0
synth_c24,1,2,366,11.877,10.881,5.028,0.017,27.803,0
synth_c24,1,2,367,10.759,6.584,9.353,0.012,26.708,0
synth_c24,1,2,368,12.939,10.099,6.218,0.015,29.271,0
synth_c24,1,2,369,21.088,6.776,6.125,0.013,34.003,1
synth_c24,1,2,370,22.024,6.828,1.423,0.013,30.288,0
synth_c24,1,2,371,21.828,6.912,2.344,0.012,31.097,0
synth_c24,1,2,372,16.505,9.663,8.1,0.016,34.285,1
synth_c24,1,2,373,16.132,11.137,4.933,0.014,32.216,0
synth_c24,1,2,374,15.882,13.438,1.461,0.012,30.793,0
synth_c24,1,2,375,16.634,6.827,1.53,0.012,25.003,0
synth_c24,1,2,376,20.424,6.69,1.573,0.021,28.708,0
synth_c24,1,2,377,22.795,6.733,2.781,0.012,32.321,0
synth_c24,1,2,378,17.277,8.115,5.106,0.016,30.514,0
synth_c24,1,2,379,15.741,10.321,5.312,0.017,31.391,0
synth_c24,1,2,380,18.277,11.115,1.856,0.02,31.267,0
synth_c24,1,2,381,17.064,12.056,4.661,0.013,33.794,1
synth_c24,1,2,382,22.132,11.234,4.802,0.015,38.183,1
synth_c24,1,2,383,16.051,11.08,9.932,0.016,37.08,1
synth_c24,1,2,384,15.169,10.777,1.417,0.013,27.377,0
synth_c24,1,2,385,20.594,11.402,4.456,0.014,36.466,1
synth_c24,1,2,386,15.419,12.653,1.83,0.016,29.918,0
synth_c24,1,2,387,21.854,9.118,5.387,0.015,36.374,1
synth_c24,1,2,388,18.818,7.241,6.858,0.014,32.931,0
synth_c24,1,2,389,20.252,8.299,12.814,0.015,41.381,1
synth_c24,1,2,390,16.498,14.19,1.461,0.014,32.162,0
synth_c24,1,2,391,18.706,7.211,4.282,0.012,30.211,0
synth_c24,1,2,392,17.078,10.842,1.609,0.015,29.545,0
synth_c24,1,2,393,19.0,9.016,1.428,0.013,29.457,0
synth_c24,1,2,394,19.53,12.796,1.458,0.014,33.798,1
synth_c24,1,2,395,19.876,15.179,4.758,0.016,39.829,1
synth_c24,1,2,396,15.863,10.917,1.342,0.014,28.136,0
synth_c24,1,2,397,18.904,9.241,10.129,0.02,38.294,1
synth_c24,1,2,398,15.91,7.377,1.681,0.014,24.981,0
synth_c24,1,2,399,18.228,13.808,3.702,0.019,35.757,1
synth_c24,1,2,400,19.157,7.596,5.672,0.016,32.441,0
synth_c24,1,2,401,19.604,8.018,9.067,0.014,36.702,1
synth_c24,1,2,402,17.101,7.604,1.595,0.015,26.315,0
synth_c24,1,2,403,15.981,10.989,3.081,0.013,30.064,0
synth_c24,1,2,404,18.728,10.734,11.579,0.016,41.057,1
synth_c24,1,2,405,19.049,6.776,2.576,0.013,28.414,0
synth_c24,1,2,406,16.125,10.753,3.494,0.013,30.385,0
synth_c24,1,2,407,23.725,6.852,1.511,0.018,32.106,0
synth_c24,1,2,408,15.051,10.189,8.02,0.013,33.273,0
synth_c24,1,2,409,17.665,11.7,3.509,0.022,32.895,0
synth_c24,1,2,410,17.044,9.615,4.139,0.013,30.812,0
synth_c24,1,2,411,19.764,6.762,2.739,0.015,29.28,0
synth_c24,1,2,412,16.93,9.772,9.854,0.018,36.575,1
synth_c24,1,2,413,19.432,7.121,11.896,0.015,38.464,1
synth_c24,1,2,414,22.19,7.202,7.57,0.017,36.979,1
synth_c24,1,2,415,16.115,6.842,7.237,0.013,30.207,0
synth_c24,1,2,416,17.793,6.888,13.712,0.019,38.412,1
synth_c24,1,2,417,18.624,7.282,9.93,0.02,35.856,1
synth_c24,1,2,418,19.761,7.588,12.651,0.014,40.015,1
synth_c24,1,2,419,15.445,8.511,5.309,0.015,29.281,0
synth_c24,1,2,420,21.226,7.168,4.568,0.014,32.976,0
synth_c24,1,2,421,22.364,6.852,4.351,0.017,33.584,1
synth_c24,1,2,422,17.216,7.227,7.723,0.015,32.181,0
synth_c24,1,2,423,16.982,7.328,1.732,0.021,26.063,0
synth_c24,1,2,424,18.07,7.002,8.903,0.015,33.991,1
synth_c24,1,2,425,20.42,7.013,1.539,0.014,28.985,0
synth_c24,1,2,426,23.276,6.972,1.492,0.014,31.754,0
synth_c24,1,2,427,19.194,6.808,3.009,0.012,29.025,0
synth_c24,1,2,428,18.983,7.558,8.205,0.016,34.762,1
synth_c24,1,2,429,17.538,6.844,4.977,0.013,29.373,0
synth_c24,1,2,430,19.838,8.051,1.401,0.013,29.303,0
synth_c24,1,2,431,16.115,7.219,2.933,0.015,26.281,0
synth_c24,1,2,432,15.901,6.958,1.423,0.012,24.295,0
synth_c24,1,2,433,18.001,6.879,1.999,0.047,26.926,0
synth_c24,1,2,434,20.812,6.973,1.433,0.014,29.232,0
synth_c24,1,2,435,21.482,6.791,5.795,0.014,34.081,1
synth_c24,1,2,436,27.258,6.84,5.41,0.014,39.522,1
synth_c24,1,2,437,20.705,7.008,14.151,0.014,41.879,1
synth_c24,1,2,438,17.841,9.227,1.507,0.013,28.587,0
synth_c24,1,2,439,15.839,8.559,6.158,0.013,30.57,0
synth_c24,1,2,440,11.832,10.95,1.539,0.011,24.333,0
synth_c24,1,2,441,13.462,7.248,2.785,0.011,23.505,0
synth_c24,1,2,442,11.123,11.752,1.259,0.015,24.149,0
synth_c24,1,2,443,13.335,6.773,11.764,0.015,31.888,0
synth_c24,1,2,444,12.692,7.135,1.41,0.014,21.252,0
synth_c24,1,2,445,12.797,7.091,6.686,0.013,26.587,0
synth_c24,1,2,446,11.346,12.565,7.663,0.013,31.588,0
synth_c24,1,2,447,17.322,6.76,6.8,0.012,30.894,0
synth_c24,1,2,448,13.214,6.999,1.22,0.011,21.445,0
synth_c24,1,2,449,16.09,6.692,1.214,0.011,24.007,0
synth_c24,1,2,450,11.425,9.354,4.581,0.01,25.37,0
synth_c24,1,2,451,11.82,9.647,1.141,0.01,22.619,0
synth_c24,1,2,452,13.938,7.68,3.809,0.01,25.438,0
synth_c24,1,2,453,10.938,11.432,1.26,0.01,23.64,0
synth_c24,1,2,454,18.574,6.787,2.436,0.018,27.814,0
synth_c24,1,2,455,17.711,12.221,2.704,0.012,32.649,0
synth_c24,1,2,456,19.237,6.81,12.968,0.016,39.031,1
synth_c24,1,2,457,16.448,9.913,1.824,0.013,28.198,0
synth_c24,1,2,458,21.741,6.847,1.936,0.012,30.537,0
synth_c24,1,2,459,13.923,10.487,3.738,0.015,28.164,0
synth_c24,1,2,460,21.062,10.3,1.551,0.013,32.926,0
synth_c24,1,2,461,20.479,8.938,5.736,0.018,35.171,1
synth_c24,1,2,462,18.953,6.819,1.482,0.013,27.268,0
synth_c24,1,2,463,20.048,10.841,4.584,0.016,35.489,1
synth_c24,1,2,464,14.456,9.854,4.915,0.014,29.239,0
synth_c24,1,2,465,16.526,11.469,5.272,0.014,33.281,0
synth_c24,1,2,466,16.421,7.339,6.557,0.013,30.33,0
synth_c24,1,2,467,19.969,8.369,1.391,0.013,29.743,0
synth_c24,1,2,468,18.926,6.886,1.513,0.015,27.34,0
synth_c24,1,2,469,19.792,8.445,4.553,0.012,32.802,0
synth_c24,1,2,470,15.947,9.723,4.989,0.013,30.672,0
synth_c24,1,2,471,15.973,10.73,1.764,0.013,28.48,0
synth_c24,1,2,472,15.931,8.223,3.553,0.013,27.719,0
synth_c24,1,2,473,17.826,6.982,4.708,0.012,29.528,0
synth_c24,1,2,474,24.07,7.163,1.465,0.013,32.711,0
synth_c24,1,3,30,15.032,17.188,7.94,0.016,40.176,1
synth_c24,1,3,31,18.763,10.542,6.031,0.015,35.351,1
synth_c24,1,3,32,14.676,16.16,1.628,0.015,32.478,0
synth_c24,1,3,33,16.96,6.841,6.649,0.013,30.463,0
synth_c24,1,3,34,19.754,6.895,2.736,0.013,29.399,0
synth_c24,1,3,35,16.052,6.784,2.318,0.02,25.174,0
synth_c24,1,3,36,15.733,13.505,8.046,0.025,37.31,1
synth_c24,1,3,37,15.727,7.209,5.495,0.013,28.444,0
synth_c24,1,3,38,14.745,14.664,4.784,0.012,34.204,1
synth_c24,1,3,39,15.551,7.169,8.866,0.013,31.6,0
synth_c24,1,3,40,12.889,14.835,5.429,0.02,33.172,0
synth_c24,1,3,41,17.152,7.302,4.8,0.012,29.266,0
synth_c24,1,3,42,20.931,7.112,2.601,0.013,30.658,0
synth_c24,1,3,43,14.708,6.897,5.463,0.015,27.083,0
synth_c24,1,3,44,15.496,10.507,2.625,0.013,28.641,0
synth_c24,1,3,45,14.183,8.224,2.974,0.013,25.393,0
synth_c24,1,3,46,17.637,7.246,4.371,0.012,29.265,0
synth_c24,1,3,47,20.784,7.104,6.572,0.015,34.475,1
synth_c24,1,3,48,15.858,7.054,3.616,0.015,26.543,0
synth_c24,1,3,49,17.704,7.437,12.422,0.018,37.582,1
synth_c24,1,3,50,18.919,7.313,14.383,0.021,40.636,1
synth_c24,1,3,51,18.862,7.73,4.271,0.032,30.895,0
synth_c24,1,3,52,20.098,7.064,2.275,0.014,29.451,0
synth_c24,1,3,53,20.252,6.833,4.66,0.013,31.758,0
synth_c24,1,3,54,21.347,6.917,2.25,0.013,30.526,0
synth_c24,1,3,55,16.923,7.021,2.023,0.013,25.979,0
synth_c24,1,3,56,15.371,7.181,2.97,0.016,25.539,0
synth_c24,1,3,57,15.416,12.643,4.808,0.015,32.883,0
synth_c24,1,3,58,18.022,11.578,1.481,0.012,31.093,0
synth_c24,1,3,59,15.787,15.138,5.226,0.011,36.162,1
synth_c24,1,3,60,16.586,11.141,1.507,0.013,29.248,0
synth_c24,1,3,61,18.052,7.045,2.455,0.012,27.564,0
synth_c24,1,3,62,15.121,15.069,1.751,0.014,31.954,0
synth_c24,1,3,63,15.521,6.892,8.596,0.014,31.022,0
synth_c24,1,3,64,18.512,7.243,7.754,0.02,33.528,1
synth_c24,1,3,65,19.107,7.677,3.135,0.018,29.937,0
synth_c24,1,3,66,17.607,8.575,5.49,0.014,31.686,0
synth_c24,1,3,67,14.613,7.279,2.65,0.014,24.555,0
synth_c24,1,3,68,17.764,6.919,9.254,0.017,33.954,1
synth_c24,1,3,69,16.137,9.669,3.193,0.016,29.015,0
synth_c24,1,3,70,18.522,6.997,10.826,0.017,36.361,1
synth_c24,1,3,71,18.183,6.97,1.489,0.012,26.654,0
synth_c24,1,3,72,19.444,6.986,12.227,0.013,38.671,1
synth_c24,1,3,73,17.68,6.908,1.545,0.014,26.147,0
synth_c24,1,3,74,16.718,7.589,4.624,0.013,28.944,0
synth_c24,1,3,75,19.943,7.348,8.916,0.02,36.226,1
synth_c24,1,3,76,17.023,7.252,4.839,0.018,29.132,0
synth_c24,1,3,77,17.281,13.542,10.061,0.016,40.9,1
synth_c24,1,3,78,18.772,13.249,1.362,0.014,33.396,1
synth_c24,1,3,79,18.279,12.462,1.426,0.021,32.188,0
synth_c24,1,3,80,21.157,6.899,6.654,0.015,34.725,1
synth_c24,1,3,81,18.479,7.119,1.825,0.018,27.44,0
synth_c24,1,3,82,17.827,11.208,1.188,0.014,30.238,0
synth_c24,1,3,83,21.94,6.999,4.178,0.013,33.13,0
synth_c24,1,3,84,20.611,6.918,1.163,0.013,28.705,0
synth_c24,1,3,85,17.975,11.639,1.501,0.014,31.13,0
synth_c24,1,3,86,15.105,11.778,1.291,0.017,28.191,0
synth_c24,1,3,87,19.879,9.182,3.986,0.019,33.066,0
synth_c24,1,3,88,18.774,9.168,5.191,0.015,33.147,0
synth_c24,1,3,89,20.676,12.734,1.336,0.017,34.763,1
synth_c24,1,3,90,18.078,7.931,1.295,0.016,27.32,0
synth_c24,1,3,91,20.156,7.233,3.346,0.016,30.751,0
synth_c24,1,3,92,19.796,9.597,1.169,0.014,30.577,0
synth_c24,1,3,93,20.501,7.094,3.478,0.014,31.086,0
synth_c24,1,3,94,22.316,7.799,3.698,0.018,33.831,1
synth_c24,1,3,95,21.454,6.959,1.143,0.016,29.571,0
synth_c24,1,3,96,21.062,11.84,5.586,0.017,38.505,1
synth_c24,1,3,97,16.435,12.923,8.357,0.016,37.731,1
synth_c24,1,3,98,19.445,8.269,2.544,0.016,30.274,0
synth_c24,1,3,99,16.326,10.224,1.229,0.018,27.796,0
synth_c24,1,3,100,20.363,8.233,11.397,0.022,40.015,1
synth_c24,1,3,101,13.668,11.987,5.346,0.024,31.025,0
synth_c24,1,3,102,15.813,11.772,1.418,0.02,29.024,0
synth_c24,1,3,103,22.619,6.99,3.964,0.018,33.591,1
synth_c24,1,3,104,19.048,8.151,4.535,0.02,31.755,0
synth_c24,1,3,105,16.867,7.73,8.13,0.017,32.745,0
synth_c24,1,3,106,16.175,16.614,10.456,0.019,43.263,1
synth_c24,1,3,107,16.934,11.151,1.231,0.016,29.332,0
synth_c24,1,3,108,17.4,7.046,1.151,0.015,25.611,0
synth_c24,1,3,109,21.71,7.6,9.288,0.019,38.617,1
synth_c24,1,3,110,17.272,10.215,6.678,0.02,34.185,1
synth_c24,1,3,111,16.963,7.059,1.954,0.019,25.995,0
synth_c24,1,3,112,21.064,6.962,5.948,0.016,33.989,1
synth_c24,1,3,113,20.755,12.402,2.588,0.016,35.762,1
synth_c24,1,3,114,17.377,12.945,1.216,0.013,31.551,0
synth_c24,1,3,115,15.326,8.374,4.275,0.015,27.989,0
synth_c24,1,3,116,17.548,8.249,4.291,0.014,30.101,0
synth_c24,1,3,117,16.979,7.163,4.491,0.019,28.65,0
synth_c24,1,3,118,15.185,11.965,1.738,0.019,28.907,0
synth_c24,1,3,119,22.765,8.29,13.694,0.016,44.765,1
synth_c24,1,3,120,17.984,11.91,2.123,0.016,32.033,0
synth_c24,1,3,121,19.183,7.4,1.176,0.014,27.773,0
synth_c24,1,3,122,16.969,11.893,1.483,0.016,30.361,0
synth_c24,1,3,123,16.423,10.507,1.47,0.016,28.416,0
synth_c24,1,3,124,20.571,7.463,1.791,0.017,29.841,0
synth_c24,1,3,125,19.492,9.672,5.986,0.029,35.179,1
synth_c24,1,3,126,25.247,8.061,1.582,0.015,34.905,1
synth_c24,1,3,127,20.414,7.577,5.748,0.023,33.763,1
synth_c24,1,3,128,19.774,7.379,5.335,0.018,32.506,0
synth_c24,1,3,129,15.522,11.567,1.349,0.015,28.453,0
synth_c24,1,3,130,21.082,7.754,1.273,0.014,30.123,0
synth_c24,1,3,131,19.182,7.131,5.224,0.019,31.557,0
synth_c24,1,3,132,19.205,7.91,4.522,0.02,31.657,0
synth_c24,1,3,133,17.835,7.163,2.627,0.015,27.641,0
synth_c24,1,3,134,16.714,11.667,1.385,0.016,29.781,0
synth_c24,1,3,135,21.071,10.204,5.147,0.02,36.442,1
synth_c24,1,3,136,15.522,14.698,5.109,0.018,35.346,1
synth_c24,1,3,137,19.656,7.762,19.52,0.018,46.956,1
synth_c24,1,3,138,12.398,7.458,1.516,0.016,21.388,0
synth_c24,1,3,139,13.974,10.887,1.247,0.014,26.122,0
synth_c24,1,3,140,21.344,7.869,5.955,0.014,35.183,1
synth_c24,1,3,141,17.753,6.935,1.221,0.014,25.923,0
synth_c24,1,3,142,20.22,7.72,1.711,0.015,29.666,0
synth_c24,1,3,143,19.071,7.712,2.297,0.015,29.094,0
synth_c24,1,3,144,18.77,9.76,3.984,0.014,32.528,0
synth_c24,1,3,145,19.55,7.863,8.867,0.015,36.296,1
synth_c24,1,3,146,15.915,11.535,5.641,0.016,33.107,0
synth_c24,1,3,147,15.797,7.125,2.037,0.013,24.972,0
synth_c24,1,3,148,18.984,8.454,5.379,0.016,32.834,0
synth_c24,1,3,149,16.171,15.192,1.449,0.014,32.827,0
synth_c24,1,3,150,16.966,14.979,2.852,0.015,34.813,1
synth_c24,1,3,151,18.996,7.555,11.605,0.018,38.174,1
synth_c24,1,3,152,13.596,13.597,1.654,0.016,28.863,0
synth_c24,1,3,153,20.565,10.051,5.485,0.015,36.116,1
synth_c24,1,3,154,17.815,7.04,8.109,0.014,32.98,0
synth_c24,1,3,155,17.993,11.158,6.156,0.018,35.324,1
synth_c24,1,3,156,20.288,6.893,1.659,0.021,28.86,0
synth_c24,1,3,157,19.715,10.721,6.181,0.022,36.639,1
synth_c24,1,3,158,20.247,7.259,12.036,0.018,39.56,1
synth_c24,1,3,159,17.885,7.262,9.081,0.017,34.245,1
synth_c24,1,3,160,18.151,7.719,7.919,0.02,33.809,1
synth_c24,1,3,161,17.155,11.368,5.735,0.017,34.275,1
synth_c24,1,3,162,20.87,7.57,8.383,0.016,36.839,1
synth_c24,1,3,163,14.242,16.449,14.363,0.021,45.075,1
synth_c24,1,3,164,11.822,7.214,1.535,0.014,20.585,0
synth_c24,1,3,165,19.526,7.93,8.36,0.018,35.834,1
synth_c24,1,3,166,16.455,7.36,1.694,0.016,25.525,0
synth_c24,1,3,167,15.502,11.956,5.339,0.016,32.813,0
synth_c24,1,3,168,18.745,7.365,9.664,0.018,35.792,1
synth_c24,1,3,169,16.713,7.551,8.5,0.014,32.779,0
synth_c24,1,3,170,20.189,12.547,1.294,0.013,34.044,1
synth_c24,1,3,171,21.368,7.012,1.567,0.013,29.96,0
synth_c24,1,3,172,17.964,7.418,10.02,0.016,35.417,1
synth_c24,1,3,173,23.407,9.592,4.703,0.015,37.718,1
synth_c24,1,3,174,20.108,9.083,11.185,0.018,40.394,1
synth_c24,1,3,175,13.883,6.795,2.879,0.014,23.571,0
synth_c24,1,3,176,21.841,7.329,8.027,0.024,37.221,1
synth_c24,1,3,177,19.745,7.346,1.413,0.016,28.52,0
synth_c24,1,3,178,17.649,6.871,1.33,0.013,25.864,0
synth_c24,1,3,179,17.421,6.878,3.5,0.016,27.815,0
synth_c24,1,3,180,18.672,12.532,9.826,0.021,41.051,1
synth_c24,1,3,181,20.984,6.937,4.708,0.016,32.646,0
synth_c24,1,3,182,16.924,14.478,1.576,0.016,32.994,0
synth_c24,1,3,183,19.079,7.234,1.435,0.014,27.762,0
synth_c24,1,3,184,20.469,7.124,9.794,0.022,37.41,1
synth_c24,1,3,185,16.575,7.448,1.489,0.014,25.526,0
synth_c24,1,3,186,17.177,7.183,1.834,0.014,26.209,0
synth_c24,1,3,187,16.543,10.852,7.922,0.016,35.333,1
synth_c24,1,3,188,19.287,6.802,1.27,0.012,27.371,0
synth_c24,1,3,189,19.149,6.848,4.573,0.013,30.584,0
synth_c24,1,3,190,18.804,6.829,1.223,0.013,26.868,0
synth_c24,1,3,191,18.316,6.942,1.338,0.013,26.608,0
synth_c24,1,3,192,20.49,7.171,5.765,0.014,33.44,1
synth_c24,1,3,193,17.161,7.162,9.525,0.014,33.862,1
synth_c24,1,3,194,16.182,7.403,1.551,0.013,25.149,0
synth_c24,1,3,195,16.736,8.904,10.282,0.017,35.94,1
synth_c24,1,3,196,8.09,11.798,1.367,0.013,21.268,0
synth_c24,1,3,197,9.272,10.396,7.417,0.01,27.095,0
synth_c24,1,3,198,11.654,7.268,5.159,0.013,24.094,0
synth_c24,1,3,199,13.208,8.293,5.908,0.012,27.421,0
synth_c24,1,3,200,12.131,13.077,2.025,0.012,27.245,0
synth_c24,1,3,201,14.675,6.748,1.038,0.012,22.473,0
synth_c24,1,3,202,15.304,6.857,8.66,0.014,30.835,0
synth_c24,1,3,203,16.146,6.703,1.008,0.01,23.867,0
synth_c24,1,3,204,10.805,6.802,6.787,0.015,24.408,0
synth_c24,1,3,205,13.571,11.106,1.92,0.011,26.607,0
synth_c24,1,3,206,13.037,6.715,2.454,0.011,22.217,0
synth_c24,1,3,207,9.86,12.019,4.717,0.01,26.607,0
synth_c24,1,3,208,13.725,7.57,1.245,0.012,22.552,0
synth_c24,1,3,209,11.046,6.907,1.229,0.011,19.193,0
synth_c24,1,3,210,14.513,6.964,3.986,0.014,25.477,0
synth_c24,1,3,211,10.166,12.944,3.462,0.018,26.59,0
synth_c24,1,3,212,12.389,9.492,0.962,0.01,22.853,0
synth_c24,1,3,213,13.058,6.874,0.979,0.009,20.919,0
synth_c24,1,3,214,13.138,7.145,3.113,0.011,23.406,0
synth_c24,1,3,215,13.146,7.886,5.204,0.012,26.248,0
synth_c24,1,3,216,12.218,6.908,1.659,0.015,20.8,0
synth_c24,1,3,217,12.986,8.557,1.027,0.01,22.581,0
synth_c24,1,3,218,13.676,7.095,7.474,0.011,28.256,0
synth_c24,1,3,219,6.799,10.563,4.331,0.012,21.706,0
synth_c24,1,3,220,13.574,6.824,1.088,0.011,21.497,0
synth_c24,1,3,221,13.532,6.644,9.806,0.013,29.995,0
synth_c24,1,3,222,11.686,8.776,0.977,0.011,21.45,0
synth_c24,1,3,223,9.881,16.697,4.354,0.011,30.943,0
synth_c24,1,3,224,13.241,7.622,2.174,0.01,23.047,0
synth_c24,1,3,225,16.455,8.862,1.429,0.013,26.76,0
synth_c24,1,3,226,14.896,8.392,9.921,0.014,33.223,0
synth_c24,1,3,227,18.912,9.86,1.348,0.013,30.133,0
synth_c24,1,3,228,21.522,10.86,3.547,0.014,35.943,1
synth_c24,1,3,229,31.11,11.316,2.883,0.015,45.323,1
synth_c24,1,3,230,17.951,7.154,4.924,0.014,30.043,0
synth_c24,1,3,231,16.793,12.635,6.832,0.013,36.273,1
synth_c24,1,3,232,14.896,13.541,4.784,0.013,33.233,0
synth_c24,1,3,233,17.014,6.781,1.45,0.017,25.262,0
synth_c24,1,3,234,16.608,11.365,4.028,0.016,32.017,0
synth_c24,1,3,235,18.596,11.334,1.33,0.013,31.273,0
synth_c24,1,3,236,17.089,7.117,1.351,0.015,25.571,0
synth_c24,1,3,237,22.676,7.948,1.387,0.015,32.027,0
synth_c24,1,3,238,20.691,7.126,1.582,0.013,29.413,0
synth_c24,1,3,239,21.202,12.294,3.003,0.02,36.519,1
synth_c24,1,3,240,16.273,12.992,7.239,0.014,36.518,1
synth_c24,1,3,241,17.691,6.962,1.484,0.016,26.153,0
synth_c24,1,3,242,17.893,6.88,4.719,0.013,29.505,0
synth_c24,1,3,243,16.302,6.83,4.117,0.014,27.263,0
synth_c24,1,3,244,20.909,6.831,1.334,0.012,29.086,0
synth_c24,1,3,245,21.857,7.563,5.337,0.013,34.772,1
synth_c24,1,3,246,16.123,7.205,2.577,0.013,25.919,0
synth_c24,1,3,247,16.504,7.2,1.632,0.014,25.35,0
synth_c24,1,3,248,16.018,12.263,7.082,0.015,35.377,1
synth_c24,1,3,249,14.543,8.023,3.422,0.018,26.006,0
synth_c24,1,3,250,21.278,7.359,1.203,0.012,29.853,0
synth_c24,1,3,251,19.074,10.944,3.081,0.013,33.111,0
synth_c24,1,3,252,14.886,11.084,1.552,0.014,27.536,0
synth_c24,1,3,253,16.396,12.021,9.165,0.016,37.598,1
synth_c24,1,3,254,13.12,9.594,1.755,0.016,24.486,0
synth_c24,1,3,255,20.607,7.22,3.356,0.015,31.199,0
synth_c24,1,3,256,17.849,8.134,5.285,0.015,31.284,0
synth_c24,1,3,257,21.52,7.165,1.318,0.014,30.017,0
synth_c24,1,3,258,28.352,7.044,1.437,0.012,36.845,1
synth_c24,1,3,259,19.303,6.917,6.297,0.014,32.53,0
synth_c24,1,3,260,17.925,8.313,8.771,0.014,35.023,1
synth_c24,1,3,261,18.98,7.088,1.344,0.013,27.425,0
synth_c24,1,3,262,18.188,7.075,1.352,0.014,26.629,0
synth_c24,1,3,263,21.055,11.716,1.458,0.012,34.241,1
synth_c24,1,3,264,19.189,7.285,5.09,0.014,31.578,0
synth_c24,1,3,265,16.089,7.44,1.444,0.014,24.987,0
synth_c24,1,3,266,22.207,6.919,5.418,0.016,34.56,1
synth_c24,1,3,267,20.877,8.159,4.293,0.018,33.348,1
synth_c24,1,3,268,18.903,6.912,1.315,0.013,27.143,0
synth_c24,1,3,269,22.489,6.864,7.23,0.014,36.597,1
synth_c24,1,3,270,19.79,7.228,3.003,0.015,30.035,0
synth_c24,1,3,271,17.57,7.146,5.471,0.015,30.202,0
synth_c24,1,3,272,22.273,7.289,5.766,0.012,35.34,1
synth_c24,1,3,273,17.962,7.301,9.942,0.018,35.222,1
synth_c24,1,3,274,18.255,7.487,9.268,0.016,35.026,1
synth_c24,1,3,275,18.047,7.19,1.822,0.014,27.073,0
synth_c24,1,3,276,18.786,6.848,5.744,0.017,31.395,0
synth_c24,1,3,277,18.017,13.654,3.244,0.013,34.928,1
synth_c24,1,3,278,19.557,6.978,12.937,0.016,39.489,1
synth_c24,1,3,279,20.978,10.899,1.14,0.013,33.029,0
synth_c24,1,3,280,22.364,6.812,1.208,0.012,30.396,0
synth_c24,1,3,281,20.064,6.921,6.295,0.014,33.295,0
synth_c24,1,3,282,14.895,7.663,1.478,0.014,24.051,0
synth_c24,1,3,283,19.806,7.716,10.589,0.016,38.127,1
synth_c24,1,3,284,16.025,7.111,3.944,0.013,27.093,0
synth_c24,1,3,285,18.132,6.928,1.382,0.012,26.454,0
synth_c24,1,3,286,21.598,6.849,1.53,0.012,29.988,0
synth_c24,1,3,287,22.74,6.875,1.413,0.013,31.041,0
synth_c24,1,3,288,17.802,6.832,6.053,0.024,30.711,0
synth_c24,1,3,289,20.395,7.098,5.182,0.012,32.687,0
synth_c24,1,3,290,27.063,7.158,12.671,0.016,46.908,1
synth_c24,1,3,291,15.546,6.953,4.101,0.015,26.616,0
synth_c24,1,3,292,19.705,6.882,2.202,0.013,28.803,0
synth_c24,1,3,293,20.229,6.831,2.439,0.012,29.512,0
synth_c24,1,3,294,19.149,6.83,1.498,0.013,27.49,0
synth_c24,1,3,295,22.035,7.306,1.499,0.013,30.853,0
synth_c24,1,3,296,20.446,7.082,3.14,0.013,30.681,0
synth_c24,1,3,297,20.752,7.626,4.906,0.017,33.301,0
synth_c24,1,3,298,20.095,7.439,1.865,0.017,29.416,0
synth_c24,1,3,299,19.922,6.906,10.265,0.015,37.107,1
synth_c24,1,3,300,18.326,10.297,1.49,0.015,30.127,0
synth_c24,1,3,301,16.507,10.719,2.305,0.017,29.548,0
synth_c24,1,3,302,16.069,11.58,8.966,0.017,36.631,1
synth_c24,1,3,303,17.499,10.015,1.667,0.015,29.196,0
synth_c24,1,3,304,17.78,6.85,10.22,0.014,34.864,1
synth_c24,1,3,305,16.315,7.918,5.23,0.013,29.477,0
synth_c24,1,3,306,16.453,6.919,1.591,0.014,24.977,0
synth_c24,1,3,307,17.875,7.225,10.883,0.018,36.002,1
synth_c24,1,3,308,17.809,6.822,1.388,0.014,26.032,0
synth_c24,1,3,309,19.505,6.95,1.467,0.013,27.936,0
synth_c24,1,3,310,15.72,6.903,4.706,0.015,27.344,0
synth_c24,1,3,311,19.776,6.899,1.307,0.012,27.994,0
synth_c24,1,3,312,20.175,7.257,15.069,0.017,42.519,1
synth_c24,1,3,313,19.005,7.357,9.093,0.017,35.472,1
synth_c24,1,3,314,16.809,7.082,5.542,0.017,29.449,0
synth_c24,1,3,315,16.396,8.29,1.616,0.013,26.315,0
synth_c24,1,3,316,23.184,7.029,2.657,0.012,32.882,0
synth_c24,1,3,317,20.577,6.94,4.828,0.013,32.358,0
synth_c24,1,3,318,16.832,6.933,7.817,0.016,31.597,0
synth_c24,1,3,319,19.007,10.877,8.009,0.016,37.908,1
synth_c24,1,3,320,18.305,6.753,1.453,0.013,26.524,0
synth_c24,1,3,321,18.66,7.132,1.608,0.014,27.414,0
synth_c24,1,3,322,18.243,8.288,4.712,0.017,31.26,0
synth_c24,1,3,323,18.282,7.05,1.446,0.013,26.791,0
synth_c24,1,3,324,18.976,7.344,1.396,0.012,27.728,0
synth_c24,1,3,325,21.721,6.986,1.712,0.015,30.434,0
synth_c24,1,3,326,20.549,7.108,6.518,0.016,34.191,1
synth_c24,1,3,327,15.043,7.188,4.784,0.026,27.041,0
synth_c24,1,3,328,15.905,6.979,3.591,0.016,26.491,0
synth_c24,1,3,329,17.774,8.012,5.443,0.013,31.243,0
synth_c24,1,3,330,22.572,6.837,9.432,0.019,38.86,1
synth_c24,1,3,331,16.096,7.989,10.691,0.039,34.814,1
synth_c24,1,3,332,16.217,7.306,1.582,0.013,25.118,0
synth_c24,1,3,333,19.657,7.062,3.147,0.014,29.88,0
synth_c24,1,3,334,19.361,6.979,1.692,0.014,28.046,0
synth_c24,1,3,335,19.042,6.863,3.427,0.012,29.343,0
synth_c24,1,3,336,18.748,6.927,4.704,0.016,30.395,0
synth_c24,1,3,337,16.822,11.652,8.485,0.017,36.975,1
synth_c24,1,3,338,16.192,6.876,5.921,0.016,29.005,0
synth_c24,1,3,339,16.29,6.888,4.713,0.015,27.905,0
synth_c24,1,3,340,21.539,6.911,9.533,0.024,38.007,1
synth_c24,1,3,341,16.592,8.23,5.868,0.014,30.704,0
synth_c24,1,3,342,19.004,10.857,3.742,0.014,33.618,1
synth_c24,1,3,343,16.956,9.968,2.57,0.012,29.507,0
synth_c24,1,3,344,14.886,11.034,1.435,0.014,27.368,0
synth_c24,1,3,345,21.047,9.558,1.946,0.021,32.572,0
synth_c24,1,3,346,20.278,6.922,5.793,0.014,33.007,0
synth_c24,1,3,347,16.044,8.847,4.096,0.013,29.0,0
synth_c24,1,3,348,19.844,9.84,1.717,0.013,31.414,0
synth_c24,1,3,349,17.652,7.186,1.454,0.011,26.302,0
synth_c24,1,3,350,20.874,6.752,4.54,0.013,32.179,0
synth_c24,1,3,351,16.479,7.344,12.412,0.013,36.248,1
synth_c24,1,3,352,13.439,7.042,1.462,0.012,21.955,0
synth_c24,1,3,353,24.458,7.257,2.507,0.013,34.236,1
synth_c24,1,3,354,14.97,7.677,2.662,0.013,25.322,0
synth_c24,1,3,355,16.279,9.087,1.788,0.018,27.172,0
synth_c24,1,3,356,17.958,7.558,8.137,0.013,33.667,1
synth_c24,1,3,357,21.065,6.967,4.352,0.012,32.397,0
synth_c24,1,3,358,20.716,6.845,2.076,0.013,29.65,0
synth_c24,1,3,359,17.051,7.053,1.296,0.014,25.414,0
synth_c24,1,3,360,20.789,7.239,5.187,0.014,33.229,0
synth_c24,1,3,361,21.114,6.848,2.644,0.012,30.618,0
synth_c24,1,3,362,18.478,7.051,1.5,0.015,27.043,0
synth_c24,1,3,363,18.138,10.726,1.336,0.015,30.215,0
synth_c24,1,3,364,22.437,7.143,5.213,0.017,34.81,1
synth_c24,1,3,365,16.071,10.72,1.226,0.013,28.03,0
synth_c24,1,3,366,19.945,7.797,7.079,0.015,34.836,1
synth_c24,1,3,367,17.909,7.186,1.863,0.016,26.974,0
synth_c24,1,3,368,20.012,10.972,3.565,0.014,34.562,1
synth_c24,1,3,369,17.235,6.82,13.513,0.022,37.59,1
synth_c24,1,3,370,15.948,10.467,4.724,0.015,31.154,0
synth_c24,1,3,371,15.963,6.808,1.428,0.016,24.215,0
synth_c24,1,3,372,23.11,9.212,1.626,0.016,33.964,1
synth_c24,1,3,373,18.418,10.867,2.637,0.014,31.936,0
synth_c24,1,3,374,16.707,10.689,4.542,0.015,31.954,0
synth_c24,1,3,375,16.987,8.365,13.599,0.031,38.982,1
synth_c24,1,3,376,19.322,6.908,7.189,0.016,33.435,1
synth_c24,1,3,377,18.646,7.383,1.532,0.015,27.575,0
synth_c24,1,3,378,17.867,10.971,1.374,0.014,30.226,0
synth_c24,1,3,379,17.069,8.944,1.515,0.013,27.541,0
synth_c24,1,3,380,19.529,10.854,4.758,0.013,35.154,1
synth_c24,1,3,381,15.996,8.202,1.422,0.018,25.637,0
synth_c24,1,3,382,24.396,6.957,1.143,0.013,32.509,0
synth_c24,1,3,383,17.676,6.987,8.906,0.014,33.583,1
synth_c24,1,3,384,12.815,10.577,5.044,0.018,28.454,0
synth_c24,1,3,385,12.904,11.001,1.364,0.014,25.284,0
synth_c24,1,3,386,19.851,7.168,5.003,0.014,32.035,0
synth_c24,1,3,387,16.243,10.919,5.172,0.013,32.347,0
synth_c24,1,3,388,19.535,6.886,3.342,0.015,29.778,0
synth_c24,1,3,389,26.111,10.138,2.973,0.016,39.238,1
synth_c24,1,3,390,15.473,8.648,5.477,0.014,29.613,0
synth_c24,1,3,391,15.858,7.288,1.113,0.013,24.271,0
synth_c24,1,3,392,20.837,8.305,4.13,0.014,33.285,0
synth_c24,1,3,393,17.199,10.5,3.739,0.016,31.455,0
synth_c24,1,3,394,18.184,7.345,5.329,0.017,30.875,0
synth_c24,1,3,395,16.553,12.189,2.645,0.013,31.399,0
synth_c24,1,3,396,16.511,9.838,7.157,0.013,33.519,1
synth_c24,1,3,397,17.482,7.07,2.066,0.012,26.63,0
synth_c24,1,3,398,22.313,10.339,4.75,0.015,37.417,1
synth_c24,1,3,399,15.363,11.034,2.433,0.012,28.841,0
synth_c24,1,3,400,18.453,7.071,1.134,0.014,26.672,0
synth_c24,1,3,401,21.739,6.934,1.228,0.013,29.914,0
synth_c24,1,3,402,17.241,6.821,1.028,0.013,25.102,0
synth_c24,1,3,403,17.838,12.462,4.062,0.016,34.378,1
synth_c24,1,3,404,16.047,13.14,5.941,0.015,35.144,1
synth_c24,1,3,405,17.452,7.186,4.062,0.013,28.714,0
synth_c24,1,3,406,18.328,7.228,1.412,0.018,26.987,0
synth_c24,1,3,407,17.432,10.128,0.676,0.017,28.254,0
synth_c24,1,3,408,23.21,8.754,3.82,0.015,35.798,1
synth_c24,1,3,409,17.134,10.763,1.748,0.019,29.664,0
synth_c24,1,3,410,19.446,7.077,2.98,0.016,29.519,0
synth_c24,1,3,411,18.859,7.038,7.033,0.013,32.944,0
synth_c24,1,3,412,11.112,7.89,3.413,0.791,23.205,0
synth_c24,1,3,413,16.41,10.354,3.077,0.014,29.855,0
synth_c24,1,3,414,8.902,9.964,7.153,0.023,26.043,0
synth_c24,1,3,415,10.351,10.389,3.918,0.014,24.672,0
synth_c24,1,3,416,10.686,7.209,3.42,0.748,22.063,0
synth_c24,1,3,417,22.597,10.996,3.501,0.016,37.111,1
synth_c24,1,3,418,13.292,6.899,0.899,0.01,21.101,0
synth_c24,1,3,419,12.263,12.551,7.301,0.011,32.127,0
synth_c24,1,3,420,13.871,7.366,1.046,0.019,22.302,0
synth_c24,1,3,421,8.883,11.691,3.716,0.02,24.31,0
synth_c24,1,3,422,11.637,8.231,3.083,0.019,22.97,0
synth_c24,1,3,423,15.187,7.285,4.891,0.017,27.381,0
synth_c24,1,3,424,7.684,9.608,0.564,0.013,17.869,0
synth_c24,1,3,425,16.482,6.705,1.085,0.671,24.942,0
synth_c24,1,3,426,16.18,8.464,7.974,0.014,32.632,0
synth_c24,1,3,427,11.245,6.653,1.88,0.012,19.789,0
synth_c24,1,3,428,11.839,6.685,0.958,0.01,19.492,0
synth_c24,1,3,429,10.678,7.948,4.198,0.012,22.836,0
synth_c24,1,3,430,9.44,9.759,0.921,0.012,20.131,0
synth_c24,1,3,431,11.856,6.831,0.645,0.014,19.346,0
synth_c24,1,3,432,17.159,7.492,4.108,0.013,28.772,0
synth_c24,1,3,433,14.313,7.038,0.643,0.016,22.011,0
synth_c24,1,3,434,13.22,11.828,5.199,0.014,30.262,0
synth_c24,1,3,435,10.481,6.673,3.875,0.011,21.041,0
synth_c24,1,3,436,9.434,6.938,1.245,0.675,18.292,0
synth_c24,1,3,437,21.112,7.546,5.774,0.012,34.445,1
synth_c24,1,3,438,8.69,7.0,0.799,0.01,16.499,0
synth_c24,1,3,439,13.242,6.733,5.162,0.013,25.15,0
synth_c24,1,3,440,11.001,6.982,3.287,0.015,21.285,0
synth_c24,1,3,441,9.127,6.697,6.79,0.014,22.628,0
synth_c24,1,3,442,10.302,7.23,5.817,0.024,23.372,0
synth_c24,1,3,443,9.133,6.734,1.16,0.011,17.038,0
synth_c24,1,3,444,9.743,7.51,0.627,0.017,17.897,0
synth_c24,1,3,445,14.63,7.587,4.424,0.018,26.659,0
synth_c24,1,3,446,13.406,6.676,1.221,0.015,21.317,0
synth_c24,1,3,447,10.685,6.997,2.393,0.012,20.088,0
synth_c24,1,3,448,8.252,6.858,0.936,0.01,16.056,0
synth_c24,1,3,449,13.848,6.72,1.612,0.01,22.191,0
synth_c24,1,3,450,13.204,6.716,3.351,0.011,23.282,0
synth_c24,1,3,451,10.258,8.393,12.304,0.013,30.968,0
synth_c24,1,3,452,7.404,6.952,3.627,0.011,17.994,0
synth_c24,1,3,453,9.667,6.801,1.889,0.01,18.367,0
synth_c24,1,3,454,17.269,6.765,9.059,0.013,33.106,0
synth_c24,1,3,455,9.806,8.067,4.925,0.011,22.809,0
synth_c24,1,3,456,8.684,7.706,2.167,0.014,18.571,0
synth_c24,1,3,457,15.59,9.853,0.896,0.01,26.349,0
synth_c24,1,3,458,18.914,6.886,2.054,0.012,27.867,0
synth_c24,1,3,459,20.894,7.189,1.222,0.012,29.317,0
synth_c24,1,3,460,16.539,6.998,7.973,0.015,31.526,0
synth_c24,1,3,461,15.641,8.32,2.892,0.013,26.866,0
synth_c24,1,3,462,16.769,10.772,8.317,0.013,35.871,1
synth_c24,1,3,463,15.714,10.917,1.463,0.015,28.108,0
synth_c24,1,3,464,17.149,10.813,2.363,0.016,30.34,0
synth_c24,1,3,465,20.523,7.367,6.454,0.014,34.358,1
synth_c24,1,3,466,15.956,7.213,2.064,0.013,25.246,0
synth_c24,1,3,467,15.766,6.87,1.392,0.014,24.043,0
synth_c24,1,3,468,20.931,6.955,5.482,0.013,33.381,1
synth_c24,2,0,30,13.856,9.833,2.563,0.014,26.265,0
synth_c24,2,0,31,13.328,7.524,5.14,0.014,26.005,0
synth_c24,2,0,32,13.426,7.456,1.489,0.011,22.382,0
synth_c24,2,0,33,15.599,8.187,6.48,0.011,30.278,0
synth_c24,2,0,34,18.282,8.151,1.121,0.009,27.564,0
synth_c24,2,0,35,13.941,6.821,4.681,0.014,25.457,0
synth_c24,2,0,36,14.877,7.191,5.541,0.013,27.622,0
synth_c24,2,0,37,11.874,7.28,1.314,0.01,20.479,0
synth_c24,2,0,38,16.222,7.109,5.45,0.012,28.793,0
synth_c24,2,0,39,10.414,7.166,6.263,0.014,23.856,0
synth_c24,2,0,40,12.4,7.3,1.328,0.01,21.038,0
synth_c24,2,0,41,13.633,6.724,5.926,0.01,26.293,0
synth_c24,2,0,42,13.603,6.778,3.223,0.011,23.615,0
synth_c24,2,0,43,11.206,6.57,4.97,0.01,22.756,0
synth_c24,2,0,44,11.903,6.695,1.277,0.01,19.885,0
synth_c24,2,0,45,15.008,6.631,12.19,0.011,33.84,1
synth_c24,2,0,46,14.77,6.674,9.399,0.014,30.856,0
synth_c24,2,0,47,9.071,9.135,8.097,0.011,26.314,0
synth_c24,2,0,48,12.571,8.122,10.18,0.016,30.89,0
synth_c24,2,0,49,8.399,6.6,5.002,0.013,20.014,0
synth_c24,2,0,50,9.535,6.61,1.268,0.01,17.422,0
synth_c24,2,0,51,11.154,6.994,5.98,0.011,24.139,0
synth_c24,2,0,52,6.506,8.23,5.744,0.013,20.493,0
synth_c24,2,0,53,13.585,6.901,9.325,0.015,29.825,0
synth_c24,2,0,54,12.908,8.716,3.86,0.01,25.494,0
synth_c24,2,0,55,16.411,7.041,4.855,0.017,28.323,0
synth_c24,2,0,56,13.432,6.947,1.48,0.013,21.872,0
synth_c24,2,0,57,14.594,6.725,19.121,0.012,40.452,1
synth_c24,2,0,58,11.465,8.033,4.759,0.013,24.269,0
synth_c24,2,0,59,18.767,9.497,8.822,0.015,37.102,1
synth_c24,2,0,60,18.867,11.21,8.011,0.012,38.1,1
synth_c24,2,0,61,18.79,6.873,10.925,0.019,36.606,1
synth_c24,2,0,62,10.638,6.884,17.3,0.014,34.837,1
synth_c24,2,0,63,6.511,6.708,10.249,0.014,23.481,0
synth_c24,2,0,64,10.171,8.794,4.334,0.017,23.316,0
synth_c24,2,0,65,14.13,8.084,3.499,0.013,25.727,0
synth_c24,2,0,66,13.045,12.94,2.808,0.011,28.804,0
synth_c24,2,0,67,13.859,6.932,1.32,0.01,22.122,0
synth_c24,2,0,68,14.015,8.292,6.087,0.012,28.406,0
synth_c24,2,0,69,8.174,8.735,4.441,0.011,21.361,0
synth_c24,2,0,70,9.706,7.395,3.971,0.013,21.085,0
synth_c24,2,0,71,11.601,7.145,4.317,0.011,23.075,0
synth_c24,2,0,72,13.356,6.731,3.106,0.011,23.204,0
synth_c24,2,0,73,13.556,6.93,1.352,0.01,21.849,0
synth_c24,2,0,74,15.818,8.507,1.226,0.01,25.561,0
synth_c24,2,0,75,15.442,6.866,5.172,0.012,27.492,0
synth_c24,2,0,76,12.875,6.612,1.151,0.01,20.648,0
synth_c24,2,0,77,10.571,12.062,4.126,0.011,26.77,0
synth_c24,2,0,78,16.881,6.942,2.057,0.012,25.891,0
synth_c24,2,0,79,13.129,11.978,5.909,0.014,31.031,0
synth_c24,2,0,80,13.383,9.097,4.623,0.011,27.113,0
synth_c24,2,0,81,12.274,7.112,1.809,0.011,21.207,0
synth_c24,2,0,82,12.346,7.475,3.044,0.013,22.879,0
synth_c24,2,0,83,10.231,6.739,2.236,0.01,19.216,0
synth_c24,2,0,84,12.177,10.101,4.967,0.018,27.263,0
synth_c24,2,0,85,15.969,6.829,5.937,0.01,28.745,0
synth_c24,2,0,86,17.599,7.079,5.18,0.011,29.869,0
synth_c24,2,0,87,14.343,8.553,1.432,0.012,24.34,0
synth_c24,2,0,88,15.521,7.052,1.713,0.011,24.297,0
synth_c24,2,0,89,12.951,6.803,2.231,0.012,21.996,0
synth_c24,2,0,90,13.426,10.048,2.701,0.012,26.187,0
synth_c24,2,0,91,19.137,8.553,1.405,0.01,29.106,0
synth_c24,2,0,92,18.464,7.631,11.646,0.011,37.752,1
synth_c24,2,0,93,9.351,7.496,6.221,0.016,23.084,0
synth_c24,2,0,94,12.959,7.059,2.06,0.01,22.089,0
synth_c24,2,0,95,15.069,7.02,12.773,0.012,34.874,1
synth_c24,2,0,96,9.009,8.616,1.517,0.011,19.152,0
synth_c24,2,0,97,15.552,7.118,8.709,0.018,31.397,0
synth_c24,2,0,98,13.324,6.96,5.566,0.011,25.861,0
synth_c24,2,0,99,13.899,6.878,1.125,0.01,21.912,0
synth_c24,2,0,100,17.32,6.794,2.399,0.013,26.527,0
synth_c24,2,0,101,13.183,7.969,7.908,0.01,29.071,0
synth_c24,2,0,102,11.367,9.367,4.446,0.01,25.189,0
synth_c24,2,0,103,12.218,7.515,6.197,0.013,25.943,0
synth_c24,2,0,104,8.597,7.086,2.342,0.01,18.035,0
synth_c24,2,0,105,13.995,6.756,2.23,0.012,22.993,0
synth_c24,2,0,106,16.838,6.998,2.375,0.016,26.228,0
synth_c24,2,0,107,12.213,8.304,1.51,0.01,22.037,0
synth_c24,2,0,108,13.065,6.854,4.603,0.009,24.532,0
synth_c24,2,0,109,15.796,7.035,2.271,0.01,25.111,0
synth_c24,2,0,110,13.689,7.551,11.612,0.014,32.866,0
synth_c24,2,0,111,7.412,6.792,2.113,0.015,16.332,0
synth_c24,2,0,112,12.398,6.667,2.272,0.01,21.347,0
synth_c24,2,0,113,10.509,14.042,3.338,0.012,27.901,0
synth_c24,2,0,114,12.208,7.107,4.301,0.011,23.627,0
synth_c24,2,0,115,14.326,6.787,2.758,0.013,23.884,0
synth_c24,2,0,116,12.232,6.761,3.264,0.014,22.27,0
synth_c24,2,0,117,12.839,6.578,6.19,0.01,25.616,0
synth_c24,2,0,118,10.035,6.829,5.069,0.01,21.943,0
synth_c24,2,0,119,12.698,6.628,3.72,0.012,23.059,0
synth_c24,2,0,120,15.714,6.621,2.052,0.009,24.396,0
synth_c24,2,0,121,14.717,6.58,4.443,0.01,25.75,0
synth_c24,2,0,122,13.816,6.918,1.486,0.011,22.231,0
synth_c24,2,0,123,13.831,8.675,4.078,0.01,26.593,0
synth_c24,2,0,124,13.92,6.629,5.366,0.013,25.927,0
synth_c24,2,0,125,14.095,6.622,6.14,0.017,26.874,0
synth_c24,2,0,126,13.617,6.713,9.678,0.01,30.018,0
synth_c24,2,0,127,9.868,9.882,4.045,0.01,23.805,0
synth_c24,2,0,128,14.395,6.616,2.347,0.011,23.368,0
synth_c24,2,0,129,14.357,6.683,6.874,0.011,27.925,0
synth_c24,2,0,130,8.945,10.731,1.815,0.01,21.501,0
synth_c24,2,0,131,15.167,6.714,5.468,0.013,27.361,0
synth_c24,2,0,132,14.603,7.098,7.689,0.016,29.406,0
synth_c24,2,0,133,14.288,7.29,3.88,0.015,25.472,0
synth_c24,2,0,134,15.363,6.751,2.308,0.01,24.433,0
synth_c24,2,0,135,13.074,6.649,1.089,0.009,20.821,0
synth_c24,2,0,136,18.756,7.03,2.017,0.012,27.815,0
synth_c24,2,0,137,9.42,10.192,3.492,0.015,23.118,0
synth_c24,2,0,138,16.583,6.594,2.761,0.01,25.947,0
synth_c24,2,0,139,12.044,7.244,4.335,0.011,23.634,0
synth_c24,2,0,140,13.883,6.813,1.937,0.014,22.645,0
synth_c24,2,0,141,13.693,6.948,5.451,0.012,26.104,0
synth_c24,2,0,142,12.916,6.785,1.143,0.011,20.855,0
synth_c24,2,0,143,12.555,11.291,1.448,0.01,25.303,0
synth_c24,2,0,144,14.176,6.593,4.088,0.01,24.867,0
synth_c24,2,0,145,14.44,7.199,17.892,0.019,39.55,1
synth_c24,2,0,146,13.656,7.552,2.519,0.011,23.738,0
synth_c24,2,0,147,12.886,8.503,1.074,0.01,22.473,0
synth_c24,2,0,148,15.647,7.442,1.332,0.014,24.434,0
synth_c24,2,0,149,11.86,8.009,2.248,0.01,22.127,0
synth_c24,2,0,150,12.004,6.556,2.457,0.011,21.028,0
synth_c24,2,0,151,13.61,6.607,1.823,0.01,22.05,0
synth_c24,2,0,152,17.081,6.698,3.724,0.012,27.515,0
synth_c24,2,0,153,14.099,6.717,7.24,0.011,28.067,0
synth_c24,2,0,154,9.393,6.632,1.19,0.01,17.225,0
synth_c24,2,0,155,14.756,6.742,1.965,0.01,23.473,0
synth_c24,2,0,156,18.455,7.08,6.092,0.015,31.642,0
synth_c24,2,0,157,14.003,13.131,3.42,0.017,30.571,0
synth_c24,2,0,158,20.22,8.204,5.439,0.016,33.879,1
synth_c24,2,0,159,17.388,15.947,3.774,0.015,37.123,1
synth_c24,2,0,160,18.032,9.374,8.614,0.018,36.038,1
synth_c24,2,0,161,15.735,9.746,9.208,0.016,34.705,1
synth_c24,2,0,162,17.535,11.146,1.411,0.012,30.105,0
synth_c24,2,0,163,21.243,7.11,1.807,0.014,30.173,0
synth_c24,2,0,164,13.217,10.965,1.359,0.015,25.557,0
synth_c24,2,0,165,20.571,7.894,6.769,0.02,35.254,1
synth_c24,2,0,166,17.846,7.48,5.579,0.019,30.924,0
synth_c24,2,0,167,17.429,10.628,7.631,0.018,35.706,1
synth_c24,2,0,168,16.561,11.037,9.022,0.013,36.633,1
synth_c24,2,0,169,19.749,9.205,1.603,0.017,30.575,0
synth_c24,2,0,170,21.461,7.233,13.648,0.018,42.36,1
synth_c24,2,0,171,24.765,14.318,14.133,0.021,53.237,1
synth_c24,2,0,172,23.788,8.62,17.036,0.03,49.474,1
synth_c24,2,0,174,21.597,13.542,1.334,0.017,36.49,1
synth_c24,2,0,175,24.616,16.067,11.641,0.016,52.339,1
synth_c24,2,0,177,28.426,7.149,9.305,0.018,44.898,1
synth_c24,2,0,178,22.596,10.759,10.877,0.021,44.253,1
synth_c24,2,0,179,20.373,8.811,1.408,0.016,30.609,0
synth_c24,2,0,180,18.447,11.096,1.77,0.014,31.327,0
synth_c24,2,0,181,19.415,7.11,4.172,0.016,30.712,0
synth_c24,2,0,182,25.128,6.946,8.072,0.015,40.161,1
synth_c24,2,0,183,23.759,8.802,4.52,0.016,37.097,1
synth_c24,2,0,184,20.194,7.052,2.329,0.018,29.592,0
synth_c24,2,0,185,22.989,7.517,9.513,3.26,43.279,1
synth_c24,2,0,187,23.748,6.901,2.862,0.018,33.528,1
synth_c24,2,0,188,20.086,7.216,3.689,0.017,31.007,0
synth_c24,2,0,189,25.207,7.163,6.928,0.023,39.321,1
synth_c24,2,0,190,18.63,12.231,1.709,0.019,32.589,0
synth_c24,2,0,191,20.369,6.856,1.89,0.013,29.128,0
synth_c24,2,0,192,16.715,8.3,1.562,0.016,26.594,0
synth_c24,2,0,193,23.503,7.283,8.533,0.016,39.335,1
synth_c24,2,0,194,23.626,7.763,1.576,0.015,32.981,0
synth_c24,2,0,195,19.675,8.332,5.303,0.015,33.326,0
synth_c24,2,0,196,23.006,6.952,14.256,0.016,44.23,1
synth_c24,2,0,197,19.649,8.395,9.522,0.023,37.589,1
synth_c24,2,0,198,18.478,7.305,9.452,0.015,35.251,1
synth_c24,2,0,199,20.237,7.017,1.477,0.013,28.744,0
synth_c24,2,0,200,18.712,10.074,5.674,0.024,34.484,1
synth_c24,2,0,201,16.353,8.811,7.23,0.015,32.409,0
synth_c24,2,0,202,19.511,10.353,1.556,0.019,31.44,0
synth_c24,2,0,203,22.143,9.94,2.743,0.014,34.839,1
synth_c24,2,0,204,23.149,7.335,3.304,0.022,33.81,1
synth_c24,2,0,205,18.752,10.813,3.481,0.016,33.062,0
synth_c24,2,0,206,19.656,10.327,6.051,0.016,36.051,1
synth_c24,2,0,207,22.201,6.953,5.95,0.015,35.119,1
synth_c24,2,0,208,16.24,14.001,5.671,0.016,35.929,1
synth_c24,2,0,209,20.672,6.898,1.874,0.015,29.459,0
synth_c24,2,0,210,25.885,7.172,7.88,0.015,40.952,1
synth_c24,2,0,211,21.209,6.921,5.313,0.017,33.46,1
synth_c24,2,0,212,22.834,7.36,26.214,0.019,56.427,1
synth_c24,2,0,214,20.945,10.308,4.545,0.016,35.815,1
synth_c24,2,0,215,20.513,7.77,5.331,0.014,33.628,1
synth_c24,2,0,216,23.305,7.757,6.388,0.016,37.466,1
synth_c24,2,0,217,19.513,6.98,4.485,0.014,30.992,0
synth_c24,2,0,218,21.328,8.913,5.788,0.019,36.048,1
synth_c24,2,0,219,20.534,8.071,9.66,0.013,38.277,1
synth_c24,2,0,220,23.017,6.951,3.32,0.014,33.302,0
synth_c24,2,0,221,20.033,7.27,10.676,0.018,37.997,1
synth_c24,2,0,223,21.529,7.695,4.112,0.028,33.365,1
synth_c24,2,0,224,26.377,7.894,1.969,0.017,36.256,1
synth_c24,2,0,225,18.518,7.615,4.489,0.018,30.639,0
synth_c24,2,0,226,21.637,7.293,7.624,0.019,36.574,1
synth_c24,2,0,227,23.522,8.046,8.376,0.022,39.966,1
synth_c24,2,0,228,18.487,8.296,7.037,0.018,33.838,1
synth_c24,2,0,229,18.59,8.764,3.611,0.016,30.981,0
synth_c24,2,0,230,17.665,9.489,4.498,0.015,31.667,0
synth_c24,2,0,231,24.462,7.383,1.509,0.014,33.367,1
synth_c24,2,0,232,20.387,6.89,14.648,0.021,41.946,1
synth_c24,2,0,233,21.097,9.172,8.593,0.021,38.883,1
synth_c24,2,0,234,19.118,7.281,8.662,0.019,35.08,1
synth_c24,2,0,235,19.672,9.011,7.19,0.022,35.896,1
synth_c24,2,0,236,23.103,7.618,1.847,0.017,32.586,0
synth_c24,2,0,237,19.824,9.05,4.273,0.021,33.168,0
synth_c24,2,0,238,20.902,14.272,4.858,0.016,40.048,1
synth_c24,2,0,240,25.653,8.685,10.336,0.019,44.694,1
synth_c24,2,0,241,28.288,6.926,1.918,0.016,37.148,1
synth_c24,2,0,242,19.359,7.344,5.2,0.017,31.919,0
synth_c24,2,0,243,19.552,7.835,19.285,0.019,46.691,1
synth_c24,2,0,244,18.777,7.51,10.508,0.017,36.812,1
synth_c24,2,0,245,18.661,7.93,1.607,0.017,28.215,0
synth_c24,2,0,246,19.432,7.918,11.806,0.019,39.175,1
synth_c24,2,0,247,13.573,14.916,2.429,0.017,30.935,0
synth_c24,2,0,248,21.508,7.774,3.566,0.015,32.862,0
synth_c24,2,0,249,21.829,7.61,9.141,0.016,38.596,1
synth_c24,2,0,251,22.07,7.601,1.817,0.015,31.503,0
synth_c24,2,0,252,23.22,10.252,2.194,0.016,35.682,1
synth_c24,2,0,253,18.436,6.971,4.151,0.012,29.569,0
synth_c24,2,0,254,19.093,10.516,8.805,0.012,38.426,1
synth_c24,2,0,255,17.484,10.248,1.531,0.012,29.275,0
synth_c24,2,0,256,18.345,10.121,2.417,0.014,30.897,0
synth_c24,2,0,257,27.109,9.251,1.372,0.013,37.745,1
synth_c24,2,0,258,21.517,7.83,13.897,0.027,43.271,1
synth_c24,2,0,259,13.488,6.902,6.319,0.017,26.726,0
synth_c24,2,0,260,13.331,7.096,1.132,0.01,21.569,0
synth_c24,2,0,261,13.575,7.486,4.581,0.011,25.653,0
synth_c24,2,0,262,9.399,10.555,8.276,0.018,28.247,0
synth_c24,2,0,263,11.575,11.178,1.42,0.012,24.186,0
synth_c24,2,0,264,12.449,6.647,7.881,0.01,26.987,0
synth_c24,2,0,265,20.484,7.062,3.747,0.014,31.307,0
synth_c24,2,0,266,11.995,6.666,2.312,0.009,20.983,0
synth_c24,2,0,267,13.435,7.004,4.506,0.011,24.956,0
synth_c24,2,0,268,14.149,6.911,4.99,0.011,26.061,0
synth_c24,2,0,269,18.029,7.813,5.262,0.014,31.118,0
synth_c24,2,0,270,9.077,9.853,2.468,0.012,21.41,0
synth_c24,2,0,271,11.018,11.517,1.157,0.009,23.701,0
synth_c24,2,0,272,13.348,7.706,12.763,0.016,33.833,1
synth_c24,2,0,273,13.019,6.731,5.289,0.012,25.052,0
synth_c24,2,0,274,10.378,14.316,4.546,0.014,29.255,0
synth_c24,2,0,275,15.716,7.013,1.057,0.01,23.797,0
synth_c24,2,0,276,14.097,9.727,9.516,0.014,33.354,1
synth_c24,2,0,277,14.608,6.982,1.802,0.014,23.405,0
synth_c24,2,0,278,9.549,14.555,2.927,0.014,27.045,0
synth_c24,2,0,279,12.813,12.071,4.742,0.012,29.639,0
synth_c24,2,0,280,14.884,7.564,1.415,0.012,23.875,0
synth_c24,2,0,281,14.391,9.581,5.886,0.014,29.872,0
synth_c24,2,0,282,9.438,10.956,11.162,0.024,31.58,0
synth_c24,2,0,283,11.266,13.756,1.226,0.012,26.26,0
synth_c24,2,0,284,11.946,8.481,4.927,0.01,25.364,0
synth_c24,2,0,285,11.449,14.915,2.774,0.014,29.152,0
synth_c24,2,0,286,17.829,9.725,4.559,0.012,32.124,0
synth_c24,2,0,287,10.19,10.558,5.1,0.016,25.865,0
synth_c24,2,0,288,14.103,9.122,3.301,0.011,26.537,0
synth_c24,2,0,289,17.327,8.13,2.037,0.011,27.505,0
synth_c24,2,0,290,9.52,17.262,8.243,0.013,35.039,1
synth_c24,2,0,291,10.363,11.372,4.473,0.014,26.223,0
synth_c24,2,0,292,8.89,11.508,3.735,0.018,24.151,0
synth_c24,2,0,293,16.615,11.452,6.334,0.011,34.413,1
synth_c24,2,0,294,12.968,10.904,2.227,0.012,26.111,0
synth_c24,2,0,295,13.7,6.934,2.111,0.011,22.756,0
synth_c24,2,0,296,13.605,8.527,2.946,0.012,25.09,0
synth_c24,2,0,297,14.872,7.387,1.329,0.011,23.599,0
synth_c24,2,0,298,14.512,13.07,8.114,0.011,35.707,1
synth_c24,2,0,299,15.561,9.253,2.339,0.011,27.164,0
synth_c24,2,0,300,14.843,7.1,1.349,0.011,23.303,0
synth_c24,2,0,301,18.383,7.5,5.23,0.017,31.13,0
synth_c24,2,0,302,13.529,7.872,4.341,0.011,25.752,0
synth_c24,2,0,303,11.176,6.863,3.357,0.01,21.405,0
synth_c24,2,0,304,13.356,10.741,2.102,0.01,26.209,0
synth_c24,2,0,305,12.351,11.099,10.73,0.012,34.194,1
synth_c24,2,0,306,11.403,10.506,1.026,0.013,22.948,0
synth_c24,2,0,307,16.911,7.246,1.262,0.01,25.43,0
synth_c24,2,0,308,13.881,11.13,1.111,0.01,26.132,0
synth_c24,2,0,309,17.432,7.136,6.275,0.01,30.853,0
synth_c24,2,0,310,15.673,6.765,0.963,0.011,23.412,0
synth_c24,2,0,311,15.033,6.844,1.425,0.01,23.311,0
synth_c24,2,0,312,14.687,9.595,0.944,0.01,25.236,0
synth_c24,2,0,313,12.318,10.137,3.495,0.01,25.959,0
synth_c24,2,0,314,16.002,6.705,4.846,0.01,27.564,0
synth_c24,2,0,315,9.391,14.694,4.673,0.011,28.769,0
synth_c24,2,0,316,13.589,7.085,1.118,0.012,21.803,0
synth_c24,2,0,317,9.174,10.424,1.03,0.011,20.638,0
synth_c24,2,0,318,13.619,6.781,5.986,0.01,26.396,0
synth_c24,2,0,319,10.254,6.93,5.354,0.011,22.549,0
synth_c24,2,0,320,10.564,11.399,2.64,0.013,24.616,0
synth_c24,2,0,321,13.484,7.079,4.758,0.013,25.334,0
synth_c24,2,0,322,13.846,6.691,8.616,0.017,29.17,0
synth_c24,2,0,323,17.025,6.75,1.664,0.01,25.449,0
synth_c24,2,0,324,13.498,6.955,6.326,0.014,26.792,0
synth_c24,2,0,325,12.863,6.907,1.86,0.01,21.64,0
synth_c24,2,0,326,16.132,6.834,4.176,0.012,27.154,0
synth_c24,2,0,327,13.871,6.642,4.003,0.014,24.529,0
synth_c24,2,0,328,11.436,6.98,5.524,0.012,23.952,0
synth_c24,2,0,329,10.62,6.663,2.057,0.01,19.35,0
synth_c24,2,0,330,14.798,10.805,3.917,0.016,29.535,0
synth_c24,2,0,331,14.265,6.918,4.642,0.012,25.838,0
synth_c24,2,0,332,10.147,14.543,5.098,0.013,29.801,0
synth_c24,2,0,333,12.289,8.028,4.395,0.012,24.723,0
synth_c24,2,0,334,14.539,6.938,2.45,0.011,23.938,0
synth_c24,2,0,335,13.113,10.074,1.486,0.017,24.69,0
synth_c24,2,0,336,13.498,7.458,3.535,0.011,24.501,0
synth_c24,2,0,337,10.39,10.94,1.145,0.011,22.487,0
synth_c24,2,0,338,12.175,9.619,3.79,0.016,25.6,0
synth_c24,2,0,339,14.537,8.459,7.158,0.011,30.164,0
synth_c24,2,0,340,10.161,7.062,4.929,0.015,22.167,0
synth_c24,2,0,341,9.485,10.284,1.17,0.013,20.952,0
synth_c24,2,0,342,14.129,6.664,10.479,0.01,31.283,0
synth_c24,2,0,343,8.18,12.838,0.97,0.01,21.999,0
synth_c24,2,0,344,15.687,6.856,4.604,0.012,27.16,0
synth_c24,2,0,345,14.477,7.425,3.855,0.011,25.769,0
synth_c24,2,0,346,10.208,7.624,5.712,0.015,23.559,0
synth_c24,2,0,347,11.188,11.731,1.068,0.01,23.997,0
synth_c24,2,0,348,10.664,11.27,1.302,0.012,23.247,0
synth_c24,2,0,349,12.11,10.514,6.564,0.01,29.198,0
synth_c24,2,0,350,16.328,6.708,1.267,0.014,24.316,0
synth_c24,2,0,351,8.527,13.591,13.575,0.026,35.719,1
synth_c24,2,0,352,10.913,9.507,2.788,0.016,23.224,0
synth_c24,2,0,353,11.879,12.228,12.001,0.015,36.123,1
synth_c24,2,0,354,13.81,8.111,7.937,0.014,29.872,0
synth_c24,2,0,355,10.507,13.689,4.324,0.013,28.534,0
synth_c24,2,0,356,15.608,6.713,1.07,0.01,23.401,0
synth_c24,2,0,357,11.634,10.451,2.39,0.011,24.486,0
synth_c24,2,0,358,10.966,11.654,1.887,0.012,24.519,0
synth_c24,2,0,359,10.752,12.308,1.358,0.01,24.428,0
synth_c24,2,0,360,14.006,10.545,8.428,0.012,32.991,0
synth_c24,2,0,361,14.417,7.059,5.122,0.015,26.612,0
synth_c24,2,0,362,10.662,12.143,1.319,0.016,24.14,0
synth_c24,2,0,363,12.476,6.718,7.721,0.012,26.928,0
synth_c24,2,0,364,14.661,7.432,1.183,0.011,23.287,0
synth_c24,2,0,365,12.561,6.887,3.451,0.01,22.908,0
synth_c24,2,0,366,11.547,8.269,4.493,0.015,24.324,0
synth_c24,2,0,367,14.06,6.721,4.936,0.015,25.731,0
synth_c24,2,0,368,13.025,6.889,10.732,0.015,30.661,0
synth_c24,2,0,369,13.5,6.909,1.111,0.011,21.531,0
synth_c24,2,0,370,15.24,6.757,8.445,0.015,30.456,0
synth_c24,2,0,371,9.668,10.972,1.494,0.01,22.145,0
synth_c24,2,0,372,13.264,6.688,1.993,0.011,21.957,0
synth_c24,2,0,373,13.514,6.916,2.551,0.014,22.995,0
synth_c24,2,0,374,14.235,6.929,4.088,0.013,25.264,0
synth_c24,2,0,375,9.848,14.329,3.756,0.013,27.946,0
synth_c24,2,0,376,16.138,6.813,4.942,0.014,27.908,0
synth_c24,2,0,377,13.802,6.829,5.316,0.013,25.96,0
synth_c24,2,0,378,13.407,8.684,1.585,0.011,23.686,0
synth_c24,2,0,379,8.771,10.801,4.773,0.015,24.359,0
synth_c24,2,0,380,13.645,10.555,1.441,0.012,25.653,0
synth_c24,2,0,381,13.481,6.797,1.081,0.011,21.369,0
synth_c24,2,0,382,11.478,10.73,2.367,0.01,24.585,0
synth_c24,2,0,383,12.581,6.895,1.266,0.011,20.753,0
synth_c24,2,0,384,15.794,6.727,4.275,0.011,26.807,0
synth_c24,2,0,385,15.738,6.677,5.939,0.009,28.364,0
synth_c24,2,0,386,13.519,7.056,1.203,0.01,21.789,0
synth_c24,2,0,387,14.46,7.124,4.738,0.01,26.332,0
synth_c24,2,0,388,20.251,7.279,1.353,0.014,28.896,0
synth_c24,2,0,389,13.152,9.335,1.221,0.012,23.721,0
synth_c24,2,0,390,12.821,6.73,6.372,0.01,25.932,0
synth_c24,2,0,391,12.986,10.794,1.875,0.011,25.666,0
synth_c24,2,0,392,13.899,6.911,18.541,0.013,39.364,1
synth_c24,2,0,393,12.598,7.037,12.217,0.014,31.867,0
synth_c24,2,0,394,9.286,10.445,3.751,0.01,23.492,0
synth_c24,2,0,395,16.569,6.851,1.537,0.011,24.968,0
synth_c24,2,0,396,13.181,6.673,1.329,0.01,21.193,0
synth_c24,2,0,397,14.801,8.292,8.705,0.013,31.811,0
synth_c24,2,0,398,13.662,8.52,11.18,0.011,33.373,1
synth_c24,2,0,399,11.257,10.579,3.865,0.011,25.712,0
synth_c24,2,0,400,11.607,10.434,1.725,0.01,23.777,0
synth_c24,2,0,401,12.405,6.833,4.687,0.012,23.937,0
synth_c24,2,0,402,13.375,7.161,1.393,0.01,21.939,0
synth_c24,2,0,403,13.494,7.012,1.455,0.014,21.974,0
synth_c24,2,0,404,13.544,6.838,1.594,0.013,21.99,0
synth_c24,2,0,405,16.198,6.689,13.468,0.012,36.367,1
synth_c24,2,0,406,15.182,9.967,1.326,0.011,26.486,0
synth_c24,2,0,407,11.474,7.906,6.455,0.014,25.847,0
synth_c24,2,0,408,9.256,10.768,3.429,0.011,23.464,0
synth_c24,2,0,409,14.535,8.591,2.847,0.011,25.984,0
synth_c24,2,0,410,15.956,6.634,2.658,0.011,25.259,0
synth_c24,2,0,411,14.549,7.491,2.811,0.012,24.862,0
synth_c24,2,0,412,14.113,6.999,2.087,0.01,23.209,0
synth_c24,2,0,413,18.059,7.056,7.31,0.01,32.435,0
synth_c24,2,0,414,11.082,6.66,5.438,0.01,23.19,0
synth_c24,2,0,415,15.077,6.93,4.07,0.014,26.091,0
synth_c24,2,0,416,13.807,7.244,3.827,0.015,24.893,0
synth_c24,2,0,417,13.293,6.784,5.094,0.011,25.182,0
synth_c24,2,0,418,14.659,7.437,3.055,0.01,25.161,0
synth_c24,2,0,419,11.568,9.013,8.924,0.012,29.517,0
synth_c24,2,0,420,16.867,8.988,4.071,0.011,29.938,0
synth_c24,2,0,421,20.533,6.968,16.355,0.02,43.876,1
synth_c24,2,0,422,19.619,7.319,5.753,0.014,32.705,0
synth_c24,2,0,423,19.288,8.021,1.703,0.012,29.024,0
synth_c24,2,0,424,20.132,7.032,10.035,0.016,37.215,1
synth_c24,2,0,425,15.544,10.659,6.746,0.016,32.965,0
synth_c24,2,0,426,16.103,11.116,3.279,0.015,30.513,0
synth_c24,2,0,427,16.115,10.633,5.815,0.013,32.576,0
synth_c24,2,0,428,17.508,6.964,5.661,0.015,30.148,0
synth_c24,2,0,429,20.485,7.026,4.759,0.013,32.283,0
synth_c24,2,0,430,18.917,6.999,2.002,0.014,27.933,0
synth_c24,2,0,431,18.288,9.653,5.613,0.016,33.57,1
synth_c24,2,0,432,15.987,15.554,5.622,0.012,37.175,1
synth_c24,2,0,433,22.912,7.49,7.784,0.017,38.202,1
synth_c24,2,0,434,17.262,9.82,5.391,0.015,32.488,0
synth_c24,2,0,435,19.999,8.825,2.677,0.012,31.513,0
synth_c24,2,0,436,20.085,8.424,9.599,0.015,38.123,1
synth_c24,2,0,437,17.142,11.25,1.725,0.014,30.131,0
synth_c24,2,0,438,20.722,6.873,1.656,0.013,29.264,0
synth_c24,2,0,439,20.539,6.889,6.01,0.015,33.453,1
synth_c24,2,0,440,21.028,8.412,4.215,0.016,33.67,1
synth_c24,2,0,441,18.55,10.193,4.119,0.015,32.876,0
synth_c24,2,0,442,18.193,8.615,4.529,0.015,31.351,0
synth_c24,2,0,443,17.66,7.872,4.618,0.021,30.171,0
synth_c24,2,0,444,18.412,6.854,8.93,0.013,34.209,1
synth_c24,2,0,445,20.856,10.141,1.691,0.013,32.7,0
synth_c24,2,0,446,17.593,10.613,3.061,0.015,31.282,0
synth_c24,2,0,447,21.418,10.143,4.579,0.012,36.152,1
synth_c24,2,0,448,19.801,7.085,4.043,0.013,30.943,0
synth_c24,2,0,449,18.392,6.954,1.53,0.012,26.888,0
synth_c24,2,0,450,22.081,7.668,3.245,0.013,33.008,0
synth_c24,2,0,451,20.216,8.669,1.552,0.012,30.449,0
synth_c24,2,0,452,20.778,7.386,1.624,0.012,29.8,0
synth_c24,2,0,453,18.031,9.502,4.789,0.014,32.336,0
synth_c24,2,0,454,21.195,8.74,3.992,0.013,33.94,1
synth_c24,2,0,455,20.375,6.877,7.021,0.015,34.288,1
synth_c24,2,0,456,15.689,14.964,8.088,0.026,38.768,1
synth_c24,2,0,457,17.419,10.67,1.779,0.012,29.879,0
synth_c24,2,0,458,20.209,6.842,4.892,0.011,31.954,0
synth_c24,2,0,459,15.814,12.144,6.943,0.013,34.914,1
synth_c24,2,0,460,18.888,8.504,8.114,0.016,35.522,1
synth_c24,2,0,461,16.09,10.719,1.834,0.013,28.656,0
synth_c24,2,0,462,19.071,7.437,5.577,0.014,32.099,0
synth_c24,2,0,463,15.316,12.367,3.412,0.017,31.113,0
synth_c24,2,0,464,22.085,7.031,6.833,0.014,35.963,1
synth_c24,2,0,465,16.346,10.402,2.119,0.016,28.884,0
synth_c24,2,0,466,16.211,10.682,5.285,0.012,32.19,0
synth_c24,2,0,467,18.003,9.843,6.903,0.013,34.762,1
synth_c24,2,0,468,18.999,8.644,1.469,0.012,29.124,0
synth_c24,2,1,30,15.448,7.254,8.177,0.014,30.893,0
synth_c24,2,1,31,15.574,7.522,1.762,0.011,24.869,0
synth_c24,2,1,32,13.928,7.518,4.186,0.014,25.645,0
synth_c24,2,1,33,11.599,11.071,2.845,0.011,25.526,0
synth_c24,2,1,34,12.663,10.628,3.709,0.012,27.011,0
synth_c24,2,1,35,12.303,6.8,7.041,0.014,26.159,0
synth_c24,2,1,36,13.941,7.34,4.863,0.011,26.155,0
synth_c24,2,1,37,13.599,11.073,2.009,0.011,26.692,0
synth_c24,2,1,38,13.642,7.175,4.736,0.011,25.563,0
synth_c24,2,1,39,10.064,13.491,1.271,0.01,24.836,0
synth_c24,2,1,40,13.708,7.475,4.37,0.01,25.563,0
synth_c24,2,1,41,13.671,6.912,5.13,0.01,25.723,0
synth_c24,2,1,42,13.417,8.375,2.608,0.013,24.413,0
synth_c24,2,1,43,11.823,11.116,4.883,0.012,27.834,0
synth_c24,2,1,44,14.983,6.979,4.079,0.01,26.052,0
synth_c24,2,1,45,13.462,7.127,3.164,0.01,23.763,0
synth_c24,2,1,46,15.825,6.679,4.492,0.011,27.007,0
synth_c24,2,1,47,13.177,8.887,7.637,0.011,29.712,0
synth_c24,2,1,48,15.842,6.741,4.352,0.011,26.945,0
synth_c24,2,1,49,17.43,7.303,5.845,0.018,30.596,0
synth_c24,2,1,50,15.964,6.692,9.668,0.012,32.336,0
synth_c24,2,1,51,15.611,6.731,4.097,0.011,26.45,0
synth_c24,2,1,52,10.888,12.175,1.474,0.012,24.548,0
synth_c24,2,1,53,13.583,6.801,1.359,0.01,21.753,0
synth_c24,2,1,54,13.852,7.68,6.862,0.011,28.405,0
synth_c24,2,1,55,16.314,8.579,4.123,0.013,29.029,0
synth_c24,2,1,56,13.076,6.666,1.502,0.011,21.255,0
synth_c24,2,1,57,15.672,6.742,3.817,0.013,26.244,0
synth_c24,2,1,58,13.696,6.92,12.993,0.015,33.625,1
synth_c24,2,1,59,9.748,10.981,1.536,0.012,22.276,0
synth_c24,2,1,60,15.266,6.691,8.191,0.014,30.162,0
synth_c24,2,1,61,24.024,7.662,9.587,0.014,41.287,1
synth_c24,2,1,62,14.644,6.974,1.71,0.013,23.341,0
synth_c24,2,1,63,13.423,8.304,5.158,0.012,26.897,0
synth_c24,2,1,64,12.529,8.92,6.649,0.012,28.109,0
synth_c24,2,1,65,14.104,9.173,2.337,0.014,25.628,0
synth_c24,2,1,66,12.925,10.694,8.189,0.012,31.82,0
synth_c24,2,1,67,11.664,11.627,4.797,0.012,28.1,0
synth_c24,2,1,68,13.229,10.203,11.356,0.015,34.802,1
synth_c24,2,1,69,13.216,8.755,4.426,0.013,26.409,0
synth_c24,2,1,70,13.291,7.109,1.551,0.011,21.961,0
synth_c24,2,1,71,13.309,8.283,3.37,0.018,24.98,0
synth_c24,2,1,72,13.667,7.071,10.527,0.017,31.282,0
synth_c24,2,1,73,16.587,11.537,4.679,0.01,32.814,0
synth_c24,2,1,74,12.995,8.645,5.717,0.013,27.37,0
synth_c24,2,1,75,15.276,7.506,2.083,0.01,24.875,0
synth_c24,2,1,76,13.228,14.612,4.295,0.02,32.156,0
synth_c24,2,1,77,13.608,13.627,4.622,0.012,31.868,0
synth_c24,2,1,78,13.476,7.011,6.38,0.011,26.879,0
synth_c24,2,1,79,12.563,12.55,5.306,0.01,30.429,0
synth_c24,2,1,80,12.734,12.249,1.41,0.01,26.404,0
synth_c24,2,1,81,12.484,6.967,6.603,0.012,26.066,0
synth_c24,2,1,82,13.374,6.734,4.633,0.012,24.753,0
synth_c24,2,1,83,10.227,10.453,9.016,0.014,29.71,0
synth_c24,2,1,84,12.754,6.702,3.458,0.011,22.925,0
synth_c24,2,1,85,12.816,8.193,7.935,0.014,28.959,0
synth_c24,2,1,86,10.604,10.437,5.803,0.015,26.859,0
synth_c24,2,1,87,18.994,12.822,2.908,0.01,34.733,1
synth_c24,2,1,88,13.92,7.655,6.528,0.011,28.115,0
synth_c24,2,1,89,15.16,7.897,9.119,0.012,32.188,0
synth_c24,2,1,90,17.003,6.73,8.832,0.012,32.577,0
synth_c24,2,1,91,13.646,6.698,4.283,0.012,24.64,0
synth_c24,2,1,92,17.585,6.715,6.135,0.012,30.448,0
synth_c24,2,1,93,15.401,6.656,13.129,0.014,35.2,1
synth_c24,2,1,94,13.915,6.764,4.692,0.014,25.385,0
synth_c24,2,1,95,11.228,8.377,6.683,0.013,26.302,0
synth_c24,2,1,96,15.939,8.013,5.952,0.011,29.915,0
synth_c24,2,1,97,15.578,7.803,1.596,0.011,24.989,0
synth_c24,2,1,98,13.392,7.582,7.138,0.012,28.123,0
synth_c24,2,1,99,12.658,6.908,6.686,0.012,26.264,0
synth_c24,2,1,100,12.645,6.849,4.845,0.015,24.354,0
synth_c24,2,1,101,14.954,6.663,1.288,0.01,22.914,0
synth_c24,2,1,102,13.6,7.145,2.379,0.012,23.137,0
synth_c24,2,1,103,12.894,6.602,13.075,0.01,32.581,0
synth_c24,2,1,104,12.742,7.24,8.562,0.016,28.56,0
synth_c24,2,1,105,13.042,6.626,1.307,0.011,20.985,0
synth_c24,2,1,106,16.601,6.836,2.398,0.011,25.845,0
synth_c24,2,1,107,15.927,6.941,7.584,0.011,30.463,0
synth_c24,2,1,108,9.263,14.581,8.383,0.012,32.239,0
synth_c24,2,1,109,10.7,6.971,1.323,0.01,19.003,0
synth_c24,2,1,110,14.074,6.768,10.987,0.011,31.841,0
synth_c24,2,1,111,9.116,6.634,3.091,0.009,18.85,0
synth_c24,2,1,112,12.507,9.896,2.75,0.01,25.164,0
synth_c24,2,1,113,14.101,6.984,6.152,0.013,27.25,0
synth_c24,2,1,114,12.593,6.713,9.727,0.012,29.045,0
synth_c24,2,1,115,12.412,7.041,1.637,0.01,21.1,0
synth_c24,2,1,116,10.837,12.317,2.559,0.013,25.726,0
synth_c24,2,1,117,17.122,6.909,1.59,0.01,25.631,0
synth_c24,2,1,118,16.321,6.853,5.566,0.013,28.753,0
synth_c24,2,1,119,10.651,7.348,4.034,0.01,22.042,0
synth_c24,2,1,120,17.225,7.317,1.801,0.01,26.353,0
synth_c24,2,1,121,17.251,6.924,5.033,0.012,29.221,0
synth_c24,2,1,122,15.087,6.83,2.646,0.014,24.576,0
synth_c24,2,1,123,15.5,7.116,2.322,0.012,24.951,0
synth_c24,2,1,124,13.799,7.076,4.886,0.01,25.771,0
synth_c24,2,1,125,13.648,6.653,6.69,0.015,27.006,0
synth_c24,2,1,126,13.455,6.58,6.269,0.01,26.314,0
synth_c24,2,1,127,15.498,6.548,3.398,0.01,25.454,0
synth_c24,2,1,128,15.697,6.768,2.183,0.011,24.659,0
synth_c24,2,1,129,12.244,13.027,4.152,0.011,29.434,0
synth_c24,2,1,130,13.112,6.834,6.515,0.011,26.473,0
synth_c24,2,1,131,11.75,7.142,8.227,0.016,27.135,0
synth_c24,2,1,132,13.535,7.375,1.909,0.01,22.83,0
synth_c24,2,1,133,12.025,6.739,4.325,0.012,23.101,0
synth_c24,2,1,134,10.057,10.977,5.389,0.013,26.436,0
synth_c24,2,1,135,10.189,6.765,1.209,0.01,18.173,0
synth_c24,2,1,136,13.512,7.053,2.307,0.015,22.888,0
synth_c24,2,1,137,13.525,6.704,5.474,0.011,25.713,0
synth_c24,2,1,138,13.956,6.608,24.564,0.018,45.145,1
synth_c24,2,1,139,9.535,11.566,4.868,0.016,25.984,0
synth_c24,2,1,140,13.611,7.076,1.379,0.012,22.079,0
synth_c24,2,1,141,13.275,7.351,7.175,0.015,27.817,0
synth_c24,2,1,142,11.249,7.438,4.539,0.011,23.236,0
synth_c24,2,1,143,14.182,6.83,4.026,0.01,25.048,0
synth_c24,2,1,144,9.257,10.864,1.249,0.011,21.38,0
synth_c24,2,1,145,15.652,6.751,4.559,0.013,26.975,0
synth_c24,2,1,146,10.562,7.246,3.966,0.012,21.786,0
synth_c24,2,1,147,15.351,7.637,4.231,0.012,27.232,0
synth_c24,2,1,148,13.665,6.723,1.338,0.01,21.736,0
synth_c24,2,1,149,15.482,9.428,3.159,0.016,28.085,0
synth_c24,2,1,150,13.548,6.783,6.392,0.011,26.734,0
synth_c24,2,1,151,13.497,7.279,4.881,0.015,25.672,0
synth_c24,2,1,152,13.712,7.072,2.447,0.013,23.243,0
synth_c24,2,1,153,15.796,11.65,4.375,0.014,31.835,0
synth_c24,2,1,154,14.244,9.426,12.444,0.014,36.127,1
synth_c24,2,1,155,11.601,8.046,4.617,0.01,24.275,0
synth_c24,2,1,156,13.467,7.33,4.513,0.014,25.323,0
synth_c24,2,1,157,12.114,6.657,11.778,0.016,30.566,0
synth_c24,2,1,158,8.91,11.424,1.51,0.011,21.855,0
synth_c24,2,1,159,13.232,6.685,2.018,0.012,21.947,0
synth_c24,2,1,160,18.44,6.685,1.37,0.014,26.51,0
synth_c24,2,1,161,12.245,7.372,8.684,0.012,28.314,0
synth_c24,2,1,162,9.108,14.314,5.305,0.015,28.743,0
synth_c24,2,1,163,13.632,7.021,2.881,0.014,23.548,0
synth_c24,2,1,164,11.914,6.691,1.461,0.013,20.079,0
synth_c24,2,1,165,14.34,12.645,1.284,0.012,28.281,0
synth_c24,2,1,166,13.81,8.893,7.848,0.014,30.563,0
synth_c24,2,1,167,11.537,6.716,4.918,0.014,23.183,0
synth_c24,2,1,168,14.083,10.446,2.135,0.016,26.68,0
synth_c24,2,1,169,13.151,10.596,10.475,0.015,34.238,1
synth_c24,2,1,170,11.824,14.89,4.794,0.013,31.52,0
synth_c24,2,1,171,13.585,9.04,2.494,0.014,25.134,0
synth_c24,2,1,172,14.049,7.758,1.564,0.014,23.385,0
synth_c24,2,1,173,13.923,6.848,5.868,0.013,26.653,0
synth_c24,2,1,174,12.922,7.949,1.659,0.014,22.543,0
synth_c24,2,1,175,12.938,8.104,7.302,0.013,28.357,0
synth_c24,2,1,176,17.931,6.997,6.933,0.012,31.873,0
synth_c24,2,1,177,13.301,10.524,5.567,0.017,29.41,0
synth_c24,2,1,178,20.774,10.379,15.79,0.015,46.959,1
synth_c24,2,1,179,6.569,11.976,5.005,0.014,23.564,0
synth_c24,2,1,180,22.698,6.842,9.787,0.016,39.343,1
synth_c24,2,1,181,19.512,8.345,10.891,0.02,38.767,1
synth_c24,2,1,182,12.725,14.684,2.493,0.014,29.916,0
synth_c24,2,1,183,20.0,10.487,20.222,0.015,50.724,1
synth_c24,2,1,184,19.299,8.028,1.932,0.013,29.271,0
synth_c24,2,1,185,20.732,8.301,9.51,0.013,38.557,1
synth_c24,2,1,186,14.912,10.52,12.115,0.014,37.561,1
synth_c24,2,1,188,8.32,6.981,4.841,0.013,20.155,0
synth_c24,2,1,189,16.32,10.365,2.406,0.015,29.105,0
synth_c24,2,1,190,12.902,10.204,5.725,0.015,28.845,0
synth_c24,2,1,191,11.498,8.538,11.126,0.014,31.176,0
synth_c24,2,1,192,9.132,16.331,1.728,0.012,27.204,0
synth_c24,2,1,193,12.71,7.725,3.492,0.01,23.937,0
synth_c24,2,1,194,7.168,9.537,2.196,0.009,18.91,0
synth_c24,2,1,195,11.912,7.896,2.311,0.011,22.131,0
synth_c24,2,1,196,33.475,6.675,11.804,0.018,51.972,1
synth_c24,2,1,197,19.089,6.738,10.438,0.012,36.277,1
synth_c24,2,1,198,11.807,6.668,4.804,0.011,23.29,0
synth_c24,2,1,199,14.296,6.886,8.115,0.012,29.309,0
synth_c24,2,1,200,13.968,7.299,9.546,0.015,30.828,0
synth_c24,2,1,201,12.237,7.106,5.131,0.017,24.492,0
synth_c24,2,1,202,9.574,6.638,7.547,0.017,23.776,0
synth_c24,2,1,203,16.028,7.369,9.851,0.016,33.264,0
synth_c24,2,1,204,13.527,7.106,5.948,0.015,26.596,0
synth_c24,2,1,205,18.61,7.345,1.664,0.01,27.629,0
synth_c24,2,1,206,15.343,7.564,1.98,0.01,24.898,0
synth_c24,2,1,207,13.394,7.345,5.066,0.011,25.817,0
synth_c24,2,1,208,14.784,7.021,5.008,0.014,26.828,0
synth_c24,2,1,209,17.013,7.485,6.347,0.011,30.855,0
synth_c24,2,1,210,12.635,7.146,4.75,0.012,24.543,0
synth_c24,2,1,211,13.278,6.684,18.669,0.012,38.643,1
synth_c24,2,1,212,16.597,7.938,15.058,0.013,39.606,1
synth_c24,2,1,213,11.557,6.926,3.018,0.011,21.512,0
synth_c24,2,1,214,13.294,6.639,4.249,0.016,24.198,0
synth_c24,2,1,215,14.635,19.758,8.579,0.013,42.985,1
synth_c24,2,1,216,15.588,6.656,4.911,0.013,27.168,0
synth_c24,2,1,217,13.189,6.678,1.55,0.01,21.428,0
synth_c24,2,1,218,14.526,6.712,5.058,0.014,26.309,0
synth_c24,2,1,219,14.744,7.215,5.29,0.013,27.263,0
synth_c24,2,1,220,9.217,8.394,4.308,0.011,21.929,0
synth_c24,2,1,221,13.985,6.981,4.917,0.014,25.897,0
synth_c24,2,1,222,14.065,6.693,4.951,0.01,25.719,0
synth_c24,2,1,223,15.596,8.372,6.083,0.017,30.069,0
synth_c24,2,1,224,14.507,7.573,5.529,0.013,27.622,0
synth_c24,2,1,225,12.439,10.401,42.014,0.143,64.998,1
synth_c24,2,1,226,28.79,19.926,7.326,0.018,56.06,1
synth_c24,2,1,228,18.622,8.505,5.849,0.016,32.991,0
synth_c24,2,1,229,23.465,7.863,2.216,0.015,33.56,1
synth_c24,2,1,230,23.413,7.164,10.934,0.02,41.531,1
synth_c24,2,1,231,20.204,7.115,5.445,0.026,32.79,0
synth_c24,2,1,232,20.97,7.057,5.849,0.017,33.892,1
synth_c24,2,1,233,19.912,14.606,12.952,0.021,47.492,1
synth_c24,2,1,235,16.936,6.913,5.528,0.017,29.394,0
synth_c24,2,1,236,19.321,7.553,10.471,0.192,37.538,1
synth_c24,2,1,237,24.607,7.847,6.759,0.021,39.234,1
synth_c24,2,1,238,20.722,8.397,9.691,0.019,38.829,1
synth_c24,2,1,239,19.735,8.306,5.56,0.019,33.619,1
synth_c24,2,1,240,19.908,7.928,5.69,0.019,33.545,1
synth_c24,2,1,241,21.941,12.651,7.504,0.02,42.117,1
synth_c24,2,1,242,21.196,9.454,10.279,0.016,40.944,1
synth_c24,2,1,244,18.613,14.07,13.805,0.018,46.506,1
synth_c24,2,1,245,22.371,7.202,10.05,0.018,39.641,1
synth_c24,2,1,246,19.078,10.361,17.148,0.021,46.609,1
synth_c24,2,1,248,19.674,8.16,9.426,0.016,37.277,1
synth_c24,2,1,249,21.498,7.647,8.025,0.019,37.189,1
synth_c24,2,1,250,21.059,7.066,2.268,0.015,30.408,0
synth_c24,2,1,251,18.823,8.393,8.162,0.052,35.429,1
synth_c24,2,1,252,15.983,12.408,5.104,0.016,33.511,1
synth_c24,2,1,253,21.577,11.198,2.052,0.018,34.845,1
synth_c24,2,1,254,20.193,10.705,1.751,0.015,32.664,0
synth_c24,2,1,255,17.81,8.818,8.589,0.017,35.235,1
synth_c24,2,1,256,19.165,6.985,5.621,0.014,31.785,0
synth_c24,2,1,257,15.686,7.289,1.539,0.013,24.527,0
synth_c24,2,1,258,20.602,6.816,8.78,0.018,36.216,1
synth_c24,2,1,259,18.305,12.466,4.506,0.03,35.307,1
synth_c24,2,1,260,24.952,9.274,4.213,0.017,38.455,1
synth_c24,2,1,261,16.381,11.568,12.799,1.49,42.238,1
synth_c24,2,1,262,16.378,8.675,4.186,0.014,29.252,0
synth_c24,2,1,263,22.004,10.117,10.554,0.018,42.693,1
synth_c24,2,1,264,16.268,7.55,14.398,0.016,38.231,1
synth_c24,2,1,265,21.307,6.852,7.449,0.014,35.621,1
synth_c24,2,1,267,26.093,8.574,5.164,0.014,39.846,1
synth_c24,2,1,268,19.859,6.749,5.417,0.014,32.038,0
synth_c24,2,1,269,16.268,10.548,8.97,0.043,35.829,1
synth_c24,2,1,270,20.577,8.29,16.71,0.016,45.593,1
synth_c24,2,1,271,16.691,7.381,2.992,0.019,27.083,0
synth_c24,2,1,272,20.743,7.86,10.863,0.016,39.483,1
synth_c24,2,1,273,17.166,10.091,5.222,0.011,32.491,0
synth_c24,2,1,274,8.822,9.16,3.45,0.011,21.442,0
synth_c24,2,1,275,16.117,10.604,1.773,0.015,28.51,0
synth_c24,2,1,276,12.038,7.522,13.183,0.014,32.756,0
synth_c24,2,1,277,6.658,12.579,4.828,0.013,24.077,0
synth_c24,2,1,278,11.419,7.205,5.153,0.011,23.788,0
synth_c24,2,1,279,12.352,11.018,8.607,0.015,31.991,0
synth_c24,2,1,280,14.324,9.678,7.874,0.015,31.891,0
synth_c24,2,1,281,14.201,13.78,4.306,0.012,32.299,0
synth_c24,2,1,282,16.242,10.108,4.632,0.011,30.992,0
synth_c24,2,1,283,13.656,8.745,4.121,0.011,26.533,0
synth_c24,2,1,284,13.184,7.217,5.173,0.045,25.619,0
synth_c24,2,1,285,18.377,9.452,6.453,0.029,34.312,1
synth_c24,2,1,286,11.337,13.774,8.325,0.015,33.451,1
synth_c24,2,1,287,10.647,7.97,6.873,0.015,25.505,0
synth_c24,2,1,288,13.13,10.422,3.584,0.016,27.152,0
synth_c24,2,1,289,14.666,11.22,1.421,0.011,27.319,0
synth_c24,2,1,290,14.522,7.79,9.147,0.012,31.471,0
synth_c24,2,1,291,11.616,10.469,1.463,0.011,23.559,0
synth_c24,2,1,292,12.245,17.898,7.24,0.021,37.404,1
synth_c24,2,1,293,12.368,10.635,2.289,0.014,25.304,0
synth_c24,2,1,294,14.361,12.376,2.866,0.013,29.616,0
synth_c24,2,1,295,9.664,10.346,6.957,0.016,26.983,0
synth_c24,2,1,296,17.239,9.489,1.585,0.01,28.323,0
synth_c24,2,1,297,12.698,10.993,1.63,0.012,25.334,0
synth_c24,2,1,298,13.183,8.001,3.08,0.015,24.278,0
synth_c24,2,1,299,17.94,7.164,4.564,0.014,29.681,0
synth_c24,2,1,300,24.155,7.904,2.627,0.014,34.7,1
synth_c24,2,1,301,14.717,10.089,5.377,0.01,30.194,0
synth_c24,2,1,302,10.945,10.49,1.565,0.012,23.013,0
synth_c24,2,1,303,15.486,11.483,9.47,0.011,36.451,1
synth_c24,2,1,304,18.433,10.072,5.501,0.073,34.079,1
synth_c24,2,1,305,23.53,10.421,8.184,0.017,42.151,1
synth_c24,2,1,306,24.64,8.35,8.941,0.018,41.949,1
synth_c24,2,1,307,31.944,7.781,11.053,0.014,50.792,1
synth_c24,2,1,309,29.083,8.428,1.838,0.015,39.364,1
synth_c24,2,1,310,31.035,9.329,8.268,0.014,48.646,1
synth_c24,2,1,311,21.361,7.212,4.943,0.017,33.532,1
synth_c24,2,1,312,13.625,6.934,4.501,0.012,25.072,0
synth_c24,2,1,313,11.324,10.686,4.77,0.016,26.795,0
synth_c24,2,1,314,13.733,6.81,4.718,0.013,25.274,0
synth_c24,2,1,315,13.766,11.05,3.756,0.012,28.584,0
synth_c24,2,1,316,11.333,7.671,13.098,0.012,32.114,0
synth_c24,2,1,317,15.902,7.343,10.366,0.013,33.624,1
synth_c24,2,1,318,13.663,6.778,1.579,0.011,22.032,0
synth_c24,2,1,319,14.246,6.714,6.076,0.011,27.046,0
synth_c24,2,1,320,10.833,14.419,7.079,0.018,32.349,0
synth_c24,2,1,321,11.558,10.297,5.395,0.012,27.263,0
synth_c24,2,1,322,13.191,6.912,7.193,0.01,27.306,0
synth_c24,2,1,323,12.109,7.358,6.368,0.01,25.844,0
synth_c24,2,1,324,17.504,6.788,2.211,0.023,26.527,0
synth_c24,2,1,325,9.171,10.648,4.703,0.014,24.536,0
synth_c24,2,1,326,14.202,6.969,4.751,0.012,25.935,0
synth_c24,2,1,327,13.859,6.804,5.484,0.012,26.158,0
synth_c24,2,1,328,13.111,6.752,5.083,0.011,24.956,0
synth_c24,2,1,329,13.718,6.915,1.436,0.011,22.08,0
synth_c24,2,1,330,18.171,7.436,2.303,0.011,27.92,0
synth_c24,2,1,331,17.384,6.912,3.776,0.01,28.082,0
synth_c24,2,1,332,15.13,6.583,2.488,0.01,24.211,0
synth_c24,2,1,333,16.825,6.646,2.968,0.011,26.45,0
synth_c24,2,1,334,15.352,6.715,4.71,0.012,26.79,0
synth_c24,2,1,335,13.599,6.863,1.734,0.017,22.213,0
synth_c24,2,1,336,13.693,10.567,8.454,0.012,32.726,0
synth_c24,2,1,337,13.286,11.205,1.462,0.011,25.964,0
synth_c24,2,1,338,13.617,7.388,2.077,0.018,23.101,0
synth_c24,2,1,339,14.016,6.731,4.21,0.016,24.973,0
synth_c24,2,1,340,13.402,6.854,8.089,0.011,28.356,0
synth_c24,2,1,341,10.807,9.752,2.486,0.01,23.056,0
synth_c24,2,1,342,13.345,7.251,6.256,0.011,26.863,0
synth_c24,2,1,343,12.985,15.024,4.595,0.011,32.615,0
synth_c24,2,1,344,13.68,7.303,16.647,0.014,37.644,1
synth_c24,2,1,345,9.491,12.27,1.914,0.013,23.687,0
synth_c24,2,1,346,13.78,7.172,13.8,0.019,34.77,1
synth_c24,2,1,347,11.404,6.862,5.115,0.014,23.394,0
synth_c24,2,1,348,10.466,7.662,4.567,0.01,22.704,0
synth_c24,2,1,349,14.973,6.841,13.001,0.012,34.826,1
synth_c24,2,1,350,9.573,7.14,4.045,0.011,20.769,0
synth_c24,2,1,351,16.106,7.575,1.435,0.011,25.128,0
synth_c24,2,1,352,19.178,8.639,4.54,0.01,32.367,0
synth_c24,2,1,353,14.053,6.904,5.405,0.012,26.375,0
synth_c24,2,1,354,13.395,6.831,3.213,0.01,23.45,0
synth_c24,2,1,355,21.566,7.3,8.276,0.012,37.154,1
synth_c24,2,1,356,10.174,6.652,3.373,0.01,20.209,0
synth_c24,2,1,357,14.241,7.486,3.525,0.012,25.264,0
synth_c24,2,1,358,16.021,6.937,1.957,0.01,24.925,0
synth_c24,2,1,359,13.539,6.996,12.754,0.024,33.313,0
synth_c24,2,1,360,14.057,6.692,5.47,0.012,26.231,0
synth_c24,2,1,361,10.033,6.893,1.52,0.011,18.456,0
synth_c24,2,1,362,14.103,6.899,3.979,0.011,24.992,0
synth_c24,2,1,363,15.783,10.468,4.5,0.01,30.76,0
synth_c24,2,1,364,12.529,6.725,13.312,0.013,32.579,0
synth_c24,2,1,365,9.275,14.571,5.118,0.018,28.981,0
synth_c24,2,1,366,13.546,6.988,5.451,0.01,25.995,0
synth_c24,2,1,367,12.71,6.864,1.516,0.012,21.101,0
synth_c24,2,1,368,14.771,6.729,1.653,0.01,23.163,0
synth_c24,2,1,369,14.079,14.472,4.741,0.013,33.305,0
synth_c24,2,1,370,14.291,6.901,5.746,0.014,26.951,0
synth_c24,2,1,371,10.206,6.92,4.172,0.011,21.308,0
synth_c24,2,1,372,11.63,6.876,4.001,0.01,22.517,0
synth_c24,2,1,373,17.96,7.22,8.613,0.012,33.805,1
synth_c24,2,1,374,13.824,6.822,5.772,0.012,26.43,0
synth_c24,2,1,375,11.74,11.312,4.954,0.011,28.018,0
synth_c24,2,1,376,13.86,14.171,2.26,0.01,30.301,0
synth_c24,2,1,377,13.527,6.937,2.338,0.011,22.812,0
synth_c24,2,1,378,14.49,6.667,4.337,0.011,25.505,0
synth_c24,2,1,379,14.143,6.705,6.401,0.011,27.26,0
synth_c24,2,1,380,13.701,10.386,3.074,0.011,27.173,0
synth_c24,2,1,381,12.208,7.217,8.04,0.015,27.48,0
synth_c24,2,1,382,10.444,6.811,4.85,0.013,22.117,0
synth_c24,2,1,383,13.803,7.219,4.998,0.013,26.033,0
synth_c24,2,1,384,15.026,7.929,3.239,0.01,26.204,0
synth_c24,2,1,385,13.562,7.403,9.497,0.017,30.479,0
synth_c24,2,1,386,17.281,7.536,3.384,0.01,28.211,0
synth_c24,2,1,387,16.667,6.966,5.067,0.011,28.712,0
synth_c24,2,1,388,13.385,6.93,2.535,0.012,22.862,0
synth_c24,2,1,389,13.254,6.655,10.327,0.012,30.248,0
synth_c24,2,1,390,13.938,6.742,1.275,0.01,21.965,0
synth_c24,2,1,391,15.131,7.07,6.241,0.011,28.452,0
synth_c24,2,1,392,13.181,7.135,4.681,0.01,25.006,0
synth_c24,2,1,393,14.291,6.987,4.371,0.011,25.66,0
synth_c24,2,1,394,10.718,6.778,3.652,0.009,21.158,0
synth_c24,2,1,395,15.915,7.305,1.349,0.009,24.579,0
synth_c24,2,1,396,16.796,6.971,12.905,0.011,36.681,1
synth_c24,2,1,397,13.924,6.978,9.118,0.019,30.039,0
synth_c24,2,1,398,13.193,11.414,1.872,0.012,26.49,0
synth_c24,2,1,399,13.75,6.724,10.782,0.016,31.273,0
synth_c24,2,1,400,12.661,6.733,3.498,0.015,22.907,0
synth_c24,2,1,401,12.715,9.313,4.383,0.01,26.421,0
synth_c24,2,1,402,12.268,6.851,5.569,0.011,24.699,0
synth_c24,2,1,403,16.316,7.083,4.925,0.012,28.336,0
synth_c24,2,1,404,18.056,6.992,1.575,0.011,26.634,0
synth_c24,2,1,405,9.291,14.322,5.306,0.011,28.93,0
synth_c24,2,1,406,9.292,7.672,5.45,0.018,22.432,0
synth_c24,2,1,407,15.507,6.939,4.831,0.01,27.287,0
synth_c24,2,1,408,13.397,6.982,4.627,0.011,25.018,0
synth_c24,2,1,409,13.287,7.107,1.51,0.01,21.914,0
synth_c24,2,1,410,16.201,7.073,5.17,0.019,28.463,0
synth_c24,2,1,411,12.985,11.34,1.866,0.015,26.207,0
synth_c24,2,1,412,13.559,6.72,12.674,0.014,32.967,0
synth_c24,2,1,413,14.356,9.755,1.355,0.011,25.477,0
synth_c24,2,1,414,12.027,10.603,4.179,0.016,26.825,0
synth_c24,2,1,415,11.306,14.423,1.842,0.021,27.592,0
synth_c24,2,1,416,13.654,6.786,1.757,0.013,22.21,0
synth_c24,2,1,417,14.508,6.921,1.428,0.01,22.867,0
synth_c24,2,1,418,12.362,9.127,6.209,0.013,27.711,0
synth_c24,2,1,419,11.76,10.483,7.958,0.015,30.216,0
synth_c24,2,1,420,11.616,11.517,5.565,0.015,28.714,0
synth_c24,2,1,421,13.364,6.745,6.109,0.017,26.236,0
synth_c24,2,1,422,15.401,6.681,1.611,0.011,23.703,0
synth_c24,2,1,423,13.231,6.746,6.272,0.012,26.261,0
synth_c24,2,1,424,11.746,6.806,4.58,0.011,23.144,0
synth_c24,2,1,425,13.855,7.083,3.394,0.011,24.342,0
synth_c24,2,1,426,11.999,6.638,7.017,0.011,25.665,0
synth_c24,2,1,427,12.197,6.81,2.581,0.019,21.607,0
synth_c24,2,1,428,16.526,7.291,2.36,0.011,26.188,0
synth_c24,2,1,429,12.832,8.122,8.973,0.017,29.945,0
synth_c24,2,1,430,13.889,8.246,3.277,0.01,25.422,0
synth_c24,2,1,431,13.68,6.906,4.032,0.012,24.629,0
synth_c24,2,1,432,16.781,6.898,6.971,0.012,30.661,0
synth_c24,2,1,433,13.444,7.905,1.837,0.013,23.199,0
synth_c24,2,1,434,13.802,7.401,6.225,0.012,27.439,0
synth_c24,2,1,435,12.991,7.212,3.331,0.012,23.546,0
synth_c24,2,1,436,17.257,6.719,3.443,0.011,27.43,0
synth_c24,2,1,437,15.973,6.829,4.271,0.012,27.083,0
synth_c24,2,1,438,15.105,7.034,3.801,0.012,25.952,0
synth_c24,2,1,439,10.8,12.577,4.017,0.015,27.409,0
synth_c24,2,1,440,14.752,6.651,2.29,0.012,23.704,0
synth_c24,2,1,441,14.568,10.654,5.596,0.011,30.829,0
synth_c24,2,1,442,13.846,6.949,5.058,0.011,25.864,0
synth_c24,2,1,443,20.363,7.401,2.812,0.012,30.588,0
synth_c24,2,1,444,17.407,7.168,2.752,0.014,27.341,0
synth_c24,2,1,445,14.881,7.14,7.13,0.01,29.161,0
synth_c24,2,1,446,13.459,6.608,2.966,0.01,23.043,0
synth_c24,2,1,447,14.629,6.649,1.457,0.011,22.746,0
synth_c24,2,1,448,13.435,7.553,4.401,0.011,25.4,0
synth_c24,2,1,449,12.85,7.631,4.514,0.011,25.006,0
synth_c24,2,1,450,13.558,8.024,4.062,0.01,25.654,0
synth_c24,2,1,451,12.987,6.871,6.296,0.017,26.171,0
synth_c24,2,1,452,12.175,6.792,1.415,0.012,20.395,0
synth_c24,2,1,453,13.435,6.886,2.418,0.01,22.748,0
synth_c24,2,1,454,13.538,7.476,6.124,0.018,27.156,0
synth_c24,2,1,455,12.435,7.243,7.74,0.011,27.429,0
synth_c24,2,1,456,11.496,10.242,1.993,0.012,23.743,0
synth_c24,2,1,457,9.286,10.719,5.107,0.011,25.123,0
synth_c24,2,1,458,13.653,7.067,6.297,0.011,27.028,0
synth_c24,2,1,459,13.661,10.649,1.494,0.012,25.815,0
synth_c24,2,1,460,13.465,6.68,1.899,0.01,22.054,0
synth_c24,2,1,461,16.238,7.812,3.781,0.01,27.842,0
synth_c24,2,1,462,13.538,6.866,10.953,0.017,31.373,0
synth_c24,2,1,463,17.076,7.971,4.866,0.011,29.923,0
synth_c24,2,1,464,13.773,7.402,5.055,0.013,26.244,0
synth_c24,2,1,465,13.981,7.016,5.001,0.011,26.009,0
synth_c24,2,1,466,14.017,6.64,1.302,0.01,21.97,0
synth_c24,2,1,467,16.081,6.806,5.17,0.012,28.069,0
synth_c24,2,1,468,14.263,7.691,1.258,0.011,23.223,0
synth_c24,2,1,469,13.44,8.646,3.022,0.011,25.119,0
synth_c24,2,1,470,15.058,7.633,7.199,0.012,29.902,0
synth_c24,2,1,471,13.948,7.82,2.775,0.011,24.554,0
synth_c24,2,1,472,13.061,6.744,5.148,0.011,24.965,0
synth_c24,2,1,473,13.551,7.373,5.049,0.016,25.989,0
synth_c24,2,1,474,13.299,9.405,3.403,0.014,26.122,0
synth_c24,2,2,30,15.048,7.499,7.028,0.01,29.585,0
synth_c24,2,2,31,14.06,8.117,1.977,0.012,24.166,0
synth_c24,2,2,32,12.98,7.632,6.049,0.01,26.672,0
synth_c24,2,2,33,17.323,7.318,1.558,0.013,26.212,0
synth_c24,2,2,34,13.706,6.991,7.853,0.012,28.562,0
synth_c24,2,2,35,13.554,7.017,1.344,0.01,21.925,0
synth_c24,2,2,36,14.207,7.171,7.842,0.01,29.231,0
synth_c24,2,2,37,13.21,7.149,3.657,0.02,24.036,0
synth_c24,2,2,38,12.277,9.211,3.365,0.011,24.864,0
synth_c24,2,2,39,12.085,10.998,5.852,0.01,28.944,0
synth_c24,2,2,40,9.39,8.981,3.729,0.009,22.109,0
synth_c24,2,2,41,13.389,7.045,4.807,0.013,25.254,0
synth_c24,2,2,42,13.422,6.923,5.394,0.018,25.758,0
synth_c24,2,2,43,13.418,7.466,4.165,0.014,25.062,0
synth_c24,2,2,44,16.963,7.127,3.613,0.015,27.718,0
synth_c24,2,2,45,13.779,7.241,7.492,0.011,28.523,0
synth_c24,2,2,46,9.407,6.834,1.459,0.012,17.712,0
synth_c24,2,2,47,14.249,7.27,13.32,0.012,34.852,1
synth_c24,2,2,48,12.508,7.507,11.924,0.011,31.951,0
synth_c24,2,2,49,13.55,7.376,1.594,0.014,22.534,0
synth_c24,2,2,50,13.137,7.707,5.099,0.015,25.958,0
synth_c24,2,2,51,13.395,7.46,4.548,0.013,25.416,0
synth_c24,2,2,52,12.479,6.719,1.313,0.01,20.521,0
synth_c24,2,2,53,14.503,8.539,7.843,0.011,30.895,0
synth_c24,2,2,54,11.121,10.207,2.923,0.01,24.26,0
synth_c24,2,2,55,12.424,8.6,4.041,0.011,25.077,0
synth_c24,2,2,56,14.233,6.861,1.231,0.01,22.335,0
synth_c24,2,2,57,14.477,6.704,16.963,0.017,38.161,1
synth_c24,2,2,58,8.499,6.724,1.589,0.013,16.825,0
synth_c24,2,2,59,17.271,6.686,2.148,0.01,26.115,0
synth_c24,2,2,60,14.344,6.651,4.869,0.011,25.874,0
synth_c24,2,2,61,13.228,12.722,5.047,0.018,31.015,0
synth_c24,2,2,62,11.572,7.386,9.841,0.012,28.811,0
synth_c24,2,2,63,13.925,10.731,3.116,0.011,27.783,0
synth_c24,2,2,64,16.786,10.093,4.684,0.014,31.575,0
synth_c24,2,2,65,11.666,6.706,3.646,0.012,22.03,0
synth_c24,2,2,66,13.511,13.023,7.932,0.013,34.479,1
synth_c24,2,2,67,11.89,14.846,1.41,0.014,28.16,0
synth_c24,2,2,68,13.723,12.021,4.57,0.011,30.324,0
synth_c24,2,2,69,8.886,7.031,3.091,0.011,19.02,0
synth_c24,2,2,70,12.925,7.062,8.308,0.012,28.307,0
synth_c24,2,2,71,14.251,11.497,1.266,0.01,27.024,0
synth_c24,2,2,72,12.597,7.479,1.402,0.009,21.486,0
synth_c24,2,2,73,13.968,12.241,3.467,0.011,29.688,0
synth_c24,2,2,74,14.131,11.237,7.136,0.01,32.515,0
synth_c24,2,2,75,14.033,11.247,5.838,0.011,31.128,0
synth_c24,2,2,76,13.324,7.495,3.635,0.014,24.468,0
synth_c24,2,2,77,18.405,10.585,8.993,0.014,37.997,1
synth_c24,2,2,78,9.023,8.049,5.4,0.018,22.49,0
synth_c24,2,2,79,12.074,7.076,8.875,0.015,28.04,0
synth_c24,2,2,80,10.697,8.057,2.334,0.012,21.1,0
synth_c24,2,2,81,16.173,8.938,3.315,0.011,28.438,0
synth_c24,2,2,82,12.692,8.784,1.474,0.013,22.963,0
synth_c24,2,2,83,13.829,6.642,4.497,0.01,24.979,0
synth_c24,2,2,84,13.398,7.058,1.365,0.01,21.831,0
synth_c24,2,2,85,14.188,7.294,7.76,0.011,29.252,0
synth_c24,2,2,86,12.361,8.986,3.083,0.014,24.445,0
synth_c24,2,2,87,16.488,6.816,1.787,0.014,25.106,0
synth_c24,2,2,88,11.375,7.164,4.332,0.012,22.883,0
synth_c24,2,2,89,18.711,10.509,2.309,0.011,31.54,0
synth_c24,2,2,90,14.788,7.965,7.675,0.015,30.443,0
synth_c24,2,2,91,13.782,7.811,5.454,0.017,27.064,0
synth_c24,2,2,92,12.292,7.186,2.81,0.011,22.3,0
synth_c24,2,2,93,14.542,7.028,4.734,0.011,26.314,0
synth_c24,2,2,94,14.543,10.348,5.293,0.019,30.203,0
synth_c24,2,2,95,15.608,6.961,6.094,0.014,28.676,0
synth_c24,2,2,96,13.941,6.827,1.289,0.009,22.066,0
synth_c24,2,2,97,11.192,10.545,1.457,0.01,23.204,0
synth_c24,2,2,98,15.036,7.203,6.608,0.011,28.858,0
synth_c24,2,2,99,11.264,7.795,4.645,0.029,23.733,0
synth_c24,2,2,100,15.205,7.393,6.261,0.012,28.872,0
synth_c24,2,2,101,12.116,7.664,5.292,0.017,25.09,0
synth_c24,2,2,102,12.951,7.197,5.205,0.015,25.369,0
synth_c24,2,2,103,13.982,6.988,12.68,0.014,33.664,1
synth_c24,2,2,104,12.811,6.64,4.275,0.011,23.737,0
synth_c24,2,2,105,14.191,6.692,9.353,0.012,30.248,0
synth_c24,2,2,106,10.47,14.539,2.341,0.012,27.362,0
synth_c24,2,2,107,13.906,7.468,12.035,0.011,33.42,1
synth_c24,2,2,108,14.818,6.664,1.564,0.011,23.057,0
synth_c24,2,2,109,13.85,6.811,3.478,0.014,24.152,0
synth_c24,2,2,110,15.74,6.672,4.276,0.01,26.698,0
synth_c24,2,2,111,10.303,6.953,5.264,0.017,22.537,0
synth_c24,2,2,112,12.478,6.973,4.715,0.011,24.178,0
synth_c24,2,2,113,15.305,6.649,2.729,0.018,24.701,0
synth_c24,2,2,114,14.452,6.641,5.525,0.012,26.63,0
synth_c24,2,2,115,12.53,8.474,5.165,0.011,26.179,0
synth_c24,2,2,116,12.132,10.647,1.414,0.011,24.204,0
synth_c24,2,2,117,13.375,7.009,1.36,0.011,21.755,0
synth_c24,2,2,118,14.407,7.039,9.052,0.011,30.509,0
synth_c24,2,2,119,12.219,6.668,3.011,0.01,21.907,0
synth_c24,2,2,120,12.452,7.005,1.462,0.013,20.931,0
synth_c24,2,2,121,15.268,7.143,5.491,0.013,27.915,0
synth_c24,2,2,122,13.769,7.304,1.439,0.011,22.524,0
synth_c24,2,2,123,19.273,7.371,7.897,0.012,34.553,1
synth_c24,2,2,124,13.72,6.806,4.461,0.013,24.999,0
synth_c24,2,2,125,9.512,7.269,5.201,0.018,21.999,0
synth_c24,2,2,126,13.306,6.991,6.614,0.011,26.921,0
synth_c24,2,2,127,10.529,10.512,1.603,0.015,22.659,0
synth_c24,2,2,128,11.299,6.692,1.865,0.017,19.873,0
synth_c24,2,2,129,12.617,6.667,4.97,0.015,24.269,0
synth_c24,2,2,130,10.107,14.296,8.253,0.011,32.668,0
synth_c24,2,2,131,10.359,6.667,8.533,0.011,25.568,0
synth_c24,2,2,132,14.533,13.41,5.225,0.012,33.18,0
synth_c24,2,2,133,10.348,6.957,4.433,0.011,21.749,0
synth_c24,2,2,134,15.035,7.018,3.681,0.015,25.75,0
synth_c24,2,2,135,9.005,6.692,4.67,0.011,20.379,0
synth_c24,2,2,136,8.767,6.581,1.298,0.014,16.661,0
synth_c24,2,2,137,15.307,6.707,1.174,0.011,23.199,0
synth_c24,2,2,138,11.385,6.78,4.877,0.018,23.06,0
synth_c24,2,2,139,13.213,6.665,6.873,0.016,26.767,0
synth_c24,2,2,140,11.686,6.713,1.078,0.011,19.488,0
synth_c24,2,2,141,14.319,6.697,1.603,0.015,22.635,0
synth_c24,2,2,142,12.023,7.172,17.596,0.027,36.819,1
synth_c24,2,2,143,9.608,14.5,1.094,0.015,25.217,0
synth_c24,2,2,144,13.501,10.188,1.114,0.01,24.813,0
synth_c24,2,2,145,13.177,7.159,7.148,0.011,27.495,0
synth_c24,2,2,146,11.447,7.367,1.435,0.011,20.261,0
synth_c24,2,2,147,14.034,6.84,1.545,0.014,22.433,0
synth_c24,2,2,148,15.924,6.984,1.225,0.011,24.143,0
synth_c24,2,2,149,13.688,6.86,5.54,0.016,26.104,0
synth_c24,2,2,150,14.716,6.995,4.707,0.013,26.43,0
synth_c24,2,2,151,9.674,6.759,2.457,0.014,18.904,0
synth_c24,2,2,152,15.31,6.819,4.242,0.012,26.383,0
synth_c24,2,2,153,11.251,6.822,0.986,0.01,19.069,0
synth_c24,2,2,154,13.515,6.768,6.733,0.011,27.028,0
synth_c24,2,2,155,18.184,6.716,4.746,0.011,29.657,0
synth_c24,2,2,156,13.734,6.758,1.069,0.01,21.571,0
synth_c24,2,2,157,11.921,10.206,6.486,0.011,28.624,0
synth_c24,2,2,158,12.244,9.476,11.28,0.015,33.015,0
synth_c24,2,2,159,11.322,7.187,1.138,0.011,19.658,0
synth_c24,2,2,160,13.347,6.634,2.576,0.01,22.568,0
synth_c24,2,2,161,16.288,6.815,4.061,0.011,27.175,0
synth_c24,2,2,162,15.605,7.041,4.554,0.01,27.21,0
synth_c24,2,2,163,14.696,6.97,11.639,0.01,33.315,0
synth_c24,2,2,164,11.622,8.718,7.118,0.015,27.473,0
synth_c24,2,2,165,12.31,6.82,1.195,0.011,20.335,0
synth_c24,2,2,166,16.876,8.404,1.366,0.012,26.658,0
synth_c24,2,2,167,13.386,6.779,2.453,0.011,22.63,0
synth_c24,2,2,168,8.929,10.428,4.303,3.48,27.14,0
synth_c24,2,2,169,9.474,6.825,2.949,0.013,19.261,0
synth_c24,2,2,170,13.471,10.383,9.481,0.022,33.356,1
synth_c24,2,2,171,23.621,6.779,3.6,0.014,34.015,1
synth_c24,2,2,172,18.09,7.185,2.007,0.011,27.293,0
synth_c24,2,2,173,22.297,10.813,3.151,0.018,36.279,1
synth_c24,2,2,174,33.698,6.754,3.866,0.014,44.332,1
synth_c24,2,2,175,19.488,11.283,14.212,0.015,44.999,1
synth_c24,2,2,176,20.399,7.73,2.745,0.013,30.886,0
synth_c24,2,2,177,19.289,10.253,7.474,0.014,37.029,1
synth_c24,2,2,178,13.205,15.961,3.047,0.014,32.226,0
synth_c24,2,2,179,13.589,10.422,10.047,0.017,34.074,1
synth_c24,2,2,180,13.35,6.805,11.465,0.014,31.634,0
synth_c24,2,2,181,11.624,6.668,2.178,0.012,20.482,0
synth_c24,2,2,182,21.234,6.796,5.171,0.015,33.216,0
synth_c24,2,2,183,13.874,7.675,3.78,0.011,25.34,0
synth_c24,2,2,184,13.073,6.864,10.181,0.021,30.14,0
synth_c24,2,2,185,12.525,12.581,5.318,0.014,30.438,0
synth_c24,2,2,186,11.971,7.687,6.566,0.013,26.237,0
synth_c24,2,2,187,13.726,7.738,9.352,0.014,30.83,0
synth_c24,2,2,188,9.313,10.689,4.358,0.01,24.369,0
synth_c24,2,2,189,12.336,7.86,6.896,0.012,27.104,0
synth_c24,2,2,190,7.836,11.167,8.616,0.018,27.637,0
synth_c24,2,2,191,9.7,8.635,3.501,0.017,21.853,0
synth_c24,2,2,192,11.245,6.989,5.235,0.017,23.485,0
synth_c24,2,2,193,14.952,7.958,2.627,0.013,25.55,0
synth_c24,2,2,194,14.01,6.795,4.939,0.011,25.755,0
synth_c24,2,2,195,12.033,12.519,2.589,0.012,27.153,0
synth_c24,2,2,196,12.81,14.409,1.674,0.011,28.903,0
synth_c24,2,2,197,9.129,13.159,2.879,0.013,25.181,0
synth_c24,2,2,198,11.193,8.025,4.536,0.01,23.764,0
synth_c24,2,2,199,13.013,8.415,4.689,0.013,26.131,0
synth_c24,2,2,200,19.853,16.223,4.533,0.015,40.623,1
synth_c24,2,2,201,13.475,7.294,10.564,0.018,31.35,0
synth_c24,2,2,202,9.192,12.039,1.375,0.01,22.616,0
synth_c24,2,2,203,11.066,13.158,8.866,0.012,33.101,0
synth_c24,2,2,204,11.663,10.862,1.621,0.012,24.158,0
synth_c24,2,2,205,13.34,6.751,2.249,0.011,22.351,0
synth_c24,2,2,206,13.568,8.552,4.367,0.012,26.499,0
synth_c24,2,2,207,15.047,6.741,1.307,0.01,23.106,0
synth_c24,2,2,208,13.609,7.451,7.743,0.022,28.825,0
synth_c24,2,2,209,15.072,7.351,5.614,0.015,28.051,0
synth_c24,2,2,210,13.65,7.694,2.544,0.024,23.912,0
synth_c24,2,2,211,15.747,7.238,2.368,0.012,25.364,0
synth_c24,2,2,212,16.235,8.86,2.124,0.016,27.235,0
synth_c24,2,2,213,13.825,8.901,7.739,0.01,30.475,0
synth_c24,2,2,214,14.3,7.513,1.776,0.012,23.602,0
synth_c24,2,2,215,9.271,11.084,1.514,0.012,21.881,0
synth_c24,2,2,216,15.911,6.801,1.76,0.011,24.483,0
synth_c24,2,2,217,13.062,7.145,4.451,0.013,24.672,0
synth_c24,2,2,218,13.92,7.712,2.432,0.013,24.077,0
synth_c24,2,2,219,13.731,10.598,1.584,0.016,25.93,0
synth_c24,2,2,220,13.672,6.753,4.822,0.011,25.257,0
synth_c24,2,2,221,10.374,10.152,11.136,0.019,31.681,0
synth_c24,2,2,222,20.351,6.669,4.931,0.013,31.963,0
synth_c24,2,2,223,13.331,6.645,1.252,0.012,21.239,0
synth_c24,2,2,224,14.712,7.484,1.899,0.015,24.109,0
synth_c24,2,2,225,16.854,9.364,3.683,0.014,29.914,0
synth_c24,2,2,226,10.196,13.819,4.017,0.018,28.05,0
synth_c24,2,2,227,14.388,8.537,1.24,0.01,24.175,0
synth_c24,2,2,228,14.79,9.633,5.317,0.012,29.753,0
synth_c24,2,2,229,12.599,11.394,1.435,0.012,25.44,0
synth_c24,2,2,230,14.427,6.731,4.871,0.011,26.04,0
synth_c24,2,2,231,14.513,6.699,1.386,0.015,22.613,0
synth_c24,2,2,232,15.371,7.631,7.773,0.02,30.795,0
synth_c24,2,2,233,22.178,7.5,3.958,0.015,33.651,1
synth_c24,2,2,234,11.969,16.275,4.779,0.014,33.037,0
synth_c24,2,2,235,14.4,6.752,10.86,0.019,32.031,0
synth_c24,2,2,236,14.31,6.723,5.642,0.017,26.691,0
synth_c24,2,2,237,13.443,6.743,3.662,0.011,23.859,0
synth_c24,2,2,238,14.743,8.015,6.254,0.017,29.03,0
synth_c24,2,2,239,13.973,9.203,2.553,0.018,25.747,0
synth_c24,2,2,240,14.238,6.746,4.377,0.013,25.373,0
synth_c24,2,2,241,14.093,6.91,4.147,0.014,25.165,0
synth_c24,2,2,242,17.118,7.416,4.486,0.011,29.031,0
synth_c24,2,2,243,16.472,7.218,14.804,0.019,38.513,1
synth_c24,2,2,244,17.407,7.357,4.973,0.02,29.756,0
synth_c24,2,2,245,13.674,7.121,19.303,0.015,40.112,1
synth_c24,2,2,246,13.907,7.214,2.078,0.012,23.21,0
synth_c24,2,2,247,17.414,6.766,1.539,0.013,25.732,0
synth_c24,2,2,248,16.071,6.938,6.056,0.013,29.08,0
synth_c24,2,2,249,14.567,8.562,2.998,0.012,26.139,0
synth_c24,2,2,250,14.646,7.173,5.716,0.017,27.552,0
synth_c24,2,2,251,9.998,13.462,2.664,0.013,26.137,0
synth_c24,2,2,252,13.88,8.615,6.923,0.012,29.43,0
synth_c24,2,2,253,15.284,7.928,11.566,0.014,34.792,1
synth_c24,2,2,254,11.826,6.814,2.013,0.014,20.667,0
synth_c24,2,2,255,14.408,7.253,2.341,0.011,24.012,0
synth_c24,2,2,256,10.087,9.714,16.516,0.018,36.335,1
synth_c24,2,2,257,11.536,8.489,10.211,1.681,31.917,0
synth_c24,2,2,258,13.423,7.314,15.658,0.027,36.423,1
synth_c24,2,2,259,15.769,7.29,1.977,0.013,25.049,0
synth_c24,2,2,260,13.496,9.095,7.341,0.012,29.944,0
synth_c24,2,2,261,17.078,6.747,1.65,0.016,25.492,0
synth_c24,2,2,262,9.885,10.674,3.782,0.012,24.352,0
synth_c24,2,2,263,13.825,7.29,8.742,0.011,29.868,0
synth_c24,2,2,264,13.276,11.709,3.607,0.012,28.603,0
synth_c24,2,2,265,9.939,12.192,1.532,0.011,23.674,0
synth_c24,2,2,266,13.312,6.932,13.797,0.016,34.058,1
synth_c24,2,2,267,9.944,6.79,1.741,0.01,18.486,0
synth_c24,2,2,268,13.442,6.656,1.441,0.013,21.552,0
synth_c24,2,2,269,13.84,11.517,5.201,0.011,30.569,0
synth_c24,2,2,270,11.597,8.497,1.46,0.01,21.564,0
synth_c24,2,2,271,13.964,9.297,4.79,0.014,28.065,0
synth_c24,2,2,272,12.776,7.081,5.511,0.016,25.384,0
synth_c24,2,2,273,13.877,10.156,4.159,0.013,28.205,0
synth_c24,2,2,274,11.723,6.755,3.41,0.013,21.901,0
synth_c24,2,2,275,12.664,8.002,12.999,0.012,33.678,1
synth_c24,2,2,276,13.634,10.405,1.942,0.01,25.991,0
synth_c24,2,2,277,7.549,11.308,6.174,0.013,25.043,0
synth_c24,2,2,278,11.682,10.472,2.995,0.011,25.16,0
synth_c24,2,2,279,9.567,12.798,4.863,0.014,27.242,0
synth_c24,2,2,280,13.588,6.993,11.966,0.015,32.562,0
synth_c24,2,2,281,11.307,14.496,10.161,0.013,35.976,1
synth_c24,2,2,282,14.035,6.875,1.401,0.009,22.32,0
synth_c24,2,2,283,13.693,11.666,11.58,0.013,36.953,1
synth_c24,2,2,284,14.264,6.746,1.842,0.01,22.863,0
synth_c24,2,2,285,15.274,10.858,6.031,0.011,32.174,0
synth_c24,2,2,286,13.354,6.645,1.434,0.01,21.442,0
synth_c24,2,2,287,12.711,6.997,5.192,0.013,24.913,0
synth_c24,2,2,288,11.858,7.882,1.625,0.012,21.378,0
synth_c24,2,2,289,13.819,6.682,1.257,0.009,21.768,0
synth_c24,2,2,290,14.053,9.619,1.443,0.011,25.126,0
synth_c24,2,2,291,13.443,8.299,4.594,0.011,26.346,0
synth_c24,2,2,292,13.077,6.763,1.338,0.01,21.188,0
synth_c24,2,2,293,11.241,7.644,5.25,0.014,24.149,0
synth_c24,2,2,294,14.055,7.061,6.624,0.016,27.755,0
synth_c24,2,2,295,19.013,9.039,2.979,0.015,31.046,0
synth_c24,2,2,296,24.449,7.807,1.724,0.015,33.995,1
synth_c24,2,2,297,22.959,6.952,2.194,0.015,32.119,0
synth_c24,2,2,298,20.178,8.699,13.067,0.017,41.961,1
synth_c24,2,2,299,16.34,9.809,8.771,0.015,34.935,1
synth_c24,2,2,300,17.849,8.111,3.671,0.018,29.648,0
synth_c24,2,2,301,20.301,11.768,6.739,0.017,38.825,1
synth_c24,2,2,302,15.935,8.462,4.88,0.016,29.293,0
synth_c24,2,2,303,17.402,9.631,3.226,0.043,30.302,0
synth_c24,2,2,304,20.891,7.91,8.775,0.017,37.594,1
synth_c24,2,2,305,19.411,7.642,5.201,0.021,32.275,0
synth_c24,2,2,306,18.322,12.438,2.803,0.015,33.579,1
synth_c24,2,2,307,26.74,11.507,9.314,0.023,47.584,1
synth_c24,2,2,308,16.428,7.315,3.671,0.015,27.43,0
synth_c24,2,2,309,20.081,6.928,1.471,0.019,28.499,0
synth_c24,2,2,310,22.9,6.838,2.558,0.014,32.31,0
synth_c24,2,2,311,19.295,6.873,6.191,0.015,32.375,0
synth_c24,2,2,312,22.24,7.651,2.249,0.016,32.157,0
synth_c24,2,2,313,19.86,8.774,7.274,0.016,35.924,1
synth_c24,2,2,314,20.347,10.752,2.368,0.015,33.482,1
synth_c24,2,2,315,20.377,8.773,5.039,0.016,34.205,1
synth_c24,2,2,316,15.02,10.745,1.718,0.019,27.502,0
synth_c24,2,2,317,20.446,6.968,4.559,0.014,31.987,0
synth_c24,2,2,318,20.44,9.235,9.408,0.015,39.098,1
synth_c24,2,2,319,23.21,10.169,1.057,0.014,34.449,1
synth_c24,2,2,320,27.535,12.23,4.388,0.013,44.166,1
synth_c24,2,2,321,24.284,9.641,6.971,0.019,40.914,1
synth_c24,2,2,322,27.488,11.683,5.654,0.022,44.846,1
synth_c24,2,2,324,22.655,10.856,1.829,0.014,35.354,1
synth_c24,2,2,325,28.05,7.288,7.136,0.016,42.49,1
synth_c24,2,2,326,14.783,15.602,1.15,0.015,31.55,0
synth_c24,2,2,327,15.953,9.187,4.825,0.02,29.985,0
synth_c24,2,2,328,19.722,8.398,3.141,0.013,31.273,0
synth_c24,2,2,329,22.628,8.442,7.533,0.029,38.632,1
synth_c24,2,2,330,21.297,9.231,9.327,0.016,39.872,1
synth_c24,2,2,331,14.901,15.047,2.251,0.017,32.216,0
synth_c24,2,2,332,19.119,8.283,4.627,0.02,32.048,0
synth_c24,2,2,333,21.631,6.801,4.269,0.016,32.716,0
synth_c24,2,2,334,17.321,7.043,5.11,0.016,29.491,0
synth_c24,2,2,335,17.977,9.781,1.851,0.014,29.623,0
synth_c24,2,2,336,18.431,7.017,4.121,0.016,29.585,0
synth_c24,2,2,337,19.015,9.121,2.884,0.019,31.038,0
synth_c24,2,2,338,17.372,8.658,7.731,0.02,33.782,1
synth_c24,2,2,339,16.084,6.979,5.744,0.02,28.827,0
synth_c24,2,2,340,21.115,7.399,1.846,3.671,34.033,1
synth_c24,2,2,341,15.658,10.636,4.898,0.021,31.213,0
synth_c24,2,2,342,17.292,7.731,7.657,0.016,32.697,0
synth_c24,2,2,343,16.846,7.921,6.767,0.017,31.552,0
synth_c24,2,2,344,16.754,10.92,1.203,0.013,28.89,0
synth_c24,2,2,345,17.181,7.115,9.155,0.014,33.464,1
synth_c24,2,2,346,17.705,8.319,3.325,0.015,29.365,0
synth_c24,2,2,347,20.166,7.014,3.537,0.015,30.732,0
synth_c24,2,2,348,18.132,7.627,7.989,0.014,33.761,1
synth_c24,2,2,349,15.493,11.88,1.442,0.017,28.831,0
synth_c24,2,2,350,15.756,6.797,4.238,0.014,26.805,0
synth_c24,2,2,351,17.689,7.453,1.485,0.015,26.641,0
synth_c24,2,2,352,15.955,10.899,4.765,0.015,31.633,0
synth_c24,2,2,353,20.221,7.27,17.739,0.019,45.25,1
synth_c24,2,2,354,17.159,7.119,5.252,0.014,29.545,0
synth_c24,2,2,355,15.205,12.345,3.772,0.014,31.336,0
synth_c24,2,2,356,14.452,10.391,4.913,0.016,29.772,0
synth_c24,2,2,357,15.807,6.75,8.323,0.015,30.895,0
synth_c24,2,2,358,19.255,7.034,5.424,0.019,31.732,0
synth_c24,2,2,359,15.362,7.057,3.391,0.018,25.828,0
synth_c24,2,2,360,22.627,8.538,3.527,0.015,34.707,1
synth_c24,2,2,361,19.219,7.073,2.48,0.015,28.787,0
synth_c24,2,2,362,17.594,7.293,4.809,0.014,29.709,0
synth_c24,2,2,363,19.713,6.755,4.429,0.013,30.91,0
synth_c24,2,2,364,20.148,6.963,3.311,0.014,30.435,0
synth_c24,2,2,365,17.739,8.354,4.614,0.015,30.722,0
synth_c24,2,2,366,16.704,10.669,5.162,0.017,32.551,0
synth_c24,2,2,367,18.96,7.084,2.222,0.012,28.278,0
synth_c24,2,2,368,23.164,6.869,1.729,0.018,31.78,0
synth_c24,2,2,369,21.901,6.815,8.782,0.015,37.513,1
synth_c24,2,2,370,19.162,6.967,1.823,0.018,27.97,0
synth_c24,2,2,371,19.918,6.872,1.45,0.012,28.252,0
synth_c24,2,2,372,18.015,8.021,7.257,0.015,33.308,0
synth_c24,2,2,373,16.377,8.055,3.888,0.013,28.333,0
synth_c24,2,2,374,21.929,7.167,1.504,0.013,30.614,0
synth_c24,2,2,375,16.621,7.067,8.957,0.015,32.659,0
synth_c24,2,2,376,21.705,6.768,1.403,0.014,29.889,0
synth_c24,2,2,377,15.243,10.627,1.472,0.013,27.354,0
synth_c24,2,2,378,16.181,11.839,7.914,0.014,35.947,1
synth_c24,2,2,379,17.372,7.125,5.108,0.013,29.617,0
synth_c24,2,2,380,14.9,10.759,1.655,0.013,27.328,0
synth_c24,2,2,381,21.348,9.917,6.059,0.017,37.341,1
synth_c24,2,2,382,19.212,7.048,5.738,0.017,32.015,0
synth_c24,2,2,383,21.15,6.786,1.962,0.014,29.911,0
synth_c24,2,2,384,18.788,11.263,4.188,0.016,34.255,1
synth_c24,2,2,385,17.767,7.127,6.212,0.019,31.125,0
synth_c24,2,2,386,15.81,10.926,8.859,0.016,35.611,1
synth_c24,2,2,387,13.088,10.983,12.544,0.017,36.632,1
synth_c24,2,2,388,16.254,11.154,5.806,0.014,33.226,0
synth_c24,2,2,389,22.911,6.816,3.397,0.013,33.137,0
synth_c24,2,2,390,18.912,6.777,1.641,0.017,27.347,0
synth_c24,2,2,391,21.384,7.152,1.998,0.02,30.554,0
synth_c24,2,2,392,16.995,8.481,13.097,0.015,38.588,1
synth_c24,2,2,393,15.186,9.657,3.038,0.016,27.898,0
synth_c24,2,2,394,19.631,7.306,4.052,0.014,31.003,0
synth_c24,2,2,395,19.191,8.944,4.255,0.019,32.41,0
synth_c24,2,2,396,18.963,7.117,5.323,0.014,31.417,0
synth_c24,2,2,397,16.088,7.207,14.496,0.015,37.807,1
synth_c24,2,2,398,21.131,6.992,1.491,0.015,29.629,0
synth_c24,2,2,399,19.149,9.03,6.628,0.014,34.822,1
synth_c24,2,2,400,26.115,7.186,4.687,0.016,38.004,1
synth_c24,2,2,401,16.648,6.876,10.958,0.015,34.497,1
synth_c24,2,2,402,17.521,7.469,4.075,0.014,29.078,0
synth_c24,2,2,403,17.13,12.974,8.655,0.017,38.776,1
synth_c24,2,2,404,19.641,7.091,2.925,0.015,29.673,0
synth_c24,2,2,405,18.451,6.794,1.457,0.014,26.717,0
synth_c24,2,2,406,16.665,6.749,1.485,0.017,24.915,0
synth_c24,2,2,407,17.224,9.29,5.194,0.015,31.723,0
synth_c24,2,2,408,21.663,7.525,3.538,0.015,32.743,0
synth_c24,2,2,409,17.545,11.101,5.699,0.015,34.359,1
synth_c24,2,2,410,14.889,11.443,7.564,0.014,33.91,1
synth_c24,2,2,411,17.749,11.83,6.245,0.023,35.847,1
synth_c24,2,2,412,18.226,11.413,4.991,0.017,34.648,1
synth_c24,2,2,413,16.555,7.847,4.56,0.013,28.974,0
synth_c24,2,2,414,19.993,6.978,3.393,0.016,30.38,0
synth_c24,2,2,415,19.371,7.452,1.649,0.016,28.488,0
synth_c24,2,2,416,19.143,7.305,7.853,0.016,34.317,1
synth_c24,2,2,417,17.361,11.375,5.066,0.014,33.816,1
synth_c24,2,2,418,17.013,10.809,1.794,0.016,29.633,0
synth_c24,2,2,419,20.281,6.992,2.038,0.019,29.33,0
synth_c24,2,2,420,14.665,12.127,6.842,0.017,33.65,1
synth_c24,2,2,421,14.927,12.273,5.626,0.015,32.841,0
synth_c24,2,2,422,16.881,13.317,4.459,0.019,34.676,1
synth_c24,2,2,423,18.909,10.681,1.679,0.018,31.288,0
synth_c24,2,2,424,20.143,7.017,3.073,0.02,30.253,0
synth_c24,2,2,425,19.457,7.689,11.699,0.016,38.861,1
synth_c24,2,2,426,14.581,10.445,8.552,0.017,33.595,1
synth_c24,2,2,427,19.814,6.882,2.59,0.015,29.301,0
synth_c24,2,2,428,16.224,11.083,7.019,0.016,34.342,1
synth_c24,2,2,429,20.263,7.575,1.697,0.021,29.556,0
synth_c24,2,2,430,19.465,10.708,2.976,0.016,33.165,0
synth_c24,2,2,431,19.378,6.782,1.471,0.016,27.647,0
synth_c24,2,2,432,18.117,6.888,11.088,0.018,36.112,1
synth_c24,2,2,433,14.837,8.237,8.767,0.013,31.855,0
synth_c24,2,2,434,15.6,11.043,3.387,0.016,30.047,0
synth_c24,2,2,435,14.879,11.251,1.526,0.013,27.669,0
synth_c24,2,2,436,20.44,7.013,7.75,0.015,35.218,1
synth_c24,2,2,437,14.239,11.956,7.245,0.016,33.456,1
synth_c24,2,2,438,16.949,7.051,5.517,0.015,29.532,0
synth_c24,2,2,439,15.897,6.915,6.104,0.013,28.928,0
synth_c24,2,2,440,15.387,8.827,6.786,0.014,31.013,0
synth_c24,2,2,441,20.647,6.885,4.651,0.014,32.197,0
synth_c24,2,2,442,19.841,6.924,1.642,0.014,28.421,0
synth_c24,2,2,443,21.023,7.009,2.044,0.014,30.09,0
synth_c24,2,2,444,19.128,6.934,5.742,0.013,31.817,0
synth_c24,2,2,445,19.45,6.983,1.578,0.014,28.024,0
synth_c24,2,2,446,22.902,9.081,7.152,0.014,39.149,1
synth_c24,2,2,447,25.115,9.227,2.995,0.012,37.349,1
synth_c24,2,2,448,19.18,7.672,5.066,0.014,31.932,0
synth_c24,2,2,449,15.986,11.097,4.549,0.017,31.649,0
synth_c24,2,2,450,20.287,7.923,5.153,0.014,33.377,1
synth_c24,2,2,451,18.024,8.676,4.68,0.015,31.395,0
synth_c24,2,2,452,19.448,7.15,5.531,0.017,32.147,0
synth_c24,2,2,453,16.695,9.968,1.607,0.014,28.284,0
synth_c24,2,2,454,20.253,9.767,9.091,0.016,39.127,1
synth_c24,2,2,455,15.826,7.17,8.952,0.013,31.961,0
synth_c24,2,2,456,16.77,12.145,3.844,0.014,32.773,0
synth_c24,2,2,457,16.615,6.889,4.57,0.012,28.086,0
synth_c24,2,2,458,10.199,10.794,4.775,0.013,25.78,0
synth_c24,2,2,459,14.295,6.989,3.543,0.016,24.843,0
synth_c24,2,2,460,10.6,10.619,8.057,0.011,29.287,0
synth_c24,2,2,461,10.383,10.519,1.336,0.012,22.25,0
synth_c24,2,2,462,12.876,9.738,3.106,0.01,25.729,0
synth_c24,2,2,463,15.869,7.024,5.216,0.013,28.122,0
synth_c24,2,2,464,11.716,10.04,1.611,0.015,23.382,0
synth_c24,2,2,465,12.894,10.43,8.007,0.018,31.348,0
synth_c24,2,2,466,10.569,9.584,1.24,0.011,21.404,0
synth_c24,2,2,467,9.116,10.373,5.716,0.014,25.219,0
synth_c24,2,2,468,12.181,10.126,2.842,0.011,25.161,0
synth_c24,2,2,469,12.478,6.606,4.558,0.01,23.652,0
synth_c24,2,2,470,17.514,6.88,1.385,0.011,25.791,0
synth_c24,2,2,471,13.453,7.171,6.738,0.01,27.373,0
synth_c24,2,2,472,12.177,10.287,4.467,0.011,26.943,0
synth_c24,2,2,473,12.94,10.315,1.613,0.011,24.879,0
synth_c24,2,2,474,13.876,6.943,4.994,0.009,25.823,0
synth_c24,2,3,30,8.29,10.608,4.604,0.009,23.51,0
synth_c24,2,3,31,9.953,10.401,1.683,0.009,22.046,0
synth_c24,2,3,32,17.104,11.179,8.823,0.01,37.116,1
synth_c24,2,3,33,13.881,6.626,4.886,0.014,25.407,0
synth_c24,2,3,34,13.054,6.759,1.415,0.009,21.237,0
synth_c24,2,3,35,9.369,11.083,4.652,0.01,25.113,0
synth_c24,2,3,36,18.234,6.589,4.388,0.011,29.223,0
synth_c24,2,3,37,12.515,6.675,4.513,0.011,23.713,0
synth_c24,2,3,38,12.513,6.652,1.325,0.009,20.5,0
synth_c24,2,3,39,11.192,10.638,4.972,0.009,26.81,0
synth_c24,2,3,40,15.699,10.688,1.561,0.01,27.958,0
synth_c24,2,3,41,13.68,6.79,6.853,0.011,27.334,0
synth_c24,2,3,42,36.031,11.662,4.599,0.015,52.307,1
synth_c24,2,3,43,7.113,18.218,11.577,0.013,36.92,1
synth_c24,2,3,44,15.412,16.834,8.831,0.013,41.089,1
synth_c24,2,3,45,16.728,7.008,18.448,0.016,42.2,1
synth_c24,2,3,47,18.741,11.59,6.962,0.017,37.311,1
synth_c24,2,3,48,16.827,7.329,4.547,0.017,28.72,0
synth_c24,2,3,49,13.773,14.305,3.305,0.014,31.397,0
synth_c24,2,3,50,14.997,6.79,2.08,0.014,23.88,0
synth_c24,2,3,51,18.049,8.671,5.422,0.015,32.157,0
synth_c24,2,3,52,16.479,10.639,2.914,0.013,30.043,0
synth_c24,2,3,53,20.674,6.971,7.915,0.017,35.576,1
synth_c24,2,3,54,16.161,7.031,10.813,0.015,34.02,1
synth_c24,2,3,55,15.97,7.942,11.974,0.016,35.901,1
synth_c24,2,3,56,15.001,17.642,5.739,0.016,38.398,1
synth_c24,2,3,57,17.265,6.995,5.753,0.015,30.027,0
synth_c24,2,3,58,19.264,9.049,4.839,0.015,33.167,0
synth_c24,2,3,59,19.62,7.912,12.17,0.017,39.72,1
synth_c24,2,3,60,16.0,11.209,2.001,0.013,29.223,0
synth_c24,2,3,61,16.17,14.792,1.973,0.018,32.954,0
synth_c24,2,3,62,13.778,13.458,4.679,0.014,31.929,0
synth_c24,2,3,63,19.594,11.713,2.169,0.013,33.49,1
synth_c24,2,3,64,16.061,10.504,7.126,0.015,33.706,1
synth_c24,2,3,65,24.021,6.899,8.718,0.075,39.713,1
synth_c24,2,3,66,17.455,13.845,4.643,0.015,35.958,1
synth_c24,2,3,67,21.308,6.864,5.409,0.015,33.596,1
synth_c24,2,3,68,19.594,12.012,6.486,0.013,38.105,1
synth_c24,2,3,69,16.18,8.052,10.002,0.015,34.249,1
synth_c24,2,3,70,15.57,12.394,3.962,0.013,31.939,0
synth_c24,2,3,71,19.818,12.022,5.209,0.015,37.064,1
synth_c24,2,3,72,16.205,10.962,2.114,0.013,29.295,0
synth_c24,2,3,73,18.897,7.908,9.091,0.017,35.913,1
synth_c24,2,3,74,20.602,6.96,2.515,0.014,30.092,0
synth_c24,2,3,75,16.179,15.7,3.583,0.014,35.475,1
synth_c24,2,3,76,15.62,13.735,1.868,0.016,31.239,0
synth_c24,2,3,77,20.863,7.328,4.652,0.015,32.858,0
synth_c24,2,3,78,15.866,12.117,4.793,0.015,32.79,0
synth_c24,2,3,79,16.827,12.444,5.576,0.02,34.867,1
synth_c24,2,3,80,19.246,7.201,3.065,0.013,29.526,0
synth_c24,2,3,81,17.509,8.39,8.969,0.02,34.889,1
synth_c24,2,3,82,20.032,6.813,6.71,1.372,34.927,1
synth_c24,2,3,83,19.112,12.873,9.034,0.016,41.036,1
synth_c24,2,3,84,17.073,8.2,4.987,0.012,30.273,0
synth_c24,2,3,85,19.548,7.528,4.307,0.015,31.399,0
synth_c24,2,3,86,18.266,8.278,5.036,0.018,31.597,0
synth_c24,2,3,87,16.129,8.481,5.029,0.013,29.652,0
synth_c24,2,3,88,19.341,6.842,2.937,0.014,29.134,0
synth_c24,2,3,89,19.994,8.027,4.8,0.016,32.837,0
synth_c24,2,3,90,20.081,11.045,1.306,0.013,32.445,0
synth_c24,2,3,91,16.415,7.773,14.576,0.018,38.781,1
synth_c24,2,3,92,14.409,11.584,5.386,0.018,31.397,0
synth_c24,2,3,93,21.229,8.979,2.837,0.014,33.059,0
synth_c24,2,3,94,17.744,10.676,4.339,0.016,32.776,0
synth_c24,2,3,95,17.395,12.389,1.305,0.014,31.103,0
synth_c24,2,3,96,19.053,7.157,1.308,0.016,27.533,0
synth_c24,2,3,97,18.884,6.991,4.044,0.014,29.933,0
synth_c24,2,3,98,18.599,11.332,3.953,0.015,33.9,1
synth_c24,2,3,99,15.778,10.173,3.448,0.013,29.413,0
synth_c24,2,3,100,18.579,10.691,1.981,0.018,31.269,0
synth_c24,2,3,101,19.502,10.725,4.382,0.016,34.625,1
synth_c24,2,3,102,16.283,8.349,8.3,0.013,32.945,0
synth_c24,2,3,103,12.631,11.125,3.691,0.013,27.46,0
synth_c24,2,3,104,17.972,8.245,4.34,0.015,30.571,0
synth_c24,2,3,105,16.506,10.126,17.024,0.018,43.674,1
synth_c24,2,3,106,18.548,7.43,8.245,0.013,34.237,1
synth_c24,2,3,107,15.062,9.341,6.373,0.015,30.79,0
synth_c24,2,3,108,16.726,6.972,3.034,0.013,26.746,0
synth_c24,2,3,109,15.248,11.658,1.682,0.015,28.603,0
synth_c24,2,3,110,16.084,9.292,6.76,0.016,32.153,0
synth_c24,2,3,111,17.639,13.005,2.652,0.015,33.312,0
synth_c24,2,3,112,19.684,7.032,9.44,0.018,36.175,1
synth_c24,2,3,113,22.35,9.281,6.705,0.017,38.353,1
synth_c24,2,3,114,18.087,6.936,7.6,0.014,32.637,0
synth_c24,2,3,115,13.231,11.215,2.483,0.013,26.942,0
synth_c24,2,3,116,19.989,9.864,1.23,0.013,31.095,0
synth_c24,2,3,117,19.753,8.538,1.215,0.99,30.496,0
synth_c24,2,3,118,29.913,7.464,7.068,0.014,44.458,1
synth_c24,2,3,119,19.136,7.206,10.169,0.015,36.526,1
synth_c24,2,3,120,21.109,6.891,4.646,0.015,32.661,0
synth_c24,2,3,121,16.242,8.362,3.71,0.013,28.327,0
synth_c24,2,3,122,17.111,7.768,4.548,0.012,29.439,0
synth_c24,2,3,123,17.095,10.267,2.633,0.014,30.009,0
synth_c24,2,3,124,21.207,6.789,2.309,0.014,30.319,0
synth_c24,2,3,125,17.909,8.752,9.891,0.02,36.572,1
synth_c24,2,3,126,16.552,10.899,5.462,0.014,32.926,0
synth_c24,2,3,127,16.34,11.177,1.365,0.013,28.895,0
synth_c24,2,3,128,15.632,9.188,7.876,0.015,32.711,0
synth_c24,2,3,129,19.27,7.353,4.085,0.02,30.729,0
synth_c24,2,3,130,21.589,7.502,1.474,0.013,30.577,0
synth_c24,2,3,131,19.679,9.272,11.732,0.02,40.703,1
synth_c24,2,3,132,16.167,9.207,8.852,0.018,34.243,1
synth_c24,2,3,133,15.858,8.92,6.634,0.014,31.427,0
synth_c24,2,3,134,22.97,7.302,7.5,0.015,37.787,1
synth_c24,2,3,135,16.728,6.999,2.22,0.014,25.961,0
synth_c24,2,3,136,13.605,10.627,6.872,0.018,31.121,0
synth_c24,2,3,137,19.05,8.885,8.187,0.015,36.136,1
synth_c24,2,3,138,18.99,8.16,4.142,0.015,31.307,0
synth_c24,2,3,139,15.9,10.672,8.771,0.013,35.357,1
synth_c24,2,3,140,19.403,6.959,8.56,0.014,34.936,1
synth_c24,2,3,141,14.403,12.98,4.931,0.016,32.329,0
synth_c24,2,3,142,18.369,7.559,10.975,0.017,36.92,1
synth_c24,2,3,143,18.159,6.925,9.732,0.016,34.832,1
synth_c24,2,3,144,21.94,7.019,4.046,0.021,33.026,0
synth_c24,2,3,145,18.094,7.494,15.237,0.017,40.841,1
synth_c24,2,3,146,18.304,8.291,12.031,0.018,38.644,1
synth_c24,2,3,147,17.555,8.121,8.309,0.02,34.006,1
synth_c24,2,3,148,20.293,7.038,10.011,0.024,37.366,1
synth_c24,2,3,149,19.915,12.761,1.793,0.017,34.486,1
synth_c24,2,3,150,19.497,8.408,21.885,0.017,49.807,1
synth_c24,2,3,152,24.46,6.819,4.389,0.016,35.684,1
synth_c24,2,3,153,27.986,10.059,7.644,0.018,45.707,1
synth_c24,2,3,154,26.351,11.827,24.321,0.021,62.52,1
synth_c24,2,3,156,20.901,12.452,15.125,0.022,48.5,1
synth_c24,2,3,158,31.871,6.846,12.417,0.021,51.154,1
synth_c24,2,3,159,24.547,7.672,2.938,0.013,35.17,1
synth_c24,2,3,160,27.724,7.456,13.773,0.018,48.97,1
synth_c24,2,3,162,29.517,12.092,11.861,1.536,55.005,1
synth_c24,2,3,163,47.71,7.746,10.097,0.019,65.571,1
synth_c24,2,3,165,28.34,8.639,8.866,0.016,45.861,1
synth_c24,2,3,167,34.072,12.334,9.615,0.021,56.042,1
synth_c24,2,3,168,22.906,8.458,16.511,0.017,47.892,1
synth_c24,2,3,170,32.344,7.795,11.429,0.017,51.585,1
synth_c24,2,3,171,28.704,7.662,12.25,0.018,48.634,1
synth_c24,2,3,173,21.609,7.807,9.451,0.016,38.883,1
synth_c24,2,3,174,20.779,11.624,10.336,0.015,42.754,1
synth_c24,2,3,175,28.982,7.441,12.546,0.017,48.986,1
synth_c24,2,3,177,22.109,8.762,9.401,0.018,40.29,1
synth_c24,2,3,178,25.227,9.172,7.418,0.019,41.836,1
synth_c24,2,3,179,23.562,7.662,4.013,0.018,35.255,1
synth_c24,2,3,180,24.323,7.01,7.743,0.015,39.091,1
synth_c24,2,3,181,26.512,12.157,7.19,0.02,45.879,1
synth_c24,2,3,183,21.974,7.725,10.28,0.056,40.035,1
synth_c24,2,3,184,29.738,8.097,8.335,0.019,46.19,1
synth_c24,2,3,185,21.207,8.809,5.981,0.024,36.021,1
synth_c24,2,3,186,28.443,7.938,5.4,0.029,41.81,1
synth_c24,2,3,188,21.339,9.614,10.628,0.016,41.597,1
synth_c24,2,3,189,16.073,7.258,7.89,0.016,31.237,0
synth_c24,2,3,190,19.046,9.93,9.443,0.017,38.436,1
synth_c24,2,3,191,16.052,7.887,4.459,0.015,28.412,0
synth_c24,2,3,192,17.118,7.24,12.264,0.014,36.636,1
synth_c24,2,3,193,19.005,7.562,7.975,0.018,34.56,1
synth_c24,2,3,194,25.967,7.609,8.014,0.016,41.606,1
synth_c24,2,3,195,24.523,7.897,8.983,0.018,41.422,1
synth_c24,2,3,197,14.764,7.445,4.394,0.015,26.618,0
synth_c24,2,3,198,18.195,8.069,8.967,0.034,35.266,1
synth_c24,2,3,199,18.326,8.622,11.885,0.017,38.85,1
synth_c24,2,3,200,21.385,7.487,5.153,0.018,34.043,1
synth_c24,2,3,201,19.573,8.063,5.583,0.068,33.287,0
synth_c24,2,3,202,24.898,12.935,14.399,0.018,52.25,1
synth_c24,2,3,203,25.354,6.956,10.586,0.019,42.916,1
synth_c24,2,3,205,21.859,7.72,4.303,0.025,33.907,1
synth_c24,2,3,206,21.099,7.608,7.71,0.039,36.455,1
synth_c24,2,3,207,22.793,7.261,10.863,0.019,40.937,1
synth_c24,2,3,208,19.094,7.528,5.535,0.017,32.174,0
synth_c24,2,3,209,20.942,7.153,6.132,0.02,34.247,1
synth_c24,2,3,210,25.096,7.148,3.796,0.02,36.06,1
synth_c24,2,3,211,19.93,7.814,8.365,0.019,36.129,1
synth_c24,2,3,212,23.479,12.922,10.741,0.199,47.341,1
synth_c24,2,3,214,19.07,8.509,7.577,0.022,35.178,1
synth_c24,2,3,215,19.439,12.487,19.384,0.036,51.346,1
synth_c24,2,3,216,14.141,11.15,11.053,0.023,36.367,1
synth_c24,2,3,217,18.296,7.445,5.561,0.017,31.319,0
synth_c24,2,3,218,18.697,11.394,3.971,0.019,34.081,1
synth_c24,2,3,219,20.489,7.545,9.355,0.021,37.41,1
synth_c24,2,3,220,15.915,7.355,4.442,0.015,27.728,0
synth_c24,2,3,221,17.184,11.025,2.67,0.025,30.903,0
synth_c24,2,3,222,16.133,7.346,6.274,0.019,29.772,0
synth_c24,2,3,223,18.121,6.785,2.983,0.016,27.905,0
synth_c24,2,3,224,20.39,9.855,5.997,0.015,36.256,1
synth_c24,2,3,225,19.716,7.006,1.869,0.014,28.604,0
synth_c24,2,3,226,20.545,6.965,3.774,0.014,31.298,0
synth_c24,2,3,227,17.75,6.916,4.196,0.012,28.874,0
synth_c24,2,3,228,18.594,8.577,9.723,0.016,36.91,1
synth_c24,2,3,229,17.803,7.926,4.872,0.014,30.615,0
synth_c24,2,3,230,15.552,8.107,14.17,1.14,38.969,1
synth_c24,2,3,231,21.518,7.803,1.749,0.012,31.082,0
synth_c24,2,3,232,21.624,7.305,5.277,0.016,34.221,1
synth_c24,2,3,233,15.325,9.162,9.13,0.018,33.635,1
synth_c24,2,3,234,17.708,7.015,11.385,0.014,36.122,1
synth_c24,2,3,235,17.975,6.931,11.002,0.013,35.921,1
synth_c24,2,3,236,16.374,6.91,3.23,0.019,26.534,0
synth_c24,2,3,237,19.356,6.994,9.577,0.014,35.941,1
synth_c24,2,3,238,16.195,6.755,7.52,0.014,30.484,0
synth_c24,2,3,239,21.343,6.771,6.156,0.015,34.285,1
synth_c24,2,3,240,16.254,7.661,5.244,0.016,29.175,0
synth_c24,2,3,241,16.931,7.817,10.514,0.017,35.28,1
synth_c24,2,3,242,16.144,11.208,2.746,0.015,30.113,0
synth_c24,2,3,243,21.451,7.41,2.024,0.013,30.898,0
synth_c24,2,3,244,20.188,6.944,5.277,0.015,32.423,0
synth_c24,2,3,245,19.932,6.808,5.088,0.015,31.842,0
synth_c24,2,3,246,17.249,6.94,1.708,0.015,25.913,0
synth_c24,2,3,247,20.549,6.965,8.433,0.021,35.966,1
synth_c24,2,3,248,19.202,8.293,6.379,0.016,33.89,1
synth_c24,2,3,249,14.31,6.872,4.76,0.015,25.957,0
synth_c24,2,3,250,17.193,7.032,3.591,0.019,27.836,0
synth_c24,2,3,251,19.164,7.923,9.65,0.014,36.752,1
synth_c24,2,3,252,21.051,7.128,8.821,0.016,37.015,1
synth_c24,2,3,253,15.816,7.974,8.771,0.014,32.576,0
synth_c24,2,3,254,17.049,7.268,4.786,0.019,29.123,0
synth_c24,2,3,255,19.826,7.498,1.615,0.013,28.953,0
synth_c24,2,3,256,20.932,7.724,16.566,0.015,45.237,1
synth_c24,2,3,257,15.888,6.997,1.615,0.014,24.515,0
synth_c24,2,3,258,15.449,10.462,1.569,0.017,27.498,0
synth_c24,2,3,259,31.476,9.337,12.688,0.018,53.519,1
synth_c24,2,3,260,15.21,7.362,12.15,0.013,34.735,1
synth_c24,2,3,261,16.985,13.052,5.605,0.014,35.657,1
synth_c24,2,3,262,17.815,7.346,1.829,0.015,27.005,0
synth_c24,2,3,263,19.823,8.762,5.713,0.017,34.315,1
synth_c24,2,3,264,20.935,7.044,6.57,0.013,34.563,1
synth_c24,2,3,265,14.188,10.897,10.403,0.025,35.513,1
synth_c24,2,3,266,19.978,6.964,4.314,0.016,31.272,0
synth_c24,2,3,267,19.657,15.046,4.604,0.014,39.321,1
synth_c24,2,3,268,19.147,12.495,2.087,0.018,33.747,1
synth_c24,2,3,269,16.064,6.876,1.626,0.989,25.556,0
synth_c24,2,3,270,27.458,13.447,7.8,0.022,48.727,1
synth_c24,2,3,272,15.9,10.909,7.769,0.015,34.592,1
synth_c24,2,3,273,19.912,12.701,2.646,0.015,35.274,1
synth_c24,2,3,274,17.675,13.293,5.031,0.013,36.012,1
synth_c24,2,3,275,18.001,9.362,4.247,0.021,31.63,0
synth_c24,2,3,276,16.947,12.441,4.43,0.018,33.837,1
synth_c24,2,3,277,18.733,6.978,1.49,0.013,27.214,0
synth_c24,2,3,278,17.271,7.217,1.39,0.014,25.893,0
synth_c24,2,3,279,20.364,6.848,6.026,0.017,33.255,0
synth_c24,2,3,280,15.879,6.862,1.774,0.016,24.53,0
synth_c24,2,3,281,18.498,7.422,9.926,0.015,35.86,1
synth_c24,2,3,282,17.931,7.585,12.541,0.019,38.076,1
synth_c24,2,3,283,18.304,10.163,5.999,0.015,34.481,1
synth_c24,2,3,284,15.949,7.279,4.575,0.013,27.816,0
synth_c24,2,3,285,16.19,7.906,1.624,0.013,25.733,0
synth_c24,2,3,286,21.355,7.053,5.006,0.014,33.427,1
synth_c24,2,3,287,17.78,7.959,2.944,0.013,28.695,0
synth_c24,2,3,288,14.432,12.008,5.545,0.013,31.998,0
synth_c24,2,3,289,16.856,10.601,8.779,0.014,36.251,1
synth_c24,2,3,290,17.09,6.984,6.051,0.019,30.144,0
synth_c24,2,3,291,13.991,9.968,1.634,0.014,25.607,0
synth_c24,2,3,292,15.67,15.663,3.237,0.017,34.588,1
synth_c24,2,3,293,18.096,6.825,4.867,0.014,29.802,0
synth_c24,2,3,294,14.86,15.014,4.577,0.015,34.466,1
synth_c24,2,3,295,19.172,7.216,10.383,0.014,36.786,1
synth_c24,2,3,296,19.322,7.792,5.945,0.017,33.075,0
synth_c24,2,3,297,15.972,7.276,2.797,0.014,26.06,0
synth_c24,2,3,298,15.984,6.824,1.624,0.013,24.445,0
synth_c24,2,3,299,17.275,6.847,8.521,0.017,32.661,0
synth_c24,2,3,300,19.385,7.199,4.737,0.013,31.334,0
synth_c24,2,3,301,15.993,7.401,5.113,0.014,28.521,0
synth_c24,2,3,302,15.998,11.723,5.334,0.021,33.076,0
synth_c24,2,3,303,14.856,10.811,3.253,0.013,28.934,0
synth_c24,2,3,304,18.934,11.228,4.734,0.014,34.911,1
synth_c24,2,3,305,18.436,9.502,1.738,0.014,29.691,0
synth_c24,2,3,306,18.08,7.668,18.26,0.787,44.796,1
synth_c24,2,3,307,22.491,7.011,2.356,0.012,31.87,0
synth_c24,2,3,308,25.381,6.855,4.562,0.013,36.811,1
synth_c24,2,3,309,19.006,6.958,6.779,0.014,32.758,0
synth_c24,2,3,310,15.526,7.13,1.561,0.014,24.231,0
synth_c24,2,3,311,20.19,8.86,5.713,0.018,34.781,1
synth_c24,2,3,312,16.275,7.318,4.704,0.013,28.311,0
synth_c24,2,3,313,17.011,7.569,5.027,0.014,29.621,0
synth_c24,2,3,314,15.942,12.269,4.624,0.013,32.847,0
synth_c24,2,3,315,17.178,6.978,5.904,0.012,30.073,0
synth_c24,2,3,316,19.719,6.983,3.161,0.012,29.875,0
synth_c24,2,3,317,17.82,6.897,3.503,0.016,28.236,0
synth_c24,2,3,318,20.746,9.803,1.581,0.017,32.146,0
synth_c24,2,3,319,18.86,7.053,10.15,0.023,36.085,1
synth_c24,2,3,320,23.146,7.008,12.651,0.02,42.824,1
synth_c24,2,3,321,20.281,6.845,2.874,0.014,30.014,0
synth_c24,2,3,322,18.929,6.869,8.7,0.013,34.511,1
synth_c24,2,3,323,14.068,10.899,1.704,0.013,26.684,0
synth_c24,2,3,324,21.397,7.055,4.909,0.017,33.379,1
synth_c24,2,3,325,20.985,6.942,3.645,0.013,31.583,0
synth_c24,2,3,326,18.149,10.508,2.085,0.017,30.759,0
synth_c24,2,3,327,16.897,10.944,1.941,0.014,29.796,0
synth_c24,2,3,328,15.852,12.197,4.059,0.043,32.15,0
synth_c24,2,3,329,16.122,11.687,4.738,0.015,32.562,0
synth_c24,2,3,330,23.012,7.844,2.059,0.013,32.928,0
synth_c24,2,3,331,14.64,10.741,3.756,0.02,29.157,0
synth_c24,2,3,332,19.099,8.134,4.909,0.015,32.158,0
synth_c24,2,3,333,19.312,7.1,6.802,0.015,33.229,0
synth_c24,2,3,334,18.37,6.943,6.029,0.013,31.355,0
synth_c24,2,3,335,16.674,10.68,9.167,0.014,36.535,1
synth_c24,2,3,336,16.363,11.215,1.821,0.013,29.412,0
synth_c24,2,3,337,17.943,8.296,6.603,0.015,32.857,0
synth_c24,2,3,338,16.774,10.518,1.15,0.01,28.453,0
synth_c24,2,3,339,14.386,6.808,2.83,0.011,24.035,0
synth_c24,2,3,340,21.617,6.665,6.088,0.014,34.384,1
synth_c24,2,3,341,10.953,12.383,1.494,0.012,24.842,0
synth_c24,2,3,342,9.242,11.32,1.682,0.01,22.254,0
synth_c24,2,3,343,16.215,8.822,2.989,0.011,28.037,0
synth_c24,2,3,344,9.866,12.607,5.852,0.019,28.344,0
synth_c24,2,3,345,15.215,6.804,8.481,0.012,30.512,0
synth_c24,2,3,346,15.155,6.829,6.017,0.01,28.011,0
synth_c24,2,3,347,13.409,6.735,3.467,0.01,23.621,0
synth_c24,2,3,348,12.102,7.339,3.326,0.022,22.789,0
synth_c24,2,3,349,13.748,7.998,4.651,0.01,26.407,0
synth_c24,2,3,350,13.697,6.71,1.142,0.01,21.56,0
synth_c24,2,3,351,10.086,9.23,6.023,0.013,25.352,0
synth_c24,2,3,352,10.687,7.802,11.051,0.014,29.554,0
synth_c24,2,3,353,15.618,7.142,2.528,0.01,25.299,0
synth_c24,2,3,354,14.444,6.908,6.027,0.015,27.394,0
synth_c24,2,3,355,9.616,10.445,4.396,0.011,24.468,0
synth_c24,2,3,356,14.009,10.652,1.21,0.011,25.881,0
synth_c24,2,3,357,10.236,10.446,3.886,0.015,24.583,0
synth_c24,2,3,358,14.399,6.846,4.627,0.041,25.913,0
synth_c24,2,3,359,15.91,6.792,4.746,0.012,27.46,0
synth_c24,2,3,360,11.993,6.642,12.175,0.013,30.823,0
synth_c24,2,3,361,11.523,7.047,1.387,0.011,19.968,0
synth_c24,2,3,362,13.697,6.863,1.831,0.01,22.402,0
synth_c24,2,3,363,13.422,9.317,3.407,0.009,26.156,0
synth_c24,2,3,364,11.788,10.303,3.63,0.01,25.732,0
synth_c24,2,3,365,15.707,6.728,4.099,0.01,26.544,0
synth_c24,2,3,366,10.272,10.49,1.431,0.009,22.202,0
synth_c24,2,3,367,12.921,8.601,9.421,0.01,30.954,0
synth_c24,2,3,368,11.168,14.427,3.561,0.011,29.167,0
synth_c24,2,3,369,14.096,6.926,4.919,0.01,25.951,0
synth_c24,2,3,370,14.834,8.01,3.468,0.012,26.324,0
synth_c24,2,3,371,13.283,6.698,4.987,1.057,26.025,0
synth_c24,2,3,372,16.484,6.993,4.971,0.011,28.459,0
synth_c24,2,3,373,8.963,8.66,1.482,0.016,19.122,0
synth_c24,2,3,374,11.369,6.8,3.635,0.009,21.813,0
synth_c24,2,3,375,13.504,8.826,4.119,0.011,26.46,0
synth_c24,2,3,376,11.061,7.342,5.088,0.014,23.506,0
synth_c24,2,3,377,14.214,8.43,7.793,0.016,30.453,0
synth_c24,2,3,378,8.274,12.709,3.573,0.011,24.568,0
synth_c24,2,3,379,13.863,6.943,2.098,0.012,22.916,0
synth_c24,2,3,380,11.216,7.758,5.251,0.016,24.241,0
synth_c24,2,3,381,9.999,6.777,1.78,0.011,18.567,0
synth_c24,2,3,382,13.43,6.814,3.096,0.013,23.352,0
synth_c24,2,3,383,15.052,6.961,9.409,0.018,31.439,0
synth_c24,2,3,384,16.1,7.009,5.117,0.015,28.241,0
synth_c24,2,3,385,16.368,10.184,6.585,0.658,33.795,1
synth_c24,2,3,386,14.119,6.788,4.166,0.011,25.084,0
synth_c24,2,3,387,6.351,10.965,3.486,0.011,20.814,0
synth_c24,2,3,388,9.507,11.018,9.042,0.018,29.585,0
synth_c24,2,3,389,16.394,6.915,6.288,0.011,29.607,0
synth_c24,2,3,390,11.285,7.599,6.75,0.011,25.645,0
synth_c24,2,3,391,7.201,7.116,4.609,0.017,18.943,0
synth_c24,2,3,392,13.032,6.857,6.102,0.013,26.004,0
synth_c24,2,3,393,10.265,8.666,0.961,0.009,19.901,0
synth_c24,2,3,394,11.349,6.733,4.533,0.012,22.627,0
synth_c24,2,3,395,9.8,8.818,4.263,0.012,22.893,0
synth_c24,2,3,396,11.351,6.709,3.592,0.01,21.662,0
synth_c24,2,3,397,9.9,14.602,0.971,0.011,25.485,0
synth_c24,2,3,398,17.385,6.891,4.457,0.01,28.743,0
synth_c24,2,3,399,8.904,7.156,5.465,0.014,21.539,0
synth_c24,2,3,400,9.389,14.397,8.71,0.024,32.52,0
synth_c24,2,3,401,9.999,11.408,4.178,0.012,25.597,0
synth_c24,2,3,402,16.472,7.492,1.03,0.011,25.004,0
synth_c24,2,3,403,12.382,9.659,2.067,0.01,24.118,0
synth_c24,2,3,404,10.918,6.807,1.038,0.011,18.773,0
synth_c24,2,3,405,8.779,15.84,7.271,0.011,31.901,0
synth_c24,2,3,406,8.894,15.838,4.307,0.049,29.089,0
synth_c24,2,3,407,9.212,9.398,3.03,0.014,21.655,0
synth_c24,2,3,408,9.185,10.73,4.933,0.017,24.865,0
synth_c24,2,3,409,13.24,7.2,0.72,0.013,21.173,0
synth_c24,2,3,410,9.311,6.798,3.757,0.016,19.883,0
synth_c24,2,3,411,15.948,6.935,6.024,0.016,28.922,0
synth_c24,2,3,412,14.156,7.631,5.755,0.024,27.566,0
synth_c24,2,3,413,12.615,7.23,0.918,0.012,20.776,0
synth_c24,2,3,414,8.546,6.94,4.085,0.013,19.583,0
synth_c24,2,3,415,13.995,11.68,6.505,0.014,32.194,0
synth_c24,2,3,416,16.075,6.978,3.393,0.01,26.456,0
synth_c24,2,3,417,9.95,8.821,2.431,0.013,21.214,0
synth_c24,2,3,418,13.785,6.869,5.31,0.012,25.976,0
synth_c24,2,3,419,10.113,11.718,4.299,0.013,26.143,0
synth_c24,2,3,420,13.695,6.785,3.751,0.013,24.245,0
synth_c24,2,3,421,7.279,10.699,0.688,0.014,18.679,0
synth_c24,2,3,422,9.502,14.329,8.25,0.012,32.094,0
synth_c24,2,3,423,7.196,10.44,5.051,0.013,22.701,0
synth_c24,2,3,424,8.896,6.976,0.642,0.012,16.527,0
synth_c24,2,3,425,10.31,11.473,3.949,0.013,25.746,0
synth_c24,2,3,426,9.31,11.199,0.675,0.019,21.203,0
synth_c24,2,3,427,11.67,10.251,3.732,0.01,25.663,0
synth_c24,2,3,428,9.443,8.348,4.151,0.01,21.953,0
synth_c24,2,3,429,13.551,9.668,1.242,0.012,24.473,0
synth_c24,2,3,430,12.161,12.082,4.38,0.013,28.636,0
synth_c24,2,3,431,9.049,7.17,3.391,0.013,19.623,0
synth_c24,2,3,432,11.042,7.119,1.076,0.014,19.251,0
synth_c24,2,3,433,8.27,11.067,1.618,0.014,20.969,0
synth_c24,2,3,434,9.323,14.519,1.274,0.014,25.129,0
synth_c24,2,3,435,13.424,6.709,3.691,0.018,23.841,0
synth_c24,2,3,436,10.287,7.098,3.217,0.015,20.616,0
synth_c24,2,3,437,10.35,6.945,4.247,0.011,21.552,0
synth_c24,2,3,438,8.917,6.859,4.228,0.011,20.015,0
synth_c24,2,3,439,11.394,9.032,6.068,0.011,26.505,0
synth_c24,2,3,440,10.188,6.775,0.974,0.01,17.946,0
synth_c24,2,3,441,13.308,6.668,8.103,0.013,28.092,0
synth_c24,2,3,442,8.864,7.861,0.822,0.01,17.558,0
synth_c24,2,3,443,13.854,6.704,1.174,0.01,21.742,0
synth_c24,2,3,444,9.721,8.005,0.78,0.017,18.522,0
synth_c24,2,3,445,12.738,7.051,4.383,0.01,24.183,0
synth_c24,2,3,446,11.379,11.191,2.542,0.012,25.123,0
synth_c24,2,3,447,16.52,12.039,2.086,0.015,30.661,0
synth_c24,2,3,448,15.924,10.924,4.444,0.011,31.304,0
synth_c24,2,3,449,15.778,6.934,8.618,0.016,31.345,0
synth_c24,2,3,450,15.171,12.031,1.741,0.011,28.954,0
synth_c24,2,3,451,16.586,7.838,1.529,0.011,25.963,0
synth_c24,2,3,452,17.527,10.655,1.693,0.014,29.889,0
synth_c24,2,3,453,17.492,7.896,5.187,0.015,30.59,0
synth_c24,2,3,454,16.689,6.758,1.58,0.014,25.04,0
synth_c24,2,3,455,16.242,8.317,5.095,0.015,29.669,0
synth_c24,2,3,456,16.738,8.973,3.588,0.011,29.31,0
synth_c24,2,3,457,16.521,8.231,4.193,0.011,28.956,0
synth_c24,2,3,458,14.784,7.068,1.496,0.011,23.359,0
synth_c24,2,3,459,14.748,11.37,1.301,0.013,27.433,0
synth_c24,2,3,460,12.613,6.688,1.066,0.01,20.377,0
synth_c24,2,3,461,10.718,10.466,0.987,0.01,22.181,0
synth_c24,2,3,462,13.089,6.661,1.047,0.009,20.806,0
synth_c24,2,3,463,10.891,7.737,8.025,0.011,26.664,0
synth_c24,2,3,464,8.922,6.627,4.682,0.009,20.24,0
synth_c24,2,3,465,13.21,6.636,0.972,0.008,20.826,0
synth_c24,2,3,466,6.583,11.809,0.953,0.009,19.353,0
synth_c24,2,3,467,8.133,7.857,1.411,0.012,17.413,0
synth_c24,2,3,468,13.176,6.609,4.477,0.008,24.27,0
L2LM,0,0,33,29.989,9.818,11.146,0.016,50.968,1
L2LM,0,0,34,16.595,10.056,1.674,0.012,28.336,0
L2LM,0,0,35,15.504,10.405,10.227,0.015,36.151,1
L2LM,0,0,36,14.5,15.256,8.393,0.015,38.164,1
L2LM,0,0,37,15.66,10.869,4.884,0.013,31.427,0
L2LM,0,0,38,19.582,9.203,1.602,0.012,30.398,0
L2LM,0,0,39,18.518,7.297,3.049,0.012,28.877,0
L2LM,0,0,40,18.816,9.671,6.306,0.012,34.805,1
L2LM,0,0,41,14.933,10.995,5.149,0.013,31.09,0
L2LM,0,0,42,19.99,10.562,10.344,0.014,40.91,1
L2LM,0,0,43,16.526,11.454,5.278,0.013,33.272,0
L2LM,0,0,44,18.528,6.792,1.822,0.012,27.154,0
L2LM,0,0,45,16.566,9.831,5.471,0.017,31.885,0
L2LM,0,0,46,14.977,11.351,5.346,0.013,31.686,0
L2LM,0,0,47,14.638,6.775,6.414,0.013,27.84,0
L2LM,0,0,48,16.685,10.222,5.518,0.013,32.438,0
L2LM,0,0,49,15.415,8.352,12.14,0.014,35.922,1
L2LM,0,0,50,16.04,7.575,7.953,0.012,31.58,0
L2LM,0,0,51,15.705,8.874,4.392,0.017,28.988,0
L2LM,0,0,52,15.601,9.81,10.335,0.015,35.761,1
L2LM,0,0,53,15.668,12.417,3.008,0.014,31.107,0
L2LM,0,0,54,17.513,6.78,3.905,0.015,28.214,0
L2LM,0,0,55,18.475,7.12,9.521,0.016,35.132,1
L2LM,0,0,56,15.349,11.5,6.76,0.015,33.624,1
L2LM,0,0,57,18.698,6.962,6.025,0.015,31.7,0
L2LM,0,0,58,19.918,7.266,14.726,0.018,41.929,1
L2LM,0,0,59,13.379,20.809,5.03,1.39,40.608,1
L2LM,0,0,60,25.554,7.196,10.379,0.016,43.145,1
L2LM,0,0,61,14.428,6.769,8.248,0.013,29.459,0
L2LM,0,0,62,17.883,12.019,7.21,0.015,37.127,1
L2LM,0,0,63,14.696,11.094,9.398,0.015,35.202,1
L2LM,0,0,64,16.043,10.625,5.211,0.015,31.893,0
L2LM,0,0,65,16.525,9.93,3.431,0.014,29.9,0
L2LM,0,0,66,16.889,13.816,2.661,0.014,33.379,1
L2LM,0,0,67,14.898,11.358,16.022,0.017,42.296,1
L2LM,0,0,68,13.129,10.861,7.766,0.016,31.772,0
L2LM,0,0,69,16.068,7.278,3.165,0.013,26.524,0
L2LM,0,0,70,17.477,6.947,15.681,0.014,40.118,1
L2LM,0,0,71,14.589,10.849,8.475,0.014,33.927,1
L2LM,0,0,72,19.528,12.594,2.028,0.012,34.161,1
L2LM,0,0,73,15.425,10.931,1.898,0.013,28.267,0
L2LM,0,0,74,15.505,15.482,2.316,0.015,33.319,0
L2LM,0,0,75,21.754,13.066,10.887,0.016,45.722,1
L2LM,0,0,77,14.383,12.472,8.015,0.983,35.852,1
L2LM,0,0,78,23.388,10.607,3.151,0.014,37.16,1
L2LM,0,0,79,18.358,7.169,4.996,0.018,30.54,0
L2LM,0,0,80,15.427,11.857,8.782,0.015,36.081,1
L2LM,0,0,81,15.615,14.52,1.658,0.013,31.806,0
L2LM,0,0,82,14.403,6.963,29.338,0.013,50.717,1
L2LM,0,0,83,9.607,8.703,7.379,0.867,26.556,0
L2LM,0,0,84,16.919,10.014,10.487,0.012,37.432,1
L2LM,0,0,85,11.415,6.864,4.08,0.012,22.37,0
L2LM,0,0,86,14.214,7.353,9.517,0.012,31.097,0
L2LM,0,0,87,11.693,6.88,9.153,0.012,27.738,0
L2LM,0,0,88,13.218,7.661,1.458,0.011,22.347,0
L2LM,0,0,89,8.704,10.371,3.501,0.013,22.588,0
L2LM,0,0,90,10.201,10.033,3.687,0.011,23.931,0
L2LM,0,0,91,18.125,7.97,4.944,0.011,31.05,0
L2LM,0,0,92,10.787,8.319,4.704,0.011,23.821,0
L2LM,0,0,93,13.23,7.153,6.166,0.013,26.561,0
L2LM,0,0,94,15.172,7.081,16.548,0.016,38.817,1
L2LM,0,0,95,19.486,6.934,5.902,0.015,32.338,0
L2LM,0,0,96,17.303,6.759,3.6,0.01,27.671,0
L2LM,0,0,97,13.243,16.894,5.28,0.011,35.428,1
L2LM,0,0,98,10.71,6.793,4.056,0.013,21.572,0
L2LM,0,0,99,19.59,8.644,1.582,0.013,29.828,0
L2LM,0,0,100,16.472,8.193,11.543,1.272,37.48,1
L2LM,0,0,101,30.352,6.778,9.735,0.017,46.883,1
L2LM,0,0,102,19.667,7.185,1.463,0.013,28.328,0
L2LM,0,0,103,17.982,8.235,5.042,0.015,31.273,0
L2LM,0,0,104,16.432,8.954,2.638,0.014,28.039,0
L2LM,0,0,105,20.781,7.167,3.077,0.013,31.037,0
L2LM,0,0,106,15.999,7.336,13.479,0.015,36.829,1
L2LM,0,0,107,16.737,7.136,8.04,0.016,31.929,0
L2LM,0,0,108,16.16,8.241,5.725,0.015,30.142,0
L2LM,0,0,109,17.489,7.014,5.612,0.014,30.128,0
L2LM,0,0,110,24.447,10.689,5.242,0.013,40.391,1
L2LM,0,0,111,16.619,9.428,2.507,0.014,28.569,0
L2LM,0,0,112,18.215,11.418,4.952,0.014,34.598,1
L2LM,0,0,113,15.672,9.563,13.009,0.016,38.261,1
L2LM,0,0,114,17.245,6.86,1.759,0.014,25.879,0
L2LM,0,0,115,17.733,12.101,6.002,0.014,35.851,1
L2LM,0,0,116,13.649,11.085,4.258,0.015,29.007,0
L2LM,0,0,117,16.35,9.596,17.363,0.014,43.323,1
L2LM,0,0,118,16.36,7.321,12.768,0.015,36.464,1
L2LM,0,0,119,18.643,8.104,9.964,0.014,36.725,1
L2LM,0,0,120,15.103,9.62,3.034,0.013,27.77,0
L2LM,0,0,121,19.545,6.834,5.211,2.927,34.518,1
L2LM,0,0,122,27.014,7.312,5.334,0.013,39.674,1
L2LM,0,0,123,18.798,7.063,9.914,0.013,35.788,1
L2LM,0,0,124,15.801,13.594,17.975,0.015,47.385,1
L2LM,0,0,126,18.164,7.697,9.074,0.015,34.949,1
L2LM,0,0,127,19.876,6.978,1.541,0.013,28.408,0
L2LM,0,0,128,17.349,10.653,17.036,0.015,45.053,1
L2LM,0,0,129,15.805,10.742,2.33,0.014,28.891,0
L2LM,0,0,130,18.103,8.536,4.05,0.013,30.703,0
L2LM,0,0,131,21.228,6.917,1.596,0.013,29.755,0
L2LM,0,0,132,16.652,11.457,2.7,0.013,30.822,0
L2LM,0,0,133,17.05,7.031,9.253,0.015,33.348,1
L2LM,0,0,134,15.017,10.849,10.888,0.015,36.77,1
L2LM,0,0,135,19.187,7.124,1.718,0.012,28.041,0
L2LM,0,0,136,15.436,6.977,1.608,0.013,24.033,0
L2LM,0,0,137,18.178,6.809,1.743,0.014,26.745,0
L2LM,0,0,138,22.707,7.162,6.753,0.014,36.635,1
L2LM,0,0,139,17.546,9.276,2.841,0.015,29.677,0
L2LM,0,0,140,15.654,9.568,12.031,1.384,38.636,1
L2LM,0,0,141,25.485,11.321,8.69,0.015,45.51,1
L2LM,0,0,142,15.998,7.494,1.49,0.014,24.997,0
L2LM,0,0,143,15.637,11.694,13.821,0.015,41.168,1
L2LM,0,0,144,11.586,6.826,1.452,0.013,19.877,0
L2LM,0,0,145,16.026,7.015,3.362,0.013,26.416,0
L2LM,0,0,146,15.749,13.012,5.01,0.018,33.789,1
L2LM,0,0,147,14.682,14.544,8.594,0.015,37.834,1
L2LM,0,0,148,16.218,12.142,9.513,0.014,37.888,1
L2LM,0,0,149,18.629,7.779,2.709,0.016,29.134,0
L2LM,0,0,150,17.646,10.659,11.871,0.016,40.192,1
L2LM,0,0,151,13.567,14.506,1.711,0.021,29.805,0
L2LM,0,0,152,15.696,9.791,12.1,0.018,37.604,1
L2LM,0,0,153,16.629,12.984,7.204,0.017,36.834,1
L2LM,0,0,154,15.62,7.217,8.234,0.015,31.086,0
L2LM,0,0,155,17.988,7.298,4.988,0.016,30.29,0
L2LM,0,0,156,18.674,6.844,5.885,1.143,32.546,0
L2LM,0,0,157,22.015,10.694,1.558,0.016,34.283,1
L2LM,0,0,158,17.792,7.467,4.784,0.016,30.059,0
L2LM,0,0,159,18.678,13.688,13.844,0.024,46.234,1
L2LM,0,0,160,17.734,7.828,1.993,0.015,27.569,0
L2LM,0,0,161,15.583,14.808,4.085,0.015,34.491,1
L2LM,0,0,162,17.658,7.143,8.52,0.014,33.334,1
L2LM,0,0,163,14.718,7.355,8.025,0.016,30.114,0
L2LM,0,0,164,17.632,16.528,5.582,0.014,39.756,1
L2LM,0,0,165,17.972,7.86,7.491,0.014,33.336,1
L2LM,0,0,166,15.935,12.324,1.669,1.094,31.022,0
L2LM,0,0,167,25.05,7.595,7.288,0.017,39.949,1
L2LM,0,0,168,16.619,10.609,1.63,0.014,28.872,0
L2LM,0,0,169,15.531,10.799,3.354,0.015,29.698,0
L2LM,0,0,170,18.565,7.003,2.106,0.013,27.687,0
L2LM,0,0,171,14.556,11.356,8.11,0.019,34.041,1
L2LM,0,0,172,17.596,7.917,12.579,0.029,38.121,1
L2LM,0,0,173,16.188,15.471,1.38,0.014,33.054,0
L2LM,0,0,174,14.586,10.018,8.336,0.014,32.955,0
L2LM,0,0,175,21.603,9.406,1.491,0.016,32.515,0
L2LM,0,0,176,18.939,11.359,6.599,0.017,36.915,1
L2LM,0,0,177,17.533,6.805,1.355,0.013,25.707,0
L2LM,0,0,178,15.533,10.839,1.469,0.013,27.855,0
L2LM,0,0,179,15.502,8.007,8.49,0.015,32.015,0
L2LM,0,0,180,14.552,10.899,1.279,0.976,27.706,0
L2LM,0,0,181,23.307,12.95,6.822,0.015,43.094,1
L2LM,0,0,182,17.615,7.614,1.481,0.013,26.723,0
L2LM,0,0,183,14.47,11.141,1.763,0.014,27.388,0
L2LM,0,0,184,17.451,7.006,4.665,0.014,29.136,0
L2LM,0,0,185,15.465,14.564,2.537,3.455,36.021,1
L2LM,0,0,186,13.559,11.666,10.245,0.789,36.26,1
L2LM,0,0,187,17.73,8.76,3.536,0.014,30.041,0
L2LM,0,0,188,12.469,7.08,4.268,0.013,23.83,0
L2LM,0,0,189,11.238,7.803,2.694,1.073,22.807,0
L2LM,0,0,190,11.175,6.798,3.04,0.012,21.026,0
L2LM,0,0,191,11.183,7.872,3.635,0.012,22.701,0
L2LM,0,0,192,12.409,7.033,5.15,0.012,24.603,0
L2LM,0,0,193,12.004,8.09,5.64,0.013,25.746,0
L2LM,0,0,194,13.835,11.899,6.689,0.013,32.436,0
L2LM,0,0,195,9.287,11.387,1.594,0.021,22.288,0
L2LM,0,0,196,18.742,9.76,7.021,0.772,36.295,1
L2LM,0,0,197,30.076,8.373,7.322,0.012,45.784,1
L2LM,0,0,198,9.681,14.552,11.752,0.013,35.997,1
L2LM,0,0,199,12.611,10.482,1.652,0.013,24.759,0
L2LM,0,0,200,15.49,15.828,5.239,0.012,36.569,1
L2LM,0,0,201,15.788,7.137,5.429,0.015,28.369,0
L2LM,0,0,202,15.523,14.79,2.204,0.015,32.531,0
L2LM,0,0,203,15.714,11.069,10.758,0.017,37.558,1
L2LM,0,0,204,17.744,15.457,28.028,0.025,61.254,1
L2LM,0,0,206,21.891,22.734,10.661,0.017,55.304,1
L2LM,0,0,207,14.583,15.961,9.039,0.016,39.599,1
L2LM,0,0,209,21.263,9.891,29.53,0.018,60.702,1
L2LM,0,0,210,21.041,10.643,7.882,0.019,39.585,1
L2LM,0,0,212,31.389,7.424,1.979,1.379,42.17,1
L2LM,0,0,213,26.958,11.777,4.887,1.828,45.451,1
L2LM,0,0,214,32.64,17.596,5.726,1.063,57.026,1
L2LM,0,0,216,32.836,10.793,8.333,0.015,51.976,1
L2LM,0,0,217,19.646,20.175,2.973,0.013,42.806,1
L2LM,0,0,219,26.917,6.993,2.901,0.015,36.827,1
L2LM,0,0,220,17.977,6.881,2.774,0.016,27.647,0
L2LM,0,0,221,19.445,7.293,16.732,1.237,44.706,1
L2LM,0,0,222,22.737,8.448,5.537,0.013,36.734,1
L2LM,0,0,223,15.389,8.01,1.751,0.014,25.164,0
L2LM,0,0,224,15.355,11.026,5.237,0.018,31.637,0
L2LM,0,0,225,18.349,6.899,10.359,0.016,35.624,1
L2LM,0,0,226,18.713,8.375,10.253,0.017,37.357,1
L2LM,0,0,227,17.767,10.726,1.703,1.101,31.298,0
L2LM,0,0,228,22.734,12.021,5.525,0.016,40.296,1
L2LM,0,0,229,15.517,8.454,19.802,0.017,43.789,1
L2LM,0,0,230,16.43,7.389,5.406,0.017,29.242,0
L2LM,0,0,231,15.536,7.171,8.496,0.016,31.219,0
L2LM,0,0,232,16.645,6.974,6.125,0.015,29.759,0
L2LM,0,0,233,15.484,11.795,4.22,0.015,31.514,0
L2LM,0,0,234,19.731,7.458,7.293,0.027,34.508,1
L2LM,0,0,235,18.876,6.939,1.904,0.017,27.736,0
L2LM,0,0,236,17.746,6.933,4.555,0.016,29.25,0
L2LM,0,0,237,20.067,6.887,5.123,0.015,32.092,0
L2LM,0,0,238,13.358,15.647,1.627,0.016,30.648,0
L2LM,0,0,239,15.394,11.781,4.107,0.017,31.299,0
L2LM,0,0,240,19.028,6.858,3.835,0.015,29.737,0
L2LM,0,0,241,17.461,7.437,18.671,0.017,43.586,1
L2LM,0,0,242,17.534,10.256,4.251,0.017,32.057,0
L2LM,0,0,243,23.393,9.935,6.111,0.016,39.455,1
L2LM,0,0,244,14.744,10.616,11.958,0.023,37.341,1
L2LM,0,0,245,17.716,7.335,5.309,0.019,30.378,0
L2LM,0,0,246,18.974,7.172,11.353,0.025,37.524,1
L2LM,0,0,247,16.483,6.922,3.087,0.017,26.509,0
L2LM,0,0,248,19.112,10.992,1.636,0.016,31.755,0
L2LM,0,0,249,15.555,10.76,3.295,0.014,29.624,0
L2LM,0,0,250,18.577,7.257,5.071,0.015,30.919,0
L2LM,0,0,251,19.025,7.076,1.475,1.352,28.928,0
L2LM,0,0,252,26.045,6.837,7.836,0.017,40.736,1
L2LM,0,0,253,17.649,7.173,2.47,0.016,27.308,0
L2LM,0,0,254,18.536,6.858,6.442,0.018,31.854,0
L2LM,0,0,255,15.833,11.182,5.356,0.014,32.385,0
L2LM,0,0,256,15.436,7.004,7.402,0.016,29.857,0
L2LM,0,0,257,13.418,8.046,7.337,0.017,28.818,0
L2LM,0,0,258,13.493,11.117,8.433,0.015,33.057,0
L2LM,0,0,259,18.406,8.813,6.138,0.127,33.484,1
L2LM,0,0,260,17.41,6.818,2.135,0.015,26.378,0
L2LM,0,0,261,18.464,6.861,9.493,0.016,34.835,1
L2LM,0,0,262,18.404,6.826,1.574,0.016,26.82,0
L2LM,0,0,263,24.01,8.923,15.708,0.016,48.657,1
L2LM,0,0,264,25.796,13.066,14.879,0.02,53.76,1
L2LM,0,0,266,35.835,13.505,6.915,0.14,56.395,1
L2LM,0,0,267,29.74,8.911,11.755,0.019,50.425,1
L2LM,0,0,269,26.517,17.346,3.592,1.554,49.008,1
L2LM,0,0,270,23.083,11.095,7.66,0.017,41.856,1
L2LM,0,0,272,12.445,14.213,5.96,0.014,32.632,0
L2LM,0,0,273,8.989,7.281,6.115,0.017,22.403,0
L2LM,0,0,274,12.662,8.944,2.883,0.806,25.295,0
L2LM,0,0,275,23.816,18.243,5.18,0.018,47.256,1
L2LM,0,0,276,11.541,10.636,6.522,0.013,28.713,0
L2LM,0,0,277,12.92,8.176,1.653,0.017,22.766,0
L2LM,0,0,278,13.695,7.269,7.127,0.015,28.106,0
L2LM,0,0,279,10.802,6.972,6.451,0.013,24.238,0
L2LM,0,0,280,11.721,7.625,25.84,0.014,45.2,1
L2LM,0,0,281,13.181,11.482,10.261,0.011,34.936,1
L2LM,0,0,282,9.964,14.549,6.062,0.011,30.586,0
L2LM,0,0,283,12.277,11.771,1.875,0.011,25.935,0
L2LM,0,0,284,6.213,7.468,8.176,0.011,21.868,0
L2LM,0,0,285,8.64,7.147,2.744,0.013,18.543,0
L2LM,0,0,286,11.484,6.883,3.841,0.011,22.219,0
L2LM,0,0,287,15.813,6.804,0.989,0.01,23.615,0
L2LM,0,0,288,11.546,6.727,5.752,0.011,24.036,0
L2LM,0,0,289,12.539,9.967,1.128,0.833,24.467,0
L2LM,0,0,290,19.755,7.221,1.529,0.677,29.182,0
L2LM,0,0,291,20.328,8.428,1.341,0.01,30.106,0
L2LM,0,0,292,12.642,6.69,8.151,0.01,27.494,0
L2LM,0,0,293,11.044,9.621,2.816,0.012,23.493,0
L2LM,0,0,294,12.809,7.416,4.97,0.674,25.868,0
L2LM,0,0,295,20.51,6.742,1.242,0.011,28.505,0
L2LM,0,0,296,10.754,7.029,4.83,0.011,22.624,0
L2LM,0,0,297,8.615,15.139,8.537,0.013,32.305,0
L2LM,0,0,298,8.868,11.395,4.649,0.012,24.925,0
L2LM,0,0,299,15.342,6.693,1.059,0.01,23.103,0
L2LM,0,0,300,10.657,7.786,1.092,0.01,19.545,0
L2LM,0,0,301,13.092,10.14,1.37,0.015,24.617,0
L2LM,0,0,302,15.413,6.946,4.457,0.015,26.831,0
L2LM,0,0,303,20.278,7.293,22.423,0.013,50.007,1
L2LM,0,0,304,5.971,10.207,1.496,0.014,17.687,0
L2LM,0,0,305,17.529,7.306,7.212,0.014,32.061,0
L2LM,0,0,306,13.425,16.069,5.599,0.015,35.108,1
L2LM,0,0,307,15.441,7.04,4.157,0.015,26.653,0
L2LM,0,0,308,15.4,7.161,8.59,0.013,31.165,0
L2LM,0,0,309,15.456,6.835,4.644,0.013,26.948,0
L2LM,0,0,310,19.875,6.931,5.305,0.014,32.126,0
L2LM,0,0,311,15.532,14.831,1.239,0.019,31.62,0
L2LM,0,0,312,15.376,6.787,1.117,0.014,23.294,0
L2LM,0,0,313,17.468,7.584,1.521,0.015,26.587,0
L2LM,0,0,314,18.525,7.531,1.253,0.014,27.322,0
L2LM,0,0,315,17.494,7.015,5.197,0.015,29.722,0
L2LM,0,0,316,9.368,10.021,2.094,0.917,22.4,0
L2LM,0,0,317,20.665,6.725,8.503,0.017,35.909,1
L2LM,0,0,318,18.368,7.232,9.576,0.022,35.198,1
L2LM,0,0,319,15.151,11.971,4.28,0.016,31.418,0
L2LM,0,0,320,16.986,7.151,4.307,0.014,28.458,0
L2LM,0,0,321,15.528,7.019,4.369,0.015,26.931,0
L2LM,0,0,322,14.48,11.485,9.805,0.014,35.785,1
L2LM,0,0,323,18.963,7.234,1.467,0.013,27.677,0
L2LM,0,0,324,19.526,6.869,12.226,0.017,38.637,1
L2LM,0,0,325,15.749,10.252,11.652,0.015,37.667,1
L2LM,0,0,326,19.806,10.512,1.444,0.013,31.776,0
L2LM,0,0,327,15.544,10.975,2.02,0.014,28.553,0
L2LM,0,0,328,19.683,6.996,3.169,0.014,29.862,0
L2LM,0,0,329,17.41,9.841,8.266,1.042,36.558,1
L2LM,0,0,330,20.781,6.731,11.432,0.012,38.956,1
L2LM,0,0,331,15.762,12.664,6.039,0.011,34.477,1
L2LM,0,0,332,11.938,7.256,8.217,0.012,27.421,0
L2LM,0,0,333,11.867,15.618,1.087,0.012,28.584,0
L2LM,0,0,334,15.182,11.696,1.011,0.01,27.899,0
L2LM,0,0,335,12.351,10.454,17.015,0.013,39.834,1
L2LM,0,0,336,5.836,16.386,1.408,0.011,23.641,0
L2LM,0,0,337,8.549,12.875,7.057,0.012,28.492,0
L2LM,0,0,338,8.811,11.111,1.325,0.012,21.259,0
L2LM,0,0,339,8.705,6.978,1.3,0.012,16.995,0
L2LM,0,0,340,12.964,6.84,11.261,0.013,31.077,0
L2LM,0,0,341,9.62,6.98,1.311,0.01,17.921,0
L2LM,0,0,342,10.538,7.307,2.089,0.011,19.945,0
L2LM,0,0,343,6.156,12.457,1.266,0.01,19.889,0
L2LM,0,0,344,8.268,9.856,11.023,0.012,29.159,0
L2LM,0,0,345,7.75,10.034,3.375,0.012,21.17,0
L2LM,0,0,346,20.712,12.509,4.044,0.015,37.279,1
L2LM,0,0,347,17.335,7.177,7.81,1.032,33.354,1
L2LM,0,0,348,24.131,7.528,5.512,0.016,37.187,1
L2LM,0,0,349,17.093,7.115,2.264,0.014,26.486,0
L2LM,0,0,350,20.217,6.805,6.026,0.014,33.061,0
L2LM,0,0,351,16.06,7.095,4.689,0.014,27.857,0
L2LM,0,0,352,17.764,12.059,1.427,0.014,31.264,0
L2LM,0,0,353,16.067,8.849,2.68,0.015,27.611,0
L2LM,0,0,354,18.168,7.15,4.458,0.014,29.79,0
L2LM,0,0,355,18.123,6.859,5.794,0.014,30.79,0
L2LM,0,0,356,15.857,14.272,2.194,0.015,32.337,0
L2LM,0,0,357,20.658,7.211,9.744,1.189,38.802,1
L2LM,0,0,358,14.547,6.93,4.684,0.013,26.173,0
L2LM,0,0,359,15.651,12.21,6.799,0.015,34.675,1
L2LM,0,0,360,18.141,10.591,3.445,0.015,32.191,0
L2LM,0,0,361,19.377,6.954,5.418,0.015,31.764,0
L2LM,0,0,362,15.534,6.892,5.893,0.014,28.332,0
L2LM,0,0,363,14.715,14.288,1.709,0.013,30.725,0
L2LM,0,0,364,14.242,14.004,6.567,0.014,34.826,1
L2LM,0,0,365,15.753,9.639,8.003,0.015,33.41,1
L2LM,0,0,366,13.629,10.328,1.336,0.014,25.307,0
L2LM,0,0,367,19.274,6.984,2.096,0.017,28.371,0
L2LM,0,0,368,20.572,6.929,3.656,0.012,31.17,0
L2LM,0,0,369,19.09,6.786,7.422,0.015,33.313,0
L2LM,0,0,370,26.385,7.292,3.057,0.012,36.747,1
L2LM,0,0,371,15.765,7.189,1.165,0.01,24.129,0
L2LM,0,0,372,8.046,8.179,1.181,0.01,17.415,0
L2LM,0,0,373,10.542,6.706,3.308,0.011,20.567,0
L2LM,0,0,374,10.746,6.926,10.243,0.014,27.93,0
L2LM,0,0,375,8.433,9.519,14.223,0.012,32.186,0
L2LM,0,0,376,15.714,8.686,11.673,0.025,36.097,1
L2LM,0,0,377,15.487,7.338,4.876,0.015,27.716,0
L2LM,0,0,378,15.751,10.211,6.161,0.014,32.137,0
L2LM,0,0,379,15.77,8.966,1.512,0.014,26.263,0
L2LM,0,0,380,18.128,7.263,5.911,0.015,31.316,0
L2LM,0,0,381,18.456,6.998,4.366,0.014,29.835,0
L2LM,0,0,382,16.103,6.813,6.196,0.015,29.127,0
L2LM,0,0,383,15.885,6.821,5.967,0.014,28.688,0
L2LM,0,0,384,16.682,9.893,1.452,0.013,28.041,0
L2LM,0,0,385,16.614,10.488,1.778,0.013,28.893,0
L2LM,0,0,386,16.587,9.162,17.379,0.016,43.143,1
L2LM,0,0,387,15.982,7.419,5.801,0.017,29.22,0
L2LM,0,0,388,16.002,7.896,5.357,0.014,29.269,0
L2LM,0,0,389,19.215,7.495,6.596,0.017,33.324,0
L2LM,0,0,390,16.978,9.24,3.899,0.014,30.132,0
L2LM,0,0,391,17.856,10.1,4.829,0.015,32.8,0
L2LM,0,0,392,19.387,6.834,1.591,0.014,27.826,0
L2LM,0,0,393,15.825,10.092,3.54,0.013,29.471,0
L2LM,0,0,394,17.867,7.142,4.562,0.022,29.594,0
L2LM,0,0,395,15.298,10.914,4.841,0.016,31.068,0
L2LM,0,0,396,16.144,9.216,13.59,0.015,38.965,1
L2LM,0,0,397,15.538,11.456,15.453,1.205,43.652,1
L2LM,0,0,398,22.507,8.662,10.361,0.017,41.547,1
L2LM,0,0,399,15.317,6.956,1.603,0.945,24.821,0
L2LM,0,0,400,25.559,7.662,7.787,0.014,41.022,1
L2LM,0,0,401,13.49,14.452,1.749,0.015,29.707,0
L2LM,0,0,402,18.79,6.824,6.242,0.014,31.871,0
L2LM,0,0,403,15.096,7.329,2.048,0.015,24.488,0
L2LM,0,0,404,15.928,6.84,9.467,0.015,32.249,0
L2LM,0,0,405,19.064,9.113,1.713,0.012,29.903,0
L2LM,0,0,406,11.101,6.717,3.331,0.012,21.162,0
L2LM,0,0,407,12.196,7.102,1.671,0.011,20.981,0
L2LM,0,0,408,11.565,6.974,15.429,0.013,33.981,1
L2LM,0,0,409,14.779,7.009,17.764,0.017,39.568,1
L2LM,0,0,410,16.02,10.28,9.469,0.012,35.781,1
L2LM,0,0,411,17.884,6.996,8.667,0.014,33.561,1
L2LM,0,0,412,14.759,9.118,28.266,0.013,52.157,1
L2LM,0,0,413,13.701,8.024,7.316,0.013,29.053,0
L2LM,0,0,414,8.224,13.52,13.531,0.011,35.286,1
L2LM,0,0,415,12.278,10.501,8.35,0.012,31.14,0
L2LM,0,0,416,10.728,10.918,9.879,0.011,31.537,0
L2LM,0,0,417,14.838,11.154,5.23,0.01,31.233,0
L2LM,0,0,418,7.589,12.041,2.428,0.011,22.069,0
L2LM,0,0,419,11.441,7.083,4.971,0.01,23.505,0
L2LM,0,0,420,10.089,10.807,1.363,0.011,22.27,0
L2LM,0,0,421,8.035,11.593,6.043,0.01,25.682,0
L2LM,0,0,422,8.642,11.263,3.66,0.01,23.575,0
L2LM,0,0,423,14.526,7.086,1.337,0.009,22.959,0
L2LM,0,0,424,8.512,7.828,7.757,0.012,24.11,0
L2LM,0,0,425,11.681,9.758,10.383,0.011,31.832,0
L2LM,0,0,426,13.689,6.636,1.325,0.01,21.66,0
L2LM,0,0,427,9.532,11.267,4.466,0.01,25.275,0
L2LM,0,0,428,8.668,14.713,4.74,0.011,28.132,0
L2LM,0,0,429,10.607,10.607,4.728,0.01,25.952,0
L2LM,0,0,430,7.871,8.37,8.449,0.012,24.702,0
L2LM,0,0,431,5.604,11.961,4.962,0.012,22.539,0
L2LM,0,0,432,10.654,8.303,4.988,0.01,23.956,0
L2LM,0,0,433,6.93,10.037,1.269,0.009,18.246,0
L2LM,0,0,434,10.333,10.404,6.59,0.011,27.338,0
L2LM,0,0,435,11.709,11.647,1.396,0.01,24.762,0
L2LM,0,0,436,12.543,6.7,1.737,0.012,20.992,0
L2LM,0,0,437,14.758,8.792,4.848,0.011,28.409,0
L2LM,0,0,438,8.741,8.5,1.331,0.01,18.582,0
L2LM,0,0,439,16.322,10.557,6.472,0.01,33.361,1
L2LM,0,0,440,8.735,10.424,2.67,0.01,21.839,0
L2LM,0,0,441,11.734,6.843,6.163,0.011,24.751,0
L2LM,0,0,442,7.744,11.753,1.76,0.629,21.885,0
L2LM,0,0,443,14.005,10.03,1.671,0.013,25.719,0
L2LM,0,0,444,13.437,15.059,1.459,0.011,29.967,0
L2LM,0,0,445,17.717,6.6,4.988,0.01,29.315,0
L2LM,0,0,446,12.146,7.335,2.654,0.01,22.145,0
L2LM,0,0,447,9.438,6.545,1.345,0.01,17.337,0
L2LM,0,0,448,16.624,10.304,1.362,0.009,28.299,0
L2LM,0,0,449,13.603,6.553,5.182,0.011,25.35,0
L2LM,0,0,450,8.64,15.592,4.564,0.011,28.806,0
L2LM,0,0,451,13.655,9.045,1.402,0.01,24.112,0
L2LM,0,0,452,12.658,10.595,4.644,0.011,27.908,0
L2LM,0,0,453,15.641,6.639,2.655,0.012,24.948,0
L2LM,0,0,454,21.057,6.607,9.25,0.012,36.926,1
L2LM,0,0,455,5.396,6.815,1.538,0.012,13.76,0
L2LM,0,0,456,7.21,10.385,4.923,0.012,22.529,0
L2LM,0,0,457,10.665,7.184,1.486,0.01,19.345,0
L2LM,0,0,458,13.597,9.173,7.408,0.011,30.189,0
L2LM,0,0,459,8.47,11.961,1.256,0.01,21.697,0
L2LM,0,0,460,8.408,8.289,1.502,0.009,18.208,0
L2LM,0,0,461,8.443,12.038,11.471,0.011,31.962,0
L2LM,0,0,462,9.965,10.519,1.238,0.01,21.731,0
L2LM,0,0,463,12.579,6.607,4.936,0.01,24.131,0
L2LM,0,0,464,9.64,10.938,1.258,0.01,21.847,0
L2LM,0,0,465,8.463,10.562,2.72,0.01,21.754,0
L2LM,0,0,466,8.383,10.526,1.306,0.009,20.223,0
L2LM,0,0,467,13.451,6.543,1.651,0.009,21.654,0
L2LM,0,0,468,10.48,6.588,5.753,0.009,22.831,0
L2LM,0,1,31,17.546,7.273,5.333,0.013,30.165,0
L2LM,0,1,32,15.711,6.881,4.473,0.012,27.078,0
L2LM,0,1,33,14.561,9.81,1.347,0.012,25.729,0
L2LM,0,1,34,19.54,7.633,1.363,0.013,28.548,0
L2LM,0,1,35,14.515,10.539,5.024,0.014,30.091,0
L2LM,0,1,36,6.47,11.395,7.237,0.011,25.114,0
L2LM,0,1,37,11.877,15.805,1.409,0.011,29.102,0
L2LM,0,1,38,16.003,8.772,5.533,0.013,30.32,0
L2LM,0,1,39,17.034,9.0,5.793,0.013,31.841,0
L2LM,0,1,40,15.592,10.278,1.829,0.013,27.712,0
L2LM,0,1,41,16.276,7.63,7.054,0.015,30.974,0
L2LM,0,1,42,15.921,9.181,10.116,0.015,35.234,1
L2LM,0,1,43,16.084,10.36,4.959,0.013,31.415,0
L2LM,0,1,44,15.251,10.075,5.437,0.014,30.776,0
L2LM,0,1,45,18.423,10.587,12.412,0.014,41.436,1
L2LM,0,1,46,15.583,10.16,6.812,0.012,32.567,0
L2LM,0,1,47,10.819,8.868,1.715,0.01,21.411,0
L2LM,0,1,48,5.753,9.951,6.54,0.01,22.254,0
L2LM,0,1,49,11.814,10.544,1.153,0.01,23.521,0
L2LM,0,1,50,9.45,10.39,1.236,0.01,21.087,0
L2LM,0,1,51,9.077,8.469,7.118,0.012,24.676,0
L2LM,0,1,52,10.183,9.866,1.3,0.01,21.359,0
L2LM,0,1,53,12.469,6.655,5.412,0.011,24.546,0
L2LM,0,1,54,9.325,8.785,5.303,0.01,23.423,0
L2LM,0,1,55,11.709,6.655,4.722,0.01,23.096,0
L2LM,0,1,56,10.464,6.653,4.304,0.012,21.433,0
L2LM,0,1,57,9.65,10.414,4.466,0.01,24.54,0
L2LM,0,1,58,9.954,10.099,4.943,0.011,25.007,0
L2LM,0,1,59,9.75,6.822,14.361,0.012,30.945,0
L2LM,0,1,60,8.194,9.288,3.959,0.012,21.453,0
L2LM,0,1,61,14.976,6.96,1.388,0.011,23.335,0
L2LM,0,1,62,10.926,7.365,3.939,0.013,22.242,0
L2LM,0,1,63,7.636,6.803,4.937,0.014,19.392,0
L2LM,0,1,64,17.195,6.925,4.488,0.014,28.623,0
L2LM,0,1,65,18.198,8.052,6.453,0.011,32.714,0
L2LM,0,1,66,5.675,7.423,15.402,0.011,28.511,0
L2LM,0,1,67,16.655,13.845,7.735,0.013,38.249,1
L2LM,0,1,68,11.67,14.348,5.662,0.011,31.691,0
L2LM,0,1,69,12.927,11.074,7.886,0.011,31.899,0
L2LM,0,1,70,15.692,6.624,1.492,0.01,23.817,0
L2LM,0,1,71,10.012,8.344,14.154,0.012,32.522,0
L2LM,0,1,72,15.39,10.346,3.575,0.011,29.322,0
L2LM,0,1,73,12.656,11.986,6.858,0.011,31.512,0
L2LM,0,1,74,13.626,9.199,4.629,0.014,27.468,0
L2LM,0,1,75,16.809,14.162,3.364,0.011,34.347,1
L2LM,0,1,76,12.707,7.51,22.771,0.014,43.002,1
L2LM,0,1,77,9.801,7.417,14.388,0.017,31.623,0
L2LM,0,1,78,19.82,7.718,2.159,0.014,29.711,0
L2LM,0,1,79,18.157,7.051,4.622,0.015,29.846,0
L2LM,0,1,80,21.173,13.165,9.658,0.016,44.012,1
L2LM,0,1,81,29.037,6.828,9.492,0.012,45.369,1
L2LM,0,1,82,20.986,19.647,9.283,0.015,49.931,1
L2LM,0,1,84,18.755,15.691,16.169,0.014,50.628,1
L2LM,0,1,85,13.762,7.344,8.638,0.014,29.758,0
L2LM,0,1,86,18.858,7.013,3.007,0.013,28.891,0
L2LM,0,1,87,18.021,11.009,5.784,0.015,34.829,1
L2LM,0,1,88,15.678,8.456,3.807,0.013,27.953,0
L2LM,0,1,89,15.035,11.162,5.295,0.014,31.505,0
L2LM,0,1,90,17.816,11.754,28.014,0.013,57.598,1
L2LM,0,1,92,10.025,7.333,1.912,0.012,19.282,0
L2LM,0,1,93,12.822,11.624,5.521,0.011,29.978,0
L2LM,0,1,94,11.381,8.002,9.914,0.012,29.31,0
L2LM,0,1,95,8.713,11.6,1.589,0.011,21.913,0
L2LM,0,1,96,8.73,10.658,1.605,0.01,21.003,0
L2LM,0,1,97,8.719,10.629,7.968,0.01,27.327,0
L2LM,0,1,98,10.742,14.436,3.833,0.01,29.021,0
L2LM,0,1,99,10.694,6.976,4.456,0.009,22.136,0
L2LM,0,1,100,12.535,10.252,3.144,0.01,25.94,0
L2LM,0,1,101,11.922,7.278,9.237,0.013,28.45,0
L2LM,0,1,102,8.67,10.527,3.494,0.011,22.702,0
L2LM,0,1,103,7.763,13.72,1.594,0.01,23.087,0
L2LM,0,1,104,14.748,7.056,15.175,0.014,36.992,1
L2LM,0,1,105,7.683,10.856,2.468,0.011,21.018,0
L2LM,0,1,106,12.719,6.65,1.396,0.009,20.774,0
L2LM,0,1,107,13.787,6.972,1.461,0.01,22.231,0
L2LM,0,1,108,8.722,7.977,1.519,0.01,18.228,0
L2LM,0,1,109,11.972,6.958,13.322,0.011,32.263,0
L2LM,0,1,110,11.936,6.674,5.264,0.011,23.885,0
L2LM,0,1,111,10.742,6.846,1.448,0.01,19.046,0
L2LM,0,1,112,9.801,9.758,14.553,0.011,34.123,1
L2LM,0,1,113,9.682,6.765,9.982,0.01,26.44,0
L2LM,0,1,114,9.378,9.385,4.835,0.009,23.607,0
L2LM,0,1,115,8.782,7.7,10.074,0.014,26.57,0
L2LM,0,1,116,8.239,9.004,2.357,0.01,19.611,0
L2LM,0,1,117,12.69,14.803,3.152,0.012,30.657,0
L2LM,0,1,118,13.631,10.672,1.635,0.011,25.948,0
L2LM,0,1,119,8.909,11.543,1.448,0.01,21.91,0
L2LM,0,1,120,8.363,7.945,10.969,0.012,27.29,0
L2LM,0,1,121,9.774,6.964,2.243,0.01,18.991,0
L2LM,0,1,122,5.916,6.849,5.22,0.011,17.996,0
L2LM,0,1,123,8.767,6.886,1.269,0.012,16.934,0
L2LM,0,1,124,11.887,8.546,6.9,0.011,27.344,0
L2LM,0,1,125,12.599,7.325,8.948,0.015,28.887,0
L2LM,0,1,126,11.794,7.342,4.049,0.011,23.196,0
L2LM,0,1,127,8.781,8.066,7.599,0.011,24.457,0
L2LM,0,1,128,12.311,10.289,6.591,0.01,29.201,0
L2LM,0,1,129,15.398,6.883,5.788,0.013,28.081,0
L2LM,0,1,130,13.178,6.865,4.307,0.011,24.36,0
L2LM,0,1,131,9.702,8.685,7.262,0.012,25.661,0
L2LM,0,1,132,8.939,12.189,1.177,0.01,22.316,0
L2LM,0,1,133,6.339,6.675,15.944,0.014,28.972,0
L2LM,0,1,134,8.787,6.689,9.352,0.011,24.839,0
L2LM,0,1,135,9.38,10.13,2.399,0.011,21.92,0
L2LM,0,1,136,12.853,7.165,1.541,0.01,21.568,0
L2LM,0,1,137,12.596,9.836,2.615,0.009,25.057,0
L2LM,0,1,138,7.745,10.603,1.123,0.009,19.48,0
L2LM,0,1,139,12.842,13.261,3.382,0.01,29.496,0
L2LM,0,1,140,8.756,10.58,1.184,0.01,20.531,0
L2LM,0,1,141,8.701,13.727,8.217,0.013,30.658,0
L2LM,0,1,142,7.727,10.367,1.154,0.009,19.258,0
L2LM,0,1,143,12.795,6.74,7.933,0.011,27.478,0
L2LM,0,1,144,10.689,7.623,7.83,0.012,26.154,0
L2LM,0,1,145,8.671,10.544,1.36,0.01,20.586,0
L2LM,0,1,146,12.334,6.853,2.58,0.011,21.777,0
L2LM,0,1,147,12.701,7.517,13.798,0.011,34.027,1
L2LM,0,1,148,11.744,6.897,8.474,0.013,27.128,0
L2LM,0,1,149,8.935,10.601,5.399,0.011,24.946,0
L2LM,0,1,150,16.024,6.666,3.748,0.01,26.448,0
L2LM,0,1,151,13.021,6.717,13.912,0.011,33.662,1
L2LM,0,1,152,11.947,10.461,1.382,0.011,23.8,0
L2LM,0,1,153,8.693,10.887,1.136,0.01,20.725,0
L2LM,0,1,154,12.719,6.82,1.151,0.01,20.7,0
L2LM,0,1,155,11.116,6.804,1.972,0.01,19.901,0
L2LM,0,1,156,16.054,6.619,2.839,0.011,25.523,0
L2LM,0,1,157,9.032,10.686,1.227,0.01,20.955,0
L2LM,0,1,158,13.093,11.244,4.427,0.012,28.776,0
L2LM,0,1,159,12.11,9.406,6.59,0.011,28.117,0
L2LM,0,1,160,9.033,14.697,1.175,0.01,24.916,0
L2LM,0,1,161,12.861,7.437,15.329,0.012,35.639,1
L2LM,0,1,162,10.779,6.651,7.189,0.01,24.629,0
L2LM,0,1,163,8.698,10.794,2.484,0.01,21.986,0
L2LM,0,1,164,8.041,10.437,1.314,0.012,19.804,0
L2LM,0,1,165,13.634,6.779,1.235,0.01,21.658,0
L2LM,0,1,166,12.787,7.119,5.664,0.012,25.582,0
L2LM,0,1,167,8.728,10.636,1.227,0.009,20.6,0
L2LM,0,1,168,12.831,7.068,4.153,0.011,24.063,0
L2LM,0,1,169,11.809,7.493,5.952,0.011,25.265,0
L2LM,0,1,170,8.747,10.612,5.148,0.012,24.52,0
L2LM,0,1,171,12.748,6.957,9.535,0.011,29.251,0
L2LM,0,1,172,9.462,6.903,9.067,0.01,25.443,0
L2LM,0,1,173,7.719,10.355,1.19,0.01,19.274,0
L2LM,0,1,174,12.846,7.092,5.217,0.013,25.167,0
L2LM,0,1,175,12.717,6.72,6.64,0.011,26.089,0
L2LM,0,1,176,11.297,6.737,2.456,0.009,20.5,0
L2LM,0,1,177,8.759,12.178,5.116,0.015,26.068,0
L2LM,0,1,178,8.802,8.685,1.469,0.011,18.967,0
L2LM,0,1,179,12.893,10.529,13.051,0.015,36.488,1
L2LM,0,1,180,8.789,11.594,1.547,0.012,21.941,0
L2LM,0,1,181,12.698,14.492,6.6,0.012,33.803,1
L2LM,0,1,182,7.748,19.803,14.6,0.011,42.163,1
L2LM,0,1,183,9.7,10.19,2.089,0.01,21.99,0
L2LM,0,1,184,12.801,7.378,11.929,0.012,32.119,0
L2LM,0,1,185,5.769,15.453,13.405,0.012,34.64,1
L2LM,0,1,186,7.729,10.643,1.754,0.01,20.136,0
L2LM,0,1,187,12.799,6.89,8.535,0.028,28.252,0
L2LM,0,1,188,8.841,6.726,1.216,0.011,16.794,0
L2LM,0,1,189,9.864,19.479,15.216,0.013,44.572,1
L2LM,0,1,190,7.727,15.029,4.895,0.011,27.663,0
L2LM,0,1,191,8.724,6.773,4.579,0.01,20.085,0
L2LM,0,1,192,14.069,6.707,4.149,0.01,24.936,0
L2LM,0,1,193,14.957,9.438,1.416,0.012,25.823,0
L2LM,0,1,194,11.779,7.385,9.356,0.012,28.533,0
L2LM,0,1,195,12.755,7.692,10.219,0.022,30.688,0
L2LM,0,1,196,8.706,9.746,3.605,0.01,22.068,0
L2LM,0,1,197,8.766,6.676,1.155,0.009,16.605,0
L2LM,0,1,198,10.71,7.203,2.093,0.01,20.016,0
L2LM,0,1,199,11.765,6.68,1.167,0.009,19.622,0
L2LM,0,1,200,6.723,15.707,1.532,0.013,23.975,0
L2LM,0,1,201,8.821,7.246,2.127,0.009,18.203,0
L2LM,0,1,202,12.041,6.93,4.907,0.01,23.888,0
L2LM,0,1,203,8.801,14.467,4.9,0.011,28.179,0
L2LM,0,1,204,8.716,7.665,11.149,0.011,27.54,0
L2LM,0,1,205,9.768,7.163,4.577,0.012,21.519,0
L2LM,0,1,206,12.882,6.687,2.102,0.013,21.684,0
L2LM,0,1,207,12.052,10.749,4.67,0.01,27.482,0
L2LM,0,1,208,10.785,7.634,5.985,0.011,24.415,0
L2LM,0,1,209,10.771,7.116,2.99,0.011,20.889,0
L2LM,0,1,210,10.866,6.699,3.559,0.01,21.134,0
L2LM,0,1,211,9.75,6.832,1.905,0.011,18.497,0
L2LM,0,1,212,11.716,8.393,8.818,0.013,28.94,0
L2LM,0,1,213,8.667,6.696,1.991,0.011,17.365,0
L2LM,0,1,214,8.728,18.738,6.702,0.014,34.182,1
L2LM,0,1,215,10.693,6.753,4.665,0.01,22.121,0
L2LM,0,1,216,8.747,6.878,5.067,0.01,20.702,0
L2LM,0,1,217,12.122,11.587,6.272,0.01,29.992,0
L2LM,0,1,218,11.706,6.712,4.552,0.013,22.983,0
L2LM,0,1,219,8.776,14.496,2.256,0.013,25.541,0
L2LM,0,1,220,8.722,10.137,1.455,0.01,20.325,0
L2LM,0,1,221,9.735,11.613,6.511,0.01,27.87,0
L2LM,0,1,222,7.665,15.795,6.613,0.013,30.086,0
L2LM,0,1,223,10.701,6.739,14.473,0.011,31.924,0
L2LM,0,1,224,10.273,6.638,18.69,0.012,35.613,1
L2LM,0,1,225,5.985,10.778,4.162,0.01,20.936,0
L2LM,0,1,226,10.722,7.156,1.951,0.01,19.839,0
L2LM,0,1,227,12.715,6.982,13.41,0.011,33.117,0
L2LM,0,1,228,9.514,10.296,5.387,0.011,25.208,0
L2LM,0,1,229,8.787,14.608,3.117,0.011,26.522,0
L2LM,0,1,230,7.918,11.12,1.346,0.011,20.394,0
L2LM,0,1,231,8.603,13.084,5.373,0.014,27.074,0
L2LM,0,1,232,15.133,10.502,6.804,0.014,32.453,0
L2LM,0,1,233,19.373,7.722,2.024,0.017,29.135,0
L2LM,0,1,234,18.137,8.013,7.688,0.015,33.853,1
L2LM,0,1,235,15.567,11.641,6.848,0.014,34.071,1
L2LM,0,1,236,16.389,10.587,1.762,0.014,28.751,0
L2LM,0,1,237,19.062,6.839,1.618,0.013,27.532,0
L2LM,0,1,238,15.981,11.651,1.475,0.012,29.118,0
L2LM,0,1,239,20.022,8.457,1.538,0.013,30.03,0
L2LM,0,1,240,19.544,8.59,4.321,0.013,32.469,0
L2LM,0,1,241,18.429,9.674,8.479,0.017,36.599,1
L2LM,0,1,242,37.071,9.19,10.036,0.014,56.312,1
L2LM,0,1,243,20.288,6.743,6.444,0.015,33.491,1
L2LM,0,1,244,22.527,12.702,13.115,0.015,48.36,1
L2LM,0,1,246,21.193,12.184,7.815,0.014,41.206,1
L2LM,0,1,247,27.003,13.223,10.371,0.014,50.611,1
L2LM,0,1,248,19.645,8.302,3.589,0.014,31.55,0
L2LM,0,1,249,21.086,9.879,12.297,0.013,43.274,1
L2LM,0,1,251,10.442,7.301,12.09,0.018,29.851,0
L2LM,0,1,252,8.747,8.161,1.651,0.012,18.571,0
L2LM,0,1,253,9.018,9.339,4.57,0.013,22.939,0
L2LM,0,1,254,24.719,8.916,12.219,0.014,45.868,1
L2LM,0,1,255,18.734,7.918,3.289,0.014,29.954,0
L2LM,0,1,256,24.766,10.633,17.948,0.015,53.362,1
L2LM,0,1,257,13.303,6.993,3.44,0.013,23.75,0
L2LM,0,1,258,21.926,13.086,8.606,0.016,43.634,1
L2LM,0,1,259,28.997,7.345,5.572,0.014,41.928,1
L2LM,0,1,261,24.614,10.109,2.002,0.017,36.742,1
L2LM,0,1,262,27.616,7.343,9.246,0.015,44.22,1
L2LM,0,1,263,28.087,7.556,12.488,0.016,48.147,1
L2LM,0,1,265,20.665,18.326,2.008,0.015,41.015,1
L2LM,0,1,266,22.956,13.254,9.365,0.016,45.591,1
L2LM,0,1,267,17.071,7.078,2.493,0.017,26.659,0
L2LM,0,1,268,27.328,8.367,19.253,0.02,54.968,1
L2LM,0,1,270,20.03,10.603,6.051,0.014,36.698,1
L2LM,0,1,271,20.286,9.481,4.818,0.015,34.6,1
L2LM,0,1,272,25.49,7.08,11.118,0.016,43.704,1
L2LM,0,1,273,22.205,7.575,13.458,0.017,43.255,1
L2LM,0,1,274,26.082,17.079,2.437,0.013,45.612,1
L2LM,0,1,276,17.784,14.589,2.441,0.013,34.826,1
L2LM,0,1,277,16.499,7.071,9.691,0.015,33.277,0
L2LM,0,1,278,16.606,6.975,8.521,0.024,32.126,0
L2LM,0,1,279,16.022,6.852,6.157,0.016,29.045,0
L2LM,0,1,280,15.913,7.128,10.998,0.013,34.052,1
L2LM,0,1,281,26.645,15.668,5.581,0.017,47.912,1
L2LM,0,1,282,15.627,7.112,3.153,0.014,25.906,0
L2LM,0,1,283,22.142,21.395,10.177,0.013,53.727,1
L2LM,0,1,284,22.628,8.34,5.114,0.019,36.101,1
L2LM,0,1,286,26.928,10.874,16.561,0.016,54.379,1
L2LM,0,1,287,22.334,12.031,14.296,0.019,48.681,1
L2LM,0,1,289,29.502,12.391,7.183,0.017,49.093,1
L2LM,0,1,290,16.193,8.817,12.862,0.016,37.887,1
L2LM,0,1,291,18.089,6.901,4.326,0.015,29.332,0
L2LM,0,1,292,24.848,6.831,3.674,0.015,35.369,1
L2LM,0,1,293,28.479,8.164,14.065,0.016,50.724,1
L2LM,0,1,295,19.515,12.282,4.265,0.015,36.076,1
L2LM,0,1,296,22.318,16.111,9.141,0.015,47.585,1
L2LM,0,1,297,20.2,7.092,6.409,0.016,33.717,1
L2LM,0,1,298,18.623,9.326,2.738,0.014,30.701,0
L2LM,0,1,299,19.672,6.906,7.273,0.015,33.866,1
L2LM,0,1,300,18.064,7.215,10.653,0.015,35.946,1
L2LM,0,1,301,24.625,7.449,14.573,0.015,46.662,1
L2LM,0,1,303,18.535,28.298,6.959,0.017,53.809,1
L2LM,0,1,304,18.953,12.046,7.524,0.019,38.543,1
L2LM,0,1,305,25.024,6.943,16.667,0.02,48.654,1
L2LM,0,1,307,20.514,12.186,7.223,0.021,39.943,1
L2LM,0,1,308,19.529,13.176,8.378,0.02,41.103,1
L2LM,0,1,309,16.194,16.373,8.16,0.02,40.747,1
L2LM,0,1,310,24.563,7.07,3.304,0.016,34.953,1
L2LM,0,1,312,19.92,7.134,13.579,0.02,40.653,1
L2LM,0,1,313,16.496,16.331,7.687,0.017,40.532,1
L2LM,0,1,314,20.043,7.508,9.943,0.017,37.512,1
L2LM,0,1,315,16.187,7.526,5.373,0.016,29.103,0
L2LM,0,1,316,16.3,13.691,5.766,0.018,35.776,1
L2LM,0,1,317,15.531,8.797,14.23,0.077,38.635,1
L2LM,0,1,318,13.56,7.924,7.631,0.011,29.127,0
L2LM,0,1,319,10.31,12.847,5.464,0.014,28.634,0
L2LM,0,1,320,14.515,9.009,4.388,0.012,27.925,0
L2LM,0,1,321,14.518,9.387,21.252,0.012,45.169,1
L2LM,0,1,322,7.559,14.667,1.761,0.012,24.0,0
L2LM,0,1,323,13.342,10.892,1.545,0.01,25.789,0
L2LM,0,1,324,9.101,17.285,1.56,0.011,27.958,0
L2LM,0,1,325,9.041,12.922,8.228,0.012,30.203,0
L2LM,0,1,326,15.94,19.346,1.83,0.014,37.13,1
L2LM,0,1,327,18.537,7.266,6.078,0.015,31.896,0
L2LM,0,1,328,18.603,6.841,8.514,0.016,33.974,1
L2LM,0,1,329,12.581,10.672,3.92,0.02,27.193,0
L2LM,0,1,330,16.529,10.433,2.07,0.014,29.047,0
L2LM,0,1,331,15.622,11.27,3.948,0.013,30.853,0
L2LM,0,1,332,19.95,10.534,17.58,0.015,48.08,1
L2LM,0,1,333,18.933,11.971,1.849,0.013,32.765,0
L2LM,0,1,334,15.575,10.535,1.783,0.014,27.907,0
L2LM,0,1,335,15.541,10.637,5.301,0.013,31.492,0
L2LM,0,1,336,19.013,6.959,4.83,0.014,30.816,0
L2LM,0,1,337,15.619,17.369,7.926,0.013,40.926,1
L2LM,0,1,338,16.23,10.618,2.166,0.017,29.032,0
L2LM,0,1,339,17.636,9.305,2.476,0.013,29.431,0
L2LM,0,1,340,16.407,9.953,5.233,0.014,31.608,0
L2LM,0,1,341,19.43,7.171,2.1,0.014,28.715,0
L2LM,0,1,342,11.49,9.979,6.195,0.014,27.678,0
L2LM,0,1,343,15.52,11.169,4.624,0.032,31.345,0
L2LM,0,1,344,17.953,7.326,2.361,0.014,27.654,0
L2LM,0,1,345,19.419,9.744,2.04,0.013,31.216,0
L2LM,0,1,346,19.305,7.706,4.891,0.014,31.915,0
L2LM,0,1,347,14.592,11.378,1.893,0.013,27.875,0
L2LM,0,1,348,15.695,10.411,9.215,0.016,35.337,1
L2LM,0,1,349,16.085,6.797,4.798,0.013,27.693,0
L2LM,0,1,350,16.582,7.153,8.685,0.013,32.434,0
L2LM,0,1,351,13.845,9.733,6.983,0.014,30.575,0
L2LM,0,1,352,16.687,10.62,14.35,0.018,41.676,1
L2LM,0,1,353,14.612,18.615,2.301,0.014,35.542,1
L2LM,0,1,354,15.984,7.374,5.249,0.018,28.625,0
L2LM,0,1,355,15.86,7.054,12.746,0.012,35.672,1
L2LM,0,1,356,8.784,9.435,8.706,0.012,26.936,0
L2LM,0,1,357,8.768,7.978,1.593,0.012,18.351,0
L2LM,0,1,358,10.397,9.498,4.454,0.012,24.361,0
L2LM,0,1,359,9.909,9.575,12.567,0.012,32.064,0
L2LM,0,1,360,11.799,13.454,11.529,0.012,36.795,1
L2LM,0,1,361,15.801,7.633,7.592,0.011,31.036,0
L2LM,0,1,362,11.496,11.872,14.681,0.011,38.06,1
L2LM,0,1,363,12.69,10.841,9.308,0.014,32.854,0
L2LM,0,1,364,15.487,11.163,1.846,0.016,28.512,0
L2LM,0,1,365,19.513,7.472,1.911,0.012,28.908,0
L2LM,0,1,366,15.526,10.641,8.078,0.016,34.261,1
L2LM,0,1,367,17.62,7.225,2.351,0.012,27.207,0
L2LM,0,1,368,19.546,9.959,1.968,0.013,31.486,0
L2LM,0,1,369,16.645,10.482,2.07,0.014,29.211,0
L2LM,0,1,370,15.609,12.263,1.875,0.013,29.76,0
L2LM,0,1,371,18.581,6.818,5.582,0.012,30.992,0
L2LM,0,1,372,15.583,6.853,4.541,0.013,26.99,0
L2LM,0,1,373,18.895,6.791,4.499,0.013,30.198,0
L2LM,0,1,374,17.58,7.135,6.77,0.014,31.499,0
L2LM,0,1,375,14.5,10.835,6.57,0.013,31.917,0
L2LM,0,1,376,17.726,7.175,5.782,0.014,30.697,0
L2LM,0,1,377,16.569,6.791,4.927,0.012,28.3,0
L2LM,0,1,378,16.535,10.759,1.883,0.015,29.192,0
L2LM,0,1,379,14.577,10.491,1.626,0.012,26.706,0
L2LM,0,1,380,19.584,8.593,8.053,0.013,36.244,1
L2LM,0,1,381,16.556,7.146,9.214,0.014,32.93,0
L2LM,0,1,382,16.687,7.04,5.315,0.013,29.056,0
L2LM,0,1,383,15.551,6.778,5.636,0.012,27.977,0
L2LM,0,1,384,14.59,10.434,4.173,0.012,29.21,0
L2LM,0,1,385,16.668,6.799,5.58,0.013,29.059,0
L2LM,0,1,386,18.841,6.795,5.519,0.013,31.168,0
L2LM,0,1,387,14.57,7.938,5.45,0.012,27.972,0
L2LM,0,1,388,15.775,8.382,7.178,0.013,31.349,0
L2LM,0,1,389,14.565,10.57,1.737,0.013,26.884,0
L2LM,0,1,390,18.641,6.775,5.152,0.014,30.582,0
L2LM,0,1,391,15.607,7.122,5.815,0.014,28.558,0
L2LM,0,1,392,15.509,11.551,3.981,0.014,31.055,0
L2LM,0,1,393,17.504,6.914,5.092,0.013,29.523,0
L2LM,0,1,394,15.585,10.816,2.07,0.014,28.484,0
L2LM,0,1,395,15.491,10.379,5.17,0.012,31.052,0
L2LM,0,1,396,14.544,11.253,4.855,0.014,30.666,0
L2LM,0,1,397,14.481,10.62,1.705,0.011,26.817,0
L2LM,0,1,398,19.6,6.852,3.168,0.014,29.633,0
L2LM,0,1,399,18.666,7.136,5.29,0.014,31.106,0
L2LM,0,1,400,16.566,6.895,5.909,0.013,29.384,0
L2LM,0,1,401,15.581,10.477,10.29,0.014,36.362,1
L2LM,0,1,402,18.663,10.419,6.699,0.015,35.796,1
L2LM,0,1,403,14.482,12.365,1.826,0.013,28.685,0
L2LM,0,1,404,15.653,10.479,9.02,0.013,35.165,1
L2LM,0,1,405,14.46,10.49,10.352,0.011,35.313,1
L2LM,0,1,406,5.654,8.087,12.684,0.013,26.439,0
L2LM,0,1,407,13.695,15.165,7.94,0.015,36.815,1
L2LM,0,1,408,16.339,16.129,1.91,0.013,34.392,1
L2LM,0,1,409,15.463,7.18,8.377,0.016,31.036,0
L2LM,0,1,410,19.588,10.51,3.211,0.014,33.322,0
L2LM,0,1,411,16.729,7.514,5.722,0.013,29.978,0
L2LM,0,1,412,17.729,6.99,7.757,0.014,32.489,0
L2LM,0,1,413,17.44,7.276,1.749,0.013,26.478,0
L2LM,0,1,414,19.438,7.059,1.941,0.012,28.45,0
L2LM,0,1,415,17.656,6.758,6.072,0.013,30.499,0
L2LM,0,1,416,16.514,6.788,10.149,0.014,33.465,1
L2LM,0,1,417,15.625,7.014,6.378,0.013,29.03,0
L2LM,0,1,418,16.292,7.324,9.271,0.013,32.901,0
L2LM,0,1,419,16.733,6.79,4.71,0.013,28.245,0
L2LM,0,1,420,16.8,7.293,8.238,0.015,32.346,0
L2LM,0,1,421,14.367,7.2,1.8,0.013,23.381,0
L2LM,0,1,422,14.607,6.805,6.624,0.014,28.05,0
L2LM,0,1,423,15.435,7.152,5.006,0.018,27.611,0
L2LM,0,1,424,16.511,7.36,8.342,0.015,32.228,0
L2LM,0,1,425,18.213,10.126,7.741,0.014,36.095,1
L2LM,0,1,426,15.044,7.428,4.615,0.013,27.101,0
L2LM,0,1,427,16.071,8.957,1.715,0.012,26.755,0
L2LM,0,1,428,17.781,7.264,1.769,0.012,26.826,0
L2LM,0,1,429,15.854,14.972,10.45,0.014,41.291,1
L2LM,0,1,430,18.939,6.879,7.509,0.013,33.341,1
L2LM,0,1,431,18.556,6.871,6.733,0.013,32.173,0
L2LM,0,1,432,15.563,9.321,5.624,0.013,30.522,0
L2LM,0,1,433,17.647,7.137,4.032,0.012,28.828,0
L2LM,0,1,434,13.502,10.898,4.701,0.014,29.115,0
L2LM,0,1,435,17.358,11.344,9.126,0.014,37.842,1
L2LM,0,1,436,15.575,7.243,9.831,0.031,32.68,0
L2LM,0,1,437,15.876,11.223,4.508,0.014,31.621,0
L2LM,0,1,438,17.784,6.829,5.716,0.015,30.345,0
L2LM,0,1,439,17.911,6.793,8.169,0.013,32.885,0
L2LM,0,1,440,13.752,10.378,21.325,0.012,45.466,1
L2LM,0,1,441,20.622,7.845,1.613,0.01,30.09,0
L2LM,0,1,442,11.748,10.723,1.5,0.01,23.982,0
L2LM,0,1,443,9.502,10.943,4.582,0.012,25.04,0
L2LM,0,1,444,8.932,14.303,4.168,0.01,27.413,0
L2LM,0,1,445,13.393,6.984,1.699,0.01,22.085,0
L2LM,0,1,446,11.277,6.813,11.127,0.012,29.23,0
L2LM,0,1,447,12.271,6.862,3.056,0.013,22.201,0
L2LM,0,1,448,13.764,12.596,1.99,0.012,28.362,0
L2LM,0,1,449,13.988,13.994,14.338,0.011,42.33,1
L2LM,0,1,450,8.695,12.944,2.113,0.011,23.762,0
L2LM,0,1,451,15.812,9.008,10.877,0.017,35.715,1
L2LM,0,1,452,15.464,6.807,4.829,0.012,27.112,0
L2LM,0,1,453,18.489,7.075,4.748,0.017,30.328,0
L2LM,0,1,454,15.514,14.166,1.649,0.013,31.342,0
L2LM,0,1,455,15.518,7.792,1.687,0.012,25.01,0
L2LM,0,1,456,15.697,10.584,5.484,0.013,31.777,0
L2LM,0,1,457,19.639,6.784,1.652,0.013,28.088,0
L2LM,0,1,458,20.518,7.108,1.793,0.012,29.431,0
L2LM,0,1,459,18.769,7.025,1.645,0.012,27.451,0
L2LM,0,1,460,17.512,6.812,2.022,0.011,26.358,0
L2LM,0,1,461,19.506,6.797,3.885,0.016,30.205,0
L2LM,0,1,462,16.552,8.242,5.254,0.012,30.06,0
L2LM,0,1,463,15.467,6.726,6.571,0.012,28.776,0
L2LM,0,1,464,14.558,8.345,1.724,0.013,24.641,0
L2LM,0,1,465,17.505,10.727,9.057,0.012,37.3,1
L2LM,0,1,466,15.536,6.778,6.47,0.013,28.797,0
L2LM,0,1,467,16.536,6.713,1.661,0.014,24.923,0
L2LM,0,1,468,18.657,10.289,3.78,0.014,32.74,0
L2LM,0,1,469,16.539,15.874,1.612,0.014,34.039,1
L2LM,0,1,470,15.589,6.813,5.036,0.014,27.453,0
L2LM,0,1,471,11.722,7.006,4.85,0.01,23.588,0
L2LM,0,1,472,8.766,10.334,6.603,0.01,25.713,0
L2LM,0,1,473,7.449,9.917,4.629,0.01,22.006,0
L2LM,0,1,474,13.139,6.54,2.735,0.009,22.424,0
L2LM,0,2,32,8.053,14.141,9.916,0.012,32.122,0
L2LM,0,2,33,9.096,10.02,8.601,0.012,27.729,0
L2LM,0,2,34,14.627,9.396,1.311,0.01,25.345,0
L2LM,0,2,35,13.843,10.53,1.299,0.01,25.682,0
L2LM,0,2,36,13.31,7.948,6.88,0.016,28.154,0
L2LM,0,2,37,10.818,9.823,2.346,0.01,22.998,0
L2LM,0,2,38,10.396,6.994,4.151,0.01,21.551,0
L2LM,0,2,39,8.692,6.591,3.122,0.012,18.418,0
L2LM,0,2,40,7.724,21.291,15.105,0.013,44.133,1
L2LM,0,2,41,10.679,10.104,3.325,0.011,24.119,0
L2LM,0,2,42,12.529,9.784,8.053,0.012,30.378,0
L2LM,0,2,43,8.693,6.647,4.955,0.01,20.305,0
L2LM,0,2,44,10.838,6.679,1.241,0.01,18.768,0
L2LM,0,2,45,10.805,9.749,1.648,0.01,22.213,0
L2LM,0,2,46,10.723,10.766,5.541,0.01,27.04,0
L2LM,0,2,47,9.818,8.73,8.159,0.01,26.716,0
L2LM,0,2,48,8.674,8.312,16.611,0.012,33.609,1
L2LM,0,2,49,10.837,7.713,7.25,0.014,25.814,0
L2LM,0,2,50,8.652,6.65,2.278,0.01,17.589,0
L2LM,0,2,51,11.766,7.251,4.126,0.01,23.153,0
L2LM,0,2,52,12.655,6.84,1.244,0.012,20.752,0
L2LM,0,2,53,9.659,14.448,2.947,0.012,27.066,0
L2LM,0,2,54,7.707,14.309,1.182,0.01,23.208,0
L2LM,0,2,55,11.76,8.027,1.4,0.009,21.196,0
L2LM,0,2,56,8.702,6.823,6.802,0.01,22.338,0
L2LM,0,2,57,9.624,7.011,5.371,0.012,22.018,0
L2LM,0,2,58,8.758,11.397,4.619,0.011,24.786,0
L2LM,0,2,59,8.727,6.806,5.247,0.01,20.789,0
L2LM,0,2,60,7.732,14.826,8.017,0.013,30.589,0
L2LM,0,2,61,8.729,7.604,1.39,0.011,17.734,0
L2LM,0,2,62,8.735,6.678,3.154,0.01,18.578,0
L2LM,0,2,63,10.812,7.244,6.096,0.011,24.163,0
L2LM,0,2,64,7.642,14.741,2.598,0.011,24.992,0
L2LM,0,2,65,10.642,6.808,2.672,0.011,20.133,0
L2LM,0,2,66,7.807,14.417,4.763,0.01,26.997,0
L2LM,0,2,67,12.112,7.871,8.598,0.011,28.593,0
L2LM,0,2,68,8.844,8.919,3.748,0.011,21.521,0
L2LM,0,2,69,8.725,14.318,1.277,0.01,24.329,0
L2LM,0,2,70,10.013,14.536,9.494,0.011,34.054,1
L2LM,0,2,71,8.204,12.999,1.918,0.011,23.131,0
L2LM,0,2,72,15.349,11.592,2.678,0.01,29.63,0
L2LM,0,2,73,15.989,14.885,4.158,0.012,35.045,1
L2LM,0,2,74,13.997,10.85,1.633,0.011,26.491,0
L2LM,0,2,75,12.631,8.296,1.622,0.011,22.561,0
L2LM,0,2,76,11.951,6.926,4.568,0.01,23.456,0
L2LM,0,2,77,7.707,12.44,2.694,0.011,22.852,0
L2LM,0,2,78,10.714,10.569,7.576,0.011,28.869,0
L2LM,0,2,79,6.869,6.885,23.071,0.013,36.838,1
L2LM,0,2,80,12.463,14.084,1.395,0.011,27.953,0
L2LM,0,2,81,12.344,10.211,16.158,0.011,38.723,1
L2LM,0,2,82,10.686,12.168,7.362,0.017,30.233,0
L2LM,0,2,83,15.845,8.431,9.766,0.012,34.055,1
L2LM,0,2,84,17.623,14.693,7.483,0.013,39.812,1
L2LM,0,2,85,17.445,8.902,12.385,0.015,38.747,1
L2LM,0,2,86,22.44,10.61,1.615,0.018,34.682,1
L2LM,0,2,87,28.32,8.162,4.602,0.015,41.099,1
L2LM,0,2,88,29.176,16.906,20.718,0.012,66.811,1
L2LM,0,2,90,7.046,9.981,2.087,0.013,19.127,0
L2LM,0,2,91,14.039,15.016,8.775,0.015,37.845,1
L2LM,0,2,92,14.385,15.107,9.169,0.013,38.673,1
L2LM,0,2,93,11.903,10.596,10.411,0.015,32.925,0
L2LM,0,2,94,15.146,10.438,7.724,0.013,33.321,0
L2LM,0,2,95,14.926,9.314,11.966,0.015,36.221,1
L2LM,0,2,96,14.456,10.454,8.42,0.011,33.342,1
L2LM,0,2,97,11.929,10.038,4.901,0.01,26.879,0
L2LM,0,2,98,7.47,11.231,7.329,0.016,26.046,0
L2LM,0,2,99,10.834,10.365,7.516,0.012,28.728,0
L2LM,0,2,100,10.04,9.784,1.245,0.011,21.08,0
L2LM,0,2,101,12.297,6.714,7.977,0.012,27.0,0
L2LM,0,2,102,8.701,7.558,1.246,0.009,17.514,0
L2LM,0,2,103,9.504,6.973,6.169,0.011,22.657,0
L2LM,0,2,104,7.714,14.781,2.355,0.01,24.861,0
L2LM,0,2,105,15.014,7.947,3.693,0.013,26.667,0
L2LM,0,2,106,11.538,7.504,4.215,0.011,23.268,0
L2LM,0,2,107,11.608,6.981,4.994,0.01,23.593,0
L2LM,0,2,108,8.08,6.783,7.622,0.01,22.495,0
L2LM,0,2,109,8.507,6.853,5.889,0.011,21.26,0
L2LM,0,2,110,10.56,6.76,1.301,0.011,18.631,0
L2LM,0,2,111,9.092,6.708,1.288,0.01,17.097,0
L2LM,0,2,112,9.594,7.058,3.701,0.012,20.365,0
L2LM,0,2,113,9.26,7.463,1.538,0.01,18.27,0
L2LM,0,2,114,16.582,7.404,2.041,0.009,26.036,0
L2LM,0,2,115,13.097,10.282,16.277,0.012,39.667,1
L2LM,0,2,116,10.548,6.87,3.141,0.009,20.568,0
L2LM,0,2,117,10.519,6.773,1.39,0.01,18.693,0
L2LM,0,2,118,10.556,6.669,2.539,0.009,19.774,0
L2LM,0,2,119,8.438,8.89,3.111,0.01,20.448,0
L2LM,0,2,120,17.111,10.442,7.617,0.012,35.181,1
L2LM,0,2,121,13.148,10.982,5.156,0.011,29.298,0
L2LM,0,2,122,12.746,9.725,1.401,0.011,23.883,0
L2LM,0,2,123,13.595,6.674,6.549,0.014,26.832,0
L2LM,0,2,124,10.526,6.872,6.355,0.01,23.763,0
L2LM,0,2,125,11.161,7.135,4.6,0.012,22.907,0
L2LM,0,2,126,10.943,14.543,1.599,0.011,27.097,0
L2LM,0,2,127,8.321,10.699,4.868,0.011,23.899,0
L2LM,0,2,128,10.472,6.758,4.117,0.01,21.357,0
L2LM,0,2,129,8.543,6.951,9.372,0.013,24.879,0
L2LM,0,2,130,9.042,7.562,11.886,0.011,28.501,0
L2LM,0,2,131,9.337,7.729,6.286,0.01,23.361,0
L2LM,0,2,132,8.424,7.003,4.638,0.014,20.079,0
L2LM,0,2,133,8.638,6.795,1.484,0.011,16.928,0
L2LM,0,2,134,12.096,8.074,1.307,0.01,21.487,0
L2LM,0,2,135,12.623,6.918,1.186,0.01,20.737,0
L2LM,0,2,136,13.892,8.67,6.969,0.01,29.541,0
L2LM,0,2,137,9.863,8.605,8.234,0.012,26.713,0
L2LM,0,2,138,11.651,8.576,2.145,0.011,22.384,0
L2LM,0,2,139,19.18,11.064,5.939,0.012,36.195,1
L2LM,0,2,140,17.947,7.528,12.898,0.015,38.388,1
L2LM,0,2,141,9.612,7.615,10.298,0.014,27.539,0
L2LM,0,2,142,19.472,10.524,9.289,0.013,39.297,1
L2LM,0,2,143,10.173,12.676,1.304,0.011,24.165,0
L2LM,0,2,144,9.564,11.43,3.876,0.012,24.882,0
L2LM,0,2,145,13.105,9.549,6.473,0.012,29.139,0
L2LM,0,2,146,8.091,13.093,12.889,0.018,34.091,1
L2LM,0,2,147,9.878,12.086,12.4,0.012,34.376,1
L2LM,0,2,148,17.813,6.777,4.28,0.016,28.885,0
L2LM,0,2,149,23.712,10.348,8.197,0.017,42.275,1
L2LM,0,2,150,6.934,10.667,4.975,0.011,22.588,0
L2LM,0,2,151,9.656,6.888,10.164,0.012,26.72,0
L2LM,0,2,152,13.227,9.984,1.321,0.013,24.545,0
L2LM,0,2,153,11.151,12.794,4.571,0.013,28.529,0
L2LM,0,2,154,10.785,8.959,1.989,0.011,21.745,0
L2LM,0,2,155,16.008,10.113,3.016,0.011,29.148,0
L2LM,0,2,156,12.422,8.623,4.2,0.017,25.262,0
L2LM,0,2,157,12.9,6.906,1.109,0.011,20.926,0
L2LM,0,2,158,9.887,8.933,4.094,0.011,22.925,0
L2LM,0,2,159,7.198,13.885,8.52,0.011,29.615,0
L2LM,0,2,160,12.986,7.194,1.191,0.01,21.382,0
L2LM,0,2,161,7.547,12.499,4.717,0.011,24.775,0
L2LM,0,2,162,13.433,6.878,1.225,0.013,21.548,0
L2LM,0,2,163,8.454,8.685,1.07,0.01,18.219,0
L2LM,0,2,164,11.608,6.773,9.414,0.015,27.811,0
L2LM,0,2,165,5.548,10.879,1.087,0.01,17.524,0
L2LM,0,2,166,9.271,9.022,5.63,0.012,23.935,0
L2LM,0,2,167,10.056,10.895,4.702,0.012,25.665,0
L2LM,0,2,168,8.886,10.358,3.454,0.011,22.71,0
L2LM,0,2,169,11.105,7.637,8.053,0.012,26.808,0
L2LM,0,2,170,12.547,6.668,1.116,0.01,20.34,0
L2LM,0,2,171,9.294,11.598,1.232,0.011,22.134,0
L2LM,0,2,172,10.731,8.121,7.607,0.012,26.471,0
L2LM,0,2,173,9.951,10.72,4.461,0.012,25.144,0
L2LM,0,2,174,8.862,11.685,3.037,0.012,23.595,0
L2LM,0,2,175,7.69,11.076,1.236,0.01,20.013,0
L2LM,0,2,176,9.931,9.261,3.761,0.013,22.966,0
L2LM,0,2,177,12.448,7.231,9.478,0.025,29.182,0
L2LM,0,2,178,8.592,12.112,6.142,0.015,26.861,0
L2LM,0,2,179,16.123,7.919,5.278,0.012,29.332,0
L2LM,0,2,180,10.637,6.939,4.855,0.012,22.444,0
L2LM,0,2,181,8.609,7.04,1.235,0.012,16.896,0
L2LM,0,2,182,8.577,8.974,2.943,0.011,20.505,0
L2LM,0,2,183,13.203,14.153,8.502,0.013,35.871,1
L2LM,0,2,184,10.579,15.882,4.758,0.012,31.231,0
L2LM,0,2,185,8.646,8.687,1.499,0.013,18.845,0
L2LM,0,2,186,9.199,15.276,7.939,0.013,32.427,0
L2LM,0,2,187,12.806,6.765,2.395,0.013,21.979,0
L2LM,0,2,188,12.537,15.458,5.325,0.013,33.332,0
L2LM,0,2,189,12.687,6.773,3.053,0.012,22.525,0
L2LM,0,2,190,8.663,11.867,2.012,0.012,22.554,0
L2LM,0,2,191,11.913,6.972,11.241,0.014,30.14,0
L2LM,0,2,192,11.803,9.174,5.888,0.014,26.879,0
L2LM,0,2,193,17.066,11.219,5.787,0.014,34.086,1
L2LM,0,2,194,10.632,14.68,6.484,0.013,31.808,0
L2LM,0,2,195,11.624,10.846,1.241,0.013,23.723,0
L2LM,0,2,196,12.518,6.736,2.037,0.011,21.302,0
L2LM,0,2,197,12.663,7.146,2.951,0.013,22.773,0
L2LM,0,2,198,9.203,14.418,3.517,0.011,27.149,0
L2LM,0,2,199,11.465,8.042,13.807,0.015,33.328,0
L2LM,0,2,200,10.992,10.395,8.536,0.015,29.938,0
L2LM,0,2,201,11.575,6.735,3.289,0.012,21.611,0
L2LM,0,2,202,8.42,8.492,1.242,0.012,18.165,0
L2LM,0,2,203,8.928,10.368,4.111,0.012,23.42,0
L2LM,0,2,204,10.168,10.634,1.233,0.01,22.046,0
L2LM,0,2,205,13.606,7.039,3.878,0.013,24.537,0
L2LM,0,2,206,11.1,7.154,8.424,0.011,26.689,0
L2LM,0,2,207,8.794,6.986,4.993,0.011,20.784,0
L2LM,0,2,208,9.064,12.628,2.993,0.011,24.696,0
L2LM,0,2,209,12.922,6.763,1.429,0.012,21.125,0
L2LM,0,2,210,8.627,17.251,10.096,0.012,35.987,1
L2LM,0,2,211,13.691,7.386,4.462,0.012,25.551,0
L2LM,0,2,212,8.11,13.987,6.391,0.015,28.504,0
L2LM,0,2,213,7.563,12.138,7.713,0.014,27.428,0
L2LM,0,2,214,9.28,8.463,13.37,0.016,31.128,0
L2LM,0,2,215,11.783,10.316,15.46,0.013,37.572,1
L2LM,0,2,216,11.55,6.89,2.852,0.012,21.305,0
L2LM,0,2,217,11.746,8.949,11.419,0.013,32.127,0
L2LM,0,2,218,8.312,11.367,1.277,0.011,20.966,0
L2LM,0,2,219,11.142,7.226,1.283,0.011,19.661,0
L2LM,0,2,220,12.833,11.497,1.203,0.01,25.544,0
L2LM,0,2,221,8.511,10.719,7.313,0.015,26.557,0
L2LM,0,2,222,7.594,12.568,3.845,0.011,24.018,0
L2LM,0,2,223,9.886,12.264,1.253,0.011,23.414,0
L2LM,0,2,224,6.608,7.653,3.499,0.014,17.774,0
L2LM,0,2,225,16.016,10.615,3.131,3.946,33.708,1
L2LM,0,2,226,16.343,6.819,6.448,0.015,29.625,0
L2LM,0,2,227,9.616,8.868,2.675,0.012,21.171,0
L2LM,0,2,228,10.826,8.444,2.283,0.011,21.564,0
L2LM,0,2,229,11.645,6.747,2.652,0.011,21.053,0
L2LM,0,2,230,11.483,8.189,8.453,0.014,28.138,0
L2LM,0,2,231,8.596,8.98,1.143,0.011,18.73,0
L2LM,0,2,232,8.162,11.997,8.037,0.015,28.211,0
L2LM,0,2,233,12.586,6.843,1.181,0.011,20.62,0
L2LM,0,2,234,8.586,11.017,6.982,0.013,26.597,0
L2LM,0,2,235,12.281,7.099,1.81,0.014,21.204,0
L2LM,0,2,236,7.895,8.146,4.466,0.013,20.52,0
L2LM,0,2,237,6.39,7.874,7.36,0.012,21.636,0
L2LM,0,2,238,11.672,8.53,4.954,0.014,25.171,0
L2LM,0,2,239,8.553,10.657,2.43,0.011,21.652,0
L2LM,0,2,240,10.885,9.506,9.831,0.012,30.235,0
L2LM,0,2,241,10.727,6.784,7.586,0.014,25.112,0
L2LM,0,2,242,9.623,14.843,2.959,0.011,27.436,0
L2LM,0,2,243,7.418,10.602,1.073,0.011,19.104,0
L2LM,0,2,244,7.053,8.957,1.678,0.015,17.704,0
L2LM,0,2,245,12.487,6.694,4.521,0.011,23.712,0
L2LM,0,2,246,8.618,14.199,2.506,0.011,25.334,0
L2LM,0,2,247,10.996,9.109,4.654,0.012,24.771,0
L2LM,0,2,248,8.685,12.631,7.957,0.021,29.293,0
L2LM,0,2,249,13.932,7.781,3.556,0.015,25.283,0
L2LM,0,2,250,12.277,6.732,4.629,0.014,23.653,0
L2LM,0,2,251,7.98,11.596,5.309,0.016,24.901,0
L2LM,0,2,252,9.188,15.824,4.814,0.016,29.842,0
L2LM,0,2,253,8.737,6.75,3.407,0.013,18.908,0
L2LM,0,2,254,10.728,8.051,3.334,0.015,22.128,0
L2LM,0,2,255,10.934,10.565,3.372,0.014,24.885,0
L2LM,0,2,256,7.655,16.274,7.686,0.016,31.632,0
L2LM,0,2,257,10.7,6.726,7.981,0.016,25.423,0
L2LM,0,2,258,7.229,14.741,5.056,0.012,27.038,0
L2LM,0,2,259,11.727,6.708,1.485,0.012,19.932,0
L2LM,0,2,260,9.71,11.393,1.937,0.025,23.065,0
L2LM,0,2,261,14.282,8.566,7.006,0.016,29.871,0
L2LM,0,2,262,9.758,13.727,6.835,0.014,30.333,0
L2LM,0,2,263,9.0,13.149,11.556,0.014,33.72,1
L2LM,0,2,264,20.844,7.552,5.155,0.012,33.563,1
L2LM,0,2,265,8.64,9.174,4.979,0.012,22.806,0
L2LM,0,2,266,11.741,11.636,5.105,0.013,28.495,0
L2LM,0,2,267,12.677,6.778,3.251,0.012,22.718,0
L2LM,0,2,268,10.841,14.957,5.344,0.013,31.154,0
L2LM,0,2,269,9.679,11.034,4.414,0.014,25.14,0
L2LM,0,2,270,11.741,10.674,10.618,0.015,33.048,0
L2LM,0,2,271,12.95,6.995,2.918,0.013,22.876,0
L2LM,0,2,272,12.339,8.472,7.627,0.013,28.45,0
L2LM,0,2,273,8.697,10.597,4.423,0.014,23.731,0
L2LM,0,2,274,14.04,6.725,1.76,0.011,22.536,0
L2LM,0,2,275,13.242,7.345,12.359,0.02,32.967,0
L2LM,0,2,276,8.479,13.819,3.176,0.014,25.487,0
L2LM,0,2,277,12.83,12.993,9.682,0.013,35.519,1
L2LM,0,2,278,9.164,7.756,4.891,0.016,21.827,0
L2LM,0,2,279,10.697,10.054,2.379,0.014,23.144,0
L2LM,0,2,280,15.294,6.829,4.402,0.014,26.54,0
L2LM,0,2,281,9.802,14.278,3.658,0.017,27.755,0
L2LM,0,2,282,10.693,12.302,4.487,0.014,27.496,0
L2LM,0,2,283,8.647,11.595,5.952,0.012,26.207,0
L2LM,0,2,284,12.68,7.977,4.194,0.23,25.081,0
L2LM,0,2,285,12.155,6.705,4.602,0.012,23.474,0
L2LM,0,2,286,10.051,8.947,7.797,0.013,26.809,0
L2LM,0,2,287,8.668,7.509,5.586,0.013,21.776,0
L2LM,0,2,288,14.266,10.364,7.201,0.014,31.845,0
L2LM,0,2,289,12.039,7.455,2.354,0.014,21.861,0
L2LM,0,2,290,10.741,8.626,15.08,2.794,37.241,1
L2LM,0,2,291,23.479,7.033,15.814,0.015,46.341,1
L2LM,0,2,292,28.722,6.888,5.041,0.014,40.665,1
L2LM,0,2,293,26.714,8.299,13.731,0.015,48.759,1
L2LM,0,2,295,25.55,12.553,12.05,0.015,50.168,1
L2LM,0,2,296,19.269,8.11,1.659,0.136,29.174,0
L2LM,0,2,297,23.862,8.554,18.411,0.015,50.842,1
L2LM,0,2,299,17.872,8.475,25.321,0.021,51.69,1
L2LM,0,2,300,7.147,11.784,2.418,0.014,21.364,0
L2LM,0,2,301,25.7,10.588,8.69,0.014,44.992,1
L2LM,0,2,302,25.938,8.726,11.829,0.03,46.524,1
L2LM,0,2,304,17.929,8.834,5.789,0.013,32.566,0
L2LM,0,2,305,22.216,9.466,12.815,0.104,44.601,1
L2LM,0,2,306,25.921,11.847,1.953,0.015,39.737,1
L2LM,0,2,307,22.884,10.405,6.866,0.015,40.171,1
L2LM,0,2,308,18.834,7.389,3.196,0.013,29.431,0
L2LM,0,2,309,17.324,7.057,1.989,0.083,26.453,0
L2LM,0,2,310,12.636,8.034,4.967,0.013,25.649,0
L2LM,0,2,311,12.494,6.84,4.577,0.014,23.924,0
L2LM,0,2,312,13.508,8.544,5.199,0.013,27.263,0
L2LM,0,2,313,10.58,10.814,3.544,0.013,24.951,0
L2LM,0,2,314,10.698,7.094,3.729,0.012,21.534,0
L2LM,0,2,315,12.54,8.999,4.228,0.015,25.783,0
L2LM,0,2,316,9.927,7.021,1.439,0.014,18.4,0
L2LM,0,2,317,26.216,7.078,5.406,0.015,38.714,1
L2LM,0,2,318,20.529,11.704,12.118,0.02,44.37,1
L2LM,0,2,319,35.077,10.288,11.913,0.025,57.303,1
L2LM,0,2,321,23.815,8.893,4.038,0.018,36.764,1
L2LM,0,2,322,24.024,9.256,7.858,0.026,41.164,1
L2LM,0,2,323,20.421,9.953,8.211,0.02,38.606,1
L2LM,0,2,324,16.486,14.404,7.561,0.021,38.472,1
L2LM,0,2,325,15.672,11.54,8.584,0.019,35.815,1
L2LM,0,2,326,14.648,9.615,5.674,0.015,29.951,0
L2LM,0,2,327,9.577,22.489,2.182,0.012,34.259,1
L2LM,0,2,328,10.495,10.047,9.422,0.019,29.984,0
L2LM,0,2,329,10.061,8.014,9.908,0.015,27.999,0
L2LM,0,2,330,10.718,8.396,3.426,0.013,22.552,0
L2LM,0,2,331,10.69,10.73,4.419,0.014,25.853,0
L2LM,0,2,332,9.794,11.789,8.559,0.014,30.156,0
L2LM,0,2,333,8.998,9.804,2.044,0.014,20.86,0
L2LM,0,2,334,15.583,6.759,8.481,0.011,30.833,0
L2LM,0,2,335,11.412,6.982,1.944,0.01,20.348,0
L2LM,0,2,336,12.478,7.296,7.407,0.016,27.196,0
L2LM,0,2,337,8.352,11.597,13.047,0.012,33.008,0
L2LM,0,2,338,11.663,7.845,10.8,0.013,30.322,0
L2LM,0,2,339,9.62,9.534,2.726,0.011,21.891,0
L2LM,0,2,340,11.356,8.388,2.078,0.011,21.833,0
L2LM,0,2,341,11.928,11.725,7.941,0.011,31.606,0
L2LM,0,2,342,8.032,12.163,6.571,0.013,26.779,0
L2LM,0,2,343,8.684,7.266,17.728,0.013,33.692,1
L2LM,0,2,344,6.016,21.668,2.776,0.011,30.47,0
L2LM,0,2,345,11.114,9.06,2.612,0.012,22.798,0
L2LM,0,2,346,13.407,12.953,3.44,0.012,29.813,0
L2LM,0,2,347,10.027,9.189,13.685,0.013,32.915,0
L2LM,0,2,348,11.353,11.232,1.219,0.011,23.815,0
L2LM,0,2,349,12.375,9.379,7.973,0.013,29.74,0
L2LM,0,2,350,14.288,13.533,2.875,0.011,30.707,0
L2LM,0,2,351,25.223,7.017,6.687,0.014,38.94,1
L2LM,0,2,352,8.483,10.764,4.899,0.011,24.157,0
L2LM,0,2,353,7.97,11.161,11.366,0.013,30.51,0
L2LM,0,2,354,9.489,7.72,19.665,0.014,36.889,1
L2LM,0,2,355,6.389,7.093,8.956,0.013,22.451,0
L2LM,0,2,356,13.484,13.776,6.716,0.012,33.988,1
L2LM,0,2,357,7.361,15.837,5.158,0.012,28.367,0
L2LM,0,2,358,8.458,10.342,4.857,0.011,23.668,0
L2LM,0,2,359,11.888,6.75,4.897,0.011,23.546,0
L2LM,0,2,360,8.547,10.999,8.141,0.013,27.7,0
L2LM,0,2,361,8.329,7.843,4.393,0.011,20.576,0
L2LM,0,2,362,8.333,6.864,2.08,0.012,17.289,0
L2LM,0,2,363,9.421,10.467,4.725,0.011,24.624,0
L2LM,0,2,364,8.377,6.998,1.166,0.012,16.552,0
L2LM,0,2,365,11.631,7.073,1.363,0.011,20.079,0
L2LM,0,2,366,11.439,6.682,2.549,0.011,20.681,0
L2LM,0,2,367,8.324,11.54,2.482,0.01,22.356,0
L2LM,0,2,368,10.363,8.578,4.355,0.014,23.31,0
L2LM,0,2,369,10.423,7.208,1.603,0.011,19.244,0
L2LM,0,2,370,11.555,6.8,12.087,0.013,30.455,0
L2LM,0,2,371,8.437,8.571,4.591,0.012,21.61,0
L2LM,0,2,372,8.377,10.927,4.781,0.012,24.097,0
L2LM,0,2,373,8.576,12.139,1.531,0.012,22.258,0
L2LM,0,2,374,11.459,6.978,9.472,0.015,27.924,0
L2LM,0,2,375,8.748,13.095,12.358,0.015,34.216,1
L2LM,0,2,376,13.204,10.619,3.26,0.012,27.096,0
L2LM,0,2,377,10.503,7.095,6.94,0.012,24.55,0
L2LM,0,2,378,8.511,7.164,1.342,0.011,17.027,0
L2LM,0,2,379,16.333,7.93,4.543,0.01,28.816,0
L2LM,0,2,380,9.61,7.287,4.576,0.011,21.485,0
L2LM,0,2,381,11.902,6.803,2.727,0.013,21.445,0
L2LM,0,2,382,12.571,6.913,2.67,0.011,22.165,0
L2LM,0,2,383,11.342,8.112,5.772,0.014,25.239,0
L2LM,0,2,384,11.533,6.708,4.94,0.015,23.196,0
L2LM,0,2,385,8.543,6.683,7.233,0.01,22.47,0
L2LM,0,2,386,7.447,15.997,2.512,0.01,25.966,0
L2LM,0,2,387,7.358,7.265,2.417,0.013,17.053,0
L2LM,0,2,388,8.472,6.701,1.37,0.01,16.553,0
L2LM,0,2,389,15.884,6.654,6.788,0.011,29.338,0
L2LM,0,2,390,9.079,6.992,1.671,0.01,17.752,0
L2LM,0,2,391,13.59,9.7,7.313,0.011,30.614,0
L2LM,0,2,392,8.549,6.713,1.947,0.013,17.221,0
L2LM,0,2,393,8.441,14.339,5.233,0.011,28.024,0
L2LM,0,2,394,11.688,11.806,6.958,0.012,30.463,0
L2LM,0,2,395,10.434,7.006,4.867,0.012,22.318,0
L2LM,0,2,396,8.302,6.809,6.612,0.012,21.735,0
L2LM,0,2,397,12.716,7.605,3.183,0.013,23.518,0
L2LM,0,2,398,16.117,11.306,1.758,0.014,29.195,0
L2LM,0,2,399,15.144,8.294,5.645,0.013,29.096,0
L2LM,0,2,400,19.206,6.94,1.646,0.014,27.805,0
L2LM,0,2,401,16.175,11.307,4.716,0.014,32.211,0
L2LM,0,2,402,16.022,9.172,1.366,0.012,26.573,0
L2LM,0,2,403,8.58,9.99,9.307,0.012,27.889,0
L2LM,0,2,404,14.069,7.06,1.834,0.012,22.975,0
L2LM,0,2,405,9.118,7.546,2.508,0.011,19.182,0
L2LM,0,2,406,10.942,16.51,12.73,0.016,40.198,1
L2LM,0,2,407,6.591,11.638,2.481,0.012,20.721,0
L2LM,0,2,408,8.424,15.126,8.862,0.012,32.425,0
L2LM,0,2,409,11.407,15.916,25.15,0.013,52.485,1
L2LM,0,2,410,7.165,13.41,8.736,0.011,29.322,0
L2LM,0,2,411,7.482,17.896,3.392,0.014,28.784,0
L2LM,0,2,412,16.407,7.466,4.756,0.014,28.644,0
L2LM,0,2,413,15.596,8.929,11.914,0.014,36.453,1
L2LM,0,2,414,15.435,9.641,2.402,0.014,27.492,0
L2LM,0,2,415,17.157,6.875,4.449,3.067,31.548,0
L2LM,0,2,416,16.256,6.802,5.779,0.014,28.852,0
L2LM,0,2,417,16.881,6.916,4.921,0.014,28.733,0
L2LM,0,2,418,15.788,6.777,9.926,0.013,32.505,0
L2LM,0,2,419,15.324,6.821,5.118,0.014,27.278,0
L2LM,0,2,420,16.403,6.846,5.209,0.013,28.471,0
L2LM,0,2,421,16.372,7.87,5.254,0.015,29.51,0
L2LM,0,2,422,15.209,11.157,5.518,0.013,31.896,0
L2LM,0,2,423,15.463,6.8,12.561,0.017,34.841,1
L2LM,0,2,424,15.237,6.822,9.425,0.015,31.498,0
L2LM,0,2,425,15.245,6.824,2.467,0.013,24.55,0
L2LM,0,2,426,16.216,10.592,4.296,0.013,31.118,0
L2LM,0,2,427,16.554,6.825,4.44,0.014,27.834,0
L2LM,0,2,428,17.191,6.922,8.519,0.015,32.647,0
L2LM,0,2,429,15.284,6.784,5.494,0.016,27.578,0
L2LM,0,2,430,19.498,12.79,3.257,0.013,35.558,1
L2LM,0,2,431,20.137,10.917,1.581,0.014,32.649,0
L2LM,0,2,432,14.691,8.736,5.251,0.014,28.692,0
L2LM,0,2,433,12.596,9.99,5.252,0.013,27.851,0
L2LM,0,2,434,18.769,7.79,3.205,0.014,29.778,0
L2LM,0,2,435,8.017,8.063,6.763,0.012,22.855,0
L2LM,0,2,436,26.273,6.882,15.483,0.015,48.652,1
L2LM,0,2,437,13.406,12.047,8.704,0.015,34.172,1
L2LM,0,2,438,12.278,7.853,5.134,0.015,25.28,0
L2LM,0,2,439,18.689,9.809,5.956,0.017,34.472,1
L2LM,0,2,440,18.452,8.878,5.107,0.014,32.451,0
L2LM,0,2,441,15.258,7.103,4.049,0.015,26.426,0
L2LM,0,2,442,15.852,16.542,2.823,0.014,35.231,1
L2LM,0,2,443,14.281,8.881,8.062,0.015,31.239,0
L2LM,0,2,444,13.172,11.777,8.43,0.015,33.393,1
L2LM,0,2,445,21.629,9.467,3.516,0.013,34.625,1
L2LM,0,2,446,16.218,13.605,5.011,0.013,34.847,1
L2LM,0,2,447,16.235,7.101,3.5,0.014,26.849,0
L2LM,0,2,448,17.13,7.308,7.239,0.015,31.691,0
L2LM,0,2,449,18.374,7.05,1.47,0.014,26.908,0
L2LM,0,2,450,18.756,12.285,5.16,0.014,36.215,1
L2LM,0,2,451,17.176,8.21,4.675,0.014,30.074,0
L2LM,0,2,452,16.59,12.504,1.613,0.013,30.72,0
L2LM,0,2,453,18.129,6.964,4.319,0.013,29.426,0
L2LM,0,2,454,16.756,7.043,2.243,0.014,26.056,0
L2LM,0,2,455,18.82,9.507,6.469,0.015,34.81,1
L2LM,0,2,456,16.252,7.277,1.599,0.013,25.14,0
L2LM,0,2,457,19.021,7.139,10.462,0.014,36.635,1
L2LM,0,2,458,14.156,11.939,6.634,0.014,32.743,0
L2LM,0,2,459,13.189,12.117,3.163,0.014,28.482,0
L2LM,0,2,460,17.42,6.801,2.399,0.013,26.633,0
L2LM,0,2,461,18.046,10.536,5.738,0.015,34.336,1
L2LM,0,2,462,15.209,7.059,4.513,0.013,26.794,0
L2LM,0,2,463,15.189,6.842,1.452,0.013,23.495,0
L2LM,0,2,464,15.116,11.104,4.755,0.014,30.988,0
L2LM,0,2,465,15.871,7.309,12.802,0.016,35.999,1
L2LM,0,2,466,12.53,9.878,3.715,0.019,26.142,0
L2LM,0,2,467,17.187,16.046,4.782,0.013,38.029,1
L2LM,0,2,468,14.922,16.256,4.882,0.013,36.072,1
L2LM,0,2,469,15.583,10.236,6.018,0.015,31.852,0
L2LM,0,2,470,15.496,7.356,8.116,0.015,30.983,0
L2LM,0,2,471,15.224,6.868,9.813,0.017,31.922,0
L2LM,0,2,472,18.441,7.482,11.164,0.024,37.111,1
L2LM,0,2,473,20.809,6.97,12.125,0.013,39.917,1
L2LM,0,2,474,8.368,7.695,8.768,0.013,24.844,0
L2LM,0,3,31,9.793,9.317,11.923,0.013,31.046,0
L2LM,0,3,32,9.897,12.103,4.673,0.01,26.684,0
L2LM,0,3,33,13.715,10.22,1.814,0.01,25.759,0
L2LM,0,3,34,13.688,7.824,7.845,0.012,29.368,0
L2LM,0,3,35,6.077,10.431,2.147,0.012,18.666,0
L2LM,0,3,36,11.58,7.857,2.963,0.034,22.434,0
L2LM,0,3,37,7.375,10.891,11.867,0.012,30.145,0
L2LM,0,3,38,11.778,15.032,6.709,0.013,33.532,1
L2LM,0,3,39,15.24,12.122,1.352,0.01,28.725,0
L2LM,0,3,40,8.807,8.729,2.616,0.01,20.162,0
L2LM,0,3,41,10.666,7.009,7.307,0.704,25.686,0
L2LM,0,3,42,20.374,7.76,2.194,0.012,30.34,0
L2LM,0,3,43,16.522,9.04,5.308,0.011,30.882,0
L2LM,0,3,44,10.458,7.11,4.353,0.015,21.937,0
L2LM,0,3,45,7.354,9.109,3.913,0.01,20.386,0
L2LM,0,3,46,9.474,10.884,10.472,0.606,31.436,0
L2LM,0,3,47,17.701,7.419,2.799,0.011,27.929,0
L2LM,0,3,48,11.555,7.993,4.826,0.013,24.387,0
L2LM,0,3,49,11.307,7.21,2.673,0.01,21.2,0
L2LM,0,3,50,12.749,6.878,5.039,0.011,24.677,0
L2LM,0,3,51,10.106,9.816,2.495,0.012,22.429,0
L2LM,0,3,52,9.326,6.775,4.567,0.012,20.68,0
L2LM,0,3,53,8.892,6.883,7.295,0.012,23.082,0
L2LM,0,3,54,9.847,7.042,4.791,0.011,21.691,0
L2LM,0,3,55,11.279,6.93,7.847,0.013,26.068,0
L2LM,0,3,56,10.325,6.879,1.303,0.011,18.517,0
L2LM,0,3,57,9.384,7.127,4.684,0.011,21.206,0
L2LM,0,3,58,8.524,6.632,1.274,0.01,16.44,0
L2LM,0,3,59,8.147,6.972,1.578,0.011,16.708,0
L2LM,0,3,60,11.49,7.532,4.74,0.01,23.773,0
L2LM,0,3,61,12.196,6.855,1.278,0.01,20.338,0
L2LM,0,3,62,10.878,6.916,2.087,0.014,19.895,0
L2LM,0,3,63,9.295,6.907,4.992,0.012,21.206,0
L2LM,0,3,64,8.387,6.886,8.457,0.012,23.742,0
L2LM,0,3,65,8.43,7.286,1.272,0.012,16.999,0
L2LM,0,3,66,13.613,7.832,2.559,0.012,24.015,0
L2LM,0,3,67,11.326,6.89,5.412,0.012,23.64,0
L2LM,0,3,68,5.709,9.783,6.217,0.012,21.721,0
L2LM,0,3,69,12.206,6.775,2.459,0.011,21.451,0
L2LM,0,3,70,24.763,6.746,4.956,0.013,36.478,1
L2LM,0,3,71,18.436,6.772,6.843,0.014,32.064,0
L2LM,0,3,72,18.173,7.237,10.373,0.014,35.797,1
L2LM,0,3,73,6.288,8.001,5.925,0.011,20.224,0
L2LM,0,3,74,5.931,10.601,2.539,0.01,19.082,0
L2LM,0,3,75,11.899,7.926,7.851,0.011,27.687,0
L2LM,0,3,76,9.033,8.814,4.375,0.01,22.233,0
L2LM,0,3,77,9.832,10.57,1.017,0.01,21.428,0
L2LM,0,3,78,8.352,11.591,1.242,0.013,21.198,0
L2LM,0,3,79,9.384,8.442,5.179,0.012,23.017,0
L2LM,0,3,80,13.37,11.999,6.935,0.016,32.32,0
L2LM,0,3,81,15.473,6.868,24.984,0.022,47.348,1
L2LM,0,3,82,17.691,8.454,11.675,0.015,37.834,1
L2LM,0,3,83,18.022,8.211,14.216,0.011,40.46,1
L2LM,0,3,84,24.481,8.117,4.75,0.011,37.359,1
L2LM,0,3,85,8.542,8.991,12.714,0.012,30.26,0
L2LM,0,3,86,10.43,10.511,1.402,0.011,22.354,0
L2LM,0,3,87,20.576,7.748,6.729,0.012,35.065,1
L2LM,0,3,88,9.363,11.115,13.287,0.012,33.776,1
L2LM,0,3,89,15.477,15.189,15.069,0.013,45.747,1
L2LM,0,3,90,11.403,10.177,6.597,0.013,28.19,0
L2LM,0,3,91,10.421,9.562,12.441,0.013,32.438,0
L2LM,0,3,92,11.114,6.733,1.226,0.011,19.084,0
L2LM,0,3,93,7.516,7.007,4.713,0.011,19.247,0
L2LM,0,3,94,8.375,6.793,4.268,0.012,19.447,0
L2LM,0,3,95,10.431,8.617,4.057,0.01,23.115,0
L2LM,0,3,96,8.539,9.42,0.957,0.01,18.926,0
L2LM,0,3,97,7.414,9.415,0.953,0.01,17.791,0
L2LM,0,3,98,8.763,11.558,14.403,0.012,34.735,1
L2LM,0,3,99,9.395,7.341,4.351,0.011,21.097,0
L2LM,0,3,100,8.636,6.919,11.356,0.013,26.923,0
L2LM,0,3,101,10.604,7.128,0.887,0.017,18.637,0
L2LM,0,3,102,16.752,6.76,6.093,0.011,29.616,0
L2LM,0,3,103,8.355,7.523,1.086,0.01,16.972,0
L2LM,0,3,104,12.409,6.653,1.965,0.01,21.037,0
L2LM,0,3,105,11.416,6.679,5.496,0.009,23.6,0
L2LM,0,3,106,8.431,7.33,4.533,0.012,20.306,0
L2LM,0,3,107,8.383,7.116,1.172,0.01,16.68,0
L2LM,0,3,108,14.063,7.068,1.112,0.012,22.254,0
L2LM,0,3,109,18.202,7.839,5.256,0.013,31.311,0
L2LM,0,3,110,9.799,7.387,1.268,0.012,18.467,0
L2LM,0,3,111,10.171,6.654,3.528,0.011,20.364,0
L2LM,0,3,112,12.618,6.916,6.145,0.012,25.691,0
L2LM,0,3,113,10.576,6.873,1.1,0.01,18.559,0
L2LM,0,3,114,8.316,6.65,3.369,0.011,18.346,0
L2LM,0,3,115,10.293,8.831,4.271,0.012,23.407,0
L2LM,0,3,116,9.329,7.02,2.151,0.011,18.51,0
L2LM,0,3,117,10.355,8.152,1.33,0.013,19.849,0
L2LM,0,3,118,17.052,7.223,12.877,0.712,37.864,1
L2LM,0,3,119,30.61,9.109,1.117,0.011,40.848,1
L2LM,0,3,120,13.317,14.656,7.992,0.014,35.979,1
L2LM,0,3,121,9.462,10.359,5.92,0.013,25.755,0
L2LM,0,3,122,22.396,13.994,5.282,0.011,41.683,1
L2LM,0,3,123,8.369,9.979,6.509,0.011,24.868,0
L2LM,0,3,124,13.378,6.767,1.156,0.01,21.311,0
L2LM,0,3,125,14.197,6.66,9.579,0.011,30.446,0
L2LM,0,3,126,9.284,9.451,4.579,0.015,23.329,0
L2LM,0,3,127,11.914,9.574,2.407,0.015,23.909,0
L2LM,0,3,128,16.945,10.529,4.485,0.014,31.973,0
L2LM,0,3,129,16.19,6.856,5.251,0.013,28.311,0
L2LM,0,3,130,15.785,7.734,4.672,0.015,28.205,0
L2LM,0,3,131,14.861,10.965,11.959,0.013,37.798,1
L2LM,0,3,132,10.628,16.316,1.101,0.01,28.055,0
L2LM,0,3,133,12.195,14.679,7.49,0.012,34.376,1
L2LM,0,3,134,13.459,15.019,6.805,0.017,35.3,1
L2LM,0,3,135,12.758,7.546,6.065,0.012,26.381,0
L2LM,0,3,136,13.957,10.448,4.404,0.011,28.821,0
L2LM,0,3,137,12.372,9.28,9.536,0.012,31.2,0
L2LM,0,3,138,18.561,13.408,12.363,0.016,44.349,1
L2LM,0,3,139,19.26,8.27,10.223,0.014,37.767,1
L2LM,0,3,140,7.917,9.618,6.269,0.011,23.816,0
L2LM,0,3,141,8.553,9.123,1.24,0.01,18.926,0
L2LM,0,3,142,11.59,13.855,1.169,0.011,26.626,0
L2LM,0,3,143,10.965,13.111,1.164,0.011,25.25,0
L2LM,0,3,144,15.885,8.752,4.844,0.013,29.495,0
L2LM,0,3,145,10.948,9.261,4.661,0.011,24.881,0
L2LM,0,3,146,10.559,6.834,7.683,0.761,25.838,0
L2LM,0,3,147,28.277,6.754,5.253,0.012,40.296,1
L2LM,0,3,148,24.992,8.616,1.137,0.01,34.755,1
L2LM,0,3,149,13.035,10.106,5.789,0.012,28.943,0
L2LM,0,3,150,10.296,6.885,1.544,0.014,18.739,0
L2LM,0,3,151,13.666,6.805,2.806,0.011,23.288,0
L2LM,0,3,152,11.387,6.69,13.566,0.011,31.654,0
L2LM,0,3,153,8.476,9.612,1.473,0.01,19.572,0
L2LM,0,3,154,11.203,9.559,4.369,0.011,25.142,0
L2LM,0,3,155,10.256,8.306,1.323,0.01,19.895,0
L2LM,0,3,156,9.209,7.008,1.208,0.009,17.434,0
L2LM,0,3,157,9.394,6.904,2.335,0.011,18.643,0
L2LM,0,3,158,8.473,6.7,4.563,0.011,19.746,0
L2LM,0,3,159,8.434,6.806,1.41,0.011,16.66,0
L2LM,0,3,160,9.526,6.682,8.863,0.011,25.081,0
L2LM,0,3,161,8.462,6.694,1.236,0.01,16.402,0
L2LM,0,3,162,7.135,13.877,1.54,0.01,22.563,0
L2LM,0,3,163,8.521,7.145,1.238,0.01,16.914,0
L2LM,0,3,164,8.538,6.772,1.318,0.01,16.639,0
L2LM,0,3,165,9.024,10.752,1.358,0.01,21.145,0
L2LM,0,3,166,10.595,7.43,3.125,0.011,21.161,0
L2LM,0,3,167,13.276,8.951,8.66,0.011,30.898,0
L2LM,0,3,168,10.333,7.217,4.503,0.014,22.067,0
L2LM,0,3,169,8.83,10.537,1.343,0.011,20.721,0
L2LM,0,3,170,8.139,12.493,1.263,0.01,21.905,0
L2LM,0,3,171,8.399,10.321,1.359,0.012,20.09,0
L2LM,0,3,172,9.794,6.934,1.42,0.013,18.16,0
L2LM,0,3,173,18.842,7.138,1.622,0.013,27.615,0
L2LM,0,3,174,16.481,8.342,7.561,0.018,32.401,0
L2LM,0,3,175,18.206,6.964,7.792,0.015,32.977,0
L2LM,0,3,176,16.933,8.451,7.143,0.014,32.541,0
L2LM,0,3,177,16.505,7.44,6.284,0.014,30.243,0
L2LM,0,3,178,13.573,10.507,7.316,0.016,31.412,0
L2LM,0,3,179,16.172,6.918,17.1,0.017,40.207,1
L2LM,0,3,180,19.252,7.726,8.325,0.03,35.332,1
L2LM,0,3,181,14.756,14.111,5.025,0.019,33.91,1
L2LM,0,3,182,15.849,15.83,1.627,0.014,33.32,0
L2LM,0,3,183,16.261,10.742,7.282,0.02,34.305,1
L2LM,0,3,184,14.129,15.37,8.591,0.016,38.106,1
L2LM,0,3,185,11.905,10.403,1.563,0.014,23.886,0
L2LM,0,3,186,15.592,12.459,3.127,0.016,31.194,0
L2LM,0,3,187,13.872,14.698,10.533,0.023,39.126,1
L2LM,0,3,188,19.145,7.262,5.384,0.018,31.809,0
L2LM,0,3,189,18.773,7.604,7.901,0.016,34.295,1
L2LM,0,3,190,16.852,12.607,14.251,0.018,43.728,1
L2LM,0,3,191,16.699,9.705,1.843,0.015,28.263,0
L2LM,0,3,192,17.957,9.073,7.434,0.015,34.479,1
L2LM,0,3,193,17.045,7.278,6.492,0.016,30.832,0
L2LM,0,3,194,17.071,7.505,1.829,0.016,26.42,0
L2LM,0,3,195,21.121,8.015,15.243,0.017,44.396,1
L2LM,0,3,196,15.944,10.186,6.906,0.017,33.052,0
L2LM,0,3,197,14.917,7.449,7.412,0.016,29.793,0
L2LM,0,3,198,17.236,7.197,5.171,0.018,29.622,0
L2LM,0,3,199,15.483,11.909,2.886,0.014,30.293,0
L2LM,0,3,200,15.27,11.79,4.823,0.015,31.898,0
L2LM,0,3,201,16.184,8.314,7.515,0.017,32.03,0
L2LM,0,3,202,17.116,7.482,13.766,0.016,38.381,1
L2LM,0,3,203,17.868,7.913,15.65,0.056,41.489,1
L2LM,0,3,204,13.641,9.463,1.803,0.017,24.923,0
L2LM,0,3,205,17.647,8.069,6.019,0.015,31.751,0
L2LM,0,3,206,16.759,7.062,5.477,0.017,29.315,0
L2LM,0,3,207,18.354,9.407,4.637,0.015,32.412,0
L2LM,0,3,208,16.416,10.343,2.476,0.015,29.25,0
L2LM,0,3,209,16.084,10.718,1.471,0.014,28.287,0
L2LM,0,3,210,17.399,7.03,3.1,0.013,27.542,0
L2LM,0,3,211,16.693,7.238,2.508,0.014,26.453,0
L2LM,0,3,212,16.842,6.932,6.867,0.018,30.659,0
L2LM,0,3,213,19.363,6.936,2.357,0.014,28.67,0
L2LM,0,3,214,17.27,11.038,3.718,0.014,32.04,0
L2LM,0,3,215,17.251,7.972,1.911,0.013,27.147,0
L2LM,0,3,216,7.714,8.515,1.901,0.011,18.141,0
L2LM,0,3,217,15.479,19.493,10.599,0.013,45.583,1
L2LM,0,3,218,14.336,16.181,8.444,0.013,38.974,1
L2LM,0,3,219,11.197,10.373,12.578,0.013,34.16,1
L2LM,0,3,220,13.176,8.147,8.846,0.013,30.181,0
L2LM,0,3,221,8.433,7.958,5.012,0.012,21.416,0
L2LM,0,3,222,8.475,7.202,4.718,0.011,20.406,0
L2LM,0,3,223,12.09,6.812,1.659,0.011,20.572,0
L2LM,0,3,224,12.258,6.874,2.979,0.01,22.121,0
L2LM,0,3,225,8.566,9.889,5.855,0.011,24.32,0
L2LM,0,3,226,11.094,6.699,7.609,0.011,25.413,0
L2LM,0,3,227,11.56,8.016,1.546,0.013,21.136,0
L2LM,0,3,228,15.541,10.151,3.625,0.018,29.335,0
L2LM,0,3,229,16.311,7.382,9.007,0.016,32.717,0
L2LM,0,3,230,16.373,6.986,3.629,0.013,27.001,0
L2LM,0,3,231,18.155,6.887,1.508,0.014,26.565,0
L2LM,0,3,232,16.12,11.561,2.77,0.014,30.464,0
L2LM,0,3,233,15.952,8.627,4.842,0.014,29.435,0
L2LM,0,3,234,18.946,7.083,11.518,0.016,37.561,1
L2LM,0,3,235,14.374,11.37,2.05,0.013,27.807,0
L2LM,0,3,236,17.292,15.964,13.78,0.019,47.055,1
L2LM,0,3,237,16.95,6.976,10.397,0.02,34.343,1
L2LM,0,3,238,16.135,7.108,5.847,0.017,29.107,0
L2LM,0,3,239,15.825,8.644,29.822,0.017,54.308,1
L2LM,0,3,240,15.267,9.389,5.152,0.017,29.825,0
L2LM,0,3,241,15.966,7.408,5.456,0.019,28.85,0
L2LM,0,3,242,17.293,6.9,18.071,0.017,42.281,1
L2LM,0,3,243,19.161,6.879,3.229,0.017,29.286,0
L2LM,0,3,244,16.029,10.92,5.641,0.017,32.607,0
L2LM,0,3,245,19.562,7.662,1.876,0.019,29.119,0
L2LM,0,3,246,17.972,12.133,7.375,0.018,37.498,1
L2LM,0,3,247,17.177,11.675,6.801,0.028,35.68,1
L2LM,0,3,248,16.391,7.73,3.597,0.018,27.735,0
L2LM,0,3,249,15.051,9.938,3.722,0.015,28.726,0
L2LM,0,3,250,14.66,10.58,3.708,0.014,28.962,0
L2LM,0,3,251,15.411,19.206,5.195,0.018,39.829,1
L2LM,0,3,252,13.985,17.379,5.666,0.017,37.048,1
L2LM,0,3,253,20.511,7.335,15.556,0.018,43.421,1
L2LM,0,3,255,18.123,7.268,7.382,0.015,32.789,0
L2LM,0,3,256,21.208,7.331,2.862,0.015,31.415,0
L2LM,0,3,257,23.094,12.735,6.908,0.017,42.753,1
L2LM,0,3,258,24.068,10.031,10.16,0.018,44.277,1
L2LM,0,3,259,22.7,11.35,2.604,0.018,36.672,1
L2LM,0,3,260,26.449,12.457,8.81,0.016,47.732,1
L2LM,0,3,262,22.76,8.845,9.425,0.021,41.051,1
L2LM,0,3,263,23.299,11.016,6.009,0.016,40.34,1
L2LM,0,3,264,21.989,13.454,5.751,0.014,41.208,1
L2LM,0,3,265,22.248,7.278,6.119,0.018,35.662,1
L2LM,0,3,266,28.379,12.22,14.419,0.016,55.034,1
L2LM,0,3,268,21.844,7.732,4.728,0.014,34.318,1
L2LM,0,3,269,29.48,8.884,8.032,0.013,46.409,1
L2LM,0,3,270,17.905,16.597,6.393,0.016,40.91,1
L2LM,0,3,272,25.403,11.306,7.785,0.014,44.507,1
L2LM,0,3,273,25.046,8.178,11.852,0.102,45.178,1
L2LM,0,3,274,29.037,7.889,6.645,0.102,43.674,1
L2LM,0,3,276,15.682,12.394,11.161,0.015,39.252,1
L2LM,0,3,277,16.146,10.345,6.793,0.018,33.302,0
L2LM,0,3,278,26.505,8.514,10.595,0.015,45.629,1
L2LM,0,3,279,22.866,8.373,2.254,0.016,33.509,1
L2LM,0,3,280,16.683,6.858,9.902,0.018,33.461,1
L2LM,0,3,281,14.4,10.51,5.048,0.018,29.976,0
L2LM,0,3,282,14.135,9.704,7.231,0.018,31.087,0
L2LM,0,3,283,24.802,6.929,4.43,0.015,36.176,1
L2LM,0,3,284,24.056,8.284,9.746,0.018,42.104,1
L2LM,0,3,285,22.051,10.903,15.504,0.013,48.471,1
L2LM,0,3,287,21.925,7.254,2.921,0.015,32.115,0
L2LM,0,3,288,20.851,11.864,11.955,0.019,44.689,1
L2LM,0,3,289,23.61,10.172,5.554,0.015,39.351,1
L2LM,0,3,290,17.219,18.803,2.063,0.016,38.1,1
L2LM,0,3,292,18.011,8.932,3.499,0.016,30.459,0
L2LM,0,3,293,16.262,8.379,9.655,0.016,34.312,1
L2LM,0,3,294,19.46,6.93,4.484,0.014,30.889,0
L2LM,0,3,295,15.305,6.884,7.319,0.027,29.534,0
L2LM,0,3,296,25.333,14.402,19.648,0.018,59.401,1
L2LM,0,3,297,24.485,6.936,24.657,0.022,56.1,1
L2LM,0,3,299,25.677,7.368,2.814,0.02,35.88,1
L2LM,0,3,300,18.35,7.485,9.834,0.02,35.689,1
L2LM,0,3,301,15.344,13.271,5.84,0.018,34.473,1
L2LM,0,3,302,17.816,6.919,7.221,0.019,31.974,0
L2LM,0,3,303,16.294,8.534,13.33,0.022,38.18,1
L2LM,0,3,304,18.899,6.988,1.829,0.018,27.734,0
L2LM,0,3,305,19.339,9.266,2.062,0.019,30.685,0
L2LM,0,3,306,19.685,9.666,9.328,0.018,38.696,1
L2LM,0,3,307,15.374,7.026,1.862,0.015,24.277,0
L2LM,0,3,308,16.536,7.284,5.629,0.017,29.466,0
L2LM,0,3,309,15.294,11.004,2.955,0.019,29.272,0
L2LM,0,3,310,17.352,7.173,3.726,5.291,33.542,1
L2LM,0,3,311,18.89,7.591,16.642,0.019,43.142,1
L2LM,0,3,312,14.645,7.928,4.488,0.012,27.073,0
L2LM,0,3,313,16.07,11.106,4.467,0.013,31.656,0
L2LM,0,3,314,9.368,9.764,1.662,0.011,20.805,0
L2LM,0,3,315,11.591,7.014,9.348,0.012,27.965,0
L2LM,0,3,316,6.559,10.569,5.28,0.016,22.424,0
L2LM,0,3,317,15.757,7.069,4.465,0.013,27.304,0
L2LM,0,3,318,14.792,10.543,1.797,0.013,27.144,0
L2LM,0,3,319,18.554,8.097,4.378,0.013,31.042,0
L2LM,0,3,320,20.01,6.92,1.568,0.013,28.512,0
L2LM,0,3,321,15.396,7.017,7.743,0.013,30.169,0
L2LM,0,3,322,18.046,7.029,3.374,0.014,28.463,0
L2LM,0,3,323,18.795,7.128,1.892,0.013,27.828,0
L2LM,0,3,324,14.32,9.697,5.16,0.016,29.193,0
L2LM,0,3,325,16.668,8.136,4.922,0.014,29.741,0
L2LM,0,3,326,15.25,10.912,3.636,0.016,29.814,0
L2LM,0,3,327,17.646,13.264,6.506,0.016,37.432,1
L2LM,0,3,328,26.076,7.257,6.16,0.015,39.509,1
L2LM,0,3,329,17.902,7.409,9.695,0.016,35.021,1
L2LM,0,3,330,16.101,8.096,2.431,0.013,26.641,0
L2LM,0,3,331,16.194,10.84,1.752,0.014,28.8,0
L2LM,0,3,332,21.375,6.809,11.07,0.013,39.268,1
L2LM,0,3,333,14.643,6.834,1.526,0.013,23.017,0
L2LM,0,3,334,17.975,10.334,3.145,0.014,31.468,0
L2LM,0,3,335,14.013,9.804,6.972,0.015,30.803,0
L2LM,0,3,336,17.782,11.17,4.669,0.014,33.636,1
L2LM,0,3,337,17.743,7.022,3.68,0.013,28.458,0
L2LM,0,3,338,16.811,6.907,5.1,0.013,28.831,0
L2LM,0,3,339,17.739,7.042,10.416,0.014,35.211,1
L2LM,0,3,340,15.24,6.831,6.602,0.018,28.692,0
L2LM,0,3,341,16.33,7.7,4.751,0.012,28.794,0
L2LM,0,3,342,14.397,9.804,3.119,0.015,27.334,0
L2LM,0,3,343,18.099,7.041,1.71,0.012,26.862,0
L2LM,0,3,344,16.516,10.452,7.067,0.016,34.052,1
L2LM,0,3,345,17.458,6.819,1.801,0.014,26.091,0
L2LM,0,3,346,17.065,6.754,6.536,0.013,30.368,0
L2LM,0,3,347,18.257,6.878,3.167,0.015,28.317,0
L2LM,0,3,348,15.364,10.075,13.566,0.016,39.021,1
L2LM,0,3,349,17.566,6.991,5.699,0.014,30.271,0
L2LM,0,3,350,15.741,10.888,2.527,0.015,29.171,0
L2LM,0,3,351,14.782,7.652,8.439,0.013,30.886,0
L2LM,0,3,352,15.43,7.075,5.487,0.013,28.006,0
L2LM,0,3,353,15.794,7.35,7.988,0.016,31.147,0
L2LM,0,3,354,14.758,12.312,5.294,0.013,32.377,0
L2LM,0,3,355,15.975,7.196,5.266,0.013,28.45,0
L2LM,0,3,356,14.806,7.334,1.447,0.014,23.601,0
L2LM,0,3,357,15.554,8.711,5.583,0.014,29.862,0
L2LM,0,3,358,17.232,7.365,6.832,0.014,31.444,0
L2LM,0,3,359,18.164,7.001,16.965,0.017,42.146,1
L2LM,0,3,360,19.281,7.327,5.224,0.015,31.848,0
L2LM,0,3,361,15.504,7.78,1.801,0.014,25.099,0
L2LM,0,3,362,19.492,11.659,1.782,0.016,32.949,0
L2LM,0,3,363,14.231,11.017,3.633,0.014,28.895,0
L2LM,0,3,364,14.649,8.267,13.737,0.016,36.669,1
L2LM,0,3,365,19.555,7.373,8.112,0.016,35.056,1
L2LM,0,3,366,15.894,7.296,4.428,0.923,28.541,0
L2LM,0,3,367,25.369,7.148,12.629,0.018,45.163,1
L2LM,0,3,368,15.18,10.177,1.591,0.014,26.962,0
L2LM,0,3,369,20.187,7.204,1.556,0.014,28.961,0
L2LM,0,3,370,16.518,10.216,1.699,0.589,29.022,0
L2LM,0,3,371,26.884,8.431,11.88,0.012,47.207,1
L2LM,0,3,372,20.01,8.487,8.786,0.017,37.3,1
L2LM,0,3,373,8.339,14.816,4.44,0.011,27.605,0
L2LM,0,3,374,8.415,6.812,4.055,0.01,19.292,0
L2LM,0,3,375,12.004,8.412,4.283,0.01,24.71,0
L2LM,0,3,376,12.477,7.051,1.156,0.01,20.694,0
L2LM,0,3,377,12.343,6.677,1.304,0.011,20.335,0
L2LM,0,3,378,10.432,7.97,4.159,0.01,22.571,0
L2LM,0,3,379,9.669,6.895,13.543,0.013,30.12,0
L2LM,0,3,380,15.598,8.74,4.85,0.011,29.199,0
L2LM,0,3,381,12.232,10.935,5.304,0.015,28.486,0
L2LM,0,3,382,15.266,8.762,4.46,0.014,28.502,0
L2LM,0,3,383,16.569,9.917,1.509,0.014,28.01,0
L2LM,0,3,384,15.143,8.318,5.357,0.014,28.831,0
L2LM,0,3,385,13.147,8.44,10.444,0.014,32.045,0
L2LM,0,3,386,17.062,7.1,1.555,0.013,25.73,0
L2LM,0,3,387,18.123,8.899,3.83,0.014,30.866,0
L2LM,0,3,388,15.087,11.831,9.545,0.016,36.478,1
L2LM,0,3,389,15.12,6.847,5.252,0.015,27.233,0
L2LM,0,3,390,16.07,6.841,1.251,0.014,24.176,0
L2LM,0,3,391,13.094,14.964,1.499,1.067,30.625,0
L2LM,0,3,392,25.384,9.87,2.391,0.015,37.66,1
L2LM,0,3,393,15.604,10.982,4.738,0.014,31.338,0
L2LM,0,3,394,15.251,8.216,6.878,0.015,30.36,0
L2LM,0,3,395,17.193,7.533,3.506,0.016,28.249,0
L2LM,0,3,396,15.374,11.163,1.339,0.939,28.815,0
L2LM,0,3,397,21.95,10.746,3.419,0.013,36.129,1
L2LM,0,3,398,9.834,10.643,3.28,0.011,23.768,0
L2LM,0,3,399,9.192,8.28,7.291,0.013,24.776,0
L2LM,0,3,400,13.22,7.156,5.133,0.011,25.52,0
L2LM,0,3,401,13.232,6.955,3.043,0.012,23.241,0
L2LM,0,3,402,11.333,10.032,6.52,0.013,27.898,0
L2LM,0,3,403,14.772,11.421,6.44,0.017,32.65,0
L2LM,0,3,404,10.253,6.741,4.254,0.014,21.262,0
L2LM,0,3,405,10.33,10.822,2.9,0.01,24.063,0
L2LM,0,3,406,10.232,6.753,12.231,0.014,29.23,0
L2LM,0,3,407,8.234,11.592,4.542,0.013,24.381,0
L2LM,0,3,408,8.272,6.701,9.844,0.013,24.83,0
L2LM,0,3,409,12.675,6.653,4.572,0.012,23.911,0
L2LM,0,3,410,8.207,8.684,1.294,0.013,18.198,0
L2LM,0,3,411,12.906,6.859,0.705,0.012,20.481,0
L2LM,0,3,412,8.281,6.802,4.402,0.859,20.345,0
L2LM,0,3,413,16.176,7.498,0.699,0.011,24.384,0
L2LM,0,3,414,14.288,6.761,0.715,0.012,21.777,0
L2LM,0,3,415,8.28,6.676,3.751,0.012,18.72,0
L2LM,0,3,416,10.32,7.067,11.28,0.013,28.68,0
L2LM,0,3,417,10.527,6.661,5.433,0.014,22.635,0
L2LM,0,3,418,8.297,6.64,1.176,0.011,16.123,0
L2LM,0,3,419,9.515,7.968,3.627,0.011,21.121,0
L2LM,0,3,420,9.204,7.032,3.171,0.013,19.421,0
L2LM,0,3,421,10.052,6.828,10.552,0.015,27.446,0
L2LM,0,3,422,8.494,7.014,0.799,0.012,16.319,0
L2LM,0,3,423,8.315,6.977,3.826,0.013,19.131,0
L2LM,0,3,424,8.228,6.836,3.671,0.012,18.747,0
L2LM,0,3,425,8.294,6.695,4.068,0.574,19.631,0
L2LM,0,3,426,15.91,8.04,0.725,0.011,24.687,0
L2LM,0,3,427,13.947,6.707,0.912,0.01,21.575,0
L2LM,0,3,428,11.202,7.148,1.757,0.01,20.117,0
L2LM,0,3,429,12.236,6.662,2.067,0.011,20.976,0
L2LM,0,3,430,11.245,6.978,6.261,0.011,24.496,0
L2LM,0,3,431,10.21,7.097,4.089,0.011,21.407,0
L2LM,0,3,432,8.331,6.767,4.403,0.014,19.516,0
L2LM,0,3,433,8.155,6.972,4.913,0.014,20.054,0
L2LM,0,3,434,9.206,7.243,4.028,0.013,20.49,0
L2LM,0,3,435,8.18,6.872,3.406,0.014,18.471,0
L2LM,0,3,436,13.602,8.875,3.84,0.013,26.331,0
L2LM,0,3,437,8.937,7.445,2.243,0.014,18.639,0
L2LM,0,3,438,11.298,6.752,2.612,0.723,21.386,0
L2LM,0,3,439,18.089,6.756,4.365,0.011,29.221,0
L2LM,0,3,440,7.448,7.337,3.577,0.012,18.374,0
L2LM,0,3,441,9.799,6.912,9.822,0.011,26.544,0
L2LM,0,3,442,12.151,11.307,5.726,0.012,29.196,0
L2LM,0,3,443,11.25,8.019,4.174,0.011,23.454,0
L2LM,0,3,444,9.12,7.235,9.362,0.014,25.731,0
L2LM,0,3,445,12.776,7.261,13.132,0.016,33.185,0
L2LM,0,3,446,12.126,7.259,2.714,0.012,22.11,0
L2LM,0,3,447,11.23,6.682,1.053,0.765,19.73,0
L2LM,0,3,448,19.071,6.703,1.783,0.012,27.569,0
L2LM,0,3,449,13.741,9.967,1.049,0.011,24.768,0
L2LM,0,3,450,10.18,7.089,19.469,0.015,36.754,1
L2LM,0,3,451,12.221,6.747,8.952,11.597,39.517,1
L2LM,0,3,452,14.678,8.048,1.865,0.013,24.604,0
L2LM,0,3,453,18.289,8.366,15.156,0.012,41.822,1
L2LM,0,3,454,9.344,7.894,11.976,0.014,29.228,0
L2LM,0,3,455,10.495,15.997,2.09,0.012,28.593,0
L2LM,0,3,456,8.098,10.248,2.156,0.011,20.513,0
L2LM,0,3,457,11.507,10.858,2.598,0.01,24.973,0
L2LM,0,3,458,7.154,12.154,1.267,0.011,20.586,0
L2LM,0,3,459,8.128,6.745,4.773,0.013,19.659,0
L2LM,0,3,460,12.207,7.29,7.051,0.016,26.564,0
L2LM,0,3,461,10.219,7.75,8.317,0.013,26.299,0
L2LM,0,3,462,12.429,10.694,2.675,0.01,25.808,0
L2LM,0,3,463,7.207,11.013,1.074,0.01,19.304,0
L2LM,0,3,464,8.295,10.628,1.194,0.011,20.128,0
L2LM,0,3,465,9.202,10.535,8.764,0.011,28.512,0
L2LM,0,3,466,11.69,10.511,1.237,0.012,23.449,0
L2LM,0,3,467,5.115,13.605,5.81,0.015,24.545,0
L2LM,0,3,468,8.331,7.824,1.12,0.009,17.284,0
L2LM,1,0,30,8.678,13.703,1.518,0.01,23.909,0
L2LM,1,0,31,11.631,10.905,4.743,0.011,27.29,0
L2LM,1,0,32,11.148,7.188,2.883,0.011,21.229,0
L2LM,1,0,33,11.823,6.616,6.366,0.01,24.815,0
L2LM,1,0,34,17.957,6.928,1.328,0.009,26.223,0
L2LM,1,0,35,14.714,6.749,1.387,0.01,22.86,0
L2LM,1,0,36,9.671,14.375,2.461,0.011,26.519,0
L2LM,1,0,37,7.682,6.674,1.286,0.011,15.653,0
L2LM,1,0,38,13.018,13.366,11.711,0.012,38.106,1
L2LM,1,0,39,15.702,10.84,4.054,0.013,30.609,0
L2LM,1,0,40,10.997,7.035,5.51,0.01,23.553,0
L2LM,1,0,41,11.327,6.804,5.776,0.012,23.918,0
L2LM,1,0,42,13.637,7.571,9.456,0.01,30.673,0
L2LM,1,0,43,9.796,11.008,3.327,0.01,24.142,0
L2LM,1,0,44,10.641,6.709,1.42,0.01,18.78,0
L2LM,1,0,45,10.72,6.904,6.766,0.011,24.401,0
L2LM,1,0,46,11.781,7.136,1.452,0.011,20.38,0
L2LM,1,0,47,8.626,15.383,1.403,0.012,25.424,0
L2LM,1,0,48,16.463,8.609,7.457,0.013,32.541,0
L2LM,1,0,49,8.621,13.375,1.389,0.011,23.396,0
L2LM,1,0,50,12.697,7.561,1.96,0.013,22.231,0
L2LM,1,0,51,10.301,14.019,1.47,0.01,25.8,0
L2LM,1,0,52,12.6,7.148,4.41,0.012,24.171,0
L2LM,1,0,53,12.66,7.299,4.095,0.011,24.065,0
L2LM,1,0,54,12.548,6.939,4.423,0.011,23.921,0
L2LM,1,0,55,15.552,7.081,2.837,0.01,25.48,0
L2LM,1,0,56,11.577,12.019,10.928,0.012,34.537,1
L2LM,1,0,57,12.319,13.799,4.897,0.014,31.029,0
L2LM,1,0,58,11.858,9.792,2.611,0.01,24.271,0
L2LM,1,0,59,8.572,8.419,13.224,0.012,30.227,0
L2LM,1,0,60,8.019,12.589,9.301,0.016,29.924,0
L2LM,1,0,61,6.708,9.972,7.978,0.013,24.671,0
L2LM,1,0,62,13.542,6.879,9.301,0.013,29.734,0
L2LM,1,0,63,8.701,15.603,9.718,0.012,34.034,1
L2LM,1,0,64,13.557,10.521,2.766,0.013,26.857,0
L2LM,1,0,65,18.727,7.472,3.628,0.015,29.842,0
L2LM,1,0,66,15.569,11.241,3.01,0.014,29.834,0
L2LM,1,0,67,15.322,9.976,9.166,0.013,34.477,1
L2LM,1,0,68,15.546,7.584,4.345,0.018,27.492,0
L2LM,1,0,69,16.178,8.75,7.529,0.014,32.472,0
L2LM,1,0,70,15.621,9.396,3.281,0.012,28.311,0
L2LM,1,0,71,18.929,6.901,2.767,0.012,28.609,0
L2LM,1,0,72,19.919,6.824,4.006,0.015,30.764,0
L2LM,1,0,73,17.751,7.346,6.211,0.023,31.331,0
L2LM,1,0,74,19.182,6.873,9.712,0.019,35.786,1
L2LM,1,0,75,18.057,11.293,9.311,0.018,38.678,1
L2LM,1,0,76,16.618,6.965,2.982,0.014,26.578,0
L2LM,1,0,77,18.145,7.451,10.012,0.016,35.625,1
L2LM,1,0,78,16.999,7.097,5.336,0.015,29.448,0
L2LM,1,0,79,15.364,10.724,4.767,0.013,30.868,0
L2LM,1,0,80,17.84,7.066,1.62,0.013,26.54,0
L2LM,1,0,81,17.285,6.97,5.59,0.013,29.858,0
L2LM,1,0,82,20.483,7.083,10.036,0.016,37.618,1
L2LM,1,0,83,14.57,11.159,2.261,0.01,28.001,0
L2LM,1,0,84,12.625,7.48,4.495,0.013,24.612,0
L2LM,1,0,85,9.732,7.345,5.04,0.011,22.128,0
L2LM,1,0,86,10.551,7.015,5.42,0.013,22.999,0
L2LM,1,0,87,10.802,7.981,4.878,0.011,23.671,0
L2LM,1,0,88,10.885,9.093,7.153,0.013,27.145,0
L2LM,1,0,89,9.455,8.926,2.175,0.012,20.567,0
L2LM,1,0,90,11.028,10.301,4.323,0.011,25.662,0
L2LM,1,0,91,9.33,10.121,15.713,0.012,35.177,1
L2LM,1,0,92,11.732,6.815,1.947,0.011,20.505,0
L2LM,1,0,93,12.76,6.662,7.171,0.013,26.607,0
L2LM,1,0,94,9.838,10.481,11.929,0.012,32.259,0
L2LM,1,0,95,19.502,11.537,1.431,0.01,32.479,0
L2LM,1,0,96,23.362,7.083,6.519,0.013,36.976,1
L2LM,1,0,97,8.547,12.794,2.327,0.011,23.678,0
L2LM,1,0,98,18.782,9.168,1.459,0.011,29.42,0
L2LM,1,0,99,17.65,15.714,8.618,0.012,41.995,1
L2LM,1,0,100,13.523,10.825,9.316,0.011,33.676,1
L2LM,1,0,101,16.47,6.759,1.402,0.01,24.641,0
L2LM,1,0,102,15.216,14.602,11.544,0.014,41.377,1
L2LM,1,0,103,13.217,9.787,8.329,0.015,31.348,0
L2LM,1,0,104,14.635,13.659,9.212,0.014,37.521,1
L2LM,1,0,105,15.449,11.301,1.504,0.013,28.267,0
L2LM,1,0,106,19.309,9.835,6.302,0.016,35.463,1
L2LM,1,0,107,17.252,10.712,1.655,0.012,29.631,0
L2LM,1,0,108,19.278,8.522,6.489,0.015,34.304,1
L2LM,1,0,109,16.672,12.297,1.858,0.014,30.841,0
L2LM,1,0,110,17.466,9.053,3.681,0.014,30.214,0
L2LM,1,0,111,22.617,6.942,11.33,0.015,40.904,1
L2LM,1,0,112,16.853,6.905,5.109,0.014,28.882,0
L2LM,1,0,113,18.543,7.151,5.228,0.015,30.937,0
L2LM,1,0,114,19.287,7.199,4.815,0.014,31.315,0
L2LM,1,0,115,16.321,10.677,4.39,0.013,31.401,0
L2LM,1,0,116,16.618,10.691,4.025,0.015,31.349,0
L2LM,1,0,117,17.657,6.997,3.288,0.013,27.955,0
L2LM,1,0,118,15.576,11.349,5.195,0.013,32.133,0
L2LM,1,0,119,16.133,10.747,2.225,0.014,29.118,0
L2LM,1,0,120,18.576,6.952,7.519,8.438,41.485,1
L2LM,1,0,121,15.702,13.977,1.775,0.012,31.466,0
L2LM,1,0,122,8.691,7.034,2.508,0.012,18.245,0
L2LM,1,0,123,11.209,8.967,4.392,0.012,24.581,0
L2LM,1,0,124,10.082,7.15,10.108,0.012,27.352,0
L2LM,1,0,125,14.078,11.528,9.926,0.012,35.543,1
L2LM,1,0,126,9.71,6.734,1.692,0.01,18.146,0
L2LM,1,0,127,9.789,7.501,4.036,0.012,21.338,0
L2LM,1,0,128,11.697,7.43,4.399,0.011,23.537,0
L2LM,1,0,129,9.678,10.593,10.535,0.013,30.82,0
L2LM,1,0,130,6.002,10.865,4.842,0.011,21.719,0
L2LM,1,0,131,5.992,12.035,11.877,0.012,29.916,0
L2LM,1,0,132,11.304,6.934,11.246,0.02,29.504,0
L2LM,1,0,133,15.719,6.882,1.617,0.015,24.233,0
L2LM,1,0,134,17.369,7.985,8.506,0.014,33.874,1
L2LM,1,0,135,16.173,7.718,5.637,0.015,29.543,0
L2LM,1,0,136,15.985,6.876,4.973,0.013,27.849,0
L2LM,1,0,137,20.274,6.841,1.537,0.013,28.665,0
L2LM,1,0,138,20.848,6.959,5.097,0.014,32.918,0
L2LM,1,0,139,16.478,7.507,5.625,0.015,29.625,0
L2LM,1,0,140,15.703,7.464,6.437,0.016,29.62,0
L2LM,1,0,141,21.272,6.877,1.432,0.014,29.595,0
L2LM,1,0,142,19.91,7.299,1.431,0.014,28.654,0
L2LM,1,0,143,15.653,10.227,19.203,0.015,45.099,1
L2LM,1,0,144,18.812,11.904,8.435,0.012,39.163,1
L2LM,1,0,145,8.918,16.565,7.984,0.012,33.479,1
L2LM,1,0,146,11.583,9.075,1.342,0.012,22.013,0
L2LM,1,0,147,11.742,6.759,15.925,0.013,34.44,1
L2LM,1,0,148,5.783,6.992,1.142,0.01,13.928,0
L2LM,1,0,149,18.748,7.655,1.347,0.014,27.764,0
L2LM,1,0,150,20.391,7.45,1.424,0.014,29.279,0
L2LM,1,0,151,17.598,7.389,4.266,0.015,29.268,0
L2LM,1,0,152,18.685,6.878,5.516,0.015,31.094,0
L2LM,1,0,153,19.473,12.297,1.81,0.012,33.592,1
L2LM,1,0,154,14.982,11.484,14.44,0.014,40.921,1
L2LM,1,0,155,14.419,7.23,1.62,0.014,23.283,0
L2LM,1,0,156,17.841,7.205,1.456,0.014,26.516,0
L2LM,1,0,157,16.004,6.829,8.41,0.014,31.257,0
L2LM,1,0,158,17.068,7.102,2.343,0.016,26.53,0
L2LM,1,0,159,20.11,7.675,5.525,0.015,33.324,0
L2LM,1,0,160,26.406,13.956,14.715,0.015,55.092,1
L2LM,1,0,161,14.687,18.642,1.464,0.014,34.807,1
L2LM,1,0,162,17.834,8.588,6.103,0.014,32.538,0
L2LM,1,0,163,21.777,6.881,9.049,0.014,37.72,1
L2LM,1,0,164,15.04,7.779,5.606,0.016,28.442,0
L2LM,1,0,165,14.592,9.077,3.035,0.014,26.718,0
L2LM,1,0,166,18.567,6.82,5.952,0.013,31.353,0
L2LM,1,0,167,20.459,7.555,5.06,0.014,33.088,0
L2LM,1,0,168,19.204,7.251,11.032,0.013,37.499,1
L2LM,1,0,169,8.94,9.983,8.83,0.013,27.766,0
L2LM,1,0,170,16.389,7.041,3.811,0.013,27.254,0
L2LM,1,0,171,16.147,7.003,7.639,0.014,30.803,0
L2LM,1,0,172,17.597,9.839,6.004,0.016,33.457,1
L2LM,1,0,173,15.948,7.934,9.316,0.075,33.273,0
L2LM,1,0,174,17.24,7.055,8.102,0.014,32.412,0
L2LM,1,0,175,16.24,6.88,5.129,0.016,28.265,0
L2LM,1,0,176,21.211,7.668,2.456,0.015,31.351,0
L2LM,1,0,177,15.795,11.163,8.509,0.011,35.478,1
L2LM,1,0,178,8.578,11.832,1.06,0.01,21.48,0
L2LM,1,0,179,11.696,12.061,7.417,0.012,31.185,0
L2LM,1,0,180,8.787,10.566,1.072,0.011,20.436,0
L2LM,1,0,181,10.606,9.293,6.026,0.011,25.935,0
L2LM,1,0,182,8.648,8.911,6.075,0.013,23.648,0
L2LM,1,0,183,11.665,9.894,7.603,0.012,29.174,0
L2LM,1,0,184,7.808,10.555,1.848,0.013,20.225,0
L2LM,1,0,185,9.526,9.45,1.919,0.01,20.906,0
L2LM,1,0,186,8.514,10.334,8.328,0.016,27.192,0
L2LM,1,0,187,16.602,7.963,5.624,0.014,30.203,0
L2LM,1,0,188,17.159,12.043,10.828,0.013,40.043,1
L2LM,1,0,189,12.722,9.499,9.968,0.012,32.201,0
L2LM,1,0,190,13.591,10.973,1.663,0.014,26.241,0
L2LM,1,0,191,16.584,7.027,8.656,0.015,32.281,0
L2LM,1,0,192,16.491,6.991,5.518,0.015,29.015,0
L2LM,1,0,193,15.608,11.185,1.768,0.014,28.575,0
L2LM,1,0,194,16.57,14.77,7.798,0.014,39.151,1
L2LM,1,0,195,15.689,7.124,4.953,0.015,27.78,0
L2LM,1,0,196,15.747,6.762,1.785,0.013,24.307,0
L2LM,1,0,197,15.402,7.109,1.735,0.014,24.261,0
L2LM,1,0,198,20.57,7.762,2.722,0.017,31.07,0
L2LM,1,0,199,19.725,6.759,6.073,0.015,32.572,0
L2LM,1,0,200,19.923,7.191,11.482,0.017,38.614,1
L2LM,1,0,201,23.789,7.41,6.014,0.013,37.226,1
L2LM,1,0,202,12.444,7.341,5.211,0.014,25.011,0
L2LM,1,0,203,12.469,7.138,6.924,0.015,26.546,0
L2LM,1,0,204,14.42,6.976,1.787,0.013,23.197,0
L2LM,1,0,205,17.973,6.848,3.358,0.013,28.192,0
L2LM,1,0,206,18.503,9.35,5.697,0.015,33.564,1
L2LM,1,0,207,19.499,7.718,6.412,0.015,33.643,1
L2LM,1,0,208,18.224,6.835,6.922,0.013,31.994,0
L2LM,1,0,209,17.437,6.823,1.965,0.013,26.238,0
L2LM,1,0,210,17.385,7.089,5.907,0.014,30.395,0
L2LM,1,0,211,15.41,7.349,5.39,0.013,28.161,0
L2LM,1,0,212,19.393,8.2,10.105,0.017,37.714,1
L2LM,1,0,213,18.361,7.573,9.628,0.02,35.582,1
L2LM,1,0,214,19.088,14.696,8.951,0.021,42.755,1
L2LM,1,0,215,15.593,10.94,3.005,0.016,29.554,0
L2LM,1,0,216,17.504,7.491,4.113,0.021,29.129,0
L2LM,1,0,217,13.739,8.663,2.799,0.014,25.215,0
L2LM,1,0,218,12.506,6.772,10.118,0.017,29.412,0
L2LM,1,0,219,16.613,7.727,9.907,0.015,34.261,1
L2LM,1,0,220,14.646,9.986,6.354,0.014,31.001,0
L2LM,1,0,221,19.01,6.853,13.84,0.051,39.754,1
L2LM,1,0,222,14.6,6.973,17.432,0.016,39.02,1
L2LM,1,0,223,17.236,6.943,1.926,0.014,26.12,0
L2LM,1,0,224,16.84,6.83,1.93,0.018,25.618,0
L2LM,1,0,225,15.53,6.995,7.61,0.016,30.151,0
L2LM,1,0,226,19.279,10.005,5.11,0.019,34.413,1
L2LM,1,0,227,16.053,7.259,6.287,0.017,29.615,0
L2LM,1,0,228,17.904,7.134,2.036,0.017,27.091,0
L2LM,1,0,229,18.388,6.9,10.127,0.018,35.434,1
L2LM,1,0,230,18.21,7.629,20.235,0.019,46.093,1
L2LM,1,0,231,17.438,7.363,1.937,0.016,26.755,0
L2LM,1,0,232,21.117,7.205,13.252,0.019,41.594,1
L2LM,1,0,233,16.586,15.474,9.706,0.023,41.788,1
L2LM,1,0,234,19.49,11.332,1.737,0.017,32.576,0
L2LM,1,0,235,19.495,10.245,4.072,0.016,33.828,1
L2LM,1,0,236,15.256,8.758,3.606,0.015,27.635,0
L2LM,1,0,237,16.984,7.982,4.43,0.015,29.41,0
L2LM,1,0,238,19.69,7.055,1.359,0.012,28.116,0
L2LM,1,0,239,17.273,6.713,2.105,0.011,26.102,0
L2LM,1,0,240,10.211,10.029,1.102,0.01,21.352,0
L2LM,1,0,241,12.833,6.844,1.222,0.011,20.91,0
L2LM,1,0,242,18.213,7.425,1.593,0.014,27.245,0
L2LM,1,0,243,20.152,6.96,2.231,0.013,29.355,0
L2LM,1,0,244,15.473,11.886,6.865,0.015,34.239,1
L2LM,1,0,245,15.506,10.615,5.56,0.014,31.694,0
L2LM,1,0,246,16.131,11.264,2.628,0.013,30.036,0
L2LM,1,0,247,14.998,12.234,2.988,0.013,30.232,0
L2LM,1,0,248,16.633,11.077,3.927,0.015,31.652,0
L2LM,1,0,249,16.864,10.515,3.801,0.016,31.196,0
L2LM,1,0,250,25.034,8.737,6.127,0.015,39.913,1
L2LM,1,0,251,14.391,8.647,8.285,0.013,31.336,0
L2LM,1,0,252,16.88,8.773,3.519,0.015,29.188,0
L2LM,1,0,253,16.246,10.388,1.788,0.015,28.438,0
L2LM,1,0,254,14.401,11.866,3.496,0.015,29.778,0
L2LM,1,0,255,16.453,10.932,1.552,0.014,28.951,0
L2LM,1,0,256,15.52,6.835,5.98,0.013,28.347,0
L2LM,1,0,257,14.151,8.876,2.216,0.018,25.261,0
L2LM,1,0,258,19.067,6.936,1.972,0.015,27.989,0
L2LM,1,0,259,16.7,8.017,4.855,0.016,29.588,0
L2LM,1,0,260,15.392,7.433,7.716,0.014,30.555,0
L2LM,1,0,261,17.58,10.453,3.054,0.014,31.101,0
L2LM,1,0,262,21.759,6.904,1.388,0.014,30.065,0
L2LM,1,0,263,16.591,10.714,1.398,0.013,28.716,0
L2LM,1,0,264,16.028,7.661,8.726,0.026,32.44,0
L2LM,1,0,265,16.071,11.012,2.776,0.014,29.873,0
L2LM,1,0,266,14.123,11.057,1.802,0.013,26.994,0
L2LM,1,0,267,18.425,9.734,2.331,0.016,30.506,0
L2LM,1,0,268,15.917,9.702,2.667,0.014,28.299,0
L2LM,1,0,269,21.338,7.459,5.904,0.014,34.715,1
L2LM,1,0,270,16.189,9.972,3.063,0.013,29.236,0
L2LM,1,0,271,15.331,10.708,5.215,0.013,31.267,0
L2LM,1,0,272,19.788,7.191,4.558,0.013,31.549,0
L2LM,1,0,273,19.168,6.837,2.237,0.013,28.255,0
L2LM,1,0,274,14.945,11.2,1.965,0.016,28.126,0
L2LM,1,0,275,15.391,8.877,5.125,0.014,29.406,0
L2LM,1,0,276,16.42,9.088,2.287,0.015,27.811,0
L2LM,1,0,277,17.331,11.557,1.329,0.014,30.23,0
L2LM,1,0,278,19.308,10.191,4.589,0.014,34.102,1
L2LM,1,0,279,16.568,7.044,1.227,0.013,24.853,0
L2LM,1,0,280,16.774,10.695,4.971,0.015,32.455,0
L2LM,1,0,281,14.945,8.054,8.081,0.015,31.095,0
L2LM,1,0,282,20.612,9.385,2.83,0.015,32.841,0
L2LM,1,0,283,19.495,7.554,3.525,0.014,30.589,0
L2LM,1,0,284,20.815,12.553,4.963,0.02,38.351,1
L2LM,1,0,285,19.488,7.821,3.0,0.018,30.327,0
L2LM,1,0,286,16.821,15.591,2.387,0.013,34.812,1
L2LM,1,0,287,12.756,9.999,3.4,0.014,26.169,0
L2LM,1,0,288,18.642,7.41,18.439,0.019,44.51,1
L2LM,1,0,289,12.782,15.232,1.114,0.013,29.141,0
L2LM,1,0,290,14.056,6.989,4.074,0.013,25.132,0
L2LM,1,0,291,11.385,8.883,3.258,0.011,23.537,0
L2LM,1,0,292,11.194,9.542,2.49,0.01,23.236,0
L2LM,1,0,293,13.74,6.722,2.271,0.01,22.743,0
L2LM,1,0,294,10.829,7.929,3.486,0.011,22.254,0
L2LM,1,0,295,10.829,12.962,2.458,0.011,26.26,0
L2LM,1,0,296,12.147,6.994,4.087,0.013,23.24,0
L2LM,1,0,297,14.363,6.694,7.57,0.01,28.638,0
L2LM,1,0,298,13.253,12.301,18.319,0.013,43.885,1
L2LM,1,0,299,5.755,6.619,9.254,0.012,21.64,0
L2LM,1,0,300,11.779,12.478,13.837,0.014,38.108,1
L2LM,1,0,301,21.285,6.955,2.929,0.019,31.187,0
L2LM,1,0,302,16.114,20.565,10.057,0.018,46.753,1
L2LM,1,0,303,22.448,10.183,6.493,0.016,39.14,1
L2LM,1,0,304,15.921,14.795,12.535,0.018,43.269,1
L2LM,1,0,305,21.228,6.82,15.173,0.109,43.33,1
L2LM,1,0,307,19.969,8.009,6.806,0.012,34.796,1
L2LM,1,0,308,15.818,8.958,1.334,0.015,26.124,0
L2LM,1,0,309,19.458,7.117,9.139,0.015,35.73,1
L2LM,1,0,310,17.253,10.039,1.443,0.019,28.755,0
L2LM,1,0,311,16.961,9.323,5.574,0.018,31.877,0
L2LM,1,0,312,18.298,7.153,4.287,0.022,29.761,0
L2LM,1,0,313,12.554,7.084,7.384,0.017,27.04,0
L2LM,1,0,314,20.959,10.865,9.099,0.017,40.94,1
L2LM,1,0,315,15.192,6.888,7.782,0.017,29.879,0
L2LM,1,0,316,18.117,7.692,5.054,0.016,30.878,0
L2LM,1,0,317,24.361,10.647,2.971,0.021,38.0,1
L2LM,1,0,318,18.671,7.408,10.73,0.015,36.825,1
L2LM,1,0,319,18.201,12.073,4.538,0.016,34.827,1
L2LM,1,0,320,20.684,7.64,3.0,0.018,31.342,0
L2LM,1,0,321,14.417,8.013,5.102,0.018,27.549,0
L2LM,1,0,322,15.731,6.979,5.217,0.017,27.944,0
L2LM,1,0,323,18.326,14.139,14.261,0.016,46.743,1
L2LM,1,0,324,9.829,12.229,13.283,0.014,35.355,1
L2LM,1,0,325,26.917,7.88,4.326,0.014,39.137,1
L2LM,1,0,326,18.643,8.131,6.657,0.016,33.447,1
L2LM,1,0,327,19.557,10.695,26.985,0.019,57.256,1
L2LM,1,0,329,15.046,7.079,3.127,0.017,25.27,0
L2LM,1,0,330,17.426,7.011,1.785,0.015,26.237,0
L2LM,1,0,331,20.979,8.443,1.908,0.016,31.347,0
L2LM,1,0,332,16.136,6.872,6.339,0.018,29.364,0
L2LM,1,0,333,9.508,7.506,5.72,0.024,22.759,0
L2LM,1,0,334,15.862,7.396,7.558,0.022,30.839,0
L2LM,1,0,335,15.784,7.049,16.78,0.018,39.631,1
L2LM,1,0,336,18.991,7.339,5.251,0.016,31.596,0
L2LM,1,0,337,16.207,9.15,7.964,0.015,33.337,1
L2LM,1,0,338,21.271,7.208,5.699,0.015,34.194,1
L2LM,1,0,339,14.634,6.885,8.156,0.017,29.692,0
L2LM,1,0,340,19.118,7.09,28.49,0.023,54.722,1
L2LM,1,0,341,18.841,7.173,7.409,0.016,33.439,1
L2LM,1,0,342,16.709,7.036,4.646,0.017,28.408,0
L2LM,1,0,343,16.069,6.954,1.442,0.014,24.48,0
L2LM,1,0,344,14.577,9.825,3.275,0.015,27.692,0
L2LM,1,0,345,18.362,7.16,8.219,0.019,33.76,1
L2LM,1,0,346,13.612,11.13,12.281,0.018,37.04,1
L2LM,1,0,347,15.44,7.026,5.356,0.028,27.85,0
L2LM,1,0,348,16.817,7.326,4.241,0.017,28.402,0
L2LM,1,0,349,23.913,7.067,3.434,0.016,34.43,1
L2LM,1,0,350,24.488,14.907,6.093,0.021,45.508,1
L2LM,1,0,351,11.188,8.789,7.346,0.016,27.339,0
L2LM,1,0,352,34.83,7.991,17.856,0.026,60.702,1
L2LM,1,0,354,16.974,16.417,5.171,0.019,38.582,1
L2LM,1,0,355,15.011,13.764,14.531,0.021,43.326,1
L2LM,1,0,356,17.495,8.609,4.06,0.019,30.183,0
L2LM,1,0,357,27.933,6.893,3.878,0.02,38.724,1
L2LM,1,0,358,15.438,7.306,6.687,0.024,29.455,0
L2LM,1,0,359,19.031,7.344,1.967,0.015,28.358,0
L2LM,1,0,360,19.617,6.917,9.537,0.017,36.088,1
L2LM,1,0,361,15.396,7.443,5.823,0.03,28.692,0
L2LM,1,0,362,17.033,7.076,9.304,0.019,33.433,1
L2LM,1,0,363,19.944,7.004,5.975,0.017,32.94,0
L2LM,1,0,364,21.274,6.973,7.002,0.018,35.268,1
L2LM,1,0,365,16.802,6.861,7.506,0.018,31.188,0
L2LM,1,0,366,19.58,6.916,2.904,0.013,29.413,0
L2LM,1,0,367,21.514,7.869,4.865,0.014,34.262,1
L2LM,1,0,368,20.796,6.969,4.221,0.022,32.008,0
L2LM,1,0,369,20.918,6.855,13.097,0.017,40.887,1
L2LM,1,0,370,16.764,8.13,11.633,0.017,36.544,1
L2LM,1,0,371,18.001,6.891,5.434,0.014,30.341,0
L2LM,1,0,372,22.057,7.142,11.563,0.02,40.782,1
L2LM,1,0,373,17.738,8.253,2.767,0.018,28.775,0
L2LM,1,0,374,17.652,9.574,1.567,0.014,28.808,0
L2LM,1,0,375,17.087,11.073,9.296,0.018,37.474,1
L2LM,1,0,376,19.336,8.091,8.534,0.016,35.976,1
L2LM,1,0,377,15.737,7.09,5.898,0.019,28.744,0
L2LM,1,0,378,16.963,8.632,4.688,0.014,30.297,0
L2LM,1,0,379,17.702,10.165,11.547,0.015,39.429,1
L2LM,1,0,380,17.807,6.995,1.537,0.015,26.354,0
L2LM,1,0,381,16.754,7.121,2.386,0.014,26.276,0
L2LM,1,0,382,16.219,8.458,4.537,0.013,29.227,0
L2LM,1,0,383,17.198,8.199,1.701,0.015,27.113,0
L2LM,1,0,384,15.71,8.769,9.133,0.017,33.629,1
L2LM,1,0,385,15.083,7.402,10.997,0.017,33.499,1
L2LM,1,0,386,16.024,13.041,7.593,0.015,36.673,1
L2LM,1,0,387,13.905,11.312,16.581,0.014,41.812,1
L2LM,1,0,388,19.845,8.105,2.051,0.011,30.012,0
L2LM,1,0,389,13.766,7.203,4.928,0.011,25.909,0
L2LM,1,0,390,9.627,6.87,6.758,0.016,23.271,0
L2LM,1,0,391,9.353,7.468,12.232,0.015,29.067,0
L2LM,1,0,392,8.754,10.325,1.423,0.012,20.514,0
L2LM,1,0,393,8.191,12.548,1.89,0.011,22.64,0
L2LM,1,0,394,8.875,11.991,2.567,0.011,23.444,0
L2LM,1,0,395,9.657,6.746,7.566,0.014,23.983,0
L2LM,1,0,396,10.172,11.224,1.38,0.011,22.787,0
L2LM,1,0,397,11.758,7.606,3.477,0.011,22.853,0
L2LM,1,0,398,10.795,8.924,2.965,0.01,22.694,0
L2LM,1,0,399,6.431,16.281,6.684,0.011,29.407,0
L2LM,1,0,400,10.866,6.654,4.024,0.01,21.555,0
L2LM,1,0,401,10.605,8.93,3.219,0.011,22.765,0
L2LM,1,0,402,11.571,10.713,2.143,0.011,24.438,0
L2LM,1,0,403,8.618,8.142,14.114,0.016,30.89,0
L2LM,1,0,404,7.791,10.043,3.192,0.01,21.035,0
L2LM,1,0,405,10.988,10.773,3.971,0.011,25.743,0
L2LM,1,0,406,10.636,9.167,6.091,0.014,25.908,0
L2LM,1,0,407,15.73,7.03,1.906,0.014,24.681,0
L2LM,1,0,408,17.972,11.693,13.714,0.012,43.391,1
L2LM,1,0,409,13.29,9.701,2.047,0.014,25.052,0
L2LM,1,0,410,23.696,6.81,11.608,0.016,42.13,1
L2LM,1,0,411,19.754,7.323,9.681,0.017,36.775,1
L2LM,1,0,412,14.878,9.785,5.877,0.016,30.557,0
L2LM,1,0,413,14.336,9.054,12.182,0.015,35.588,1
L2LM,1,0,414,16.142,7.201,10.466,0.018,33.827,1
L2LM,1,0,415,15.422,11.048,7.564,0.016,34.049,1
L2LM,1,0,416,13.841,8.48,3.623,0.015,25.958,0
L2LM,1,0,417,22.694,7.78,1.877,0.014,32.366,0
L2LM,1,0,418,19.842,7.203,9.929,0.014,36.989,1
L2LM,1,0,419,15.187,11.265,6.44,0.015,32.907,0
L2LM,1,0,420,15.68,11.903,4.897,0.016,32.497,0
L2LM,1,0,421,18.153,7.128,1.808,0.012,27.101,0
L2LM,1,0,422,19.856,6.892,3.234,0.013,29.995,0
L2LM,1,0,423,20.615,6.846,3.191,0.014,30.666,0
L2LM,1,0,424,22.393,6.67,9.852,0.014,38.929,1
L2LM,1,0,425,7.832,14.894,4.04,0.012,26.779,0
L2LM,1,0,426,13.71,14.581,1.495,0.012,29.799,0
L2LM,1,0,427,10.961,13.492,4.774,0.012,29.239,0
L2LM,1,0,428,13.644,13.553,2.026,0.011,29.234,0
L2LM,1,0,429,15.197,10.748,2.727,0.011,28.682,0
L2LM,1,0,430,15.16,10.433,9.439,0.011,35.043,1
L2LM,1,0,431,13.302,13.737,10.908,0.014,37.961,1
L2LM,1,0,432,10.47,7.416,12.448,0.012,30.347,0
L2LM,1,0,433,16.738,6.638,13.144,0.011,36.531,1
L2LM,1,0,434,8.624,10.854,4.833,0.011,24.321,0
L2LM,1,0,435,8.568,15.335,1.274,0.01,25.188,0
L2LM,1,0,436,16.536,6.831,12.135,0.017,35.518,1
L2LM,1,0,437,14.639,10.584,1.578,0.013,26.814,0
L2LM,1,0,438,18.411,7.976,3.655,0.013,30.055,0
L2LM,1,0,439,17.949,6.843,2.596,0.015,27.403,0
L2LM,1,0,440,17.132,9.73,5.766,0.802,33.43,1
L2LM,1,0,441,14.774,6.819,1.574,0.012,23.178,0
L2LM,1,0,442,17.883,12.304,5.091,0.013,35.29,1
L2LM,1,0,443,16.109,10.775,1.953,0.014,28.851,0
L2LM,1,0,444,18.933,6.758,1.616,0.012,27.318,0
L2LM,1,0,445,20.534,6.771,2.581,0.012,29.898,0
L2LM,1,0,446,15.347,8.378,1.472,0.011,25.208,0
L2LM,1,0,447,17.648,7.856,6.492,0.012,32.008,0
L2LM,1,0,448,18.126,6.976,2.091,0.017,27.212,0
L2LM,1,0,449,19.002,6.938,1.699,0.014,27.653,0
L2LM,1,0,450,16.594,9.061,5.428,0.014,31.096,0
L2LM,1,0,451,15.216,9.179,1.619,0.015,26.03,0
L2LM,1,0,452,15.633,10.223,2.589,0.013,28.458,0
L2LM,1,0,453,18.705,6.853,3.304,0.012,28.873,0
L2LM,1,0,454,17.695,6.746,5.279,0.014,29.733,0
L2LM,1,0,455,15.423,6.992,5.797,0.012,28.225,0
L2LM,1,0,456,18.608,10.354,2.096,0.012,31.071,0
L2LM,1,0,457,19.03,6.774,5.016,0.012,30.832,0
L2LM,1,0,458,17.565,8.124,1.943,0.012,27.645,0
L2LM,1,0,459,15.028,7.253,3.573,0.012,25.866,0
L2LM,1,0,460,9.091,11.092,3.566,0.013,23.763,0
L2LM,1,0,461,13.068,7.923,5.336,0.011,26.338,0
L2LM,1,0,462,8.524,10.676,2.512,0.012,21.724,0
L2LM,1,0,463,10.843,8.6,3.578,0.01,23.03,0
L2LM,1,0,464,14.448,7.834,5.823,0.01,28.116,0
L2LM,1,0,465,11.507,6.794,6.099,0.01,24.41,0
L2LM,1,0,466,8.532,6.637,4.528,0.009,19.706,0
L2LM,1,0,467,14.7,6.798,4.006,0.012,25.516,0
L2LM,1,0,468,17.356,6.776,7.297,0.012,31.441,0
L2LM,1,1,30,12.2,7.319,4.864,0.012,24.396,0
L2LM,1,1,31,12.371,7.208,5.153,0.195,24.927,0
L2LM,1,1,32,17.635,6.647,5.063,0.011,29.357,0
L2LM,1,1,33,10.729,6.683,7.425,0.211,25.047,0
L2LM,1,1,34,9.704,6.994,7.921,0.23,24.849,0
L2LM,1,1,35,12.435,7.296,1.75,0.192,21.672,0
L2LM,1,1,36,12.406,7.223,11.702,0.014,31.345,0
L2LM,1,1,37,9.795,7.018,7.344,0.016,24.172,0
L2LM,1,1,38,9.801,6.935,1.804,0.011,18.552,0
L2LM,1,1,39,9.708,6.935,17.71,0.342,34.695,1
L2LM,1,1,40,9.824,7.226,1.856,0.01,18.917,0
L2LM,1,1,41,12.591,7.049,6.693,0.277,26.61,0
L2LM,1,1,42,8.736,7.251,14.078,0.134,30.199,0
L2LM,1,1,43,14.87,6.644,6.149,0.25,27.914,0
L2LM,1,1,44,15.28,6.678,1.899,0.01,23.866,0
L2LM,1,1,45,10.88,10.524,8.693,0.011,30.108,0
L2LM,1,1,46,8.697,6.777,3.933,0.012,19.42,0
L2LM,1,1,47,13.725,6.658,14.136,0.194,34.713,1
L2LM,1,1,48,8.701,7.051,9.534,0.266,25.552,0
L2LM,1,1,49,15.621,6.835,9.193,0.14,31.788,0
L2LM,1,1,50,9.454,7.352,1.703,0.201,18.71,0
L2LM,1,1,51,12.709,7.179,4.947,0.013,24.848,0
L2LM,1,1,52,12.682,7.137,7.733,0.209,27.761,0
L2LM,1,1,53,8.667,9.418,2.086,0.013,20.183,0
L2LM,1,1,54,14.744,7.411,12.533,0.012,34.7,1
L2LM,1,1,55,11.928,6.712,11.363,0.015,30.018,0
L2LM,1,1,56,10.899,9.539,4.086,0.127,24.652,0
L2LM,1,1,57,11.686,7.407,7.468,0.226,26.787,0
L2LM,1,1,58,10.802,9.217,7.797,0.011,27.828,0
L2LM,1,1,59,12.817,7.041,5.887,0.012,25.756,0
L2LM,1,1,60,8.694,11.085,10.896,0.013,30.689,0
L2LM,1,1,61,11.709,6.969,6.318,0.012,25.008,0
L2LM,1,1,62,8.706,8.323,10.838,0.012,27.878,0
L2LM,1,1,63,7.717,8.068,3.982,0.011,19.777,0
L2LM,1,1,64,13.7,7.375,5.291,0.012,26.377,0
L2LM,1,1,65,8.883,11.164,8.637,0.012,28.696,0
L2LM,1,1,66,8.674,7.146,2.074,0.013,17.908,0
L2LM,1,1,67,8.84,7.766,2.062,0.013,18.681,0
L2LM,1,1,68,15.782,9.662,7.306,0.269,33.019,0
L2LM,1,1,69,11.772,9.675,5.126,0.011,26.583,0
L2LM,1,1,70,12.216,6.677,9.043,0.013,27.949,0
L2LM,1,1,71,8.812,7.933,1.893,0.01,18.648,0
L2LM,1,1,72,8.928,7.579,9.572,0.012,26.09,0
L2LM,1,1,73,8.641,8.884,2.117,2.652,22.295,0
L2LM,1,1,74,9.765,6.965,4.961,0.489,22.181,0
L2LM,1,1,75,12.664,6.704,4.233,0.014,23.615,0
L2LM,1,1,76,11.767,7.565,4.781,0.012,24.125,0
L2LM,1,1,77,8.719,7.089,9.711,0.013,25.532,0
L2LM,1,1,78,12.354,6.891,3.646,0.266,23.157,0
L2LM,1,1,79,11.824,10.114,11.646,0.386,33.969,1
L2LM,1,1,80,13.122,8.397,13.531,0.143,35.193,1
L2LM,1,1,81,8.157,11.325,8.16,0.012,27.654,0
L2LM,1,1,82,13.71,11.734,2.593,0.166,28.203,0
L2LM,1,1,83,16.665,9.917,9.668,0.171,36.422,1
L2LM,1,1,84,17.804,6.804,8.883,0.182,33.672,1
L2LM,1,1,85,12.463,11.593,6.871,0.016,30.943,0
L2LM,1,1,86,19.105,6.932,13.584,0.201,39.822,1
L2LM,1,1,87,14.449,11.77,4.572,0.225,31.016,0
L2LM,1,1,88,10.74,7.468,15.843,0.23,34.28,1
L2LM,1,1,89,12.145,10.371,17.472,0.222,40.21,1
L2LM,1,1,90,11.777,6.918,4.117,0.224,23.036,0
L2LM,1,1,91,14.565,9.786,6.934,0.013,31.298,0
L2LM,1,1,92,13.076,9.873,1.618,0.011,24.577,0
L2LM,1,1,93,11.692,6.739,12.25,0.257,30.938,0
L2LM,1,1,94,12.091,7.364,3.981,0.242,23.678,0
L2LM,1,1,95,14.874,7.017,7.21,0.156,29.256,0
L2LM,1,1,96,6.715,12.75,11.26,0.145,30.869,0
L2LM,1,1,97,15.316,12.591,5.815,0.17,33.892,1
L2LM,1,1,98,16.544,6.966,12.107,0.175,35.792,1
L2LM,1,1,99,18.601,7.31,6.521,0.017,32.449,0
L2LM,1,1,100,19.445,7.273,5.66,0.18,32.557,0
L2LM,1,1,101,15.411,10.612,5.26,0.015,31.298,0
L2LM,1,1,102,17.49,11.096,7.341,0.183,36.11,1
L2LM,1,1,103,15.491,8.721,4.713,0.153,29.078,0
L2LM,1,1,104,16.511,11.985,9.048,0.182,37.727,1
L2LM,1,1,105,17.516,7.428,6.142,0.164,31.251,0
L2LM,1,1,106,15.572,11.831,6.313,0.014,33.73,1
L2LM,1,1,107,14.551,14.082,4.451,0.173,33.258,0
L2LM,1,1,108,18.973,11.396,10.285,0.176,40.83,1
L2LM,1,1,109,15.816,13.671,10.546,0.018,40.051,1
L2LM,1,1,110,14.541,10.859,6.175,0.017,31.592,0
L2LM,1,1,111,15.554,12.261,5.239,0.165,33.218,0
L2LM,1,1,112,17.459,7.136,12.788,0.182,37.565,1
L2LM,1,1,113,19.634,7.015,2.542,0.014,29.206,0
L2LM,1,1,114,20.628,7.271,3.985,0.204,32.088,0
L2LM,1,1,115,18.463,6.824,7.376,0.013,32.676,0
L2LM,1,1,116,14.427,6.893,7.335,0.173,28.828,0
L2LM,1,1,117,18.617,7.414,6.204,0.177,32.411,0
L2LM,1,1,118,18.689,6.895,7.07,0.172,32.827,0
L2LM,1,1,119,15.824,6.766,9.254,0.183,32.026,0
L2LM,1,1,120,15.737,6.768,6.965,0.176,29.646,0
L2LM,1,1,121,15.815,6.761,15.597,0.185,38.359,1
L2LM,1,1,122,16.532,7.292,4.592,0.156,28.572,0
L2LM,1,1,123,17.063,10.861,4.994,0.014,32.931,0
L2LM,1,1,124,15.591,7.133,5.722,0.184,28.63,0
L2LM,1,1,125,12.675,7.117,3.934,0.126,23.852,0
L2LM,1,1,126,10.768,7.97,12.411,0.13,31.279,0
L2LM,1,1,127,7.71,12.434,4.578,0.012,24.734,0
L2LM,1,1,128,9.851,10.527,2.969,0.012,23.358,0
L2LM,1,1,129,12.719,7.422,5.849,0.149,26.139,0
L2LM,1,1,130,12.17,7.081,8.294,0.254,27.8,0
L2LM,1,1,131,8.787,12.847,2.261,0.012,23.908,0
L2LM,1,1,132,10.757,10.36,5.369,0.011,26.497,0
L2LM,1,1,133,12.747,6.858,1.604,0.194,21.404,0
L2LM,1,1,134,15.491,7.925,7.287,0.202,30.905,0
L2LM,1,1,135,9.709,10.52,1.6,0.122,21.95,0
L2LM,1,1,136,15.143,12.224,2.455,0.21,30.032,0
L2LM,1,1,137,10.728,14.484,11.333,0.23,36.776,1
L2LM,1,1,138,9.671,10.718,5.709,1.633,27.731,0
L2LM,1,1,139,11.028,10.596,2.667,0.183,24.473,0
L2LM,1,1,140,11.932,7.313,2.473,0.167,21.886,0
L2LM,1,1,141,15.09,7.307,7.372,0.206,29.974,0
L2LM,1,1,142,9.838,10.43,3.793,0.013,24.073,0
L2LM,1,1,143,10.787,10.33,4.836,0.013,25.967,0
L2LM,1,1,144,8.781,14.156,5.924,0.014,28.875,0
L2LM,1,1,145,11.749,6.605,8.387,0.222,26.962,0
L2LM,1,1,146,6.663,15.415,9.045,0.254,31.377,0
L2LM,1,1,147,12.822,7.246,3.507,0.216,23.791,0
L2LM,1,1,148,7.683,10.326,6.812,0.012,24.833,0
L2LM,1,1,149,10.719,6.894,5.345,0.017,22.975,0
L2LM,1,1,150,8.665,10.486,8.795,0.012,27.958,0
L2LM,1,1,151,11.663,10.511,5.192,0.218,27.584,0
L2LM,1,1,152,12.807,11.592,2.861,0.128,27.389,0
L2LM,1,1,153,11.916,10.243,10.741,0.248,33.148,0
L2LM,1,1,154,9.738,13.951,1.838,0.292,25.818,0
L2LM,1,1,155,10.919,6.918,6.102,0.013,23.952,0
L2LM,1,1,156,8.933,14.205,14.544,0.152,37.833,1
L2LM,1,1,157,11.617,15.658,6.142,0.013,33.431,1
L2LM,1,1,158,15.568,7.243,7.436,0.175,30.422,0
L2LM,1,1,159,9.287,15.078,5.62,0.012,29.997,0
L2LM,1,1,160,9.11,12.235,7.592,0.127,29.065,0
L2LM,1,1,161,12.59,6.815,7.382,0.127,26.914,0
L2LM,1,1,162,10.772,7.968,5.449,0.012,24.202,0
L2LM,1,1,163,11.723,15.381,4.263,0.122,31.488,0
L2LM,1,1,164,10.707,12.037,7.928,0.224,30.896,0
L2LM,1,1,165,12.696,9.797,5.961,0.011,28.466,0
L2LM,1,1,166,9.55,10.656,8.037,0.132,28.376,0
L2LM,1,1,167,9.905,14.886,1.61,0.01,26.411,0
L2LM,1,1,168,8.666,11.691,9.572,0.276,30.204,0
L2LM,1,1,169,12.258,7.061,3.605,0.185,23.109,0
L2LM,1,1,170,8.023,11.964,5.667,0.011,25.666,0
L2LM,1,1,171,11.984,6.741,5.327,0.011,24.063,0
L2LM,1,1,172,8.971,12.283,9.595,0.202,31.052,0
L2LM,1,1,173,11.996,6.807,13.892,0.015,32.709,0
L2LM,1,1,174,8.678,6.864,8.62,0.011,24.173,0
L2LM,1,1,175,6.27,10.983,5.786,0.012,23.05,0
L2LM,1,1,176,8.656,10.474,5.457,0.012,24.599,0
L2LM,1,1,177,12.297,10.121,4.733,0.011,27.163,0
L2LM,1,1,178,10.789,9.236,6.32,0.202,26.547,0
L2LM,1,1,179,16.152,7.557,4.945,0.012,28.667,0
L2LM,1,1,180,9.246,11.691,3.515,0.265,24.718,0
L2LM,1,1,181,9.97,10.343,9.781,0.013,30.106,0
L2LM,1,1,182,8.808,10.361,1.92,0.01,21.1,0
L2LM,1,1,183,8.637,10.413,4.884,0.01,23.943,0
L2LM,1,1,184,8.663,10.424,4.644,0.113,23.844,0
L2LM,1,1,185,9.458,6.793,5.671,0.258,22.181,0
L2LM,1,1,186,8.704,10.325,2.115,0.011,21.154,0
L2LM,1,1,187,12.672,6.924,12.112,2.049,33.758,1
L2LM,1,1,188,14.747,10.248,12.465,0.014,37.474,1
L2LM,1,1,189,17.234,9.282,4.061,0.165,30.743,0
L2LM,1,1,190,19.606,6.786,9.4,0.272,36.064,1
L2LM,1,1,191,6.036,6.941,5.525,3.167,21.669,0
L2LM,1,1,192,18.808,7.09,8.087,0.259,34.244,1
L2LM,1,1,193,13.484,8.974,8.132,0.013,30.603,0
L2LM,1,1,194,10.551,14.259,5.096,4.164,34.07,1
L2LM,1,1,195,6.362,13.2,1.813,0.214,21.589,0
L2LM,1,1,196,9.601,8.848,10.436,0.013,28.899,0
L2LM,1,1,197,16.05,11.466,4.956,0.014,32.487,0
L2LM,1,1,198,17.075,6.832,7.098,0.176,31.181,0
L2LM,1,1,199,18.226,6.889,6.847,0.014,31.976,0
L2LM,1,1,200,18.535,6.764,8.255,0.185,33.739,1
L2LM,1,1,201,17.501,10.62,6.948,0.19,35.259,1
L2LM,1,1,202,15.666,12.067,4.965,0.16,32.858,0
L2LM,1,1,203,16.476,6.867,8.267,0.016,31.627,0
L2LM,1,1,204,19.107,7.191,10.458,0.19,36.946,1
L2LM,1,1,205,16.529,6.882,6.826,0.015,30.252,0
L2LM,1,1,206,14.916,9.399,8.489,0.186,32.99,0
L2LM,1,1,207,15.65,11.055,7.086,0.182,33.973,1
L2LM,1,1,208,16.639,7.336,7.792,0.177,31.944,0
L2LM,1,1,209,14.43,11.578,6.16,0.18,32.347,0
L2LM,1,1,210,14.546,7.135,13.021,0.232,34.935,1
L2LM,1,1,211,13.303,6.993,5.456,0.18,25.932,0
L2LM,1,1,212,14.489,6.752,7.153,0.194,28.588,0
L2LM,1,1,213,19.614,7.094,11.432,0.199,38.339,1
L2LM,1,1,214,16.745,8.359,6.862,0.18,32.146,0
L2LM,1,1,215,17.93,8.377,8.424,0.015,34.746,1
L2LM,1,1,216,18.61,7.376,9.384,0.185,35.555,1
L2LM,1,1,217,17.998,10.883,8.838,0.17,37.889,1
L2LM,1,1,218,16.523,7.148,7.241,0.195,31.108,0
L2LM,1,1,219,21.609,9.383,7.416,0.189,38.598,1
L2LM,1,1,220,16.837,7.056,2.433,3.971,30.297,0
L2LM,1,1,221,15.704,9.771,5.385,0.181,31.04,0
L2LM,1,1,222,15.017,15.104,6.41,0.161,36.693,1
L2LM,1,1,223,19.465,6.831,5.046,0.249,31.592,0
L2LM,1,1,224,17.392,11.236,9.197,0.015,37.841,1
L2LM,1,1,225,16.812,7.172,5.827,0.281,30.093,0
L2LM,1,1,226,19.482,9.019,2.058,0.166,30.725,0
L2LM,1,1,227,17.596,7.015,6.918,0.292,31.821,0
L2LM,1,1,228,15.544,19.63,7.523,0.214,42.911,1
L2LM,1,1,229,14.55,8.401,16.056,0.018,39.024,1
L2LM,1,1,230,15.525,10.643,9.258,0.189,35.615,1
L2LM,1,1,231,18.45,7.058,5.117,0.275,30.9,0
L2LM,1,1,232,15.643,7.168,19.94,0.022,42.772,1
L2LM,1,1,233,18.568,6.87,4.47,0.015,29.923,0
L2LM,1,1,234,17.581,7.348,17.744,0.31,42.984,1
L2LM,1,1,236,16.781,9.368,11.555,0.18,37.883,1
L2LM,1,1,237,18.727,9.764,3.574,0.23,32.295,0
L2LM,1,1,238,21.501,9.947,2.766,0.165,34.379,1
L2LM,1,1,239,20.282,8.489,12.476,0.183,41.43,1
L2LM,1,1,240,15.201,11.472,2.658,0.163,29.494,0
L2LM,1,1,241,16.838,8.296,17.003,0.205,42.342,1
L2LM,1,1,242,12.572,10.337,6.036,0.182,29.127,0
L2LM,1,1,243,17.078,10.495,2.953,0.016,30.542,0
L2LM,1,1,244,17.584,7.128,4.13,0.162,29.005,0
L2LM,1,1,245,20.175,6.797,2.556,0.16,29.688,0
L2LM,1,1,246,17.561,10.722,6.669,0.015,34.968,1
L2LM,1,1,247,15.645,8.002,16.456,0.204,40.307,1
L2LM,1,1,248,15.082,8.419,8.276,0.176,31.954,0
L2LM,1,1,249,15.471,7.14,6.595,0.169,29.375,0
L2LM,1,1,250,15.795,6.914,6.242,0.158,29.109,0
L2LM,1,1,251,14.688,10.703,6.198,0.189,31.778,0
L2LM,1,1,252,19.312,9.157,5.465,0.192,34.125,1
L2LM,1,1,253,24.372,8.753,9.738,0.185,43.048,1
L2LM,1,1,254,14.668,7.848,4.415,0.171,27.101,0
L2LM,1,1,255,17.507,8.149,8.487,0.154,34.297,1
L2LM,1,1,256,16.61,6.806,2.654,0.15,26.22,0
L2LM,1,1,257,17.267,7.198,7.178,0.014,31.656,0
L2LM,1,1,258,18.236,6.843,5.94,0.16,31.179,0
L2LM,1,1,259,12.88,12.649,5.597,0.165,31.291,0
L2LM,1,1,260,15.928,9.73,2.502,0.157,28.316,0
L2LM,1,1,261,15.882,6.815,6.554,0.16,29.412,0
L2LM,1,1,262,19.539,6.832,7.236,0.17,33.777,1
L2LM,1,1,263,16.965,7.181,6.521,0.182,30.849,0
L2LM,1,1,264,15.906,7.825,10.365,0.18,34.276,1
L2LM,1,1,265,16.37,7.006,11.945,0.179,35.499,1
L2LM,1,1,266,16.369,13.774,14.078,0.178,44.399,1
L2LM,1,1,267,15.536,6.867,2.812,0.16,25.376,0
L2LM,1,1,268,17.055,7.195,7.496,0.015,31.761,0
L2LM,1,1,269,18.749,7.384,6.973,0.209,33.315,0
L2LM,1,1,270,13.885,13.283,8.938,0.018,36.124,1
L2LM,1,1,271,20.37,7.975,8.141,0.015,36.5,1
L2LM,1,1,272,17.494,10.724,5.268,0.015,33.5,1
L2LM,1,1,273,17.296,6.953,6.427,0.017,30.692,0
L2LM,1,1,274,15.664,11.564,13.956,2.784,43.968,1
L2LM,1,1,275,16.743,6.843,8.054,0.018,31.659,0
L2LM,1,1,276,17.762,10.416,6.799,0.015,34.992,1
L2LM,1,1,277,15.721,7.061,6.247,0.151,29.179,0
L2LM,1,1,278,20.092,8.62,8.392,0.169,37.274,1
L2LM,1,1,279,16.583,6.969,3.843,0.014,27.409,0
L2LM,1,1,280,19.665,7.425,6.219,0.18,33.49,1
L2LM,1,1,281,15.496,7.148,10.597,0.015,33.255,0
L2LM,1,1,282,15.566,6.897,11.125,0.017,33.605,1
L2LM,1,1,283,18.284,7.803,6.066,0.158,32.31,0
L2LM,1,1,284,18.846,7.407,12.622,0.016,38.891,1
L2LM,1,1,285,16.136,7.972,6.062,0.015,30.184,0
L2LM,1,1,286,18.048,9.576,6.555,0.017,34.196,1
L2LM,1,1,287,13.591,13.855,5.085,0.014,32.545,0
L2LM,1,1,288,15.314,11.325,14.293,0.015,40.947,1
L2LM,1,1,289,17.606,9.389,5.228,0.152,32.376,0
L2LM,1,1,290,22.164,9.201,5.627,0.018,37.01,1
L2LM,1,1,291,18.795,9.661,6.019,0.204,34.68,1
L2LM,1,1,292,18.643,10.334,3.905,0.016,32.899,0
L2LM,1,1,293,15.91,10.902,9.168,0.016,35.996,1
L2LM,1,1,294,12.515,11.394,9.471,0.016,33.396,1
L2LM,1,1,295,15.058,10.277,6.383,0.015,31.732,0
L2LM,1,1,296,15.397,11.21,5.837,0.017,32.46,0
L2LM,1,1,297,18.613,10.517,10.789,0.014,39.932,1
L2LM,1,1,298,31.571,7.043,27.442,0.45,66.508,1
L2LM,1,1,300,16.225,11.385,13.131,0.286,41.027,1
L2LM,1,1,302,14.853,12.699,12.884,0.018,40.455,1
L2LM,1,1,303,18.933,9.148,12.47,0.038,40.589,1
L2LM,1,1,304,18.552,15.879,5.35,0.018,39.8,1
L2LM,1,1,305,14.083,20.479,5.63,0.015,40.208,1
L2LM,1,1,307,26.767,7.212,15.282,0.018,49.279,1
L2LM,1,1,308,17.619,6.838,9.151,0.02,33.63,1
L2LM,1,1,309,9.435,9.018,17.594,0.014,36.061,1
L2LM,1,1,310,9.543,6.852,6.245,0.016,22.657,0
L2LM,1,1,311,11.957,6.911,4.225,0.097,23.189,0
L2LM,1,1,312,16.402,7.303,6.278,0.248,30.231,0
L2LM,1,1,313,6.061,15.097,20.169,0.015,41.342,1
L2LM,1,1,314,12.434,9.62,2.385,0.013,24.452,0
L2LM,1,1,315,10.758,13.035,5.171,0.013,28.977,0
L2LM,1,1,316,13.124,6.871,10.001,0.015,30.01,0
L2LM,1,1,317,17.165,7.772,6.471,0.013,31.42,0
L2LM,1,1,318,9.278,10.244,10.755,0.013,30.29,0
L2LM,1,1,319,12.129,7.414,4.548,0.094,24.185,0
L2LM,1,1,320,15.107,7.752,5.734,0.014,28.606,0
L2LM,1,1,321,10.197,13.46,6.189,0.014,29.86,0
L2LM,1,1,322,19.618,14.033,4.725,0.014,38.39,1
L2LM,1,1,323,9.783,8.441,13.981,0.162,32.367,0
L2LM,1,1,324,21.437,10.499,6.111,0.017,38.063,1
L2LM,1,1,325,19.929,8.968,8.51,0.222,37.63,1
L2LM,1,1,326,18.718,16.119,22.456,0.023,57.317,1
L2LM,1,1,328,18.412,7.258,7.98,0.017,33.667,1
L2LM,1,1,329,18.681,11.179,10.549,0.019,40.428,1
L2LM,1,1,330,17.523,7.154,6.069,0.016,30.762,0
L2LM,1,1,331,16.207,16.412,8.099,0.261,40.98,1
L2LM,1,1,332,16.655,11.15,5.917,0.016,33.738,1
L2LM,1,1,333,18.648,7.211,9.159,0.244,35.262,1
L2LM,1,1,334,16.806,8.711,16.111,0.016,41.644,1
L2LM,1,1,335,13.317,8.648,8.275,0.585,30.825,0
L2LM,1,1,336,14.54,8.693,14.765,0.017,38.015,1
L2LM,1,1,337,16.636,9.118,6.361,0.272,32.387,0
L2LM,1,1,338,18.175,11.002,11.552,0.019,40.748,1
L2LM,1,1,340,14.863,14.245,8.475,0.017,37.6,1
L2LM,1,1,341,16.108,8.929,8.636,0.246,33.919,1
L2LM,1,1,342,19.063,8.361,7.279,0.262,34.965,1
L2LM,1,1,343,17.278,12.304,12.72,0.558,42.86,1
L2LM,1,1,344,18.695,7.593,10.934,0.338,37.561,1
L2LM,1,1,345,15.597,7.394,5.947,0.22,29.158,0
L2LM,1,1,346,20.468,7.952,12.62,0.016,41.056,1
L2LM,1,1,347,15.692,8.797,3.96,0.179,28.628,0
L2LM,1,1,348,17.526,7.506,12.63,0.316,37.978,1
L2LM,1,1,349,18.376,6.942,7.509,0.018,32.846,0
L2LM,1,1,350,24.633,8.12,9.512,0.017,42.281,1
L2LM,1,1,352,20.59,8.16,9.108,0.312,38.17,1
L2LM,1,1,353,17.841,10.916,6.961,0.018,35.735,1
L2LM,1,1,354,19.925,11.036,7.528,0.232,38.72,1
L2LM,1,1,355,15.557,6.951,6.896,0.016,29.421,0
L2LM,1,1,356,15.849,11.05,9.067,0.331,36.296,1
L2LM,1,1,357,17.003,6.924,6.849,0.017,30.794,0
L2LM,1,1,358,15.03,13.469,9.13,0.299,37.928,1
L2LM,1,1,359,16.235,16.297,4.355,0.017,36.904,1
L2LM,1,1,360,17.661,10.078,13.646,0.368,41.754,1
L2LM,1,1,361,17.971,10.743,5.206,0.29,34.21,1
L2LM,1,1,362,20.965,7.07,2.278,0.018,30.331,0
L2LM,1,1,363,16.287,10.43,6.201,0.325,33.244,0
L2LM,1,1,364,19.925,9.204,12.686,0.016,41.832,1
L2LM,1,1,365,15.644,9.645,2.638,0.017,27.944,0
L2LM,1,1,366,21.836,7.047,6.231,0.323,35.437,1
L2LM,1,1,367,16.975,8.253,8.298,0.016,33.542,1
L2LM,1,1,368,20.451,8.594,5.397,0.274,34.716,1
L2LM,1,1,369,19.262,7.265,11.731,0.274,38.531,1
L2LM,1,1,371,16.932,6.873,18.29,0.371,42.467,1
L2LM,1,1,372,16.248,15.025,3.206,0.207,34.686,1
L2LM,1,1,373,15.765,6.973,6.209,3.368,32.316,0
L2LM,1,1,374,15.539,9.5,13.218,0.358,38.614,1
L2LM,1,1,375,19.518,10.77,3.216,0.206,33.709,1
L2LM,1,1,376,19.527,11.286,6.867,0.287,37.968,1
L2LM,1,1,377,18.557,7.039,4.941,0.271,30.808,0
L2LM,1,1,378,18.199,7.007,8.17,0.015,33.391,1
L2LM,1,1,379,14.822,12.673,1.64,0.353,29.488,0
L2LM,1,1,380,20.515,6.957,2.523,0.247,30.242,0
L2LM,1,1,381,15.902,6.832,7.957,0.015,30.706,0
L2LM,1,1,382,22.137,9.401,4.495,0.283,36.316,1
L2LM,1,1,383,18.807,7.234,8.39,0.017,34.447,1
L2LM,1,1,384,14.511,12.794,9.872,0.296,37.473,1
L2LM,1,1,385,21.655,7.022,6.244,0.015,34.936,1
L2LM,1,1,386,16.244,9.016,7.362,0.185,32.807,0
L2LM,1,1,387,18.741,8.155,10.461,0.018,37.375,1
L2LM,1,1,388,19.035,8.884,5.514,0.184,33.616,1
L2LM,1,1,389,18.554,10.653,7.471,0.016,36.694,1
L2LM,1,1,390,16.543,6.827,2.548,0.329,26.247,0
L2LM,1,1,391,19.33,7.021,9.63,0.016,35.996,1
L2LM,1,1,392,14.294,9.112,4.164,0.014,27.584,0
L2LM,1,1,393,17.456,14.478,6.894,0.169,38.997,1
L2LM,1,1,394,13.406,10.711,4.85,0.187,29.153,0
L2LM,1,1,395,12.235,7.512,8.821,0.181,28.748,0
L2LM,1,1,396,6.978,13.168,5.346,0.188,25.679,0
L2LM,1,1,397,13.034,6.912,1.971,0.012,21.928,0
L2LM,1,1,398,12.391,11.131,6.724,0.129,30.375,0
L2LM,1,1,399,10.157,11.916,4.959,0.012,27.044,0
L2LM,1,1,400,9.129,11.333,3.751,0.126,24.339,0
L2LM,1,1,401,10.881,10.857,7.808,0.015,29.561,0
L2LM,1,1,402,10.693,7.428,4.101,0.274,22.497,0
L2LM,1,1,403,17.367,7.579,8.616,0.226,33.788,1
L2LM,1,1,404,12.546,9.245,12.524,0.013,34.327,1
L2LM,1,1,405,17.319,6.884,6.024,0.202,30.429,0
L2LM,1,1,406,8.75,8.154,5.929,0.012,22.845,0
L2LM,1,1,407,7.745,12.066,17.958,0.013,37.781,1
L2LM,1,1,408,12.872,10.52,9.221,0.015,32.627,0
L2LM,1,1,409,15.474,7.177,13.147,0.015,35.813,1
L2LM,1,1,410,14.463,14.172,3.601,0.014,32.251,0
L2LM,1,1,411,18.389,7.337,1.742,0.187,27.655,0
L2LM,1,1,412,17.608,11.241,7.084,0.015,35.947,1
L2LM,1,1,413,18.525,10.852,1.633,0.197,31.207,0
L2LM,1,1,414,20.49,6.807,2.517,0.155,29.969,0
L2LM,1,1,415,16.691,10.996,5.6,0.016,33.302,0
L2LM,1,1,416,16.919,11.44,6.14,0.014,34.513,1
L2LM,1,1,417,17.033,9.747,5.981,0.014,32.775,0
L2LM,1,1,418,16.516,6.795,11.112,0.015,34.437,1
L2LM,1,1,419,16.486,8.023,7.043,0.015,31.567,0
L2LM,1,1,420,18.798,6.848,9.293,0.015,34.954,1
L2LM,1,1,421,14.546,15.392,5.41,0.016,35.363,1
L2LM,1,1,422,16.498,6.786,5.119,0.015,28.418,0
L2LM,1,1,423,17.5,6.915,8.988,0.017,33.419,1
L2LM,1,1,424,18.557,7.253,5.597,0.016,31.424,0
L2LM,1,1,425,14.495,6.904,5.923,0.016,27.337,0
L2LM,1,1,426,18.661,6.775,11.302,0.017,36.755,1
L2LM,1,1,427,15.594,6.754,3.449,0.014,25.81,0
L2LM,1,1,428,18.538,10.618,4.788,0.014,33.957,1
L2LM,1,1,429,13.51,15.659,2.28,0.012,31.461,0
L2LM,1,1,430,19.492,6.916,5.623,0.014,32.045,0
L2LM,1,1,431,17.495,6.788,10.507,0.013,34.804,1
L2LM,1,1,432,18.472,6.998,6.601,0.016,32.086,0
L2LM,1,1,433,15.484,6.961,10.284,0.148,32.877,0
L2LM,1,1,434,15.523,6.946,7.032,0.014,29.515,0
L2LM,1,1,435,19.458,6.857,4.964,0.144,31.424,0
L2LM,1,1,436,15.511,16.243,7.088,0.014,38.856,1
L2LM,1,1,437,13.491,10.752,9.46,0.014,33.717,1
L2LM,1,1,438,15.47,6.756,7.111,0.013,29.349,0
L2LM,1,1,439,16.512,6.741,7.033,0.013,30.3,0
L2LM,1,1,440,16.478,6.833,8.234,0.148,31.694,0
L2LM,1,1,441,21.499,6.987,5.462,0.014,33.962,1
L2LM,1,1,442,15.516,6.998,6.12,0.015,28.648,0
L2LM,1,1,443,16.798,6.866,2.925,0.015,26.605,0
L2LM,1,1,444,18.511,6.949,6.116,0.262,31.838,0
L2LM,1,1,445,19.516,6.824,2.82,0.014,29.173,0
L2LM,1,1,446,18.501,6.765,10.152,0.013,35.431,1
L2LM,1,1,447,15.559,6.74,3.825,0.013,26.137,0
L2LM,1,1,448,14.258,7.59,9.35,0.011,31.209,0
L2LM,1,1,449,6.469,9.153,2.335,0.01,17.967,0
L2LM,1,1,450,9.172,10.247,6.666,0.012,26.097,0
L2LM,1,1,451,16.657,9.64,5.891,0.206,32.393,0
L2LM,1,1,452,8.845,8.04,9.216,0.011,26.112,0
L2LM,1,1,453,12.709,6.962,5.064,0.115,24.849,0
L2LM,1,1,454,13.838,7.01,6.202,0.013,27.063,0
L2LM,1,1,455,10.648,6.835,12.385,0.01,29.878,0
L2LM,1,1,456,14.062,6.789,14.085,0.016,34.952,1
L2LM,1,1,457,14.531,10.409,5.235,0.294,30.469,0
L2LM,1,1,458,19.491,6.746,2.637,0.013,28.887,0
L2LM,1,1,459,18.932,6.761,3.952,0.013,29.657,0
L2LM,1,1,460,17.443,10.395,5.268,0.013,33.12,0
L2LM,1,1,461,19.501,6.753,7.612,0.014,33.88,1
L2LM,1,1,462,13.45,10.75,2.605,0.013,26.818,0
L2LM,1,1,463,17.388,10.543,8.031,0.013,35.974,1
L2LM,1,1,464,16.373,10.866,4.848,0.013,32.1,0
L2LM,1,1,465,15.397,10.389,2.77,0.012,28.568,0
L2LM,1,1,466,15.361,7.826,7.616,0.211,31.015,0
L2LM,1,1,467,13.433,10.709,2.49,0.013,26.646,0
L2LM,1,1,468,19.346,6.699,3.256,0.129,29.429,0
L2LM,1,1,469,17.439,6.677,5.714,0.217,30.048,0
L2LM,1,1,470,15.36,6.67,4.932,0.138,27.1,0
L2LM,1,1,471,17.433,7.38,7.795,0.194,32.802,0
L2LM,1,1,472,13.392,10.573,8.727,0.228,32.92,0
L2LM,1,1,473,14.446,10.562,5.934,0.219,31.161,0
L2LM,1,1,474,15.398,10.415,2.316,0.013,28.142,0
L2LM,1,2,30,14.184,7.409,4.988,0.012,26.593,0
L2LM,1,2,31,12.598,10.771,3.501,0.013,26.883,0
L2LM,1,2,32,18.677,10.833,15.717,0.018,45.244,1
L2LM,1,2,33,15.483,9.69,1.627,0.015,26.816,0
L2LM,1,2,34,15.529,10.797,1.649,0.013,27.988,0
L2LM,1,2,35,15.554,10.919,12.797,0.013,39.284,1
L2LM,1,2,36,11.527,10.54,7.047,0.014,29.127,0
L2LM,1,2,37,16.511,6.951,6.759,0.014,30.235,0
L2LM,1,2,38,15.644,8.483,2.784,0.014,26.925,0
L2LM,1,2,39,18.59,7.199,14.241,0.019,40.05,1
L2LM,1,2,40,15.637,8.029,5.643,0.015,29.325,0
L2LM,1,2,41,17.081,7.01,8.186,0.018,32.294,0
L2LM,1,2,42,15.611,13.43,7.886,0.015,36.941,1
L2LM,1,2,43,19.64,6.898,1.643,0.022,28.204,0
L2LM,1,2,44,17.614,7.041,3.814,0.013,28.482,0
L2LM,1,2,45,16.792,11.512,1.563,0.012,29.879,0
L2LM,1,2,46,15.52,9.732,14.174,0.016,39.441,1
L2LM,1,2,47,17.625,9.138,4.267,0.015,31.044,0
L2LM,1,2,48,19.583,7.647,6.415,0.016,33.661,1
L2LM,1,2,49,16.701,7.149,9.808,0.014,33.672,1
L2LM,1,2,50,15.574,6.802,4.789,0.015,27.18,0
L2LM,1,2,51,15.545,6.86,4.044,0.014,26.462,0
L2LM,1,2,52,20.517,7.367,12.842,0.011,40.737,1
L2LM,1,2,53,13.657,9.893,5.316,0.012,28.879,0
L2LM,1,2,54,10.254,10.623,2.223,0.011,23.11,0
L2LM,1,2,55,17.577,7.366,23.467,0.014,48.424,1
L2LM,1,2,56,15.223,6.887,2.043,0.01,24.162,0
L2LM,1,2,57,19.995,7.129,2.171,0.015,29.31,0
L2LM,1,2,58,17.643,8.19,3.756,0.016,29.605,0
L2LM,1,2,59,16.871,8.537,9.366,0.013,34.787,1
L2LM,1,2,60,24.344,13.913,1.33,0.011,39.598,1
L2LM,1,2,61,14.024,9.07,12.053,0.016,35.163,1
L2LM,1,2,62,12.371,12.156,1.387,0.013,25.926,0
L2LM,1,2,63,14.727,12.854,1.559,0.014,29.154,0
L2LM,1,2,64,15.917,8.563,4.881,0.014,29.375,0
L2LM,1,2,65,18.525,7.428,12.631,0.015,38.599,1
L2LM,1,2,66,19.733,10.64,1.573,0.014,31.959,0
L2LM,1,2,67,15.903,10.487,4.878,0.017,31.284,0
L2LM,1,2,68,15.343,11.981,5.485,0.014,32.823,0
L2LM,1,2,69,13.509,12.737,4.759,0.014,31.02,0
L2LM,1,2,70,20.064,13.093,1.357,0.014,34.527,1
L2LM,1,2,71,10.825,10.741,6.417,0.013,27.996,0
L2LM,1,2,72,10.561,8.021,10.059,0.012,28.653,0
L2LM,1,2,73,11.111,9.397,8.222,0.012,28.742,0
L2LM,1,2,74,10.563,7.926,4.598,0.012,23.099,0
L2LM,1,2,75,8.73,8.216,1.993,2.824,21.763,0
L2LM,1,2,76,9.563,11.247,4.75,0.011,25.571,0
L2LM,1,2,77,8.556,7.063,4.858,0.012,20.489,0
L2LM,1,2,78,8.737,10.328,1.883,0.011,20.959,0
L2LM,1,2,79,8.646,10.432,1.261,0.009,20.347,0
L2LM,1,2,80,9.237,8.32,6.787,0.011,24.356,0
L2LM,1,2,81,8.287,10.038,9.224,0.013,27.563,0
L2LM,1,2,82,10.55,9.243,4.662,0.012,24.466,0
L2LM,1,2,83,10.97,9.264,1.551,0.026,21.81,0
L2LM,1,2,84,11.768,7.075,5.421,0.012,24.276,0
L2LM,1,2,85,5.587,10.504,4.95,0.012,21.053,0
L2LM,1,2,86,9.03,6.84,5.962,0.017,21.849,0
L2LM,1,2,87,11.033,6.666,1.234,0.01,18.943,0
L2LM,1,2,88,9.099,12.902,8.833,0.014,30.847,0
L2LM,1,2,89,8.594,10.536,5.936,0.01,25.076,0
L2LM,1,2,90,10.569,7.294,6.157,0.011,24.031,0
L2LM,1,2,91,14.464,7.088,1.523,0.012,23.087,0
L2LM,1,2,92,9.15,9.602,2.151,0.011,20.914,0
L2LM,1,2,93,9.606,10.533,3.433,0.01,23.581,0
L2LM,1,2,94,10.341,6.704,2.451,0.012,19.509,0
L2LM,1,2,95,11.844,6.697,2.852,0.011,21.405,0
L2LM,1,2,96,17.406,6.99,4.917,0.011,29.324,0
L2LM,1,2,97,12.593,7.133,1.336,0.011,21.072,0
L2LM,1,2,98,11.862,10.765,5.383,0.012,28.022,0
L2LM,1,2,99,8.553,9.476,1.284,0.01,19.323,0
L2LM,1,2,100,9.856,7.82,5.885,0.011,23.573,0
L2LM,1,2,101,7.094,9.025,4.959,0.011,21.089,0
L2LM,1,2,102,10.629,11.385,7.339,0.012,29.365,0
L2LM,1,2,103,10.698,9.882,1.248,0.011,21.838,0
L2LM,1,2,104,8.52,10.194,1.411,0.011,20.136,0
L2LM,1,2,105,20.59,8.74,12.449,0.026,41.806,1
L2LM,1,2,106,15.516,11.285,9.784,0.017,36.601,1
L2LM,1,2,107,15.433,8.465,3.93,0.013,27.842,0
L2LM,1,2,108,15.709,11.667,2.7,0.015,30.09,0
L2LM,1,2,109,18.301,6.811,5.17,0.016,30.297,0
L2LM,1,2,110,16.509,10.387,1.418,0.013,28.326,0
L2LM,1,2,111,14.321,11.196,2.997,0.016,28.531,0
L2LM,1,2,112,16.913,6.829,4.845,0.015,28.601,0
L2LM,1,2,113,17.26,8.07,9.871,0.015,35.215,1
L2LM,1,2,114,21.668,6.861,1.454,0.013,29.996,0
L2LM,1,2,115,15.367,9.706,2.805,0.014,27.892,0
L2LM,1,2,116,15.397,10.832,1.77,0.017,28.016,0
L2LM,1,2,117,18.398,7.08,11.455,0.015,36.949,1
L2LM,1,2,118,18.67,7.347,1.609,0.016,27.642,0
L2LM,1,2,119,15.15,10.96,1.518,0.013,27.641,0
L2LM,1,2,120,17.485,6.987,9.503,0.015,33.99,1
L2LM,1,2,121,14.424,6.946,6.294,0.014,27.678,0
L2LM,1,2,122,15.23,10.854,2.826,0.013,28.923,0
L2LM,1,2,123,17.823,6.852,2.51,0.013,27.198,0
L2LM,1,2,124,18.96,10.477,1.573,0.013,31.023,0
L2LM,1,2,125,16.211,6.97,6.662,0.014,29.857,0
L2LM,1,2,126,9.724,10.035,9.087,0.015,28.86,0
L2LM,1,2,127,8.491,10.531,5.095,0.011,24.128,0
L2LM,1,2,128,9.444,10.431,8.564,0.013,28.452,0
L2LM,1,2,129,8.399,7.999,3.634,0.01,20.042,0
L2LM,1,2,130,13.675,9.675,1.961,0.011,25.322,0
L2LM,1,2,131,10.508,7.429,1.835,0.012,19.785,0
L2LM,1,2,132,11.582,11.651,2.438,0.013,25.683,0
L2LM,1,2,133,8.208,9.278,1.51,0.01,19.007,0
L2LM,1,2,134,10.678,7.764,8.519,0.01,26.972,0
L2LM,1,2,135,9.29,6.735,14.051,0.012,30.088,0
L2LM,1,2,136,16.209,7.494,4.939,0.013,28.655,0
L2LM,1,2,137,13.554,7.131,1.216,0.01,21.911,0
L2LM,1,2,138,8.643,11.12,3.743,0.014,23.521,0
L2LM,1,2,139,12.655,8.859,4.735,0.012,26.261,0
L2LM,1,2,140,8.794,6.79,15.821,0.013,31.418,0
L2LM,1,2,141,10.356,6.753,1.213,0.01,18.332,0
L2LM,1,2,142,9.361,11.783,3.605,0.013,24.762,0
L2LM,1,2,143,9.482,11.832,1.074,0.01,22.399,0
L2LM,1,2,144,9.493,14.397,2.474,0.011,26.375,0
L2LM,1,2,145,11.572,15.006,1.203,0.011,27.791,0
L2LM,1,2,146,9.005,10.687,2.552,0.012,22.255,0
L2LM,1,2,147,7.619,10.717,6.37,0.012,24.718,0
L2LM,1,2,148,10.549,8.049,4.93,0.011,23.539,0
L2LM,1,2,149,12.755,6.647,4.901,0.012,24.315,0
L2LM,1,2,150,12.903,6.691,2.006,0.012,21.613,0
L2LM,1,2,151,20.878,6.884,3.583,0.014,31.359,0
L2LM,1,2,152,17.452,8.35,6.825,0.015,32.642,0
L2LM,1,2,153,16.312,8.771,3.509,0.013,28.606,0
L2LM,1,2,154,14.837,9.591,7.847,0.015,32.29,0
L2LM,1,2,155,21.03,7.417,8.752,0.014,37.213,1
L2LM,1,2,156,13.576,8.195,3.592,0.012,25.374,0
L2LM,1,2,157,18.233,7.004,2.225,0.013,27.475,0
L2LM,1,2,158,13.519,11.371,7.807,0.014,32.711,0
L2LM,1,2,159,9.834,12.433,1.209,0.014,23.491,0
L2LM,1,2,160,20.187,6.943,19.969,0.02,47.119,1
L2LM,1,2,161,14.52,7.598,5.213,0.015,27.346,0
L2LM,1,2,162,15.694,7.288,5.281,0.013,28.276,0
L2LM,1,2,163,5.584,11.283,3.922,0.011,20.8,0
L2LM,1,2,164,5.521,8.121,6.662,0.014,20.318,0
L2LM,1,2,165,15.814,9.596,1.25,0.013,26.672,0
L2LM,1,2,166,8.51,9.643,2.655,0.015,20.823,0
L2LM,1,2,167,25.923,8.363,5.86,0.015,40.161,1
L2LM,1,2,168,25.992,6.835,1.705,0.015,34.547,1
L2LM,1,2,169,21.898,7.17,9.025,0.014,38.108,1
L2LM,1,2,170,24.731,7.678,4.287,0.014,36.71,1
L2LM,1,2,171,22.246,9.506,2.675,0.015,34.442,1
L2LM,1,2,172,15.306,10.799,1.366,0.014,27.484,0
L2LM,1,2,173,15.488,11.145,4.356,0.014,31.003,0
L2LM,1,2,174,13.279,15.634,7.619,0.015,36.547,1
L2LM,1,2,175,19.853,7.344,4.36,0.012,31.569,0
L2LM,1,2,176,8.577,7.747,3.138,0.011,19.472,0
L2LM,1,2,177,10.522,7.285,4.252,0.012,22.072,0
L2LM,1,2,178,9.564,12.169,1.073,0.01,22.815,0
L2LM,1,2,179,5.556,10.354,8.024,0.013,23.947,0
L2LM,1,2,180,8.558,6.84,8.027,0.012,23.437,0
L2LM,1,2,181,12.428,7.599,1.35,0.011,21.388,0
L2LM,1,2,182,14.946,7.352,3.175,0.014,25.487,0
L2LM,1,2,183,10.548,9.518,3.022,0.011,23.099,0
L2LM,1,2,184,11.811,7.06,6.799,0.015,25.684,0
L2LM,1,2,185,11.442,7.894,2.709,0.01,22.055,0
L2LM,1,2,186,11.677,10.951,1.234,0.01,23.872,0
L2LM,1,2,187,8.517,12.201,6.346,0.012,27.076,0
L2LM,1,2,188,9.45,10.2,1.451,0.01,21.112,0
L2LM,1,2,189,8.584,10.946,4.966,0.011,24.508,0
L2LM,1,2,190,12.855,11.097,3.538,0.011,27.5,0
L2LM,1,2,191,10.754,6.696,1.199,0.01,18.658,0
L2LM,1,2,192,11.669,9.789,6.893,0.011,28.361,0
L2LM,1,2,193,8.506,14.895,8.048,0.011,31.46,0
L2LM,1,2,194,9.285,11.447,15.172,0.013,35.917,1
L2LM,1,2,195,8.483,11.014,9.224,0.014,28.735,0
L2LM,1,2,196,10.809,10.393,1.941,0.011,23.154,0
L2LM,1,2,197,8.733,6.819,4.87,0.013,20.435,0
L2LM,1,2,198,10.38,12.318,10.766,0.014,33.478,1
L2LM,1,2,199,8.365,12.228,5.474,0.012,26.079,0
L2LM,1,2,200,16.448,6.667,9.427,0.011,32.553,0
L2LM,1,2,201,11.444,12.935,17.812,0.014,42.204,1
L2LM,1,2,202,11.571,16.588,1.279,0.011,29.449,0
L2LM,1,2,203,15.429,8.359,2.399,0.013,26.2,0
L2LM,1,2,204,14.688,11.743,8.853,0.013,35.297,1
L2LM,1,2,205,13.148,10.869,13.43,0.012,37.459,1
L2LM,1,2,206,11.053,10.512,1.226,0.011,22.803,0
L2LM,1,2,207,12.116,8.435,7.604,0.011,28.166,0
L2LM,1,2,208,23.59,8.067,4.504,0.012,36.173,1
L2LM,1,2,209,18.337,6.655,8.775,0.014,33.781,1
L2LM,1,2,210,16.722,8.539,1.933,0.011,27.205,0
L2LM,1,2,211,15.226,11.177,6.42,0.011,32.835,0
L2LM,1,2,212,12.417,9.776,3.586,0.012,25.792,0
L2LM,1,2,213,14.489,10.294,9.607,0.014,34.404,1
L2LM,1,2,214,12.44,10.379,1.535,0.012,24.366,0
L2LM,1,2,215,10.028,7.284,7.907,0.012,25.231,0
L2LM,1,2,216,5.7,7.336,1.34,0.01,14.387,0
L2LM,1,2,217,17.59,9.832,6.788,0.011,34.221,1
L2LM,1,2,218,7.023,7.437,10.744,0.017,25.222,0
L2LM,1,2,219,15.599,7.314,12.713,0.014,35.64,1
L2LM,1,2,220,16.281,8.565,1.708,0.014,26.568,0
L2LM,1,2,221,17.614,6.891,6.59,0.016,31.112,0
L2LM,1,2,222,25.006,8.091,9.617,0.018,42.732,1
L2LM,1,2,223,19.231,7.676,11.562,0.019,38.488,1
L2LM,1,2,224,19.996,9.914,13.187,0.017,43.114,1
L2LM,1,2,225,16.04,7.817,4.294,0.015,28.167,0
L2LM,1,2,226,15.214,12.673,7.453,0.016,35.355,1
L2LM,1,2,227,13.653,7.841,1.548,0.012,23.054,0
L2LM,1,2,228,12.249,6.949,1.492,0.014,20.705,0
L2LM,1,2,229,13.056,6.832,6.758,0.014,26.66,0
L2LM,1,2,230,11.318,7.102,3.208,0.012,21.64,0
L2LM,1,2,231,7.519,6.812,5.063,0.013,19.408,0
L2LM,1,2,232,9.563,12.124,1.121,0.01,22.817,0
L2LM,1,2,233,18.203,9.335,7.818,0.012,35.367,1
L2LM,1,2,234,9.592,9.749,8.603,0.013,27.957,0
L2LM,1,2,235,9.587,15.793,8.626,0.017,34.023,1
L2LM,1,2,236,11.719,7.16,3.215,0.017,22.11,0
L2LM,1,2,237,8.439,15.649,1.744,0.016,25.849,0
L2LM,1,2,238,10.855,9.309,5.652,0.015,25.831,0
L2LM,1,2,239,8.731,7.796,7.051,0.016,23.594,0
L2LM,1,2,240,9.947,7.485,2.494,0.011,19.937,0
L2LM,1,2,241,12.103,8.502,7.932,0.013,28.551,0
L2LM,1,2,242,11.0,11.356,4.927,0.014,27.297,0
L2LM,1,2,243,8.716,6.96,1.35,0.014,17.04,0
L2LM,1,2,244,11.842,10.712,8.276,0.014,30.845,0
L2LM,1,2,245,13.421,7.55,7.319,0.014,28.305,0
L2LM,1,2,246,5.936,9.26,9.998,0.016,25.211,0
L2LM,1,2,247,16.003,7.591,9.053,0.02,32.666,0
L2LM,1,2,248,23.958,7.014,9.262,0.015,40.249,1
L2LM,1,2,249,11.329,21.177,7.746,0.014,40.266,1
L2LM,1,2,250,19.008,7.512,6.839,0.015,33.373,1
L2LM,1,2,251,9.247,6.948,9.316,0.015,25.526,0
L2LM,1,2,252,8.693,6.918,8.239,0.013,23.862,0
L2LM,1,2,253,8.608,7.11,5.842,0.019,21.579,0
L2LM,1,2,254,8.833,10.378,1.746,0.011,20.968,0
L2LM,1,2,255,10.078,6.684,4.878,0.012,21.652,0
L2LM,1,2,256,8.813,6.775,4.339,0.013,19.94,0
L2LM,1,2,257,6.739,7.313,4.602,0.011,18.664,0
L2LM,1,2,258,8.586,6.669,4.333,0.012,19.601,0
L2LM,1,2,259,10.661,6.649,2.613,0.012,19.935,0
L2LM,1,2,260,8.646,6.712,6.683,0.011,22.053,0
L2LM,1,2,261,9.249,6.729,1.349,0.01,17.336,0
L2LM,1,2,262,9.945,6.83,8.086,0.011,24.872,0
L2LM,1,2,263,8.572,8.405,11.902,0.011,28.89,0
L2LM,1,2,264,14.735,6.948,13.18,0.012,34.874,1
L2LM,1,2,265,7.501,6.829,1.617,0.011,15.958,0
L2LM,1,2,266,12.748,6.678,1.335,0.011,20.771,0
L2LM,1,2,267,13.799,6.723,1.324,0.011,21.857,0
L2LM,1,2,268,16.822,7.675,2.231,0.012,26.74,0
L2LM,1,2,269,7.632,6.695,1.407,0.01,15.744,0
L2LM,1,2,270,8.616,7.15,8.096,0.012,23.874,0
L2LM,1,2,271,9.701,8.131,5.877,0.015,23.724,0
L2LM,1,2,272,7.71,7.246,2.936,0.012,17.905,0
L2LM,1,2,273,11.776,6.678,2.458,0.011,20.923,0
L2LM,1,2,274,8.651,7.143,2.773,0.012,18.58,0
L2LM,1,2,275,11.568,6.902,8.198,0.01,26.678,0
L2LM,1,2,276,6.716,9.594,2.382,0.013,18.705,0
L2LM,1,2,277,11.693,8.278,7.892,0.011,27.875,0
L2LM,1,2,278,9.874,7.032,1.213,0.01,18.129,0
L2LM,1,2,279,8.57,6.907,4.501,0.014,19.993,0
L2LM,1,2,280,8.624,6.729,3.12,0.01,18.483,0
L2LM,1,2,281,7.664,6.685,1.364,0.009,15.722,0
L2LM,1,2,282,11.731,7.042,2.829,0.011,21.613,0
L2LM,1,2,283,10.716,6.974,1.494,0.012,19.196,0
L2LM,1,2,284,7.713,6.86,6.634,0.011,21.219,0
L2LM,1,2,285,9.715,6.749,1.875,0.012,18.351,0
L2LM,1,2,286,7.193,6.704,5.126,0.012,19.034,0
L2LM,1,2,287,13.905,6.701,4.35,0.011,24.967,0
L2LM,1,2,288,11.336,7.592,12.126,0.02,31.074,0
L2LM,1,2,289,12.039,7.081,2.46,0.012,21.592,0
L2LM,1,2,290,11.222,10.613,1.351,0.012,23.198,0
L2LM,1,2,291,8.315,10.37,7.848,0.012,26.545,0
L2LM,1,2,292,10.937,9.705,2.068,0.011,22.721,0
L2LM,1,2,293,12.916,6.98,11.97,0.018,31.884,0
L2LM,1,2,294,8.96,6.704,3.737,0.011,19.412,0
L2LM,1,2,295,7.483,7.052,8.032,0.01,22.577,0
L2LM,1,2,296,7.637,6.887,14.912,0.013,29.45,0
L2LM,1,2,297,5.608,6.931,1.269,0.01,13.818,0
L2LM,1,2,298,13.442,6.987,1.205,0.011,21.645,0
L2LM,1,2,299,11.536,10.732,4.909,0.011,27.189,0
L2LM,1,2,300,14.663,7.372,10.114,0.013,32.162,0
L2LM,1,2,301,8.56,6.908,1.193,0.01,16.671,0
L2LM,1,2,302,11.637,6.717,1.137,0.01,19.502,0
L2LM,1,2,303,10.513,7.946,1.086,0.012,19.556,0
L2LM,1,2,304,12.225,6.871,4.67,0.012,23.777,0
L2LM,1,2,305,8.576,6.693,4.924,0.011,20.204,0
L2LM,1,2,306,10.499,7.188,2.869,0.013,20.568,0
L2LM,1,2,307,8.681,15.439,13.516,0.016,37.652,1
L2LM,1,2,308,18.542,6.976,6.546,0.014,32.078,0
L2LM,1,2,309,19.18,8.145,2.923,0.013,30.26,0
L2LM,1,2,310,19.837,9.208,1.782,0.013,30.84,0
L2LM,1,2,311,19.421,10.779,2.579,0.014,32.793,0
L2LM,1,2,312,13.12,11.266,9.346,0.014,33.746,1
L2LM,1,2,313,17.439,7.179,4.893,0.014,29.525,0
L2LM,1,2,314,16.466,11.342,4.67,0.016,32.495,0
L2LM,1,2,315,17.122,7.374,1.432,0.014,25.942,0
L2LM,1,2,316,15.233,17.151,9.577,0.015,41.976,1
L2LM,1,2,317,16.163,7.685,1.241,0.013,25.104,0
L2LM,1,2,318,15.179,11.268,1.464,0.015,27.926,0
L2LM,1,2,319,14.267,12.21,6.638,0.016,33.13,0
L2LM,1,2,320,13.429,10.986,5.531,0.016,29.961,0
L2LM,1,2,321,15.213,11.165,1.536,0.016,27.93,0
L2LM,1,2,322,18.25,7.223,4.25,0.014,29.738,0
L2LM,1,2,323,17.226,9.779,1.367,0.014,28.386,0
L2LM,1,2,324,16.216,6.963,9.74,0.017,32.936,0
L2LM,1,2,325,18.157,8.648,1.312,0.015,28.132,0
L2LM,1,2,326,18.232,6.774,3.129,0.015,28.151,0
L2LM,1,2,327,22.184,10.719,7.638,0.017,40.559,1
L2LM,1,2,328,22.249,11.168,7.36,0.018,40.795,1
L2LM,1,2,329,23.323,7.314,12.219,0.017,42.873,1
L2LM,1,2,330,26.452,6.9,3.017,0.016,36.385,1
L2LM,1,2,331,14.231,15.705,1.375,0.02,31.332,0
L2LM,1,2,332,19.818,6.836,1.267,0.015,27.935,0
L2LM,1,2,333,20.851,7.112,5.313,0.019,33.294,0
L2LM,1,2,334,14.183,7.723,10.188,0.024,32.118,0
L2LM,1,2,335,14.39,9.438,3.054,0.014,26.897,0
L2LM,1,2,336,19.314,13.506,6.599,0.016,39.436,1
L2LM,1,2,337,15.156,10.158,1.707,0.017,27.038,0
L2LM,1,2,338,19.358,9.279,2.954,0.02,31.611,0
L2LM,1,2,339,14.845,12.377,1.51,0.016,28.747,0
L2LM,1,2,340,15.426,9.678,3.612,0.015,28.732,0
L2LM,1,2,341,15.247,18.436,5.312,0.017,39.013,1
L2LM,1,2,342,19.268,12.026,6.276,0.015,37.585,1
L2LM,1,2,343,16.222,10.38,2.069,0.014,28.685,0
L2LM,1,2,344,18.258,8.506,11.309,0.027,38.1,1
L2LM,1,2,345,16.142,13.051,5.208,0.015,34.415,1
L2LM,1,2,346,19.151,8.825,9.503,0.022,37.501,1
L2LM,1,2,347,15.234,6.879,2.706,0.015,24.834,0
L2LM,1,2,348,19.284,6.95,4.089,0.017,30.339,0
L2LM,1,2,349,17.359,6.881,5.239,0.019,29.497,0
L2LM,1,2,350,15.158,8.252,6.717,0.025,30.152,0
L2LM,1,2,351,14.115,7.065,8.902,0.019,30.1,0
L2LM,1,2,352,17.131,7.073,7.771,0.017,31.993,0
L2LM,1,2,353,17.247,6.898,5.211,0.016,29.372,0
L2LM,1,2,354,15.325,12.343,4.475,0.017,32.16,0
L2LM,1,2,355,17.788,18.476,25.753,0.016,62.033,1
L2LM,1,2,356,28.529,14.453,11.326,0.016,54.324,1
L2LM,1,2,358,9.264,7.148,11.795,0.017,28.224,0
L2LM,1,2,359,16.477,11.105,14.219,0.014,41.815,1
L2LM,1,2,360,5.386,15.402,5.093,0.014,25.896,0
L2LM,1,2,361,13.041,12.269,10.051,0.015,35.375,1
L2LM,1,2,362,7.482,11.187,5.915,0.016,24.6,0
L2LM,1,2,363,6.084,8.595,9.62,0.017,24.315,0
L2LM,1,2,364,18.135,6.933,3.541,0.016,28.626,0
L2LM,1,2,365,17.161,7.303,10.829,0.029,35.322,1
L2LM,1,2,366,19.555,10.56,19.369,0.03,49.514,1
L2LM,1,2,367,24.831,6.905,2.667,0.024,34.427,1
L2LM,1,2,368,17.577,7.032,12.238,0.019,36.865,1
L2LM,1,2,369,18.697,6.913,8.426,0.016,34.052,1
L2LM,1,2,370,15.549,9.124,3.849,0.017,28.539,0
L2LM,1,2,371,17.331,7.805,13.56,0.024,38.72,1
L2LM,1,2,372,17.982,7.538,5.698,0.016,31.234,0
L2LM,1,2,373,14.636,12.592,7.1,0.016,34.344,1
L2LM,1,2,374,15.197,7.531,14.431,0.018,37.177,1
L2LM,1,2,375,20.143,7.319,6.997,0.017,34.476,1
L2LM,1,2,376,22.94,7.749,7.964,0.015,38.668,1
L2LM,1,2,378,15.532,6.938,10.151,0.019,32.64,0
L2LM,1,2,379,30.231,7.632,3.142,0.018,41.024,1
L2LM,1,2,380,25.458,7.446,4.744,0.019,37.667,1
L2LM,1,2,381,23.74,7.634,3.876,0.017,35.268,1
L2LM,1,2,382,16.408,13.082,12.893,0.025,42.408,1
L2LM,1,2,383,23.132,16.607,18.591,0.018,58.348,1
L2LM,1,2,385,5.558,10.994,6.417,0.015,22.983,0
L2LM,1,2,386,14.085,9.494,5.789,0.013,29.38,0
L2LM,1,2,387,8.494,15.597,11.448,0.015,35.553,1
L2LM,1,2,388,11.686,10.899,1.761,0.012,24.358,0
L2LM,1,2,389,8.446,11.356,1.481,0.012,21.295,0
L2LM,1,2,390,9.109,11.754,7.217,0.017,28.097,0
L2LM,1,2,391,11.038,10.682,1.638,0.014,23.372,0
L2LM,1,2,392,8.854,10.457,2.94,0.014,22.265,0
L2LM,1,2,393,12.922,8.942,5.861,0.014,27.739,0
L2LM,1,2,394,11.238,8.997,7.807,0.018,28.061,0
L2LM,1,2,395,9.642,9.177,12.678,0.017,31.514,0
L2LM,1,2,396,8.529,10.063,4.589,0.011,23.192,0
L2LM,1,2,397,9.44,10.93,1.824,0.015,22.209,0
L2LM,1,2,398,8.311,10.831,2.065,0.012,21.219,0
L2LM,1,2,399,13.223,8.48,5.104,0.011,26.818,0
L2LM,1,2,400,8.469,11.7,5.808,0.012,25.989,0
L2LM,1,2,401,8.46,10.573,3.505,0.012,22.55,0
L2LM,1,2,402,10.363,6.988,5.686,0.014,23.051,0
L2LM,1,2,403,8.938,11.423,4.698,0.012,25.07,0
L2LM,1,2,404,17.107,12.647,2.749,0.016,32.519,0
L2LM,1,2,405,10.386,7.363,10.738,0.013,28.5,0
L2LM,1,2,406,10.404,7.079,5.084,0.013,22.58,0
L2LM,1,2,407,15.08,7.383,2.113,0.012,24.588,0
L2LM,1,2,408,8.355,13.142,4.418,0.014,25.929,0
L2LM,1,2,409,12.129,7.828,2.27,0.012,22.238,0
L2LM,1,2,410,10.43,6.766,9.421,0.013,26.629,0
L2LM,1,2,411,8.392,11.678,1.156,0.012,21.238,0
L2LM,1,2,412,11.011,7.338,6.15,0.011,24.511,0
L2LM,1,2,413,12.473,6.729,1.27,0.011,20.483,0
L2LM,1,2,414,9.437,18.327,3.605,0.011,31.381,0
L2LM,1,2,415,10.418,6.652,1.567,0.01,18.646,0
L2LM,1,2,416,12.424,6.895,1.162,0.01,20.491,0
L2LM,1,2,417,10.39,6.975,7.262,0.012,24.639,0
L2LM,1,2,418,6.906,15.607,9.195,0.016,31.725,0
L2LM,1,2,419,8.447,11.31,4.563,0.011,24.331,0
L2LM,1,2,420,8.356,16.095,6.544,0.011,31.006,0
L2LM,1,2,421,10.578,6.981,4.503,0.01,22.072,0
L2LM,1,2,422,8.354,10.94,7.68,0.012,26.985,0
L2LM,1,2,423,10.249,12.02,1.185,0.011,23.465,0
L2LM,1,2,424,9.096,6.934,6.54,0.012,22.582,0
L2LM,1,2,425,6.343,15.876,2.171,0.01,24.401,0
L2LM,1,2,426,11.212,6.835,1.203,0.01,19.26,0
L2LM,1,2,427,11.94,7.028,13.952,0.012,32.931,0
L2LM,1,2,428,8.842,9.693,4.529,0.012,23.076,0
L2LM,1,2,429,8.329,6.665,10.342,0.011,25.347,0
L2LM,1,2,430,8.404,6.745,4.832,0.01,19.991,0
L2LM,1,2,431,8.576,9.896,3.187,0.011,21.671,0
L2LM,1,2,432,12.134,6.652,6.41,0.011,25.207,0
L2LM,1,2,433,11.78,6.761,9.728,0.012,28.281,0
L2LM,1,2,434,15.346,8.503,8.651,0.011,32.511,0
L2LM,1,2,435,7.684,6.822,4.697,0.012,19.216,0
L2LM,1,2,436,10.542,16.386,5.031,0.013,31.972,0
L2LM,1,2,437,5.426,15.76,1.643,0.014,22.843,0
L2LM,1,2,438,17.121,17.894,5.222,0.013,40.25,1
L2LM,1,2,439,5.44,12.474,7.795,0.016,25.725,0
L2LM,1,2,440,14.459,10.379,5.245,0.012,30.094,0
L2LM,1,2,441,5.51,8.531,3.206,0.012,17.259,0
L2LM,1,2,442,5.289,12.458,2.747,0.011,20.504,0
L2LM,1,2,443,8.699,7.608,4.727,0.011,21.045,0
L2LM,1,2,444,9.43,14.592,2.173,0.011,26.206,0
L2LM,1,2,445,8.699,13.391,21.205,0.013,43.308,1
L2LM,1,2,446,15.427,10.944,11.917,0.015,38.303,1
L2LM,1,2,447,15.737,10.542,1.295,0.013,27.587,0
L2LM,1,2,448,21.159,9.913,2.873,0.012,33.958,1
L2LM,1,2,449,16.356,7.319,8.771,0.01,32.456,0
L2LM,1,2,450,6.907,15.325,4.144,0.012,26.388,0
L2LM,1,2,451,14.931,19.861,1.198,0.011,36.002,1
L2LM,1,2,452,12.619,8.171,18.012,0.013,38.815,1
L2LM,1,2,453,5.405,13.515,1.364,0.011,20.295,0
L2LM,1,2,454,8.477,13.248,5.221,0.013,26.959,0
L2LM,1,2,455,8.791,14.833,3.76,0.011,27.394,0
L2LM,1,2,456,10.239,9.581,1.269,0.012,21.101,0
L2LM,1,2,457,7.416,6.773,1.473,0.012,15.674,0
L2LM,1,2,458,8.24,9.817,1.499,0.011,19.567,0
L2LM,1,2,459,11.596,9.571,6.234,0.011,27.412,0
L2LM,1,2,460,8.76,6.846,3.474,0.012,19.093,0
L2LM,1,2,461,8.764,12.443,1.349,0.012,22.568,0
L2LM,1,2,462,14.456,6.658,3.392,0.011,24.517,0
L2LM,1,2,463,10.3,6.842,4.507,0.012,21.661,0
L2LM,1,2,464,12.21,6.806,2.684,0.011,21.71,0
L2LM,1,2,465,11.487,6.945,1.835,0.011,20.278,0
L2LM,1,2,466,12.665,7.055,2.516,0.012,22.248,0
L2LM,1,2,467,11.336,6.679,1.698,0.011,19.724,0
L2LM,1,2,468,8.361,8.593,2.146,0.01,19.11,0
L2LM,1,2,469,7.411,15.802,6.951,0.012,30.174,0
L2LM,1,2,470,7.913,21.095,4.752,0.011,33.771,1
L2LM,1,2,471,8.414,6.826,1.129,0.01,16.38,0
L2LM,1,2,472,8.371,11.437,1.233,0.009,21.05,0
L2LM,1,2,473,12.306,6.811,4.793,0.01,23.921,0
L2LM,1,2,474,8.261,6.642,4.353,0.01,19.266,0
L2LM,1,3,30,11.852,6.678,1.34,0.01,19.88,0
L2LM,1,3,31,8.216,10.402,3.179,0.01,21.808,0
L2LM,1,3,32,11.468,7.222,12.361,0.013,31.064,0
L2LM,1,3,33,11.605,7.852,3.997,0.011,23.464,0
L2LM,1,3,34,9.259,7.972,6.524,0.01,23.765,0
L2LM,1,3,35,11.276,6.847,1.233,0.01,19.365,0
L2LM,1,3,36,9.359,11.716,11.553,0.059,32.687,0
L2LM,1,3,37,10.32,7.181,11.114,0.011,28.625,0
L2LM,1,3,38,8.33,6.941,8.761,0.011,24.043,0
L2LM,1,3,39,12.477,6.727,2.83,0.011,22.046,0
L2LM,1,3,40,8.308,6.857,1.332,0.009,16.506,0
L2LM,1,3,41,12.097,7.707,8.305,0.011,28.12,0
L2LM,1,3,42,5.244,12.653,1.518,0.01,19.425,0
L2LM,1,3,43,8.312,15.182,4.871,0.01,28.375,0
L2LM,1,3,44,8.239,17.787,1.316,0.01,27.353,0
L2LM,1,3,45,8.273,14.384,4.619,0.01,27.286,0
L2LM,1,3,46,12.293,6.687,12.008,0.011,30.999,0
L2LM,1,3,47,6.341,6.759,3.062,0.012,16.175,0
L2LM,1,3,48,8.259,14.872,1.29,0.01,24.431,0
L2LM,1,3,49,8.156,15.601,6.507,0.011,30.275,0
L2LM,1,3,50,11.217,6.902,2.892,0.009,21.021,0
L2LM,1,3,51,10.216,6.85,1.345,0.01,18.422,0
L2LM,1,3,52,10.261,7.398,8.867,0.012,26.538,0
L2LM,1,3,53,10.197,6.945,1.426,0.011,18.579,0
L2LM,1,3,54,8.303,9.444,4.485,0.011,22.243,0
L2LM,1,3,55,9.371,7.398,4.987,0.013,21.769,0
L2LM,1,3,56,15.835,6.87,11.164,0.015,33.884,1
L2LM,1,3,57,15.408,9.431,2.63,0.014,27.482,0
L2LM,1,3,58,8.213,7.053,5.997,0.011,21.273,0
L2LM,1,3,59,8.689,10.294,6.325,0.021,25.328,0
L2LM,1,3,60,11.247,7.057,9.007,0.013,27.323,0
L2LM,1,3,61,8.235,7.281,4.581,0.012,20.109,0
L2LM,1,3,62,8.346,7.606,6.253,0.011,22.216,0
L2LM,1,3,63,10.265,14.418,1.539,0.012,26.234,0
L2LM,1,3,64,16.648,10.0,1.531,0.012,28.191,0
L2LM,1,3,65,10.273,9.543,2.717,0.011,22.543,0
L2LM,1,3,66,8.362,10.489,2.816,0.012,21.678,0
L2LM,1,3,67,11.254,11.228,8.055,0.012,30.549,0
L2LM,1,3,68,6.329,11.24,3.655,0.011,21.235,0
L2LM,1,3,69,10.291,10.296,7.374,0.013,27.973,0
L2LM,1,3,70,8.222,8.097,4.456,0.011,20.786,0
L2LM,1,3,71,7.292,11.341,3.743,0.013,22.39,0
L2LM,1,3,72,10.609,10.47,7.743,0.013,28.835,0
L2LM,1,3,73,8.255,9.975,1.201,0.01,19.441,0
L2LM,1,3,74,8.452,15.241,5.92,0.01,29.623,0
L2LM,1,3,75,7.35,10.798,4.091,0.011,22.25,0
L2LM,1,3,76,10.45,6.996,5.631,0.013,23.09,0
L2LM,1,3,77,11.071,7.331,4.578,0.013,22.993,0
L2LM,1,3,78,12.411,7.456,1.198,0.011,21.077,0
L2LM,1,3,79,16.233,7.066,4.776,0.016,28.092,0
L2LM,1,3,80,10.409,12.18,1.071,0.01,23.669,0
L2LM,1,3,81,8.063,12.727,4.429,0.011,25.23,0
L2LM,1,3,82,9.426,6.87,2.779,0.009,19.084,0
L2LM,1,3,83,11.447,7.017,1.414,0.011,19.89,0
L2LM,1,3,84,12.368,8.345,2.424,0.011,23.147,0
L2LM,1,3,85,10.393,6.826,7.333,0.01,24.562,0
L2LM,1,3,86,7.723,15.079,1.228,0.01,24.04,0
L2LM,1,3,87,12.264,6.807,2.371,0.012,21.454,0
L2LM,1,3,88,8.393,7.575,3.62,0.01,19.597,0
L2LM,1,3,89,10.007,6.721,3.564,0.01,20.301,0
L2LM,1,3,90,10.545,7.583,8.144,0.014,26.286,0
L2LM,1,3,91,8.433,7.603,5.558,0.014,21.607,0
L2LM,1,3,92,8.729,7.215,10.557,0.013,26.513,0
L2LM,1,3,93,12.553,6.84,9.791,0.012,29.196,0
L2LM,1,3,94,12.736,6.798,4.413,0.011,23.958,0
L2LM,1,3,95,11.645,7.234,3.124,0.012,22.015,0
L2LM,1,3,96,8.843,15.762,1.023,0.011,25.638,0
L2LM,1,3,97,6.596,14.355,1.062,0.01,22.023,0
L2LM,1,3,98,14.858,10.067,1.763,0.011,26.699,0
L2LM,1,3,99,11.768,6.874,3.843,0.013,22.498,0
L2LM,1,3,100,8.415,6.86,2.212,0.011,17.497,0
L2LM,1,3,101,8.469,7.097,0.733,0.015,16.313,0
L2LM,1,3,102,8.416,6.869,4.07,0.01,19.365,0
L2LM,1,3,103,8.409,6.95,1.155,0.011,16.525,0
L2LM,1,3,104,8.545,6.946,1.108,0.01,16.609,0
L2LM,1,3,105,10.463,7.985,10.851,0.014,29.313,0
L2LM,1,3,106,8.519,6.647,3.904,0.01,19.081,0
L2LM,1,3,107,9.341,6.966,4.12,0.011,20.438,0
L2LM,1,3,108,10.836,7.107,1.175,0.011,19.129,0
L2LM,1,3,109,26.878,9.335,1.428,0.016,37.656,1
L2LM,1,3,110,17.249,6.982,2.786,0.014,27.031,0
L2LM,1,3,111,16.597,7.917,6.868,0.023,31.406,0
L2LM,1,3,112,16.493,6.808,4.824,0.013,28.139,0
L2LM,1,3,113,20.245,6.845,1.192,0.013,28.295,0
L2LM,1,3,114,17.745,9.521,5.07,0.013,32.349,0
L2LM,1,3,115,19.0,6.878,5.929,0.017,31.825,0
L2LM,1,3,116,15.41,8.771,1.797,0.014,25.992,0
L2LM,1,3,117,18.552,7.846,1.395,0.014,27.807,0
L2LM,1,3,118,17.628,8.376,5.143,0.016,31.164,0
L2LM,1,3,119,15.09,8.146,3.999,0.014,27.249,0
L2LM,1,3,120,17.373,7.151,4.672,0.015,29.21,0
L2LM,1,3,121,14.73,9.081,4.793,0.016,28.62,0
L2LM,1,3,122,12.793,12.235,3.457,0.011,28.496,0
L2LM,1,3,123,11.315,6.871,13.773,0.014,31.974,0
L2LM,1,3,124,9.496,8.982,1.167,0.01,19.656,0
L2LM,1,3,125,8.367,10.444,4.636,0.011,23.459,0
L2LM,1,3,126,8.45,10.909,5.291,0.011,24.661,0
L2LM,1,3,127,8.289,10.349,4.505,0.012,23.155,0
L2LM,1,3,128,7.394,10.054,4.221,0.01,21.68,0
L2LM,1,3,129,9.256,10.316,1.177,0.01,20.757,0
L2LM,1,3,130,8.269,10.696,1.571,0.012,20.549,0
L2LM,1,3,131,9.025,10.41,4.614,0.012,24.06,0
L2LM,1,3,132,8.679,7.619,7.247,0.011,23.555,0
L2LM,1,3,133,6.33,8.421,3.207,0.011,17.969,0
L2LM,1,3,134,8.349,10.372,4.676,0.014,23.411,0
L2LM,1,3,135,9.411,10.87,1.694,0.012,21.987,0
L2LM,1,3,136,14.856,9.382,1.349,0.01,25.598,0
L2LM,1,3,137,12.549,9.463,3.626,0.013,25.651,0
L2LM,1,3,138,12.4,6.831,3.597,0.01,22.838,0
L2LM,1,3,139,19.912,6.698,5.914,0.011,32.536,0
L2LM,1,3,140,13.128,6.748,1.129,0.01,21.016,0
L2LM,1,3,141,8.433,11.176,3.995,0.016,23.619,0
L2LM,1,3,142,10.364,6.888,4.424,0.015,21.691,0
L2LM,1,3,143,8.542,10.483,1.804,0.014,20.842,0
L2LM,1,3,144,8.432,11.875,5.481,0.014,25.802,0
L2LM,1,3,145,8.462,12.087,7.147,0.015,27.711,0
L2LM,1,3,146,10.462,7.057,1.154,0.011,18.683,0
L2LM,1,3,147,13.337,10.361,3.835,0.011,27.544,0
L2LM,1,3,148,10.424,8.024,4.858,0.011,23.318,0
L2LM,1,3,149,15.593,10.693,1.327,0.013,27.627,0
L2LM,1,3,150,8.425,11.008,1.155,0.011,20.598,0
L2LM,1,3,151,11.64,7.422,5.545,0.011,24.618,0
L2LM,1,3,152,10.441,11.767,3.864,0.013,26.085,0
L2LM,1,3,153,9.44,10.638,1.576,0.012,21.666,0
L2LM,1,3,154,8.426,10.924,10.607,0.02,29.977,0
L2LM,1,3,155,10.807,10.75,4.579,0.011,26.147,0
L2LM,1,3,156,7.675,9.033,4.933,0.013,21.654,0
L2LM,1,3,157,8.404,8.096,5.103,0.014,21.617,0
L2LM,1,3,158,8.443,10.409,4.881,0.012,23.745,0
L2LM,1,3,159,8.537,15.538,1.45,0.012,25.536,0
L2LM,1,3,160,8.462,12.054,1.308,0.012,21.835,0
L2LM,1,3,161,9.664,9.993,4.424,0.01,24.091,0
L2LM,1,3,162,12.425,6.821,1.289,0.013,20.548,0
L2LM,1,3,163,19.472,6.652,1.433,0.013,27.569,0
L2LM,1,3,164,8.993,14.427,4.449,0.011,27.88,0
L2LM,1,3,165,8.416,12.057,4.752,0.011,25.236,0
L2LM,1,3,166,8.374,10.857,1.112,0.011,20.355,0
L2LM,1,3,167,8.381,10.459,4.575,0.013,23.427,0
L2LM,1,3,168,12.439,7.76,1.289,0.012,21.501,0
L2LM,1,3,169,11.456,8.053,3.275,0.011,22.795,0
L2LM,1,3,170,12.054,11.005,2.348,0.012,25.418,0
L2LM,1,3,171,11.52,6.73,4.833,0.011,23.094,0
L2LM,1,3,172,18.277,7.332,1.187,0.011,26.808,0
L2LM,1,3,173,11.391,6.798,4.822,0.011,23.023,0
L2LM,1,3,174,13.869,10.636,6.063,0.011,30.579,0
L2LM,1,3,175,14.313,6.904,5.072,0.014,26.303,0
L2LM,1,3,176,6.421,17.087,5.445,0.011,28.964,0
L2LM,1,3,177,10.393,14.296,1.156,0.011,25.856,0
L2LM,1,3,178,8.366,6.681,7.505,0.011,22.562,0
L2LM,1,3,179,8.429,11.045,4.33,0.012,23.816,0
L2LM,1,3,180,9.089,7.511,4.553,0.012,21.164,0
L2LM,1,3,181,7.905,7.113,6.399,0.011,21.428,0
L2LM,1,3,182,10.835,11.221,4.572,0.014,26.643,0
L2LM,1,3,183,8.485,6.691,2.558,0.011,17.744,0
L2LM,1,3,184,11.374,8.139,7.642,0.012,27.168,0
L2LM,1,3,185,8.495,7.201,11.818,0.012,27.526,0
L2LM,1,3,186,13.387,13.587,1.516,0.011,28.501,0
L2LM,1,3,187,10.899,10.961,3.054,0.012,24.926,0
L2LM,1,3,188,7.413,7.176,1.258,0.01,15.858,0
L2LM,1,3,189,8.734,11.456,1.142,0.01,21.342,0
L2LM,1,3,190,8.366,16.468,2.505,0.011,27.35,0
L2LM,1,3,191,7.116,16.347,4.969,0.014,28.446,0
L2LM,1,3,192,7.376,9.584,7.443,0.015,24.418,0
L2LM,1,3,193,10.879,15.652,1.158,0.01,27.699,0
L2LM,1,3,194,8.633,6.735,14.986,0.013,30.368,0
L2LM,1,3,195,6.807,14.616,7.893,0.013,29.328,0
L2LM,1,3,196,8.753,15.313,2.803,0.015,26.884,0
L2LM,1,3,197,7.533,14.649,1.24,0.011,23.432,0
L2LM,1,3,198,11.877,6.768,5.424,0.013,24.082,0
L2LM,1,3,199,9.483,8.135,4.521,0.011,22.15,0
L2LM,1,3,200,10.364,7.637,2.529,0.014,20.544,0
L2LM,1,3,201,11.876,7.418,4.392,0.012,23.697,0
L2LM,1,3,202,8.193,11.186,6.336,0.013,25.728,0
L2LM,1,3,203,11.329,6.968,4.516,0.011,22.825,0
L2LM,1,3,204,8.517,11.23,6.241,0.012,25.999,0
L2LM,1,3,205,7.471,7.773,8.534,0.011,23.789,0
L2LM,1,3,206,7.623,7.385,1.285,0.011,16.304,0
L2LM,1,3,207,11.554,6.751,9.112,0.012,27.43,0
L2LM,1,3,208,9.249,7.208,6.866,0.013,23.336,0
L2LM,1,3,209,11.448,10.424,1.346,0.011,23.229,0
L2LM,1,3,210,8.758,6.845,2.011,0.011,17.625,0
L2LM,1,3,211,8.444,6.736,2.332,0.01,17.522,0
L2LM,1,3,212,8.656,10.717,6.486,0.012,25.871,0
L2LM,1,3,213,10.497,10.651,1.707,0.013,22.867,0
L2LM,1,3,214,8.609,12.708,11.497,0.013,32.827,0
L2LM,1,3,215,8.418,6.848,1.13,0.01,16.406,0
L2LM,1,3,216,9.722,6.874,1.275,0.01,17.881,0
L2LM,1,3,217,9.03,11.123,6.648,0.013,26.814,0
L2LM,1,3,218,7.442,8.654,2.721,0.01,18.827,0
L2LM,1,3,219,10.528,10.393,3.045,0.011,23.976,0
L2LM,1,3,220,10.474,6.839,12.392,0.014,29.719,0
L2LM,1,3,221,8.193,6.756,4.23,0.01,19.189,0
L2LM,1,3,222,10.913,8.764,1.119,0.01,20.806,0
L2LM,1,3,223,11.481,6.893,5.419,0.014,23.808,0
L2LM,1,3,224,8.011,9.833,1.222,0.01,19.076,0
L2LM,1,3,225,9.563,10.177,1.235,0.011,20.986,0
L2LM,1,3,226,9.646,9.79,4.816,0.011,24.262,0
L2LM,1,3,227,12.543,6.62,9.869,0.013,29.045,0
L2LM,1,3,228,8.423,6.764,7.866,0.013,23.066,0
L2LM,1,3,229,10.452,9.474,3.27,0.011,23.207,0
L2LM,1,3,230,11.5,7.011,4.757,0.013,23.282,0
L2LM,1,3,231,9.065,6.939,1.748,0.011,17.762,0
L2LM,1,3,232,8.427,17.265,4.751,0.013,30.456,0
L2LM,1,3,233,8.377,6.683,1.528,0.011,16.598,0
L2LM,1,3,234,10.405,6.707,8.117,0.014,25.243,0
L2LM,1,3,235,13.44,6.815,1.383,0.013,21.651,0
L2LM,1,3,236,8.131,12.816,8.598,0.012,29.557,0
L2LM,1,3,237,8.967,13.484,1.172,0.01,23.633,0
L2LM,1,3,238,8.358,6.989,1.293,0.01,16.65,0
L2LM,1,3,239,12.032,6.829,5.419,0.015,24.295,0
L2LM,1,3,240,12.498,6.936,1.266,0.011,20.711,0
L2LM,1,3,241,12.466,6.699,4.645,0.014,23.824,0
L2LM,1,3,242,12.399,6.95,1.116,0.01,20.475,0
L2LM,1,3,243,8.845,15.734,10.506,0.012,35.096,1
L2LM,1,3,244,10.395,6.655,4.6,0.011,21.662,0
L2LM,1,3,245,10.413,6.784,8.825,0.011,26.032,0
L2LM,1,3,246,7.447,7.283,2.378,0.012,17.119,0
L2LM,1,3,247,6.852,11.727,1.172,0.01,19.76,0
L2LM,1,3,248,8.469,16.057,9.979,0.013,34.518,1
L2LM,1,3,249,8.545,8.369,1.144,0.01,18.068,0
L2LM,1,3,250,17.187,7.726,10.532,0.018,35.462,1
L2LM,1,3,251,9.128,15.537,3.932,0.013,28.61,0
L2LM,1,3,252,9.421,8.23,28.276,0.024,45.952,1
L2LM,1,3,253,9.408,11.396,11.467,0.013,32.284,0
L2LM,1,3,254,9.78,10.313,2.121,0.014,22.229,0
L2LM,1,3,255,12.516,6.7,2.23,0.013,21.46,0
L2LM,1,3,256,12.5,6.764,1.284,0.01,20.558,0
L2LM,1,3,257,12.202,6.908,5.47,0.011,24.59,0
L2LM,1,3,258,5.51,11.963,6.993,0.012,24.479,0
L2LM,1,3,259,12.418,6.747,5.277,0.012,24.454,0
L2LM,1,3,260,9.059,6.78,10.218,0.012,26.069,0
L2LM,1,3,261,10.505,10.03,6.645,0.011,27.192,0
L2LM,1,3,262,8.626,11.866,1.239,0.011,21.742,0
L2LM,1,3,263,11.847,6.705,9.258,0.011,27.821,0
L2LM,1,3,264,7.536,19.332,3.179,0.013,30.06,0
L2LM,1,3,265,10.669,7.16,4.921,0.012,22.761,0
L2LM,1,3,266,16.435,6.767,7.362,0.012,30.575,0
L2LM,1,3,267,10.404,12.732,1.183,0.012,24.331,0
L2LM,1,3,268,11.484,7.018,5.064,0.013,23.579,0
L2LM,1,3,269,8.522,10.432,1.273,0.013,20.24,0
L2LM,1,3,270,13.013,6.729,8.192,0.013,27.948,0
L2LM,1,3,271,8.712,12.08,6.253,0.011,27.056,0
L2LM,1,3,272,7.566,13.602,1.231,0.011,22.41,0
L2LM,1,3,273,12.896,6.815,4.414,0.012,24.137,0
L2LM,1,3,274,8.448,16.462,9.129,0.014,34.053,1
L2LM,1,3,275,5.536,7.036,15.757,0.014,28.343,0
L2LM,1,3,276,11.715,6.878,10.097,0.02,28.71,0
L2LM,1,3,277,15.232,11.196,6.845,0.017,33.29,0
L2LM,1,3,278,19.126,6.903,1.616,0.017,27.663,0
L2LM,1,3,279,16.215,6.943,4.93,0.016,28.104,0
L2LM,1,3,280,17.646,6.849,3.626,0.017,28.137,0
L2LM,1,3,281,16.799,7.029,4.585,0.017,28.431,0
L2LM,1,3,282,18.035,7.56,7.389,0.017,33.001,0
L2LM,1,3,283,16.944,7.358,1.907,0.015,26.224,0
L2LM,1,3,284,16.607,10.443,1.476,0.015,28.541,0
L2LM,1,3,285,16.046,7.191,6.82,0.014,30.071,0
L2LM,1,3,286,17.071,9.097,9.448,0.015,35.631,1
L2LM,1,3,287,19.794,6.825,2.17,0.016,28.805,0
L2LM,1,3,288,16.391,7.827,7.709,0.019,31.946,0
L2LM,1,3,289,19.35,6.863,1.531,0.015,27.759,0
L2LM,1,3,290,20.223,7.09,10.963,0.018,38.294,1
L2LM,1,3,291,17.879,6.895,1.443,0.014,26.23,0
L2LM,1,3,292,16.598,6.865,2.635,0.015,26.113,0
L2LM,1,3,293,21.507,8.395,2.258,0.02,32.18,0
L2LM,1,3,294,18.851,7.562,1.607,0.015,28.034,0
L2LM,1,3,295,15.942,6.846,2.73,0.015,25.532,0
L2LM,1,3,296,18.459,7.616,6.954,0.015,33.045,0
L2LM,1,3,297,18.266,7.079,2.009,0.013,27.367,0
L2LM,1,3,298,17.12,7.028,6.655,0.019,30.821,0
L2LM,1,3,299,15.748,6.961,5.804,0.016,28.53,0
L2LM,1,3,300,13.739,10.21,2.911,0.013,26.873,0
L2LM,1,3,301,14.31,10.786,3.72,0.015,28.831,0
L2LM,1,3,302,17.598,6.936,3.391,0.013,27.938,0
L2LM,1,3,303,16.361,6.884,10.593,0.015,33.853,1
L2LM,1,3,304,16.03,6.854,4.035,0.015,26.934,0
L2LM,1,3,305,17.1,8.306,8.155,0.014,33.575,1
L2LM,1,3,306,14.108,9.691,12.01,0.031,35.84,1
L2LM,1,3,307,15.899,8.04,12.661,0.015,36.616,1
L2LM,1,3,308,14.128,7.128,8.462,0.016,29.734,0
L2LM,1,3,309,16.396,8.389,11.516,0.021,36.322,1
L2LM,1,3,310,14.212,11.077,6.332,0.016,31.637,0
L2LM,1,3,311,17.196,6.827,8.268,0.015,32.306,0
L2LM,1,3,312,16.485,10.626,7.571,0.019,34.7,1
L2LM,1,3,313,12.287,10.151,1.611,0.015,24.063,0
L2LM,1,3,314,16.237,10.106,4.384,0.016,30.743,0
L2LM,1,3,315,19.317,6.847,6.159,0.016,32.338,0
L2LM,1,3,316,22.202,7.487,4.276,0.014,33.979,1
L2LM,1,3,317,16.149,10.699,6.3,0.016,33.163,0
L2LM,1,3,318,18.887,7.968,4.204,0.014,31.074,0
L2LM,1,3,319,14.423,8.809,16.579,0.016,39.828,1
L2LM,1,3,320,13.759,10.289,3.693,0.013,27.754,0
L2LM,1,3,321,14.705,9.552,4.788,0.013,29.058,0
L2LM,1,3,322,19.537,7.083,4.765,0.013,31.399,0
L2LM,1,3,323,20.521,7.104,1.619,0.014,29.257,0
L2LM,1,3,324,17.093,10.1,2.51,0.013,29.716,0
L2LM,1,3,325,18.289,13.038,11.149,0.014,42.491,1
L2LM,1,3,326,11.571,7.313,5.25,0.014,24.149,0
L2LM,1,3,327,19.315,7.799,2.536,0.015,29.665,0
L2LM,1,3,328,14.278,15.133,8.212,0.016,37.639,1
L2LM,1,3,329,15.461,7.903,4.87,0.013,28.248,0
L2LM,1,3,330,15.032,7.588,14.802,0.017,37.44,1
L2LM,1,3,331,13.262,6.881,1.664,0.014,21.82,0
L2LM,1,3,332,19.814,7.463,8.417,0.014,35.708,1
L2LM,1,3,333,15.986,8.885,4.572,0.014,29.457,0
L2LM,1,3,334,18.929,6.976,6.61,0.014,32.53,0
L2LM,1,3,335,15.916,8.116,6.772,0.015,30.819,0
L2LM,1,3,336,19.342,7.048,9.203,0.015,35.607,1
L2LM,1,3,337,12.643,7.12,5.468,0.016,25.248,0
L2LM,1,3,338,7.514,12.05,3.97,0.012,23.546,0
L2LM,1,3,339,10.543,6.732,8.114,0.013,25.402,0
L2LM,1,3,340,8.537,6.858,5.373,0.011,20.779,0
L2LM,1,3,341,8.98,6.717,4.619,0.013,20.329,0
L2LM,1,3,342,9.093,14.102,25.448,0.018,48.66,1
L2LM,1,3,343,10.164,6.867,1.67,0.015,18.716,0
L2LM,1,3,344,12.684,7.216,4.476,0.014,24.39,0
L2LM,1,3,345,7.901,9.54,4.712,0.013,22.166,0
L2LM,1,3,346,12.053,8.195,9.118,0.015,29.381,0
L2LM,1,3,347,11.651,16.185,4.567,0.017,32.42,0
L2LM,1,3,348,16.247,10.571,12.425,0.013,39.256,1
L2LM,1,3,349,17.006,13.119,10.61,0.013,40.748,1
L2LM,1,3,350,6.528,17.424,1.861,0.014,25.827,0
L2LM,1,3,351,8.588,10.554,8.082,0.012,27.236,0
L2LM,1,3,352,16.152,6.818,2.615,0.012,25.597,0
L2LM,1,3,353,8.691,13.975,1.626,0.012,24.304,0
L2LM,1,3,354,14.074,9.69,7.538,0.014,31.316,0
L2LM,1,3,355,9.664,11.251,4.001,0.016,24.933,0
L2LM,1,3,356,14.728,7.56,3.251,0.016,25.554,0
L2LM,1,3,357,25.012,12.421,2.36,0.016,39.809,1
L2LM,1,3,358,10.617,6.766,2.698,0.012,20.094,0
L2LM,1,3,359,12.071,13.813,3.082,0.015,28.98,0
L2LM,1,3,360,11.484,16.436,1.291,0.012,29.223,0
L2LM,1,3,361,15.077,6.938,7.593,0.013,29.621,0
L2LM,1,3,362,16.1,7.537,7.033,0.015,30.685,0
L2LM,1,3,363,9.632,6.782,5.031,0.012,21.457,0
L2LM,1,3,364,8.426,9.388,7.73,0.015,25.56,0
L2LM,1,3,365,10.797,7.293,2.12,0.013,20.224,0
L2LM,1,3,366,12.709,6.774,1.957,0.013,21.452,0
L2LM,1,3,367,8.517,6.986,10.743,0.018,26.264,0
L2LM,1,3,368,20.705,9.528,8.712,0.017,38.962,1
L2LM,1,3,369,15.946,8.801,1.462,0.015,26.224,0
L2LM,1,3,370,18.298,6.873,8.071,0.017,33.258,0
L2LM,1,3,371,17.513,9.077,11.353,0.016,37.958,1
L2LM,1,3,372,15.232,8.575,8.027,0.016,31.85,0
L2LM,1,3,373,32.465,14.21,17.626,0.023,64.323,1
L2LM,1,3,375,17.616,7.032,9.19,0.051,33.89,1
L2LM,1,3,376,23.384,6.78,5.232,0.016,35.411,1
L2LM,1,3,377,11.488,7.048,9.298,0.013,27.847,0
L2LM,1,3,378,17.263,9.096,9.357,0.018,35.734,1
L2LM,1,3,379,15.417,8.867,5.533,0.017,29.834,0
L2LM,1,3,380,18.151,7.068,2.02,0.018,27.257,0
L2LM,1,3,381,17.197,8.664,6.762,0.018,32.64,0
L2LM,1,3,382,17.278,6.861,5.544,0.016,29.7,0
L2LM,1,3,383,15.448,6.831,4.66,0.012,26.952,0
L2LM,1,3,384,16.07,10.408,3.556,0.017,30.051,0
L2LM,1,3,385,17.648,7.262,3.338,0.016,28.264,0
L2LM,1,3,386,24.128,11.321,9.979,0.018,45.446,1
L2LM,1,3,387,14.164,12.541,6.223,0.018,32.946,0
L2LM,1,3,388,15.092,7.126,5.099,0.017,27.335,0
L2LM,1,3,389,15.105,8.151,4.098,0.015,27.368,0
L2LM,1,3,390,17.208,8.499,4.373,0.016,30.096,0
L2LM,1,3,391,17.05,6.98,7.872,0.015,31.916,0
L2LM,1,3,392,14.084,10.735,1.515,0.018,26.352,0
L2LM,1,3,393,18.129,7.085,7.831,0.016,33.061,0
L2LM,1,3,394,17.161,7.557,6.566,0.019,31.304,0
L2LM,1,3,395,18.142,12.714,2.718,0.02,33.594,1
L2LM,1,3,396,17.129,6.867,5.72,0.017,29.732,0
L2LM,1,3,397,18.382,8.263,8.854,0.02,35.519,1
L2LM,1,3,398,14.097,7.926,6.778,0.018,28.819,0
L2LM,1,3,399,15.475,11.688,4.44,0.019,31.622,0
L2LM,1,3,400,16.853,10.661,10.176,0.02,37.71,1
L2LM,1,3,401,18.251,11.844,5.345,0.02,35.46,1
L2LM,1,3,402,17.347,10.358,1.569,0.019,29.292,0
L2LM,1,3,403,16.163,6.894,16.189,0.022,39.268,1
L2LM,1,3,404,15.197,13.007,3.147,0.018,31.369,0
L2LM,1,3,405,17.149,6.973,6.606,0.018,30.747,0
L2LM,1,3,406,15.175,12.267,4.913,0.018,32.373,0
L2LM,1,3,407,14.079,19.02,1.706,0.023,34.827,1
L2LM,1,3,408,15.558,6.952,9.625,0.026,32.162,0
L2LM,1,3,409,18.144,6.959,4.727,0.021,29.852,0
L2LM,1,3,410,15.413,15.439,8.233,0.021,39.105,1
L2LM,1,3,411,15.122,6.972,14.722,0.02,36.836,1
L2LM,1,3,412,18.905,6.929,4.379,0.017,30.23,0
L2LM,1,3,413,17.515,7.081,1.156,0.025,25.777,0
L2LM,1,3,414,18.191,7.146,0.796,0.016,26.149,0
L2LM,1,3,415,14.076,14.706,3.167,0.019,31.967,0
L2LM,1,3,416,17.053,6.916,2.191,0.018,26.177,0
L2LM,1,3,417,17.176,10.442,2.904,0.02,30.542,0
L2LM,1,3,418,19.014,6.911,10.935,0.024,36.883,1
L2LM,1,3,419,19.363,7.118,6.092,0.019,32.593,0
L2LM,1,3,420,17.14,11.288,2.367,0.021,30.816,0
L2LM,1,3,421,14.095,8.175,4.296,0.019,26.585,0
L2LM,1,3,422,14.021,6.856,4.76,0.018,25.655,0
L2LM,1,3,423,14.81,10.177,1.245,0.018,26.25,0
L2LM,1,3,424,15.029,8.48,4.123,0.019,27.652,0
L2LM,1,3,425,14.999,7.748,10.639,0.02,33.405,1
L2LM,1,3,426,12.881,6.916,8.126,0.016,27.94,0
L2LM,1,3,427,14.903,8.591,1.139,0.018,24.652,0
L2LM,1,3,428,16.969,6.914,12.019,0.016,35.918,1
L2LM,1,3,429,15.916,13.061,4.017,0.014,33.007,0
L2LM,1,3,430,14.974,9.332,3.589,0.015,27.91,0
L2LM,1,3,431,14.182,7.142,0.767,0.017,22.109,0
L2LM,1,3,432,13.906,6.845,5.524,0.014,26.288,0
L2LM,1,3,433,15.071,7.077,12.617,0.017,34.782,1
L2LM,1,3,434,16.795,7.239,0.762,0.018,24.815,0
L2LM,1,3,435,12.901,6.844,4.371,0.016,24.132,0
L2LM,1,3,436,14.138,7.417,0.749,0.016,22.321,0
L2LM,1,3,437,15.447,7.213,3.647,0.016,26.323,0
L2LM,1,3,438,13.999,7.414,1.567,0.018,22.998,0
L2LM,1,3,439,15.083,7.469,5.048,0.013,27.613,0
L2LM,1,3,440,14.874,7.109,1.411,0.018,23.412,0
L2LM,1,3,441,14.997,8.247,6.618,0.016,29.879,0
L2LM,1,3,442,16.884,7.013,1.162,0.016,25.075,0
L2LM,1,3,443,18.955,6.784,1.269,0.016,27.024,0
L2LM,1,3,444,17.008,6.817,0.709,0.017,24.55,0
L2LM,1,3,445,16.93,6.835,11.904,0.014,35.683,1
L2LM,1,3,446,11.93,7.128,1.268,0.015,20.341,0
L2LM,1,3,447,13.923,20.412,5.779,0.011,40.125,1
L2LM,1,3,448,12.938,7.075,8.936,0.011,28.96,0
L2LM,1,3,449,7.004,10.312,1.155,0.015,18.486,0
L2LM,1,3,450,9.536,10.266,1.17,0.01,20.982,0
L2LM,1,3,451,12.324,10.619,11.252,0.011,34.207,1
L2LM,1,3,452,11.027,7.024,4.993,0.011,23.055,0
L2LM,1,3,453,8.2,9.29,1.166,0.01,18.667,0
L2LM,1,3,454,8.152,11.478,1.093,0.011,20.734,0
L2LM,1,3,455,8.374,7.068,5.312,0.013,20.767,0
L2LM,1,3,456,8.329,10.994,8.376,0.014,27.712,0
L2LM,1,3,457,8.164,14.398,4.659,0.01,27.231,0
L2LM,1,3,458,12.177,7.489,1.665,0.013,21.344,0
L2LM,1,3,459,8.184,10.721,5.087,0.01,24.002,0
L2LM,1,3,460,8.164,10.725,12.836,0.013,31.738,0
L2LM,1,3,461,7.189,10.931,1.081,0.01,19.21,0
L2LM,1,3,462,8.178,6.964,9.153,0.01,24.305,0
L2LM,1,3,463,8.15,6.886,9.177,0.014,24.227,0
L2LM,1,3,464,7.246,12.064,2.393,0.011,21.713,0
L2LM,1,3,465,11.477,6.833,2.3,0.01,20.621,0
L2LM,1,3,466,9.128,10.832,20.218,0.012,40.19,1
L2LM,1,3,467,8.14,7.829,4.693,2.889,23.55,0
L2LM,1,3,468,10.265,6.686,1.36,0.012,18.323,0
L2LM,2,0,31,6.704,9.493,7.904,0.012,24.113,0
L2LM,2,0,32,7.701,10.497,1.899,0.01,20.106,0
L2LM,2,0,33,11.691,15.404,10.861,0.013,37.968,1
L2LM,2,0,34,10.796,7.018,6.078,0.013,23.905,0
L2LM,2,0,35,13.324,6.616,4.824,0.18,24.945,0
L2LM,2,0,36,15.154,8.016,5.588,0.135,28.894,0
L2LM,2,0,37,8.752,10.496,7.771,0.273,27.291,0
L2LM,2,0,38,13.83,6.679,1.798,0.01,22.318,0
L2LM,2,0,39,11.897,6.787,7.662,0.011,26.357,0
L2LM,2,0,40,8.771,13.318,1.991,0.181,24.262,0
L2LM,2,0,41,11.733,11.223,7.901,2.883,33.741,1
L2LM,2,0,42,10.772,6.674,9.563,0.212,27.221,0
L2LM,2,0,43,8.913,10.968,4.559,0.013,24.455,0
L2LM,2,0,44,10.879,9.78,8.667,0.012,29.338,0
L2LM,2,0,45,9.717,6.686,5.27,0.236,21.909,0
L2LM,2,0,46,8.711,10.405,5.572,0.176,24.865,0
L2LM,2,0,47,7.737,10.103,6.033,0.215,24.088,0
L2LM,2,0,48,12.674,6.717,16.688,0.012,36.091,1
L2LM,2,0,49,8.785,8.21,8.467,0.238,25.701,0
L2LM,2,0,50,12.08,10.87,5.536,0.011,28.498,0
L2LM,2,0,51,12.619,9.776,11.731,0.012,34.138,1
L2LM,2,0,52,9.596,11.071,3.328,0.012,24.006,0
L2LM,2,0,53,14.627,6.701,8.693,0.012,30.033,0
L2LM,2,0,54,10.593,8.938,7.935,0.011,27.476,0
L2LM,2,0,55,8.66,10.346,3.689,0.22,22.916,0
L2LM,2,0,56,10.583,14.479,5.392,0.197,30.651,0
L2LM,2,0,57,8.622,9.313,4.384,0.011,22.331,0
L2LM,2,0,58,8.633,12.392,12.602,0.255,33.882,1
L2LM,2,0,59,16.159,8.621,1.651,0.197,26.627,0
L2LM,2,0,60,12.582,9.5,8.106,0.011,30.199,0
L2LM,2,0,61,9.059,9.193,11.489,0.148,29.889,0
L2LM,2,0,62,9.672,6.782,6.253,0.243,22.95,0
L2LM,2,0,63,8.579,10.82,5.121,0.258,24.777,0
L2LM,2,0,64,8.612,10.962,8.398,0.276,28.248,0
L2LM,2,0,65,12.624,6.792,2.666,0.01,22.092,0
L2LM,2,0,66,11.583,10.678,1.364,0.178,23.803,0
L2LM,2,0,67,12.654,6.718,4.677,0.011,24.06,0
L2LM,2,0,68,10.616,9.998,7.109,0.136,27.859,0
L2LM,2,0,69,11.555,6.725,11.355,0.014,29.649,0
L2LM,2,0,70,11.597,6.733,16.959,0.241,35.53,1
L2LM,2,0,71,9.697,7.059,2.146,0.011,18.913,0
L2LM,2,0,72,8.552,14.685,5.26,0.21,28.707,0
L2LM,2,0,73,8.25,7.249,7.654,0.012,23.164,0
L2LM,2,0,74,8.581,6.724,4.457,0.01,19.772,0
L2LM,2,0,75,10.665,7.058,4.461,0.288,22.472,0
L2LM,2,0,76,10.536,6.666,5.491,0.234,22.927,0
L2LM,2,0,77,8.568,7.441,9.787,0.138,25.934,0
L2LM,2,0,78,7.567,7.028,5.805,0.234,20.633,0
L2LM,2,0,79,8.577,6.87,5.642,0.011,21.1,0
L2LM,2,0,80,10.222,11.883,7.785,0.011,29.902,0
L2LM,2,0,81,12.222,12.909,1.849,0.228,27.208,0
L2LM,2,0,82,8.658,6.887,8.866,0.011,24.421,0
L2LM,2,0,83,9.679,7.33,9.084,0.011,26.104,0
L2LM,2,0,84,9.965,7.353,8.831,0.012,26.162,0
L2LM,2,0,85,11.648,7.419,5.208,0.014,24.289,0
L2LM,2,0,86,8.701,11.441,5.138,0.015,25.294,0
L2LM,2,0,87,9.443,15.345,4.795,0.011,29.594,0
L2LM,2,0,88,11.276,10.121,6.537,0.136,28.07,0
L2LM,2,0,89,12.624,6.712,9.364,0.013,28.712,0
L2LM,2,0,90,9.753,10.63,1.896,0.01,22.29,0
L2LM,2,0,91,15.935,6.69,10.703,0.138,33.467,1
L2LM,2,0,92,12.544,7.7,8.954,0.135,29.333,0
L2LM,2,0,93,10.662,9.47,1.833,0.137,22.102,0
L2LM,2,0,94,12.659,11.372,8.274,0.014,32.319,0
L2LM,2,0,95,9.921,10.766,2.662,0.123,23.472,0
L2LM,2,0,96,7.727,11.469,17.067,0.013,36.275,1
L2LM,2,0,97,23.315,7.749,15.762,0.013,46.839,1
L2LM,2,0,98,10.488,9.762,8.34,0.012,28.602,0
L2LM,2,0,99,8.819,8.78,9.451,0.187,27.237,0
L2LM,2,0,100,15.278,7.952,7.055,0.014,30.3,0
L2LM,2,0,101,18.626,6.986,10.107,0.015,35.734,1
L2LM,2,0,102,19.888,7.351,2.13,0.013,29.383,0
L2LM,2,0,103,11.681,13.638,10.217,0.18,35.716,1
L2LM,2,0,104,16.845,9.713,11.043,0.012,37.613,1
L2LM,2,0,105,16.222,17.802,4.873,0.256,39.154,1
L2LM,2,0,106,15.061,12.234,6.632,0.012,33.94,1
L2LM,2,0,107,18.868,7.36,14.82,0.012,41.06,1
L2LM,2,0,108,16.356,7.103,9.48,0.189,33.128,0
L2LM,2,0,109,14.341,10.959,4.891,0.011,30.202,0
L2LM,2,0,110,17.459,7.878,11.03,0.012,36.379,1
L2LM,2,0,111,14.548,14.285,7.203,0.011,36.047,1
L2LM,2,0,112,15.187,7.671,6.311,0.188,29.358,0
L2LM,2,0,113,19.495,10.322,2.097,0.013,31.926,0
L2LM,2,0,114,8.101,7.22,10.423,0.011,25.756,0
L2LM,2,0,115,11.859,14.465,5.756,0.193,32.272,0
L2LM,2,0,116,18.568,7.013,9.376,0.017,34.974,1
L2LM,2,0,117,16.875,8.774,5.137,0.014,30.801,0
L2LM,2,0,118,15.505,15.572,9.132,0.268,40.477,1
L2LM,2,0,119,15.534,7.074,5.888,0.017,28.512,0
L2LM,2,0,120,15.592,10.825,7.414,0.014,33.844,1
L2LM,2,0,121,19.565,7.443,9.294,0.018,36.321,1
L2LM,2,0,122,13.91,9.914,13.225,0.015,37.064,1
L2LM,2,0,123,16.542,8.284,4.918,0.014,29.758,0
L2LM,2,0,124,28.365,12.433,4.74,0.013,45.551,1
L2LM,2,0,125,19.058,10.75,1.989,0.127,31.924,0
L2LM,2,0,126,13.203,6.704,10.849,0.152,30.909,0
L2LM,2,0,127,8.75,8.59,7.487,0.141,24.968,0
L2LM,2,0,128,9.82,11.666,2.279,0.011,23.777,0
L2LM,2,0,129,12.702,6.904,8.563,0.131,28.3,0
L2LM,2,0,130,8.7,11.53,6.468,0.276,26.974,0
L2LM,2,0,131,7.923,6.987,15.14,0.012,30.062,0
L2LM,2,0,132,11.811,11.386,2.57,0.225,25.992,0
L2LM,2,0,133,8.757,6.919,4.841,0.013,20.529,0
L2LM,2,0,134,11.736,6.652,9.145,0.012,27.544,0
L2LM,2,0,135,16.912,10.606,13.208,0.012,40.738,1
L2LM,2,0,136,9.825,14.441,10.158,0.014,34.438,1
L2LM,2,0,137,8.224,14.047,5.646,0.012,27.929,0
L2LM,2,0,138,16.45,13.006,5.626,0.013,35.095,1
L2LM,2,0,139,19.798,7.183,10.001,0.02,37.002,1
L2LM,2,0,140,15.815,8.688,8.157,0.256,32.916,0
L2LM,2,0,141,14.56,7.231,2.018,0.222,24.031,0
L2LM,2,0,142,15.696,11.204,6.764,0.016,33.679,1
L2LM,2,0,143,18.104,7.844,4.894,0.279,31.121,0
L2LM,2,0,144,16.582,7.657,4.691,0.015,28.945,0
L2LM,2,0,145,17.619,6.836,5.095,0.014,29.564,0
L2LM,2,0,146,18.608,7.281,4.291,2.899,33.079,0
L2LM,2,0,147,16.607,7.397,3.93,0.019,27.953,0
L2LM,2,0,148,22.518,7.717,12.7,0.239,43.175,1
L2LM,2,0,149,18.576,7.166,4.992,0.018,30.753,0
L2LM,2,0,150,15.601,14.636,5.903,0.016,36.155,1
L2LM,2,0,151,16.009,7.391,6.566,0.015,29.981,0
L2LM,2,0,152,17.793,11.0,9.22,0.015,38.027,1
L2LM,2,0,153,18.481,7.02,4.181,0.014,29.696,0
L2LM,2,0,154,18.566,6.952,5.31,0.254,31.083,0
L2LM,2,0,155,19.262,6.847,5.232,0.014,31.355,0
L2LM,2,0,156,16.6,11.011,13.364,0.016,40.991,1
L2LM,2,0,157,15.578,6.83,3.315,0.015,25.739,0
L2LM,2,0,158,18.143,11.532,8.485,0.018,38.178,1
L2LM,2,0,159,15.214,14.591,1.989,0.234,32.027,0
L2LM,2,0,160,18.562,10.07,7.97,0.233,36.835,1
L2LM,2,0,161,15.772,16.097,1.974,0.014,33.857,1
L2LM,2,0,162,15.516,9.23,8.149,0.014,32.908,0
L2LM,2,0,163,15.718,11.352,2.143,0.014,29.228,0
L2LM,2,0,164,18.922,6.937,5.558,0.17,31.587,0
L2LM,2,0,165,15.762,14.443,5.882,0.327,36.414,1
L2LM,2,0,166,15.681,13.314,3.115,0.014,32.124,0
L2LM,2,0,167,18.616,6.851,5.915,0.181,31.563,0
L2LM,2,0,168,15.538,12.474,8.777,0.016,36.805,1
L2LM,2,0,169,13.608,7.05,5.597,0.015,26.27,0
L2LM,2,0,170,15.441,15.439,11.777,0.02,42.676,1
L2LM,2,0,171,15.583,7.53,2.484,0.015,25.611,0
L2LM,2,0,172,15.72,11.233,13.39,0.016,40.359,1
L2LM,2,0,173,14.445,8.686,11.965,0.017,35.113,1
L2LM,2,0,174,15.41,7.037,4.49,0.016,26.954,0
L2LM,2,0,175,16.521,7.146,7.464,0.351,31.482,0
L2LM,2,0,176,17.438,7.181,8.706,0.015,33.34,1
L2LM,2,0,177,19.12,7.063,3.609,0.014,29.807,0
L2LM,2,0,178,16.434,7.149,1.373,1.133,26.089,0
L2LM,2,0,179,18.854,7.071,6.669,0.015,32.61,0
L2LM,2,0,180,15.462,10.772,2.703,0.357,29.293,0
L2LM,2,0,181,18.971,7.341,8.86,0.016,35.188,1
L2LM,2,0,182,15.364,7.361,9.052,0.326,32.104,0
L2LM,2,0,183,15.508,7.686,2.177,0.219,25.59,0
L2LM,2,0,184,18.438,7.263,6.341,2.008,34.05,1
L2LM,2,0,185,14.227,7.096,4.92,0.119,26.361,0
L2LM,2,0,186,9.344,10.39,4.964,0.013,24.711,0
L2LM,2,0,187,12.475,6.682,8.501,0.015,27.673,0
L2LM,2,0,188,8.662,7.648,7.641,0.013,23.963,0
L2LM,2,0,189,9.653,8.652,8.819,0.011,27.135,0
L2LM,2,0,190,9.464,8.943,5.232,0.201,23.84,0
L2LM,2,0,191,10.313,11.003,9.485,0.011,30.813,0
L2LM,2,0,192,10.087,12.202,1.699,0.011,23.999,0
L2LM,2,0,193,11.318,7.127,8.709,0.011,27.165,0
L2LM,2,0,194,10.617,10.212,10.065,0.012,30.906,0
L2LM,2,0,195,11.789,6.902,8.413,0.011,27.115,0
L2LM,2,0,196,8.886,10.309,1.844,0.011,21.051,0
L2LM,2,0,197,9.671,6.921,9.118,0.177,25.886,0
L2LM,2,0,198,5.731,6.801,8.809,0.013,21.355,0
L2LM,2,0,199,14.661,6.942,2.747,0.011,24.361,0
L2LM,2,0,200,12.267,7.015,1.604,0.187,21.074,0
L2LM,2,0,201,8.001,7.045,6.839,0.012,21.896,0
L2LM,2,0,202,14.428,7.294,12.858,0.165,34.745,1
L2LM,2,0,203,9.007,6.674,8.114,0.234,24.029,0
L2LM,2,0,204,10.682,6.692,8.817,0.012,26.204,0
L2LM,2,0,205,9.736,6.95,8.131,0.161,24.978,0
L2LM,2,0,206,10.922,7.135,10.992,0.012,29.061,0
L2LM,2,0,207,10.62,7.244,9.819,0.011,27.694,0
L2LM,2,0,208,19.532,11.285,12.515,0.013,43.345,1
L2LM,2,0,209,14.582,7.001,16.628,0.012,38.224,1
L2LM,2,0,210,6.583,6.843,11.238,0.013,24.676,0
L2LM,2,0,211,10.594,6.69,4.626,0.293,22.203,0
L2LM,2,0,212,11.724,6.887,5.001,0.013,23.625,0
L2LM,2,0,213,9.891,12.618,2.042,0.01,24.56,0
L2LM,2,0,214,11.609,6.704,4.43,0.01,22.753,0
L2LM,2,0,215,11.013,7.268,5.327,0.011,23.619,0
L2LM,2,0,216,8.606,7.054,7.713,0.015,23.388,0
L2LM,2,0,217,11.872,6.758,13.249,0.014,31.893,0
L2LM,2,0,218,12.717,6.879,9.043,0.012,28.65,0
L2LM,2,0,219,14.71,7.936,6.802,0.013,29.462,0
L2LM,2,0,220,7.892,9.809,4.208,0.012,21.922,0
L2LM,2,0,221,14.72,7.274,5.771,0.015,27.78,0
L2LM,2,0,222,8.623,6.784,1.996,0.01,17.413,0
L2LM,2,0,223,11.994,7.046,11.813,0.013,30.866,0
L2LM,2,0,224,10.572,9.695,10.099,0.275,30.641,0
L2LM,2,0,225,12.013,6.942,11.082,0.013,30.049,0
L2LM,2,0,226,7.599,6.668,3.454,0.011,17.732,0
L2LM,2,0,227,14.11,6.695,11.521,0.013,32.339,0
L2LM,2,0,228,8.574,6.698,3.493,0.013,18.777,0
L2LM,2,0,229,8.632,7.162,1.645,0.17,17.61,0
L2LM,2,0,230,8.574,6.794,6.728,0.014,22.11,0
L2LM,2,0,231,16.432,12.158,5.989,0.019,34.598,1
L2LM,2,0,232,21.32,9.673,26.229,0.018,57.24,1
L2LM,2,0,233,18.144,8.37,7.769,0.013,34.297,1
L2LM,2,0,234,12.949,10.98,14.949,0.014,38.891,1
L2LM,2,0,235,12.743,12.802,6.917,0.014,32.477,0
L2LM,2,0,236,12.623,11.83,7.133,0.013,31.6,0
L2LM,2,0,237,11.135,17.949,7.584,0.013,36.681,1
L2LM,2,0,238,10.43,10.235,22.756,0.014,43.436,1
L2LM,2,0,240,8.59,7.013,3.635,0.011,19.249,0
L2LM,2,0,241,10.973,7.024,15.4,0.012,33.408,1
L2LM,2,0,242,10.602,6.933,5.66,0.011,23.206,0
L2LM,2,0,243,8.561,14.407,2.128,0.204,25.301,0
L2LM,2,0,244,8.625,10.426,9.994,0.012,29.056,0
L2LM,2,0,245,8.571,8.83,11.846,0.012,29.259,0
L2LM,2,0,246,8.59,10.519,4.942,0.012,24.063,0
L2LM,2,0,247,12.847,6.655,2.278,0.01,21.791,0
L2LM,2,0,248,8.631,14.762,2.217,0.01,25.621,0
L2LM,2,0,249,8.552,11.064,12.77,0.013,32.398,0
L2LM,2,0,250,7.819,9.511,6.059,0.012,23.401,0
L2LM,2,0,251,8.602,11.281,5.162,0.014,25.059,0
L2LM,2,0,252,8.592,18.196,5.973,0.013,32.773,0
L2LM,2,0,253,11.59,7.065,7.955,0.273,26.882,0
L2LM,2,0,254,8.521,14.613,2.257,0.012,25.403,0
L2LM,2,0,255,10.175,10.51,10.501,0.014,31.2,0
L2LM,2,0,256,8.696,13.769,14.37,0.014,36.849,1
L2LM,2,0,257,11.669,11.906,4.835,0.013,28.423,0
L2LM,2,0,258,9.85,6.734,3.287,0.267,20.138,0
L2LM,2,0,259,12.792,8.32,10.656,0.013,31.781,0
L2LM,2,0,260,16.104,8.729,12.325,0.015,37.173,1
L2LM,2,0,261,12.608,6.842,9.922,0.017,29.389,0
L2LM,2,0,262,9.013,10.532,2.022,0.012,21.579,0
L2LM,2,0,263,8.761,10.703,6.203,0.012,25.679,0
L2LM,2,0,264,12.765,6.841,5.17,0.011,24.786,0
L2LM,2,0,265,12.732,6.673,5.449,0.013,24.868,0
L2LM,2,0,266,8.976,10.544,8.584,0.011,28.115,0
L2LM,2,0,267,7.959,9.446,2.806,0.012,20.223,0
L2LM,2,0,268,15.005,9.614,4.865,0.184,29.669,0
L2LM,2,0,269,11.905,6.776,8.865,0.013,27.559,0
L2LM,2,0,270,12.168,7.005,12.167,0.012,31.353,0
L2LM,2,0,271,8.63,10.16,2.434,0.013,21.238,0
L2LM,2,0,272,14.843,6.764,4.399,0.014,26.02,0
L2LM,2,0,273,7.999,10.926,16.73,0.125,35.779,1
L2LM,2,0,274,13.6,10.453,1.578,0.219,25.849,0
L2LM,2,0,275,14.324,7.121,1.712,0.011,23.168,0
L2LM,2,0,276,11.679,6.844,5.194,0.012,23.73,0
L2LM,2,0,277,12.673,6.96,4.702,0.011,24.346,0
L2LM,2,0,278,9.884,9.756,3.205,0.011,22.856,0
L2LM,2,0,279,12.719,6.682,8.598,0.011,28.009,0
L2LM,2,0,280,8.618,7.092,4.665,0.224,20.6,0
L2LM,2,0,281,16.57,10.081,1.748,0.218,28.616,0
L2LM,2,0,282,8.553,7.124,5.54,0.014,21.232,0
L2LM,2,0,283,12.636,8.145,13.473,0.014,34.267,1
L2LM,2,0,284,8.576,6.856,1.868,0.01,17.31,0
L2LM,2,0,285,9.642,10.624,12.285,0.231,32.782,0
L2LM,2,0,286,5.75,10.041,8.438,0.21,24.439,0
L2LM,2,0,287,5.593,16.26,2.976,0.012,24.84,0
L2LM,2,0,288,10.717,7.296,1.834,0.221,20.069,0
L2LM,2,0,289,12.593,6.874,12.124,0.013,31.605,0
L2LM,2,0,290,8.711,6.85,5.151,0.012,20.723,0
L2LM,2,0,291,9.458,16.066,1.938,0.252,27.714,0
L2LM,2,0,292,9.079,6.69,5.062,0.011,20.842,0
L2LM,2,0,293,9.569,7.142,8.091,0.021,24.823,0
L2LM,2,0,294,11.963,7.061,18.882,0.014,37.919,1
L2LM,2,0,295,15.946,6.946,4.885,0.011,27.787,0
L2LM,2,0,296,12.687,10.638,9.235,0.122,32.682,0
L2LM,2,0,297,12.624,6.805,2.613,0.01,22.052,0
L2LM,2,0,298,10.413,9.308,16.926,0.013,36.66,1
L2LM,2,0,299,8.603,10.259,5.177,0.013,24.052,0
L2LM,2,0,300,12.677,7.908,8.528,0.014,29.127,0
L2LM,2,0,301,8.614,6.808,5.908,0.012,21.342,0
L2LM,2,0,302,8.708,11.666,5.509,0.185,26.068,0
L2LM,2,0,303,9.12,7.387,4.244,0.121,20.873,0
L2LM,2,0,304,13.657,7.89,12.412,0.013,33.972,1
L2LM,2,0,305,13.356,6.899,4.754,0.012,25.02,0
L2LM,2,0,306,12.591,6.835,7.531,0.013,26.97,0
L2LM,2,0,307,14.861,6.87,5.226,0.012,26.969,0
L2LM,2,0,308,8.724,16.544,4.545,0.012,29.824,0
L2LM,2,0,309,12.537,6.728,6.222,0.014,25.5,0
L2LM,2,0,310,19.723,7.068,3.103,0.015,29.911,0
L2LM,2,0,311,16.457,6.866,3.484,0.017,26.824,0
L2LM,2,0,312,17.165,7.941,12.399,0.339,37.843,1
L2LM,2,0,313,16.571,7.488,7.717,0.224,31.999,0
L2LM,2,0,314,16.72,14.355,3.833,0.016,34.924,1
L2LM,2,0,315,17.553,8.939,7.351,0.017,33.86,1
L2LM,2,0,316,14.328,7.112,5.928,0.015,27.383,0
L2LM,2,0,317,17.64,7.124,5.958,0.015,30.738,0
L2LM,2,0,318,13.838,7.457,6.546,0.201,28.043,0
L2LM,2,0,319,14.31,8.891,2.789,0.019,26.009,0
L2LM,2,0,320,19.473,6.838,2.645,0.017,28.973,0
L2LM,2,0,321,29.622,7.118,14.078,0.018,50.835,1
L2LM,2,0,322,19.244,7.416,3.386,2.03,32.076,0
L2LM,2,0,323,13.328,10.798,4.152,0.339,28.617,0
L2LM,2,0,324,21.317,8.177,9.14,0.017,38.652,1
L2LM,2,0,325,20.004,7.51,4.235,0.017,31.766,0
L2LM,2,0,326,15.67,14.194,8.182,0.017,38.063,1
L2LM,2,0,327,18.164,7.03,4.283,0.133,29.61,0
L2LM,2,0,328,9.373,7.235,20.039,0.017,36.664,1
L2LM,2,0,329,16.425,6.932,2.085,0.016,25.457,0
L2LM,2,0,330,21.353,7.515,12.366,0.018,41.253,1
L2LM,2,0,331,13.407,9.89,6.946,0.019,30.263,0
L2LM,2,0,332,16.292,11.211,5.757,0.017,33.278,0
L2LM,2,0,333,18.786,7.063,7.766,0.169,33.785,1
L2LM,2,0,334,18.893,6.843,6.879,0.016,32.63,0
L2LM,2,0,335,15.668,11.682,10.079,0.015,37.443,1
L2LM,2,0,336,21.723,6.916,2.041,0.015,30.695,0
L2LM,2,0,337,21.423,7.127,11.455,0.021,40.027,1
L2LM,2,0,338,15.523,10.939,4.776,0.279,31.517,0
L2LM,2,0,339,18.383,6.833,7.745,0.017,32.978,0
L2LM,2,0,340,19.219,6.878,23.954,0.021,50.073,1
L2LM,2,0,342,16.057,7.605,10.844,0.018,34.524,1
L2LM,2,0,343,16.742,7.656,14.341,0.332,39.071,1
L2LM,2,0,344,6.917,11.284,5.321,0.14,23.663,0
L2LM,2,0,345,15.857,6.891,4.217,0.012,26.978,0
L2LM,2,0,346,11.93,9.59,4.258,0.195,25.973,0
L2LM,2,0,347,10.802,10.744,3.477,0.012,25.036,0
L2LM,2,0,348,10.756,10.227,10.667,0.124,31.773,0
L2LM,2,0,349,11.974,6.691,12.34,0.255,31.26,0
L2LM,2,0,350,9.798,10.539,5.019,0.013,25.369,0
L2LM,2,0,351,12.758,7.101,5.12,0.14,25.12,0
L2LM,2,0,352,10.859,11.991,5.07,0.242,28.163,0
L2LM,2,0,353,12.775,6.966,3.592,0.189,23.522,0
L2LM,2,0,354,10.675,6.954,2.921,0.134,20.684,0
L2LM,2,0,355,7.829,14.514,5.189,0.254,27.786,0
L2LM,2,0,356,8.853,7.918,8.522,0.012,25.305,0
L2LM,2,0,357,12.394,6.988,6.003,1.521,26.907,0
L2LM,2,0,358,10.889,6.652,9.753,0.013,27.306,0
L2LM,2,0,359,11.82,10.929,9.103,0.014,31.866,0
L2LM,2,0,360,5.799,11.881,6.051,0.013,23.744,0
L2LM,2,0,361,12.175,6.723,5.623,0.204,24.726,0
L2LM,2,0,362,12.767,7.608,9.099,0.012,29.485,0
L2LM,2,0,363,8.844,9.982,5.879,0.012,24.717,0
L2LM,2,0,364,8.785,10.188,5.91,0.3,25.183,0
L2LM,2,0,365,10.876,6.909,5.351,0.141,23.277,0
L2LM,2,0,366,8.922,6.848,3.18,0.282,19.233,0
L2LM,2,0,367,11.817,7.67,3.668,0.14,23.295,0
L2LM,2,0,368,10.854,12.376,8.245,0.282,31.757,0
L2LM,2,0,369,10.831,6.804,4.744,0.014,22.393,0
L2LM,2,0,370,17.885,6.967,1.551,0.011,26.413,0
L2LM,2,0,371,13.926,8.319,8.048,0.18,30.473,0
L2LM,2,0,372,8.782,11.505,5.843,0.013,26.144,0
L2LM,2,0,373,12.724,9.332,2.489,0.012,24.558,0
L2LM,2,0,374,11.79,8.785,3.899,0.286,24.76,0
L2LM,2,0,375,8.81,15.665,3.322,0.212,28.009,0
L2LM,2,0,376,11.742,6.935,12.174,0.236,31.087,0
L2LM,2,0,377,10.745,6.655,1.735,0.269,19.404,0
L2LM,2,0,378,13.022,6.842,5.676,0.273,25.813,0
L2LM,2,0,379,12.842,12.138,4.794,0.011,29.784,0
L2LM,2,0,380,8.796,14.574,4.25,0.151,27.771,0
L2LM,2,0,381,8.521,8.726,23.787,0.173,41.207,1
L2LM,2,0,382,9.012,12.335,14.104,0.361,35.811,1
L2LM,2,0,383,16.508,7.954,27.032,0.018,51.513,1
L2LM,2,0,384,14.678,7.182,9.097,0.016,30.973,0
L2LM,2,0,385,13.484,10.451,3.648,0.017,27.6,0
L2LM,2,0,386,19.447,7.335,6.025,0.023,32.829,0
L2LM,2,0,387,17.483,7.531,7.646,0.348,33.008,0
L2LM,2,0,388,20.114,7.198,7.599,0.301,35.212,1
L2LM,2,0,389,18.005,15.925,25.49,0.017,59.437,1
L2LM,2,0,391,7.517,8.141,5.87,0.017,21.545,0
L2LM,2,0,392,11.587,9.479,17.029,0.02,38.115,1
L2LM,2,0,393,12.838,10.959,2.997,0.198,26.991,0
L2LM,2,0,394,12.816,6.719,4.482,0.249,24.267,0
L2LM,2,0,395,10.892,8.844,16.692,0.268,36.697,1
L2LM,2,0,396,12.659,10.614,5.399,0.216,28.887,0
L2LM,2,0,397,10.603,14.321,6.106,0.238,31.267,0
L2LM,2,0,398,10.98,10.308,10.866,0.274,32.428,0
L2LM,2,0,399,8.669,6.747,7.864,0.207,23.488,0
L2LM,2,0,400,14.745,10.355,6.488,0.282,31.87,0
L2LM,2,0,401,9.799,6.763,10.73,0.016,27.308,0
L2LM,2,0,402,11.643,8.319,2.72,0.013,22.695,0
L2LM,2,0,403,15.711,9.555,11.313,0.259,36.838,1
L2LM,2,0,404,8.77,18.003,5.383,0.014,32.17,0
L2LM,2,0,405,9.719,7.072,6.05,0.016,22.857,0
L2LM,2,0,406,13.583,7.994,13.641,0.013,35.231,1
L2LM,2,0,407,11.513,10.22,14.161,0.281,36.175,1
L2LM,2,0,408,8.643,13.648,32.591,0.268,55.149,1
L2LM,2,0,409,9.771,9.941,8.3,0.299,28.31,0
L2LM,2,0,410,11.124,8.47,4.737,0.016,24.347,0
L2LM,2,0,411,12.213,9.584,17.595,0.019,39.411,1
L2LM,2,0,412,12.693,22.009,10.133,0.016,44.851,1
L2LM,2,0,413,12.823,9.069,5.42,0.259,27.572,0
L2LM,2,0,414,15.275,6.751,5.249,0.013,27.289,0
L2LM,2,0,415,12.953,6.735,2.403,0.011,22.103,0
L2LM,2,0,416,14.91,7.308,7.502,0.196,29.917,0
L2LM,2,0,417,10.683,6.933,11.025,0.012,28.653,0
L2LM,2,0,418,14.788,6.995,6.217,0.015,28.014,0
L2LM,2,0,419,16.19,7.431,5.856,0.013,29.49,0
L2LM,2,0,420,12.662,7.602,10.304,0.296,30.863,0
L2LM,2,0,421,10.626,6.725,11.655,0.014,29.02,0
L2LM,2,0,422,11.648,9.111,6.139,0.23,27.128,0
L2LM,2,0,423,8.741,11.142,5.142,0.014,25.038,0
L2LM,2,0,424,16.56,7.806,20.573,0.145,45.084,1
L2LM,2,0,425,9.718,10.479,4.602,0.014,24.812,0
L2LM,2,0,426,15.728,13.588,2.483,0.013,31.812,0
L2LM,2,0,427,10.799,6.705,5.153,0.014,22.671,0
L2LM,2,0,428,9.754,7.673,2.6,0.234,20.26,0
L2LM,2,0,429,12.744,7.07,9.416,0.014,29.244,0
L2LM,2,0,430,11.728,6.96,7.057,0.013,25.758,0
L2LM,2,0,431,11.718,6.805,2.116,0.013,20.652,0
L2LM,2,0,432,10.254,10.517,5.93,0.334,27.036,0
L2LM,2,0,433,10.753,6.812,10.566,0.258,28.389,0
L2LM,2,0,434,12.428,6.856,6.309,0.011,25.605,0
L2LM,2,0,435,8.741,11.064,9.201,0.28,29.287,0
L2LM,2,0,436,8.819,11.809,7.874,0.151,28.652,0
L2LM,2,0,437,10.759,12.232,13.137,0.358,36.487,1
L2LM,2,0,438,8.732,6.84,10.793,0.013,26.378,0
L2LM,2,0,439,10.759,11.309,5.865,0.013,27.946,0
L2LM,2,0,440,11.899,7.301,8.125,0.217,27.543,0
L2LM,2,0,441,9.76,14.735,12.497,0.175,37.167,1
L2LM,2,0,442,15.219,7.153,2.054,0.012,24.439,0
L2LM,2,0,443,12.318,15.379,5.238,0.014,32.95,0
L2LM,2,0,444,8.719,12.198,8.764,0.016,29.697,0
L2LM,2,0,445,12.645,6.764,8.796,0.018,28.222,0
L2LM,2,0,446,14.825,7.919,9.071,0.016,31.83,0
L2LM,2,0,447,10.79,7.151,9.432,0.014,27.388,0
L2LM,2,0,448,8.835,14.799,2.453,0.016,26.103,0
L2LM,2,0,449,12.897,6.901,10.856,0.282,30.936,0
L2LM,2,0,450,14.95,7.121,6.835,0.014,28.92,0
L2LM,2,0,451,11.906,10.175,7.82,0.248,30.15,0
L2LM,2,0,452,16.346,14.065,14.908,0.018,45.336,1
L2LM,2,0,453,12.157,7.568,8.586,0.015,28.327,0
L2LM,2,0,454,16.271,14.068,6.147,0.019,36.505,1
L2LM,2,0,455,13.791,7.087,4.35,0.015,25.243,0
L2LM,2,0,456,15.635,6.79,12.697,0.317,35.438,1
L2LM,2,0,457,14.056,6.795,10.321,0.802,31.974,0
L2LM,2,0,458,16.212,6.901,2.294,0.013,25.419,0
L2LM,2,0,459,13.005,6.819,3.905,0.059,23.789,0
L2LM,2,0,460,18.646,7.647,8.27,0.229,34.792,1
L2LM,2,0,461,12.154,11.843,8.314,0.014,32.326,0
L2LM,2,0,462,9.617,6.755,10.951,0.307,27.63,0
L2LM,2,0,463,11.633,6.878,5.11,0.012,23.633,0
L2LM,2,0,464,11.618,9.734,9.872,0.014,31.238,0
L2LM,2,0,465,9.477,6.914,13.341,0.291,30.022,0
L2LM,2,0,466,7.577,15.419,5.86,0.013,28.869,0
L2LM,2,0,467,8.581,6.853,1.675,0.189,17.297,0
L2LM,2,0,468,8.517,10.701,10.823,0.015,30.056,0
L2LM,2,1,30,18.334,10.546,1.234,0.01,30.125,0
L2LM,2,1,31,8.904,10.849,1.243,0.01,21.006,0
L2LM,2,1,32,8.682,9.976,4.688,0.01,23.356,0
L2LM,2,1,33,10.817,6.684,5.819,0.012,23.332,0
L2LM,2,1,34,12.812,8.209,6.447,0.01,27.478,0
L2LM,2,1,35,10.687,10.584,5.11,0.011,26.392,0
L2LM,2,1,36,8.783,8.38,7.431,0.01,24.604,0
L2LM,2,1,37,6.752,14.787,5.128,0.011,26.679,0
L2LM,2,1,38,12.474,6.855,3.42,0.01,22.758,0
L2LM,2,1,39,8.885,9.397,2.673,0.01,20.965,0
L2LM,2,1,40,8.727,15.048,4.344,0.012,28.131,0
L2LM,2,1,41,9.698,7.338,15.259,0.014,32.309,0
L2LM,2,1,42,8.799,6.973,1.31,0.01,17.092,0
L2LM,2,1,43,9.035,10.346,3.861,0.011,23.253,0
L2LM,2,1,44,10.704,11.359,1.289,0.01,23.362,0
L2LM,2,1,45,10.979,6.667,1.555,0.01,19.21,0
L2LM,2,1,46,12.707,7.198,9.549,0.013,29.467,0
L2LM,2,1,47,17.132,14.83,4.226,0.011,36.199,1
L2LM,2,1,48,24.601,6.996,5.261,0.011,36.869,1
L2LM,2,1,49,11.308,8.595,3.651,0.011,23.565,0
L2LM,2,1,50,16.611,7.01,1.352,0.011,24.985,0
L2LM,2,1,51,16.555,8.529,7.675,0.011,32.771,0
L2LM,2,1,52,13.692,15.526,17.928,0.012,47.158,1
L2LM,2,1,53,9.679,13.641,3.186,0.013,26.519,0
L2LM,2,1,54,20.003,8.711,4.595,0.011,33.32,0
L2LM,2,1,55,8.511,13.4,8.108,0.012,30.031,0
L2LM,2,1,56,10.935,10.669,13.467,0.012,35.085,1
L2LM,2,1,57,13.613,10.73,9.44,0.014,33.798,1
L2LM,2,1,58,16.06,7.115,3.162,0.013,26.35,0
L2LM,2,1,59,16.806,9.341,1.913,0.013,28.074,0
L2LM,2,1,60,20.05,6.811,4.688,0.014,31.563,0
L2LM,2,1,61,17.523,7.043,5.667,0.015,30.249,0
L2LM,2,1,62,20.103,6.771,1.849,0.015,28.737,0
L2LM,2,1,63,17.343,6.847,9.146,0.013,33.348,1
L2LM,2,1,64,17.102,6.871,6.015,0.017,30.004,0
L2LM,2,1,65,16.059,8.825,7.534,0.015,32.433,0
L2LM,2,1,66,22.385,9.264,8.673,0.012,40.334,1
L2LM,2,1,67,26.062,14.088,5.549,0.012,45.711,1
L2LM,2,1,68,8.589,9.811,8.951,0.059,27.41,0
L2LM,2,1,69,12.608,11.293,8.11,0.012,32.024,0
L2LM,2,1,70,10.009,9.955,4.955,0.01,24.929,0
L2LM,2,1,71,13.005,6.83,8.14,0.012,27.987,0
L2LM,2,1,72,9.702,14.205,4.706,0.011,28.624,0
L2LM,2,1,73,8.568,10.667,5.003,0.011,24.25,0
L2LM,2,1,74,12.963,9.384,1.426,0.014,23.788,0
L2LM,2,1,75,12.817,10.376,1.662,0.011,24.866,0
L2LM,2,1,76,12.584,13.702,5.044,0.011,31.341,0
L2LM,2,1,77,8.663,8.255,1.328,0.01,18.256,0
L2LM,2,1,78,13.159,12.139,6.92,0.011,32.23,0
L2LM,2,1,79,12.688,9.959,2.268,0.01,24.925,0
L2LM,2,1,80,11.53,7.525,8.367,0.011,27.433,0
L2LM,2,1,81,7.783,8.026,7.533,0.013,23.356,0
L2LM,2,1,82,18.516,6.814,2.551,0.013,27.894,0
L2LM,2,1,83,18.71,8.075,5.187,0.014,31.986,0
L2LM,2,1,84,18.286,7.583,2.834,0.014,28.717,0
L2LM,2,1,85,16.712,7.88,9.432,0.016,34.039,1
L2LM,2,1,86,23.983,7.009,1.637,0.013,32.642,0
L2LM,2,1,87,15.676,10.607,7.794,0.017,34.094,1
L2LM,2,1,88,16.399,7.258,1.712,0.013,25.381,0
L2LM,2,1,89,15.417,7.625,5.548,0.015,28.604,0
L2LM,2,1,90,18.33,6.919,12.874,0.017,38.14,1
L2LM,2,1,91,14.54,7.301,6.895,0.016,28.753,0
L2LM,2,1,92,15.196,10.949,2.33,0.011,28.487,0
L2LM,2,1,93,9.038,10.531,5.458,0.013,25.039,0
L2LM,2,1,94,12.877,6.734,8.377,0.01,27.999,0
L2LM,2,1,95,19.563,7.145,4.476,0.011,31.195,0
L2LM,2,1,96,16.409,8.077,3.435,0.011,27.932,0
L2LM,2,1,97,11.819,10.203,1.583,0.012,23.616,0
L2LM,2,1,98,20.443,8.147,3.049,0.012,31.651,0
L2LM,2,1,99,30.565,6.818,4.467,0.012,41.862,1
L2LM,2,1,100,12.433,6.883,11.226,0.012,30.554,0
L2LM,2,1,101,6.289,7.703,9.388,0.014,23.394,0
L2LM,2,1,102,15.541,11.643,4.933,0.018,32.135,0
L2LM,2,1,103,14.83,12.997,5.354,0.015,33.195,0
L2LM,2,1,104,19.393,9.389,2.253,0.014,31.049,0
L2LM,2,1,105,18.54,7.949,4.685,0.014,31.187,0
L2LM,2,1,106,15.634,7.125,1.73,0.013,24.502,0
L2LM,2,1,107,17.449,8.476,1.789,0.014,27.729,0
L2LM,2,1,108,18.677,8.036,1.723,0.016,28.452,0
L2LM,2,1,109,18.368,7.299,8.049,0.014,33.73,1
L2LM,2,1,110,12.051,11.084,4.355,0.011,27.501,0
L2LM,2,1,111,14.759,10.651,1.27,0.01,26.69,0
L2LM,2,1,112,12.71,6.65,1.886,0.01,21.256,0
L2LM,2,1,113,15.245,6.653,2.272,0.013,24.182,0
L2LM,2,1,114,14.057,6.64,4.083,0.011,24.792,0
L2LM,2,1,115,17.568,6.689,1.185,0.009,25.451,0
L2LM,2,1,116,14.428,8.544,11.722,1.069,35.764,1
L2LM,2,1,117,23.641,11.519,1.52,0.013,36.692,1
L2LM,2,1,118,16.404,8.063,5.351,0.014,29.831,0
L2LM,2,1,119,17.026,9.558,6.691,0.015,33.291,0
L2LM,2,1,120,17.561,8.702,1.568,0.014,27.844,0
L2LM,2,1,121,19.503,6.848,2.8,0.013,29.165,0
L2LM,2,1,122,18.552,6.969,6.151,0.013,31.686,0
L2LM,2,1,123,8.132,8.742,19.296,0.012,36.182,1
L2LM,2,1,124,13.154,7.064,11.34,0.013,31.571,0
L2LM,2,1,125,10.34,11.31,7.791,0.018,29.459,0
L2LM,2,1,126,12.932,9.426,4.561,0.015,26.934,0
L2LM,2,1,127,20.981,7.127,5.332,0.016,33.457,1
L2LM,2,1,128,18.431,7.046,1.614,0.014,27.104,0
L2LM,2,1,129,17.853,7.782,4.566,0.015,30.215,0
L2LM,2,1,130,16.343,11.051,2.284,0.016,29.694,0
L2LM,2,1,131,16.543,7.503,1.426,0.013,25.485,0
L2LM,2,1,132,21.044,7.392,12.049,0.014,40.499,1
L2LM,2,1,133,15.977,10.752,11.414,0.015,38.158,1
L2LM,2,1,134,20.541,7.119,1.449,0.013,29.122,0
L2LM,2,1,135,21.042,7.152,7.441,0.016,35.651,1
L2LM,2,1,136,19.371,7.022,1.474,0.013,27.88,0
L2LM,2,1,137,15.018,10.836,2.581,0.017,28.452,0
L2LM,2,1,138,23.045,6.814,4.735,0.014,34.609,1
L2LM,2,1,139,16.006,6.826,9.662,0.014,32.507,0
L2LM,2,1,140,16.885,8.17,1.297,0.014,26.365,0
L2LM,2,1,141,13.072,12.347,2.146,0.011,27.576,0
L2LM,2,1,142,13.648,12.384,27.97,0.014,54.016,1
L2LM,2,1,143,20.787,12.866,8.227,0.011,41.89,1
L2LM,2,1,144,14.263,10.089,1.35,0.011,25.713,0
L2LM,2,1,145,21.774,7.257,1.431,0.014,30.476,0
L2LM,2,1,146,15.542,10.837,5.746,0.015,32.14,0
L2LM,2,1,147,15.537,6.786,1.53,0.014,23.867,0
L2LM,2,1,148,16.687,9.827,3.301,0.013,29.828,0
L2LM,2,1,149,16.405,8.383,3.454,0.013,28.255,0
L2LM,2,1,150,17.643,8.93,1.345,0.014,27.931,0
L2LM,2,1,151,19.637,7.056,1.88,0.015,28.588,0
L2LM,2,1,152,14.903,8.273,6.685,0.013,29.875,0
L2LM,2,1,153,15.472,9.435,6.62,0.015,31.541,0
L2LM,2,1,154,19.933,7.488,1.551,0.014,28.986,0
L2LM,2,1,155,16.756,7.468,1.316,0.013,25.553,0
L2LM,2,1,156,19.017,6.86,2.741,0.017,28.635,0
L2LM,2,1,157,17.035,7.989,3.735,0.014,28.773,0
L2LM,2,1,158,14.803,10.534,5.774,0.014,31.125,0
L2LM,2,1,159,17.892,8.028,3.037,0.014,28.97,0
L2LM,2,1,160,19.645,8.623,2.47,0.014,30.752,0
L2LM,2,1,161,19.229,7.414,1.901,0.014,28.558,0
L2LM,2,1,162,16.234,10.45,2.764,0.014,29.463,0
L2LM,2,1,163,19.35,10.681,9.111,0.015,39.157,1
L2LM,2,1,164,19.103,6.928,1.432,0.013,27.476,0
L2LM,2,1,165,18.642,6.878,1.58,0.018,27.117,0
L2LM,2,1,166,17.234,9.596,2.545,0.014,29.39,0
L2LM,2,1,167,16.694,7.601,4.226,0.013,28.533,0
L2LM,2,1,168,13.131,10.022,4.617,0.014,27.784,0
L2LM,2,1,169,16.666,7.096,5.077,0.014,28.853,0
L2LM,2,1,170,18.063,7.575,3.75,0.063,29.451,0
L2LM,2,1,171,15.989,6.972,1.453,0.013,24.427,0
L2LM,2,1,172,20.594,6.787,5.059,0.014,32.454,0
L2LM,2,1,173,15.723,8.39,2.201,0.013,26.327,0
L2LM,2,1,174,18.903,6.938,3.139,0.015,28.994,0
L2LM,2,1,175,18.754,6.952,2.202,0.013,27.921,0
L2LM,2,1,176,16.849,7.225,4.13,0.014,28.218,0
L2LM,2,1,177,20.838,7.343,3.182,1.924,33.287,0
L2LM,2,1,178,21.087,7.158,2.47,0.016,30.73,0
L2LM,2,1,179,19.482,7.07,4.45,0.013,31.015,0
L2LM,2,1,180,17.678,6.961,3.378,0.015,28.032,0
L2LM,2,1,181,18.04,7.049,7.235,0.016,32.341,0
L2LM,2,1,182,17.904,7.442,3.267,0.014,28.627,0
L2LM,2,1,183,21.164,7.444,1.733,1.031,31.372,0
L2LM,2,1,184,23.27,9.538,7.542,0.014,40.365,1
L2LM,2,1,185,14.687,7.569,8.29,0.014,30.56,0
L2LM,2,1,186,13.415,9.53,8.853,0.013,31.812,0
L2LM,2,1,187,16.249,6.952,7.474,0.011,30.686,0
L2LM,2,1,188,11.198,12.153,1.448,0.012,24.81,0
L2LM,2,1,189,8.894,11.599,1.62,0.011,22.124,0
L2LM,2,1,190,9.737,10.606,2.369,0.013,22.725,0
L2LM,2,1,191,12.61,6.64,5.668,0.01,24.928,0
L2LM,2,1,192,18.864,11.858,1.767,0.014,32.503,0
L2LM,2,1,193,15.51,10.669,4.935,0.014,31.129,0
L2LM,2,1,194,18.385,7.421,1.736,0.014,27.556,0
L2LM,2,1,195,20.713,7.276,5.81,0.016,33.814,1
L2LM,2,1,196,19.257,9.296,1.142,0.011,29.705,0
L2LM,2,1,197,7.483,8.925,1.24,0.013,17.661,0
L2LM,2,1,198,8.411,8.706,15.392,0.012,32.521,0
L2LM,2,1,199,12.512,7.316,8.258,0.015,28.102,0
L2LM,2,1,200,16.993,7.607,11.875,0.015,36.491,1
L2LM,2,1,201,13.109,7.227,14.408,0.015,34.759,1
L2LM,2,1,202,18.478,7.005,5.113,0.014,30.609,0
L2LM,2,1,203,19.16,7.118,3.536,0.014,29.828,0
L2LM,2,1,204,18.71,6.936,7.305,0.014,32.965,0
L2LM,2,1,205,15.48,19.255,8.957,2.758,46.451,1
L2LM,2,1,206,25.216,12.047,1.554,0.013,38.83,1
L2LM,2,1,207,22.243,6.827,5.345,0.013,34.428,1
L2LM,2,1,208,19.687,10.295,8.739,0.013,38.734,1
L2LM,2,1,209,7.087,10.02,1.231,0.01,18.348,0
L2LM,2,1,210,12.253,10.465,3.662,0.011,26.391,0
L2LM,2,1,211,10.686,7.169,4.081,0.011,21.947,0
L2LM,2,1,212,8.73,14.614,1.55,0.013,24.908,0
L2LM,2,1,213,12.724,6.755,1.35,0.01,20.84,0
L2LM,2,1,214,8.655,14.882,1.234,0.01,24.781,0
L2LM,2,1,215,12.227,6.729,8.334,0.009,27.3,0
L2LM,2,1,216,6.018,9.801,3.252,0.013,19.084,0
L2LM,2,1,217,11.339,12.437,1.736,0.013,25.524,0
L2LM,2,1,218,11.385,10.651,2.436,0.013,24.485,0
L2LM,2,1,219,13.072,11.126,8.751,0.012,32.961,0
L2LM,2,1,220,9.594,9.82,3.18,0.014,22.608,0
L2LM,2,1,221,20.035,7.207,2.627,0.014,29.882,0
L2LM,2,1,222,17.445,11.962,3.203,0.012,32.621,0
L2LM,2,1,223,17.143,8.499,1.566,0.013,27.221,0
L2LM,2,1,224,18.517,6.795,2.746,0.013,28.07,0
L2LM,2,1,225,15.538,12.592,12.374,0.015,40.52,1
L2LM,2,1,226,11.871,10.267,6.229,0.014,28.38,0
L2LM,2,1,227,9.925,6.931,7.512,0.012,24.381,0
L2LM,2,1,228,8.991,10.412,9.181,0.014,28.598,0
L2LM,2,1,229,18.447,8.054,3.487,0.014,30.002,0
L2LM,2,1,230,29.418,7.031,5.571,0.013,42.033,1
L2LM,2,1,231,20.0,7.445,6.068,0.016,33.528,1
L2LM,2,1,232,17.403,10.646,3.431,0.013,31.492,0
L2LM,2,1,233,17.556,8.085,6.397,0.014,32.053,0
L2LM,2,1,234,18.246,11.45,4.688,0.014,34.398,1
L2LM,2,1,235,19.892,11.384,18.015,0.016,49.306,1
L2LM,2,1,236,10.308,8.408,6.741,0.012,25.469,0
L2LM,2,1,237,9.627,7.236,8.42,0.012,25.296,0
L2LM,2,1,238,9.39,10.512,5.17,0.013,25.085,0
L2LM,2,1,239,9.714,8.074,8.689,0.012,26.49,0
L2LM,2,1,240,8.752,10.516,4.979,0.011,24.257,0
L2LM,2,1,241,8.469,8.489,2.914,0.012,19.884,0
L2LM,2,1,242,19.887,6.869,2.707,0.012,29.475,0
L2LM,2,1,243,16.945,7.127,11.466,0.014,35.553,1
L2LM,2,1,244,17.089,8.096,8.737,0.012,33.933,1
L2LM,2,1,245,13.304,6.7,3.813,0.012,23.829,0
L2LM,2,1,246,13.497,8.704,5.966,0.011,28.178,0
L2LM,2,1,247,13.703,20.333,1.333,0.011,35.38,1
L2LM,2,1,248,11.569,10.399,10.418,0.013,32.4,0
L2LM,2,1,249,8.695,10.529,3.017,0.011,22.252,0
L2LM,2,1,250,6.259,12.168,2.074,0.011,20.512,0
L2LM,2,1,251,10.429,13.044,5.602,0.011,29.087,0
L2LM,2,1,252,8.789,7.723,4.882,0.011,21.406,0
L2LM,2,1,253,13.464,9.472,4.112,0.012,27.061,0
L2LM,2,1,254,8.747,7.091,6.458,0.013,22.309,0
L2LM,2,1,255,8.778,7.061,2.455,0.011,18.305,0
L2LM,2,1,256,8.853,8.348,10.494,0.012,27.706,0
L2LM,2,1,257,16.797,8.688,4.605,0.01,30.101,0
L2LM,2,1,258,10.229,7.592,7.241,0.012,25.074,0
L2LM,2,1,259,10.083,7.033,1.387,0.011,18.515,0
L2LM,2,1,260,8.774,7.149,5.802,0.013,21.738,0
L2LM,2,1,261,13.065,6.853,1.243,0.011,21.172,0
L2LM,2,1,262,13.721,6.75,4.973,0.578,26.022,0
L2LM,2,1,263,21.162,6.856,5.279,0.014,33.31,0
L2LM,2,1,264,9.459,6.79,1.205,0.01,17.464,0
L2LM,2,1,265,12.27,6.993,11.347,0.012,30.623,0
L2LM,2,1,266,7.682,6.85,3.722,0.011,18.264,0
L2LM,2,1,267,15.756,6.729,5.633,0.01,28.129,0
L2LM,2,1,268,8.716,7.299,5.807,0.01,21.832,0
L2LM,2,1,269,11.151,6.745,1.682,0.011,19.589,0
L2LM,2,1,270,13.183,6.879,13.759,0.012,33.833,1
L2LM,2,1,271,8.325,6.981,10.533,0.013,25.851,0
L2LM,2,1,272,10.248,8.706,3.751,0.011,22.717,0
L2LM,2,1,273,12.732,10.42,3.168,0.01,26.33,0
L2LM,2,1,274,14.638,6.655,1.326,0.01,22.629,0
L2LM,2,1,275,7.527,10.777,7.703,0.012,26.019,0
L2LM,2,1,276,9.501,7.039,7.784,0.011,24.336,0
L2LM,2,1,277,12.102,7.535,5.035,0.012,24.685,0
L2LM,2,1,278,9.14,6.624,3.379,0.01,19.153,0
L2LM,2,1,279,9.713,6.634,1.293,0.01,17.65,0
L2LM,2,1,280,9.615,11.367,5.191,0.011,26.184,0
L2LM,2,1,281,11.639,7.984,4.925,0.01,24.558,0
L2LM,2,1,282,9.643,8.056,12.046,0.014,29.758,0
L2LM,2,1,283,12.66,6.807,1.371,0.01,20.848,0
L2LM,2,1,284,10.738,6.844,2.033,0.011,19.627,0
L2LM,2,1,285,8.717,7.221,7.708,0.012,23.659,0
L2LM,2,1,286,10.371,6.798,3.296,0.01,20.476,0
L2LM,2,1,287,13.426,6.66,4.825,0.011,24.922,0
L2LM,2,1,288,8.789,6.758,7.621,0.011,23.178,0
L2LM,2,1,289,9.869,6.928,2.738,0.01,19.544,0
L2LM,2,1,290,13.768,7.498,4.253,0.01,25.53,0
L2LM,2,1,291,10.659,10.026,3.704,0.01,24.399,0
L2LM,2,1,292,12.664,6.642,1.324,0.011,20.641,0
L2LM,2,1,293,10.875,7.394,6.116,0.011,24.396,0
L2LM,2,1,294,14.678,7.274,11.451,0.012,33.414,1
L2LM,2,1,295,9.467,10.331,4.271,0.011,24.08,0
L2LM,2,1,296,10.592,6.745,9.128,0.014,26.479,0
L2LM,2,1,297,16.641,7.018,6.131,0.014,29.805,0
L2LM,2,1,298,14.533,7.675,8.514,0.016,30.739,0
L2LM,2,1,299,17.707,14.734,2.494,0.086,35.022,1
L2LM,2,1,300,15.241,8.381,13.064,0.011,36.697,1
L2LM,2,1,301,10.787,10.092,13.303,0.016,34.197,1
L2LM,2,1,302,17.931,7.283,3.496,0.012,28.721,0
L2LM,2,1,303,9.406,11.185,4.902,0.016,25.509,0
L2LM,2,1,304,22.763,6.736,4.329,0.011,33.839,1
L2LM,2,1,305,13.77,14.033,3.144,0.013,30.96,0
L2LM,2,1,306,11.876,14.115,1.366,0.011,27.367,0
L2LM,2,1,307,12.705,15.214,6.436,0.012,34.368,1
L2LM,2,1,308,18.571,7.044,3.208,0.011,28.834,0
L2LM,2,1,309,14.768,10.284,10.139,0.015,35.206,1
L2LM,2,1,310,18.98,9.8,1.661,0.015,30.456,0
L2LM,2,1,311,16.406,8.379,12.962,0.018,37.765,1
L2LM,2,1,312,15.731,11.179,13.301,2.449,42.66,1
L2LM,2,1,313,16.32,9.919,3.607,0.021,29.866,0
L2LM,2,1,314,15.624,11.799,2.194,0.014,29.631,0
L2LM,2,1,315,18.116,7.042,1.763,0.013,26.934,0
L2LM,2,1,316,20.553,10.897,8.246,0.015,39.71,1
L2LM,2,1,317,13.587,10.859,2.694,0.014,27.155,0
L2LM,2,1,318,16.657,9.611,4.497,0.015,30.78,0
L2LM,2,1,319,29.466,10.26,2.003,0.015,41.744,1
L2LM,2,1,320,18.579,8.392,7.234,0.015,34.221,1
L2LM,2,1,321,15.628,8.357,5.543,0.015,29.544,0
L2LM,2,1,322,18.364,8.91,2.097,0.016,29.387,0
L2LM,2,1,323,15.614,13.031,5.567,0.019,34.231,1
L2LM,2,1,324,19.86,7.574,20.037,0.017,47.488,1
L2LM,2,1,325,14.266,10.844,4.866,0.012,29.988,0
L2LM,2,1,326,12.292,10.462,5.536,0.011,28.301,0
L2LM,2,1,327,13.075,6.731,6.645,0.012,26.463,0
L2LM,2,1,328,11.8,10.859,8.842,0.013,31.514,0
L2LM,2,1,329,12.628,7.645,6.012,0.011,26.296,0
L2LM,2,1,330,11.16,11.565,1.602,0.013,24.34,0
L2LM,2,1,331,13.402,8.646,10.413,0.011,32.472,0
L2LM,2,1,332,9.839,8.692,1.886,0.011,20.429,0
L2LM,2,1,333,11.225,14.876,5.845,0.013,31.959,0
L2LM,2,1,334,10.611,12.816,12.621,0.012,36.059,1
L2LM,2,1,335,8.806,8.993,13.127,0.012,30.938,0
L2LM,2,1,336,9.285,12.825,4.578,0.011,26.699,0
L2LM,2,1,337,15.775,8.561,7.499,0.011,31.846,0
L2LM,2,1,338,8.74,7.098,18.214,0.013,34.064,1
L2LM,2,1,339,18.504,7.532,7.495,0.017,33.547,1
L2LM,2,1,340,15.514,8.346,12.796,0.015,36.672,1
L2LM,2,1,341,15.668,8.802,10.182,0.016,34.669,1
L2LM,2,1,342,17.698,7.907,8.659,0.014,34.277,1
L2LM,2,1,343,15.649,7.082,5.292,0.014,28.037,0
L2LM,2,1,344,18.013,9.191,3.533,0.01,30.747,0
L2LM,2,1,345,11.977,7.786,3.441,0.01,23.214,0
L2LM,2,1,346,12.143,7.315,2.795,0.01,22.263,0
L2LM,2,1,347,12.204,6.8,2.497,0.012,21.512,0
L2LM,2,1,348,12.095,6.982,4.937,0.013,24.028,0
L2LM,2,1,349,11.091,9.834,6.447,0.012,27.384,0
L2LM,2,1,350,11.044,7.663,2.333,0.01,21.05,0
L2LM,2,1,351,12.136,7.8,2.358,0.01,22.305,0
L2LM,2,1,352,11.78,6.858,2.742,0.011,21.391,0
L2LM,2,1,353,12.196,7.375,6.39,0.012,25.973,0
L2LM,2,1,354,11.014,8.812,2.356,0.01,22.193,0
L2LM,2,1,355,12.194,7.759,3.259,0.01,23.223,0
L2LM,2,1,356,11.988,7.465,3.197,0.012,22.661,0
L2LM,2,1,357,11.16,7.511,3.813,0.011,22.495,0
L2LM,2,1,358,13.525,7.158,2.301,0.011,22.994,0
L2LM,2,1,359,11.79,7.699,6.15,0.014,25.653,0
L2LM,2,1,360,11.843,6.859,7.485,0.013,26.199,0
L2LM,2,1,361,15.131,6.976,6.849,0.014,28.97,0
L2LM,2,1,362,18.866,7.615,11.504,0.016,38.0,1
L2LM,2,1,363,16.951,9.299,6.446,0.015,32.711,0
L2LM,2,1,364,16.955,7.968,3.173,0.014,28.11,0
L2LM,2,1,365,16.998,11.642,3.928,0.015,32.582,0
L2LM,2,1,366,16.986,9.59,7.257,0.015,33.848,1
L2LM,2,1,367,17.234,8.06,6.497,0.015,31.806,0
L2LM,2,1,368,18.482,7.874,15.762,0.015,42.133,1
L2LM,2,1,369,18.072,7.962,4.891,0.014,30.939,0
L2LM,2,1,370,16.832,7.748,4.373,0.014,28.968,0
L2LM,2,1,371,16.913,8.122,2.961,0.015,28.011,0
L2LM,2,1,372,15.55,9.449,12.036,0.015,37.05,1
L2LM,2,1,373,20.65,14.276,8.445,0.019,43.389,1
L2LM,2,1,374,18.65,6.808,2.231,0.015,27.704,0
L2LM,2,1,375,18.618,6.762,5.561,0.015,30.958,0
L2LM,2,1,376,18.749,6.841,3.481,0.015,29.087,0
L2LM,2,1,377,18.662,9.476,11.42,0.016,39.575,1
L2LM,2,1,378,18.794,8.236,6.139,0.013,33.181,0
L2LM,2,1,379,14.926,11.912,3.709,0.022,30.57,0
L2LM,2,1,380,14.611,10.615,3.609,0.017,28.852,0
L2LM,2,1,381,17.634,6.994,15.739,0.017,40.384,1
L2LM,2,1,382,18.806,7.31,4.992,0.016,31.123,0
L2LM,2,1,383,15.585,14.211,2.078,0.017,31.892,0
L2LM,2,1,384,14.833,13.077,5.635,0.016,33.56,1
L2LM,2,1,385,17.005,9.111,4.635,0.013,30.764,0
L2LM,2,1,386,12.264,11.458,18.767,0.016,42.505,1
L2LM,2,1,387,20.212,7.792,6.67,0.018,34.692,1
L2LM,2,1,388,17.207,7.468,3.529,0.016,28.219,0
L2LM,2,1,389,11.766,7.81,3.489,0.017,23.082,0
L2LM,2,1,390,20.023,6.84,3.153,0.02,30.037,0
L2LM,2,1,391,16.61,11.121,8.988,0.017,36.735,1
L2LM,2,1,392,19.019,7.257,1.951,0.014,28.241,0
L2LM,2,1,393,22.097,9.171,5.396,0.016,36.68,1
L2LM,2,1,394,15.035,7.273,6.161,0.033,28.502,0
L2LM,2,1,395,26.147,8.883,6.796,0.017,41.843,1
L2LM,2,1,396,22.648,8.958,7.308,0.016,38.929,1
L2LM,2,1,397,17.964,18.658,9.315,0.017,45.954,1
L2LM,2,1,398,14.358,9.523,4.592,0.014,28.487,0
L2LM,2,1,399,16.629,14.734,6.075,0.014,37.452,1
L2LM,2,1,400,18.649,15.436,12.919,0.022,47.025,1
L2LM,2,1,402,19.113,7.996,13.821,0.017,40.947,1
L2LM,2,1,403,18.519,6.992,26.871,0.087,52.469,1
L2LM,2,1,404,17.941,14.108,8.196,0.059,40.304,1
L2LM,2,1,406,19.189,8.212,5.686,0.019,33.106,0
L2LM,2,1,407,21.305,10.203,3.403,0.015,34.926,1
L2LM,2,1,408,22.201,8.211,5.664,0.019,36.095,1
L2LM,2,1,409,19.146,7.102,10.352,0.014,36.614,1
L2LM,2,1,410,17.577,7.071,5.431,0.013,30.092,0
L2LM,2,1,411,15.748,11.347,5.769,0.023,32.888,0
L2LM,2,1,412,15.715,7.732,5.346,0.018,28.812,0
L2LM,2,1,413,18.6,6.986,5.133,0.014,30.733,0
L2LM,2,1,414,18.424,13.286,10.835,0.016,42.561,1
L2LM,2,1,415,12.627,15.246,4.563,0.016,32.452,0
L2LM,2,1,416,17.598,7.564,1.953,0.014,27.129,0
L2LM,2,1,417,15.568,10.652,2.302,0.015,28.537,0
L2LM,2,1,418,26.59,11.144,15.189,0.017,52.94,1
L2LM,2,1,419,17.928,7.13,6.046,0.016,31.12,0
L2LM,2,1,420,14.595,14.932,2.898,0.014,32.438,0
L2LM,2,1,421,18.652,7.692,5.883,0.016,32.242,0
L2LM,2,1,422,19.567,10.612,6.341,0.019,36.541,1
L2LM,2,1,423,15.209,7.036,14.771,0.015,37.031,1
L2LM,2,1,424,16.719,14.446,4.316,0.015,35.495,1
L2LM,2,1,425,18.041,7.026,2.436,0.017,27.519,0
L2LM,2,1,426,20.37,7.094,4.981,0.016,32.461,0
L2LM,2,1,427,19.339,6.965,14.343,0.018,40.665,1
L2LM,2,1,428,14.693,6.985,6.427,0.018,28.124,0
L2LM,2,1,429,19.362,7.441,5.203,0.016,32.022,0
L2LM,2,1,430,19.684,9.033,8.329,0.015,37.061,1
L2LM,2,1,431,16.533,9.275,3.093,0.016,28.916,0
L2LM,2,1,432,19.654,7.015,8.739,0.017,35.425,1
L2LM,2,1,433,20.9,10.309,2.669,0.014,33.891,1
L2LM,2,1,434,23.9,6.935,4.733,0.014,35.582,1
L2LM,2,1,435,20.674,13.239,6.85,0.016,40.78,1
L2LM,2,1,436,15.622,8.266,12.163,0.015,36.065,1
L2LM,2,1,438,18.638,7.325,6.447,0.023,32.433,0
L2LM,2,1,439,15.649,6.989,5.216,0.016,27.869,0
L2LM,2,1,440,15.647,6.875,2.33,0.017,24.868,0
L2LM,2,1,441,15.905,7.442,7.368,0.019,30.734,0
L2LM,2,1,442,21.693,7.076,4.86,0.017,33.645,1
L2LM,2,1,443,14.567,14.473,2.966,0.02,32.026,0
L2LM,2,1,444,15.733,15.251,5.847,0.018,36.848,1
L2LM,2,1,445,18.057,7.942,16.444,0.017,42.459,1
L2LM,2,1,446,18.707,8.495,12.762,0.016,39.98,1
L2LM,2,1,447,22.496,6.977,1.9,0.014,31.387,0
L2LM,2,1,448,17.82,13.265,5.406,0.016,36.508,1
L2LM,2,1,449,14.761,15.868,2.809,0.014,33.452,1
L2LM,2,1,450,14.728,10.48,11.643,0.015,36.866,1
L2LM,2,1,451,15.533,7.242,6.096,0.018,28.888,0
L2LM,2,1,452,15.463,6.789,3.811,0.015,26.079,0
L2LM,2,1,453,14.569,15.632,1.825,0.014,32.039,0
L2LM,2,1,454,15.557,14.728,17.131,0.017,47.433,1
L2LM,2,1,455,17.495,7.371,5.041,0.014,29.92,0
L2LM,2,1,456,14.544,10.721,6.183,0.014,31.462,0
L2LM,2,1,457,14.588,7.882,7.551,0.013,30.034,0
L2LM,2,1,458,15.566,6.923,6.777,0.015,29.281,0
L2LM,2,1,459,14.401,15.443,1.585,0.013,31.441,0
L2LM,2,1,460,19.451,6.81,1.642,0.012,27.915,0
L2LM,2,1,461,17.5,6.804,6.116,0.013,30.434,0
L2LM,2,1,462,15.618,10.437,6.67,0.013,32.738,0
L2LM,2,1,463,16.516,7.009,1.607,0.015,25.146,0
L2LM,2,1,464,19.116,11.335,1.669,0.013,32.132,0
L2LM,2,1,465,15.573,17.559,10.316,0.012,43.46,1
L2LM,2,1,466,12.296,6.678,10.159,0.012,29.145,0
L2LM,2,1,467,6.846,14.282,8.664,0.011,29.804,0
L2LM,2,1,468,12.033,9.398,8.761,0.011,30.204,0
L2LM,2,1,469,9.55,10.071,3.984,0.011,23.617,0
L2LM,2,1,470,9.672,6.542,3.202,0.01,19.426,0
L2LM,2,1,471,7.628,10.317,1.293,0.009,19.248,0
L2LM,2,1,472,8.565,8.114,1.824,0.01,18.512,0
L2LM,2,1,473,8.507,10.442,1.239,0.01,20.198,0
L2LM,2,1,474,10.625,6.581,4.758,0.009,21.973,0
L2LM,2,2,30,7.891,11.087,3.976,0.011,22.965,0
L2LM,2,2,31,9.823,6.63,8.705,0.013,25.171,0
L2LM,2,2,32,8.595,10.597,7.979,0.012,27.182,0
L2LM,2,2,33,11.134,11.893,7.963,0.013,31.003,0
L2LM,2,2,34,11.363,7.065,10.441,0.02,28.889,0
L2LM,2,2,35,7.749,11.563,7.552,0.012,26.876,0
L2LM,2,2,36,12.597,10.587,2.914,0.016,26.115,0
L2LM,2,2,37,13.07,13.967,2.988,0.013,30.038,0
L2LM,2,2,38,15.092,14.755,16.428,0.012,46.287,1
L2LM,2,2,39,8.211,11.33,13.559,0.012,33.111,0
L2LM,2,2,40,13.107,9.722,3.665,0.012,26.506,0
L2LM,2,2,41,18.787,11.157,1.451,0.011,31.407,0
L2LM,2,2,42,9.219,13.311,11.6,0.013,34.143,1
L2LM,2,2,43,8.689,15.511,7.398,0.011,31.61,0
L2LM,2,2,44,20.664,12.065,15.205,0.014,47.948,1
L2LM,2,2,45,10.896,15.85,2.112,0.011,28.87,0
L2LM,2,2,46,16.583,6.93,4.011,0.013,27.537,0
L2LM,2,2,47,13.973,11.016,6.238,0.014,31.24,0
L2LM,2,2,48,10.678,12.341,2.817,0.012,25.848,0
L2LM,2,2,49,8.639,8.074,15.132,0.015,31.86,0
L2LM,2,2,50,15.755,9.576,12.059,0.018,37.409,1
L2LM,2,2,51,20.325,7.03,3.281,0.015,30.651,0
L2LM,2,2,52,15.87,12.97,1.67,0.016,30.527,0
L2LM,2,2,53,16.367,10.879,1.705,0.014,28.966,0
L2LM,2,2,54,25.433,7.07,1.911,0.017,34.431,1
L2LM,2,2,55,16.537,7.51,4.466,0.015,28.529,0
L2LM,2,2,56,16.643,8.028,5.184,0.016,29.872,0
L2LM,2,2,57,17.565,6.943,6.858,0.014,31.379,0
L2LM,2,2,58,16.335,7.993,4.652,0.014,28.994,0
L2LM,2,2,59,14.652,7.663,9.348,0.013,31.675,0
L2LM,2,2,60,15.333,12.274,2.612,0.013,30.232,0
L2LM,2,2,61,11.205,6.789,1.906,0.011,19.912,0
L2LM,2,2,62,13.071,8.241,4.066,0.013,25.391,0
L2LM,2,2,63,25.633,8.135,5.773,0.017,39.558,1
L2LM,2,2,64,33.603,11.418,11.698,0.016,56.735,1
L2LM,2,2,65,16.842,6.788,2.896,0.017,26.543,0
L2LM,2,2,66,18.516,6.83,7.45,0.015,32.811,0
L2LM,2,2,67,16.649,7.788,4.491,0.014,28.942,0
L2LM,2,2,68,19.619,6.94,1.514,0.014,28.087,0
L2LM,2,2,69,16.818,15.372,1.723,0.017,33.93,1
L2LM,2,2,70,16.386,9.426,3.095,0.015,28.922,0
L2LM,2,2,71,14.967,16.924,12.031,0.012,43.934,1
L2LM,2,2,72,18.069,9.94,6.951,0.012,34.973,1
L2LM,2,2,73,12.502,11.736,1.272,0.011,25.522,0
L2LM,2,2,74,16.841,9.915,10.275,0.013,37.044,1
L2LM,2,2,75,12.367,10.423,7.401,0.014,30.206,0
L2LM,2,2,76,5.515,8.747,5.561,0.012,19.835,0
L2LM,2,2,77,8.037,9.761,3.685,0.013,21.496,0
L2LM,2,2,78,15.323,12.751,1.734,0.015,29.824,0
L2LM,2,2,79,15.407,11.812,6.595,0.017,33.831,1
L2LM,2,2,80,15.374,7.127,5.146,0.016,27.663,0
L2LM,2,2,81,23.519,7.243,3.134,0.014,33.909,1
L2LM,2,2,82,18.434,6.838,1.521,0.014,26.806,0
L2LM,2,2,83,16.823,6.797,4.607,0.016,28.242,0
L2LM,2,2,84,19.73,9.528,5.433,0.015,34.706,1
L2LM,2,2,85,16.515,7.245,22.006,0.013,45.779,1
L2LM,2,2,86,13.439,11.977,4.616,0.011,30.043,0
L2LM,2,2,87,17.472,8.183,1.352,0.011,27.019,0
L2LM,2,2,88,7.842,8.34,12.13,0.013,28.325,0
L2LM,2,2,89,11.662,14.913,9.853,0.012,36.439,1
L2LM,2,2,90,10.848,11.801,4.444,0.013,27.106,0
L2LM,2,2,91,12.313,7.629,7.299,0.013,27.253,0
L2LM,2,2,92,7.604,9.931,4.665,0.013,22.213,0
L2LM,2,2,93,8.658,11.059,3.691,0.012,23.419,0
L2LM,2,2,94,17.972,6.867,5.574,0.015,30.428,0
L2LM,2,2,95,15.476,12.135,10.181,0.016,37.808,1
L2LM,2,2,96,15.437,7.536,12.024,0.012,35.009,1
L2LM,2,2,97,13.231,9.451,4.225,0.011,26.919,0
L2LM,2,2,98,13.206,11.377,11.158,0.012,35.753,1
L2LM,2,2,99,15.065,16.878,2.559,0.011,34.513,1
L2LM,2,2,100,11.26,11.055,14.808,0.012,37.137,1
L2LM,2,2,101,7.33,7.976,5.578,0.012,20.896,0
L2LM,2,2,102,13.772,17.613,5.713,0.014,37.112,1
L2LM,2,2,103,17.671,9.474,11.72,0.013,38.877,1
L2LM,2,2,104,13.742,11.716,1.771,0.011,27.241,0
L2LM,2,2,105,8.59,10.437,2.945,0.012,21.985,0
L2LM,2,2,106,11.582,6.869,4.118,0.01,22.579,0
L2LM,2,2,107,14.331,6.702,4.017,0.011,25.061,0
L2LM,2,2,108,10.42,8.739,3.795,0.01,22.964,0
L2LM,2,2,109,8.586,14.595,1.736,0.011,24.929,0
L2LM,2,2,110,8.541,11.841,2.644,0.011,23.038,0
L2LM,2,2,111,7.621,8.548,5.395,0.01,21.575,0
L2LM,2,2,112,7.392,14.381,7.968,0.013,29.754,0
L2LM,2,2,113,9.53,10.41,4.456,0.012,24.408,0
L2LM,2,2,114,9.484,6.953,5.549,0.01,21.996,0
L2LM,2,2,115,8.495,12.051,2.54,0.011,23.097,0
L2LM,2,2,116,10.373,9.138,2.477,0.01,21.997,0
L2LM,2,2,117,10.577,7.78,8.432,0.01,26.799,0
L2LM,2,2,118,8.435,6.797,5.886,0.01,21.128,0
L2LM,2,2,119,16.118,6.69,3.182,0.013,26.002,0
L2LM,2,2,120,7.033,10.42,14.286,0.015,31.755,0
L2LM,2,2,121,18.048,6.952,5.136,0.013,30.15,0
L2LM,2,2,122,19.896,6.837,2.077,0.014,28.825,0
L2LM,2,2,123,18.438,8.855,18.34,0.015,45.648,1
L2LM,2,2,124,15.06,13.914,1.706,0.014,30.693,0
L2LM,2,2,125,16.112,9.733,8.002,0.015,33.861,1
L2LM,2,2,126,15.262,11.874,4.776,0.013,31.924,0
L2LM,2,2,127,16.318,6.913,8.885,0.014,32.13,0
L2LM,2,2,128,15.465,7.581,11.678,0.021,34.744,1
L2LM,2,2,129,17.316,11.902,1.752,0.014,30.985,0
L2LM,2,2,130,15.287,14.936,7.365,0.016,37.604,1
L2LM,2,2,131,17.493,11.348,9.015,0.02,37.875,1
L2LM,2,2,132,15.342,9.586,5.195,0.014,30.138,0
L2LM,2,2,133,14.298,10.467,2.211,0.016,26.992,0
L2LM,2,2,134,15.278,10.483,1.611,0.014,27.385,0
L2LM,2,2,135,15.306,8.024,5.487,0.014,28.832,0
L2LM,2,2,136,15.279,9.685,3.658,0.016,28.638,0
L2LM,2,2,137,21.148,8.034,1.674,0.017,30.872,0
L2LM,2,2,138,17.327,9.94,2.915,0.013,30.196,0
L2LM,2,2,139,32.42,6.986,6.239,0.016,45.66,1
L2LM,2,2,140,20.447,7.001,1.315,0.014,28.777,0
L2LM,2,2,141,17.795,10.382,12.517,0.017,40.711,1
L2LM,2,2,142,20.186,7.102,1.535,0.014,28.837,0
L2LM,2,2,143,15.011,10.563,4.539,0.014,30.127,0
L2LM,2,2,144,16.004,10.012,2.472,0.015,28.503,0
L2LM,2,2,145,16.501,8.387,3.606,0.016,28.51,0
L2LM,2,2,146,18.474,7.499,8.474,0.015,34.462,1
L2LM,2,2,147,15.364,7.56,10.784,0.013,33.721,1
L2LM,2,2,148,17.578,14.459,1.496,0.012,33.544,1
L2LM,2,2,149,10.433,15.112,1.365,0.013,26.923,0
L2LM,2,2,150,15.094,16.262,1.491,0.012,32.858,0
L2LM,2,2,151,12.545,13.09,4.879,0.012,30.526,0
L2LM,2,2,152,11.836,10.682,7.325,0.013,29.855,0
L2LM,2,2,153,9.636,13.633,2.939,0.012,26.22,0
L2LM,2,2,154,11.296,13.744,9.294,0.012,34.347,1
L2LM,2,2,155,10.531,11.874,3.964,0.013,26.382,0
L2LM,2,2,156,12.746,8.082,2.953,0.011,23.792,0
L2LM,2,2,157,10.616,10.778,3.538,0.012,24.944,0
L2LM,2,2,158,10.77,10.639,1.145,0.011,22.565,0
L2LM,2,2,159,11.114,6.891,2.34,0.011,20.357,0
L2LM,2,2,160,11.605,7.781,8.84,0.014,28.24,0
L2LM,2,2,161,8.416,10.665,1.43,0.012,20.523,0
L2LM,2,2,162,8.614,12.364,3.098,0.01,24.087,0
L2LM,2,2,163,10.535,6.738,4.707,0.012,21.992,0
L2LM,2,2,164,8.595,10.96,1.17,0.01,20.735,0
L2LM,2,2,165,11.382,6.897,4.295,0.011,22.585,0
L2LM,2,2,166,12.505,7.425,1.282,0.01,21.222,0
L2LM,2,2,167,8.558,14.34,1.21,0.011,24.118,0
L2LM,2,2,168,8.627,8.133,4.849,0.01,21.619,0
L2LM,2,2,169,8.693,7.417,7.395,0.012,23.517,0
L2LM,2,2,170,10.513,8.653,2.374,0.011,21.551,0
L2LM,2,2,171,11.545,6.658,1.726,0.01,19.94,0
L2LM,2,2,172,11.473,7.25,4.213,0.011,22.948,0
L2LM,2,2,173,8.673,10.403,3.735,0.011,22.821,0
L2LM,2,2,174,9.446,6.853,6.634,0.014,22.948,0
L2LM,2,2,175,7.129,12.138,4.82,0.012,24.1,0
L2LM,2,2,176,12.183,8.317,6.232,0.013,26.744,0
L2LM,2,2,177,13.195,6.967,9.683,0.012,29.857,0
L2LM,2,2,178,17.366,6.893,11.358,0.013,35.629,1
L2LM,2,2,179,9.235,10.694,1.491,0.013,21.432,0
L2LM,2,2,180,19.33,6.776,1.32,0.013,27.44,0
L2LM,2,2,181,17.312,6.903,1.454,0.014,25.683,0
L2LM,2,2,182,17.591,10.698,1.351,0.014,29.654,0
L2LM,2,2,183,18.633,7.056,1.31,0.013,27.011,0
L2LM,2,2,184,18.616,7.45,7.957,0.018,34.04,1
L2LM,2,2,185,15.447,11.066,3.4,0.016,29.929,0
L2LM,2,2,186,16.399,7.335,4.874,0.015,28.623,0
L2LM,2,2,187,20.034,6.922,4.094,0.013,31.063,0
L2LM,2,2,188,17.361,8.891,6.866,0.015,33.134,0
L2LM,2,2,189,15.408,8.239,5.203,0.016,28.866,0
L2LM,2,2,190,15.334,7.06,1.445,0.013,23.852,0
L2LM,2,2,191,18.36,7.074,4.819,0.017,30.269,0
L2LM,2,2,192,15.362,7.401,3.361,0.015,26.138,0
L2LM,2,2,193,17.181,7.19,1.528,0.014,25.913,0
L2LM,2,2,194,15.31,15.199,1.521,0.015,32.045,0
L2LM,2,2,195,15.316,7.035,1.607,0.014,23.972,0
L2LM,2,2,196,15.309,7.325,5.896,0.017,28.547,0
L2LM,2,2,197,14.261,7.134,1.436,0.011,22.841,0
L2LM,2,2,198,9.473,10.43,1.551,0.01,21.465,0
L2LM,2,2,199,9.397,11.018,1.548,0.012,21.975,0
L2LM,2,2,200,11.454,8.973,8.775,0.014,29.216,0
L2LM,2,2,201,16.302,10.939,4.985,0.015,32.241,0
L2LM,2,2,202,8.987,6.682,4.035,0.015,19.718,0
L2LM,2,2,203,8.577,8.582,14.98,0.015,32.154,0
L2LM,2,2,204,17.712,12.345,9.518,0.014,39.589,1
L2LM,2,2,205,17.006,10.396,11.259,0.013,38.674,1
L2LM,2,2,206,10.074,7.645,2.192,0.014,19.926,0
L2LM,2,2,207,5.545,13.024,5.898,0.013,24.48,0
L2LM,2,2,208,30.045,8.515,1.599,0.013,40.172,1
L2LM,2,2,209,19.439,8.694,6.28,0.014,34.427,1
L2LM,2,2,210,13.543,10.125,1.547,0.013,25.228,0
L2LM,2,2,211,17.254,8.188,8.597,0.014,34.053,1
L2LM,2,2,212,16.26,8.797,8.815,0.016,33.888,1
L2LM,2,2,213,15.426,14.945,1.188,0.013,31.572,0
L2LM,2,2,214,14.356,7.095,1.464,0.014,22.929,0
L2LM,2,2,215,15.223,15.606,2.316,0.018,33.164,0
L2LM,2,2,216,15.08,6.973,5.764,0.014,27.831,0
L2LM,2,2,217,18.619,9.009,1.654,0.017,29.298,0
L2LM,2,2,218,15.337,15.099,9.666,0.016,40.119,1
L2LM,2,2,219,12.384,6.995,9.892,0.015,29.285,0
L2LM,2,2,220,17.258,7.072,1.266,0.013,25.609,0
L2LM,2,2,221,18.283,11.812,8.918,0.015,39.027,1
L2LM,2,2,222,15.247,7.133,4.305,0.015,26.7,0
L2LM,2,2,223,15.277,7.43,4.5,0.015,27.221,0
L2LM,2,2,224,14.27,8.277,1.221,0.014,23.782,0
L2LM,2,2,225,14.328,14.199,1.243,0.014,29.785,0
L2LM,2,2,226,14.386,6.852,1.431,0.015,22.684,0
L2LM,2,2,227,16.295,6.995,8.615,0.013,31.918,0
L2LM,2,2,228,8.715,8.507,3.972,0.013,21.208,0
L2LM,2,2,229,12.554,7.1,3.259,0.011,22.925,0
L2LM,2,2,230,8.51,9.282,5.303,0.012,23.108,0
L2LM,2,2,231,5.918,10.717,1.181,0.01,17.827,0
L2LM,2,2,232,13.09,12.836,6.172,0.013,32.11,0
L2LM,2,2,233,12.309,9.755,1.213,0.011,23.288,0
L2LM,2,2,234,12.249,8.75,4.77,0.012,25.781,0
L2LM,2,2,235,10.863,11.675,1.186,0.011,23.734,0
L2LM,2,2,236,9.477,9.329,1.22,0.011,20.037,0
L2LM,2,2,237,10.879,6.735,1.624,0.011,19.249,0
L2LM,2,2,238,10.133,9.492,1.518,0.011,21.153,0
L2LM,2,2,239,12.106,7.626,1.21,0.01,20.952,0
L2LM,2,2,240,12.472,6.823,14.951,0.011,34.257,1
L2LM,2,2,241,6.442,7.074,3.072,0.013,16.601,0
L2LM,2,2,242,16.973,7.34,6.325,0.017,30.655,0
L2LM,2,2,243,17.541,6.878,7.878,0.015,32.312,0
L2LM,2,2,244,19.226,7.094,2.802,0.016,29.137,0
L2LM,2,2,245,16.497,7.444,9.149,0.017,33.108,0
L2LM,2,2,246,17.593,8.887,1.276,0.015,27.77,0
L2LM,2,2,247,16.038,11.141,1.509,3.292,31.98,0
L2LM,2,2,248,16.989,7.194,6.468,0.015,30.666,0
L2LM,2,2,249,16.736,7.275,8.531,0.015,32.557,0
L2LM,2,2,250,16.904,7.647,4.623,0.017,29.192,0
L2LM,2,2,251,16.67,7.469,3.729,0.013,27.881,0
L2LM,2,2,252,14.925,10.87,1.719,0.017,27.531,0
L2LM,2,2,253,17.529,6.873,1.572,0.015,25.988,0
L2LM,2,2,254,17.411,7.171,4.445,0.019,29.046,0
L2LM,2,2,255,10.897,12.779,4.917,0.015,28.607,0
L2LM,2,2,256,8.836,10.685,8.378,0.012,27.912,0
L2LM,2,2,257,12.558,7.091,3.23,0.011,22.891,0
L2LM,2,2,258,10.263,10.436,1.202,0.01,21.912,0
L2LM,2,2,259,8.486,10.27,1.876,0.01,20.642,0
L2LM,2,2,260,8.594,10.37,5.249,0.014,24.227,0
L2LM,2,2,261,8.749,16.05,4.347,0.013,29.159,0
L2LM,2,2,262,12.967,6.868,5.915,0.014,25.764,0
L2LM,2,2,263,11.828,6.964,1.233,0.011,20.036,0
L2LM,2,2,264,13.644,6.977,8.05,0.011,28.682,0
L2LM,2,2,265,8.485,10.631,5.661,0.012,24.79,0
L2LM,2,2,266,9.276,7.995,2.939,0.011,20.22,0
L2LM,2,2,267,13.997,6.944,1.178,0.01,22.129,0
L2LM,2,2,268,11.663,9.585,6.484,0.011,27.743,0
L2LM,2,2,269,11.95,8.983,10.016,0.012,30.961,0
L2LM,2,2,270,10.787,8.129,10.384,0.016,29.315,0
L2LM,2,2,271,14.547,16.349,2.046,0.017,32.96,0
L2LM,2,2,272,18.31,7.292,6.276,0.017,31.894,0
L2LM,2,2,273,26.692,6.981,16.413,0.016,50.102,1
L2LM,2,2,274,16.65,7.09,2.095,0.015,25.85,0
L2LM,2,2,275,18.944,6.831,1.413,0.015,27.203,0
L2LM,2,2,276,15.432,6.981,4.262,0.015,26.69,0
L2LM,2,2,277,13.418,14.581,7.252,0.014,35.264,1
L2LM,2,2,278,17.665,7.656,5.158,0.015,30.495,0
L2LM,2,2,279,16.712,7.138,5.289,0.016,29.154,0
L2LM,2,2,280,15.862,6.867,2.914,0.014,25.657,0
L2LM,2,2,281,17.495,7.434,2.872,0.018,27.818,0
L2LM,2,2,282,15.492,11.966,7.692,0.016,35.165,1
L2LM,2,2,283,16.58,7.34,5.387,0.013,29.32,0
L2LM,2,2,284,15.463,7.268,8.329,0.016,31.075,0
L2LM,2,2,285,17.211,7.218,1.525,0.013,25.967,0
L2LM,2,2,286,18.722,6.87,6.571,0.028,32.191,0
L2LM,2,2,287,15.444,7.006,6.144,0.015,28.61,0
L2LM,2,2,288,15.37,9.587,1.816,0.015,26.788,0
L2LM,2,2,289,15.398,15.742,1.399,0.013,32.553,0
L2LM,2,2,290,15.515,12.037,4.976,0.014,32.543,0
L2LM,2,2,291,15.458,7.034,9.035,0.02,31.548,0
L2LM,2,2,292,15.67,6.922,1.208,0.011,23.811,0
L2LM,2,2,293,12.315,6.831,2.224,0.011,21.381,0
L2LM,2,2,294,11.974,6.745,1.118,0.01,19.847,0
L2LM,2,2,295,14.1,6.799,1.959,0.011,22.869,0
L2LM,2,2,296,8.781,10.537,4.864,0.011,24.193,0
L2LM,2,2,297,15.949,6.66,8.367,0.012,30.988,0
L2LM,2,2,298,9.823,10.631,1.41,0.01,21.874,0
L2LM,2,2,299,5.878,13.236,1.374,0.011,20.499,0
L2LM,2,2,300,11.629,6.934,1.405,0.013,19.98,0
L2LM,2,2,301,9.485,11.29,1.46,0.011,22.246,0
L2LM,2,2,302,12.712,7.261,1.52,0.011,21.504,0
L2LM,2,2,303,12.619,7.036,1.3,0.012,20.967,0
L2LM,2,2,304,10.533,10.326,8.964,0.018,29.84,0
L2LM,2,2,305,8.501,10.538,2.278,0.012,21.328,0
L2LM,2,2,306,16.567,7.094,8.766,0.014,32.441,0
L2LM,2,2,307,8.515,10.647,1.221,0.012,20.395,0
L2LM,2,2,308,8.498,11.246,2.758,0.011,22.513,0
L2LM,2,2,309,5.428,9.794,4.382,0.01,19.615,0
L2LM,2,2,310,8.43,11.176,1.231,0.01,20.847,0
L2LM,2,2,311,11.838,6.716,5.596,0.012,24.161,0
L2LM,2,2,312,11.364,13.463,1.258,0.011,26.096,0
L2LM,2,2,313,11.287,14.977,7.409,0.012,33.686,1
L2LM,2,2,314,10.568,7.305,1.356,0.011,19.24,0
L2LM,2,2,315,11.359,9.887,1.426,0.011,22.683,0
L2LM,2,2,316,11.512,11.077,2.14,0.01,24.739,0
L2LM,2,2,317,8.392,15.656,2.343,0.011,26.402,0
L2LM,2,2,318,11.477,9.19,5.473,0.014,26.154,0
L2LM,2,2,319,11.469,6.789,3.424,0.012,21.695,0
L2LM,2,2,320,10.482,11.184,1.302,0.012,22.979,0
L2LM,2,2,321,11.529,8.044,4.751,0.01,24.333,0
L2LM,2,2,322,9.45,7.437,1.296,0.012,18.195,0
L2LM,2,2,323,8.33,10.723,2.217,0.011,21.281,0
L2LM,2,2,324,12.532,9.871,20.388,0.015,42.806,1
L2LM,2,2,325,8.395,10.53,6.988,0.012,25.925,0
L2LM,2,2,326,10.821,12.15,2.25,0.013,25.234,0
L2LM,2,2,327,9.499,11.248,1.931,0.013,22.691,0
L2LM,2,2,328,8.474,10.521,7.699,0.015,26.709,0
L2LM,2,2,329,10.064,7.86,1.284,0.012,19.22,0
L2LM,2,2,330,17.135,7.102,1.291,0.012,25.539,0
L2LM,2,2,331,19.563,8.697,5.783,0.015,34.058,1
L2LM,2,2,332,9.166,10.223,2.844,0.015,22.248,0
L2LM,2,2,333,17.689,17.389,6.395,0.019,41.492,1
L2LM,2,2,334,12.8,10.821,1.487,0.016,25.124,0
L2LM,2,2,335,15.878,7.04,4.521,0.014,27.454,0
L2LM,2,2,336,15.114,9.383,5.331,0.016,29.844,0
L2LM,2,2,337,15.196,11.917,7.663,0.017,34.793,1
L2LM,2,2,338,17.58,12.391,3.987,0.016,33.975,1
L2LM,2,2,339,16.539,9.196,3.122,0.015,28.871,0
L2LM,2,2,340,18.54,8.877,1.493,0.018,28.927,0
L2LM,2,2,341,17.121,7.121,5.384,0.017,29.643,0
L2LM,2,2,342,22.507,6.974,1.23,0.015,30.726,0
L2LM,2,2,343,16.61,9.833,3.342,0.014,29.799,0
L2LM,2,2,344,15.292,11.887,3.633,0.015,30.828,0
L2LM,2,2,345,16.501,6.966,8.406,0.015,31.889,0
L2LM,2,2,346,15.235,7.884,7.935,0.017,31.07,0
L2LM,2,2,347,18.516,7.055,10.336,0.015,35.923,1
L2LM,2,2,348,17.912,8.417,7.414,0.032,33.776,1
L2LM,2,2,349,18.45,8.157,5.356,0.017,31.981,0
L2LM,2,2,350,15.441,7.552,5.052,0.015,28.06,0
L2LM,2,2,351,16.138,7.531,1.483,0.017,25.169,0
L2LM,2,2,352,12.212,11.048,15.627,0.018,38.904,1
L2LM,2,2,353,17.232,7.001,5.03,0.017,29.28,0
L2LM,2,2,354,16.004,7.993,5.161,0.018,29.176,0
L2LM,2,2,355,15.964,7.309,5.755,0.015,29.043,0
L2LM,2,2,356,14.296,10.414,1.333,0.014,26.057,0
L2LM,2,2,357,15.279,6.863,2.355,0.015,24.512,0
L2LM,2,2,358,16.603,9.492,4.665,0.014,30.774,0
L2LM,2,2,359,17.192,6.92,2.002,2.431,28.545,0
L2LM,2,2,360,17.255,7.693,1.386,0.015,26.349,0
L2LM,2,2,361,15.164,11.159,1.949,0.015,28.287,0
L2LM,2,2,362,15.472,10.547,10.341,0.015,36.375,1
L2LM,2,2,363,15.054,9.565,8.671,0.016,33.306,0
L2LM,2,2,364,17.674,6.809,7.235,0.016,31.734,0
L2LM,2,2,365,13.908,10.639,2.624,0.015,27.186,0
L2LM,2,2,366,17.232,6.902,6.985,0.02,31.139,0
L2LM,2,2,367,14.226,10.173,4.126,0.016,28.54,0
L2LM,2,2,368,17.652,9.542,12.135,0.017,39.347,1
L2LM,2,2,369,16.931,6.836,1.486,0.017,25.271,0
L2LM,2,2,370,16.43,7.426,2.511,0.016,26.383,0
L2LM,2,2,371,18.107,8.814,7.301,0.018,34.24,1
L2LM,2,2,372,17.204,8.337,1.263,0.015,26.82,0
L2LM,2,2,373,17.207,11.165,9.57,0.016,37.958,1
L2LM,2,2,374,17.632,10.408,8.205,0.022,36.266,1
L2LM,2,2,375,15.285,10.747,2.383,0.019,28.435,0
L2LM,2,2,376,15.216,8.418,4.07,0.015,27.72,0
L2LM,2,2,377,16.065,11.429,10.22,0.015,37.73,1
L2LM,2,2,378,14.379,10.683,4.522,0.014,29.599,0
L2LM,2,2,379,18.742,7.263,2.208,0.013,28.227,0
L2LM,2,2,380,18.816,7.362,7.898,0.015,34.092,1
L2LM,2,2,381,19.713,7.004,3.758,0.02,30.495,0
L2LM,2,2,382,25.267,7.114,8.064,0.021,40.465,1
L2LM,2,2,383,16.214,7.551,1.534,0.015,25.314,0
L2LM,2,2,384,19.736,6.883,4.917,0.016,31.551,0
L2LM,2,2,385,14.329,9.806,4.654,0.017,28.806,0
L2LM,2,2,386,16.262,7.447,7.247,0.021,30.977,0
L2LM,2,2,387,13.389,7.532,5.641,0.018,26.579,0
L2LM,2,2,388,19.363,7.062,2.388,0.02,28.833,0
L2LM,2,2,389,16.063,6.918,5.909,0.019,28.908,0
L2LM,2,2,390,13.765,6.871,5.209,0.018,25.863,0
L2LM,2,2,391,17.378,8.2,7.329,0.019,32.926,0
L2LM,2,2,392,13.934,13.774,17.918,0.027,45.653,1
L2LM,2,2,393,13.223,7.071,14.46,0.03,34.784,1
L2LM,2,2,394,16.316,12.845,4.477,0.021,33.658,1
L2LM,2,2,395,15.857,9.867,5.607,0.021,31.352,0
L2LM,2,2,396,15.804,7.311,10.7,0.018,33.833,1
L2LM,2,2,397,21.391,14.103,6.033,0.017,41.543,1
L2LM,2,2,398,18.344,14.191,4.911,0.018,37.464,1
L2LM,2,2,399,16.483,6.827,6.924,0.018,30.252,0
L2LM,2,2,400,16.513,11.209,7.218,0.018,34.959,1
L2LM,2,2,401,14.961,6.983,2.713,0.016,24.674,0
L2LM,2,2,402,18.628,10.225,3.874,0.017,32.744,0
L2LM,2,2,403,16.723,7.157,8.846,0.021,32.748,0
L2LM,2,2,404,15.751,7.4,14.768,0.018,37.937,1
L2LM,2,2,405,17.747,8.962,4.151,0.016,30.876,0
L2LM,2,2,406,16.476,7.982,10.9,0.024,35.382,1
L2LM,2,2,407,18.54,7.537,2.183,0.018,28.279,0
L2LM,2,2,408,18.099,15.264,7.16,0.021,40.545,1
L2LM,2,2,409,23.49,11.368,12.641,0.021,47.519,1
L2LM,2,2,411,16.149,7.379,10.004,0.287,33.819,1
L2LM,2,2,412,25.626,11.736,7.688,0.015,45.065,1
L2LM,2,2,413,27.099,9.464,4.792,0.016,41.37,1
L2LM,2,2,414,12.464,8.932,14.722,0.017,36.135,1
L2LM,2,2,415,20.873,7.088,6.413,0.019,34.393,1
L2LM,2,2,416,18.046,10.815,7.264,0.015,36.14,1
L2LM,2,2,417,18.859,10.074,12.324,0.015,41.271,1
L2LM,2,2,419,26.071,7.843,1.776,0.016,35.707,1
L2LM,2,2,420,15.933,8.468,9.203,0.02,33.624,1
L2LM,2,2,421,14.256,10.996,8.717,0.02,33.989,1
L2LM,2,2,422,16.09,10.294,2.944,0.016,29.344,0
L2LM,2,2,423,16.134,11.727,11.132,0.022,39.015,1
L2LM,2,2,424,19.864,6.937,4.457,0.015,31.272,0
L2LM,2,2,425,19.326,6.877,2.712,0.016,28.93,0
L2LM,2,2,426,15.24,15.274,1.59,0.017,32.122,0
L2LM,2,2,427,19.048,10.195,6.676,0.017,35.936,1
L2LM,2,2,428,19.493,6.874,1.673,0.015,28.056,0
L2LM,2,2,429,17.376,9.949,8.473,0.02,35.818,1
L2LM,2,2,430,17.406,7.154,5.172,0.017,29.749,0
L2LM,2,2,431,17.203,13.762,5.514,0.015,36.495,1
L2LM,2,2,432,20.126,6.965,9.908,0.018,37.017,1
L2LM,2,2,433,16.285,6.874,14.94,0.017,38.115,1
L2LM,2,2,434,14.014,7.131,2.577,0.016,23.739,0
L2LM,2,2,435,23.037,7.005,5.181,0.016,35.238,1
L2LM,2,2,436,17.63,7.442,5.715,0.018,30.805,0
L2LM,2,2,437,15.808,7.36,3.115,0.017,26.3,0
L2LM,2,2,438,17.515,7.011,1.763,0.017,26.307,0
L2LM,2,2,439,19.85,7.667,9.738,0.017,37.271,1
L2LM,2,2,440,16.31,8.59,14.393,0.017,39.309,1
L2LM,2,2,441,15.854,8.035,17.642,0.024,41.554,1
L2LM,2,2,442,18.066,14.399,8.769,0.017,41.252,1
L2LM,2,2,443,16.899,15.893,7.811,0.016,40.619,1
L2LM,2,2,445,17.123,10.196,9.989,0.02,37.328,1
L2LM,2,2,446,17.808,6.896,2.29,0.018,27.011,0
L2LM,2,2,447,16.95,6.914,6.711,0.023,30.599,0
L2LM,2,2,448,18.655,8.042,4.997,0.015,31.709,0
L2LM,2,2,449,16.571,6.886,9.739,0.019,33.216,0
L2LM,2,2,450,13.665,9.066,2.934,0.015,25.679,0
L2LM,2,2,451,17.767,10.686,11.612,0.019,40.084,1
L2LM,2,2,452,18.507,7.447,9.047,0.019,35.02,1
L2LM,2,2,453,15.531,7.098,1.915,0.015,24.559,0
L2LM,2,2,454,19.962,7.163,3.588,0.016,30.729,0
L2LM,2,2,455,17.629,7.1,3.12,0.018,27.866,0
L2LM,2,2,456,15.947,6.851,4.099,0.016,26.913,0
L2LM,2,2,457,15.078,11.123,1.749,0.016,27.967,0
L2LM,2,2,458,15.309,7.501,9.39,0.016,32.216,0
L2LM,2,2,459,19.008,6.951,5.987,0.013,31.959,0
L2LM,2,2,460,14.47,6.857,5.276,0.016,26.62,0
L2LM,2,2,461,14.949,8.672,18.545,0.023,42.189,1
L2LM,2,2,462,16.783,7.272,1.791,0.016,25.862,0
L2LM,2,2,463,15.66,9.868,1.526,0.015,27.069,0
L2LM,2,2,464,14.857,16.791,2.131,0.015,33.794,1
L2LM,2,2,465,16.294,10.581,5.199,0.014,32.088,0
L2LM,2,2,466,17.138,8.363,3.261,0.014,28.775,0
L2LM,2,2,467,16.248,6.773,4.081,0.014,27.116,0
L2LM,2,2,468,12.98,6.804,2.864,0.014,22.662,0
L2LM,2,2,469,19.222,6.811,1.392,0.013,27.438,0
L2LM,2,2,470,12.854,9.021,3.32,0.013,25.208,0
L2LM,2,2,471,15.214,6.92,4.339,0.013,26.485,0
L2LM,2,2,472,17.247,7.204,5.437,0.013,29.902,0
L2LM,2,2,473,16.735,7.282,1.573,0.014,25.603,0
L2LM,2,2,474,16.202,11.09,1.473,0.013,28.779,0
L2LM,2,3,30,14.827,10.264,4.842,0.013,29.945,0
L2LM,2,3,31,18.509,8.046,4.782,0.013,31.349,0
L2LM,2,3,32,14.984,9.457,5.924,0.013,30.378,0
L2LM,2,3,33,13.997,8.764,6.797,0.015,29.573,0
L2LM,2,3,34,14.197,10.959,5.27,0.012,30.438,0
L2LM,2,3,35,6.439,9.818,3.776,0.01,20.043,0
L2LM,2,3,36,12.085,15.673,11.723,0.015,39.496,1
L2LM,2,3,37,15.265,10.838,3.577,0.014,29.693,0
L2LM,2,3,38,18.137,7.31,10.085,0.015,35.547,1
L2LM,2,3,39,14.137,7.218,4.112,0.014,25.482,0
L2LM,2,3,40,16.993,7.089,5.24,0.014,29.336,0
L2LM,2,3,41,17.648,7.041,4.947,0.013,29.65,0
L2LM,2,3,42,16.932,11.085,12.539,0.014,40.57,1
L2LM,2,3,43,16.231,7.235,5.715,0.012,29.193,0
L2LM,2,3,44,15.064,11.379,1.984,0.013,28.44,0
L2LM,2,3,45,18.837,6.795,3.571,0.013,29.215,0
L2LM,2,3,46,14.007,10.734,5.553,0.016,30.309,0
L2LM,2,3,47,14.88,9.404,13.048,0.013,37.346,1
L2LM,2,3,48,14.921,6.846,7.146,0.016,28.928,0
L2LM,2,3,49,23.946,7.219,3.483,0.013,34.661,1
L2LM,2,3,50,15.011,8.368,5.152,0.015,28.545,0
L2LM,2,3,51,15.117,10.696,4.726,0.017,30.555,0
L2LM,2,3,52,17.088,6.88,3.188,0.013,27.168,0
L2LM,2,3,53,17.178,11.588,8.639,0.015,37.419,1
L2LM,2,3,54,14.88,15.764,2.144,0.017,32.805,0
L2LM,2,3,55,19.077,10.662,8.326,0.014,38.078,1
L2LM,2,3,56,15.867,6.801,5.27,0.013,27.951,0
L2LM,2,3,57,15.942,9.407,1.576,0.012,26.937,0
L2LM,2,3,58,17.456,7.815,4.703,0.013,29.986,0
L2LM,2,3,59,15.826,8.718,1.862,0.013,26.419,0
L2LM,2,3,60,14.869,10.384,6.098,0.013,31.365,0
L2LM,2,3,61,15.026,10.879,5.053,0.012,30.97,0
L2LM,2,3,62,17.633,6.85,2.617,0.013,27.112,0
L2LM,2,3,63,13.972,10.759,4.184,0.013,28.928,0
L2LM,2,3,64,15.958,9.207,3.471,0.013,28.651,0
L2LM,2,3,65,15.972,7.459,10.355,0.014,33.799,1
L2LM,2,3,66,13.92,8.403,8.249,0.015,30.588,0
L2LM,2,3,67,15.032,15.638,14.065,0.019,44.754,1
L2LM,2,3,68,16.997,6.859,5.801,0.025,29.682,0
L2LM,2,3,69,9.42,10.654,1.422,0.012,21.508,0
L2LM,2,3,70,8.164,11.362,3.326,0.01,22.863,0
L2LM,2,3,71,13.525,9.934,1.265,0.009,24.733,0
L2LM,2,3,72,9.253,10.635,6.488,0.011,26.387,0
L2LM,2,3,73,8.304,9.906,1.391,0.016,19.617,0
L2LM,2,3,74,5.477,10.344,9.972,0.012,25.804,0
L2LM,2,3,75,8.181,10.812,4.708,0.012,23.713,0
L2LM,2,3,76,7.28,13.978,1.385,0.012,22.654,0
L2LM,2,3,77,12.346,13.807,2.685,0.011,28.85,0
L2LM,2,3,78,17.578,7.822,9.41,0.018,34.828,1
L2LM,2,3,79,15.275,9.726,4.599,0.015,29.614,0
L2LM,2,3,80,16.903,7.581,3.113,0.029,27.626,0
L2LM,2,3,81,16.682,10.636,4.945,0.016,32.279,0
L2LM,2,3,82,16.696,7.821,9.851,0.014,34.383,1
L2LM,2,3,83,6.399,10.407,3.808,0.015,20.629,0
L2LM,2,3,84,9.974,7.254,5.581,0.015,22.824,0
L2LM,2,3,85,8.657,10.65,1.15,0.01,20.467,0
L2LM,2,3,86,9.452,8.361,8.545,0.012,26.371,0
L2LM,2,3,87,8.363,8.137,8.131,0.01,24.642,0
L2LM,2,3,88,6.79,8.954,13.5,0.011,29.256,0
L2LM,2,3,89,16.324,7.187,1.331,0.011,24.852,0
L2LM,2,3,90,10.18,11.424,2.119,0.011,23.734,0
L2LM,2,3,91,11.38,6.929,4.647,0.011,22.966,0
L2LM,2,3,92,9.239,7.559,1.024,0.01,17.832,0
L2LM,2,3,93,11.975,10.552,8.701,0.011,31.239,0
L2LM,2,3,94,8.4,9.363,4.725,0.011,22.499,0
L2LM,2,3,95,12.148,6.695,3.995,0.01,22.849,0
L2LM,2,3,96,10.308,7.294,4.58,0.012,22.195,0
L2LM,2,3,97,9.681,10.442,0.991,0.013,21.126,0
L2LM,2,3,98,8.204,8.951,4.744,0.015,21.916,0
L2LM,2,3,99,10.566,10.469,1.108,0.012,22.154,0
L2LM,2,3,100,11.7,10.109,1.051,0.013,22.873,0
L2LM,2,3,101,11.205,7.102,1.904,0.015,20.226,0
L2LM,2,3,102,11.154,6.793,4.482,0.012,22.442,0
L2LM,2,3,103,6.848,10.383,9.326,0.014,26.571,0
L2LM,2,3,104,10.221,8.004,0.942,0.01,19.177,0
L2LM,2,3,105,10.5,7.217,8.882,0.013,26.612,0
L2LM,2,3,106,16.81,7.026,3.42,0.017,27.273,0
L2LM,2,3,107,16.44,7.046,9.49,0.019,32.995,0
L2LM,2,3,108,11.198,11.03,8.144,0.011,30.384,0
L2LM,2,3,109,9.928,7.03,4.755,0.015,21.729,0
L2LM,2,3,110,17.736,6.969,2.954,0.012,27.67,0
L2LM,2,3,111,9.858,9.814,4.268,0.014,23.954,0
L2LM,2,3,112,15.154,14.534,16.727,0.017,46.431,1
L2LM,2,3,113,16.949,9.259,5.128,0.012,31.349,0
L2LM,2,3,114,11.259,6.815,6.456,0.017,24.546,0
L2LM,2,3,115,17.525,6.972,6.08,0.014,30.591,0
L2LM,2,3,116,17.222,7.199,11.543,0.012,35.976,1
L2LM,2,3,117,7.891,11.915,7.999,0.013,27.818,0
L2LM,2,3,118,8.321,13.516,15.22,0.014,37.071,1
L2LM,2,3,119,8.334,6.678,1.531,0.01,16.553,0
L2LM,2,3,120,8.404,13.668,9.947,0.013,32.032,0
L2LM,2,3,121,8.369,7.077,1.322,0.011,16.779,0
L2LM,2,3,122,15.36,6.898,11.715,0.013,33.985,1
L2LM,2,3,123,14.234,6.673,1.018,0.011,21.936,0
L2LM,2,3,124,10.085,7.109,9.644,0.013,26.851,0
L2LM,2,3,125,10.967,8.416,2.346,0.014,21.743,0
L2LM,2,3,126,10.801,13.462,12.816,0.012,37.09,1
L2LM,2,3,127,10.542,9.377,6.96,0.012,26.891,0
L2LM,2,3,128,8.353,14.23,4.46,0.011,27.055,0
L2LM,2,3,129,8.394,6.967,3.646,0.011,19.018,0
L2LM,2,3,130,10.901,6.936,1.821,0.012,19.67,0
L2LM,2,3,131,13.436,12.346,1.545,0.014,27.339,0
L2LM,2,3,132,10.616,9.768,1.197,0.011,21.592,0
L2LM,2,3,133,11.825,6.853,1.149,0.01,19.837,0
L2LM,2,3,134,11.173,6.71,5.234,0.014,23.131,0
L2LM,2,3,135,16.215,6.668,24.23,0.015,47.129,1
L2LM,2,3,136,7.966,10.626,1.155,0.01,19.757,0
L2LM,2,3,137,9.233,7.008,7.495,0.012,23.748,0
L2LM,2,3,138,12.876,7.718,1.578,0.01,22.182,0
L2LM,2,3,139,11.134,11.315,4.675,0.011,27.135,0
L2LM,2,3,140,11.751,10.928,12.524,0.011,35.215,1
L2LM,2,3,141,7.547,10.894,1.257,0.011,19.708,0
L2LM,2,3,142,8.409,14.404,5.056,0.012,27.882,0
L2LM,2,3,143,11.355,6.683,7.596,0.012,25.646,0
L2LM,2,3,144,8.464,8.453,1.94,0.01,18.867,0
L2LM,2,3,145,16.666,15.202,2.311,0.011,34.19,1
L2LM,2,3,146,13.439,7.461,12.98,0.012,33.892,1
L2LM,2,3,147,15.725,16.394,5.962,0.013,38.094,1
L2LM,2,3,148,13.031,6.73,16.052,0.017,35.83,1
L2LM,2,3,149,11.656,16.494,8.882,0.013,37.044,1
L2LM,2,3,150,12.634,7.743,6.182,0.012,26.571,0
L2LM,2,3,151,7.362,10.954,5.142,0.012,23.469,0
L2LM,2,3,152,8.504,6.752,5.106,0.013,20.375,0
L2LM,2,3,153,18.581,10.087,6.015,0.016,34.698,1
L2LM,2,3,154,15.489,14.497,2.982,0.011,32.979,0
L2LM,2,3,155,16.791,6.827,1.17,0.012,24.799,0
L2LM,2,3,156,6.365,10.665,4.317,0.01,21.357,0
L2LM,2,3,157,16.672,7.309,4.918,0.011,28.909,0
L2LM,2,3,158,10.351,6.843,2.431,0.011,19.636,0
L2LM,2,3,159,8.338,10.671,1.451,0.011,20.471,0
L2LM,2,3,160,12.342,6.652,1.361,0.01,20.365,0
L2LM,2,3,161,10.407,7.02,9.218,0.011,26.655,0
L2LM,2,3,162,9.259,12.27,4.13,0.012,25.67,0
L2LM,2,3,163,10.487,7.519,8.497,0.011,26.513,0
L2LM,2,3,164,8.32,12.811,5.487,0.011,26.629,0
L2LM,2,3,165,17.388,9.051,2.385,0.012,28.836,0
L2LM,2,3,166,17.491,7.337,8.215,0.016,33.059,0
L2LM,2,3,167,17.196,7.546,4.147,0.014,28.903,0
L2LM,2,3,168,19.413,7.55,1.583,0.019,28.564,0
L2LM,2,3,169,16.159,8.058,11.8,0.015,36.032,1
L2LM,2,3,170,15.912,11.193,1.784,0.017,28.905,0
L2LM,2,3,171,15.168,7.66,9.632,0.014,32.475,0
L2LM,2,3,172,13.274,11.462,5.369,0.015,30.12,0
L2LM,2,3,173,15.189,11.409,1.334,0.011,27.944,0
L2LM,2,3,174,13.923,13.499,4.507,0.015,31.943,0
L2LM,2,3,175,17.291,7.077,2.905,0.013,27.287,0
L2LM,2,3,176,17.991,7.202,6.098,0.027,31.317,0
L2LM,2,3,177,15.264,6.857,2.211,0.013,24.345,0
L2LM,2,3,178,18.633,9.988,4.687,0.015,33.323,0
L2LM,2,3,179,15.661,8.638,11.485,0.015,35.799,1
L2LM,2,3,180,15.235,7.34,4.892,0.014,27.482,0
L2LM,2,3,181,15.311,6.908,5.217,0.013,27.448,0
L2LM,2,3,182,14.309,8.171,4.985,0.013,27.479,0
L2LM,2,3,183,15.392,9.381,11.703,0.014,36.49,1
L2LM,2,3,184,14.438,7.992,4.339,0.014,26.782,0
L2LM,2,3,185,14.83,13.834,1.955,0.014,30.633,0
L2LM,2,3,186,18.246,6.86,1.399,0.012,26.517,0
L2LM,2,3,187,19.487,7.075,7.736,0.016,34.314,1
L2LM,2,3,188,14.126,10.212,7.93,0.014,32.282,0
L2LM,2,3,189,14.2,7.021,1.734,0.014,22.969,0
L2LM,2,3,190,21.55,6.988,1.353,0.013,29.904,0
L2LM,2,3,191,16.546,6.832,1.348,0.012,24.738,0
L2LM,2,3,192,21.243,7.879,1.342,0.012,30.476,0
L2LM,2,3,193,19.267,6.96,7.094,0.015,33.335,1
L2LM,2,3,194,16.865,7.004,1.5,0.013,25.382,0
L2LM,2,3,195,19.783,7.537,4.532,0.014,31.867,0
L2LM,2,3,196,16.293,7.452,5.073,0.014,28.833,0
L2LM,2,3,197,15.239,7.792,2.693,0.014,25.739,0
L2LM,2,3,198,18.15,7.468,8.172,0.014,33.805,1
L2LM,2,3,199,15.245,7.18,1.553,0.014,23.992,0
L2LM,2,3,200,16.391,6.737,6.008,0.015,29.151,0
L2LM,2,3,201,15.217,6.783,4.488,0.015,26.503,0
L2LM,2,3,202,16.304,6.851,10.28,0.015,33.45,1
L2LM,2,3,203,15.3,6.872,9.592,0.014,31.778,0
L2LM,2,3,204,15.185,10.102,2.976,0.017,28.279,0
L2LM,2,3,205,15.238,6.914,4.744,0.016,26.911,0
L2LM,2,3,206,15.386,7.044,2.251,0.016,24.697,0
L2LM,2,3,207,17.42,7.279,4.562,0.013,29.274,0
L2LM,2,3,208,15.382,7.167,1.649,0.013,24.21,0
L2LM,2,3,209,17.246,6.931,2.575,0.014,26.766,0
L2LM,2,3,210,9.621,6.89,4.425,0.012,20.947,0
L2LM,2,3,211,8.605,10.555,1.225,0.01,20.394,0
L2LM,2,3,212,8.448,10.77,4.178,0.011,23.407,0
L2LM,2,3,213,10.543,13.556,8.985,0.016,33.1,0
L2LM,2,3,214,8.657,9.838,1.808,0.011,20.314,0
L2LM,2,3,215,8.497,9.811,2.177,0.012,20.497,0
L2LM,2,3,216,19.159,8.155,1.845,0.014,29.172,0
L2LM,2,3,217,17.438,6.879,4.564,0.015,28.896,0
L2LM,2,3,218,17.176,9.555,9.356,0.023,36.11,1
L2LM,2,3,219,14.421,8.029,7.562,0.016,30.027,0
L2LM,2,3,220,14.765,9.887,6.279,0.013,30.944,0
L2LM,2,3,221,16.177,7.921,6.837,0.015,30.949,0
L2LM,2,3,222,24.704,11.44,2.272,0.015,38.431,1
L2LM,2,3,223,18.666,12.136,4.418,0.015,35.235,1
L2LM,2,3,224,16.521,6.864,4.033,0.064,27.483,0
L2LM,2,3,225,16.927,7.658,5.103,0.014,29.702,0
L2LM,2,3,226,16.25,7.179,1.455,0.019,24.903,0
L2LM,2,3,227,19.983,7.481,1.415,0.013,28.892,0
L2LM,2,3,228,17.684,7.14,3.972,0.015,28.811,0
L2LM,2,3,229,16.817,9.245,5.218,0.013,31.294,0
L2LM,2,3,230,16.638,8.477,3.654,0.015,28.784,0
L2LM,2,3,231,14.903,8.053,7.252,0.016,30.224,0
L2LM,2,3,232,16.503,7.084,7.629,0.014,31.23,0
L2LM,2,3,233,15.365,7.98,3.186,0.015,26.546,0
L2LM,2,3,234,14.089,16.945,7.697,0.015,38.747,1
L2LM,2,3,235,18.312,7.112,2.333,0.018,27.775,0
L2LM,2,3,236,16.264,11.477,7.933,0.014,35.688,1
L2LM,2,3,237,15.685,6.788,3.191,0.015,25.679,0
L2LM,2,3,238,15.629,11.598,1.51,0.017,28.754,0
L2LM,2,3,239,16.196,13.601,1.295,0.013,31.105,0
L2LM,2,3,240,11.489,11.841,1.637,0.012,24.978,0
L2LM,2,3,241,8.606,14.593,13.011,0.013,36.224,1
L2LM,2,3,242,14.254,10.428,13.324,0.012,38.018,1
L2LM,2,3,243,5.659,10.031,13.952,0.014,29.656,0
L2LM,2,3,244,6.496,6.703,14.202,0.013,27.414,0
L2LM,2,3,245,5.624,10.183,1.426,0.01,17.244,0
L2LM,2,3,246,14.342,10.188,2.796,0.013,27.339,0
L2LM,2,3,247,12.511,6.933,4.776,0.011,24.231,0
L2LM,2,3,248,8.415,9.212,2.821,0.012,20.46,0
L2LM,2,3,249,8.525,8.593,1.334,0.012,18.465,0
L2LM,2,3,250,12.341,6.801,3.246,0.01,22.398,0
L2LM,2,3,251,8.636,8.183,9.662,0.013,26.495,0
L2LM,2,3,252,9.479,7.194,5.865,0.011,22.549,0
L2LM,2,3,253,5.631,16.873,2.506,0.014,25.024,0
L2LM,2,3,254,14.03,6.685,2.456,0.014,23.185,0
L2LM,2,3,255,9.309,10.918,6.236,0.011,26.475,0
L2LM,2,3,256,6.91,15.757,8.576,0.01,31.253,0
L2LM,2,3,257,7.145,10.314,6.838,0.011,24.308,0
L2LM,2,3,258,11.44,6.715,2.543,0.013,20.712,0
L2LM,2,3,259,11.493,6.942,1.162,0.01,19.607,0
L2LM,2,3,260,9.26,13.458,4.295,0.011,27.024,0
L2LM,2,3,261,10.008,7.151,3.385,0.011,20.554,0
L2LM,2,3,262,10.569,6.75,4.358,0.013,21.69,0
L2LM,2,3,263,9.215,6.736,6.065,0.01,22.026,0
L2LM,2,3,264,8.455,14.847,1.2,0.01,24.512,0
L2LM,2,3,265,10.711,7.414,1.571,0.01,19.706,0
L2LM,2,3,266,9.852,14.494,8.969,0.013,33.328,0
L2LM,2,3,267,9.43,7.152,5.085,0.013,21.68,0
L2LM,2,3,268,10.861,8.546,1.261,0.011,20.679,0
L2LM,2,3,269,12.126,7.167,10.641,0.012,29.947,0
L2LM,2,3,270,19.652,8.074,8.092,0.012,35.83,1
L2LM,2,3,271,11.493,15.947,1.185,0.011,28.636,0
L2LM,2,3,272,12.414,14.361,8.826,0.014,35.615,1
L2LM,2,3,273,8.85,14.15,1.153,0.013,24.165,0
L2LM,2,3,274,19.835,12.17,8.361,0.014,40.38,1
L2LM,2,3,275,15.583,12.111,1.896,0.015,29.604,0
L2LM,2,3,276,14.736,11.249,2.434,0.015,28.433,0
L2LM,2,3,277,19.229,10.336,2.701,0.014,32.28,0
L2LM,2,3,278,16.259,7.964,8.629,0.015,32.867,0
L2LM,2,3,279,15.685,6.906,4.669,0.016,27.276,0
L2LM,2,3,280,15.614,7.176,12.724,0.018,35.531,1
L2LM,2,3,281,15.662,7.118,3.949,0.016,26.746,0
L2LM,2,3,282,17.236,6.875,3.235,0.013,27.359,0
L2LM,2,3,283,19.318,6.883,1.77,0.014,27.985,0
L2LM,2,3,284,17.66,7.155,14.692,0.02,39.527,1
L2LM,2,3,285,15.216,11.496,4.982,0.015,31.71,0
L2LM,2,3,286,15.181,6.972,8.787,0.015,30.954,0
L2LM,2,3,287,15.221,7.097,4.721,0.014,27.053,0
L2LM,2,3,288,15.26,6.897,5.526,0.014,27.697,0
L2LM,2,3,289,15.258,7.138,4.012,0.013,26.421,0
L2LM,2,3,290,17.218,7.699,3.115,0.016,28.048,0
L2LM,2,3,291,17.495,7.104,2.678,0.015,27.292,0
L2LM,2,3,292,15.43,11.005,5.04,0.014,31.489,0
L2LM,2,3,293,19.272,7.088,5.283,0.014,31.657,0
L2LM,2,3,294,16.686,6.923,10.438,0.013,34.061,1
L2LM,2,3,295,18.493,7.012,1.302,0.018,26.824,0
L2LM,2,3,296,15.244,7.329,9.709,0.015,32.297,0
L2LM,2,3,297,14.236,10.678,5.094,0.015,30.024,0
L2LM,2,3,298,15.362,8.516,8.405,0.016,32.298,0
L2LM,2,3,299,15.38,7.166,7.53,0.014,30.089,0
L2LM,2,3,300,15.273,11.156,1.423,0.013,27.866,0
L2LM,2,3,301,15.346,8.219,9.483,0.015,33.063,0
L2LM,2,3,302,15.313,7.581,5.316,0.015,28.225,0
L2LM,2,3,303,15.16,7.342,21.005,0.012,43.519,1
L2LM,2,3,304,11.495,8.12,3.661,0.01,23.286,0
L2LM,2,3,305,10.944,15.339,1.358,0.01,27.651,0
L2LM,2,3,306,12.386,13.827,1.797,0.012,28.022,0
L2LM,2,3,307,5.972,14.455,9.734,0.014,30.176,0
L2LM,2,3,308,7.957,16.486,3.608,0.012,28.063,0
L2LM,2,3,309,11.796,10.221,3.27,2.874,28.16,0
L2LM,2,3,310,12.536,13.565,3.172,0.01,29.283,0
L2LM,2,3,311,11.532,10.279,1.392,0.012,23.216,0
L2LM,2,3,312,9.577,11.947,14.536,0.013,36.073,1
L2LM,2,3,313,11.257,6.756,9.853,0.011,27.877,0
L2LM,2,3,314,10.446,6.838,2.407,0.012,19.703,0
L2LM,2,3,315,18.224,7.166,8.388,0.011,33.789,1
L2LM,2,3,316,11.857,6.754,13.91,0.013,32.534,0
L2LM,2,3,317,13.317,8.562,1.353,0.01,23.243,0
L2LM,2,3,318,8.534,9.744,2.528,0.012,20.818,0
L2LM,2,3,319,12.472,13.99,6.474,0.012,32.947,0
L2LM,2,3,320,17.77,10.63,4.61,0.013,33.023,0
L2LM,2,3,321,25.166,6.796,1.43,0.012,33.403,1
L2LM,2,3,322,5.459,8.463,8.622,0.011,22.555,0
L2LM,2,3,323,8.439,6.906,2.144,0.011,17.5,0
L2LM,2,3,324,9.802,10.024,1.375,0.01,21.211,0
L2LM,2,3,325,8.454,11.205,2.087,0.012,21.757,0
L2LM,2,3,326,10.208,8.594,1.535,0.01,20.347,0
L2LM,2,3,327,13.478,8.617,1.452,0.01,23.558,0
L2LM,2,3,328,8.512,10.334,1.388,0.01,20.244,0
L2LM,2,3,329,11.644,7.522,4.802,0.011,23.98,0
L2LM,2,3,330,12.038,8.821,2.92,0.011,23.79,0
L2LM,2,3,331,12.575,6.912,8.359,0.012,27.859,0
L2LM,2,3,332,20.646,19.222,11.371,0.016,51.254,1
L2LM,2,3,333,9.876,20.782,1.56,0.014,32.232,0
L2LM,2,3,334,15.832,10.502,2.837,0.017,29.188,0
L2LM,2,3,335,12.645,8.465,1.348,0.013,22.472,0
L2LM,2,3,336,14.817,7.515,3.204,0.012,25.548,0
L2LM,2,3,337,17.969,9.834,1.279,0.012,29.095,0
L2LM,2,3,338,10.613,12.05,9.605,0.015,32.283,0
L2LM,2,3,339,9.933,6.866,9.745,0.014,26.558,0
L2LM,2,3,340,8.841,14.664,1.378,0.013,24.896,0
L2LM,2,3,341,13.014,8.819,7.228,0.013,29.074,0
L2LM,2,3,342,8.268,15.51,2.963,0.013,26.754,0
L2LM,2,3,343,7.29,20.699,10.667,0.012,38.668,1
L2LM,2,3,344,12.57,13.925,17.983,0.017,44.495,1
L2LM,2,3,345,11.641,14.933,4.939,0.012,31.524,0
L2LM,2,3,346,13.55,10.863,8.672,0.012,33.097,0
L2LM,2,3,347,9.537,17.74,2.268,0.012,29.558,0
L2LM,2,3,348,9.005,18.694,5.739,0.014,33.453,1
L2LM,2,3,349,18.557,7.409,6.125,0.013,32.104,0
L2LM,2,3,350,12.613,7.008,1.755,0.013,21.387,0
L2LM,2,3,351,11.916,10.296,10.201,0.014,32.426,0
L2LM,2,3,352,6.551,7.039,11.628,0.014,25.232,0
L2LM,2,3,353,10.027,7.172,5.692,0.016,22.907,0
L2LM,2,3,354,12.582,6.943,1.369,0.011,20.906,0
L2LM,2,3,355,12.002,10.742,4.063,0.011,26.817,0
L2LM,2,3,356,11.509,9.582,6.692,0.015,27.798,0
L2LM,2,3,357,9.165,13.249,1.193,0.013,23.62,0
L2LM,2,3,358,10.871,9.366,6.881,0.013,27.131,0
L2LM,2,3,359,9.636,6.713,19.455,0.014,35.817,1
L2LM,2,3,360,8.485,7.124,1.835,0.012,17.456,0
L2LM,2,3,361,12.551,6.81,4.668,0.012,24.041,0
L2LM,2,3,362,12.482,6.795,15.223,0.011,34.512,1
L2LM,2,3,363,8.505,6.816,3.635,0.012,18.968,0
L2LM,2,3,364,10.453,10.987,1.026,0.013,22.479,0
L2LM,2,3,365,6.479,11.675,5.559,0.012,23.724,0
L2LM,2,3,366,6.836,12.607,8.272,0.011,27.725,0
L2LM,2,3,367,12.421,6.724,4.846,0.01,24.002,0
L2LM,2,3,368,12.474,6.862,3.721,0.011,23.068,0
L2LM,2,3,369,14.1,6.727,1.013,0.01,21.851,0
L2LM,2,3,370,10.413,14.282,1.396,0.011,26.102,0
L2LM,2,3,371,8.471,7.737,1.077,0.009,17.294,0
L2LM,2,3,372,8.444,7.042,6.069,0.012,21.567,0
L2LM,2,3,373,12.496,7.032,3.929,0.012,23.469,0
L2LM,2,3,374,12.418,7.137,3.957,0.014,23.525,0
L2LM,2,3,375,9.943,7.139,1.304,0.012,18.398,0
L2LM,2,3,376,20.722,6.922,1.428,0.017,29.09,0
L2LM,2,3,377,19.086,6.967,2.752,0.016,28.821,0
L2LM,2,3,378,18.417,6.822,4.567,0.015,29.821,0
L2LM,2,3,379,18.724,6.85,4.837,0.015,30.426,0
L2LM,2,3,380,19.61,6.862,5.041,0.015,31.528,0
L2LM,2,3,381,20.238,6.924,1.317,0.013,28.493,0
L2LM,2,3,382,13.182,10.278,6.922,0.014,30.396,0
L2LM,2,3,383,16.881,6.9,3.147,0.015,26.943,0
L2LM,2,3,384,18.729,8.066,10.237,0.017,37.048,1
L2LM,2,3,385,21.257,9.171,2.423,0.015,32.866,0
L2LM,2,3,386,17.551,7.576,5.449,0.018,30.593,0
L2LM,2,3,387,15.077,7.68,9.082,0.015,31.854,0
L2LM,2,3,388,15.811,11.256,10.676,0.015,37.758,1
L2LM,2,3,389,14.729,7.007,1.202,0.014,22.952,0
L2LM,2,3,390,18.711,10.58,1.135,0.014,30.44,0
L2LM,2,3,391,14.66,11.225,1.721,0.015,27.621,0
L2LM,2,3,392,14.542,10.638,3.768,0.02,28.968,0
L2LM,2,3,393,16.173,7.345,4.591,0.042,28.151,0
L2LM,2,3,394,10.829,7.877,10.932,0.019,29.658,0
L2LM,2,3,395,17.513,7.175,1.474,0.014,26.176,0
L2LM,2,3,396,16.249,6.964,16.229,0.017,39.458,1
L2LM,2,3,397,10.899,8.367,13.709,0.016,32.992,0
L2LM,2,3,398,10.366,22.147,1.139,0.015,33.667,1
L2LM,2,3,399,12.824,11.024,4.905,0.016,28.769,0
L2LM,2,3,400,8.247,8.775,19.353,0.016,36.389,1
L2LM,2,3,401,10.484,10.301,11.016,0.015,31.816,0
L2LM,2,3,402,12.457,7.185,3.965,0.013,23.621,0
L2LM,2,3,403,12.812,9.825,10.359,0.019,33.015,0
L2LM,2,3,404,16.058,14.559,4.262,0.019,34.898,1
L2LM,2,3,405,17.38,7.684,9.433,0.024,34.522,1
L2LM,2,3,406,18.481,7.736,1.409,0.018,27.644,0
L2LM,2,3,407,14.327,18.298,8.384,0.018,41.027,1
L2LM,2,3,408,28.715,6.882,4.66,0.017,40.275,1
L2LM,2,3,409,14.557,7.381,3.281,0.019,25.239,0
L2LM,2,3,410,14.048,11.243,1.021,0.021,26.332,0
L2LM,2,3,411,16.306,6.885,5.893,0.021,29.105,0
L2LM,2,3,412,13.978,10.3,1.188,0.018,25.484,0
L2LM,2,3,413,17.826,7.12,5.758,0.02,30.724,0
L2LM,2,3,414,15.93,7.748,4.69,0.021,28.389,0
L2LM,2,3,415,16.145,7.033,2.918,0.018,26.114,0
L2LM,2,3,416,18.055,7.176,4.893,0.017,30.141,0
L2LM,2,3,417,15.738,11.532,10.908,0.021,38.199,1
L2LM,2,3,418,20.145,7.733,4.446,0.023,32.346,0
L2LM,2,3,419,17.438,8.134,8.333,0.028,33.933,1
L2LM,2,3,420,15.1,7.514,1.005,0.02,23.638,0
L2LM,2,3,421,16.166,6.916,0.825,0.02,23.927,0
L2LM,2,3,422,15.131,13.492,17.986,0.024,46.633,1
L2LM,2,3,423,14.326,7.545,2.772,0.022,24.664,0
L2LM,2,3,424,17.577,8.65,4.502,0.019,30.748,0
L2LM,2,3,425,19.188,6.842,16.835,0.019,42.884,1
L2LM,2,3,426,31.014,7.93,7.638,0.02,46.602,1
L2LM,2,3,427,17.279,7.169,10.534,0.024,35.005,1
L2LM,2,3,428,13.534,6.915,2.848,0.016,23.313,0
L2LM,2,3,429,21.243,10.034,9.781,0.017,41.075,1
L2LM,2,3,430,23.069,12.841,8.659,0.018,44.587,1
L2LM,2,3,432,23.543,6.998,4.057,0.015,34.614,1
L2LM,2,3,433,18.433,7.367,3.025,0.032,28.857,0
L2LM,2,3,434,13.853,10.543,1.929,0.019,26.344,0
L2LM,2,3,435,17.854,9.813,5.949,0.024,33.64,1
L2LM,2,3,436,17.786,8.438,2.211,0.021,28.455,0
L2LM,2,3,437,21.233,8.233,16.045,0.023,45.534,1
L2LM,2,3,438,18.34,10.846,6.814,0.017,36.018,1
L2LM,2,3,439,17.963,7.326,1.449,0.016,26.755,0
L2LM,2,3,440,15.071,6.929,2.437,0.016,24.453,0
L2LM,2,3,441,18.229,8.292,6.28,0.016,32.818,0
L2LM,2,3,442,17.278,10.402,6.094,0.019,33.793,1
L2LM,2,3,443,19.119,7.503,2.229,0.014,28.865,0
L2LM,2,3,444,14.99,19.281,5.825,0.021,40.117,1
L2LM,2,3,445,18.064,6.971,9.217,0.018,34.27,1
L2LM,2,3,446,16.26,7.566,8.605,0.015,32.446,0
L2LM,2,3,447,17.316,6.852,6.269,0.017,30.455,0
L2LM,2,3,448,15.998,6.839,9.813,0.025,32.676,0
L2LM,2,3,449,16.113,12.456,5.478,0.017,34.064,1
L2LM,2,3,450,16.123,8.607,8.74,0.017,33.486,1
L2LM,2,3,451,14.487,12.07,7.564,0.016,34.137,1
L2LM,2,3,452,17.007,9.384,9.092,0.019,35.501,1
L2LM,2,3,453,16.256,8.616,11.606,0.018,36.496,1
L2LM,2,3,454,14.73,10.359,25.463,0.02,50.573,1
L2LM,2,3,455,14.565,7.126,13.347,0.024,35.063,1
L2LM,2,3,456,13.913,11.982,13.799,0.019,39.712,1
L2LM,2,3,458,15.926,7.108,4.805,0.019,27.858,0
L2LM,2,3,459,15.89,7.102,2.761,0.018,25.77,0
L2LM,2,3,460,15.088,11.33,5.773,0.017,32.208,0
L2LM,2,3,461,16.078,7.217,10.48,0.018,33.794,1
L2LM,2,3,462,17.921,6.894,2.473,0.018,27.305,0
L2LM,2,3,463,16.118,14.355,5.66,0.017,36.15,1
L2LM,2,3,464,18.871,13.59,10.24,0.017,42.718,1
L2LM,2,3,465,18.09,11.751,5.835,0.028,35.704,1
L2LM,2,3,466,20.031,7.11,3.286,0.017,30.445,0
L2LM,2,3,467,16.254,7.102,5.949,0.016,29.321,0
L2LM,2,3,468,15.962,7.195,3.512,0.015,26.684,0
